t,q0,q1,q2,q3,q4,q5,dq0,dq1,dq2,dq3,dq4,dq5,ddq0,ddq1,ddq2,ddq3,ddq4,ddq5,tau1,tau2,tau3,tau4,tau5,tau6
0,0.47953611163988941,-1.3555298894202663,2.5071591010390955,-1.0820372450326281,-1.8037469412388742,0.44980395258678957,0.66677511112327581,0.19442692243085818,-0.15026078659840966,0.23838665754749064,0.47971551740266899,0.52848664286529079,0.28558933704450579,0.66770809053963309,-2.6140958439177737,-3.0002058432387648,3.2325316399372923,-0.24704748358927905,-1.3012659227364864,-27.429810956824269,-18.625203768138597,-0.56283686420605317,0.11384523575359624,0.081408914060981011
0.01,0.48621757681967043,-1.3535515358158672,2.5055267118985758,-1.079803603499452,-1.7987881425685643,0.45507618850774406,0.66946114320912342,0.2013135139208489,-0.17612380161098729,0.20832126517938773,0.51204473317249133,0.52593291906900419,0.25152088364000508,0.70953653747744561,-2.5581528189674638,-3.0124360443169538,3.2328412610211532,-0.26362054614630254,-1.2975125310870963,-27.402802031713783,-18.479057819856486,-0.54205112886721296,0.11142373932373641,0.080618990463346696
0.02,0.49292418940875565,-1.3515022324498938,2.503638524963093,-1.0778711837079524,-1.7935060833536649,0.46032206628278094,0.67180365719870561,0.20861609633067427,-0.20141684830792064,0.17814668163644409,0.54436291016072791,0.5232157953894625,0.21689096697765878,0.75089794126627807,-2.5001114554229056,-3.0220428288514514,3.2303212289819032,-0.27972459361557189,-1.2928216937764785,-27.389885640677818,-18.335581285826333,-0.52251920847358058,0.10908053722454591,0.079809708908219604
0.029999999999999999,0.49965248667989587,-1.349377843597102,2.5015003438975332,-1.07624094628363,-1.7879010157193866,0.46553997564808286,0.67379719671629112,0.21632974984525169,-0.226119224634628,0.1478891747584424,0.57664167648831255,0.52034004701463432,0.18173131545696333,0.79174248821824278,-2.4400283270768721,-3.0290198428644128,3.2249569041668398,-0.29534271537755291,-1.2873130822846635,-27.390887171174871,-18.194501865122909,-0.50421630645333859,0.10681379347827533,0.078984490450003358
0.040000000000000001,0.50639895293606974,-1.3471742852145721,2.4991181765281008,-1.0749135888940071,-1.781973476198627,0.4707283549274856,0.67543662492607182,0.22444905848682137,-0.25021080341356317,0.11757506448626098,0.60885252681503776,0.51731061530335087,0.1460741031542894,0.83202076780203604,-2.3779618268372671,-3.0333630212401714,3.216736237715998,-0.31045859099589579,-1.2811080523813585,-27.405623470343606,-18.055539541469017,-0.48711573269963698,0.10462169958642586,0.078146830827738087
0.050000000000000003,0.51316002272761607,-1.3448875298823464,2.4964982290034721,-1.0738895458421662,-1.7757242869366805,0.47588569266436631,0.67671712882312041,0.23296811439537987,-0.27367205027143066,0.087230699942925108,0.64096684835493167,0.51413260179101816,0.10995191660701806,0.8716838223529062,-2.3139721136671842,-3.0350705934460955,3.2056497926492473,-0.325056508603498,-1.2743299450979855,-27.433903340199496,-17.918407500431087,-0.47118883670771866,0.10250246979196369,0.077300298582862068
0.059999999999999998,0.51993208411060599,-1.3425136116987859,2.4936468997793546,-1.0731689878897241,-1.7691545566347811,0.48101052919268439,0.67763422319063393,0.24188052260422563,-0.29648404102770065,0.056882436467799592,0.67295594709037843,0.51081126201465687,0.073397721292124157,0.91068319637702577,-2.2481210579128867,-3.0341430871822972,3.191690762523784,-0.33912138264765962,-1.2671043329951508,-27.475528070315864,-17.782813072302059,-0.45640494839861395,0.10045433577877147,0.076448532623994994
0.070000000000000007,0.52671148194311124,-1.3400486311257125,2.4905707734319207,-1.0727518223096175,-1.7622656812306106,0.48610145814539374,0.67818375422058097,0.25117940630632019,-0.31862847852855036,0.026556612624665014,0.70479107416056641,0.50735199916377516,0.036444827834106928,0.94897098540231217,-2.1804721850697892,-3.0305833299542599,3.1748549876383643,-0.35263877097504076,-1.2595592055276075,-27.530292016588138,-17.648458699572039,-0.44273132899062573,0.098475540970464154,0.075595239149534518
0.080000000000000002,0.53349452121598095,-1.3374887597784531,2.4872766143057388,-1.0726376931688479,-1.7550593443141562,0.49115712789852101,0.67836190279521913,0.26085741260669126,-0.34008770891087076,-0.0037204727955291801,0.73644345239962294,0.50376035756377147,-0.00087314202265247347,0.98649988432815883,-2.1110906180379989,-3.0243964485644241,3.1551409687629248,-0.36559489123779743,-1.2518250882623121,-27.597983233261353,-17.5150429275118,-0.43013313415502974,0.096564334585402561,0.074744187842941817
0.089999999999999997,0.54027747041473284,-1.3348302451559499,2.4837713600019784,-1.0728259818411408,-1.7475375172775385,0.49617624294926971,0.67816518742730691,0.2709067187556316,-0.36084473728149563,-0.033922583756412897,0.76788430299958965,0.50004201599874432,-0.038522289641871377,1.0232232352270179,-2.0400430179203779,-3.0155898665206831,3.1325498783746095,-0.37797663660296782,-1.2440350916652367,-27.67838416390099,-17.382261415999722,-0.41857339154399553,0.094718965598710125,0.073899207260993402
0.10000000000000001,0.54705656490912857,-1.3320694153061627,2.4800621147128017,-1.0733158077492575,-1.7397024591976913,0.50115756522657862,0.67759046685718116,0.28131903885697984,-0.38088324279734959,-0.064023569921611914,0.79908487227322422,0.49620278088076453,-0.076468473888331473,1.0590950745512919,-1.9673975234174439,-3.0041732993617178,3.1070855693835506,-0.38977159074787771,-1.2363248861316085,-27.7712723954238,-17.249807970313398,-0.40801299460743706,0.092937676755362478,0.073064179342052671
0.11,0.55382801036700058,-1.3292026834220332,2.4761561424080143,-1.0741060293364924,-1.7315567164510191,0.5060999153326351,0.67663494230522525,0.29208563104530266,-0.40018759313276214,-0.093997389543009485,0.83001645849144379,0.49224857927283278,-0.11467734565040194,1.0940701796995613,-1.8932236888747584,-2.9901587479010217,3.0787545813341737,-0.4009680421250722,-1.2288326008848658,-27.876421477694389,-17.117375588184366,-0.39841071442202775,0.091218698770954662,0.072243032969585702
0.12,0.5605879861888744,-1.3262265523633634,2.4720608598801537,-1.0751952452666815,-1.7231031220594117,0.51100217371391721,0.6752961593786162,0.30319730512534893,-0.41874285832075175,-0.12381813227105574,0.86065043877011194,0.48818545177290551,-0.15311438245664716,1.1281041148967759,-1.8175924210396714,-2.9735604893934204,3.0475661440701671,-0.41155499748101354,-1.2216986453051577,-27.993601809553045,-16.984657519987412,-0.38972323104141293,0.089560244848601922,0.071439736535728854
0.13,0.56733264895992686,-1.323137619100017,2.4677838296543531,-1.0765817958518356,-1.7143447947672512,0.51586328176041274,0.67357200963157804,0.31464443066668751,-0.43653482395566889,-0.15346004186637913,0.89095829598075105,0.48401954526652702,-0.19174492315103858,1.1611532763437005,-1.7405759145855433,-2.9543950666298664,3.0135321788536937,-0.42152219461355245,-1.2150654521622166,-28.122581590484572,-16.851348338503279,-0.38190518564226023,0.087960505631442823,0.070658289460683074
0.14000000000000001,0.57405813591581245,-1.3199325790719296,2.4633327527694231,-1.0782637647063129,-1.705285137849297,0.52068224283173958,0.67146073177874299,0.32641694554600281,-0.45355000374516224,-0.18289753879201659,0.92091164565969041,0.47975710555575518,-0.23053420259131918,1.1931749365915949,-1.6622475864626758,-2.9326812749681901,2.976667296931844,-0.43086011435395027,-1.2090771431138494,-28.263127835487573,-16.717145014266748,-0.37490925448813656,0.086417644700417628,0.069902712636027348
0.14999999999999999,0.58076056841888846,-1.3166082304614903,2.4587154614367095,-1.0802389806262287,-1.6959278376495954,0.52545812320896901,0.66896091256155632,0.33850436492908259,-0.46977565140004185,-0.21210524266567282,0.95048226289009063,0.47540446987219737,-0.26944738633513676,1.2241272880988505,-1.5826820091362979,-2.9084401473094532,2.9369887955457714,-0.43955999176002786,-1.20387911768458,-28.415007449069591,-16.581747992092204,-0.36868624546340351,0.08492979471622375,0.069177037773625022
0.16,0.58743605544137112,-1.31316147837394,2.4539399115834164,-1.0825050196926025,-1.6862768618518083,0.53019005297103383,0.666071487268031,0.35089579068410426,-0.48519977185120877,-0.24105799455151694,0.97964210913127048,0.47096805928211488,-0.30844960527866361,1.2539694859270842,-1.5019548427729923,-2.8816949370314875,2.8945166513804041,-0.44761382650781456,-1.1996175677538115,-28.577988352694966,-16.444862263963639,-0.3631852176444354,0.083495054292559434,0.068485295656538631
0.17000000000000001,0.59408069705195699,-1.3095893389215181,2.4490141752871573,-1.0850592075965388,-1.6763364574816224,0.53487722679468075,0.66279173990649864,0.36357992121740501,-0.49981113178345432,-0.26973087907115567,1.0083633589697243,0.4664543709916657,-0.34750599021254891,1.2826616895350185,-1.4201427664379263,-2.8524710988930968,2.849273511455062,-0.45501439246989817,-1.1964389203546928,-28.751840658464594,-16.306198433093741,-0.35835362407763166,0.08211148567487081,0.067831503304135413
0.17999999999999999,0.60069058790245744,-1.3058889432071741,2.4439464331086356,-1.0878986221845255,-1.6661111486421434,0.53951890467700991,0.65912130303436078,0.37654506172251073,-0.51359926947654766,-0.29809924631356655,1.0366184267662704,0.46186997056047757,-0.38658170626023752,1.3101651036293309,-1.3373234083661616,-2.8207962679243441,2.8012846814578083,-0.46175524646950078,-1.1944892123090105,-28.936337880323769,-16.16547376359938,-0.35413747762490677,0.080777113284694391,0.067219650080176233
0.19,0.60726182071100077,-1.3020575412037663,2.4387449663294039,-1.091020096221744,-1.6556057339834467,0.54411441257972704,0.65506015724319,0.38977913483278931,-0.52655450394467274,-0.32613873352393419,1.0643799931737752,0.45722148403184404,-0.42564198716388291,1.3364420180325638,-1.2535752753722098,-2.7867002363202147,2.7505781115287604,-0.46783073620015642,-1.1939134008965981,-29.131258172693919,-16.022413209922057,-0.35048153942108162,0.07948992317439102,0.066653682789943866
0.20000000000000001,0.61379048973837402,-1.2980925055247552,2.433418149101783,-1.0944202203710809,-1.6448252839077013,0.5486631429943144,0.65060863030187777,0.40326969166770871,-0.53866794336592339,-0.35382528655152112,1.0916210314999915,0.45251558998793495,-0.46465216938333348,1.3614558465291295,-1.1689776814627686,-2.7502149283568573,2.6971843795001087,-0.473236007301718,-1.194854615376411,-29.336385585119146,-15.876750419841693,-0.34732952916598092,0.07824786342046873,0.066137489830141394
0.20999999999999999,0.62027269425409326,-1.2939913350825105,2.4279744405180566,-1.09809534638533,-1.6337751375115495,0.55316455542741572,0.64576739595986987,0.41700392326228297,-0.54993149279421571,-0.38113518103689825,1.1183148338901172,0.44775901153849956,-0.50357772597394479,1.38517116465141,-1.0836106757183497,-2.7113743733514499,2.6411366716029878,-0.4779670095842849,-1.1974533547380657,-29.551511320327396,-15.728228704704335,-0.3446243561512774,0.077048845465944177,0.065674884473130316
0.22,0.62670454198881964,-1.2897516586304516,2.4224223766061743,-1.1020415905098813,-1.6224608992676639,0.55761817680581005,0.64053747241287096,0.43096867236892866,-0.56033786114663631,-0.40804504331909069,1.144435037303815,0.44295850825162342,-0.54238430020928563,1.4075537463689891,-0.99755496951016009,-2.6702146766886026,2.5824707606538349,-0.4820205023925227,-1.2018466375657091,-29.776434982039149,-15.576601970310339,-0.34230836960116717,0.07589074640328683,0.06526958738479742
0.23000000000000001,0.63308215256975298,-1.2853712381853546,2.4167705622592242,-1.1062548370930037,-1.6108884354476691,0.56202360180044009,0.63492022043373864,0.44515044562057715,-0.569880567459915,-0.43453187104341795,1.1699556492615459,0.43812086803516831,-0.5810377389151492,1.4285705996450802,-0.91089186311924608,-2.6267739889380297,2.5212249817352785,-0.4853940591037223,-1.2081671103389795,-30.01096579793451,-15.421635601801691,-0.34032362659141013,0.074771412169669371,0.064925208492648295
0.23999999999999999,0.63940166093567496,-1.2808479723262693,2.4110276631060197,-1.1107307424006283,-1.5990638702888573,0.56638049306904403,0.62891734117161779,0.45953542604354231,-0.57855394641038116,-0.46057305345108002,1.1948510733352649,0.43325289897758734,-0.619504125481664,1.4481900008253223,-0.82370317182543573,-2.5810924730900422,2.4574402053890472,-0.48808607075384319,-1.2165421208786449,-30.254923802420606,-15.263107295846652,-0.33861217550657552,0.073688661605653238,0.06464522833731727
0.25,0.64565922072833692,-1.2761798993666091,2.4052023973301937,-1.1154647386323588,-1.5869935819073766,0.5706885814170285,0.62253087362270154,0.47410948590829649,-0.5863531530924434,-0.48614639133180543,1.219096134358681,0.4283614211568581,-0.65774981252070719,1.4663815278252226,-0.73607115153413982,-2.5332122699371791,2.3911598083407881,-0.49009574878667944,-1.2270927639675586,-30.508140963243097,-15.100807833457392,-0.33711635270550444,0.07264029130742454,0.064432979056246953
0.26000000000000001,0.65185100765693105,-1.2713652003960909,2.3993035274452286,-1.1204520381352472,-1.574684197960825,0.57494766587630985,0.61576319177632588,0.48885819990597912,-0.59327416705130864,-0.51123011662116791,1.2426661033325237,0.42345325842632975,-0.69574145413627642,1.4831160920836781,-0.64807842400946725,-2.4831774616320739,2.3224296417790962,-0.49142312692218937,-1.2399329064421174,-30.770462235570228,-14.934541786894318,-0.3357790897940357,0.071624081181592858,0.064291625162519739
0.27000000000000002,0.65797322283241355,-1.2664022021893375,2.3933398520329083,-1.1256876378116898,-1.5621425910634137,0.57915761370193308,0.60861700144042929,0.50376685863813786,-0.59931379556635389,-0.53580291162449745,1.2655367220004647,0.41853523018629962,-0.73344603777594475,1.4983659692511997,-0.55980790178250561,-2.4310340334533795,2.2512979972134279,-0.49206906214094148,-1.2551681992580277,-31.041746526954995,-14.764128154315067,-0.33454422865664635,0.070637800590809596,0.064224144294412935
0.28000000000000003,0.66402209606849782,-1.2612893799780669,2.387320197452691,-1.1311663237176233,-1.5493758739571226,0.58331836028637329,0.6010953367507218,0.51882048240690137,-0.60446967618224234,-0.55984392784962878,1.2876842270716307,0.41361414315017658,-0.77083091563204353,1.5121048285826724,-0.47134271280389195,-2.3768298338132618,2.1778155699379331,-0.4920352347825368,-1.2728950841893432,-31.321867556565689,-14.589400916120173,-0.33335684117924613,0.0696792149585648,0.064233308121920532
0.28999999999999998,0.66999388914617941,-1.2560253600839322,2.3812534095295446,-1.136882675847017,-1.5363913944424936,0.5874299089915076,0.59320155636822514,0.53400383529247952,-0.60874027848557632,-0.5833328044310786,1.3090853740659032,0.40869678311409569,-0.80786383556174968,1.5243077610057274,-0.38276612491005563,-2.3206145325416774,2.1020354201305778,-0.49132414775678673,-1.2931998029258853,-31.610714592270945,-14.410209507332949,-0.33216355040820522,0.068746092683001303,0.064321663604967064
0.29999999999999999,0.67588489903869498,-1.2506089224092078,2.3751483452277924,-1.1428310730984943,-1.5231967300729579,0.59149233089833952,0.58493933937013998,0.54930143950461097,-0.61212490512557194,-0.6062496861286033,1.3297174607585192,0.40378990673885723,-0.84451297149583204,1.5349513058370781,-0.29416147017266597,-2.2624395774842685,2.0240129316192474,-0.48993912486733904,-1.316157416395394,-31.90819304958486,-14.226419200830382,-0.33091284973999963,0.067836212193069276,0.064491514804104866
0.31,0.68169146109388035,-1.245039002782645,2.3690138643185388,-1.1490056984197428,-1.5097996826168139,0.59550576447463877,0.5763126808393102,0.56469758999430231,-0.61462369207793188,-0.62857524088346051,1.3495583502008039,0.39890023335306796,-0.88074695330640695,1.5440134761204642,-0.20561206920094344,-2.2023581494523219,1.9438057683488041,-0.4878843082483667,-1.3418308421584515,-32.214224937123021,-14.037911396813243,-0.32955541662520438,0.066947368966398524,0.064744905447933751
0.32000000000000001,0.68740995217094147,-1.239314695157969,2.3628588210482371,-1.1554005441252051,-1.4962082722912171,0.59947041516075694,0.56732588715783194,0.58017636931195127,-0.61623760815179729,-0.65029067691610154,1.3685864932942342,0.39403443678634109,-0.91653489610469341,1.5514737825611877,-0.11720115546650486,-2.1404251155648217,1.8614738285853134,-0.48516465491584854,-1.3702699177121866,-32.528749134094205,-13.844583814566322,-0.32804441720346605,0.066077382317553196,0.065083602462148518
0.33000000000000002,0.69303679372870075,-1.2334352536626205,2.3566920558159725,-1.1620094173823898,-1.4824307317727512,0.60338655487396198,0.55798357101065699,0.595721662697698,-0.61696845374035314,-0.6713777593494118,1.3867809508953848,0.3891991372414027,-0.95184642894040139,1.5573132560335508,-0.029011799720416145,-2.0766969810241478,1.7770791968959048,-0.48178593243588924,-1.4015104974983454,-32.851721486458153,-13.646350583309296,-0.32633579826516368,0.065224101758414865,0.065509080662897484
0.34000000000000002,0.69856845486246089,-1.2274000944944929,2.3505223868670178,-1.1688259458619772,-1.4684754999893914,0.60725452143172531,0.54829064610530664,0.61131717338962188,-0.6168188588163499,-0.69181882634205905,1.4041214154297244,0.38440089321391563,-0.98665172287509351,1.5615144686388935,0.058873165427982599,-2.0112318393684898,1.6906860939449087,-0.47775471371344885,-1.4355735913496872,-33.183114709710118,-13.443142229770835,-0.32438856296301788,0.064385412729895244,0.066022508811950417
0.34999999999999998,0.7040014552866688,-1.2212087976645591,2.3443586020101943,-1.1758435835467453,-1.4543512156988732,0.61107471789448153,0.53825232161409686,0.62694643813518458,-0.61579228017451837,-0.7115968047169331,1.4205882319926273,0.37964619346879563,-1.0209215184025544,1.564061553293324,0.14637122070106784,-1.9440893212454831,1.602360824149057,-0.47307837090575272,-1.4724645520303188,-33.522918087806573,-13.234905561026022,-0.32216502677437087,0.063559241506498776,0.066624737223013222
0.35999999999999999,0.7093323682606435,-1.2148611085834284,2.3382094503665742,-1.1830556166941975,-1.4400667108587046,0.6148476118284707,0.52787409634553306,0.6425928428911164,-0.61389299792352214,-0.73069522507011875,1.4361624189164215,0.37494144908175081,-1.0546271521899622,1.5649402218256292,0.233400235042552,-1.8753305417530193,1.5121717212366705,-0.46776506846557542,-1.5121723194374617,-33.871136959510146,-13.021603442110175,-0.31963105034278799,0.062743559082817563,0.06731628709742761
0.37,0.71455782345469276,-1.2083569394900264,2.3320836341569908,-1.1904551699476196,-1.4256310037932649,0.61857373448935937,0.51716175265179687,0.65823963869675617,-0.61112611123080851,-0.74909823634630945,1.450825687782743,0.37029298555471135,-1.0877405831144,1.5641377815673134,0.31987854013781203,-1.8050180463945351,1.4201890917578295,-0.4618237553204908,-1.5546687289381333,-34.227791985396856,-12.803214468953806,-0.31675624600622887,0.06193638386417831,0.068097341753536919
0.38,0.71967450975401481,-1.2016963707207351,2.3259898005358273,-1.1980352125901708,-1.4110532921636358,0.62225367992741842,0.50612135007949255,0.67386995770568436,-0.60749753332438472,-0.76679061986704722,1.46456046285995,0.36570703501376095,-1.1202344175700623,1.5616431504181356,0.40572500449639487,-1.7332157556974297,1.3264851565945355,-0.45526415619508104,-1.5999078912187708,-34.592918190915356,-12.57973253825693,-0.31351415504676844,0.061135783002456728,0.068967739897331307
0.39000000000000001,0.72467917799785309,-1.1948796518174911,2.3199365334784798,-1.2057885649364626,-1.3963429457460184,0.62588810401513117,0.49475921877106765,0.689466829360323,-0.60301398575624421,-0.78375780279867291,1.4773498999458494,0.36118972849809555,-1.1520819340222976,1.5574468703719992,0.49085910702854385,-1.6599889085445549,1.2311339905218954,-0.44809676208399468,-1.647825650931283,-34.966563783199447,-12.351166317028484,-0.3098823929723713,0.060339872242590395,0.069926971062784865
0.40000000000000002,0.72956864365145269,-1.1879072024734865,2.313932345729858,-1.2137079048559654,-1.3815094990247732,0.62947772339817998,0.48308195262455744,0.70501319669404083,-0.59768299193283914,-0.79998587104736596,1.489177904596513,0.35674708834846447,-1.1832571067854891,1.5515411194895281,0.57520101004809487,-1.5854040042699462,1.1342114598732835,-0.4403328198846263,-1.6983391313270113,-35.348788741786237,-12.117538615639436,-0.30584276046130432,0.059546814175322364,0.070974173328800141
0.40999999999999998,0.73433978940843703,-1.1807796133152753,2.3079856708212176,-1.2217857744224494,-1.3665626436063238,0.63302331437084969,0.47109640221952137,0.72049193274516343,-0.59151286991867158,-0.81546158156918302,1.5000291497224889,0.35238502070344396,-1.2137346290026214,1.5439197223051473,0.65867163163462317,-1.5095287435711757,1.0357951583643374,-0.43198432119907387,-1.7513463719794149,-35.739663185958683,-11.878885669363328,-0.30138131796094825,0.058754814826867549,0.07210813339615639
0.41999999999999998,0.73898956772130919,-1.1734976465202467,2.3021048551625665,-1.2300145866835526,-1.3515122204603327,0.63652571167696792,0.45880966751726571,0.73588585706718546,-0.58451272451974523,-0.83017237408352396,1.5098890925342865,0.34810930811180335,-1.2434899348052657,1.5345781586580001,0.74119271728833847,-1.4324319682918392,0.93596434113247973,-0.42306399031589415,-1.8067260666046634,-36.139265524081431,-11.635256334488076,-0.29648842233049832,0.057962118555949189,0.073327289082620095
0.42999999999999999,0.74351500325786002,-1.1660622362685815,2.2962981502178064,-1.2383866325444537,-1.3363682119947544,0.63998580723758247,0.44622909034364966,0.75117775231936879,-0.57669243865427811,-0.84410638217900125,1.5187439908195741,0.34392560226910607,-1.2724992206336128,1.5235135709375498,0.82268691081186396,-1.3541836001288095,0.83479985705048698,-0.41358527138304152,-1.8643374078922748,-36.547680393002388,-11.386711206161451,-0.29115872434606371,0.057167001272287216,0.074629734267766548
0.44,0.74791319528135469,-1.1584744890289649,2.2905737047696957,-1.2468940877595227,-1.3211407339715231,0.64340454880666098,0.43336224666297163,0.7663503809218396,-0.56806266401873562,-0.85725244380123888,1.5265809185351362,0.33983941688657576,-1.3007394656971161,1.5107247697362407,0.90307782435381456,-1.2748545783198952,0.73238407937430927,-0.40356231478422094,-1.9240200461475712,-36.964996398314867,-11.133321666162542,-0.28539112634100983,0.056367762037217703,0.076013226291440528
0.45000000000000001,0.75218131995244863,-1.1507356836774947,2.28493955728164,-1.2555290200257183,-1.305840027269821,0.64678293855617153,0.42021693865162396,0.7813865017592212,-0.5586348110578867,-0.86960011111268187,1.533387780697234,0.33585612070012733,-1.328188451557228,1.4962122379031124,0.98229010754982682,-1.1945167963685837,0.62880083478708915,-0.39300996273172517,-1.9855941684155916,-37.391303668978509,-10.875168869755386,-0.27918869972755939,0.055562713155634581,0.077475195781533501
0.46000000000000002,0.75631663255087478,-1.1428472714493747,2.2794036283632249,-1.2642833961714026,-1.2904764495040122,0.65012203159198934,0.40680118658038311,0.79626888691678777,-0.54842103824822641,-0.8811396597150809,1.5391533275546521,0.33198093062732964,-1.3548247808146747,1.4799781329938222,1.0602495156975811,-1.1132430378634512,0.52413533090291631,-0.38194373408965165,-2.0488607045899574,-37.82669124244692,-10.612342681662453,-0.27255856263062522,0.054750168917660151,0.079012758858277105
0.46999999999999997,0.76031646961503585,-1.1348108757231532,2.2739737133463058,-1.2731490894341573,-1.2750604665034988,0.65342293440214172,0.39312322051437459,0.81098033843308748,-0.53743424070474211,-0.89186209722588894,1.5438671680293545,0.32821890507992285,-1.3806278948846979,1.4620262881140604,1.136882976903252,-1.0311069114507396,0.41847408229544242,-0.37037980844220364,-2.1136016667964679,-38.271244299005474,-10.344940571978913,-0.26551171835441856,0.053928433197090592,0.08062273163393513
0.47999999999999998,0.76417825099772274,-1.1266282916374175,2.268657474978367,-1.2821178868211018,-1.2596026436618921,0.65668680323898909,0.37919147183990953,0.82550370505295934,-0.52568803812161125,-0.90175917120039151,1.5475197824103262,0.32457493743936378,-1.4055780908446602,1.4423622111548815,1.2121186581377899,-0.94818278501940167,0.31190483511798406,-0.35833500942258156,-2.1795806280645924,-38.725041266447036,-10.073066483517984,-0.25806285588893285,0.053095786160330047,0.082301646899031758
0.48999999999999999,0.76789948183627332,-1.1183014855400266,2.2634624362397622,-1.2911814965451254,-1.2441136371630355,0.65991484243700693,0.36501456462754678,0.83982189896486359,-0.51319676205804299,-0.91082337639200539,1.5501025342868553,0.32105374970271144,-1.4296565373394243,1.420993082420043,1.2858860301424717,-0.86454571915873246,0.20451649038319072,-0.34582678731874938,-2.2465433459425777,-39.188150818470135,-9.7968296826200607,-0.25023011413943452,0.052250470382824404,0.084045772859466794
0.5,0.77147775443558453,-1.1098325942701119,2.2583959732913166,-1.3003315555303883,-1.2286041850915534,0.66310830266790699,0.35060130684086677,0.85391791250645033,-0.49997544258106597,-0.91904796134376598,1.5516076817082001,0.31765988630599984,-1.4528452895309301,1.3979277506469725,1.3581159311242303,-0.78027139994938943,0.096399025971742339,-0.33287320097313078,-2.3142185362563961,-39.660628792234341,-9.5163436058613762,-0.24203481202037924,0.051390676708564099,0.085851133763416118
0.51000000000000001,0.77491075006247867,-1.1012239242732511,2.2534653085586718,-1.3095596369803619,-1.213085098435724,0.66626847913491138,0.33596068140058455,0.86777483482232065,-0.48603979427765459,-0.92642693430464895,1.5520283875572829,0.31439770813206974,-1.4751273030794156,1.3731767274245419,1.4287406291824252,-0.69543607114929606,-0.012356582559150229,-0.31949289899403677,-2.3823188016397063,-40.142515052320412,-9.2317247153516941,-0.23350114698827346,0.050514530220663434,0.087713532233173408
0.52000000000000002,0.77819624065002935,-1.092477950550369,2.2486775039596001,-1.3188572580016378,-1.1975672519905922,0.66939670970805154,0.32110183711373674,0.88137586845796578,-0.47140620164917352,-0.93295506846498377,1.5513587291267661,0.31127138670965243,-1.4964864471447687,1.3467521800123552,1.4976938834098976,-0.61011646583651291,-0.12165844229539416,-0.30570510029736286,-2.4505417187527914,-40.633830329885797,-8.9430913754066523,-0.22465586498953713,0.049620076716157722,0.089628573095374087
0.53000000000000003,0.78133209041054608,-1.083597315441085,2.244039454280415,-1.3282158872766598,-1.1820615751693571,0.67249437300244586,0.30603407947780237,0.89470434587393455,-0.45609170390167025,-0.93862790650584249,1.5495937068865968,0.30828489861030239,-1.5169075163975463,1.3186679225678188,1.5649110036124014,-0.52438973757172369,-0.23141382434060276,-0.29152957399780549,-2.5185710872458915,-41.134573067049274,-8.6505627633127524,-0.2155279051628308,0.048705270094852378,0.091591688483693409
0.54000000000000004,0.78431625735601429,-1.0745848272423819,2.2395578807074372,-1.3376269527785036,-1.1665790427311664,0.67556288640156081,0.29076686136970231,0.90774374586434103,-0.44011397914611056,-0.94344176445791172,1.5467292524328398,0.30544202004958992,-1.5363762420302456,1.2889394057887704,1.6303289085918113,-0.43833339114346215,-0.34152924617127262,-0.27698661866954599,-2.5860783424891656,-41.644716297461947,-8.354257826669258,-0.20614802295548007,0.047767961079445198,0.093598163971383472
0.55000000000000004,0.78714679472489357,-1.0654434586636383,2.2352393245193465,-1.3470818495207755,-1.1511306654335614,0.67860370402753101,0.27530977362972053,0.92047770986391464,-0.42349132802318645,-0.94739373486599887,1.542762235608369,0.30274632169875232,-1.5548793017604923,1.2575837049809842,1.6938861829398397,-0.35202521295964762,-0.45191055489716464,-0.26209704099702485,-2.6527241328750835,-42.164204594601578,-8.0542942993899658,-0.19654839558552709,0.046805887681524508,0.095643165477175107
0.56000000000000005,0.78982185231427049,-1.0561763451192085,2.2310901409461015,-1.3565719473356708,-1.1357274806178863,0.68161831466067357,0.25967253555046543,0.93289005812789427,-0.40624265676784949,-0.950481689255948,1.5376904707867476,0.30020116371279992,-1.5724043288188618,1.2246195065613763,1.7555231322904175,-0.26554320114935864,-0.56246301135052212,-0.24688213383708468,-2.7181600610876466,-42.692951119550813,-7.750787787879986,-0.18676221400070722,0.045816667814978909,0.097721766677321464
0.56999999999999995,0.79233967771646985,-1.0467867828599067,2.2271164931999525,-1.3660885986732021,-1.1203805427360791,0.68460823961039086,0.24386498528105496,0.94496480576918296,-0.38838745972923872,-0.95270427990139461,1.5315127223113938,0.29780969098085108,-1.5889399199151424,1.190067093009251,1.815181836980315,-0.1789654954390949,-0.6730913749268449,-0.23136365371439932,-2.782030587121187,-43.230834799877286,-7.4438509381751743,-0.17682326565052864,0.044797794434726639,0.099828976649074794
0.57999999999999996,0.79469861745932457,-1.0372782269448981,2.2233243466839054,-1.3756231464145863,-1.1051009138273233,0.68757503053970903,0.22789707015676888,0.95668617863731498,-0.36994580136216504,-0.9540609408884233,1.5242287090829045,0.29557482860425399,-1.6044756421779258,1.1539483262794079,1.8728062040691023,-0.092370306868020072,-0.78369998909912364,-0.21556379777271348,-2.8439750890171993,-43.777697670719043,-7.1335926939495797,-0.16676551249543331,0.043746633544576266,0.10195976746679065
0.58999999999999997,0.7968971180494151,-1.0276542890556528,2.2197194633828508,-1.3851669316927624,-1.0898996539531145,0.69052026724576032,0.21177883696445693,0.96803862902392201,-0.3509382977067978,-0.95455188847684191,1.5158391082882006,0.29349927760782113,-1.6190020390634854,1.1162866296924208,1.9283420176710524,-0.0058358474068858418,-0.89419286752664029,-0.1995051802050179,-2.9036300752751059,-44.333342408295266,-6.8201176542691417,-0.15662266872668329,0.042660425373915359,0.10410910147124582
0.59999999999999998,0.79893372691768272,-1.0179187351537782,2.2163073964423767,-1.3947113017130006,-1.0747878115993459,0.69344555539856556,0.19552042215402227,0.97900685117956132,-0.33138609737366437,-0.9541781207574348,1.5063455582659373,0.29158551088926754,-1.6325106352310053,1.0771069683188632,1.9817369875532238,0.080559740454563405,-1.0044737806788102,-0.18321080818634103,-2.9606315406929853,-44.897530084814449,-6.5035255388126325,-0.14642778266247736,0.041536288969525353,0.10627195793565972
0.60999999999999999,0.80080709326693045,-1.0080754829846883,2.2130934849401385,-1.4042476175665664,-1.0597764140540828,0.69635252424051852,0.17913204200633176,0.98957579662692885,-0.31131086205152098,-0.95294141660519927,1.4957506605034421,0.28983576941170891,-1.6449939403823,1.0364358278756967,2.0329407959555348,0.16673845408680388,-1.1144463428938784,-0.16670405733339508,-3.0146174550233686,-45.46997817215361,-6.1839107670029554,-0.13621282722029682,0.040371230387104745,0.10844335885833981
0.62,0.80251596882083143,-0.99812859942921928,2.2100828488544555,-1.413767262030396,-1.0448764577697236,0.6992428242490355,0.16262398276790807,0.99973068925567909,-0.29073474655609377,-0.9508443339292334,1.4840579807612218,0.2882520586438248,-1.6564454520652536,0.99430119215448487,2.0819051425903448,0.25262250100147271,-1.2240140997917677,-0.15000864671583033,-3.0652303713123117,-46.050358819749164,-5.8613621561149785,-0.12600830324490375,0.039162154598338696,0.11061839362177089
0.63,0.8040592084741579,-0.9880822977054502,2.207280384234644,-1.4232616473457629,-1.0300988987182929,0.70211812476485824,0.14600659076276862,1.0094570401842737,-0.26968037843809334,-0.94789020722056905,1.4712720493219091,0.2868361452520472,-1.6668596574412951,0.95073251900248956,2.1285837877807481,0.33813436896919774,-1.3330806159599256,-0.13314861344434564,-3.112120138158931,-46.638297429894365,-5.5359627419644957,-0.1158428597982975,0.037905881155035369,0.11279224227124622
0.64000000000000001,0.80543577084405904,-0.97794093442313157,2.2046907585773909,-1.432722222968916,-1.0154546427486326,0.70498011158855822,0.12929026249176445,1.0187406623744986,-0.2481708371693189,-0.94408314439991703,1.4573983603613287,0.28558955404887537,-1.6762320340183106,0.90576071487911813,2.172932593698548,0.42319689590958676,-1.441549562830621,-0.11614828686137529,-3.1549466974254732,-47.23337155110795,-5.2077897242583946,-0.10574293529577344,0.036599163573633436,0.11496019718265481
0.65000000000000002,0.80664471872231436,-0.96770900649326197,2.2023184064133003,-1.4421404832867102,-1.0009545359542793,0.70783048454782127,0.11248543472975316,1.027567684984519,-0.22622963292604076,-0.93942802296791861,1.4424433704401702,0.28451356520116411,-1.6845590493514786,0.85941810801154661,2.2149095636646257,0.50773333948882293,-1.5493248066678316,-0.099032262360527618,-3.1933829461924614,-47.83511010745346,-4.8769145371179849,-0.095732423105258035,0.035238712323068321,0.1171176829086148
0.66000000000000003,0.80768521942858706,-0.95739114789550084,2.2001675251075357,-1.4515079752902607,-0.98660935506082215,0.71067095503812838,0.095602574630908307,1.0359245674465944,-0.20388068498921205,-0.93393048546115054,1.426414496115586,0.28360921170196118,-1.6918381597155747,0.81173842017469389,2.2544748794762839,0.59166744636056379,-1.6563104965816633,-0.081825374861349706,-3.227117639040618,-48.442992978682469,-4.5434030436995485,-0.085832364920122139,0.033821221218468173,0.1192602740145435
0.67000000000000004,0.80855654506481711,-0.94699212630623808,2.1982420708782939,-1.4608163061997044,-0.97242979784154882,0.71350324353948835,0.078652169852431217,1.0437981132558221,-0.18114829978141808,-0.92759693421777345,1.4093201106728563,0.28287727710920973,-1.6980678077533888,0.76275673712205594,2.2915909367279461,0.67492352098610553,-1.7624111524880477,-0.064552671966409597,-3.2558583041109355,-49.056450942886777,-4.2073158522485583,-0.07606067487390078,0.032343396944363535,0.12138371074122237
0.68000000000000005,0.80925807267098526,-0.93651683959027487,2.1965457550366434,-1.4700571510331857,-0.95842647357016764,0.71632907711190308,0.061644718706873221,1.0511754834565599,-0.15805714856077835,-0.92043452545734505,1.3911695399780648,0.28231829355435345,-1.7032474191059273,0.71250947769518913,2.3262223780935032,0.7574264939701818,-1.8675317529314421,-0.047239386828032442,-3.2793341439090455,-49.674865990012954,-3.8687087493607955,-0.066431896994390532,0.030801991355949347,0.12348391235763928
0.68999999999999995,0.80978928428258556,-0.92597031215920911,2.1950820404510498,-1.4792222601132297,-0.94460989351939328,0.71915018687228049,0.044590720353220557,1.0580442098134561,-0.13463224479235061,-0.91245116267996351,1.3719730574535807,0.2819325400236119,-1.7073773980311708,0.66103436164092233,2.3583361245404899,0.83910198984912177,-1.9715778226882135,-0.029910910752385639,-3.2972988895478546,-50.297572011158692,-3.5276332447069683,-0.056956998200410003,0.029193836137298666,0.12555698809702892
0.69999999999999996,0.81014976689024309,-0.91535769119973787,2.1938541382397165,-1.4883034665037291,-0.93099046151415099,0.7219683054555347,0.027500665036815284,1.0643922076543195,-0.11089892121784006,-0.90365548939052753,1.3517418781789452,0.2817200409144105,-1.7104591220191636,0.60837037616659728,2.3879014044482254,0.91987639426864387,-2.0744555200685286,-0.012592765568894521,-3.3095335751314416,-50.923855865077442,-3.1841372200279405,-0.04764319863291186,0.027515879332989872,0.12759924559972052
0.70999999999999996,0.81033921230202033,-0.90468424277522741,2.1928650046936466,-1.4972926933708259,-0.91757846454813274,0.72478516446263475,0.010385024388109461,1.070207788372358,-0.086882806644727681,-0.89405688115453019,1.3304881521205876,0.28168056486917314,-1.7124949354122752,0.55455774126488222,2.4148897806039908,0.99967692048901324,-2.1760717238346552,0.0046894242067148746,-3.3158491973449435,-51.552958819809277,-2.8382656738492282,-0.03849384068941944,0.025765223215971335,0.12960719681823157
0.71999999999999997,0.81035741690904251,-0.89395534780401142,2.1921173384331305,-1.5061819612610359,-0.90438406347239264,0.72760249189838655,-0.006745758209851402,1.0754796715756527,-0.062609802476137108,-0.88366543699242106,1.3082249564946178,0.28181362388839704,-1.7134881420404902,0.49963787384084668,2.4392751750533326,1.0784316751559762,-2.2763341196539284,0.021909959387231344,-3.3160892240971935,-52.184078363871663,-2.4900615521120817,-0.029508297702494912,0.023939162910947262,0.13157756137260779
0.72999999999999998,0.81020428135518452,-0.88317649791801001,2.1916135778001378,-1.5149633952900443,-0.8914172837646317,0.73042200960174897,-0.023881277175417586,1.0801969968720537,-0.038106059003027791,-0.87249197012018664,1.2849662872677561,0.2821184727246443,-1.7134429968826008,0.44365335067517658,2.4610338917825496,1.1560697232764605,-2.3751512860048347,0.039043094277856065,-3.3101319153311559,-52.816370378029738,-2.139566653797206,-0.020681922775345196,0.022035225160275604,0.13350726737685528
0.73999999999999999,0.80987981011165111,-0.8723532912053692,2.1913558984888866,-1.5236292322356697,-0.87868800638775435,0.73324543067149983,-0.041011174194115187,1.0843493352780331,-0.013397951480479266,-0.86054799804439708,1.2607270498022731,0.28259410855879946,-1.7123646967651709,0.38664787025849384,2.4801446372134928,1.2325211523388082,-2.4724327794551786,0.056063064960240952,-3.2978924189328427,-53.448951655357284,-1.7868225996380831,-0.012006037865721908,0.020051206599095907,0.13539344979000917
0.75,0.80938411095737939,-0.86149142784093957,2.1913462114166404,-1.5321718275285883,-0.86620595874623063,0.73607445689008089,-0.058125147586655705,1.0879267002403874,0.011487943989952336,-0.84784573202058111,1.2355230486516258,0.28323927095964496,-1.710259370112136,0.32866621353286229,2.4965885384928059,1.3077171355180122,-2.5680892192316715,0.072944117667528105,-3.2793246050849771,-54.080902754138634,-1.4318718512024358,-0.0034679627986043127,0.017985210898722973,0.13723344637746981
0.76000000000000001,0.80871739436628909,-0.85059670560851708,2.1915861608365539,-1.540583662134499,-0.85398070574871776,0.73891077614845768,-0.075212961569755529,1.0909195582600446,0.036524874749680969,-0.83439806588436405,1.2093709765142715,0.2840524421275204,-1.707134065758863,0.26975420357757812,2.5103491595598273,1.3815899939073217,-2.6620323710009064,0.089660537221143796,-3.2544226034720243,-54.711271165181472,-1.0747587669728911,0.0049489165067807817,0.015835684142444677,0.13902479139928253
0.77000000000000002,0.80787997280250057,-0.83967501531888089,2.1920771226941831,-1.548857349321503,-0.84202164098531718,0.74175605987483961,-0.092264455400477119,1.0933188391076107,0.061685936022048533,-0.82021856426540285,1.1822884023539495,0.28503184742253701,-1.7029967408454658,0.20995866427738516,2.5214125149794384,1.4540732577184063,-2.7541752297822755,0.10618667549996022,-3.22322200948105,-55.33907477234338,-0.71553068159128186,0.013265041684908219,0.01360144781567417,0.14076520717159868
0.78000000000000003,0.80687225992472911,-0.82873233612775654,2.19282020322904,-1.5569856413065812,-0.8303379780277591,0.74461196047010425,-0.10926955239496432,1.0951159456206698,0.086944095478387939,-0.80532145019471024,1.1542937586955013,0.28617545617752249,-1.6978562478050951,0.14932737801222129,2.5297670815282323,1.5251017263932298,-2.8444321019140864,0.1224969799123814,-3.1858007279790885,-55.963305582550134,-0.35423899415371729,0.02150453888698331,0.011281728822545939,0.14245259367521626
0.79000000000000004,0.80569476970115761,-0.81777473075793827,2.1938162378223458,-1.56496143577516,-0.81893874186071181,0.74748010875277615,-0.12621826881260675,1.0963027630732598,0.11227221790867382,-0.78972159211653836,1.1254063281060864,0.28748098279557771,-1.6917223204638481,0.087909042408535656,2.5354038075244567,1.5946115275717856,-2.9327186859949563,0.13856602184185407,-3.1422794263875096,-56.582933699326162,0.0090597486414094597,0.029695040822863311,0.0088761859828205419,0.14408501641047944
0.80000000000000004,0.80434811543617657,-0.80680834062989515,2.1950657900919226,-1.5727777822678652,-0.80783276045230668,0.75036211141640063,-0.14310072259683226,1.0968716681083353,0.13764308997415875,-0.77343449031653266,1.0956462288724336,0.28894588813183364,-1.6846055592698495,0.025753226193136875,2.5383161198943274,1.6625401748608557,-3.0189521527233434,0.15436852503627246,-3.0928215726080999,-57.196911511886,0.37430278858105948,0.037867475939414835,0.0063849325154667624,0.14566069272054522
0.81000000000000005,0.80283300871046948,-0.79583938090527273,2.1965691512349248,-1.5804278884286902,-0.79702865647186294,0.7532595485021556,-0.15990714196391312,1.0968155372244595,0.16302944501933311,-0.75647626277841606,1.0650343998855203,0.29056738115869846,-1.6765174156699234,-0.037089675808631151,2.5384999289693742,1.7288266243500887,-3.1030512235590946,0.16987939391177956,-3.037633037858094,-57.804178070169669,0.74142012504699351,0.046055827054399284,0.0038085540773207596,0.1471779768247907
0.81999999999999995,0.80115025823600605,-0.78487413544779305,2.1983263396188963,-1.5879051261089268,-0.78653483916267941,0.75617397088952787,-0.17662787383135597,1.0961277548083732,0.18840398792049731,-0.7388636304819991,1.0335925847448419,0.29234242091359181,-1.6674701756531571,-0.10056848848773917,2.5359536310116351,1.7934113298228023,-3.1849362481317995,0.18507374174147712,-2.9769612495984399,-58.403663614851155,1.1103335304435373,0.054296861992829376,0.0011481219954426816,0.14863534382065655
0.82999999999999996,0.79930076862758681,-0.77391895170612968,2.200337100621395,-1.5952030373213386,-0.77635949637763124,0.75910689780787344,-0.19325339207764819,1.0948022207055332,0.21373941994822343,-0.72061390215581878,1.0013433150951716,0.29426771872786778,-1.6574769424814662,-0.16463130303595805,2.530678108465604,1.8562362966101511,-3.2645292803218999,0.19992691869966472,-2.911093885431292,-58.994294230321323,1.480955624568808,0.062629838965605922,-0.0015947985913383547,0.15003137292527091
0.83999999999999997,0.79728553909266697,-0.76298023552342531,2.2026009067182244,-1.6023153400391903,-0.76651058678518047,0.76205981437166748,-0.20977430562532776,1.0928333573211402,0.23900846362096631,-0.70174495849823293,0.96830989320945227,0.29633974073533709,-1.6465516186281255,-0.22922552425579706,2.5226767279379723,1.9172451340384948,-3.3417541529415695,0.21441453973227939,-2.8403571050214445,-59.574996587939069,1.8531890197146317,0.07109618958778624,-0.0044181458843152999,0.15136473023759828
0.84999999999999998,0.79510566204126643,-0.75206444587816756,2.2051169578200542,-1.6092359338348905,-0.75699583225326683,0.76503416914223044,-0.22618136633957192,1.0902161162446276,0.26418388752713284,-0.68227523588127448,0.93451637383217645,0.29855471065850003,-1.6347088869459871,-0.29429791855109078,2.5119553359083096,1.9763831064211572,-3.4165365509436727,0.22851251222438942,-2.7651133236697842,-60.144702746464077,2.2269255472825709,0.079739182555738308,-0.0073193639876661387,0.15263415130748834
0.85999999999999999,0.79276232161784821,-0.7411780895612381,2.207884181857017,-1.6159589053531476,-0.74782271041840132,0.76803137171869384,-0.24246547673470778,1.0869459843910283,0.28923853109292608,-0.66222370955206633,0.89998754529833269,0.300908612870324,-1.6219641910879024,-0.35979466255269732,2.4985222521759503,2.0335971825470454,-3.4888040830883256,0.2421970634357084,-2.6857585380263629,-60.702354976515025,2.6020455755654979,0.088603571089288291,-0.010295410912756368,0.15383842379978932
0.87,0.79025679215712097,-0.73032771579398315,2.210901235610613,-1.622478533613692,-0.73899844744712495,0.77105279036095331,-0.25861769748128666,1.0830189896531039,0.31414532927337241,-0.64160987634706046,0.86474890994368725,0.30339719572908941,-1.6083337152025825,-0.42566139233323108,2.4823882610504349,2.0888360836200315,-3.5584863519979986,0.25544476767532154,-2.6027192214568884,-61.246910576138632,2.978417427083321,0.097735227297499977,-0.013342771968037015,0.15497637053964775
0.88,0.78759043656580119,-0.71951991079223721,2.214166505792051,-1.6287892951387679,-0.73053001099684134,0.77409974964732431,-0.27462925470659189,1.0784317060585733,0.33887733714400986,-0.62045373693481332,0.82882666382285164,0.30601597518356571,-1.5938343629298941,-0.49184325316413591,2.4635666002949965,2.1420503296043854,-3.6255150225334596,0.26823257318700083,-2.5164488136386884,-61.777346645101815,3.3558969024979985,0.10718076664625839,-0.016457478393776884,0.15604683321926471
0.89000000000000001,0.78476470463242742,-0.70876129228126816,2.21767811036591,-1.6348858689007668,-0.72242410338285856,0.77717352816958629,-0.29049154708169983,1.0731812584272564,0.36340775437082146,-0.59877577760345868,0.79224767575226773,0.30876023864547103,-1.5784837357202133,-0.55828494976792753,2.4420729478346175,2.1931922839330635,-3.6898238884244128,0.28053782871676952,-2.4274238359214269,-62.292664786324387,3.7343269166896382,0.11698716569392004,-0.019635131019419765,0.15704865703685519
0.90000000000000002,0.78178113126740378,-0.69805850396667246,2.2214339001178067,-1.6407631410855235,-0.71468715495830082,0.78027535626807731,-0.30619615268846118,1.0672653265234173,0.38770994953613047,-0.57659695160945812,0.75503946569587721,0.31162504912590361,-1.5623001105032019,-0.62493079701792897,2.417925406242297,2.2422161965371297,-3.751348937090162,0.29233830973461011,-2.3361396707022193,-62.791895703922478,4.113537251075166,0.12720137622008629,-0.022870928644709118,0.1579806765254938
0.91000000000000003,0.77864133467549645,-0.687418209966288,2.2254314604645029,-1.6464162096669794,-0.70732531771337659,0.78340641380945486,-0.32173483566002331,1.0606821486990732,0.41175748429831188,-0.55393866010461901,0.71723018251190274,0.3146052496321447,-1.5453024167319356,-0.69172477103741414,2.3911444850192165,2.2890782451561575,-3.8100284125873083,0.3036122442825604,-2.2431060493896857,-63.274103668618139,4.4933444247172796,0.13786993880392767,-0.026159700775133361,0.15884170281314763
0.92000000000000004,0.77534701446308574,-0.67684708920823566,2.2296681135046894,-1.6518403887890794,-0.70034445910029186,0.78656782800971481,-0.3370995525887821,1.0534305250245177,0.4355241373633495,-0.53082273265876401,0.67884858107977031,0.31769546782095975,-1.527510212828987,-0.75861056064968369,2.3617530806865363,2.3337365748910615,-3.8658028766231229,0.3143383384217337,-2.1488422993253811,-63.738390822755576,4.8735516852310088,0.14903859881541834,-0.029495944278841564,0.15963051253575378
0.93000000000000005,0.77189994968252429,-0.66635182980023155,2.2341409203084557,-1.6570312129509464,-0.69375015608991275,0.7897606713050026,-0.35228245869591729,1.0455098199027888,0.45898392824645051,-0.50727140739581711,0.63992399882681872,0.32089012090425162,-1.5089436620615826,-0.82553161913026818,2.3297764547085817,2.3761513359624016,-3.9186152675749848,0.32449580125119554,-2.0538724051577528,-64.18390129882772,5.253949118971093,0.16075192766760563,-0.032873863476823348,0.16034583860296769
0.93999999999999995,0.76830199681601685,-0.65593912337535076,2.2388466834432328,-1.6619844409915598,-0.68754768946607892,0.7929859592727303,-0.36727591375693924,1.0369199641653133,0.48211114080213596,-0.48330731076142541,0.60048633167502852,0.32418342080264972,-1.48962350787357,-0.89243121621216059,2.2952422092692051,2.4162847196389081,-3.9684109574580706,0.33406436947198997,-1.9587199444982493,-64.609825127225548,5.6343138785009428,0.17305295204375473,-0.036287413131572827,0.16098636299154767
0.94999999999999996,0.76455508770148373,-0.645615659419432,2.2437819497337932,-1.6666960598703462,-0.68174203836326064,0.7962446486054473,-0.38207248777795827,1.0276614566464344,0.5048803465014654,-0.45895343694058321,0.56056600942856161,0.32756937954235721,-1.4695710487023905,-0.9592524902947539,2.2581802609250619,2.4541009923026396,-4.0151378067853365,0.3430243314700524,-1.8639029611173112,-65.015401910852987,6.0144105239270678,0.18598279366270862,-0.039730343762128091,0.16155071171457194
0.95999999999999996,0.76066122740293385,-0.63538811958535757,2.2489430132536699,-1.671162288240271,-0.67633787505305021,0.79953763513987386,-0.39666496641766585,1.0177353652350407,0.52726642743527719,-0.43423312694405991,0.5201939706234725,0.33104181489031193,-1.4488081123097925,-1.0259385008069328,2.2186228121615486,2.4895665276189192,-4.0587462172656883,0.35135655089215895,-1.7699288413643961,-65.399924246268583,6.3939914733522452,0.19958032198213205,-0.043196248685597786,0.16203745208621215
0.96999999999999997,0.75662249202790355,-0.62526317199943082,2.2543259185451485,-1.6753795798102209,-0.67133955998475436,0.80286575194345866,-0.41104635615031582,1.0071433274020012,0.54924459902262213,-0.40917004738272511,0.47940163686145987,0.33459435622246703,-1.4273570296554337,-1.092432280674676,2.17660432087904,2.5226498367809809,-4.099189182288292,0.35904248968957275,-1.6772892608429659,-65.762740873099432,6.7727975564787783,0.2138818220655172,-0.046678612167141136,0.16244509237198537
0.97999999999999998,0.75244102649458422,-0.61524746556510812,2.2599264640647885,-1.6793446264936491,-0.66675113708513345,0.80622976746076269,-0.42520988916527691,0.99588755020260544,0.57079043240382943,-0.38378816894917683,0.4382208866500546,0.33822045061974304,-1.405240608343,-1.1586768888433769,2.1321614678390199,2.5533215968010037,-4.1364223351428659,0.36606423060449705,-1.5864552685851878,-66.103259535592883,7.1505586642957608,0.22892067965782359,-0.050170858051773591,0.16277208388368056
0.98999999999999999,0.74811904225128434,-0.60534762426933009,2.2657402058512095,-1.6830543613406543,-0.66257632932211363,0.8096303837219132,-0.4391490279990351,0.98397080975371698,0.59187987649796747,-0.3581117446263356,0.39668402877212788,0.34191336918595666,-1.3824821056688053,-1.2246154628050747,2.0853331221015452,2.5815546768210642,-4.1704039949279492,0.37240449907501544,-1.4978725750187161,-66.420949542304356,7.5269944868286141,0.24472708532939652,-0.053666398252071944,0.16301682554690483
1,0.74365881495092956,-0.59557024149670834,2.2717624614116945,-1.6865059612508635,-0.65881853453706052,0.81306823461532751,-0.45285746989582021,0.97139645018583876,0.6124892797047703,-0.33216528764293463,0.35482377520806807,0.34566621358179134,-1.3591052013032605,-1.2901912710807679,2.0361603044873595,2.6073241624193479,-4.2010952101011929,0.37804668453470475,-1.4119571078969739,-66.715344012043985,7.9018153301263263,0.26132775936094732,-0.057158680475463713,0.16317767093781577
1.01,0.73906268208332493,-0.58592187435681564,2.2779883138239501,-1.68969684946469,-0.65548082154996656,0.81654388422682744,-0.46632915089333959,0.95816838207078359,0.63259541123145635,-0.30597354919606579,0.31267321363442691,0.34947192276864109,-1.3351339696358704,-1.3553477656080475,1.9846861490997856,2.630607377888857,-4.2284597996278865,0.38297486108371576,-1.3290908970923783,-66.986041796298963,8.2747230030220553,0.27874569885661904,-0.060641234592789452,0.16325293775447558
1.02,0.7343330405679489,-0.57640903802981269,2.2844126160491798,-1.692624697830734,-0.65256592654167067,0.82005782524721638,-0.47955824963040811,0.94429108032615205,0.65217548202521713,-0.27956149596116592,0.27026577952326469,0.35332327995592816,-1.3105928518147665,-1.4200286339843562,1.9309558629433039,2.6513839064677036,-4.2524643916861251,0.38717380750868235,-1.2496183447787013,-67.232709070398613,8.6454117637312216,0.29699994838965882,-0.064107717075618492,0.16324091965776519
1.03,0.72947234431007479,-0.56703820013564266,2.2910299954524334,-1.6952874288473081,-0.65007624971697819,0.82361047745031912,-0.49253919087357695,0.92976958159830514,0.6712071652925361,-0.25295428741001974,0.22763522786682602,0.3572129197452707,-1.2855066275120244,-1.4841778515163468,1.8750166836774826,2.6696356085020092,-4.2730784598892582,0.39062902662945986,-1.1738429321250305,-67.45508058767885,9.0135693160501642,0.31610539530805942,-0.067551952962707218,0.16313990038725518
1.04,0.72448310172303954,-0.55781577513199454,2.2978348585260049,-1.6976832174762684,-0.64801385225230246,0.82720218624341946,-0.50526664876017413,0.91460948112601836,0.68966861658689016,-0.22617725295754509,0.18481560455255827,0.36113333546466436,-1.2599003864462239,-1.5477397330259912,1.8169178355466324,2.6853466375243529,-4.2902743569885384,0.39332676395133637,-1.1020244072867125,-67.652960592824655,9.3788778447871,0.33607259065748879,-0.070967974855292715,0.16294817002919437
1.05,0.71936787321951234,-0.54874811874621332,2.3048213958114769,-1.6998104927275453,-0.64638045353120077,0.83083322129196036,-0.51773554975549019,0.898816929087495,0.7075384934468022,-0.19925586895827793,0.14184121741385045,0.36507688668562516,-1.2337994996939681,-1.610658984364324,1.7567104835272418,2.6985034542326343,-4.3040273460211775,0.39525402560200701,-1.0343764923270407,-67.826223392414107,9.7410150800905484,0.3569075965172247,-0.07435005848586157,0.1626640432871187
1.0600000000000001,0.71412926867462645,-0.53984152244631245,2.3119835870158183,-1.7016679390129741,-0.64517742867091388,0.83450377522029917,-0.52994107532215617,0.88239862643390909,0.72479597456663691,-0.17221573557362232,0.098746606982198823,0.3690358069160441,-1.207229590822166,-1.6728807535840058,1.6944476857368602,2.7090948383561968,-4.3143156288714142,0.39639859553332091,-0.97106513887474766,-67.97481358245301,10.099655380529297,0.37861186039254152,-0.077692754454887603,0.1622858795807807
1.0700000000000001,0.70876994486386524,-0.53110220795620089,2.3193152063167881,-1.7032544972682417,-0.64440580634277322,0.8382139623902416,-0.54187866430008103,0.86536182021312946,0.74142077848298182,-0.14508255353105284,0.055566516966824679,0.37300221146129997,-1.1802165068730801,-1.7343506817222016,1.6301843441497172,2.717111898398012,-4.3211203722144962,0.39674905196848181,-0.91220735397095398,-68.098745934373795,10.454470825114253,0.40118211716502689,-0.080990915784059314,0.16181210477637997
1.0800000000000001,0.70329260287859952,-0.52253632182020815,2.3268098278527067,-1.7045693658419721,-0.64406626688906055,0.84196381775899265,-0.55354401499563655,0.84771429838776458,0.75739318175991133,-0.11788210079654959,0.012335864488051688,0.37696810544599707,-1.1527862892341825,-1.7950149531456674,1.5639771536658789,2.7225480792437127,-4.3244257308159924,0.39629478307615063,-0.85787060885037869,-68.198104942579079,10.805132304917255,0.4246103189702426,-0.084239720991986719,0.16124123433063553
1.0900000000000001,0.69769998552219314,-0.51414993002193676,2.334460831391509,-1.7056120011511924,-0.6441591407386581,0.84575329581809888,-0.56493308697910016,0.82946438415214396,0.7726940366569115,-0.090640209181645684,-0.030910289908976429,0.38092539198850001,-1.1249651444249635,-1.854820345410346,1.4958845495822803,2.7253991676302394,-4.324218868161176,0.39502600185361147,-0.80807283451006517,-68.273044038141904,11.151310605524282,0.44888359325052984,-0.087434692458646046,0.16057189761325028
1.1000000000000001,0.69199487468959542,-0.50594901266242509,2.3422614081738242,-1.706382118102632,-0.6446844071235448,0.84958226961486538,-0.57604210258968358,0.81062092975332867,0.78730478826373285,-0.06338274090650492,-0.074136772433433792,0.38486588052027737,-1.0967794148328402,-1.9137142785882664,1.4259666535153885,2.72566329546888,-4.3204899743917844,0.39293376020195864,-0.76278299902229196,-68.323784474739156,11.492677472237235,0.47398422911839949,-0.090571709907236175,0.15980286315690917
1.1100000000000001,0.68618008873334513,-0.49793945870256651,2.3502045669246709,-1.7068796902795211,-0.64564169309793862,0.85345052985765502,-0.58686754814779907,0.79119330982171199,0.80120749108693645,-0.036135565140520437,-0.11730832639375936,0.38878129524188731,-1.0682555494303152,-1.9716448640150093,1.354285217826706,2.7233409410194644,-4.3132322815298734,0.39000996217702977,-0.72192225282275868,-68.350613894299698,11.828906650691646,0.49988969206219963,-0.093647018896079126,0.15893306457121287
1.1200000000000001,0.68025847981891752,-0.49012706077463952,2.3582831400282229,-1.7071049498937731,-0.64703027286160286,0.85735778410639973,-0.59740617487453962,0.77119141421723125,0.81438482507343291,-0.008924534541912282,-0.16038964268121389,0.39266328370728792,-1.0394200745054853,-2.0285609524116386,1.2809035686036268,2.7184349279145068,-4.3024420759710367,0.38624737640062318,-0.68536561982392619,-68.353884581200987,12.159674896368585,0.52657266692956251,-0.096657234278174797,0.15796162684697149
1.1299999999999999,0.67423293127234041,-0.4825175100677781,2.3664897898599273,-1.7070583875036476,-0.64884906738856629,0.86130365604955628,-0.60765499951866253,0.75062564039768431,0.82682011105682496,0.018224538182158544,-0.20334539036464003,0.39650342552799722,-1.010299564437946,-2.0844121813355097,1.2058865472495268,2.7109504220340539,-4.2881187082317744,0.38163964761735308,-0.65294420432706102,-68.334011415160916,12.484662947319727,0.55400112903325394,-0.0995993386514408,0.15688789277007606
1.1399999999999999,0.66810635492299719,-0.47511639129211369,2.3748170152701498,-1.7067407514972051,-0.65109664436223325,0.86528768486867214,-0.61761130469169379,0.72950688531607355,0.83849732561293322,0.045285903673501236,-0.24614024736892781,0.40029324118849607,-0.98092061255199337,-2.1391490219151099,1.1293004507381577,2.7008949262340516,-4.270264599938324,0.376181307383334,-0.62444787648481193,-68.2914695342497,12.803556455282603,0.58213844313769691,-0.10247067588808373,0.15571144915976509
1.1499999999999999,0.66188168844453721,-0.46792917772627463,2.3832571582133601,-1.7061530473420852,-0.65377121841758201,0.86930932469162192,-0.62727263891207996,0.70784653685437326,0.8494011153114126,0.0722338992573619,-0.28873893120951255,0.40402420096411856,-0.95130980207892335,-2.1927228248246751,1.0512129705887068,2.6882782729330112,-4.2488852480468502,0.36986778387373725,-0.59962839263054313,-68.226791720702238,13.116046871209301,0.61094348999962578,-0.10526893989640368,0.15443215264448454
1.1599999999999999,0.65556189269679388,-0.46096122635282866,2.3918024105167692,-1.7052965366023429,-0.65687065169087167,0.87336794413549856,-0.63663681635964575,0.68565646480152664,0.85951681035097072,0.099042972192090628,-0.33110622975521969,0.40768773393256397,-0.92149367726000875,-2.2450858654551733,0.97169313061892126,2.6731126145637734,-4.2239892262874514,0.36269541079712408,-0.5782029012525296,-68.140565523448615,13.421832282053394,0.64037082005190604,-0.10799215883218398,0.15305015468965941
1.1699999999999999,0.64914994907159984,-0.45421777308619116,2.4004448207821785,-1.704172735723303,-0.66039245467700447,0.87746282594005187,-0.6457019163419111,0.66294901138393525,0.86883043756624367,0.12568770281267502,-0.37320703199163063,0.41127523707003844,-0.89149871462156371,-2.2961913882389107,0.89081122353491049,2.6554124118991531,-4.1955881838270015,0.35466143540534623,-0.55985778083965509,-68.033430132508229,13.720618196433989,0.67037083373267459,-0.11063867503910167,0.15156592559550988
1.1799999999999999,0.6426488568453711,-0.44770392809742976,2.4091763014147167,-1.7027834145855971,-0.66433378739440763,0.88159316669247267,-0.6544662824741504,0.63973698135710422,0.87732873279500834,0.1521428275469543,-0.41500635875717246,0.41477808442293018,-0.86135129445323144,-2.3459936500859246,0.80863874641717437,2.6351944202622422,-4.1636968411484538,0.34576402558868435,-0.54425275232551695,-67.906073021611363,14.012118277509908,0.70088998787113066,-0.1132071210578084,0.14998027718946125
1.1899999999999999,0.63606163054131482,-0.44142467124031159,2.4179886357719989,-1.7011305948297655,-0.66869146085702502,0.88575807664423334,-0.66292852157538107,0.61603363166753877,0.88499915259497997,0.17838326178340225,-0.45646939342407228,0.4181876363458214,-0.83107767252037212,-2.3944479628911042,0.72524833516347165,2.6124776736341131,-4.1283329831468212,0.33600227604680882,-0.53102520644859963,-67.759226376625151,14.296055022035468,0.73187102744427435,-0.11569639210086557,0.14829438394663375
1.2,0.62939129730408572,-0.43538484758283702,2.4268734854271621,-1.6992165479530073,-0.67346193885272543,0.88995657962059971,-0.67108750228277136,0.59185266069438269,0.891829885300087,0.20438412256954308,-0.49756151249637409,0.42149524879655581,-0.80070395204111211,-2.4415107350719509,0.64071369795000188,2.5872834666736475,-4.0895174494446103,0.32537621352705576,-0.51979468504197512,-67.593663328565583,14.572160385123169,0.76325324191415722,-0.11810561544496598,0.14650980228323526
1.21,0.62264089428969638,-0.42958916304841943,2.4358223975391224,-1.697043793179881,-0.67864134002716003,0.89418761302334515,-0.67894235338727149,0.56720819708069026,0.8978098614067026,0.23012075112018898,-0.53824831609722257,0.42469228267898967,-0.7702560559582835,-2.4871395120977553,0.55510954777328703,2.5596353346661322,-4.0472741219321344,0.31388680112242801,-0.51016745505474137,-67.410194011169324,14.840176350697426,0.79497274524106176,-0.12043411724214598,0.14462848778131013
1.22,0.61581346607344933,-0.42404218017076234,2.4448268123233028,-1.6946150951089634,-0.68422544027182719,0.89845002792708428,-0.68649246189355828,0.54211478816460679,0.90292876328096328,0.25556873511488737,-0.57849565831771066,0.42777011322399744,-0.73975969953608178,-2.5312930159719924,0.46851153413591112,2.5295590314192524,-4.0016299095406485,0.30153594162268255,-0.50174111495315032,-67.20966146417345,15.099855447985096,0.82696277854364708,-0.12268138729726411,0.14265281011907149
1.23,0.60891206207863813,-0.41874831396637879,2.4538780706160095,-1.6919334611376657,-0.69020967541481215,0.90274258926957396,-0.6937374708076991,0.51658738802111848,0.90717703417893203,0.28070393076414746,-0.61826967739966199,0.43072013939922599,-0.70924036331092055,-2.5739311836307048,0.38099617394005242,2.4970825051269649,-3.9526147302588965,0.28832647991277743,-0.49410917499477203,-66.992937404593491,15.350961214649541,0.85915403424174408,-0.12484704239913844,0.14058556549883605
1.24,0.6019397340287147,-0.41371182792859607,2.4629674215255397,-1.6890021386676357,-0.69658914421241591,0.90706397613621337,-0.70067727665620927,0.49064134512538565,0.91054588657200175,0.30550248462424084,-0.65753682572485228,0.43353379333805303,-0.67872326642545544,-2.6150152042207226,0.29264078165340118,2.4622358722236903,-3.9002614904061836,0.27426220441392996,-0.48686555563398309,-66.760917889395301,15.593268607335499,0.89147500037054073,-0.12693078882653946,0.13842998638422724
1.25,0.59489953342559465,-0.40893683014677062,2.4720860301630414,-1.6858246120933464,-0.70335861163959079,0.91141278213888999,-0.70731202674049132,0.46429238964904374,0.91302730977059332,0.32994085514059152,-0.69626389958330737,0.4362025497781496,-0.6482333403743491,-2.6545075552226018,0.2035233988127019,2.4250513892531091,-3.8446060611776907,0.25934784756346191,-0.47960895190720254,-66.514518893999465,15.826564360459088,0.92385232359735847,-0.12893238467695259,0.13618974837966324
1.26,0.58779450905672193,-0.40442726955432851,2.4812249854460715,-1.6824045995766939,-0.71051251247684222,0.91578751588921847,-0.71364211613090367,0.43755662040119281,0.91461407683985063,0.35399583390003997,-0.73441806869349013,0.43871793550002564,-0.6177952031898083,-2.6923720373843292,0.1137227229307,2.3855634227777052,-3.7856872524802774,0.2435890853305932,-0.47194701594952365,-66.254671832032443,16.050647294053906,0.95621118930406512,-0.13085160268477034,0.13386897410802934
1.27,0.58062770453347812,-0.40018693230911984,2.4903753079677551,-1.6787460496106064,-0.71804495519097788,0.92018660156612775,-0.71966818440499847,0.41045049142613305,0.91529975080169734,0.37764456657251744,-0.77196690544738467,0.44107153875590338,-0.58743313409442321,-2.728573808432933,0.023318035872796693,2.3438084173570464,-3.7235467840795513,0.22699253576628475,-0.46350031469088909,-65.982319042616268,16.265328571382842,0.98847571692138692,-0.13268819420556044,0.13147223396668395
1.28,0.57340215586346577,-0.39621943830946282,2.4995279579243674,-1.6748531373748725,-0.72594972610682329,0.92460837957764319,-0.7253911121347405,0.38299079827022758,0.91507869011828824,0.40086457352297505,-0.8088784138537024,0.44325501867925499,-0.55717104864827771,-2.7630794155323399,-0.067610868229870141,2.2998248616245762,-3.658229254081526,0.2095657565862136,-0.4539060251392607,-65.698409272260875,16.470431906854195,1.0205693685173054,-0.1344418550434929,0.12900454366738057
1.29,0.56612088905915714,-0.39252823784911972,2.5086738430941442,-1.670730260887576,-0.73422029386674559,0.92905110731663199,-0.73081201712777355,0.35519466393058308,0.91394605345255109,0.42363377007469849,-0.84512105815268357,0.44526011466533627,-0.52703247441670797,-2.7958568264570314,-0.15898375546380819,2.2536532524944763,-3.5897821047746548,0.19131724178692927,-0.44282133534902729,-65.403893179056197,16.665793724555289,1.0524153684531186,-0.13611219378922557,0.12647135849211855
1.3,0.55878691778533385,-0.38911660841432338,2.5178038268600664,-1.6663820369557165,-0.74284981417457885,0.93351296001016604,-0.73593225042807986,0.32707952449853567,0.91189780370219475,0.44593048640548621,-0.8806637910762416,0.44707865571305166,-0.49704052718449998,-2.8268754594522565,-0.25072002494562684,2.2053360575319134,-3.5182555858605342,0.17225641729619864,-0.42992652506136247,-65.099718887348345,16.851263267450353,1.0839371317301774,-0.13769870331494433,0.12387856422418324
1.3100000000000001,0.55140324104770311,-0.38598765162583892,2.5269087362693403,-1.6618132969287838,-0.75183113482026342,0.93799203166206979,-0.7407533920816155,0.29866311451122091,0.90893071130422776,0.46773348705848566,-0.91547608172747863,0.44870256971850064,-0.46721788774164674,-2.8561062117528504,-0.34273878189587403,2.1549176755216912,-3.4437027151039934,0.15239363565953981,-0.41492770595937734,-64.786827621392291,17.02670265699707,1.1150586984611268,-0.13920073604139699,0.12123246474148872
1.3200000000000001,0.54397284092500686,-0.38314429032891351,2.5359793701222628,-1.6570290822592202,-0.76115680098127469,0.94248633608812382,-0.74527724667276607,0.26996345202477279,0.90504235680771572,0.48902199004986641,-0.9495279430539435,0.45012389271058323,-0.43758677926516215,-2.8835214867339722,-0.43495891090645555,2.1024443952719993,-3.3661792364357352,0.13174016976588659,-0.39755920738145889,-64.466149446593676,17.191986902634021,1.1457051717153486,-0.1406174835483916,0.11853976628760404
1.3300000000000001,0.53649868034688775,-0.38058926583382946,2.5450065070831522,-1.6520346398739001,-0.77081906079664642,0.94699380804329147,-0.74950583863769749,0.24099882342296444,0.90023113271317856,0.50977568555585884,-0.98278995888931675,0.45133477801907212,-0.40816894532072329,-2.9090952196684019,-0.52729914933364064,2.0479643526916411,-3.2857435755430773,0.11030820561632197,-0.37758559906539713,-64.138599146860557,17.34700386029634,1.1758031558130986,-0.14194796104528284,0.11580755846431487
1.3400000000000001,0.52898370091970959,-0.3783251353096333,2.5539809138059995,-1.646835417360909,-0.78080987120914802,0.95151230444025325,-0.75344140736092113,0.21178776797533885,0.89449624457771293,0.52997475416210504,-1.0152333105386102,0.45232750536561045,-0.37898562850721251,-2.9328029020663706,-0.61967816074868753,1.9915274861806673,-3.2024567929866845,0.088110834140764843,-0.35480334795082008,-63.805072266268837,17.491654138842438,1.2052811919806288,-0.14319099715161751,0.11304329201802156
1.3500000000000001,0.52143082080247116,-0.37635426933347738,2.5628933530675004,-1.6414370579760891,-0.79112090407092917,0.95603960565842183,-0.75708640206161171,0.18234906215912863,0.8878377113856053,0.54959988465865217,-1.0468298028823246,0.45309448986813777,-0.35005754976651399,-2.9546216045752591,-0.71201460837804531,1.9331854903759911,-3.1163825348835577,0.06516204206846235,-0.32904211115711368,-63.466441342689215,17.625850953038103,1.23407018813365,-0.14434522936078226,0.11025475352049807
1.3600000000000001,0.51384293263487768,-0.37467884959786479,2.5717345919001211,-1.6358453954739749,-0.80174355250770257,0.96057341694253151,-0.76044347647643706,0.15270170375946673,0.88025636518487682,0.56863229136435456,-1.0775518899754466,0.45362829094931872,-0.32140488838011916,-2.9745299984178617,-0.80422722846523853,1.8729917682950408,-3.0275869811987981,0.041476701859107498,-0.30016567190248605,-63.123552360218675,17.749519921558239,1.2621038394330462,-0.14540910547188893,0.10745003707228989
1.3700000000000001,0.50622290151957394,-0.3733008667779365,2.5804954097178623,-1.630066448767904,-0.81266893753628711,0.96511136988979307,-0.76351548334588082,0.12286489576260495,0.87175384999088312,0.587053730964889,-1.1073727001175899,0.45392162113961593,-0.29304726267334685,-2.9925083753493493,-0.89623490348662738,1.8110013819220283,-2.9361387916909245,0.017070560702336424,-0.26807252927758163,-62.777221446197899,17.862598808343527,1.2893190361588784,-0.14638089117820247,0.10463751318408884
1.3799999999999999,0.49857356306046674,-0.37222211856080212,2.5891666064274039,-1.6241064164242416,-0.82388791493011648,0.9696510240245122,-0.76630546871122152,0.09285803005704768,0.86233261995877042,0.60484651884903828,-1.1362660603710577,0.45396735476574135,-0.26500371144715273,-3.0085386661144558,-0.98795673515348392,1.7472710012828456,-2.8421090495577594,-0.0080397714056740441,-0.23269615638856189,-62.428231837273742,17.965037205600972,1.315656255380421,-0.14725868389544527,0.10182579501754856
1.3899999999999999,0.49089772145899258,-0.37144420783875343,2.5977390105173295,-1.6179716709958147,-0.83539108232707027,0.9741898684589847,-0.76881666602955401,0.062700670957680296,0.85199593682725772,0.62199354492836323,-1.1642065205040701,0.45375853651529197,-0.2372926761567008,-3.0226044573878563,-1.0793121171330495,1.681858852056034,-2.7455712028320196,-0.033836834498870247,-0.19400494441333313,-62.077331137384284,18.056796156771533,1.3410599328647339,-0.14804043280178139,0.09902370219195758
1.3999999999999999,0.48319814767011499,-0.37096854106806276,2.6062034871181545,-1.611668753199794,-0.84716878657376904,0.9787253236393747,-0.77105249011440347,0.032412538568152315,0.84074786663689549,0.63847828892586422,-1.1911693763369007,0.45328838986850162,-0.20993198385500753,-3.0346910071821536,-1.1702208074215781,1.6148246617686315,-2.6466010035779597,-0.060302332380648464,-0.15200185255658891,-61.725228888705516,18.137847717912351,1.3654788116674412,-0.14872396494500095,0.09624022238671863
1.4099999999999999,0.47547757761975468,-0.37079632679489682,2.6145509460259277,-1.6052043659453994,-0.85921113130025706,0.98325474317521611,-0.77301653090967837,0.0020134919968927086,0.82859327572660924,0.65428483511973878,-1.2171306924692151,0.452550325388129,-0.18293883091910607,-3.0447852587093762,-1.2606030003027953,1.5462296046269921,-2.5452764449423757,-0.087417147254362421,-0.10672378574796078,-61.372594474510237,18.208174456160368,1.3888662638896774,-0.14930701715337164,0.093484470991450436
1.4199999999999999,0.46773871048528032,-0.37092857434974391,2.6227723496822062,-1.5985853682169513,-0.87150798471877566,0.98777541575106009,-0.77471254710486026,-0.028476487557699624,0.81553782601300862,0.66939788652883325,-1.2420673243674205,0.45153794885864179,-0.15632976757530206,-3.0528758526833446,-1.3503793978256242,1.4761362450339774,-2.4416776961154198,-0.1151613552325797,-0.058240723218642577,-61.020055370564563,18.267768884259514,1.411180582166575,-0.14978727336699699,0.090765649075497806
1.4299999999999999,0.45998420704060905,-0.37136609271157184,2.6308587211032606,-1.5918187688179102,-0.88404898764012219,0.99228456711873003,-0.77614445959951484,-0.059037313837247141,0.80158796955759515,0.68380277852691662,-1.2659569397914068,0.45024506926596403,-0.13012068323919296,-3.0589531380517681,-1.4394712807355476,1.4046084798451413,-2.3358870352585819,-0.14351424271178356,-0.006654621843315469,-60.668195759138527,18.316632830546883,1.4323852375769752,-0.15016240688865962,0.088092999966452271
1.4399999999999999,0.45221668806737891,-0.37210948954280054,2.6388011517514149,-1.5849117199816838,-0.89682356170089139,0.99677936216853591,-0.77731634482533241,-0.089648812652813964,0.78675094242766141,0.69748549187343756,-1.2887780395406521,0.44866570660921223,-0.10432679268519447,-3.0630091811484301,-1.5278005787945648,1.3317114794176825,-2.2279887804591563,-0.17245432359830579,0.047901881614817531,-60.317555516953725,18.35477674429989,1.4524491008317835,-0.1504301269394776,0.085475764742738686
1.45,0.44443873283358099,-0.373159170395998,2.6465908093414887,-1.5778715108550918,-0.9098209177946921,1.0012569070777344,-0.7782324279340751,-0.12029073909791137,0.77103475785731568,0.71043266514895764,-1.3105099775002573,0.44679409953597488,-0.078962623059409501,-3.0650377732573424,-1.6152899404253482,1.2575116275070766,-2.1180692187723751,-0.20195935737041765,0.10526694541973633,-59.968629585454366,18.382218936943783,1.4713466238098609,-0.15058822879773903,0.082923136958173674
1.46,0.43665287764094501,-0.37451533809305815,2.6542189455753795,-1.570705560860499,-0.92303006470024695,1.0057142515344246,-0.77889707585991841,-0.15094279482918266,0.75444819871570767,0.72263160658402903,-1.3311329799681086,0.44462471279285976,-0.054042001748700656,-3.0650344365822502,-1.7018628016158988,1.1820764600673586,-2.0062165334141806,-0.23200636796063634,0.16525115160351989,-59.621867728692713,18.398984760299086,1.4890579787648019,-0.15063464670147245,0.08044421692646575
1.47,0.42886161444229437,-0.37617799227745774,2.6616769037979005,-1.5634214129427413,-0.93643981789909192,1.010148391034988,-0.77931479026481687,-0.18158464539878172,0.73700080929017087,0.73407030527082529,-1.3506281642449796,0.44215224448318441,-0.029578045117894459,-3.0629964286163891,-1.7874434540217308,1.1054746030120768,-1.8925207291694257,-0.26257166344144744,0.22763926613643282,-59.277674680892673,18.405105723803597,1.5055691528218809,-0.15056750860905269,0.078047965900701122
1.48,0.421067389529997,-0.37814692914003056,2.6689561265670498,-1.5560267267070576,-0.950038808575419,1.0145562692531132,-0.77949020037562911,-0.21219593762243802,0.71870288639261248,0.74473744174742784,-1.3689775564700786,0.4393716331238669,-0.0055831481260687826,-3.0589227449089567,-1.8719571122034959,1.0277757089938491,-1.7770735560819144,-0.29363085649683129,0.29219210934711332,-58.936410682427471,18.400618553461292,1.5208719957197363,-0.15038519183965637,0.075743160486795691
1.49,0.41327260229654816,-0.38042174131852757,2.676048163132005,-1.5485292714543633,-0.96381549279042977,1.0189347804783491,-0.77942805572184171,-0.24275631696715855,0.69956546979810785,0.75462239794524555,-1.3861641086851804,0.43627806449374623,0.01793102516812535,-3.0528141202262455,-1.9553299799387596,0.94905039326143159,-1.6599684314944132,-0.32515888566114148,0.35864851684414784,-58.598392399545695,18.385564196142276,1.5349642191230661,-0.15008637855872942,0.073538347630554321
1.5,0.40547960406823585,-0.38300181797109545,2.6829446768122001,-1.5409369191202631,-0.97775816082340894,1.0232807721220698,-0.77913321878283037,-0.27324544494251701,0.6796003320252535,0.76371526649064281,-1.4021717151112065,0.43286697826576043,0.040953550203119152,-3.0446730281069438,-2.037489315547655,0.86937016865397754,-1.5413003605082249,-0.35713003730611315,0.42672737277284262,-58.263894219743776,18.359986773765456,1.5478493462370242,-0.14967011003455086,0.071441800515264053
1.51,0.39769069701274928,-0.38588634502360808,2.6896374522709583,-1.533257637124319,-0.99185494667155716,1.0275910472886449,-0.77861065755367587,-0.30364301647946301,0.65881996746844829,0.77200685935244528,-1.4169852276217854,0.42913407441559542,0.063474249605088726,-3.0345036788126394,-2.1183634961730435,0.78880737979306448,-1.4211658549335768,-0.38951796835596081,0.49612969891389158,-57.933149911239937,18.323932492829286,1.559536610886965,-0.14913583857195012,0.069461475700597991
1.52,0.38990813312149813,-0.38907430559066669,2.6961184026772496,-1.5254994811361393,-1.0060938377004853,1.0318623674095564,-0.77786543803863706,-0.33392877728062753,0.63723758089283777,0.77948871582761137,-1.4305904703990784,0.42507531939962834,0.085483699965663226,-3.0223120156760772,-2.1978820809569375,0.70743513653371304,-1.2996628508033701,-0.42229572970979923,0.5665407848392312,-57.606354631592851,18.277448515696168,1.5700408056837787,-0.1484834760293024,0.067604971823999369
1.53,0.38213411326731955,-0.39256448056988691,2.7023795767492613,-1.5176705877649566,-1.0204626844371201,1.0360914549381042,-0.77690271668143296,-0.36408254112611632,0.6148670753032548,0.78615310985796782,-1.4429742537578696,0.4206869520951988,0.10697323770072978,-3.0081057098512649,-2.2759758730559776,0.62532724673636431,-1.1768906245242976,-0.45543579034985326,0.63763234603117336,-57.283667267161178,18.22058180097039,1.5793820793700308,-0.14771343784579566,0.065879490172672764
1.54,0.37437078633816184,-0.39635544940895762,2.708413165673575,-1.5097791671794056,-1.0349492104966322,1.0402749961023028,-0.77572773274155449,-0.3940842071188308,0.59172303919904556,0.79199305667152542,-1.4541243871246576,0.41596548949646406,0.12793496398539742,-2.9918941534710322,-2.3525769804399328,0.54255814842239969,-1.0529497077406504,-0.48891006211320642,0.70906469850062437,-56.965213081853278,18.15337792121915,1.5875856839297648,-0.14682668154783191,0.064291797417911217
1.55,0.36662024844723534,-0.40044559104478328,2.7142115098938744,-1.5018334956642905,-1.0495410226348847,1.0444096437134853,-0.77434580062586045,-0.42391377685343878,0.5678207332272196,0.7970023187425388,-1.4640296911592796,0.41090773215931209,0.14836174876123104,-2.973688451219159,-2.4276188754184287,0.45920284137630041,-0.92794180098728574,-0.52268992510414669,0.78048893996712443,-56.651086650501526,18.075879867156555,1.594681672539092,-0.14582473876608065,0.062848190783843086
1.5600000000000001,0.35888454222003108,-0.40483308501387105,2.719767105763228,-1.4938419081211816,-1.0642256209177554,1.0484920200280778,-0.77276230218475461,-0.45355137149316849,0.54317607624691888,0.8011754110650775,-1.4726800090073231,0.40551076938904773,0.16824723381288004,-2.9535014103257127,-2.5010364528422731,0.37533681825814957,-0.80196968620951803,-0.55674625372346176,0.85154912905841929,-56.341355049249202,17.988126848225171,1.6007045499294736,-0.14470973987745916,0.061554465899979885
1.5700000000000001,0.35116565615851886,-0.40951591273295507,2.7250726120541318,-1.485812790519726,-1.078990408998594,1.0525187196599348,-0.7709826789822557,-0.48297724873871689,0.51780563081871867,0.80450760573554558,-1.4800662166724072,0.39977198416480014,0.18758583491225175,-2.931347528995722,-2.5727660869271656,0.29103599529050983,-0.67513713822867638,-0.5910494432904122,0.92188445522358242,-56.036061272587759,17.8901531002547,1.6056928772247776,-0.14348443048801379,0.060415887561391178
1.5800000000000001,0.3434655240827334,-0.41449185894870899,2.7301208563206245,-1.4777545723066079,-1.0938227044949582,1.0564863125405834,-0.76901242454929331,-0.51217181967365555,0.49172658813279257,0.8069949358402092,-1.4861802324981743,0.39368905779485341,0.20637274302944056,-2.9072429832827997,-2.6427456866488281,0.20637664258420305,-0.54754883523317366,-0.62556943723244052,0.99113139311610954,-55.735227844162559,17.781986711535467,1.60968883379018,-0.14215217909172584,0.059437163592217325
1.5900000000000001,0.33578602464987334,-0.41975851335522885,2.7349048411069412,-1.4696757187791181,-1.1087097494556792,1.0603913469246464,-0.76685707662955749,-0.54111566547085743,0.46495675239047207,0.80863419864444719,-1.4910150257506603,0.38725997429734593,0.22460392461063186,-2.881205612420807,-2.7109147496600703,0.12143531416774471,-0.41931026837580554,-0.66027575481709644,1.0589258360807767,-55.438860586199247,17.663648479206294,1.6127377390903206,-0.14071697537468103,0.058622421977856394
1.6000000000000001,0.32812898095094156,-0.42531327237782057,2.7394177499973145,-1.4615847234303374,-1.1236387209092173,1.064230352437683,-0.76452220942723381,-0.56978955394458541,0.43751452465423213,0.80942295808108289,-1.494564624292505,0.38048302450104721,0.24227612092424147,-2.8532549026281342,-2.7772144146816968,0.036288777785531377,-0.2905276505589493,-0.69513751940004442,1.1249052040688088,-55.146952510421926,17.535150808306994,1.6148875379894703,-0.13918341878143681,0.057975191398907756
1.6100000000000001,0.32049616018485799,-0.43115334112147563,2.7436529535016732,-1.4534901002729488,-1.1385967414841858,1.0679998431636122,-0.76201342586592224,-0.59817445593305407,0.40941888618158928,0.80935954653581532,-1.4968241213413016,0.37335680986118819,0.25938684647759147,-2.8234119694005724,-2.8415875123206642,-0.048986055469964401,-0.16130782449006165,-0.73012348716247089,1.1887105218128666,-54.859487791656875,17.396496666175324,1.616188253332794,-0.13755669711811036,0.057498385266212086
1.6200000000000001,0.31288927340988998,-0.43727573548225962,2.7476040147721754,-1.4454003761487164,-1.1535708900928485,1.0716963207688521,-0.75933634986802734,-0.62625156149643502,0.38068938125887458,0.8084430659284163,-1.4977896813051916,0.36588024598558,0.27593438650744201,-2.7916995383102448,-2.90397861427045,-0.13431220162658153,-0.031758170090627473,-0.7652020763106695,1.2499884634265643,-54.576445783963976,17.247678605069996,1.6166914100200533,-0.13584255513177834,0.057194289321530443
1.6299999999999999,0.30530997537214632,-0.443677284419697,2.7512646951456432,-1.4373240830306726,-1.1685482126683377,1.0753162776602507,-0.75649661866385354,-0.65400229591546322,0.351346099551267,0.8066733880890089,-1.497458544689676,0.35805256586654344,0.29191779354872555,-2.7581419243294238,-2.9643340808501386,-0.21961267433598436,0.098013488657681849,-0.80034139671008353,1.308393359766199,-54.297805038131649,17.088677865964407,1.6164494351166641,-0.13404725317504082,0.05706455283302133
1.6399999999999999,0.29775986441079605,-0.45035463238808582,2.7546289595071474,-1.429269750325074,-1.1835157329462715,1.0788562001738518,-0.75349987513959693,-0.68140833547598434,0.32140965798592291,0.80405115442941355,-1.4958290320704137,0.34987332281444433,0.30733688308685198,-2.7227650096994931,-3.0226021068403437,-0.30481055534674545,0.22789897734525982,-0.83550927992556934,1.3635891649251461,-54.023547278720287,16.919463576378497,1.6155150388383959,-0.1321775162348742,0.057110183379166686
1.6499999999999999,0.29024048243957185,-0.45730424192452279,2.7576909814701613,-1.4212458971801605,-1.1984604632814111,1.0823125717914828,-0.75035176023338124,-0.70845162302501075,0.29090118218542932,0.80057777491018423,-1.4929005471276684,0.34134239308891018,0.32219222829996991,-2.6855962203666865,-3.0787327655757557,-0.38982906488159391,0.35778986516042144,-0.87067330963922696,1.4152513781435216,-53.753661298558121,16.739992054893484,1.6139405814918542,-0.13024047377285308,0.05733154517965576
1.6599999999999999,0.28275331500403716,-0.46452239639129012,2.7604451483688779,-1.4132610248087645,-1.2133694154899541,1.0856818763821297,-0.74705790538837746,-0.73511438328406042,0.25984228746921162,0.79625542630462665,-1.4886735787388756,0.33245997822410644,0.33648515389856748,-2.6466645010075549,-3.1326780512557701,-0.47459163185343639,0.48757755922362089,-0.9058008524166824,1.463068917233497,-53.488146728688733,16.550206234624316,1.6117774316506963,-0.12824359098623156,0.057728360897446568
1.6699999999999999,0.27529979141399852,-0.47200520287010694,2.7628860660584476,-1.4053236088317838,-1.2282296117080373,1.0889606014650237,-0.7436239250720138,-0.76137913790580569,0.22825505944089183,0.79108704976172994,-1.48314970212669,0.32322660704472816,0.35021772907079618,-2.6060002886684903,-3.1843919194363797,-0.55902196385501657,0.61715339914450318,-0.94085908879234093,1.5067459393665457,-53.227017642244782,16.350035217409342,1.6090753209957351,-0.12619459225311902,0.058299716803250863
1.6799999999999999,0.2678812849503579,-0.47974859520559821,2.765008563519106,-1.3974420916495229,-1.2430280952569848,1.0921452414913253,-0.74005540937016534,-0.78722872026028745,0.19616203417997694,0.78507634767060952,-1.4763315790606983,0.31364313736966803,0.3633927595429014,-2.5636354850449172,-3.2338303256682663,-0.64304411685720642,0.74640875171593668,-0.97581504464370805,1.5460036047713157,-52.970305951578112,16.139393969818471,1.6058817013447069,-0.12410137766713018,0.059044071162490955
1.6899999999999999,0.26049911314561208,-0.48774833719522537,2.7668076972603073,-1.3896248748478675,-1.2577519415058396,1.0952323011412717,-0.73635791666511596,-0.81264628993723553,0.16358617805656878,0.77822777982969049,-1.4682229571118712,0.30371075740062403,0.3760137787651065,-2.5196034274270347,-3.2809512622478132,-0.72658256455130477,0.87523510565910689,-1.0106356228245843,1.5805817785714178,-52.718064559212003,15.918183171281122,1.6022411094439184,-0.12197193369473878,0.059959265675784822
1.7,0.25315453813711641,-0.49600002592276038,2.7682787555212087,-1.3818803116462277,-1.2723882687217021,1.0982182986336273,-0.73253696640599697,-0.83761534695129336,0.13055086718813513,0.77054655892451451,-1.4588286679596623,0.29343098679320356,0.38808503823427226,-2.4739388583402824,-3.3257147930495714,-0.80956226727101732,1.0035241663335821,-1.0452876350265865,1.6102406656770487,-52.470370224784659,15.686289223704829,1.5981945450902519,-0.11981423909979182,0.061042539777603225
1.71,0.24584876709214809,-0.5044990952322761,2.7694172622640076,-1.3742166993941423,-1.2869242488984056,1.1010997690442472,-0.72859803198025164,-0.86211974563724403,0.097079866557670008,0.7620386453186988,-1.4481546247525436,0.28280567740840523,0.39961149696560083,-2.4266778939098788,-3.368083086410552,-0.89190874043022617,1.1311679503263345,-1.0797378338381916,1.6347623733523775,-52.227326112122448,15.443584430896351,1.5937788680986591,-0.1176361673722407,0.062290547574280271
1.72,0.23858295270371141,-0.51324081933948418,2.770218980956848,-1.366642272123386,-1.3013471185540724,1.1038732676305496,-0.72454653369459299,-0.88614370822263011,0.063197308812869224,0.7527107411632008,-1.436207818523614,0.27183701374264602,0.4105988101266152,-2.3778579909800319,-3.4080204460386025,-0.97354812241311495,1.2580588798337013,-1.1139529449702152,1.6539523958313487,-51.989063982895601,15.189927354922315,1.5890262195293747,-0.1154453869705416,0.063699377182319078
1.73,0.23135819375595429,-0.52222031657713552,2.7706799181432125,-1.3591651931623678,-1.3156441894881081,1.1065353731586751,-0.72038783187374789,-0.90967183806546659,0.02892767276621229,0.74257028382968215,-1.4229963136637787,0.26052751303483584,0.42105331684753661,-2.3275179130195558,-3.4454933399189915,-1.054407241853768,1.3840898767504879,-1.1478996996164468,1.6676410151619263,-51.755746005956055,14.925163355264786,1.5839634724428648,-0.11324926073826445,0.065264572211174821
1.74,0.22417553575797175,-0.53143255327107175,2.7707963267948967,-1.3517935478195497,-1.3298028594882321,1.109082691230096,-0.71612722008515584,-0.93268913254508456,-0.0057042383839149636,0.73162543867438867,-1.4085292424558618,0.24888002504929749,0.43098202722313611,-2.2756976948467753,-3.4804704271952627,-1.1344136842429291,1.5091544563806116,-1.1815448669179325,1.67568461233448,-51.527566154419674,14.6491253152486,1.5786117172615117,-0.11105474588451363,0.066981155121600966
1.75,0.21703597164470143,-0.54087234774340698,2.7705647094458898,-1.3445353361425461,-1.3438106229781703,1.1115118576044325,-0.71176991849761884,-0.95518099559445635,-0.040673319090683863,0.71988509113958599,-1.3928167986738587,0.23689773153366181,0.44039260852198403,-2.2224386062076897,-3.5129225830023336,-1.2134958578002775,1.633146820684046,-1.2148552864992725,1.6779668827005607,-51.304751165803403,14.36163455875648,1.5729857865887547,-0.10886829592464076,0.068843652181324877
1.76,0.20994044254352848,-0.55053437443918574,2.7699818211046709,-1.3373984657594855,-1.357655081596687,1.1138195415152174,-0.70732106738176037,-0.9771332498627171,-0.075954183734293315,0.70735883820019729,-1.3758702302523893,0.22458414535116872,0.44929337061994523,-2.1677831142424737,-3.5428229212317999,-1.2915830585512713,1.7559619509751545,-1.2477979010451272,1.6743999497171942,-51.087561044047504,14.062501958716105,1.5670938240719867,-0.10669576596263861,0.070846119734345833
1.77,0.20288983860514578,-0.56041316817277709,2.7690446719426465,-1.3303907448091505,-1.3713239546986846,1.1160024489753573,-0.70278572075995083,-0.99853214849694116,-0.11152118911467952,0.69405697916390119,-1.3577018310322679,0.21194310928713581,0.45769325067559374,-2.1117748448763902,-3.5701468152113409,-1.3686055345483823,1.8774956999880588,-1.2803397888850609,1.6649253711568901,-50.876289086008697,13.751529237253603,1.5609369015987649,-0.10454232266025129,0.072982171498525122
1.78,0.19588499989713598,-0.5705031284901374,2.7677505297566647,-1.3235198749663102,-1.3848050897691704,1.118057326069027,-0.69816884021318981,-1.0193643865326061,-0.14734845714052131,0.67999050583354415,-1.3383249315889276,0.19897879452967102,0.46560179706607485,-2.0544585431722053,-3.5948719162821261,-1.4444945491773651,1.9976448832251825,-1.3124481965547548,1.6495150321011898,-50.67126141897684,13.428510455775591,1.5545086887906212,-0.10241236018130766,0.075245006608290005
1.79,0.18892671735866837,-0.5807985241429765,2.7660969222037428,-1.3167934445685769,-1.3980864727409514,1.1199809622267458,-0.69347528885225596,-1.0396171118825446,-0.18340989769345048,0.66517109204130775,-1.3177538891512965,0.18569569882502193,0.47302915260276346,-1.9958800326821846,-3.6169781702601411,-1.5191824434900829,2.1163073695057668,-1.3440905713015983,1.628171919275722,-50.47283603991643,13.093233691579522,1.5477951784087689,-0.10030942332455799,0.077627438125107556
1.8,0.18201573381463571,-0.59129349767076611,2.764081638806366,-1.3102189218510236,-1.4111562382070044,1.121770193480383,-0.68870982546020632,-1.0592779359145765,-0.21967923164624364,0.64961108256465516,-1.2960040766195282,0.17209864430828548,0.479986037046849,-1.9360861738386159,-3.6364478317692979,-1.592602697506341,2.2333821706318786,-1.3752345935026595,1.6009307715773371,-50.281401351427604,12.745482895913899,1.5407744709149851,-0.098236138966140085,0.080121921747712085
1.8100000000000001,0.17515274504747816,-0.60198207008643045,2.7617027327269241,-1.3038036482946878,-1.4240026795185583,1.1234219056948507,-0.68387709881314107,-1.0783349436084055,-0.25613001401366176,0.63332348143465067,-1.273091870690827,0.1581927750105038,0.48648372894579217,-1.8751248214227709,-3.6532654764362995,-1.6646899904281693,2.3487695300901961,-1.4058482089630413,1.5678586019741902,-50.097374193832593,12.385039926731045,1.5334166210427609,-0.096194156825798835,0.082720584466696237
1.8200000000000001,0.16833840092488167,-0.61285814566146046,2.7589585223100648,-1.2975548320949826,-1.4366142587600126,1.1249330377732534,-0.67898164218590706,-1.0967767032827656,-0.29273565721451111,0.6163219396478079,-1.2490346391034139,0.14398355404351201,0.49253404681230473,-1.8130447811530077,-3.6674180109391799,-1.7353802597110426,2.4623710107087371,-1.4358996610627177,1.5290550863119974,-49.921197377283498,12.011686747706646,1.5256835488315712,-0.094184100451356098,0.085415252923729729
1.8300000000000001,0.16157330658146576,-0.62391551680611779,2.7558475923919596,-1.2914795417559257,-1.4489796165919351,1.1263005848322876,-0.67402786804920878,-1.1145922758842193,-0.32946945442343423,0.59862074229316287,-1.2238507270094869,0.12947676046420392,0.4981493296682814,-1.7498957654335576,-3.6788946809035235,-1.8046107589375966,2.5740895811886371,-1.4653575227199926,1.4846528149185529,-49.753336722324185,11.625207783458245,1.5175290171642484,-0.092205529186112772,0.08819748125407835
1.8400000000000001,0.15485802365252052,-0.63514786904030018,2.7523687953756939,-1.2855846998159701,-1.4610875819534805,1.127521601344682,-0.66902006296435024,-1.1317712238294195,-0.36630460299088252,0.58023479510682674,-1.1975594424888083,0.11467848582021675,0.50334241697677207,-1.6857283483062804,-3.6876870766423537,-1.8723201144405652,2.6838297014321029,-1.4941907281398861,1.4348174032460528,-49.594277621886661,11.225392419290547,1.5088986774267106,-0.090256911746324303,0.091058578211928601
1.8500000000000001,0.14819307155777936,-0.64654878605056343,2.7485212520722078,-1.2798770767110965,-1.4729271816156992,1.1285932042455165,-0.66396238268163021,-1.1483036193930871,-0.40321422790969785,0.56117961046677645,-1.1701810412153681,0.09959513037933565,0.5081266279858172,-1.6205939196484545,-3.6937891367377782,-1.9384483806228503,2.7914974065887388,-1.5223686043158553,1.3797474581125768,-49.444521142225597,10.812037632241344,1.4997301844830737,-0.088335611893117227,0.093989633400952552
1.8600000000000001,0.14157892883316747,-0.65811175482872097,2.744304352306421,-1.2743632847807049,-1.4844876495773343,1.1295125759992608,-0.65885884744812939,-1.1641800526343746,-0.44017140530671883,0.54147129284117046,-1.1417367102903024,0.084233399045245794,0.5125157405085804,-1.5545446386602897,-3.6971971494644524,-2.0029370939238658,2.8970003897436296,-1.5498609022534791,1.3196743963849178,-49.304579684760114,10.384950738710465,1.4899533817297568,-0.086437886537684777,0.09698154245722633
1.8700000000000001,0.13501603450840172,-0.66983017088737207,2.7397177552884164,-1.2690497724216963,-1.4957584362948333,1.1302769676244178,-0.6537133375304125,-1.1793916388547394,-0.47714918593783628,0.52112652370398327,-1.1122485512550428,0.068600296962569626,0.5165239691648702,-1.4876333866865423,-3.6979097520569932,-2.0657293253825957,3.0002480831717846,-1.576637827884916,1.2548621131742737,-49.17497223516061,9.9439522425369375,1.4794905565611485,-0.08455889647263394,0.10002503105766943
1.8799999999999999,0.12850478952826619,-0.68169734354763645,2.7347613897497389,-1.2639428183960024,-1.5067292177384601,1.1308837016726752,-0.64852958895740698,-1.1939300255808938,-0.51412061866496639,0.50016254593221621,-1.0817395622993955,0.052703124814430666,0.52016594310972486,-1.41991371941719,-3.6959279278254988,-2.1267697317491616,3.1011517380848668,-1.6026700726432175,1.185606496785566,-49.056219230263281,9.4888787660558638,1.4682567661481449,-0.082692729778179097,0.10311067765427401
1.8899999999999999,0.12204555821534013,-0.69370650129432221,2.7294354538451051,-1.2590485262966733,-1.5173899042665193,1.13133017515951,-0.64331118948843924,-1.2077873990668408,-0.55105877389343505,0.47859714769945788,-1.0502336196799948,0.036549473816108846,0.52345668327532502,-1.3514398185126797,-3.6912550011253189,-2.1860046050980237,3.1996245027974788,-1.6279288436658215,1.1122347877660312,-48.948837077474536,9.0195860454287686,1.4561602330003351,-0.080832437811482125,0.10622893486215808
1.8999999999999999,0.11563866977189546,-0.7058507971936816,2.7237404148200293,-1.2543728191774863,-1.5277306493098881,1.1316138624432268,-0.63806157481118819,-1.2209564903094827,-0.58793676694837183,0.45644864588098383,-1.0177554583652983,0.020147220408634411,0.52641157915305548,-1.2822664426998107,-3.6838966301893024,-2.2433819208974279,3.2955814992417469,-1.6523858935968745,1.0351047794404975,-48.85333236521609,8.5359519704076963,1.4431028093534766,-0.078970083552594744,0.10937014945759134
1.9099999999999999,0.10928441981864977,-0.71812331436887455,2.7176770084450768,-1.2499214343508818,-1.5377418578591995,1.1317323180494492,-0.63278402497399289,-1.2334305805727297,-0.62472778136877283,0.4337358689860753,-0.98433065192398206,0.0035045206564970409,0.52904636514301229,-1.2124488783847167,-3.6738607978326669,-2.2988513844911149,3.3889398977604421,-1.6760135499583579,0.95460385730371089,-48.770195806622823,8.0378796476727636,1.4289805089964258,-0.077096801952681565,0.11252458097026251
1.9199999999999999,0.10298307196800627,-0.73051707152819223,2.7112462382176781,-1.2456999183588673,-1.5474141947471998,1.1316831794381239,-0.62748166105671577,-1.245203506415524,-0.66140509209803533,0.41047813963362367,-0.94998559167429519,-0.013370195646082512,0.53137709649878473,-1.1420428898298909,-3.6611578000426941,-2.3523644759498934,3.4796189901104637,-1.6987847440603723,0.87114787457619292,-48.699895962112379,7.5253004659862235,1.4136841047262103,-0.075202871810734512,0.11568241888188194
1.9299999999999999,0.096734859429374778,-0.74302502854106633,2.7044493743326417,-1.2417136221213885,-1.5567385927189801,1.1314641697101575,-0.62215744208406665,-1.2562696642196496,-0.6979420885498635,0.38669525658755294,-0.91474746511261018,-0.030468231155554151,0.53342012489578694,-1.0711046689425563,-3.6458002324673995,-2.4038744932521343,3.5675402606101261,-1.7206730394212917,0.78517986113508709,-48.642872789566667,6.9981771406384148,1.3970997891959791,-0.073277798594746202,0.11883379847045594
1.9399999999999999,0.090539986644133541,-0.75564009205683769,2.6972879524227213,-1.2379676962664703,-1.5657062602829683,1.1310731002508283,-0.61681416218500074,-1.266624014213678,-0.73431229752862437,0.3624074763689506,-0.87864423364004862,-0.047780627441071671,0.53519207365182642,-0.99969078472200812,-3.6278029748192826,-2.4533365937538982,3.6526274553654128,-1.7416526596689637,0.69716856292636864,-48.599531073674896,6.4565067140329404,1.3791098964986244,-0.071310407523001149,0.12196881536595619
1.95,0.084398630947750047,-0.76835512116123261,2.689763772070787,-1.2344670866462839,-1.5743086893357556,1.1305078733071965,-0.61145444800153559,-1.2762620839898886,-0.77048940598339333,0.33763549446220775,-0.84170460960671645,-0.065298171722824858,0.53670981262901918,-0.92785813241385395,-3.6071831732122379,-2.5007078339110169,3.7348066495121039,-1.761698515894554,0.60760680887699736,-48.570233788458935,5.9003234887743812,1.3595936814080667,-0.069288946131083065,0.12507753890840947
1.96,0.078310944256558448,-0.78116293306546158,2.6818788950953851,-1.2312165300431093,-1.582537662554043,1.1297664844967727,-0.60608075635001268,-1.2851799715114578,-0.80644728357511331,0.31240042613283109,-0.80395803269369137,-0.083011403881055809,0.53799043284648507,-0.85566388241928815,-3.5839602204515733,-2.5459472072170772,3.8140063124125456,-1.7807862334311346,0.51700970228500698,-48.555295449109074,5.3297018692915952,1.3384281527811082,-0.067201195470560707,0.12815002442341439
1.97,0.072277054776645422,-0.79405630882283196,2.6736356436116342,-1.2282205500689849,-1.5903852605471764,1.128847025244766,-0.60069537213755797,-1.2933743476077242,-0.84216000503651267,0.28672378687493888,-0.76543464565351838,-0.10091062372987138,0.53905122083365986,-0.78316542900777708,-3.558155734299052,-2.58901568032298,3.8901573707476333,-1.7988921780295992,0.42591263370687432,-48.5549755109827,4.7447590878552717,1.3154889572048529,-0.065034589015916855,0.1311763245525687
1.98,0.066297068732289133,-0.80702799906774692,2.665036597869646,-1.2254834532626586,-1.5978438687639727,1.1277476851472967,-0.59530040653618099,-1.3008424579557973,-0.87760187230464592,0.26062747250678764,-0.72616526943055104,-0.1189858985496892,0.53990963275428205,-0.71042033888162792,-3.5297935337367017,-2.6298762273054588,3.9631932694465988,-1.8159934814050471,0.33486911252231522,-48.569471874934138,4.1456577908404553,1.2906513085588145,-0.062776338296839429,0.13414649979707516
1.99,0.060371072111356179,-0.82007072977194517,2.6560845938728455,-1.2230093253872647,-1.6049061841477361,1.1264667542580151,-0.58989779541665399,-1.3075821245472738,-0.91274743640617362,0.23413373893300149,-0.68618137768303877,-0.13722707087188979,0.54058326833145254,-0.63748629964104586,-3.4988996132550105,-2.668493862053686,4.0330500303991128,-1.8320680661273283,0.24444841467489148,-48.598914559036999,3.53260846124379,1.2637909587471128,-0.060413564222945457,0.13705062845172988
2,0.054499132425057537,-0.83317720801283179,2.6467827207787487,-1.2208020279319676,-1.6115652215336,1.1250026252956449,-0.58448929804400507,-1.3135917466393088,-0.94757151907575676,0.2072651815924659,-0.64551507072939818,-0.15562376650898688,0.54108984460432952,-0.56442106819830473,-3.4655021151929337,-2.704835668744884,4.0996663088962926,-1.8470946698300348,0.15523304460216961,-48.643359597212921,2.9058716537974294,1.2347852044457985,-0.057933433026716177,0.13987881612343922
2.0099999999999998,0.048681300479431602,-0.84634012774873901,2.6371343180849771,-1.2188651948206173,-1.6178143197825461,1.1233537957700244,-0.57907649603616229,-1.3188703011897791,-0.98204923408823352,0.18004471461113458,-0.60419904894165621,-0.17416540282337614,0.54144716954730698,-0.49128241918970805,-3.4296313001589822,-2.7388708303816696,4.1629834477492755,-1.8610528687128314,0.067816010119015002,-48.702783225276335,2.2657600195314322,1.2035139243048658,-0.055323295717153859,0.14262120504322331
2.02,0.042917612155920083,-0.85955217559596186,2.6271429726034583,-1.2172022293302707,-1.6236471476466925,1.1215188700242946,-0.57366079258696134,-1.323417342776755,-1.0161560082855456,0.15249554967925533,-0.56226658560950971,-0.19284119722747314,0.54167311558262454,-0.41812809343390828,-3.3913195155643585,-2.7705706553656908,4.2229455290361635,-1.8739231003126751,-0.017202089962129442,-48.777076414437133,1.612640097324775,1.1698606406456202,-0.052570829910599776,0.14526798339321975
2.0299999999999998,0.037208090198390879,-0.87280603660240774,2.6168125152259627,-1.2158163012222361,-1.6290577093606742,1.1194965611909642,-0.56824341195443129,-1.3272330030029911,-1.0498676022796753,0.1246411746727953,-0.51975149929899256,-0.21164017590780113,0.5417855930175256,-0.34501574648515232,-3.3506011623009213,-2.7999086020839492,4.279499423430301,-1.8856866855201135,-0.09921616436937282,-48.866039811357894,0.94693385085505466,1.1337135993043965,-0.049664182885485325,0.14780939488038128
2.04,0.031552746003944393,-0.8860944000127291,2.6061470174843082,-1.2147103440881017,-1.634040349954186,1.1172856930596413,-0.56282539921495645,-1.3303179893866257,-1.0831601308132539,0.096505332039002995,-0.47668812573011443,-0.23055118276538347,0.5418025234371856,-0.27200289732975808,-3.3075126595983777,-2.8268603014861378,4.332594837065157,-1.8963258498175712,-0.17761991131538543,-48.969379142436729,0.26911993040836979,1.0949668608961889,-0.046592114693742206,0.15023574879624096
2.0499999999999998,0.025951581414852907,-0.89940996501979154,2.5951507879087439,-1.2138870529130008,-1.6385897602809987,1.1148852018543167,-0.55740762028360047,-1.3326735837397616,-1.1160100827597634,0.068111996966352423,-0.4331112891983725,-0.24956288856452111,0.54174181308468106,-0.19914687727410701,-3.2620924080968541,-2.8514035776331359,4.3821843558932052,-1.9058237437172194,-0.25180927910245127,-49.086701138077885,-0.42026535975501345,1.0535213964102996,-0.043344140152481545,0.15253743080717339
2.0600000000000001,0.020404590508960738,-0.91274544649738465,2.5838283681882066,-1.2133488818581712,-1.642700981760016,1.1122941379181492,-0.55199076220056065,-1.334301640037084,-1.1483943407457204,0.039485355359199892,-0.38905627356534478,-0.26866380028186981,0.54162132625932935,-0.12650477907202334,-3.2143807511725431,-2.8735184661988042,4.428223487498685,-1.9141644623767806,-0.3211860982974547,-49.217510030316319,-1.1206274063708668,1.0092861797086632,-0.039910668534761308,0.15470491472188561
2.0699999999999998,0.014911761385895695,-0.92609358070907122,2.5721845291363259,-1.213098042264662,-1.6463694108241893,1.1095116673037915,-0.54657533368342459,-1.3352045817771485,-1.1802902003775182,0.010649781637745158,-0.34455879284407842,-0.28784227064746237,0.54145885876471334,-0.054133406339341363,-3.1644199345558106,-2.8931872309090885,4.4706707003262869,-1.921333064372355,-0.38516187568490412,-49.361204674287762,-1.8313129607768399,0.96217926918118635,-0.036283139777357303,0.15672877548227662
2.0800000000000001,0.0094730779464254657,-0.93944713098813526,2.560224266467193,-1.2131365008798229,-1.6495908030733668,1.106537073267386,-0.54116166594455872,-1.3353853988394482,-1.2116753890561125,-0.018370183616050004,-0.29965496140522468,-0.30708650786917735,0.54127211143768328,0.017910776697087342,-3.1122540642825784,-2.9103943779044283,4.5094874602903507,-1.9273155896081633,-0.44316173716441859,-49.517076340685591,-2.5516101556917605,0.91212887052630565,-0.032454156026171022,0.15859970362018683
2.0899999999999999,0.0040885216623245714,-0.95279889338358403,2.5479527963851289,-1.2134659783080231,-1.652361277127421,1.1033697576644297,-0.53574991377267889,-1.3348476438408396,-1.242528084363036,-0.047549856145708926,-0.25438126383035092,-0.32638458553189265,0.54107866378954794,0.089571695068835749,-3.0579290630214455,-2.9251266680134003,4.5446382647314536,-1.9320990763438788,-0.49462850339752634,-49.684307222528453,-3.2807488777729317,0.85907437237518891,-0.028417607346152521,0.16030852141571808
2.1000000000000001,-0.0012419266658949802,-0.96614170226723795,2.5353755509927884,-1.2140879476868176,-1.6546773181762529,1.1000092422458159,-0.53034005687731411,-1.3335954279953746,-1.2728269320017676,-0.076864430619759297,-0.2087745244390477,-0.34572445266243751,0.54089594779058059,0.16079371250729216,-3.0014926248203406,-2.9373731269275085,4.5760906736898015,-1.9356715773210476,-0.53902687836565299,-49.861969695298427,-4.0179015064681458,0.80296734627039312,-0.024168790432511321,0.161846200982629
2.1099999999999999,-0.0065182851660015619,-0.9794684358969431,2.522498173522151,-1.2150036335895837,-1.6565357812235491,1.096455169852433,-0.52493190149458235,-1.3316334164820527,-1.30255106327883,-0.10628900332244669,-0.16287187651686999,-0.36509394395121464,0.54074122182882489,0.23152168041077298,-2.942994168318072,-2.9471250532689988,4.603815338467216,-1.9380221749709381,-0.5758477271240634,-50.049026364805528,-4.7621840274352802,0.7437725023515106,-0.019704519173893518,0.16320388449256781
2.1200000000000001,-0.011740569168423247,-0.99277202193103453,2.5093265133930536,-1.2162140111554332,-1.6579338940214388,1.0927073055068011,-0.51952508225237559,-1.3289668233254632,-1.331680112109549,-0.13579859491459217,-0.1167107312712875,-0.38448079012125463,0.54063154487402765,0.30170098629182684,-2.8824847884673468,-2.9543760245455788,4.6277860274521299,-1.9391409956870147,-0.60461241498848084,-50.244330932021271,-5.5126575264236353,0.68146859199742382,-0.015023225936623689,0.16437290673246419
2.1299999999999999,-0.016908789500562193,-1.0060454428891803,2.4958666211041143,-1.2177198054469951,-1.6588692596934607,1.0887655374003236,-0.51411906429275411,-1.3256014057947438,-1.3601942315337743,-0.1653681732433894,-0.070328746543199636,-0.40387262843523675,0.54058375087729549,0.37127760165953883,-2.8200172068173468,-2.9591219009878826,4.6479796491843866,-1.9390192231461136,-0.62487717624589145,-50.446629898618809,-6.2683300669995203,0.61604924863497812,-0.010125052462840404,0.16534482016804464
2.1400000000000001,-0.022022950803610403,-1.019281741554841,2.4821247429610009,-1.2195214910364527,-1.6593398590435409,1.0846298777748149,-0.50871314564903847,-1.3215434583267192,-1.3880741097274449,-0.19497267617999747,-0.023763795301663598,-0.42325701333091159,0.54061442343686483,0.4401981292924213,-2.7556457204050644,-2.9613608272675433,4.6643762726393136,-1.9376491106632785,-0.63623747632478977,-50.654565131092845,-7.0281589528788846,0.54752375795308095,-0.0050119293052784432,0.16611142266102782
2.1499999999999999,-0.027083049874399936,-1.0324740263145993,2.4681073156471656,-1.2216192918200075,-1.6593440525489491,1.0803004636970748,-0.50330645987478828,-1.3167998059795529,-1.4153009854963141,-0.22458703446370473,0.022946066050213057,-0.44262142717517527,0.54073987076012153,0.50840984985793991,-2.689426149305993,-2.9610932320957075,4.676959144712991,-1.9350239925661263,-0.6383323272900554,-50.866677295137826,-7.7910533729074594,0.47591774886683463,0.0003123572413231239,0.16666478795790812
2.1600000000000001,-0.032089074034788188,-1.0456154764297141,2.4538209606422825,-1.2240131810607295,-1.6588805820354871,1.0757775577253688,-0.49789797892155263,-1.3113777974236411,-1.4418566632386987,-0.2541861945314971,0.069762629530199405,-0.46195329112693551,0.54097610095164728,0.57586076783555662,-2.6214157828957929,-2.9583218257038251,4.6857147048933125,-1.9311382945755451,-0.63084851264886144,-51.081410165475958,-8.5558774239298288,0.40127379676399549,0.0058421117065076862,0.16699729903424249
2.1699999999999999,-0.037040999531048058,-1.058699347235293,2.4392724784937738,-1.2267028816595418,-1.657948572033441,1.0710615484667794,-0.49248651626199008,-1.3052852974769391,-1.4677235273646088,-0.28374514131184408,0.11664756756442647,-0.48123997609875474,0.54133879765679205,0.64249965670072307,-2.5516733248758512,-2.9530515952105363,4.6906325971039466,-1.9259875431804505,-0.61352467387959919,-51.297115809584426,-9.32145350392571,0.32365193084190841,0.011569690446930535,0.16710168433991598
2.1800000000000002,-0.041938789965706443,-1.0717189752625782,2.4244688429468995,-1.2296878666538755,-1.6565475308131148,1.0661529510244856,-0.48707073025465203,-1.2985306791923172,-1.4928845561591939,-0.31323892096163419,0.16356246507916108,-0.50046881380717945,0.54184329608989334,0.70827610332817215,-2.4802588371165797,-2.9452897978804748,4.6917056787109708,-1.9195683739952865,-0.58615520794269171,-51.512060636819051,-10.086566064890206,0.24313003771171759,0.017485477958076978,0.16697105694792946
2.1899999999999999,-0.046782394764216174,-1.0846677832798917,2.4094171949390573,-1.2329673599433244,-1.6546773510990407,1.0610524073341412,-0.48164912774644253,-1.2911228155049606,-1.5173233350789215,-0.34264266352515904,0.21046885166839516,-0.51962710790149624,0.5425045594758453,0.77314055157348249,-2.4072336823734775,-2.9350459522827443,4.6889300266845249,-1.9118785390899069,-0.54859392242039229,-51.724432297312902,-10.849965712010796,0.15980415391269079,0.023577879288395717,0.16659895656186569
2.2000000000000002,-0.051571747678829188,-1.0975392852478973,2.3941248364639836,-1.2365403372414081,-1.6523383104622558,1.0557606863886149,-0.4762200679084731,-1.283071070448226,-1.5410240694695267,-0.37193160549424598,0.25732823380883663,-0.53870214516062442,0.54333715593331766,0.83704434499290703,-2.3326604659318022,-2.9223318273588572,4.682304940910484,-1.9029169132824628,-0.50075739297992972,-51.932347407796826,-11.610373632778501,0.073788640545260964,0.029833329257099001,0.16597939428543559
2.21,-0.056306765331969794,-1.1103270911848939,2.3785992243117295,-1.2404055272523595,-1.6495310713903097,1.0502786843504668,-0.47078176630076857,-1.274385289946772,-1.5639715966952756,-0.40108111224864468,0.30410212709372464,-0.55768120674770538,0.54435523582743728,0.89993976866212844,-2.2566029762367705,-2.9071614294118211,4.6718329446497382,-1.8926834993869042,-0.44262796667561649,-52.133860074191311,-12.366486336777204,-0.014783766100408935,0.036236319070109345,0.16510690000159725
2.2200000000000002,-0.060987345801386435,-1.1230249119379696,2.3628479636903097,-1.2445614130716298,-1.6462566810349573,1.0446074245516286,-0.46533229916097707,-1.2650757921961713,-1.5861513976697117,-0.43006670035598826,0.35075208845700956,-0.57655157951192182,0.5455725096192986,0.96178009005571585,-2.1791261245669125,-2.8895509870300482,4.6575197821453305,-1.8811794324076714,-0.37425635430697929,-52.326971173520334,-13.116980684061545,-0.10576203327350903,0.042769440806635438,0.16397657214897821
2.23,-0.065613367249282753,-1.1356265638559191,2.3468788017350932,-1.249006233808603,-1.6425165706377791,1.03874805737988,-0.45986960791199266,-1.2551533576385796,-1.6075496077785831,-0.45886405971070815,0.39723974835931897,-0.59530056732695658,0.54700222623909278,1.0225195989497986,-2.100295883809201,-2.8695189339616864,4.6393744133803052,-1.8684069826752041,-0.29576375572806918,-52.509638350446032,-13.860519177273058,-0.19897704433072294,0.049413450111067278,0.16258412962016175
2.2400000000000002,-0.070184686597603171,-1.1481259733599449,2.3306996209120237,-1.2537379864298126,-1.6383125546342501,1.0327018600517963,-0.4543915038831185,-1.2446292185444119,-1.6281530271862874,-0.48744907549153793,0.44352684290730821,-0.61391550245550364,0.54865715200914422,1.0821136463116443,-2.0201792263951037,-2.8470858899568676,4.617409005991739,-1.8543695579168478,-0.2073434637380373,-52.67978667658975,-14.595755489993355,-0.29424194865511827,0.056147347271240475,0.16092596544038154
2.25,-0.074701138251568003,-1.1605171814082416,2.3143184323209089,-1.2587544278207388,-1.6336468294370674,1.02647023627197,-0.44889567323914448,-1.2335150482103368,-1.6479491305177167,-0.51579784991734035,0.48957524587793788,-0.63238375692913285,0.55054955014252283,1.1405186821406719,-1.9388440614576266,-2.8222746395973037,4.5916389243490769,-1.8390717042588134,-0.10926189503965356,-52.83531991384605,-15.321340201310775,-0.39135265137340214,0.062948476694772687,0.15899920181705102
2.2599999999999998,-0.079162532873521124,-1.1727943478506937,2.2977433689050293,-1.2640530770640752,-1.6285219718998269,1.0200547157783952,-0.44337968211145073,-1.2218229497842503,-1.6669260759080495,-0.54388672378127434,0.53534700061942841,-0.65069275393282766,0.55269116084234293,1.1976922922266289,-1.8563591712698415,-2.7951101091345052,4.562082715807442,-1.8225191061558073,-0.0018590007708647535,-52.974132316183209,-16.035926704216198,-0.49008844416807262,0.06979264461096181,0.15680174608119854
2.27,-0.083568656209069364,-1.1849517556699973,2.2809826785734488,-1.2696312179321438,-1.6229409374624257,1.0134569537740343,-0.43784098192501819,-1.2095654447282149,-1.6850727134135752,-0.57169229774346897,0.58080435180065348,-0.66882997918343856,0.55509318202617142,1.2535932337916056,-1.7727941470261488,-2.7656193413597863,4.5287620941492595,-1.8047185852460335,0.11445198568503655,-53.0941208980189,-16.738177253264851,-0.59021277725022636,0.076654254627745624,0.15433234697235015
2.2799999999999998,-0.08791926796744412,-1.1969838151056489,2.2640447172424389,-1.2754859015909474,-1.6169070579798479,1.0066787302446725,-0.43227691491496845,-1.1967554609307032,-1.7023785927773005,-0.59919145336265711,0.62590977698095873,-0.6867829922913069,0.55776625069933328,1.3081814699837606,-1.6882193240279266,-2.7338314685310494,4.4917019202300645,-1.7856780981302607,0.23918549953286589,-53.193198091235701,-17.426769114975897,-0.69147417125937749,0.083506460563250756,0.15159065064988939
2.29,-0.09221410075795386,-1.208885067657357,2.2469379418024871,-1.281613949513156,-1.6104240392362592,0.99972194916328327,-0.42668471982602701,-1.1834063204797638,-1.7188339705437101,-0.62636137384749058,0.67062601797255506,-0.70453943809430886,0.56072042500023134,1.361418203191771,-1.6027057163356559,-2.6997776833831231,4.450930179846937,-1.7654067330746874,0.3717853224574581,-53.269304707325205,-18.10040078271248,-0.79360726650016733,0.090321335751746293,0.14857725574780678
2.2999999999999998,-0.096452859084311171,-1.2206501899645323,2.2296709030174444,-1.2880119565971204,-1.6034959581466381,0.99258863758124061,-0.42106153778808331,-1.1695317271090739,-1.7344298165176191,-0.65317956450847148,0.71491611196776883,-0.72208705795353434,0.56396516694002685,1.4132659071501004,-1.5163249509501555,-2.6634912082502655,4.4064779588506102,-1.7439147056383997,0.51162700741276834,-53.320423116089245,-18.757798216314768,-0.89633400552608122,0.097070057797118414,0.14529376672752681
2.3100000000000001,-0.10063521839857145,-1.232273997558659,2.2122522383623719,-1.2946762944888359,-1.5961272596484188,0.98528094460680704,-0.41540441836079001,-1.1551457533290985,-1.7491578195627642,-0.67962387289181758,0.75874342240375503,-0.73941370099988746,0.56750932585835434,1.4636883578065136,-1.4291492015856821,-2.625007262331156,4.3583794155247331,-1.7212133532272065,0.6580210606018001,-53.344590547854786,-19.39772106557546,-0.9993649436534523,0.10372310751663294,0.14174284472680099
2.3199999999999998,-0.10476082421632858,-1.2437514484854506,2.1946906648067319,-1.3016031151035712,-1.5883227532859174,0.97780114027144793,-0.40971032573993854,-1.1402628272558815,-1.7630103927363323,-0.70567250857679864,0.8020716695374166,-0.75650733532085079,0.57136112261593119,1.5126506629243421,-1.3412511220981513,-2.5843630271284623,4.3066717502584018,-1.6973151285767221,0.81021688055259955,-53.33991242233779,-20.01896883576633,-1.1024006805513187,0.11025048058749115,0.13792825505321321
2.3300000000000001,-0.10882929129475709,-1.255077646793842,2.1769949715495502,-1.3087883543437173,-1.5800876094905658,0.97015161428462005,-0.40397614511813618,-1.1248977191502494,-1.7759806777563265,-0.73130406261850667,0.84486496070366701,-0.77335605907676008,0.57552813454416396,1.5601192903934047,-1.2527037796317122,-2.5415976100967201,4.2513951725404135,-1.6722335921685472,0.96740744312457927,-53.304575604190475,-20.620386952870689,-1.205133404623562,0.1166219101826747,0.13385491043044251
2.3399999999999999,-0.11284020287499558,-1.2662478458889708,2.1591740127132697,-1.3162277360092152,-1.5714273555602631,0.96233487467779799,-0.39819868919212853,-1.109065527680466,-1.7880625487992392,-0.75649752661827152,0.88708782023033894,-0.78994811153591038,0.5800172811710177,1.6060620952246112,-1.163580587547296,-2.4967520065339861,4.1925928653062927,-1.64598340358449,1.1287347097078504,-53.236861482941926,-21.200872685961812,-1.3072485404977667,0.12280709866535081,0.12952890907590259
2.3500000000000001,-0.1167931099903077,-1.2772574517464672,2.1412367000029651,-1.3239167758967541,-1.5623478713413972,0.95435354633859293,-0.39237470480889808,-1.0927816659216203,-1.7992506156261987,-0.78123231140438543,0.92870521898349678,-0.80627188401793415,0.58483481074161248,1.6504483452047181,-1.0739552381966244,-2.4498690597542754,4.1303109466714361,-1.6185803118047331,1.2932957240190746,-53.135158773559141,-21.759380884312097,-1.4084264885818625,0.12877595620739601,0.12495756667149245
2.3599999999999999,-0.12068753084136169,-1.2881020259854674,2.1231919953376788,-1.3318507860837545,-1.5528553846173772,0.94621036943594872,-0.38650087974251257,-1.0760618471052632,-1.8095402260363342,-0.80548826530609119,0.96968260351712832,-0.82231593073489229,0.58998628755113147,1.6932487451888858,-0.98390163560542121,-2.4009934195794989,4.0645984290862467,-1.5900411444569422,1.4601493509773948,-52.997975933258168,-22.29492948732625,-1.5083444443646514,0.13449884401227619,0.12014944128669916
2.3700000000000001,-0.12452295023990154,-1.2987772887979432,2.1050489034605713,-1.3400248793929954,-1.5429564662077466,0.93790819773747369,-0.38057384959351254,-1.0589220701330133,-1.8189274676468001,-0.82924569200428511,1.0099859248016834,-0.83806897951966186,0.59547658010678028,1.7344354600101575,-0.89349382812928113,-2.3501714991910112,3.9955071759513361,-1.5603837960242632,1.6283235994132041,-52.823953090537216,-22.806604766280309,-1.6066782839420177,0.13994681966049038,0.11511435032673428
2.3799999999999999,-0.12829881912198657,-1.3092791217320339,2.086816464534651,-1.3484339740335549,-1.5326580247822288,0.92944999682010132,-0.37459020480246735,-1.0413786048680709,-1.8274091689994743,-0.85248536794267948,1.0495816665062103,-0.85351994243122009,0.60130985013460325,1.773982135986218,-0.80280594114582859,-2.2974514303825795,3.9230918557333587,-1.5296272150212336,1.7968234590733387,-52.611873383717203,-23.293566258112708,-1.7031045011664676,0.14509188196176762,0.10986337860918483
2.3900000000000001,-0.13201455413190297,-1.3196035703272504,2.0685037467307943,-1.3570727984136064,-1.5219673013942809,0.92083884217535272,-0.3685464977691767,-1.0234479772187446,-1.8349828999950257,-0.87518855928369699,1.0884368728093514,-0.86865792622657911,0.60748954244609665,1.8118639210052641,-0.71191210984639108,-2.2428830172578906,3.8474098936241621,-1.497791390147575,1.9646391718033456,-52.360673608594922,-23.755051353163388,-1.7973021808652847,0.1499072125967375,0.10440887672190263
2.3999999999999999,-0.1356695372777609,-1.3297468465995308,2.0501198388147883,-1.3659358961204295,-1.5108918637389992,0.91207791721059228,-0.3624392500688472,-1.0051469540283089,-1.8416469716556669,-0.8973370383937409,1.1265191757148127,-0.88347224268918501,0.61401837567861295,1.8480574831741321,-0.6208864121904254,-2.186517688417279,3.7685214207883519,-1.4648973354308905,2.1307548471651572,-52.069454078157456,-24.190379500781301,-1.888954991769825,0.15436741176587759,0.098764448883383954
2.4100000000000001,-0.13926311565970029,-1.3397053313742859,2.0316738427400867,-1.3750176310628608,-1.4994396001404431,0.90317051114775493,-0.35626495975644107,-0.98649252778561858,-1.8474004352185183,-0.91891309984297687,1.1637968218474657,-0.89795241880374554,0.62089833392259008,1.8825410280133055,-0.52980280208543529,-2.1284084476796403,3.6864892212463847,-1.430967074370215,2.2941573243373505,-51.737487601682737,-24.598955999116082,-1.9777531821638101,0.15844872503875429,0.092944929615095873
2.4199999999999999,-0.14279460127154298,-1.3494755764657147,2.0131748662529803,-1.384312192771249,-1.4876187132736984,0.89412001682113884,-0.35002010875027006,-0.96750190117111012,-1.8522430805621599,-0.93989957590519335,1.2002386987066462,-0.91208820676754365,0.62813065924769751,1.9152943141847674,-0.43873504285501791,-2.068609823386947,3.6013786764426436,-1.396023623093418,2.4538451751740813,-51.364227495957003,-24.980275338162421,-2.0633955608073022,0.1621292586146999,0.086966348643106928
2.4300000000000002,-0.14626327087664176,-1.3590543067008221,1.9946320155168076,-1.3938136018498621,-1.4754377136272097,0.8849299283759392,-0.34370117028578423,-0.94819247145290186,-1.8561754339695702,-0.96027985154384254,1.2358143603537903,-0.92586959382846035,0.63571584513903134,1.9462986677401821,-0.34775664105702997,-2.0071778163399498,3.5132577075498728,-1.3600909725423291,2.6088377379764083,-50.949314547761347,-25.333924068218487,-2.1455914454389347,0.16538918026914007,0.080845883573458482
2.4399999999999999,-0.14966836595857846,-1.3684384217867052,1.9760543877618559,-1.4035157155765161,-1.4629054127111663,0.87560383886931126,-0.33730461643040677,-0.92858181474787294,-1.8591987552312483,-0.98003787887078031,1.2704940525119974,-0.93928681194003916,0.64365363085345983,1.9755369948782462,-0.25694078071368581,-1.9441698464150816,3.4221967155636031,-1.3231940697005242,2.7581840680287164,-50.492582854182174,-25.659583169330428,-2.2240625611122504,0.16821090336887171,0.074601800031007665
2.4500000000000002,-0.15300909274727778,-1.3776249980198416,1.9574510639674965,-1.4134122336441126,-1.4500309160179163,0.86614543777583575,-0.33082692565016447,-0.90868767016264484,-1.8613150340929543,-0.99915819106481141,1.3042487370557398,-0.95233034722411836,0.65194299670526468,2.0029937932015822,-0.16636025801459381,-1.8796446979135644,3.3282685192420001,-1.2853587978795307,2.9009716894146451,-49.994064475645018,-25.957029900998776,-2.2985448707912779,0.17057925149483125,0.068253379113403928
2.46,-0.15628462232100609,-1.3866112898362453,1.938831101583111,-1.4234967040385971,-1.4368236157406293,0.85655850839936221,-0.32426459041878675,-0.8885279238295487,-1.862526986053094,-1.0176259157375882,1.3370501158694159,-0.96499094923167439,0.66058216028917738,2.0286551614649291,-0.076087416553450304,-1.8136624636950966,3.2315482909487327,-1.2466119560802458,3.036335033143736,-49.453992845794588,-26.226139115385031,-2.3687903210189551,0.17248160141126839,0.061820832188410807
2.4700000000000002,-0.15949409078463783,-1.3953947312015254,1.9202035272942606,-1.4337625290477765,-1.4232931832566065,0.84684692519328364,-0.31761412485984875,-0.86812059285266763,-1.8628380475153949,-1.0354267877350092,1.3688706540541156,-0.97725963999274235,0.66956857364792777,2.0525088078079379,0.013805916841784732,-1.7462844881494053,3.1321134904581371,-1.206981237447174,3.1634634492425953,-48.872804892374127,-26.466884021446255,-2.434568486081794,0.17390800236375198,0.055325203251299179
2.48,-0.16263659952446444,-1.4039729368400142,1.9015773298405383,-1.4442029713952682,-1.4094495613818769,0.83701465099141426,-0.31087207241249726,-0.8474838091791651,-1.8622523703030931,-1.0525471613627289,1.3996836024624806,-0.98912772284640627,0.6788989213903398,2.0745440564672535,0.10324849562582457,-1.6775733090601865,3.0300437967840415,-1.1664952068340906,3.281608685189275,-48.251141834005203,-26.679336391797641,-2.495668094921272,0.17485126997192818,0.048788259256483169
2.4900000000000002,-0.16571121553974355,-1.4123437033023019,1.8829614528914331,-1.4548111604937892,-1.3953029564038757,0.82706573415169371,-0.30403501351121853,-0.82663580341109988,-1.8607748155414638,-1.0689740220250177,1.4294630195422546,-1.0005867910420947,0.68856911976502111,2.0947518529641425,0.19216971634171434,-1.6075925984167685,2.9254210380951475,-1.1251832775004971,3.3900917298455147,-47.589848629131339,-26.863666208618547,-2.5518984260812618,0.17530705330228616,0.042232369040343609
2.5,-0.16871697185107148,-1.4205050098706513,1.8643647879865073,-1.4655800988118499,-1.3808638298992311,0.81700430561506665,-0.29709957327007819,-0.80559488857300821,-1.8584109469160868,-1.0846949972666968,1.4581837924696679,-1.0116287361035716,0.69857431669360426,2.1131247677653024,0.28049968065735409,-1.5364071022299681,2.8183291197818305,-1.0830756869592217,3.4883089307618138,-46.889972065250326,-27.020140749526156,-2.6030905572200589,0.17527387405621125,0.035680371656426124
2.5099999999999998,-0.17165286798558491,-1.4284550193019374,1.8457961675460663,-1.4765026683478486,-1.3661428903438344,0.80683457588193641,-0.29006242916181146,-0.78437944385050373,-1.855167023314837,-1.0996983672085039,1.4858216575545444,-1.0222457559472526,0.70890889276648483,2.129656998416066,0.36816925657612815,-1.4640825794093255,2.7088539507406506,-1.0402034719962374,3.5757373032420143,-46.152757488790265,-27.149123118994687,-2.6490984571418101,0.17475313718334581,0.029155435145636857
2.52,-0.1745178705388846,-1.4361920784078845,1.8272643579584644,-1.4875716372054455,-1.351151084522582,0.79656083190870131,-0.28292031868214051,-0.76300789831519289,-1.8510499908621261,-1.1139730743667695,1.512353219899611,-1.0324303627466667,0.71956646320290785,2.1443443701465972,0.45511013876555773,-1.3906857397599044,2.5970833679447005,-0.99659844288470412,3.6519389616546305,-45.379644188447962,-27.251070235544013,-2.6897999098971064,0.17374911262299195,0.022680906958335079
2.5299999999999998,-0.17731091381348801,-1.443714718472551,1.8087780527500716,-1.498779666264016,-1.3358995887463225,0.78618743392695323,-0.27567004698966674,-0.7414987146511518,-1.8460674743544991,-1.1275087328489071,1.5377559722972258,-1.0421753905351254,0.73053988077621201,2.157184334953222,0.54125490794900399,-1.3162841811575199,2.4831070593692974,-0.9522931568159767,3.7165646169245017,-44.572259457351542,-27.326530289507719,-2.725097262245856,0.17226888827970926,0.016280157427795788
2.54,-0.18003090053352197,-1.4510216555071527,1.7903458658438238,-1.5101193159379145,-1.3203997998837096,0.77571881218797933,-0.2683084945116781,-0.71987037289819411,-1.8402277681072259,-1.1402956369168014,1.5620083133474552,-1.0514740025388871,0.74182123970398828,2.1681759691584728,0.62653708930646146,-1.2409463259619757,2.3670164853439695,-0.90732089057109389,3.7693560986520422,-43.732411371883678,-27.376139690661645,-2.7549179876428891,0.17032229474566077,0.0099764178609571541
2.5499999999999998,-0.18267670263525818,-1.4581117903424603,1.7719763249122262,-1.5215830530181684,-1.3046633262158418,0.76515946363532406,-0.26083262450624273,-0.69814135422713264,-1.8335398262220575,-1.1523247689107612,1.5850895647820773,-1.0603196982333356,0.75340188050180656,2.1773199694548961,0.71089120983137999,-1.1647413567286886,2.2489047984033101,-0.86171561245710826,3.8101478755794953,-42.862080337245743,-27.400619529296925,-2.7792150618718274,0.16792180268382714,0.003792614958420884
2.5600000000000001,-0.18524716213301481,-1.4649842085591791,1.7536778648305154,-1.5331632575901988,-1.2887019781216837,0.75451394850819287,-0.25323949057095468,-0.67633012476214904,-1.82601325228685,-1.1635878065273424,1.6069799879799191,-1.0687063201149551,0.76527239579815065,2.1846186474391494,0.79425285459179429,-1.0877391512794905,2.1288667617102885,-0.81551195353323391,3.8388675638282201,-41.963409461693097,-27.400771578404143,-2.7979671474873662,0.1650823941750256,-0.0022487966027175538
2.5699999999999998,-0.1877410920598355,-1.471638180256843,1.7354588212356326,-1.5448522300210485,-1.2725277586024482,0.74378688687859762,-0.24552624408873705,-0.6544551194653524,-1.8176582885182748,-1.1740771294449213,1.6276607996595791,-1.0766280601821161,0.77742263710707871,2.1900759226443323,0.8765587218449481,-1.0100102171941991,2.006998666127239,-0.76874517815263943,3.8555354281289405,-41.038693832677531,-27.377473868446977,-2.8111785862998535,0.16182140970013273,-0.0081260014959308458
2.5800000000000001,-0.19015727748227587,-1.4780731596619368,1.7173274241964904,-1.5566421980096008,-1.2561528536532025,0.73298295512516609,-0.23769014160114973,-0.63253472609846206,-1.8084858043593062,-1.1837858252915567,1.6471141867364376,-1.0840794661179769,0.78984172255412166,2.1936973140799751,0.95774667695609073,-0.93162562578472607,1.8833982460104979,-0.72145115384624425,3.8602628968187926,-40.090368778725086,-27.331675869695673,-2.8188792012184511,0.15815837276979075,-0.013817988992253616
2.5899999999999999,-0.19249447658851643,-1.4842887845760733,1.6992917920009569,-1.5685253236931451,-1.2395896224901537,0.72210688234665055,-0.2297285520996919,-0.61058726927653539,-1.7985072845437242,-1.1927076949502546,1.6653233203315323,-1.0910554471690332,0.80251804554981698,2.1954899302905275,1.0377558050730225,-0.85265694561431971,1.7581645938063317,-0.67366632057574416,3.8532501263535481,-39.120997210625532,-27.264393320221497,-2.8211239108286725,0.15411479452056209,-0.01930471410786079
2.6000000000000001,-0.19475142184894326,-1.490284875665238,1.6813599250647899,-1.5804937108036854,-1.2228505876421178,0.71116344671818865,-0.22163896422566159,-0.58863099462844348,-1.7877348166402669,-1.2008372571974224,1.6822723689207431,-1.0975512797131726,0.81543928440426583,2.1954624579445832,1.1165264625096394,-0.77317617562449636,1.631398073526253,-0.62542765938350764,3.8347826651664771,-38.133256144255689,-27.17670274038149,-2.8179921620862762,0.14971396086319752,-0.024567252638522968
2.6099999999999999,-0.19692682124822711,-1.4960614355912263,1.6635396999676946,-1.5925394118672662,-1.2059484249148538,0.70015747179346866,-0.21341899336919781,-0.56668405307875802,-1.7761810780896048,-1.2081697526708801,1.6979465106134437,-1.1035626125113203,0.82859241287500629,2.1936251489685272,1.1940003267927208,-0.69325567793289433,1.5032002331813277,-0.57677266046781095,3.8052272796091389,-37.129922514996899,-27.069735676916007,-2.8095871884319275,0.14498070499048299,-0.029587948108620199
2.6200000000000001,-0.19901935958785386,-1.5016186479865723,1.6458388636214727,-1.6046544354396302,-1.1888959532369949,0.6890938227559763,-0.20506638865820437,-0.54476448526551413,-1.7638593227477164,-1.2147011471644871,1.7123319445506375,-1.1090854716370897,0.84196371163950023,2.1899898062396566,1.2701204453278558,-0.61296811036527754,1.3736737162555845,-0.52773929071230496,3.7650270161802024,-36.113858400108278,-26.944672721610701,-2.796035102441758,0.13994116822519972,-0.034350548739634224
2.6299999999999999,-0.2010276998579531,-1.5069568762743906,1.628265027575164,-1.6168307533714308,-1.1717061243964513,0.67797740262258632,-0.19657903982797831,-0.5228902061081776,-1.7507833669496835,-1.2204281342470071,1.7254159014133499,-1.1141162650791212,0.85553878068243816,2.1845697678551947,1.344831282641618,-0.53238635878528096,1.2429221722997235,-0.47836596069928383,3.7146955840717135,-35.087995770505081,-26.802737350819772,-2.7774838338013952,0.13462255231040338,-0.03884033265514425
2.6400000000000001,-0.20295048467718796,-1.5120766623347104,1.6108256624618762,-1.6290603080962553,-1.1543920126762006,0.66681314840277806,-0.18795498396242544,-0.50107898953996444,-1.7369675751083558,-1.2253481372035326,1.737186653032907,-1.1186517870110941,0.86930255258707989,2.1773798899949961,1.4180787661587044,-0.45158346928552245,1.1110501667268899,-0.42869149123678052,3.6548111500709428,-34.055320897080414,-26.645189632992825,-2.7541019249017005,0.12905286631293769,-0.043044219684696211
2.6499999999999999,-0.20478633779937955,-1.5169787250190119,1.5935280925918993,-1.6413350199346683,-1.1369668043985115,0.65560602721684236,-0.17919241209789552,-0.47934845341849536,-1.7224268448627467,-1.2294593102983948,1.7476335210955227,-1.1226892217247104,0.88323930671881146,2.1684365283970748,1.4898103304741501,-0.37063258030384638,0.97816308989310652,-0.37875507943008219,3.5860096439300118,-33.018858538955456,-26.473319851687286,-2.7260771976826312,0.12326067132659252,-0.046950868304868568
2.6600000000000001,-0.20653386568544499,-1.5216639585148177,1.5763794906965161,-1.6536467944074928,-1.1194437873866616,0.64436103237645181,-0.17028967568077627,-0.45771604462853138,-1.7071765917913686,-1.2327605393591201,1.7567468849344616,-1.1262261472212423,0.89733268428809732,2.1577575184663607,1.5599749600823569,-0.28960685472837538,0.84436706554533847,-0.3285962643286614,3.5089776763872234,-31.981656041813753,-26.288442091382407,-2.693615306480293,0.11727482612440418,-0.050550756459205648
2.6699999999999999,-0.20819165913914209,-1.5261334305623293,1.559386872826803,-1.6659875295515265,-1.1018363403533407,0.63308317943105075,-0.16124529287011244,-0.43619902439038372,-1.6912327337061781,-1.2352514416816527,1.7645181884038668,-1.1292605384575565,0.91156570427897532,2.1453621540384962,1.6285232305260828,-0.2085794120552322,0.70976885872104145,-0.27825489218009453,3.424445174076638,-30.946767473767064,-26.091887832747304,-2.6569381925479498,0.11112423682234829,-0.053836245225398094
2.6800000000000002,-0.20975829500503329,-1.5303883805252319,1.5425570934115049,-1.6783491232309342,-1.0841579222249096,0.62177750218351957,-0.15205795467667632,-0.41481445378729903,-1.6746116745430526,-1.2369323652576802,1.7709399458291908,-1.1317907702428491,0.92592078022833535,2.1312711648216034,1.6954073479303926,-0.12762326066230453,0.57447578318296322,-0.22777108132276971,3.3331778356288244,-29.917237924026317,-25.884999602867811,-2.6162824566149228,0.10483761348203394,-0.056801624543711765
2.6899999999999999,-0.21123233792698395,-1.5344302173179223,1.5258968404779696,-1.6907234804375189,-1.0664220614108049,0.61044904867863758,-0.1427265309300603,-0.39357917952494803,-1.6573302878651568,-1.2378043873255433,1.7760057470300044,-1.1338156197826317,0.94037973784014961,2.1155066925403498,1.7605811868878973,-0.046811230262686569,0.43859560847387902,-0.17718518674977987,3.2359695114265645,-28.896088086060573,-25.669124724330999,-2.5718976663129114,0.098443236402053547,-0.05944314048016569
2.7000000000000002,-0.21261234216543831,-1.5382605171915467,1.5094126310399041,-1.7031025205731336,-1.0486423450273568,0.59910287716788058,-0.13325007606551281,-0.37250981993584742,-1.6394058999958314,-1.2378693122468392,1.7797102614118048,-1.1353342688668491,0.95492383341794629,2.0980922658077725,1.8240003266635367,0.033784095399133282,0.30223646667577903,-0.12653776437659028,3.1336346058573343,-27.886299241972658,-25.445609205025487,-2.5240446155354466,0.091968734630994448,-0.061759003766148776
2.71,-0.21389685347162904,-1.5418810213813563,1.4931108066555945,-1.7154781847074954,-1.0308324080853641,0.58774405205413138,-0.12362783472244465,-0.35162275124132286,-1.6208562727979585,-1.2371296687114626,1.7820492411242876,-1.1363463056993341,0.96953377309784472,2.0790527737515414,1.885622085688659,0.11409044554536422,0.16550675895851599,-0.075869535045503991,3.0270005956611019,-26.890798758596855,-25.215791808079814,-2.4729935528062539,0.085440878985312885,-0.063749379627564412
2.7200000000000002,-0.21508441101679732,-1.5452936336180281,1.4769975291600155,-1.7278424428047114,-1.0130059226507528,0.57637763981989409,-0.11385924714666375,-0.33093409408331242,-1.6016995861170638,-1.2355887062744602,1.7830195232844144,-1.1368517263661233,0.98418973286354572,2.0584144384225462,1.9454055543160074,0.19403592899476374,0.028515062002826448,-0.025221348300171087,2.9169007512981593,-25.912446198427478,-24.980998338566085,-2.4190223955221652,0.078885391578062625,-0.065416359185803699
2.73,-0.21617354937441954,-1.5485004175056976,1.4610787765741291,-1.7401873009118407,-0.99517658698769285,0.56500870494264721,-0.10394395438864337,-0.31045970033806147,-1.5819544199056783,-1.2332503912286821,1.7826190312634296,-1.1368509359405108,0.9988713793237658,2.0362047860147827,2.003311625808823,0.27354910036202473,-0.10862996561709755,0.025365854036273609,2.8041671403756556,-24.954020140048371,-24.74253618048941,-2.3624149465165676,0.072326773566182334,-0.066763912974531922
2.7400000000000002,-0.21716280055337053,-1.5515035937695896,1.4453603391944494,-1.7525048083028918,-0.97735811469351397,0.55364230580096141,-0.093881803290284491,-0.29021514022342565,-1.5616397360467302,-1.2301194018178481,1.7808467750378572,-1.1363447492230441,1.0135578912317467,2.0124526169266379,2.0593030255391844,0.35255902576511977,-0.24581967700664184,0.075851074445729735,2.6896239833049211,-24.018205793378375,-24.501689114210869,-2.3034591287730817,0.065788152510863451,-0.067797827365404836
2.75,-0.21805069607985844,-1.5543055373762362,1.429847815865815,-1.764787064571659,-0.95956422383480466,0.54228349057506042,-0.083672851252860073,-0.2702156897112411,-1.5407748598940261,-1.2262011227952629,1.7777028506053467,-1.1353343911149989,1.028227981725524,1.9871879746948291,2.1133443383723334,0.43099534797925854,-0.38294553039427104,0.1261932964282346,2.5740814217592769,-23.107583484935859,-24.259712440865609,-2.2424452533229648,0.059291150423957911,-0.068525624927717632
2.7599999999999998,-0.21883576912592409,-1.5569087745293926,1.414546610440081,-1.7770262266669159,-0.94180862609400118,0.53093729314546989,-0.073317370779044641,-0.25047631825583805,-1.5193794615480241,-1.221501639334001,1.7731884384670777,-1.1338214966242264,1.0428599212669214,1.960442113833148,2.1654020342157034,0.50878835097709185,-0.51989918236111876,0.17635152130963125,2.4583297504093213,-22.224618077607236,-24.017828436590023,-2.1796643344020001,0.052855773249406046,-0.068956469957476882
2.77,-0.2195165566821948,-1.5593159795448623,1.3994619284233101,-1.7892145158634807,-0.92410501593582661,0.51960872899346255,-0.062815853782154221,-0.23101167684952043,-1.497473536885396,-1.2160277302950195,1.7673058011792981,-1.1318081105025883,1.0574315612562586,1.9322474666093565,2.2154444917130252,0.58586902379500339,-0.65657258077193692,0.22628480510939161,2.3431341520713458,-21.37164937825014,-23.7772221555167,-2.1154064648445785,0.046500322208371303,-0.069101060596861608
2.7799999999999998,-0.22009160177254336,-1.5615299716075541,1.3845987738138226,-1.8013442246627858,-0.90646705980284992,0.50830279110696774,-0.05216901565596592,-0.21183608641544069,-1.4750773883609918,-1.2097868608602167,1.7600582799773901,-1.1292966865145633,1.0719203582990926,1.9026376087944283,2.2634420200658152,0.6621691236663565,-0.79285805732352888,0.27595229543428768,2.2292299660463666,-20.550883575034419,-23.539037596586176,-2.049959263476155,0.040241327125375481,-0.068971509122574867
2.79,-0.22055945570822097,-1.5635537114142013,1.3699619461332753,-1.8134077236166399,-0.88890838534941619,0.49702444589563527,-0.04137779909870283,-0.19296352654796295,-1.4522116056010037,-1.2027871745380672,1.7514502904767126,-1.1262900863369243,1.0863033991004658,1.8716472244193154,2.3093668789664412,0.73762123836321702,-0.92864841962708455,0.32531326836346502,2.1173185092671361,-19.76438573489208,-23.304374245312808,-1.9836064049538749,0.034093501555399947,-0.068581212108930423
2.7999999999999998,-0.22091868037897172,-1.5653902977052583,1.3555560376527878,-1.8253974680679321,-0.8714425707231781,0.48577862911875563,-0.030443377685048397,-0.17440762461028872,-1.428897045806331,-1.1950374845500487,1.7414873174553056,-1.1227915780897564,1.1005574259613511,1.8393120695754164,2.3531932966286542,0.81215884768870383,-1.0638370427410773,0.37432716529033433,2.0080634601048946,-19.014073379978729,-23.074283997779702,-1.9166262411228476,0.028069719252873576,-0.067944712267155441
2.8100000000000001,-0.22116785057858782,-1.5670429636896022,1.3413854308158926,-1.8373060048021523,-0.85408313390335355,0.47457024182970015,-0.019367159180292554,-0.15618164519868985,-1.4051548139851728,-1.1865472646066142,1.7301759087243471,-1.1188048344994128,1.1146588628513587,1.8056689352956246,2.3948974859035621,0.88571638406332942,-1.1983179600725051,0.42295362968690337,1.9020878054865227,-18.301711150792183,-22.849768470371412,-1.8492905215258191,0.02218101126646857,-0.067077553825548475
2.8199999999999998,-0.22130555636228944,-1.5685150733657443,1.3274542958599449,-1.8491259786036476,-0.83684352210482216,0.46340414634058008,-0.008150788590986233,-0.13829847998238196,-1.3810062430340988,-1.1773266390820751,1.7175236680931028,-1.1143339306943609,1.1285838420309462,1.7707556095538577,2.4344576584707038,0.95822929214923369,-1.3319859535643683,0.47115254375597532,1.799971343482311,-17.62890655270817,-22.631776695128117,-1.7818632192508768,0.016436582711731151,-0.065996133345735009
2.8300000000000001,-0.22133040543327259,-1.5698101177433588,1.3137665886373853,-1.8608501387106717,-0.81973710125706112,0.45228516221076459,0.0032038490532749968,-0.12077063792764083,-1.3564728736868581,-1.1673863725982796,1.7035392474359039,-1.1093833416352079,1.1423082311957669,1.7346108384216539,2.4718540370959463,1.0296340874574721,-1.4647366430884716,0.51888406493687123,1.7022487258607732,-16.997106772305496,-22.421203197161397,-1.7145994668473872,0.0108438480690837,-0.064717547868953285
2.8399999999999999,-0.22124102555570974,-1.570931710969004,1.3003260486381085,-1.8724713451633508,-0.80277714556687285,0.44121806226293259,0.014694626191985869,-0.10361023591441251,-1.3315764343503087,-1.1567378590275232,1.6882323378695128,-1.1039579391805483,1.1558076611151389,1.6972742864212118,2.5070688659496447,1.0998684138843446,-1.5964665749631288,0.56610866223032053,1.6094080183594894,-16.407596540096989,-22.218886447346154,-1.6477446056067206,0.0054084836793374391,-0.063259442254338549
2.8500000000000001,-0.22103606699143788,-1.5718835863600087,1.2871361972139452,-1.8839825750388277,-0.78597682717374406,0.43020756863026977,0.026319170504619047,-0.086828989753234706,-1.3063388208468778,-1.1453931099256809,1.6716136600500084,-1.0980629887906048,1.1690575537359535,1.658786496114991,2.5400864189805659,1.1688711001239398,-1.7270733095164952,0.61278715230835912,1.5218897506479196,-15.861497007255187,-22.025607680524701,-1.5815333501105431,0.00013449596355794013,-0.061639857510398445
2.8599999999999999,-0.22071420495752586,-1.5726695923505569,1.2742003360061167,-1.8953769285679254,-0.76934920590660327,0.41925834883843888,0.038074862964745243,-0.070438205609918786,-1.2807820760830284,-1.1333647424070397,1.6536949535991483,-1.0917041458709906,1.1820331507227912,1.6191888469726574,2.5708930063428199,1.2365822149050798,-1.8564555076169835,0.65888073537516811,1.4400864231948975,-15.359765595727053,-21.842090066756231,-1.5161890686144124,-0.0049756962208002409,-0.059877081833639559
2.8700000000000001,-0.22027414210186855,-1.5732936883540898,1.2615215455762805,-1.9066476351278334,-0.75290721915061343,0.40837501192589143,0.049958836181619101,-0.054448771844994442,-1.2549283696631717,-1.1206659664728527,1.6344889656708981,-1.0848874517592482,1.1947095424044505,1.5785235135567712,2.5994769788750816,1.30294312100219,-1.9845130160935718,0.70435103074508221,1.3643424345049262,-14.903196773831271,-21.668998220734359,-1.45192317857325,-0.0099211667602224357,-0.057989505957380137
2.8799999999999999,-0.21971461099390713,-1.5737599405462057,1.2491026842416399,-1.9177880591053837,-0.73666367183256487,0.39756210460609787,0.06196797303313361,-0.03887115127453887,-1.228799977468555,-1.1073105718061307,1.614009438669648,-1.0776193293571619,1.2070616970964891,1.5368334230693126,2.6258287306331463,1.3678965279705382,-2.1111469519694772,0.74916011210405242,1.2949543894396787,-14.492423703092008,-21.506938032395155,-1.3889346554424706,-0.014702376729916131,-0.055995484282279115
2.8900000000000001,-0.21903437662755168,-1.5740725175722943,1.2369463871143545,-1.928791705625668,-0.7206312265332615,0.38682410747520429,0.074098905593750639,-0.023715373858547554,-1.2024192612205149,-1.0933129140456455,1.5922710971323197,-1.0699065784121793,1.219064490768998,1.4941622123015312,2.6499406994788344,1.4313865435579078,-2.2362597854343962,0.79327054242131922,1.2321717475567042,-14.127920696715927,-21.356456799956018,-1.3274096518148593,-0.019321059858067841,-0.053913203111382424
2.8999999999999999,-0.21823223893333463,-1.5742356861842242,1.2250550653453123,-1.9396522261408486,-0.70482239373522582,0.37616543126861868,0.086348014360705869,-0.0089910298226226586,-1.17580864804756,-1.0786879005526413,1.5692896337873772,-1.0617563704516015,1.2306927370282439,1.4505541840303051,2.6718073657301207,1.4933587237457595,-2.3597554214812591,0.83664540847813973,1.1761977695224408,-13.81000642578149,-21.218043645163739,-1.2675212229879225,-0.023780100765056295,-0.051760557150045988
2.9100000000000001,-0.21730703529679671,-1.5742538068104326,1.2134309055721353,-1.9503634238741536,-0.68924952221386182,0.36559041316997082,0.098711427781471309,0.0052927367817273098,-1.1489906100756087,-1.0634509756841726,1.545081694804445,-1.0531762433735357,1.2419212173804248,1.4060542629045267,2.6914252488792272,1.5537601213744761,-2.4815392801351384,0.87924835498087517,1.1271907196235846,-13.538847805895168,-21.092130189392446,-1.2094291542062037,-0.028083407708954386,-0.049555035258534177
2.9199999999999999,-0.21625764308008269,-1.5741313290638297,1.2020758695710891,-1.9609192591141968,-0.67392478958011892,0.35510331317586752,0.11118502208512135,0.01912723407327516,-1.1219876440606769,-1.0476181055874532,1.5196648642489803,-1.0441740956989356,1.2527247117453917,1.3607079508655304,2.7087929023872519,1.6125393333085638,-2.6015183752030859,0.92104361822601055,1.0852652831293599,-13.314464494749714,-20.979091468406079,-1.1532798840915741,-0.032235781522171728,-0.047313616265986465
2.9300000000000002,-0.21508298214369351,-1.5738727871919815,1.1909916941123626,-1.9713138543549165,-0.65886019298251108,0.34470831051979406,0.12376442141996541,0.032504227889330051,-1.0948222510831895,-1.0312057625300333,1.4930576477571205,-1.0347581804893586,1.2630780291877739,1.3145612821459483,2.7239109065658589,1.6696465460992218,-2.7196013914753441,0.96199605928512655,1.0504941586591385,-13.136733929674387,-20.879247063080975,-1.0992065181641275,-0.036242782357684633,-0.045052675472283019
2.9399999999999999,-0.21378201736532162,-1.5734827954740662,1.1801798910180301,-1.9815414992765477,-0.64406753997623123,0.33440950015849846,0.1364449982994278,0.045415946882052326,-1.0675169163229974,-1.0142309087810399,1.4652794554465645,-1.0249370989354138,1.2729560388326273,1.267660777891717,2.7367818595582438,1.7250335801030108,-2.8356987603096568,1.0020711966781859,1.0229097876934199,-13.005396833854029,-20.79286242315554,-1.047328925866907,-0.04011059577958434,-0.042787902282474449
2.9500000000000002,-0.21235376115268043,-1.5729660435691359,1.1696417474217708,-1.9915966555632354,-0.62955843956689606,0.32421088932410635,0.1492218743578789,0.057855087159298602,-1.0400940889340116,-0.99671098005910053,1.436350584079948,-1.0147197936211534,1.2823337009324411,1.2200534004522119,2.7474103664335319,1.7786539320170338,-2.9497227335322767,1.0412352385040415,1.0025061858339379,-12.920063120351095,-20.720150361117749,-0.99775391413657066,-0.04384589963434149,-0.040534229239972255
2.96,-0.21079727594721831,-1.5723272918202693,1.1593783262292732,-2.0014739615530206,-0.61534429343633656,0.31411639414519915,0.16208992141774525,0.069814816466890237,-1.0125761620372911,-0.97866386856301746,1.4062921984979311,-1.0041155414700151,1.29118609805198,1.1717865073838811,2.7558030264105176,1.8304628157923941,-3.0615874555905296,1.079455113997402,0.98924084327561135,-12.880218124331506,-20.661272693638224,-0.9505754703058803,-0.047455733028875874,-0.038305772552510178
2.9700000000000002,-0.20911167671560157,-1.5715713665191999,1.1493904667780301,-2.0111682367161223,-0.60143628735762544,0.30412983633999013,0.1750437628689267,0.081288777909682697,-0.9849854528511397,-0.96010790560154435,1.3751263123397275,-0.99313394637817709,1.2994884663373225,1.1229078052127204,2.7619684182284452,1.8804172018894871,-3.1712090338939629,1.1166985044821816,0.98303666510614374,-12.88522909590047,-20.616342008484352,-0.9058750669768123,-0.050947368622000153,-0.036115784041514734
2.98,-0.2072961334258395,-1.5707031551360493,1.1396787856950803,-2.0206744859575734,-0.58784538280638854,0.29425493998471419,0.18807777536117321,0.09227109320923628,-0.95734418297670687,-0.94106184383906255,1.3428757680695691,-0.98178493154152868,1.307216226835147,1.0734653030013359,2.7659170836842772,1.9284758548400678,-3.2785056072823893,1.1529338736915093,0.98378392540643156,-12.934351888610678,-20.585423535583271,-0.86372202145839028,-0.05432818930960806,-0.033976614293204178
2.9900000000000002,-0.20534987350491765,-1.5697276015188113,1.130243677951031,-2.0299879037404733,-0.57458230877524374,0.28449532836024377,0.20118609080977398,0.10275636549637816,-0.92967445885727662,-0.92154483917423557,1.3095642163280838,-0.97007873148272294,1.31434501682819,1.023507265766292,2.7676615093576977,1.9745993690828787,-3.3833974125613255,1.1881304974253728,0.99134221260330235,-13.026737781932361,-20.568537101813742,-0.82417390241289046,-0.057605570253685595,-0.031899686650304043
3,-0.20327218427480995,-1.5686497010672367,1.1210853181085549,-2.0391038780262574,-0.56165755379802196,0.27485452087991585,0.21436259871452784,0.11273968163737202,-0.90199825242928933,-0.9015764322690748,1.2752160946282378,-0.95802588378509079,1.3208507211526874,0.97308216779158019,2.7672161065467171,2.0187502030411366,-3.485806849046952,1.2222584925173809,1.0055423470471401,-13.161440379688624,-20.565659150174191,-0.78727697648977102,-0.060786767073156417,-0.029895481558254638
3.0099999999999998,-0.20106241536373295,-1.5674744958857976,1.1122036617633311,-2.0480179940285863,-0.5490813581902152,0.26533593010144479,0.22760094879166878,0.12221661409290412,-0.87433738198283661,-0.88117652974614502,1.239856605416001,-0.94563722054045041,1.3267095034634435,0.9222386458840558,2.7645971894385588,2.0608927114120155,-3.5856585410648227,1.2552888450827981,1.0261882552781696,-13.337422530560083,-20.576724805165071,-0.75306668793809095,-0.063878810882993464,-0.02797353067026407
3.02,-0.19871998108952116,-1.5662070699203936,1.1035984471752711,-2.056726037777624,-0.53686370651191506,0.2559428588257664,0.24089455391802672,0.13118322230951662,-0.846713493249173,-0.86036538507193372,1.2035116935164911,-0.93292385951814982,1.3318978374122017,0.8710254526166763,2.759822951542052,2.1009931756398648,-3.6828793983483483,1.2871934380206069,1.0530587888459402,-13.553563221179118,-20.601629967518733,-0.72156816446688055,-0.066888410738916604,-0.02614242002234296
3.0299999999999998,-0.19624436281200389,-1.5648525440834848,1.0952691970876611,-2.0652239994916513,-0.52501432025927208,0.2466784972855515,0.2542365933863952,0.13963605364360401,-0.81914804073248015,-0.83916357914468054,1.1662080229868523,-0.91989719506292744,1.3363925377048871,0.81949140960529399,2.7529134404094657,2.1390198325467433,-3.777398674285235,1.317945077743059,1.0859094787992316,-13.808664396963733,-20.640233422776582,-0.69279674295773641,-0.069821863920213806,-0.024409801512899013
3.04,-0.1936351112512755,-1.5634160713723202,1.0872152207316872,-2.0735080767531633,-0.51354265079029982,0.23754592042605982,0.26762001647073275,0.14757214381854045,-0.79166226930283445,-0.81759200060521919,1.1279729533976277,-0.90656888872944585,1.3401707910033114,0.76768536086466532,2.7438905306773278,2.1749429010956125,-3.8691480219621011,1.3475175201068614,1.1244742200235309,-14.101457670613746,-20.692358949630783,-0.66675850901573497,-0.072684974364336047,-0.022782411861677825
3.0499999999999998,-0.19089184876877452,-1.5619028319849213,1.0794356160136656,-2.0815746774867643,-0.50245787249063278,0.22854808528093823,0.28103754629944711,0.15498901691594696,-0.76427719606705335,-0.79567182588961782,1.088834515564906,-0.89295085966161369,1.3432101866370332,0.71565612628916342,2.7327778954572688,2.2087346072632683,-3.9580615479595171,1.3758854955208517,1.1684668824313689,-14.430610883027731,-20.757797415393366,-0.64345084476385728,-0.075482979455335678,-0.021266098179579689
3.0600000000000001,-0.18801427160809595,-1.5603180284384819,1.0719292718820976,-2.0894204227363815,-0.49176887618461218,0.21968782844546128,0.29448168403471697,0.16188468490258262,-0.73701359253373855,-0.77342449904263133,1.0488213867559457,-0.87905527472504819,1.3454887470910579,0.66345245530349972,2.7196009761095765,2.2403692070020207,-4.044075863852016,1.4030247332057988,1.2175828485756495,-14.79473448621976,-20.836308847402982,-0.62286297973251925,-0.078220485265052431,-0.019865849253630385
3.0699999999999998,-0.18500215209249138,-1.5586668806948079,1.0646948708715454,-2.0970421492394893,-0.48148426279685763,0.21096786364965084,0.30794471335541773,0.16825764669477675,-0.70989196708854074,-0.75087171131117991,1.0079628653914738,-0.8648945384012805,1.3469849582352527,0.6111229807285119,2.7043869504335616,2.2698230072708303,-4.1271301353696517,1.4289119845826899,1.2715004795366176,-15.192387722566618,-20.927624470615157,-0.60497654016166125,-0.080901410252137207,-0.018585831639428018
3.0800000000000001,-0.1818553407760323,-1.5569546212974175,1.0577308918201294,-2.1044369117962605,-0.47161233726922269,0.20239077943360254,0.32141870524092014,0.1741068867627846,-0.68293254779526846,-0.7280353805372235,0.96628884526819847,-0.85048128245252441,1.3476777992614695,0.55871617290673337,2.6871646993103275,2.2970743851186195,-4.2071661291801217,1.4535250457667226,1.32988251291144,-15.622084579328337,-21.031448703021983,-0.58976609250887668,-0.083528937340207138,-0.017429429655738019
3.0899999999999999,-0.17857376854544385,-1.5551864905248891,1.0510356127573282,-2.1116019854317134,-0.46216110273783872,0.19395903692727975,0.33489552305264403,0.17943187327788193,-0.65615526553817904,-0.70493763036963542,0.92382978932560955,-0.83582835536607913,1.3475467722945325,0.50628029413227837,2.6679647718350439,2.3221038048041853,-4.2841282572524655,1.476842779144941,1.3923773984036354,-16.082299501814372,-21.14746110190017,-0.57719967743659473,-0.086105474223091491,-0.016399288391475638
3.1000000000000001,-0.17515744866964864,-1.5533677315650063,1.044607113958584,-2.1185348673491644,-0.45313825497465543,0.18567496773692227,0.34836682790996493,0.18423255580546202,-0.62957973752031737,-0.68160076931472446,0.88061670298133754,-0.82094881158761601,1.3465719316435438,0.45386335342895956,2.6468193489770449,2.3448938329391575,-4.3579636187659778,1.4988451340164164,1.4586205778644368,-16.571472852769151,-21.275318255176554,-0.56723933102691604,-0.088632621682507184,-0.015497358862824577
3.1099999999999999,-0.17160647879409596,-1.5515035857142292,1.0384432811630875,-2.125233278673452,-0.4445511770976911,0.17754077194014289,0.36182408435668173,0.18850936254783818,-0.60322525113246517,-0.65804726964528093,0.83668110705988097,-0.80585590055284173,1.344733912660149,0.40151306172038809,2.6237622058076031,2.365429151642227,-4.4286220395300004,1.5195131662746153,1.5282357176807924,-17.088016109481902,-21.414655613415633,-0.55984159043855386,-0.091111149651599305,-0.014724944496355851
3.1200000000000001,-0.16792104287698845,-1.549599287606974,1.0325418089509548,-2.131695165982638,-0.43640693455391832,0.16955851619166934,0.37525856631398008,0.19226319714088927,-0.57711074820679142,-0.63429974618805429,0.79205501033968473,-0.79056305552720574,1.3420139601707048,0.34927678743516594,2.598828672336444,2.3836965696948877,-4.4960561088828781,1.5388290571125536,1.6008359021435958,-17.630316793766372,-21.565089259067058,-0.55495798167114452,-0.093540980716441652,-0.01408274816132276
3.1299999999999999,-0.1641014130645681,-1.547660060479134,1.026900204275893,-2.1379187026270485,-0.42871227037848691,0.16173013194161359,0.38866136331543599,0.19549543500910543,-0.55125480966892937,-0.61038093500970503,0.74677088174398043,-0.77508388226352154,1.3383939564496923,0.29720151258985494,2.5720555929993103,2.3996850316907028,-4.5602212140405598,1.5567761307321974,1.6760247968757083,-18.196743133278442,-21.726217610653343,-0.55253548753369475,-0.095921180716456583,-0.013570919029391259
3.1400000000000001,-0.16014795150265798,-1.5456911114702407,1.0215157901492955,-2.1439022898347555,-0.42147360073370677,0.15405741376803025,0.40202338701933443,0.19820791928403458,-0.52567564060173055,-0.58631367202132134,0.70086162220098769,-0.75943214748754295,1.3338564487019686,0.24533378939183539,2.543481284840186,2.4133856251721491,-4.6210755718678982,1.573338871040503,1.7533977915666088,-18.785648455627626,-21.897623060524101,-0.552516994321955,-0.098249956083279785,-0.013189098601472094
3.1499999999999999,-0.15606111208171805,-1.5436976269686009,1.0163857094715858,-2.1496445576027825,-0.41469701073098086,0.14654201782543852,0.41533537799321596,0.20040295629152546,-0.50039105573355025,-0.56212087152165036,0.65436053619941137,-0.74362176722172468,1.3283846760219509,0.19371969740361436,2.5131454944329099,2.4247915857509414,-4.6785802580480205,1.5885029373154065,1.8325431311689355,-19.395375319388052,-22.078873545650566,-0.55484171609173027,-0.10052465754519382,-0.012936465307676084
3.1600000000000001,-0.15184144211271566,-1.5416847680036896,1.0115069290065073,-2.1551443653735158,-0.40838825053859251,0.13918546041086988,0.42858791276527392,0.20208331061359253,-0.47541846536340987,-0.53782550469920221,0.60730130306531582,-0.72766679495752462,1.3219625957982175,0.14240480130942598,2.4810893535880045,2.4338983002096652,-4.7326992336277085,1.6022551788260559,1.9130430443812008,-20.02425938841861,-22.269524051680353,-0.5594455957690071,-0.10274178982013124,-0.01281177715635666
3.1699999999999999,-0.14748958393117106,-1.5396576656900307,1.0068762434939256,-2.1604008024960168,-0.40255273177800976,0.13198911664891122,0.44177141113688578,0.20325219973112912,-0.45077486173499653,-0.51345057811346428,0.55971794798679742,-0.71158140968681349,1.3145749095324355,0.091434109324464274,2.4473553338917666,2.4407033075844824,-4.7833993689190866,1.6145836483924823,1.994474877693605,-20.670633057861004,-22.469118051116816,-0.56626168266159471,-0.10489702692348471,-0.01281341198046281
3.1800000000000002,-0.14300627642679731,-1.5376214167267157,1.0024902798965962,-2.1654131884721277,-0.39719552421109472,0.12495421929708792,0.45487614375029034,0.20391328825408803,-0.42647680587088221,-0.48901911217534294,0.51164481281287777,-0.69537990380303105,1.3062070880421228,0.040852032286166393,2.4119872001255049,2.4452062982305955,-4.830650464740569,1.6254776148709782,2.0764122425360942,-21.332828841813178,-22.677188877033512,-0.57522048623029765,-0.10698523272664295,-0.012939404902827334
3.1899999999999999,-0.13839235649621476,-1.5355810789566549,0.99834550177624948,-2.1701810729874582,-0.39232135272033819,0.11808185767284581,0.4678922399050755,0.20407068174614687,-0.40254041487796904,-0.46455411964704496,0.46311652665339287,-0.67907667088292512,1.2968453960171962,-0.0092976565335769201,2.3750299626139513,2.4474091108740241,-4.874425270982333,1.6349275745523506,2.1584261821631605,-22.009182533974588,-22.893261034181805,-0.58625030623956453,-0.10900048641722407,-0.013187482715464886
3.2000000000000002,-0.1336487604162814,-1.5335416669895783,0.99443821379421482,-2.1747042357275577,-0.38793459458398249,0.11137297670326644,0.48080969561688325,0.20372892015126187,-0.37898134973458375,-0.4400785841814806,0.4141679763066361,-0.66268619335978729,1.2864769159008469,-0.058971860857331207,2.3365298285527318,2.4473157276552304,-4.9146995024843028,1.6429252614612939,2.2400863638667268,-22.698036153549985,-23.116851449704146,-0.59927753963825836,-0.11093611253138178,-0.013555094940475678
3.21,-0.12877652513565763,-1.5315081478927304,0.99076456633172827,-2.1789826859797543,-0.38403927704761531,0.10482837609854534,0.49361838191142282,0.20289297082987959,-0.35581480356919815,-0.41561543892123892,0.36483427654170902,-0.64622303009923832,1.2750895710659225,-0.10812820003493417,2.2965341523656826,2.4449322671719638,-4.9514518522169739,1.6494636565461112,2.320962300953116,-23.397740689397594,-23.347470665931986,-0.61422696472159788,-0.11278471525121513,-0.014039441410892006
3.2200000000000002,-0.12377678948227878,-1.529485436953121,0.98732056022494941,-2.1830166620213771,-0.38063907519355311,0.098448709650152982,0.50630805334661055,0.20156822121295442,-0.33305549044020161,-0.3911875451771018,0.31515074026256684,-0.62970180388870112,1.2626721482585461,-0.15672504684391181,2.2550913851436265,2.4402669755306374,-4.984664001758107,1.6545369957490541,2.4006246076790263,-24.10665865582946,-23.58462397792902,-0.63102200329546165,-0.11453821668515049,-0.01463749627799163
3.23,-0.11865079528450319,-1.5274783935151073,0.98410205160964948,-2.186806630295226,-0.37773731010906375,0.092234484654491494,0.51886835675535592,0.19976047108227107,-0.31071763462568386,-0.36681767120596787,0.26515284858087057,-0.61313718885181123,1.2492143192814629,-0.20472156442202138,2.212251023216989,2.4333302154173579,-5.0143206290606859,1.6581407769485907,2.4786462890425591,-24.823166473647543,-23.827812518547141,-0.64958496170639568,-0.11618789887514308,-0.015346028416622783
3.2400000000000002,-0.11339988840375528,-1.5254918168970126,0.98110475687040155,-2.1903532843734217,-0.3753369473542052,0.086186061462724423,0.53128884020128797,0.19747592448592285,-0.28881496043156635,-0.34252847110788198,0.2148762208246536,-0.59654389779906369,1.2347066618901779,-0.25207774229745883,2.1680635559153725,2.4241344532017237,-5.0404094135102548,1.660271765765964,2.5546040659928497,-25.545656689938998,-24.07653429379565,-0.66983725171474862,-0.11772444930063773,-0.016161618261362393
3.25,-0.10802551967658423,-1.5235304423903691,0.97832425768907483,-2.1936575437108852,-0.37344059572978194,0.080303653157382526,0.5435589621393736,0.19472118129814647,-0.26736068252601447,-0.31834246386184512,0.16435658451003862,-0.579936669526122,1.2191406798757638,-0.29875443148308745,2.1225804125679213,2.4126942440882222,-5.062921038272119,1.6609280002294424,2.6280797352831016,-26.272540049897632,-24.330285171297476,-0.6916995922778475,-0.11913800967451826,-0.01708067116348496
3.2599999999999998,-0.10252924576412327,-1.5215989373453029,0.97575600618732128,-2.1967205521899587,-0.37205050634565962,0.074587325356194362,0.55566810077320994,0.19150322843302342,-0.24636749680739242,-0.29428201251976899,0.11362974530296292,-0.5633302560711968,1.202508822308932,-0.3447133786022214,2.0758539087987744,2.3990262153319564,-5.0818491899315399,1.6601087942907604,2.6986615618688177,-27.002247433495835,-24.588559824520964,-0.7150921933749097,-0.12041822784984887,-0.018099427411353061
3.27,-0.096912729907030606,-1.5197018973454737,0.97339533015768387,-2.199543676457838,-0.37116857198939779,0.069036996143500506,0.567605563600452,0.18782943072189884,-0.22584757181256826,-0.27036930357788674,0.062731556998038451,-0.54673940994303094,1.1848045019207141,-0.38991725901433594,2.0279371921726597,2.3831490475372892,-5.0971905554325305,1.6578147401892862,2.765945700468905,-27.733231669234691,-24.850852635342317,-0.73993492304860609,-0.12155431267731465,-0.019213969104729695
3.2799999999999998,-0.091177742584069549,-1.5178438424758784,0.97123743837789411,-2.2021285040586815,-0.3707963267948966,0.063652436129489565,0.57936059713762966,0.18370752146467928,-0.20581254067178198,-0.24662632654468936,0.011697891541512359,-0.53017887133102282,1.1660221125959229,-0.43432970891022021,1.9788841872460956,2.3650834540597345,-5.1089448163233886,1.6540477096605444,2.8295376416834794,-28.463969236473147,-25.116658557319965,-0.76614745886131275,-0.12253509167120222,-0.020420224116462556
3.29,-0.085326162072581951,-1.5160292136867282,0.96927742600286537,-2.2044768413624656,-0.37093494621048095,0.058433268637367981,0.59092239681537684,0.17914559266544047,-0.18627349361573176,-0.22307485372420779,-0.039435390874849832,-0.5136633553090344,1.1461570459564254,-0.47791535634721249,1.9287495400800054,2.344852158533183,-5.1171146403196124,1.6488108539867981,2.8890536769168627,-29.192961867005344,-25.385473941855665,-0.79364942496922919,-0.12334907135595322,-0.021713967412878496
3.2999999999999998,-0.079359974909196759,-1.5142623692565027,0.96751028002883654,-2.2065907112928147,-0.37158524726557829,0.053378970018485482,0.60228011703483142,0.17415208496311482,-0.16724097104001434,-0.19973642023333854,-0.090632471622084376,-0.49720753904451365,1.125205707012058,-0.52063985119611078,1.8775885622702042,2.3224798705463954,-5.12170567019733,1.6421086028884795,2.9441223753039272,-29.918738055632566,-25.656797329181686,-0.82236051600638482,-0.12398450017529285,-0.023090820036977471
3.3100000000000001,-0.073281276249204053,-1.5125475813571805,0.96593088482405465,-2.2084723508562742,-0.37274768913488487,0.048488870095281814,0.61342288137581535,0.16873577726825625,-0.14872495713140188,-0.17663230427150595,-0.14185760331807509,-0.48082604902447568,1.1031655288579068,-0.56246989397267977,1.825457174552273,2.2979932594943557,-5.1227265100328605,1.6339466622563297,2.9943860648986913,-30.639854488501431,-25.930130205863158,-0.85220060894557714,-0.12442943385137747,-0.024546246086121222
3.3199999999999998,-0.067092270123134443,-1.5108890327245184,0.96453402772038166,-2.2101242084755919,-0.37442237399863321,0.043762152731851127,0.62433979294711828,0.16290577611717796,-0.13073487405999371,-0.15378350766085902,-0.1930751393607355,-0.46453344830997234,1.0800349863976622,-0.60337326352766374,1.7724118500378092,2.271420926631762,-5.1201887088064906,1.6243320107252153,3.0395023095670202,-31.354897396959558,-26.204977730240564,-0.88308986406640622,-0.12467180308206857,-0.026075548038391246
3.3300000000000001,-0.060795269589159658,-1.5092908134361587,0.96331440466012674,-2.2115489411298457,-0.37660904819733365,0.039197856531765954,0.63501994486906888,0.15667150475500335,-0.1132795767405919,-0.13121073667478614,-0.24424956328417519,-0.44834422383059763,1.0558136090735357,-0.64331884357052704,1.718509557139176,2.2427933753576896,-5.1141067413909589,1.6132728950916453,3.0791453723406215,-32.062483843640109,-26.480849426968362,-0.91494881611299439,-0.124699483460234,-0.027673860799156822
3.3399999999999999,-0.054392696780052908,-1.5077569178002117,0.96226662589241063,-2.2127494113043658,-0.37930710367908116,0.034794875662709591,0.64545243087836401,0.15004269195940823,-0.096367348166151626,-0.10893438317230295,-0.29534551791174879,-0.43227277373059231,1.0305019925843351,-0.68227664800325827,1.6638077022400557,2.2121429797620329,-5.104497986947603,1.6007788245781234,3.113007655445589,-32.761262946447779,-26.757259851539782,-0.94769845666878694,-0.12450036748995291,-0.029336144851763644
3.3500000000000001,-0.047887082843528453,-1.5062912413568461,0.96138522171332441,-2.2137286837536001,-0.38251557973727013,0.030551960807340024,0.65562635604494035,0.14302936061706814,-0.080005895315561792,-0.086974506055534015,-0.34632783428022068,-0.41633339477804931,1.0041018095741554,-0.72021784504188446,1.6083640721692194,2.1795039514659607,-5.0913827047554836,1.5868605639485307,3.1408011068196862,-33.449917045094622,-27.033729225428363,-0.98126030871382419,-0.12406243856076191,-0.031057178903676107
3.3599999999999999,-0.041281067774896596,-1.5048975779953022,0.96066464824413111,-2.2144900220802439,-0.38623316503629845,0.026467720239700541,0.66553084759051817,0.13564181606504505,-0.064202345637426494,-0.065350813067184627,-0.39716156030948635,-0.40054026984869462,0.97661581927518781,-0.75711478010451483,1.5522367765349991,2.1449123047902501,-5.074784007501175,1.5715301254798246,3.1622585826814764,-34.127162813841039,-27.309784042230838,-1.0155564942631763,-0.1233738467229116,-0.032831552422001101
3.3700000000000001,-0.034577400141070885,-1.5035796171886124,0.96009929324174792,-2.21503688513411,-0.39045819992259512,0.022540621026370833,0.67515506579828666,0.12789063420953187,-0.048963244110966406,-0.044082642944527246,-0.44781198919264303,-0.3849074554956336,0.94804787608917496,-0.7929409974460806,1.4954841899778419,2.1084058202867988,-5.0547278320592186,1.5548007597963991,3.1771351556118477,-34.791752323151684,-27.584957644968899,-1.0505097959156329,-0.12242298608433438,-0.03465365845021165
3.3799999999999999,-0.027778936695063969,-1.5023409413481994,0.95968348193572517,-2.2153729232343937,-0.39518867901804144,0.018768990351442808,0.68448821500302126,0.11978664943461413,-0.034294550884557129,-0.023188947946127539,-0.49824468748141626,-0.36944886961642409,0.9184029370930018,-0.82767126052114215,1.4381648943984831,2.0700240066703071,-5.0312429077956393,1.5366869455745451,3.1852093576516363,-35.442474052085238,-27.85879077450177,-1.0860437130702534,-0.12119857362412702,-0.03651768709118066
3.3900000000000001,-0.020888641880225274,-1.5011850233003772,0.95941148288595712,-2.2155019742191291,-0.40042225409262366,0.015151016964293442,0.69351955465083603,0.11134094231381562,-0.020201639491871426,-0.0026882767670689737,-0.54842552284242319,-0.35417827922870437,0.88768706845504963,-0.86128157105754444,1.380337621218825,2.0298080611883642,-5.0043607224290261,1.5172043781254705,3.1862843481049805,-36.078153852420527,-28.130832088825361,-1.1220825134972743,-0.11968972918832459,-0.038417620030511614
3.3999999999999999,-0.013909587223582966,-1.500115223886674,0.95927751385534377,-2.2154280593258084,-0.40615623721290151,0.011684752749011743,0.70223841041759361,0.10256482713743241,-0.0066892956450176734,0.017401242141860285,-0.5983206914599456,-0.33910928836557075,0.85590745074997221,-0.89374918682489868,1.3220611937327649,1.9878008284698256,-4.9741154854860836,1.4963699568664421,3.1801889960590888,-36.697655864773708,-28.40063865288441,-1.1585512808792415,-0.11788605640220751,-0.040347226458714455
3.4100000000000001,-0.0068449506177488129,-1.4991347896897462,0.95927574769164126,-2.2151553789072733,-0.41238760416263376,0.0083681144142273515,0.71063418537490752,0.093469839268766036,0.0062382833965257132,0.037061916836038787,-0.64789674506142192,-0.32425532610175217,0.82307238316058329,-0.92505263808332727,1.2633944696037389,1.9440467578926182,-4.9405440893906416,1.4742017716906137,3.166778868080697,-37.299883386307421,-28.667776398411121,-1.1953759588705792,-0.11577772419998067,-0.042300060731254203
3.4199999999999999,0.00030198450902472779,-1.4982468508865288,0.95940031821274996,-2.2146883079871458,-0.41911299813168057,0.0051988853019766914,0.71869637119256047,0.084067722342523382,0.018577488882916753,0.056276507705331699,-0.6971206175421536,-0.30962963472154909,0.78919128655673831,-0.95517174269915905,1.2043962835655859,1.8985918595135318,-4.9036860682273193,1.4507190882471708,3.1459371121169029,-37.883779689061321,-28.931820553223567,-1.2324833921590219,-0.11335554863807497,-0.044269462082037254
3.4300000000000002,0.0075278301349479358,-1.4974544192301384,0.95964532608971287,-2.2140313916591987,-0.426328733669046,0.002174717314135829,0.72641455936605404,0.074370415318774877,0.030325300059215198,0.075028242854701582,-0.74595965116620588,-0.29524525803936419,0.75427470544212694,-0.98408761991568261,1.1451253903829257,1.8514836586038423,-4.8635835542231254,1.4259423321444347,3.1175752293029051,-38.448328787458728,-29.192356039374836,-1.2698013649520368,-0.1106110746232995,-0.046248556678743273
3.4399999999999999,0.014829094699150358,-1.4967603861619019,0.96000484472171821,-2.2131893403352247,-0.43403080089572144,-0.00070686704515978555,0.7337784524579325,0.064390039405978983,0.041479283081786548,0.093300833023388582,-0.79438162232089471,-0.28111502988353537,0.71833430876104798,-1.0117827027684054,1.0856404081268962,1.8027711488359042,-4.820281231992392,1.3998930720895886,3.0816337261489397,-38.992556153165026,-29.448977839538458,-1.3072586372558019,-0.10753665715230774,-0.048230262277775882
3.4500000000000002,0.0222021842685735,-1.4961675210547483,0.9604729260974405,-2.2121670248460616,-0.4422148699727475,-0.0034484725127905671,0.74077787534145323,0.054138884866656842,0.052037589369259368,0.11107848602941003,-0.84235476680275545,-0.26725156275401912,0.68138288955837012,-1.038240749135666,1.02599976182154,1.7525047441669883,-4.7738262905923543,1.3725940019796732,3.0380826404303343,-39.515529375188045,-29.701291331047841,-1.3447849792644706,-0.10412554162510562,-0.050207295702774345
3.46,0.029643403817261466,-1.4956784695890812,0.96104360663707178,-2.2109694714006158,-0.45087629581969968,-0.0060528287974252956,0.74740278643508296,0.043629397719438884,0.061998953392046252,0.12834592072657475,-0.88984780461329349,-0.25366723666435453,0.64343436348701299,-1.0634468514168021,0.96626162751580258,1.7007362294680171,-4.7242683734388695,1.3440689219595403,2.9869219350245846,-40.016358762918102,-29.948912587075178,-1.3823112041329499,-0.10037194276331909,-0.052172183333870602
3.4700000000000002,0.037148958617906506,-1.4952957522620867,0.96171091300946709,-2.2096018564077928,-0.46001012307860023,-0.0085227881996707954,0.75364328891630417,0.032874166351198164,0.071362689904927515,0.1450883804617227,-0.93682996424344678,-0.24037418817813197,0.60450376615843993,-1.0873874448315202,0.90648387683527953,1.6475187099456818,-4.6716595261333937,1.3143427184633358,2.9281817549131888,-40.494197889709952,-30.191468644541146,-1.41976919936878,-0.096271121634349685,-0.054117274755569031
3.48,0.044714955745374541,-1.4950217630313105,0.96246886791885189,-2.2080695011664062,-0.46961109131802004,-0.010861323123601826,0.75948964190311574,0.021885908053114852,0.080128690627766203,0.1612916460203386,-0.98327100642604814,-0.22738429965006648,0.5646072493328691,-1.110050314335441,0.84672402206748754,1.5929065594077958,-4.6160541422545389,1.2834413432571548,2.8619225435797073,-40.948244074591543,-30.428597738482324,-1.457091957046259,-0.091819460256062274,-0.056034759669563484
3.4900000000000002,0.052337405691844509,-1.4948587680932044,0.96331149585559206,-2.2063778664282419,-0.4796736404719748,-0.013071523481770618,0.76493227159162902,0.010677455494522696,0.088297420379993538,0.17694204804927691,-1.0291412473363037,-0.21470918868155517,0.52376207594692037,-1.1314246001482735,0.78703916183358846,1.5369553674226026,-4.5575089071690762,1.2513917915013506,2.7882350160749687,-41.377738799754418,-30.659949502772086,-1.4942136030200088,-0.087014533233831709,-0.057916688135446072
3.5,0.060012224093046677,-1.4948089047971782,0.96423282880561412,-2.2045325468395469,-0.49019191650797289,-0.015156593995878685,0.76996178233812351,-0.00073825685158619215,0.09586991267492935,0.19202647894573618,-1.0744115812206696,-0.20236019780043654,0.48198661397783288,-1.1515008018923949,0.7274859273988552,1.4797218854237713,-4.4960827399192054,1.2182220788519891,2.7072399870717221,-41.781968061624326,-30.885185137286609,-1.53106942529485,-0.081855175863250904,-0.059754994157502281
3.5099999999999998,0.067735233565002231,-1.4948741806955874,0.96522691191308752,-2.2025392652663447,-0.50115977731842065,-0.017119851395411376,0.77456896767392447,-0.012348206317487436,0.1028477647806362,0.20653240420224575,-1.1190535024352581,-0.19034838437445245,0.43930032914431083,-1.1702707813410897,0.66812042967335872,1.4212639718137756,-4.4318367332445057,1.1839612176217809,2.6190880532809064,-42.160262653515581,-31.103977541825245,-1.5675959016932413,-0.076341548117999355,-0.061541522590080819
3.52,0.075502165650523465,-1.4950564727299205,0.9662878090910797,-2.2004038670090589,-0.51257079882938328,-0.018964721516612684,0.77874482124148081,-0.024139295670182498,0.10923313225443604,0.2204478731978981,-1.163039126875369,-0.17868451076771669,0.39572377644542001,-1.1877277637770425,0.60899820695356,1.3616405361192012,-4.3648340917986861,1.1486391920217693,2.5239591306383491,-42.511998378142302,-31.316011417333499,-1.6037307269510277,-0.070475193933791161,-0.063268059287890907
3.5299999999999998,0.083308662874633413,-1.4953575265533281,0.96740960857495928,-2.1981323139120361,-0.5244182813205176,-0.0206947363042774,0.78248054764003105,-0.036098366747502969,0.11502872295875538,0.23376152942662087,-1.2063412127784223,-0.16737903474927163,0.35127859054005922,-1.2038663379631063,0.55017417345458908,1.3009114822523762,-4.2951400686228443,1.1122869325058871,2.4220618476815603,-42.8365961885711,-31.520983335228188,-1.6394128393651026,-0.06425909519628957,-0.064926364381495724
3.54,0.091150280907943623,-1.4957789559894876,0.96858642841339126,-2.1957306783736339,-0.53669525594983725,-0.022313530718928665,0.78576757316928059,-0.048212214086994581,0.12023779056645684,0.24646262015382739,-1.2489331808831816,-0.156442100162587,0.30598747497070261,-1.2186824547287844,0.49170256868209539,1.2391376509344618,-4.2228218999384479,1.0749362892413428,2.3136327975119673,-43.133522256553817,-31.71860177588599,-1.6745824471126707,-0.057697719843700895,-0.066508208512792835
3.5499999999999998,0.099022490836905522,-1.4963222426276606,0.96981242189187933,-2.1932051372626304,-0.54939449147677233,-0.023824839552025336,0.78859755645955987,-0.060467598533768631,0.12486412756426808,0.2585410054933257,-1.2907891339287423,-0.14588352786462996,0.25987419023638736,-1.232173424177192,0.43363690769157304,1.1763807613358912,-4.1479487383247351,1.0366200047286687,2.1989356516683758,-43.402287967557726,-31.908587137620781,-1.7091810543598105,-0.05079706350371152,-0.068005411820924899
3.5600000000000001,0.10692068153975599,-1.4969887355536715,0.97108178288385849,-2.1905619657468085,-0.56250850117686291,-0.025232494151952722,0.79096239897698162,-0.072851260813545676,0.12891205776346812,0.26998716689697966,-1.3318838754775386,-0.13571280694288163,0.2129635407209258,-1.2443379115187305,0.37602993228204806,1.1127033519906984,-4.0705915843466309,0.99737168559599454,2.0782601401149701,-43.642449842206759,-32.090671717737109,-1.7431514872758804,-0.04356468409961739,-0.069409885426399004
3.5699999999999998,0.11484016216683295,-1.4977796512163803,0.97238875112447964,-2.187807531039593,-0.57602954994122924,-0.026540419063596832,0.79285425539218657,-0.085349935057200371,0.13238642832734657,0.28079221505009361,-1.3721929280471132,-0.1259390862184368,0.16528136048373282,-1.2551759315390034,0.31893356316998511,1.048168721041894,-3.9908232167006403,0.95722577359298677,1.9519209023652719,-43.853609384254575,-32.264599667502544,-1.7764379200697387,-0.036009728882079706,-0.07071367512076969
3.5800000000000001,0.12277616472385655,-1.498696073429105,0.97372761740229186,-2.1849482860707403,-0.58994966155385109,-0.027752628584419216,0.79426554380134939,-0.097950362263204277,0.13529260132549648,0.2909478971661611,-1.4116925505362603,-0.11657116604305322,0.11685449792160706,-1.2646888417099245,0.26239885318808154,0.98284086587552955,-3.9087181209473423,0.91621751581054067,1.8202562155157882,-44.035412855607177,-32.430126923120611,-1.808985901161402,-0.028142953370926982,-0.071909006931549099
3.5899999999999999,0.13072384675663001,-1.4997389535052992,0.9750927286641411,-2.1819907630871116,-0.6042606261395147,-0.028873223240002924,0.79518895578818627,-0.11063930368441793,0.13763644482541562,0.30044660367513959,-1.4503597549316924,-0.10761749039776956,0.067710799311143058,-1.2728793339543141,0.20647594155263926,0.91678442220178935,-3.8243524169005463,0.87438293415318724,1.6836266056473677,-44.187550979304163,-32.587021115007758,-1.8407423795990838,-0.019976731725821595,-0.072988334197603061
3.6000000000000001,0.13867829413552157,-1.5009091105276653,0.97647849302872425,-2.17894156718961,-0.61895400777518172,-0.02990638618212103,0.79561746631584718,-0.12340355412586401,0.13942432353228174,0.30928137430000857,-1.4881723222821919,-0.099086139300415002,0.017879091242515615,-1.2797514250755941,0.15121400924178524,0.85006460264157413,-3.7378037847439747,0.83175879409172948,1.5424133496629753,-44.309758571733624,-32.735061457874075,-1.8716557318247826,-0.011525058105324781,-0.073944385759623033
3.6099999999999999,0.14663452393796822,-1.5022072317497437,0.97787938470432167,-2.1758073698124347,-0.63402115225738076,-0.030856379512457167,0.79554434343764213,-0.13622995514016492,0.14066308898824942,0.31744590351697333,-1.5251088179278616,-0.090984821529076942,-0.032610838043413352,-1.2853104458655644,0.096661235525810407,0.78274713487775127,-3.6491513899477344,0.78838257272445011,1.3970168751691256,-44.40181410569258,-32.874038624272508,-1.901675788880953,-0.0028035386208487972,-0.074770214843770472
3.6200000000000001,0.15458748742713435,-1.5036338731288903,0.97928994880637288,-2.1725949021508315,-0.64945319501811882,-0.031727540535166604,0.79496315781571403,-0.14910540810751077,0.14136006934297321,0.32493454539524869,-1.5611486059728421,-0.083320867668293414,-0.083728258401591704,-1.2895630289045328,0.042864755689476904,0.71489819943034116,-3.5584758070575955,0.7442924261757935,1.247855066471574,-44.463539206207095,-33.003754604413807,-1.9307538641362003,0.0061706264550377976,-0.075459248194684858
3.6299999999999999,0.16253207312475323,-1.5051894599894227,0.98070480607066302,-2.1693109485435618,-0.6652410691816919,-0.032524277941540135,0.79386779203688718,-0.16201688718715523,0.14152305870747386,0.33174231781296232,-1.5962718629905941,-0.076101223484447075,-0.13544151859865955,-1.2925170950693767,-0.010129380015093213,0.6465843671152901,-3.4658589424311512,0.69952715636210372,1.0953614851461284,-44.49479808128504,-33.124022555137117,-1.9588427815882228,0.015378670507676731,-0.076005334997039986
3.6400000000000001,0.17046310997606934,-1.5068742878145842,0.9821186574580163,-2.1659623398163452,-0.68137551375467109,-0.03325106793009671,0.7922524497150697,-0.17495145212760069,0.14116030610384794,0.33786490604631697,-1.6304595909515984,-0.069332443636542729,-0.18771806818288447,-1.2941818387664139,-0.062276246147697743,0.57787253624664892,-3.3713839559957086,0.65412617715457821,0.93998351396351787,-44.495496889986619,-33.234666640976421,-1.9858969047774688,0.024800298644112276,-0.076402795113015468
3.6499999999999999,0.17837537060468994,-1.5086885231658507,0.98352628864651892,-2.162555946592553,-0.69784708194123091,-0.033912450265480731,0.7901116643697581,-0.18789626092280831,0.14028050402366796,0.34329866572973378,-1.6636936293640374,-0.063020685728240267,-0.24052448039164823,-1.2945677119071874,-0.11353208055559748,0.50882986964217225,-3.2751351821036279,0.6081294799702136,0.78218043319586128,-44.465583050361815,-33.335521870270377,-2.0118721663150416,0.034413736149350199,-0.076646466156627027
3.6600000000000001,0.18626357465506421,-1.5106322047279794,0.9849225744074267,-2.1590986725774504,-0.71464614957592421,-0.034513024279611761,0.7874403080703557,-0.20083858230197196,0.13889277660828489,0.34804062518532453,-1.6959566666188577,-0.05717170470670635,-0.29382647607898921,-1.2936864066465463,-0.16385432151090271,0.43952373149233809,-3.1771980495613534,0.561577598821976,0.62242143851382514,-44.405044489915269,-33.426433929222569,-2.0367260979932453,0.044195787408361165,-0.076731748924957044
3.6699999999999999,0.1941223922201892,-1.5127052444780675,0.98630248286103794,-2.1555974478223061,-0.7317629236658838,-0.035057444818580599,0.7842335998361788,-0.21376580804055106,0.13700666746460613,0.35208848712062324,-1.7272322505312974,-0.051790847613540983,-0.34758894864448603,-1.2915508369036455,-0.21320164347668866,0.37002162415305073,-3.0776590009093319,0.51451157486009236,0.46118360980325457,-44.313908841320803,-33.507259016731822,-2.0604178614072337,0.054121905288141897,-0.076654650711014835
3.6800000000000002,0.20194644735205433,-1.5149074289767828,0.98766107960896121,-2.1520592219746839,-0.7491874510344031,-0.035550418138831807,0.78048711378226565,-0.22666546508053662,0.13463212713017614,0.35544062969410745,-1.7575047980717962,-0.046883048692695474,-0.40177598994381142,-1.2881751186876054,-0.26153399147037082,0.30039112492194558,-2.976605411030139,0.46697292043666916,0.2989498402897498,-44.192242586117324,-33.577863682678235,-2.0829082789722375,0.064166270891297436,-0.076411826033214905
3.6899999999999999,0.20973032165223099,-1.5172384207797907,0.98899353173933913,-2.1484909575212385,-0.76690962705773869,-0.035996697756232418,0.7761967870012485,-0.23952522744808039,0.13177950020177984,0.35809610694865812,-1.7867596042799512,-0.042452824859994423,-0.45635091716014931,-1.2835745492508566,-0.30881261399420201,0.23069982285846152,-2.8741255051630299,0.41900358272645982,0.13620673536672812,-44.040150149082763,-33.638124672169006,-2.1041598651732589,0.074301883506249999,-0.076000614332196542
3.7000000000000002,0.2174685579399239,-1.5196977599672938,0.99029511170173667,-2.1448996230293353,-0.78491920448694796,-0.036401080251661382,0.77135892717179699,-0.25233292795690293,0.12845951214201742,0.36005464861368019,-1.8149828503559755,-0.038504271538531247,-0.51127630061468088,-1.2777655850942857,-0.35500009450440845,0.16101525570747643,-2.7703082764032572,0.3706459069369244,-0.026557509520537294,-43.857772945903385,-33.687928778023895,-2.1241368578343249,0.084500660490089821,-0.075419074206755685
3.71,0.22515566399469775,-1.5222848657894921,0.99156120104854462,-2.1412921863938004,-0.80320580234650529,-0.036768401036798175,0.76597021988436176,-0.26507656968611149,0.12468325577860932,0.36131665927723355,-1.842161610924903,-0.035041058863875783,-0.56651399249329282,-1.2707658188494202,-0.40006038139195205,0.091404846986230831,-2.6652434027649541,0.32194259914117329,-0.18885524266890549,-43.645288386636139,-33.727172703511975,-2.1428052491431235,0.094733546728824516,-0.07466601378677741
3.7200000000000002,0.23278611637101471,-1.5249990384256442,0.99278729403990362,-2.1376756080950923,-0.82175891490141506,-0.037103530083828336,0.76002773567516013,-0.27774433722133912,0.12046217751144626,0.36188321693009784,-1.8682838604695768,-0.032066428262696747,-0.62202515646570689,-1.262593955064037,-0.44395881644954871,0.021935843293948841,-2.5590211638865736,0.2729366887677156,-0.35020149244906162,-43.402908837315422,-33.755762937047749,-2.1601328161159277,0.10497063322719935,-0.073741016871941942
3.73,0.24035436428160856,-1.5278394608543067,0.99396900110930153,-2.1340568344751598,-0.84056792068446717,-0.037411367622814322,0.75352893675962329,-0.29032460764836643,0.11580806324262671,0.36175607088427914,-1.8933384789292127,-0.029583189408061379,-0.67777029817215262,-1.2532697849186116,-0.48666216180108779,-0.047324748096668631,-2.4517323574581704,0.2236714907813179,-0.51011609719359408,-43.130880541881403,-33.773615640216327,-2.1760891501381852,0.11518128428712784,-0.072644464500257133
3.7400000000000002,0.24785483354666579,-1.5308052008322404,0.99510205218714687,-2.1304427910372339,-0.8596220915753241,-0.037696839810519744,0.74647168345673376,-0.3028059612886867,0.11073302404499255,0.36093763906910947,-1.9173152564612064,-0.027593717554325731,-0.73370929655194417,-1.2428141599020677,-0.52813862527135191,-0.11631022130741719,-2.3434682154496311,0.17419056758947082,-0.66812581984793606,-42.829482506413754,-33.780656550130317,-2.190645685169534,0.12533427264107791,-0.071377551649714766
3.75,0.25528193060565807,-1.5338952129793253,0.99618229987979146,-2.1268403757757546,-0.87891060192300396,-0.037964894374484998,0.73885424029598634,-0.31517719216673618,0.10524948158485137,0.35943100470859496,-1.9402048973645281,-0.026099951254187476,-0.78980143598709995,-1.2312489644763658,-0.56835788417539435,-0.18495423352352539,-2.234320320219469,0.12453769070940982,-0.82376643880137623,-42.499025347463238,-33.776820896734634,-2.203775724160383,0.1353979218153924,-0.069942298819127988
3.7599999999999998,0.2626300465886332,-1.5371083409667743,0.99720572250161188,-2.1232564525425954,-0.89842253770342684,-0.038220496236197402,0.73067528179895114,-0.32742731819885645,0.099370153314771781,0.35723991238431257,-1.9619990231639588,-0.025103390460120119,-0.84600543923355442,-1.2185970877603278,-0.60729110750878679,-0.25319086620588843,-2.1243805205831165,0.074756802230627514,-0.97658480654554614,-42.139850106068579,-33.762053335269876,-2.2154544631911413,0.14534025490968752,-0.068341558279926384
3.77,0.26989356144365761,-1.540443319805799,0.99816842695793895,-2.1196978444557204,-0.91814690570359214,-0.038468623117205343,0.7219338979276998,-0.33954559109430799,0.093108037452565282,0.35436876348871593,-1.9826901748551282,-0.024605095012057644,-0.90227950111135979,-1.2048823942642028,-0.64491097652145579,-0.32095468578908665,-2.0137408479201557,0.024891976108268848,-1.1261408680506366,-41.752327028863427,-33.736307893693642,-2.2256590128170286,0.15512914889312385,-0.066579014838869827
3.7799999999999998,0.27706684811704663,-1.5438987782338096,0.99906665147677476,-2.1161713273563261,-0.93807264272401747,-0.038714261132047574,0.71262959919266422,-0.35152150595902182,0.086476397762666912,0.35082261107426271,-2.0022718143111482,-0.024605683512842338,-0.95858132292457332,-1.1901296937072543,-0.68119170365962112,-0.38818080380855141,-1.9024934323992555,-0.025012620677222337,-1.2720096310035316,-41.336854317504788,-33.699547934445121,-2.2343684160820043,0.16473249343782503,-0.064659181001680763
3.79,0.28414427678294391,-1.5474732411951311,0.99989676818740392,-2.1126836233204909,-0.95818862479106792,-0.038962400371877384,0.70276232141276707,-0.36334481059308765,0.079488748156307035,0.34660715410435933,-2.0207383248524207,-0.025105332592598378,-1.0148681475806745,-1.174364709951603,-0.71610904986201662,-0.45480493640078556,-1.7907304193994553,-0.074912767058641735,-1.4137830803106808,-40.893856847510001,-33.651746129530174,-2.2415636626558397,0.17411835323510405,-0.062587386478930349
3.7999999999999998,0.29112021911872893,-1.5511651324131173,1.0006552855441704,-2.1092413942312795,-0.97848367637078448,-0.039218030482681181,0.69233243012099521,-0.37500551447329017,0.072158837127013542,0.34172873111266405,-2.0380850109819475,-0.026103776562831162,-1.0710967953784261,-1.157614049086451,-0.74964034019823389,-0.52076346312110022,-1.6785438862063193,-0.12476422688298781,-1.5510720295291651,-40.423784857480982,-33.592884447510642,-2.2472276985500046,0.18325513267274027,-0.060369762027554903
3.8100000000000001,0.29798905262268688,-1.5549727770504926,1.0013388505938523,-2.1058512354171826,-0.99894657957593669,-0.039486136241990794,0.68134072460887518,-0.38649389741239576,0.064500632038059863,0.33619431327786992,-2.0543080972893293,-0.02760030746070144,-1.1272237004325598,-1.1399051666975044,-0.78176447783888592,-0.58599348502439508,-1.566025759060504,-0.17452278793923245,-1.6835079021497859,-39.927112609618234,-33.522954150606942,-2.2513454308810092,0.19211174169257408,-0.058013217673523021
3.8199999999999998,0.3047451649702867,-1.5588944044546291,1.0019442510852432,-2.1025196693626986,-1.0195660833579492,-0.039771693137985391,0.66978844160366602,-0.39780051788720072,0.056528303278583568,0.33001149692156795,-2.0694047265273032,-0.029593775483560469,-1.1832049477026345,-1.1212663343573104,-0.81246195634881746,-0.65043288195494309,-1.4532677306364392,-0.22414430097701113,-1.810744435911223,-39.404337022408114,-33.441955799778526,-2.2539037271752695,0.20065776159826157,-0.05552541541288241
3.8300000000000001,0.31138295840537211,-1.562928150984418,1.0024684174197085,-2.0992531394967893,-1.0403309126754894,-0.040079662954891238,0.65767725857236803,-0.40891622102774394,0.048256208305194281,0.32318849543740369,-2.0833729568655643,-0.032082589813478501,-1.2389963105929407,-1.1017266053729133,-0.8417148702965217,-0.71402036899227361,-1.3403611780276952,-0.27358471868052997,-1.9324593035743731,-38.855976276387395,-33.349899265334315,-2.2548914087467526,0.20886360954441185,-0.05291473653908918
3.8399999999999999,0.31789685416250357,-1.5670720629153101,1.0029084244416517,-2.0960580040648522,-1.0612297776314974,-0.040414989368574891,0.64500929664702666,-0.41983214626043197,0.039698875585925206,0.31573413066020783,-2.0962117583272759,-0.035064719831139179,-1.294553289089482,-1.0813157798279227,-0.86950692417451203,-0.77669555200099272,-1.2273970813152937,-0.32280013456191331,-2.0483556438275046,-38.282568393970692,-33.246803740355141,-2.2542992377280751,0.21670070041147899,-0.050190243793665601
3.8500000000000001,0.3242812969166381,-1.5713240994190263,1.0032614930680073,-2.0929405300897583,-1.0822513825705211,-0.040782593556217724,0.63178712316612018,-0.43053973459821904,0.030870988463441634,0.30765782368431793,-2.107921008414499,-0.038537696718116687,-1.3498311483994971,-1.0600643689567883,-0.89582343962720989,-0.83839898223338594,-1.1144659427943502,-0.3717468217383344,-2.1581634962258209,-37.684669794460206,-33.132697753984999,-2.2521198973965966,0.22414160475672595,-0.04736163858432374
3.8599999999999999,0.33053075925628084,-1.5756821356143784,1.0035249917560289,-2.0899068874274294,-1.103384435128278,-0.041187369823949986,0.61801375382718726,-0.44103073557134592,0.021787368954446513,0.2989695851408315,-2.1185014869294934,-0.042498615446192815,-1.4047849580583001,-1.0380035588896888,-0.92065136098462952,-0.89907220993461401,-1.001657706933708,-0.42038127155733573,-2.2616411342917551,-37.062853825548515,-33.007619181474027,-2.248347965508414,0.23116020153107261,-0.044439213559272869
3.8700000000000001,0.33663974617620518,-1.5801439656855776,1.0036964378088244,-2.0869631429222943,-1.1246176552254443,-0.041634181256303512,0.60369265444620257,-0.45129721379254811,0.012462961502202784,0.28968000494397972,-2.1279548699995741,-0.046944137152023842,-1.4593696314677138,-1.0151651738069776,-0.94397925910185565,-0.95865783690142869,-0.88906168114225892,-0.46866023203494289,-2.3585762911165293,-36.417709272870383,-32.871615247736216,-2.2429798804343046,0.23773182426540237,-0.041433800868068679
3.8799999999999999,0.34260279958577611,-1.584707306064338,1.0037734985182527,-2.0841152546679029,-1.1459397839977377,-0.042127855391334464,0.5888277423195537,-0.46133155515101387,0.0029128166991545497,0.27980024151737248,-2.1362837233139884,-0.051870491895100887,-1.5135399658296749,-0.99158163854282011,-0.96579733350609998,-1.0170995679462709,-0.77676645741493,-0.51654074607122702,-2.4487872720074053,-35.749838849462293,-32.724742521124149,-2.2360138999809149,0.24383339945831803,-0.038356716477687652
3.8900000000000001,0.34841450282889752,-1.5893697986720459,1.0037539921449676,-2.0813690663778237,-1.1673395926544794,-0.042673179925229524,0.57342338718486197,-0.47112647262980001,-0.0068479250035007174,0.26934201051124851,-2.1434914945819386,-0.057273481796612513,-1.567250682438261,-0.96728594067794227,-0.98609741285477903,-1.0743422612199707,-0.66485983492997736,-0.5639801894083406,-2.5321239489233625,-35.059857667333048,-32.5670668941193,-2.2274500528763013,0.24944357594073999,-0.03521970094715815
3.8999999999999999,0.35406948521154197,-1.5941290142181972,1.0036358887355616,-2.078730301871869,-1.1888058912578681,-0.043274898450191855,0.55748441177725427,-0.48067501174177979,-0.01680404958238399,0.25831757302240915,-2.1495825052216251,-0.063148484556448975,-1.6204564672926978,-0.94231159216208493,-1.0048729537098136,-1.1303319773472136,-0.55342874366853634,-0.61093630829610412,-2.6084686316330328,-34.348391693746677,-32.398663547696785,-2.2172900829997344,0.25454284405106631,-0.032034857094797593
3.9100000000000001,0.35956242653281123,-1.5989824555512693,1.0034173107769344,-2.0762045596825573,-1.2103275374153539,-0.043937706229378509,0.54101609197804412,-0.48997055557964325,-0.026940285707860688,0.24673972332891475,-2.154561941290901,-0.069490457345260354,-1.6731120119936174,-0.91669259050705898,-1.0221190376350915,-1.1850160273303409,-0.44255916912592042,-0.65736725683063379,-2.677736810718494,-33.61607619524959,-32.219616896242478,-2.205537386539389,0.25911364352773514,-0.028814585018601332
3.9199999999999999,0.36488806161543297,-1.6039275610581454,1.0030965336881743,-2.0737973077866014,-1.2318934448775707,-0.044666246012619086,0.52402415655320156,-0.49900682947584618,-0.037241320972592216,0.23462177615208499,-2.1584358436707731,-0.076293941068121512,-1.7251720548843332,-0.89046337959170141,-1.0378323666256739,-1.2383430191782117,-0.33233607818316047,-0.70323163393171295,-2.7398777677383839,-32.863554172937988,-32.030020510080568,-2.1921969423661718,0.26314045911337769,-0.025571514952448013
3.9300000000000002,0.37004118483158199,-1.6089617081081731,1.0026719861504101,-2.0715138784660874,-1.2534925920344155,-0.045465103896611105,0.50651478647934434,-0.50777790526884536,-0.047691818066081824,0.22197755345875811,-2.1612110975137031,-0.083553064996022802,-1.7765914223985459,-0.86365881012039136,-1.0520112568790549,-1.2902629032181869,-0.22284334620592558,-0.74848851992498333,-2.794875048058457,-32.091474792949874,-31.82997701290784,-2.1772752360156562,0.26660990296568193,-0.022318438458352442
3.9399999999999999,0.37501665461988964,-1.6140822165379027,1.0021422502752588,-2.069359463303873,-1.2751140303019877,-0.046338805233255502,0.48849461385538084,-0.51627820517235878,-0.058276430878687169,0.20882137081719115,-2.1628954209693125,-0.09126155176106597,-1.8273250705755364,-0.83631409977707416,-1.064655630920476,-1.3407270160506404,-0.11416368543667242,-0.79309751269536777,-2.8427467920619058,-31.300491816667986,-31.619597951725282,-2.1607801777707722,0.26951078308357823,-0.019068238467917959
3.9500000000000002,0.3798093979894962,-1.6192863521725214,1.0015060616126501,-2.0673391083176034,-1.2967468923932306,-0.04729181058973931,0.46997072039832671,-0.52450250524482367,-0.068979820518727877,0.19516802332034774,-2.1634973532007358,-0.099412722710916307,-1.8773281267036661,-0.80846479311693675,-1.0757670080958872,-1.3896881231067906,-0.0063785747444063765,-0.83701876337858694,-2.8835459206703433,-30.491262035627344,-31.399003637203251,-2.1427210154335898,0.27183415708219771,-0.01583381869435329
3.96,0.38441441500696966,-1.624571330379972,1.0007623089989859,-2.0654577092365951,-1.3183804004652404,-0.048328511763947368,0.45095063552221248,-0.5324459384566298,-0.079786671226399347,0.18103277109077756,-2.1630262417055355,-0.10799950361771569,-1.9265559310525804,-0.78014672123823592,-1.0853484934479112,-1.437100459771993,0.10043180920482771,-0.88021301155794807,-2.9173601713447295,-29.664443716625136,-31.168322952810428,-2.1231082424637986,0.27357337078482441,-0.012628032939919187
3.9700000000000002,0.38882678326193454,-1.6299343196537275,0.99991003424674141,-2.0637200069257071,-1.3400038741363789,-0.049453227858706282,0.43144233399938237,-0.54010399735315573,-0.090681706168452142,0.16643132438156452,-2.1614922289556731,-0.11701443073636492,-1.9749640786545064,-0.75139596127672448,-1.0934047649916492,-1.4829197710382185,0.20618865929541613,-0.92264161993420313,-2.9443119810008063,-28.820695063018547,-30.927693131472797,-2.1019535022422229,0.27472408124309339,-0.0094636148224643141
3.98,0.39304166230721777,-1.6353724452201619,0.99894843167678327,-2.0621305829601577,-1.3616067383664237,-0.050670201418337599,0.41145423320391961,-0.54747253631203496,-0.10164970309770095,0.15137982828825383,-2.1589062383716624,-0.12644965720672866,-2.0225084610946178,-0.72224879576546031,-1.0999420594088636,-1.5271033496507369,0.31081460376748543,-0.96426660843659251,-2.9645582125703061,-27.96067269866181,-30.677259499001998,-2.0792694892891612,0.27528426394616595,-0.0063531084388933675
3.9900000000000002,0.39705429806934373,-1.6408827926664682,0.99787684749483374,-2.060693855355102,-1.3831785311932259,-0.051983594630934833,0.39099518993726201,-0.55454777339352845,-0.11267550986163723,0.13589484708699512,-2.1552799596466392,-0.13629695979403209,-2.0691453082704623,-0.69274167190272973,-1.1049681561806941,-1.5696100727157467,0.41423377042196013,-1.0050506877438434,-2.9782897222751101,-27.085030181361951,-30.417175184035045,-2.0550698483277743,0.27525420413359164,-0.0033088004730537027
4,0.40086002722519659,-1.6464624115850368,0.99669477901366721,-2.0594140744536373,-1.4047089113193949,-0.053397485599700846,0.37007449683657417,-0.56132629178329341,-0.12374405974466918,0.11999334821442122,-2.1506258334366004,-0.1465477459613852,-2.1148312300802279,-0.66291116077087842,-1.1084923601804533,-1.6104004367370384,0.51637184916854229,-1.0449572921843528,-2.9857307650630811,-26.194416553120224,-30.147600794754315,-2.0293690721318196,0.27463647228293842,-0.00034265424080682019
4.0099999999999998,0.4044542815406833,-1.6521083192302222,0.99540187372278022,-2.0582953189767301,-1.4261876655428065,-0.054915864686652056,0.34870187836673944,-0.56780504082727468,-0.13484038662867476,0.10369268590514866,-2.144957035433694,-0.15719306126808177,-2.1595232579995991,-0.63279391654887185,-1.1105254827497955,-1.6494365910514948,0.61715615286186254,-1.0839506119854132,-2.9871382360863539,-25.289474934758271,-29.868704063199218,-2.0021823991338787,0.27343588399995256,0.002533753853899888
4.0199999999999996,0.4078325921672416,-1.6578175041834231,0.99399792820742883,-2.0573414922384154,-1.4476047160248238,-0.056542630931902427,0.32688748639731918,-0.57398133665886797,-0.14594963995683893,0.087010584503050631,-2.1382874598399164,-0.16822359708700937,-2.2031788865069069,-0.60242663576130373,-1.1110798212828978,-1.686682369634763,0.7165156763725824,-1.121995624841911,-2.982800746593357,-24.370841172797618,-29.580659458531422,-1.9735257117945715,0.2716594446937643,0.0053092950010853873
4.0300000000000002,0.41099059389204973,-1.663586930022398,0.99248288691906972,-2.0565563185294464,-1.468950127390338,-0.058281588551693027,0.30464189536617953,-0.57985286241893175,-0.15705709948598298,0.069965121462729721,-2.1306317022591439,-0.17962969863422884,-2.245756114316289,-0.57184601660649925,-1.1101691373448526,-1.7221033212500745,0.81438115384222332,-1.1590581267755962,-2.9730375331589318,-23.439142546662815,-29.283647771167281,-1.9434154367451797,0.26931627957038451,0.0079733453807599268
4.04,0.4139240293378092,-1.6694135389907403,0.99085684079940062,-2.0559433396724072,-1.4902141136538802,-0.060136443518241364,0.28197609703192739,-0.58541766806965623,-0.16814818981285456,0.052574710057908633,-2.1220050420259118,-0.19140137330346854,-2.287213485378552,-0.54108871840627037,-1.1078086333519059,-1.7556667379147894,0.91068511407213826,-1.1951047622566076,-2.9581971997978473,-22.494996544403485,-28.977855670235584,-1.9118684477158818,0.26641754962234249,0.010515839878998123
4.0499999999999998,0.41662875310801561,-1.6752942556634813,0.98912002576032143,-2.0555059117511369,-1.5113870449663085,-0.062110800224435964,0.25890149481764901,-0.59067416980371013,-0.1792084946601685,0.034858081813636123,-2.1124234239898101,-0.20352829929804894,-2.3275101296096983,-0.51019132121952671,-1.1040149278425513,-1.7873416816610499,1.0053619339993562,-1.2301030535597759,-2.9386562932002405,-21.539009715164674,-28.663475237345342,-1.8789019722493725,0.26297635442872791,0.012927321763602753
4.0599999999999996,0.41910073587362662,-1.6812259906047577,0.9872728210223003,-2.0552472020171431,-1.5324594541766809,-0.064208158236301272,0.23542989774890213,-0.59562114905052266,-0.19022377090841533,0.016834268679544004,-2.1019034397749023,-0.21599983455241475,-2.3666058033069142,-0.47919028566200339,-1.0988060293699946,-1.8170990095684192,1.0983478902134802,-1.2640214293287233,-2.9148177120950978,-20.571776606595048,-28.340703480156083,-1.8445335031767343,0.25900762270640237,0.015198987995259271
4.0700000000000003,0.42133606839709953,-1.6872056440135412,0.98531574731374683,-2.0551701859755025,-1.5534220432041821,-0.066431909136092801,0.21157351398927815,-0.60025775108196588,-0.20117996235985339,-0.0014774150385231815,-2.0904623085339376,-0.22880502593524663,-2.4044609292122558,-0.44812191297379161,-1.0922013090476648,-1.8449113970482467,1.1895812084712241,-1.2968292523217269,-2.8871089525931115,-19.593878795232261,-28.009741829713825,-1.8087807157983935,0.25452799166786017,0.017322729889045801
4.0800000000000001,0.42333096548978616,-1.6932301093534297,0.98324946493413956,-2.0552776446525822,-1.5742656892151472,-0.068785333458796338,0.18734494397725748,-0.60458348322012079,-0.21206321322134461,-0.020057390970887892,-2.0781178572176038,-0.24193261872582961,-2.4410366361842986,-0.41702230537628365,-1.0842214717809715,-1.870753359361166,1.2790021111670022,-1.3284968463139308,-2.8559801922817414,-18.605884017671805,-27.670795625952195,-1.7716613916701078,0.24955567634282805,0.019291168882334331
4.0899999999999999,0.42508176989872037,-1.6992962769625466,0.98107477168378709,-2.0555721620477296,-1.5949814506004587,-0.071271597724725008,0.16275717316845187,-0.60859821265024105,-0.2228598812930912,-0.038885835182698912,-2.064888500379467,-0.25537106635513096,-2.4762947984383246,-0.3859273267596422,-1.0748885262196604,-1.8946012713508964,1.3665528627202108,-1.3589955221313716,-2.821902216843422,-17.608345409986029,-27.324073596145123,-1.7331933498422096,0.24411033010782152,0.021097687208155348
4.0999999999999996,0.42658495611887315,-1.7054010376396005,0.97879260066322282,-2.0560561227709062,-1.6155605727487283,-0.073893751570808311,0.13782356438779755,-0.61230216384240377,-0.23355655085064211,-0.057942696860938003,-2.0507932195376024,-0.26910854040276672,-2.5101980743158792,-0.35487256374160642,-1.0642257534663655,-1.9164333853791997,1.4521778128416756,-1.3882976027930058,-2.7853641940397766,-16.601800862426099,-26.969787331432908,-1.6933943863413274,0.238212897739565,0.02273645331758458
4.1100000000000003,0.42783713412700014,-1.7115412862022306,0.97640401794536524,-2.05673170986806,-1.6359944936109965,-0.076654724983098707,0.11255784979653653,-0.61569591558578063,-0.24414004520792271,-0.077207717171736939,-2.0358515421143162,-0.28313294084084417,-2.5427099445448627,-0.32389328713793186,-1.0522576745782461,-1.9362298474487498,1.5358234376442721,-1.4163764477378522,-2.7468713010441079,-15.586772495901615,-26.60815076681769,-1.6522822226181624,0.23188546236365074,0.024202441940267348
4.1200000000000001,0.42883505303325303,-1.7177139250137645,0.97391022012369488,-2.0576009028358411,-1.6562748490527821,-0.079557325632907516,0.086974122479339055,-0.61878039763983328,-0.25459743894939268,-0.09666044826979088,-2.0200835199756901,-0.2974319065153927,-2.5737947499516278,-0.29302441388438438,-1.0390100168996885,-1.9539727115022876,1.6174383785644637,-1.4432064761151111,-2.7069422123081752,-14.56376626610205,-26.23937967023414,-1.6098744636138935,0.22515108770862222,0.025491448718372139
4.1299999999999999,0.42957560464678979,-1.7239158674746058,0.97131253173980747,-2.0586654758271039,-1.6763934779896457,-0.082604236318905691,0.061086827657165645,-0.62155688700715206,-0.26491606981987065,-0.1162802724416401,-2.0035097075929573,-0.31199282585594534,-2.6034177285870945,-0.26230046944951452,-1.024509679265144,-1.9696459518883653,1.6969734790641693,-1.4687631891161419,-2.6661064564052528,-13.53327170038969,-25.863691146437791,-1.5661885660216091,0.21803365709751732,0.026600099395662463
4.1399999999999997,0.43005582695166344,-1.7301440414744673,0.96861240259383063,-2.0599269960484281,-1.6963424273025534,-0.085798012517424443,0.034910753531982253,-0.62402700383304133,-0.27508355026088066,-0.13604642136437009,-1.9861511398481098,-0.32680284780354285,-2.6315450522290744,-0.2317555507771468,-1.0087846961124221,-1.983235473985675,1.7743818190841179,-1.4930231913278851,-2.6249016515927233,-12.495761771780163,-25.481303161518447,-1.5212418172397131,0.210557710614033,0.027525853589530282
4.1500000000000004,0.43027290748934655,-1.7363953928017632,0.96581140494128803,-2.0613868223507308,-1.7161139565296109,-0.089141080043079565,0.0084610217697176637,-0.6261927069373322,-0.28508777858287426,-0.15593799546134876,-1.9680293095063035,-0.34184889294730947,-2.6581438622237523,-0.20142328979663821,-0.99186420054754487,-1.9947291229797737,1.8496187472224572,-1.5159642110884068,-2.5838706311697743,-11.45169291340984,-25.09243409382675,-1.4750513254304278,0.20274828186895444,0.028267003219321431
4.1600000000000001,0.43022418664430373,-1.7426668885065011,0.96291123058010442,-2.063046104013841,-1.7357005423309522,-0.092635732821767264,-0.018246922371728969,-0.62805628898429533,-0.29491694976302002,-0.17593398333645488,-1.9491661443779671,-0.35711766485951074,-2.6831823046295558,-0.17133681753854405,-0.97377838640350101,-2.0041166907878711,1.922641910614473,-1.5375651198260607,-2.5435584710554489,-10.401505175905816,-24.69730231700564,-1.4276340210105378,0.19463073576514894,0.028822665708658105
4.1699999999999999,0.42990716082909813,-1.748955520213094,0.95991368783154751,-2.0649057797257369,-1.7550948827238091,-0.09628413077796151,-0.045197320262305302,-0.62962037129689696,-0.30455956585874328,-0.19601328126830095,-1.9295839841936846,-0.37259566161885849,-2.7066295646273226,-0.1415287288925203,-0.9545584693360436,-2.0113899211290844,1.993411282491703,-1.5578059503647737,-2.5045094333644142,-9.3456225290053201,-24.296125820634533,-1.3790066698121877,0.18623060861684287,0.029192772122280108
4.1799999999999997,0.42931948556559446,-1.7552583073795593,0.95682069841899342,-2.0669665767569407,-1.7742899010849635,-0.10008829783813804,-0.072374110459872174,-0.630887898321986,-0.31400444602758043,-0.21615471274586601,-1.9093055572151905,-0.38826918751161577,-2.7284559001611952,-0.11203104804366786,-0.9342366470005955,-2.0165425127393681,2.0618891874007739,-1.5766679141788724,-2.4672638410938079,-8.2844533076438172,-23.889121873728179,-1.3291858980600799,0.17757345192222562,0.029378050438765797
4.1900000000000004,0.42845897845888975,-1.7615723004996577,0.95363429424849955,-2.0692290103304072,-1.7932787499181133,-0.10405012005205871,-0.099760939602719645,-0.63186213175339112,-0.3232407361444038,-0.23633704802701938,-1.8883539566059235,-0.40412436489994674,-2.7486326747753118,-0.08287519462270751,-0.91284605835524557,-2.0195701207321886,2.128040324064993,-1.5941334175819093,-2.4323549003361262,-7.2183908015400995,-23.476506735980301,-1.2781882292170894,0.16868468101871747,0.029380004198938388
4.2000000000000002,0.42732362206069241,-1.7678945842445752,0.95035661409525796,-2.0716933831870268,-1.8120548143838178,-0.10817134383352603,-0.12734117362625205,-0.63254664432023588,-0.33225791800748711,-0.25653902370136755,-1.8667526165848582,-0.4201471462467441,-2.7671323896119788,-0.054091950604688833,-0.89042074213558209,-2.0204703561077197,2.1918317858736547,-1.610186076834879,-2.4003054876803374,-6.1478139860741354,-23.058495421209461,-1.2260301326536656,0.15958942976891577,0.029200886805411448
4.21,0.42591156661894963,-1.774222280540857,0.94698990020006968,-2.0743597853467115,-1.8306117155900186,-0.11245357432212835,-0.15509790929535996,-0.63294531324811609,-0.34104581812538654,-0.27673936223899143,-1.8445252883873007,-0.43632332628610676,-2.7839287145378142,-0.025711427989943782,-0.86699559454778685,-2.0192427834151863,2.2532330789867543,-1.6248107321603009,-2.3716249216352914,-5.073088390976439,-22.635301516948786,-1.172728083996581,0.15031241233362261,0.028843671781215125
4.2199999999999998,0.42422113271060741,-1.7805525515813427,0.94353649478008772,-2.07722809406481,-1.8489433136412894,-0.11689827386736987,-0.18301398604352853,-0.63306231340114527,-0.34959461607702541,-0.29691679150655853,-1.8216960160566489,-0.45263855432840794,-2.798996518364858,0.0022369626995983292,-0.84260632622735798,-2.0158889165747649,2.3122161380448087,-1.6379934606495674,-2.3468057379841216,-3.9945671020583067,-22.207137063534709,-1.1182986369105834,0.14087779298814884,0.028312019324428669
4.2300000000000004,0.42225081375448598,-1.7868826027659621,0.93999883645811333,-2.080297973983452,-1.8670437104452593,-0.12150676063647624,-0.21107199810950528,-0.63290211011316733,-0.35789485243790309,-0.31705006423251397,-1.7982891120910447,-0.46907834668887055,-2.8123118981346642,0.029724543076767321,-0.81728941851116987,-2.0104122128671498,2.3687553394760572,-1.6497215880520866,-2.3263204899351169,-2.9125918898980778,-21.77421249538644,-1.062758505960625,0.13130906483064061,0.027610239520916121
4.2400000000000002,0.41999927840134021,-1.7932096855693263,0.93637945661483646,-2.0835688774772114,-1.8849072522748762,-0.12628020734705794,-0.23925430696198907,-0.6324694517167766,-0.36593743626578795,-0.33711797740302896,-1.774329132968995,-0.4856280992283899,-2.8238522074339407,0.056723396666931117,-0.79108207907147476,-2.0028180651007568,2.4228275123956116,-1.6599836994357271,-2.3106185947504594,-1.8274944580946002,-21.336736646445136,-1.0061246600941316,0.12162893811832282,0.026743252598365779
4.25,0.41746537279827223,-1.7995311003321355,0.93268097566843988,-2.0870400451923041,-1.9025285320854339,-0.1312196401257007,-0.26754305400252337,-0.63176936177907583,-0.37371365213976848,-0.35709939157056869,-1.7498408545780422,-0.50227309999528891,-2.8335960837112908,0.083206397777019783,-0.76402219696083096,-1.9931137919682256,2.4744119470935209,-1.6687696487091561,-2.3001232491896877,-0.73959780240777384,-20.894916820959498,-0.94841442617108396,0.11185923885074492,0.025716546621646991
4.2599999999999998,0.4146481227247677,-1.805844198973515,0.92890609928607426,-2.0907105067783669,-1.9199023915854849,-0.13632593749342062,-0.29592017353641353,-0.63080713105341601,-0.38121516674701156,-0.37697325005702143,-1.7248492475706387,-0.51899854195655848,-2.8415234745653719,0.10914723942651,-0.73614829711750385,-1.9813086266055859,2.5234904011109451,-1.6760705669977167,-2.2952284365790847,0.35078232915559937,-20.4489589299755,-0.88964560185524755,0.10202081809999047,0.024536133041854646
4.2699999999999996,0.41154673559772753,-1.8121463876214878,0.92505761453174717,-2.0945790818116552,-1.9370239230610555,-0.14159982947884028,-0.32436740600127711,-0.62958830915662201,-0.38843403501208384,-0.39671859803349574,-1.6993794526712842,-0.53578953580710209,-2.847615662975715,0.13452046031216452,-0.70749949438134407,-1.967413703369264,2.5700471029061727,-1.6818788698655505,-2.2962960485927608,1.4433358864687058,-19.999067693021022,-0.82983657706318348,0.092133472467928079,0.02320850051921481
4.2800000000000002,0.40816060234296436,-1.8184351291588907,0.9211383859552269,-2.0986443809083575,-1.9538884709527979,-0.14704189685979643,-0.35286631144250352,-0.62811869598153736,-0.39536270576420057,-0.41631460145904575,-1.6734567559590623,-0.55263112284540294,-2.8518552914483029,0.1593014707792858,-0.67811544707058646,-1.9514420428477273,2.6140687531144859,-1.6861882633777701,-2.3036531448898647,2.5377568899394536,-19.545446903581407,-0.76900646304878784,0.082215875931306581,0.021740567443203195
4.29,0.40448929913076631,-1.8247079456821278,0.91715135162660033,-2.1029048070265128,-1.970491633185921,-0.15265257053398279,-0.38139828322460628,-0.62640433285490615,-0.4019940269382471,-0.43574056586075821,-1.6471065641495739,-0.56950828790398744,-2.8542263850490666,0.18346657777337638,-0.64803631017022212,-1.9334085351262542,2.6555445234080941,-1.6889937489975413,-2.3175893735803501,3.6337417390901638,-19.088299756052656,-0.70717522808157629,0.072285523218294123,0.020139633571814246
4.2999999999999998,0.40053258897320176,-1.8309624208702804,0.9130995191211666,-2.1073585569548676,-1.9868292622530683,-0.15843213101913173,-0.40994456196727874,-0.62445149345096795,-0.40832125030596972,-0.45497595493785276,-1.6203543799002316,-0.58640597232302893,-2.854714373299263,0.20699300874714036,-0.61730268818306766,-1.9133299213250123,2.6944660529649864,-1.6902916273140514,-2.338354575076901,4.7309874714527886,-18.627829230945856,-0.644363838557371,0.062358684746125576,0.018413331205970412
4.3099999999999996,0.39629042318099794,-1.8371962022621711,0.90898596145938326,-2.112003622986816,-2.0028974660504417,-0.16438070808309438,-0.43848624969457611,-0.62226667447128459,-0.41433803573418965,-0.47400040897259516,-1.5932257771627789,-0.6033090869553599,-2.8533061109078557,0.22985893449887479,-0.58595558769480294,-1.8912247734322689,2.7308274425575343,-1.6900795005983937,-2.3661565912252285,5.8291899870578927,-18.164238534214881,-0.58059440426219444,0.052450373040034762,0.016569576304722
4.3200000000000003,0.39176294267790618,-1.8434070034391008,0.90481381300660346,-2.1168377947774224,-2.0186926084677941,-0.17049828050407667,-0.46700432418552595,-0.61985658610163363,-0.42003845496746117,-0.49279376303114125,-1.5657463766067727,-0.62020252519118335,-2.8499898973169384,0.25204349091947431,-0.55403636970437919,-1.8671134724560605,2.7646252462742016,-1.6883562741855282,-2.4011593006823944,6.9280422545683003,-17.697731585699024,-0.51589032639538523,0.042574320449579997,0.014616519932349734
4.3300000000000001,0.38695047917060532,-1.8495926061110877,0.90058626533737784,-2.1218586613813191,-2.0342113097331054,-0.17678467596117484,-0.49547965351414025,-0.6172281422569813,-0.42541699493307095,-0.51133606493756378,-1.5379418211376306,-0.63707117599071816,-2.8447554950373233,0.2735267996263695,-0.52158670177154598,-1.8410181849194647,2.7958584608899519,-1.6851221566815504,-2.443480900332045,8.0272325157473094,-17.228513550831153,-0.45027644684870949,0.032742967880808209,0.012562500410011428
4.3399999999999999,0.38185355617230771,-1.855750862104546,0.89630656306909418,-2.1270636134691543,-2.0494504465130232,-0.18323957105523173,-0.5238930107666786,-0.61438845062575043,-0.43046856056681554,-0.52960759300469196,-1.5098377515326193,-0.65389993691306547,-2.8375941467525281,0.29428998746400215,-0.48864851003298815,-1.812962837725878,2.8245285129031679,-1.6803786589965874,-2.4931924510885959,9.1264425054522818,-16.7567914089685,-0.38377919713574782,0.022967464172043657,0.01041599652246139
4.3499999999999996,0.37647288987835853,-1.8618796952494452,0.89197799966976798,-2.1324498457200596,-2.0644071517703289,-0.18986249145990455,-0.55222508892367017,-0.61134480252485635,-0.43518847715849901,-0.54758887350554641,-1.4814597822181084,-0.67067372712951656,-2.8284985911704186,0.31431520485150344,-0.45526393113896918,-1.782973091422509,2.8506392432591738,-1.6741285922047742,-2.5503167047543753,10.225345704683003,-16.28277455097686,-0.31642674527384829,0.013257675658280997,0.0081855821050138104
4.3600000000000003,0.37080938989224338,-1.8679771031641275,0.88760391324477594,-2.1380143593874652,-2.0790788143799999,-0.19665281220275083,-0.58045651589413139,-0.60810466257708307,-0.4395724922166136,-0.56526069786953281,-1.4528334772110225,-0.68737750040961831,-2.817463077602949,0.3335856429596023,-0.42147526416205383,-1.751076311891645,2.8741968897826817,-1.6663760642337948,-2.6148272266665948,11.32360564440207,-15.80667539804416,-0.24824913884028485,0.0036222053944437067,0.0058798823076850783
4.3700000000000001,0.36486415980054776,-1.8740411589360546,0.88318768230735123,-2.1437539650354425,-2.093463078505581,-0.2036097580759762,-0.60856786968912757,-0.60467565822263158,-0.44361677685218326,-0.58260413958781299,-1.4239843262473546,-0.70399625806829003,-2.8044833792555766,0.35208554969992356,-0.38732492252953704,-1.7173015405007301,2.8952100673436316,-1.6571264753876289,-2.6866478267166087,12.42087427785008,-15.32871003313624,-0.17927844235883908,-0.0059315785582660999,0.0035075318028147361
4.3799999999999999,0.35863849759553607,-1.8800700126968968,0.87873272153763804,-2.1496652854425786,-2.1075578427378905,-0.21073240417642486,-0.63653969372172325,-0.60106556907676389,-0.44731792668226472,-0.59960057081260909,-1.3949377211202161,-0.7205150618623587,-2.789556805209036,0.369800244511166,-0.35285538603106181,-1.6816794627437968,2.913689745783139,-1.6463865127071655,-2.7656523089625105,13.516790438916122,-14.849098836041001,-0.10954886712466735,-0.015397506435944321,0.0010771351698888425
4.3899999999999997,0.35213389594415218,-1.8860618930904733,0.87424247753511508,-2.1557447586702518,-2.1213612589982378,-0.21801967657422394,-0.66435251222013225,-0.59728231614567673,-0.45067296225411774,-0.61623167863551553,-1.3657189322497272,-0.73691904682490983,-2.7726822110774068,0.38671613192786136,-0.31810915295270781,-1.6442423754081386,2.9296492256283262,-1.6341641431744853,-2.8516645475083902,14.610978403775595,-14.368067112589436,-0.039096891546695572,-0.024770562366758987,-0.0014027703427269504
4.4000000000000004,0.3453520423023832,-1.8920151086321981,0.86972042456915943,-2.1619886412920266,-2.1348717312085874,-0.22547035310941599,-0.69198684574077018,-0.5933339509128126,-0.45367932899155378,-0.6324794810302572,-1.3363530855066763,-0.75319343402593042,-2.7538600083276026,0.40282071391874358,-0.28312869238853622,-1.6050241523014612,2.9431041116269006,-1.6204686057676412,-2.9444588936159115,15.70304657248257,-13.885845708399936,0.032038629919944231,-0.034046832997496002,-0.0039237495143841488
4.4100000000000001,0.33829481887404789,-1.8979280489587873,0.86517006033253963,-2.168393011780732,-2.1480879137313198,-0.23308306431577824,-0.71942322676773829,-0.58922864430800426,-0.45633489666550586,-0.64832634244565446,-1.3068651393116171,-0.76932354324777108,-2.7330921722465611,0.41810260098301882,-0.24795639678045903,-1.5640602085762239,2.9540722841345488,-1.6053104023738809,-3.0437609161749339,16.79258628649097,-13.402671597375118,0.10381637116108361,-0.04322344992272617,-0.0064775011776730344
4.4199999999999999,0.33096430241320768,-1.9037991859671322,0.86059490170255759,-2.1749537740496745,-2.1610087095814636,-0.24085629447093282,-0.74664221538520348,-0.58497467557189753,-0.45863795839134736,-0.66375498903500807,-1.2772798620306416,-0.78529480556409859,-2.710382248543719,0.43255152199419483,-0.21263453473664146,-1.5213874636888662,2.9625738683900686,-1.5887012875702486,-3.1492484747221896,17.879170797197951,-12.918788435186237,0.17619245397702357,-0.052298526709112413,-0.0090558874787463085
4.4299999999999997,0.32336276386955753,-1.9096270748413349,0.85599848051458205,-2.1816666611442601,-2.1736332684144326,-0.24878838277170279,-0.77362441500888368,-0.58058042102824381,-0.46058722915599243,-0.67874852350837833,-1.2476218096888603,-0.8010927758110008,-2.6857353585776105,0.44615833278234507,-0.17720520417863414,-1.4770443030332872,2.9686312017152634,-1.5706542572816478,-3.2605531211939018,18.962354399535084,-12.434447068123379,0.24912038463774527,-0.061271091320324142,-0.011650960312987154
4.4400000000000004,0.31549266787625274,-1.91541035496707,0.85138433935264335,-2.1885272390802046,-2.1859609842925933,-0.25687752463360669,-0.80035048816291732,-0.57605434277671186,-0.46218184387832489,-0.69329043959476311,-1.2179153040220578,-0.81670314493912743,-2.6591582031965864,0.45891502344712554,-0.14171028586665121,-1.4310705382887614,2.9722687986785914,-1.5511835363273978,-3.3772618235678742,20.041671743416359,-11.949905987956257,0.32255100911676504,-0.070141014752933079,-0.014254984910213266
4.4500000000000002,0.30735667207981021,-1.9211477507325179,0.84675602736174149,-2.1955309108243597,-2.1979914932341065,-0.26512177311322177,-0.82680117228814354,-0.57140497731893691,-0.46342135500696641,-0.70736463610148315,-1.188184410886755,-0.83211175223577483,-2.6306590651851089,0.47081472439510424,-0.10619139735209325,-1.3835073665239044,2.9735133142633465,-1.5303045648684204,-3.49891900152886,21.116637334466112,-11.465431723852983,0.39643248857254854,-0.078908936690607057,-0.016860460575730686
4.46,0.29895762631181677,-1.9268380722152898,0.84211709608646845,-2.2026729204140696,-2.2097246705477569,-0.27351904045208209,-0.8529572955678687,-0.56664092413059741,-0.46430572965991579,-0.72095543055857825,-1.1584529190483592,-0.84730459740601149,-2.6002478103081375,0.48185171109636415,-0.070689847405799658,-1.3343973280993002,2.9723935050832004,-1.5080339837681429,-3.6250288613184534,22.186745233934296,-10.981299162929107,0.47071029649037244,-0.08757618897349681,-0.019460138623805738
4.4699999999999998,0.29029857160235439,-1.9324802157548511,0.83747109534051034,-2.2099483572108474,-2.2211606279576355,-0.2820670997406346,-0.87879979275702536,-0.56177083419235518,-0.46483534631104861,-0.73404757243639518,-1.1287443193667595,-0.86226785250203208,-2.5679358869476161,0.49202140755664547,-0.035246590969947679,-1.2837842634125489,2.9689401886896163,-1.4843896188812895,-3.7550580140445464,23.251468966052812,-10.497791791648178,0.54532723871325106,-0.096144717662304827,-0.022047037568115865
4.4800000000000004,0.28138273903518152,-1.9380731644100992,0.8328215691115185,-2.2173521602840442,-2.2322997105217279,-0.29076358670068242,-0.90430972100064033,-0.55680339849248683,-0.46501099102894222,-0.74662625592502807,-1.0990817843981855,-0.87698787369010489,-2.5337363243262931,0.50132038850265792,9.781531921390467e-05,-1.2317132685304646,2.9631862010173999,-1.4593904642856534,-3.888438358965328,24.310261639330491,-10.015201851054812,0.62022349738007176,-0.10461700445270522,-0.024614455659194737
4.4900000000000002,0.27221354844483553,-1.9436159883018862,0.82817205150581874,-2.2248791229200768,-2.243142493348699,-0.29960600158464257,-0.92946827562745271,-0.55174733651413033,-0.46483385327399357,-0.7586771322647029,-1.0694881484317378,-0.89145121284461137,-2.4976637293153794,0.50974638027955144,0.035303256991145032,-1.1782306497542752,2.9551663520166116,-1.433056664472987,-4.024570210665221,25.362556286432039,-9.5338303996872202,0.69533669955373567,-0.11299598816601898,-0.027155980881538352
4.5,0.26279460695598172,-1.9491078448403876,0.8235260627373171,-2.23252389725267,-2.2536897781172813,-0.30859171118984441,-0.95425680590454731,-0.54661138471996007,-0.4643055212601977,-0.77018632161668266,-1.0399858879784218,-0.90564462895887599,-2.4597342818239385,0.51729826046086069,0.070330104937660384,-1.1233838771643807,2.9449173795203376,-1.4054094955160052,-4.1628256466407043,26.407766425363384,-9.0539872789729703,0.7706020110649936,-0.121284987006978,-0.0296654985427042
4.5099999999999998,0.25312970736547502,-1.9545479788373581,0.81888710516494689,-2.2402809990094736,-2.2639425894028875,-0.31771795098596534,-0.97865683073875009,-0.54140428504722682,-0.46342797688848097,-0.78114042446470522,-1.0105971027301583,-0.91955509936260715,-2.4199657287692169,0.52397605617261145,0.10513925790128383,-1.067221537192437,2.932477901399889,-1.3764713452296147,-4.3025520496455281,27.44528684270966,-8.5759909769516476,0.84595225582121869,-0.12948762223950996,-0.032137196603276186
4.5199999999999996,0.24322282636773004,-1.9599357225034433,0.81425865938289022,-2.2481448123702981,-2.2739021708162395,-0.32698182735364179,-1.0026500543106585,-0.53613477342595328,-0.46220359025886548,-0.79152653253748528,-0.98134349700555745,-0.93316983073600368,-2.3783773766284102,0.52978094113459928,0.13969218421124405,-1.0097932842691146,2.9178883660601942,-1.346265692345221,-4.4430758172380616,28.474494597672436,-8.1001683872707346,0.92131806053800958,-0.13760774388743863,-0.034565568909919769
4.5300000000000002,0.23307812262414584,-1.9652704953308451,0.80964418036775132,-2.2561095949321475,-2.2835699809589496,-0.33638031993216189,-1.0262183816270971,-0.53081156833311249,-0.46063511376921756,-0.80133223924327879,-0.95224636169880505,-0.94647626991075862,-2.3349900825737211,0.53471523142321986,0.17395096272380153,-0.95114979159680402,2.9011910013298747,-1.3148170847179925,-4.58370620935401,29.494750243643963,-7.6268544615564071,0.99662802454882726,-0.14564935901935683,-0.036945416503895698
4.54,0.22269993467747798,-1.9705518038617567,0.80504709368677907,-2.2641694827761256,-2.2929476892011813,-0.34591028407405555,-1.0493439339778399,-0.52544335939556974,-0.45872567580875823,-0.81054564960800035,-0.92332655674748143,-0.95946211444837359,-2.289826244193923,0.53878237996154876,0.20787832292451613,-0.89134270109732827,2.8824297618019332,-1.2821511165878718,-4.7237393034181387,30.505399262064795,-7.1563917544513771,1.0718089140383051,-0.15361656312624336,-0.039271847184371864
4.5499999999999998,0.212092778712173,-1.9757792413431285,0.80047079177113711,-2.2723184956312021,-2.3020371712866345,-0.35556845340432897,-1.0720090642825273,-0.52003879605442349,-0.4564787740548934,-0.81915538970891377,-0.89460449413442855,-0.97211532298645809,-2.2429097878068931,0.54198696974369731,0.24143768415117609,-0.83042457258522806,2.8616502746821992,-1.2482944049158371,-4.8624620255279654,31.505773701365989,-6.6891298618179613,1.1467858797338466,-0.16151347504739472,-0.041540273509781109
4.5599999999999996,0.20126134616184582,-1.9809524872684379,0.79591863025816223,-2.2805505421297658,-2.3108405047702991,-0.36535144248195239,-1.0941963723136612,-0.5146064763034317,-0.45389826838240616,-0.82715061559638847,-0.86610012143839055,-0.98442412534384727,-2.1942661553689966,0.54433470580183141,0.27459319389687747,-0.76844883221814064,2.8388997842043664,-1.213274564818003,-4.9991562256020963,32.495194011907714,-6.2254247538150302,1.2214826967816539,-0.16934417584529463,-0.043746409421443998
4.5700000000000003,0.1902105011652083,-1.9860713068072595,0.7913939244064222,-2.2888594251498047,-2.3193599642944949,-0.37525574956115887,-1.1158887197817176,-0.50915493551398905,-0.45098837339435865,-0.83452102169676567,-0.83783290594740623,-0.996377032375653,-2.1439222899885255,0.5458324059254791,0.30730976515407282,-0.70546972027608079,2.8142270946712991,-1.1771201841207661,-5.1331027640959261,33.472971066029267,-5.7656380057486931,1.2958220252336827,-0.17711265197398088,-0.04588626567190901
4.5800000000000001,0.17894527787188938,-1.9911355501235748,0.78689994558731835,-2.2972388472384919,-2.3275980167089307,-0.38527775945000658,-1.1370692452684457,-0.50369263535912034,-0.44775365058452249,-0.84125684868987749,-0.80982181934841357,-1.0079628455695686,-2.0919066200516387,0.54648799014415239,0.33955311276128575,-0.64154223832217505,2.7876825121839017,-1.1398607970611396,-5.2635855779506029,34.438408350632528,-5.3101359307569327,1.3697256892852603,-0.18482274302859386,-0.047956144236178541
4.5899999999999999,0.16747087759973639,-1.9961451515838702,0.78243991785686362,-2.3056824161119014,-2.3355573160405965,-0.39541374646358252,-1.1577213789945395,-0.49822795284877341,-0.44419900014147978,-0.84734889085530574,-0.78208532300584133,-1.019170666375012,-2.0382490419706256,0.54631046898552593,0.37128978871545326,-0.57672209579779043,2.7593177851197268,-1.1015268571571224,-5.3898956938544549,35.390804318153364,-4.8592886194998428,1.4431149731349329,-0.19247809430684698,-0.049952631877437009
4.5999999999999996,0.1557926658453356,-2.0011001288561872,0.77801701461116846,-2.3141836502254973,-2.3432406983194216,-0.40565987746911431,-1.1778288574079334,-0.49276916948859528,-0.44032965240491867,-0.8527885028819806,-0.75464135384144171,-1.0299899052569212,-1.9829809015657127,0.54530993052270949,0.40248721641395213,-0.51106565610552002,2.7291860434246962,-1.0621497092737984,-5.5113351576538205,36.329454880349374,-4.4134688930752191,1.5159109310927341,-0.20008211435653894,-0.051872593030364796
4.6100000000000003,0.14391616914958877,-2.0060005819014379,0.77363435532905422,-2.3227359844100266,-2.3506511762658038,-0.41601221502022373,-1.1973757375791521,-0.48732446057423445,-0.43615115898501139,-0.85756760613627925,-0.72750731082683417,-1.0404102904663077,-1.9261349740927174,0.54349752622546177,0.43311372379162877,-0.44462988223374522,2.69734173678235,-1.0217615609114814,-5.6272208498403051,37.253656028073053,-3.9730511763469689,1.5880347093456693,-0.20763793762752303,-0.053713162154910808
4.6200000000000001,0.13184707182037544,-2.0108466918583816,0.76929500240511794,-2.3313327755673536,-2.3577919338461575,-0.4264667205774238,-1.2163464113901978,-0.48190188463304356,-0.43166938355608719,-0.86167869438429401,-0.70070004209973702,-1.0504218765199009,-1.8677454429304494,0.54088545563137269,0.46313857531931391,-0.37747228197704397,2.6638405717259603,-0.9803954527430746,-5.7368881584450939,38.162706559099078,-3.5384102997562787,1.6594078766025293,-0.21514839229213273,-0.055471735701792729
4.6299999999999999,0.11959121251439377,-2.0156387198238104,0.76500195807643134,-2.3399673084207899,-2.3646663207027991,-0.43701925781194145,-1.2347256195037086,-0.47650937302489177,-0.42689049233613596,-0.86511483896452057,-0.67423583271404619,-1.0600150523815486,-1.807847876942694,0.53748694985431489,0.49253200283173321,-0.30965085280660609,2.6287394477596706,-0.93808522842829911,-5.8396944823707697,39.055910895172474,-3.1099202384593871,1.7299527606893623,-0.22261597324553972,-0.057145963818352345
4.6399999999999997,0.10715458068047734,-2.0203770055295869,0.76075816144597386,-2.3486328013143734,-2.371277846464535,-0.44766559598982397,-1.2524984650991444,-0.47115471971364259,-0.42182094426403488,-0.86786969340772291,-0.6481303930334037,-1.06918054933824,-1.7464792065312507,0.53331625394869275,0.52126523515379997,-0.24122402644557053,2.5920963925558658,-0.89486550373334728,-5.9350225401581325,39.932581968719632,-2.6879527983063118,1.7995927880528724,-0.2300428202470936,-0.058733741909972645
4.6500000000000004,0.094543312866767287,-2.0250619659182911,0.75656648560575124,-2.3573224120555762,-2.3776301749444397,-0.45840141343325153,-1.2696504273630451,-0.46584557122061365,-0.41646748088662394,-0.869937497501302,-0.62239884777712895,-1.0779094485639877,-1.683677698397501,0.52838860814914512,0.54931052649585332,-0.1722506132038461,2.5539704962964223,-0.85077163498493291,-6.0222834613932781,40.792044159144723,-2.2728762587219018,1.8682528230558126,-0.23743070111599449,-0.060233202158413934
4.6600000000000001,0.081763688894263109,-2.0296940936193639,0.75242973486244391,-2.366029243795873,-2.3837271182313913,-0.4692223010559004,-1.2861673747205236,-0.46058941677119125,-0.41083711596811484,-0.87131308079604375,-0.59705572572672927,-1.0861931883650391,-1.6194829290313271,0.52272022800661988,0.5766411835896037,-0.10278974612743801,2.5144218452264773,-0.8058396868884411,-6.1009196403780805,41.633636258313388,-1.8650539829757262,1.9358595039162207,-0.24478099984983559,-0.061642705084410443
4.6699999999999999,0.068822127899400745,-2.0342739553277278,0.74835064206829283,-2.3747463509435773,-2.3895726306820095,-0.48012376596914536,-1.3020355777953707,-0.45539357864549551,-0.40493712483454575,-0.87199186555366004,-0.57211495010050684,-1.0940235711002184,-1.5539357569474084,0.516328283442817,0.60323159153803663,-0.032900825017183069,2.4735114544897399,-0.7601063997403702,-6.1704073342780656,42.456714444701859,-1.4648430066259763,2.0023415721524449,-0.252094709493068,-0.062960831227958619
4.6799999999999997,0.05572518424844615,-2.0388021900869777,0.74433186605981705,-2.3834667451033562,-2.3951708028197052,-0.49110123515580595,-1.3172417220863413,-0.45026520274382825,-0.39877503346627169,-0.87196986913409114,-0.54758982960314584,-1.1013927697704933,-1.4870782936902218,0.50923087674616341,0.62905723835389649,0.037356539628110051,2.4313012003150791,-0.71360915606590936,-6.2302589906930192,43.260655245763267,-1.0725926150925249,2.0676301924480431,-0.25937242954448642,-0.064186373006179742
4.6900000000000004,0.042479543326591325,-2.0432795074793431,0.74037598920680625,-2.3921834010368115,-2.4005258551476243,-0.5021500592081215,-1.3317729203474358,-0.44521124937733636,-0.39235860735172617,-0.8712437058220931,-0.52349305015635217,-1.1082933342721681,-1.4189538736301335,0.50144701953356563,0.65409473816284847,0.10792258268922045,2.387853751624462,-0.66638594671287121,-6.2800252924289852,44.0448584683338,-0.68864292135509952,2.1316592599444428,-0.26661436765874802,-0.06531832679566868
4.7000000000000002,0.029092017204782553,-2.047706685724727,0.73648551507391757,-2.4008892626385236,-2.4056421318823356,-0.5132655161265417,-1.3456167246601787,-0.44023848429414447,-0.38569584011593455,-0.86981058809317435,-0.49983666731604659,-1.114718197308435,-1.3496070225743042,0.49299660870331391,0.67832185304886294,0.17873744046992213,2.3432325011329178,-0.61847533643385588,-6.3192969101486094,44.808750077350766,-0.31332345468963907,2.1943656921026053,-0.27382034536681127,-0.066355885274040502
4.71,0.015569540187404262,-2.0520845696912251,0.7326628661970519,-2.4095772489219578,-2.4105240946151323,-0.52444281517591862,-1.3587611381862124,-0.43535346995087121,-0.3787949419374253,-0.86766832731949239,-0.47663209938077178,-1.1206606799543231,-1.2790834252170968,0.48390040140545676,0.7017175135209216,0.24974120665173788,2.2975014960112081,-0.56991642898874406,-6.3477059565021534,45.551785003783351,0.053048228849134293,2.2556897024462694,-0.28098980751429864,-0.067298430044110874
4.7199999999999998,0.001919164244095371,-2.0564140688196284,0.72891038197656588,-2.418240260009628,-2.4151763159078987,-0.53567710079558539,-1.3711946265886696,-0.43056255703925489,-0.37166432776747799,-0.86481533391688159,-0.4538901211953778,-1.1261144968704042,-1.2074298914560733,0.47417998905714226,0.72426183758153506,0.32087398810538087,2.2507253681825929,-0.52074883180033082,-6.3649271382589117,46.273449863466865,0.4101679038101641,2.3155750537052002,-0.28812183509512906,-0.068145524553936992
4.7300000000000004,-0.011851945670953675,-2.0606961549645031,0.72523031668921822,-2.4268711831219489,-2.4196034728304996,-0.5469634565597995,-1.3829061291111673,-0.42587187627728118,-0.36431260536573085,-0.86125061693469862,-0.43162085865327621,-1.1310737611609651,-1.134694321600537,0.46385777043127457,0.74593614837924693,0.39207596050494242,2.2029692643248517,-0.47101262019604878,-6.3706786058305198,46.973265569471877,0.75774599063218662,2.3739692881144556,-0.29521516114055624,-0.068896907316885067
4.7400000000000002,-0.02573651640872637,-2.0649318601545468,0.7216248376206208,-2.4354628985592033,-2.4238103404466962,-0.55829690918497299,-1.3938850693034517,-0.42128733047392897,-0.3567485631664214,-0.85697378309074668,-0.40983378389984826,-1.1355329888726597,-1.0609256705008607,0.45295692384788389,0.76672299042870573,0.46328742369080733,2.1542987756491079,-0.42074830126924684,-6.364722502372679,47.650789821715918,1.0955088193977986,2.4308239328905117,-0.30226818931087818,-0.069552485428049843
4.75,-0.03972717152056858,-2.0691222742749966,0.71809602331981182,-2.4440082856711043,-2.4278017852556175,-0.56967243258008304,-1.4041213653830726,-0.41681458687637224,-0.34898115798965346,-0.85198503525404223,-0.38853771123886172,-1.1394871031300193,-0.98617391062771209,0.44150137849854887,0.78660614438357979,0.5344488567279857,2.104779867526966,-0.36999677739372294,-6.3468652173368225,48.305619458719377,1.423199833234192,2.4860946791932985,-0.3092790148286354,-0.070112328366763954
4.7599999999999998,-0.05381643625510929,-2.0732685426749522,0.71464586197743207,-2.4525002288084288,-2.4315827585958023,-0.58108495193659804,-1.4136054402227214,-0.41245906980813207,-0.34101950261221231,-0.84628517037874584,-0.36774079374311519,-1.1429314379045104,-0.91048999413162268,0.42951578493502346,0.80557064034904369,0.60550097260667513,2.054478809037398,-0.31879930942561668,-6.3169573518905189,48.937392657701004,1.7405807232298385,2.539741533189551,-0.31624544738793703,-0.070576662069590415
4.7699999999999996,-0.067996742653156431,-2.0773718637025782,0.71127624992883576,-2.4609316232512679,-2.4351582900188844,-0.59252934785425471,-1.4223282309531917,-0.40822595360640063,-0.33287285321262711,-0.83987557689309655,-0.34745052056968434,-1.1458617414141949,-0.83392581391404885,0.41702548475425744,0.82360276972226176,0.67638477253257079,2.0034621025048875,-0.26719747962692708,-6.2748934060100909,49.545790970592201,2.0474324874960157,2.5917289381534365,-0.32316503567464078,-0.070945863254095173
4.7800000000000002,-0.08226043473665548,-2.0814334861711998,0.70798899028331463,-2.4692953811084588,-2.4385334806399466,-0.60400046049897704,-1.4302811981722485,-0.40412015586638528,-0.32455059670521502,-0.83275823154770878,-0.32767371497954256,-1.1482741791513749,-0.75653416374227123,0.40405647951265006,0.84069009555083618,0.74704159975488194,1.9517964130999372,-0.21523315434519047,-6.2206111992461119,50.1305411849889,2.3435564078113971,2.6420258668689756,-0.3300350931361915,-0.071220453970754272
4.79,-0.096599773787718557,-2.0854547067594122,0.70478579168047906,-2.4775844371828106,-2.441713496471583,-0.61549309378919115,-1.4374563347500002,-0.40014633100022773,-0.31606223797799116,-0.82493569572811853,-0.30841653306058842,-1.1501653365359601,-0.67836869744143602,0.39063539890331622,0.85682146140080173,0.8174131928805517,1.899548498573022,-0.16294844648411236,-6.1540910391572563,50.691417000556463,2.6287749381418659,2.6906058839314166,-0.33685272464790239,-0.071401096358540667
4.7999999999999998,-0.11100694371366951,-2.0894368673483865,0.70166826717467357,-2.4857917547968116,-2.4447035617487165,-0.62700201960680835,-1.4438461742217223,-0.39630886411769528,-0.3074173870493806,-0.81641111123696319,-0.28968446315233815,-1.1515322211926444,-0.59948388719777901,0.37678946823088599,0.87198699872741225,0.8874417386239537,1.8467851391926575,-0.11038567779997881,-6.0753546531812797,51.228240512924188,2.9029325002096154,2.7374471778758909,-0.34361485373403805,-0.071488587578932464
4.8099999999999996,-0.12547405649390203,-2.0933813522996108,0.69863793324817247,-2.4939103315735167,-2.4475089522511482,-0.63852198202908328,-1.4494437987594095,-0.39261186523548242,-0.29862574615873416,-0.80718819555170285,-0.27148232596994371,-1.1523722648503176,-0.51993498100829405,0.3625464752190441,0.88617813274351354,0.95706992394178758,1.7935730679578938,-0.057587341058971557,-5.9844639012548981,51.740883498636208,3.1658961821822547,2.7825325633864826,-0.35031825001698103,-0.071483854903193061
4.8200000000000003,-0.13999315770432083,-2.097289585676402,0.69569620895373674,-2.5019332051674272,-2.4501349886308352,-0.65004770157757363,-1.4542428467137143,-0.38905916382163119,-0.28969709680567496,-0.79727123656426413,-0.25381427542442775,-1.1526833248625039,-0.43977795931267999,0.34793473618676013,0.89938758678199016,1.026240987503896,1.7399789011550972,-0.0045960620904704945,-5.8815192877984384,52.229268496259877,3.417556337457984,2.8258494541534791,-0.35695955658574474,-0.071387950928697361
4.8300000000000001,-0.15455623211501157,-2.1011630284125626,0.69284441518697248,-2.5098534589401971,-2.4525870297508439,-0.66157387948040358,-1.4582375197182567,-0.38565430368119197,-0.28064128675338301,-0.78666508680951419,-0.23668380013532614,-1.1524636853479595,-0.35906949084447609,0.33298306162985258,0.91160938515037315,1.0948987704512154,1.6860690693284512,0.048545438228382275,-5.7666582927416874,52.693369680257106,3.6578270814179348,2.8673898072458313,-0.36353531699575115,-0.07120204890166229
4.8399999999999999,-0.16915520935674905,-2.1050031754316185,0.69008377408877219,-2.5176642275761059,-2.4548704660428577,-0.67309520194404071,-1.4614225893487136,-0.38240053818887915,-0.27146821701084423,-0.77537515718989847,-0.22009372563127194,-1.1517120579509161,-0.27786688773884022,0.31772072124501044,0.92283885447732583,1.1629877663932318,1.631909748732763,0.1017943820217373,-5.6400535420836064,53.133213525696135,3.8866466848962475,2.9071500401467385,-0.37004200163482681,-0.070927438125773457
4.8499999999999996,-0.18378196965182483,-2.1088115527201481,0.68741540857797534,-2.5253587026322863,-2.4569907128901258,-0.68460634443076118,-1.4637934033294175,-0.37930082587413178,-0.26218782880919544,-0.76340741020411906,-0.20404621723336741,-1.1504275822208196,-0.19622805993556008,0.30217740843420821,0.93307262355236376,1.2304531705978003,1.5775667933369539,0.15510797246229727,-5.5019108390558493,53.548879263308955,4.1039778639721325,2.9451309218589579,-0.37647603321533285,-0.070565519438770249
4.8600000000000003,-0.19842834960465816,-2.1125897143587418,0.68484034201423527,-2.5329301380187932,-2.4589532040426247,-0.69610197593801981,-1.4653458912806245,-0.37635782636355347,-0.25281009058718296,-0.75076835268814068,-0.18854278361546878,-1.1486098256117419,-0.11421146891624552,0.28638320432776321,0.94230862166177787,1.2972409283274342,1.5231056674454042,0.20844343178172339,-5.3524670772977059,53.940499125755714,4.3098079665022766,2.9813374397200492,-0.38283381117890791,-0.070117800741880648
4.8700000000000001,-0.21308614804754958,-2.1163392395141911,0.68235949799091955,-2.5403718554036834,-2.4607633850711821,-0.70757676327590469,-1.4660765699999996,-0.3735738966853786,-0.24334498500076301,-0.73746502807728664,-0.17358428103491286,-1.1462587831020306,-0.03187608081565671,0.27036854136495275,0.95054607542536307,1.3632977822769234,1.4685913790039264,0.26175803920893798,-5.1919880575647035,54.308258387252224,4.5041490565864581,3.0157786437741976,-0.38911173482802275,-0.069585892570032087
4.8799999999999999,-0.2277471319369031,-2.1200617293965518,0.67997370025773518,-2.5476772495383595,-2.4624267068672352,-0.71902537533890543,-1.4659825482722439,-0.37095108794017218,-0.23380249597180597,-0.72350500819863606,-0.15917091822646448,-1.1433748764350724,0.05071868105244396,0.25416416647148882,0.95778550414016694,1.4285713190682598,1.4140884136560212,0.31500916880136681,-5.0207662293882871,54.652395199922807,4.6870378988797627,3.0484674707242316,-0.39530622502701696,-0.068971503693822725
4.8899999999999997,-0.24240304229515724,-2.1237588041847628,0.67768367277260488,-2.5548397934985267,-2.4639486191948072,-0.73044248736819106,-1.4650615312012298,-0.36849114234161057,-0.22419259579080142,-0.70889638460337123,-0.14530226195168452,-1.1399589529824306,0.13351298421369553,0.23780110387363498,0.96402871363907994,1.4930100147598009,1.3596606696143727,0.36815432713413526,-4.8391183787978367,54.973200231362547,4.8585358453309908,3.0794205496340958,-0.40141374434415583,-0.068276436747269187
4.9000000000000004,-0.25704560019362727,-2.1274320999245351,0.6754900398821887,-2.5618530438362197,-2.4653345643012212,-0.7418227852006396,-1.463311824059405,-0.36619549063076917,-0.21452523228835088,-0.69364775944912505,-0.13197724319525692,-1.1360122842309439,0.21644663555411939,0.22131061758904028,0.96927878867366013,1.5565632793277622,1.3053713934113604,0.42115119081252111,-4.647383282720325,55.271016108915319,5.0187286275303515,3.1086579916671244,-0.40743081553502691,-0.067502583878212716
4.9100000000000001,-0.2716665127714018,-2.1310832654022636,0.67339332663028306,-2.568710645638435,-2.4665899705929748,-0.75316096950086298,-1.4607323356496467,-0.36406524986694944,-0.20481031609018918,-0.67776823594284508,-0.11919416399913337,-1.1315365638957307,0.29945913030133997,0.20472417363485587,0.97354008383223656,1.6191815000791634,1.2512831165915346,0.4739576437730631,-4.4459193500062488,55.546236677102385,5.1677260583906071,3.1362031662292025,-0.41335403829602635,-0.06665192242092309
4.9199999999999999,-0.28625747928542217,-2.1347139589987454,0.67139395919319067,-2.5754063374880589,-2.4677202463831067,-0.76445175997251347,-1.4573225811751813,-0.36210122159766756,-0.195057707970268,-0.66126740835500375,-0.10695070492478841,-1.1265339056613757,0.38248970142341776,0.18807340199381217,0.97681821300583571,1.680816083956737,1.1974575934076301,0.52653181433913299,-4.2351022682072976,55.799306075457366,5.3056616473582743,3.1620824659382176,-0.4191801042443174,-0.065726510592785406
4.9299999999999997,-0.300810197186758,-2.1383258455264968,0.66949226544101204,-2.5819339563228216,-2.4687307737162785,-0.77568989954513634,-1.4530826846136116,-0.36030389041002364,-0.18527720631640612,-0.64415535161649162,-0.09524393313325942,-1.1210068405539395,0.46547736940174345,0.17139005837937851,0.97912003741606857,1.7414194986971141,1.143955739580873,0.57883211199673312,-4.0153226742741115,56.030717644741799,5.4326921337565039,3.1863250628626991,-0.42490581010714312,-0.064728483218965377
4.9400000000000004,-0.31531636821815046,-2.1419205930545053,0.66768847562365308,-2.5882874421881956,-2.4696269022777062,-0.78687015853292308,-1.4480133805915179,-0.35867342286525133,-0.17547853472277594,-0.62644261050979855,-0.084070311071988285,-1.1149583139467416,0.54836099233455149,0.15470598584121978,0.98045365222068204,1.8009453128052972,1.0908375721847834,0.6308172638569447,-3.786983866264829,56.241012670131305,5.5489969431985884,3.2089626584649373,-0.43052806912853908,-0.063660047490560895
4.9500000000000002,-0.32976770452777454,-2.1454998697242433,0.66598272318022078,-2.5944608428802169,-2.470413943391943,-0.7979873387616937,-1.4421160157565682,-0.35720966681783883,-0.16567132972337612,-0.6081401884665294,-0.073425705756996473,-1.1083916822032327,0.63107931632672154,0.13805307625237093,0.98082837171392989,1.8593482343093237,1.0381621507106453,0.68244635077146409,-3.5504995719807799,56.430778970469909,5.6547775722783795,3.2300292296477777,-0.43604392072487641,-0.062523478762947213
4.96,-0.34415593479421214,-2.1490653405608011,0.6643750456703158,-2.6004483184743763,-2.4710971641174106,-0.80903627766051867,-1.4353925496444695,-0.35591215112019542,-0.15586512868044811,-0.58925953598360947,-0.063305398638233756,-1.1013107089605776,0.71357102612157408,0.12146323171970293,0.98025471314051615,1.9165841482605979,0.98598751937129836,0.73367884306826114,-3.3062917891893067,56.600649343102255,5.7502569069476781,3.2495607732425142,-0.44145053844222037,-0.06132111640180074
4.9699999999999998,-0.35847281035755507,-2.1526186642830032,0.66286538582560939,-2.6062441457368068,-2.4716817814424501,-0.82001185231439111,-1.4278455550385853,-0.35478008571342451,-0.14606935784160791,-0.56981253867090209,-0.053704096035470127,-1.093719561057918,0.79577479592973988,0.10496832595934762,0.97874437914328982,1.9726101529465352,0.93437065069868608,0.78447463587460686,-3.0547887107768563,56.751299874102664,5.835678480127962,3.2675950511890548,-0.44674523628783031,-0.060055359684632534
4.9800000000000004,-0.3727101113515553,-2.1561614901163528,0.66145359271995474,-2.6118427224141678,-2.4721729565885235,-0.83090898347442221,-1.4194782178204699,-0.35381236210434391,-0.13629332057922997,-0.54981150494326703,-0.044615940131541854,-1.085622804113608,0.87762934041008978,0.088600165678696607,0.97631023886629964,2.0273845947835976,0.88336739048899582,0.83479408399525057,-2.796422746812083,56.883448123933647,5.9113056741791947,3.2841713385517837,-0.45192547352523083,-0.058728663765592944
4.9900000000000002,-0.38685965283173185,-2.1596954546126863,0.66013942305612694,-2.6172385713987207,-2.4725757894260854,-0.84172263952207071,-1.410294336310014,-0.35300755422847996,-0.12654618582544874,-0.52926915337043079,-0.036034520509153546,-1.0770253977560238,0.95907346575739649,0.072390452006801373,0.9729663077363967,2.080867101860211,0.83303240414790136,0.88459803631390288,-2.5316286541100204,56.997851198700111,5.9774208738703374,3.2993301763876817,-0.4569888580369757,-0.057343535710864993
5,-0.40091329089433247,-2.1632221784803791,0.65892254256719185,-2.6224263447652545,-2.4728953130084754,-0.85244784038398003,-1.4002983200943728,-0.35236391969833913,-0.11683697671582391,-0.50819859969826997,-0.027952886217042051,-1.0679326905128603,1.0400461208513365,0.056370742014652628,0.96872772594777201,2.1330186161004963,0.783419124486602,0.93384786968679556,-2.2608417824844227,57.095303717198561,6.0343245754561874,3.3131131313393771,-0.46193314837136817,-0.055902530611129889
5.0099999999999998,-0.41486292878101277,-2.1667432634289581,0.65780252753033142,-2.6274008276766363,-2.4731364882290601,-0.86307966139400794,-1.38949518834529,-0.35187940143585922,-0.10717455945456088,-0.48661334355549757,-0.020363558350707321,-1.0583504143641822,1.1204864484210106,0.040572410367086358,0.96361073567541644,2.1838014240210866,0.73457970101818038,0.98250552229735355,-1.9844964454779699,57.176635683935459,6.0823344573844356,3.3255625636686226,-0.46675625459908104,-0.054408247776483051
5.0199999999999996,-0.42870052296413919,-2.1702602890319569,0.65677886639086358,-2.6321569421549169,-2.4733041986066908,-0.87361323709913719,-1.3778905676248858,-0.35155162968750681,-0.097567632413827099,-0.46452725485991181,-0.013258543132481723,-1.0482846789647315,1.2003338361793863,0.02502661114762705,0.9576326570446928,2.2331791860549384,0.68656495080170243,1.0305335264418369,-1.7030244219739985,57.242710278173888,6.1217844180228944,3.3367214052766432,-0.47145623811266713,-0.052863327017753065
5.0300000000000002,-0.44241808920759423,-2.1737748096118175,0.65585096149404321,-2.6366897507150506,-2.4734032452043939,-0.8840437650059797,-1.3654906891804437,-0.35137792442008858,-0.088024715479473395,-0.44195455993867394,-0.0066293454752303629,-1.0377419655413498,1.2795279678817926,0.0097642398975872433,0.95081186288560482,2.2811169644174476,0.63942431088011109,1.0778950407161911,-1.4168535937383586,57.294421568898862,6.1530235856267108,3.346632949080623,-0.4760313105065575,-0.05127044501656422
5.04,-0.45600770859796991,-2.1772883511506556,0.65501813092212469,-2.6409944598584589,-2.4734383416860526,-0.894366509264649,-1.3523023857291849,-0.3513552980949341,-0.07855413965517774,-0.41890982737732629,-0.00046698301350944521,-1.0267291204716635,1.358008874262554,-0.0051841040894666296,0.94316775230166716,2.3275812494916912,0.59320579235619386,1.1245538815749507,-1.1264067226221359,57.332692165364975,6.1764153055603579,3.3553406509324692,-0.48047983167725072,-0.049632311784703551
5.0499999999999998,-0.46946153354107961,-2.1808024082306399,0.65427961043404403,-2.6450664234237822,-2.4734141095156583,-0.90457680428686138,-1.3383330877344723,-0.35148045881768319,-0.069164036936675152,-0.39540795361242304,0.0052379994143842744,-1.0152533485504138,1.4357169838041219,-0.019788155177209665,0.93472072308442966,2.3725399847112807,0.54795593614891458,1.1704745542338262,-0.83210036988403813,57.358470812602043,6.192336109548223,3.3628879450789451,-0.48480030728317292,-0.04795166721143141
5.0599999999999996,-0.48277179371868417,-2.1843184410077412,0.65363455550495575,-2.6489011457923417,-2.473335073303581,-0.91467005829516324,-1.3235908191753503,-0.35174981386051796,-0.059862330467504853,-0.37146414828295876,0.010495514850530381,-1.0033222059501781,1.5125931732927411,-0.034018018459329336,0.92549214300614024,2.41596258992071,0.50371977047095351,1.2156222828879977,-0.5343439588774257,57.372729940938939,6.201174671468376,3.3693180739748025,-0.48899138570122025,-0.046231277695455347
5.0700000000000003,-0.49593080200039441,-2.1878378722225427,0.65308204346276499,-2.6524942849459752,-2.4732056563040823,-0.92464175680026151,-1.3080841928117963,-0.35215947355327654,-0.050656724987282457,-0.34709391935586759,0.015315918885009674,-0.99094359288343525,1.5885788181151237,-0.047844206455575036,0.91550432002397242,2.4578199831947689,0.46054077006611582,1.2599630402190372,-0.23353898119128993,57.376463178235028,6.2033307539155143,3.3746739330734208,-0.49305185461245604,-0.044473932856308004
5.0800000000000001,-0.5089309603057135,-2.1913620842517969,0.65262107571866479,-2.6558416553750575,-2.4730301760681681,-0.93448746600351695,-1.2918224049484799,-0.35270525553947318,-0.041554697583238209,-0.32231305804111049,0.01970999392488058,-0.97812574597323443,1.6636158422505845,-0.061237675391168492,0.90478047143064133,2.4980846011001803,0.41846081724360734,1.303463576163957,0.069921654752395812,57.370682833126637,6.1992141494624384,3.3789979310361491,-0.49698063734300946,-0.042682442317997976
5.0899999999999999,-0.52176476541123185,-2.1948924162043486,0.65225058008859782,-2.6589392308346911,-2.4728128402556662,-0.94420283612172207,-1.2748152297003092,-0.35338268939286516,-0.032563488755362427,-0.29713762351198814,0.023688933082631109,-0.96487723033995898,1.7376467679133691,-0.074169861020276312,0.8933446919871979,2.53673041738422,0.37752016474410605,1.3460914459206883,0.37565413466077202,57.35641735717401,6.1892436202335706,3.3823318656225299,-0.5007767890780328,-0.040859632555998046
5.0999999999999996,-0.53442481469798797,-2.198430161065001,0.65196941320246315,-2.6617831469471867,-2.4725577426102476,-0.9537836046313467,-1.2570730127635059,-0.35418702158981602,-0.023690093805161856,-0.27158392744650833,0.027264323702565946,-0.9512069314119721,1.8106147647999904,-0.086612713954629647,0.88122192107491015,2.5737329600766206,0.33775740047077429,1.3878150371649167,0.68328411185153659,57.33470879336609,6.1738458390851632,3.3847168153514939,-0.50443949305691183,-0.039008343797003929
5.1100000000000003,-0.54690381183409953,-2.2019765628898695,0.65177636299776842,-2.6643697036491338,-2.4722688591009119,-0.96322559942955743,-1.2386066646963496,-0.35511322083230717,-0.014941254557640841,-0.24566851840569509,0.030448130543986918,-0.93712404646812741,1.8824636988969077,-0.09853873445885887,0.86843790890424144,2.6090693269928718,0.29920941411619195,1.4286035964541559,0.99244694708533387,57.30661021799893,6.1534543353636213,3.3861930468593631,-0.50796805684697133,-0.037131426959443575
5.1200000000000001,-0.55919457238775194,-2.2055328140566894,0.65167015129436512,-2.6666953674814979,-2.4719500442332807,-0.97252474190934224,-1.2194276537142525,-0.35615598371607998,-0.0063234514257522077,-0.21940816606493413,0.033252678640219635,-0.92263807592040981,1.9531381808038948,-0.10992100667472157,0.85501918181984915,2.6427181996284457,0.2619113657143638,1.4684272547955295,1.3027878193758098,57.273183182492744,6.1285084478879366,3.3867999377251969,-0.51136190878083387,-0.035231740621495082
5.1299999999999999,-0.5712900293657498,-2.2091000525735169,0.6516494364467833,-2.668756773721376,-2.4716050275338444,-0.98167704994620852,-1.1995479980041794,-0.35730974073800681,0.0021571041738557813,-0.19281984531442323,0.03569063585292552,-0.90775881434516792,2.0225836135291484,-0.12073323223690113,0.84099300674156929,2.6746598554353658,0.22589665614474688,1.507257052354757,1.6139617131269379,57.235495161270926,6.0994522874846755,3.3865759143891476,-0.51462059462974397,-0.033312148002407262
5.1399999999999997,-0.58318323867281918,-2.2126793594491634,0.65171281607062337,-2.670550728354157,-2.471237410210096,-0.99067864079396906,-1.1789802575639574,-0.35856866263642878,0.010494477045350311,-0.1659207202449931,0.037774995141292025,-0.89249634127163935,2.0907462397122822,-0.13094976324378144,0.82638735478217229,2.7048761784739641,0.19119689961333461,1.5450649622844954,1.9256332875948388,57.194617011375399,6.0667337110876538,3.3855584046550664,-0.51774377457160503,-0.031375513942217111
5.1500000000000004,-0.59486738448695398,-2.2162717561286716,0.65185882983935772,-2.6720742098850421,-2.4708506619893291,-0.99952573388723054,-1.1577375255723961,-0.35992666705782467,0.01868301507045745,-0.13872812803555867,0.039519056566023579,-0.87686101173669051,2.1575731882319396,-0.14054563454713676,0.81123086408365852,2.7333506684344786,0.15784189813368599,1.5818239136511356,2.2374766352496263,57.15162044906868,6.030803309114253,3.3837838041461539,-0.52073122049858378,-0.029424701864583264
5.1600000000000001,-0.60633578454614323,-2.2198782019970702,0.65208596234782445,-2.6733243709890164,-2.4704481181386306,-1.0082146535483052,-1.1358334192965862,-0.3613774255428171,0.026717355689833275,-0.11125956275853109,0.040936409048256774,-0.86086344661488567,2.2230125201552351,-0.14949659532541607,0.79555280191467315,2.7600684480247821,0.12585961802869264,1.6175078134400223,2.5491749361213216,57.107575548252306,5.9921134075380493,3.3812874559716026,-0.52358281369505599,-0.027462570707356797
5.1699999999999999,-0.61758189534189345,-2.2234995919545431,0.652392646038639,-2.6742985399985257,-2.4700329766684255,-1.016741831596341,-1.1132820705431579,-0.36291437082419781,0.034592432001910492,-0.08353265911949552,0.04204091190362607,-0.8445145227331663,2.2870132739868314,-0.15777913990617168,0.77938302607221777,2.7850162687221345,0.095276168471719783,1.6520915676199834,2.8604200156565396,57.063548265127729,5.9511170857987503,3.3781036427632829,-0.52629854290254674,-0.025491971805727272
5.1799999999999997,-0.62859931721500339,-2.2271367540661151,0.65277726418764326,-2.6749942222282987,-2.4696082957217245,-1.0251038098565517,-1.0900981156607443,-0.36453070442927366,0.042303478472452485,-0.055565176147587464,0.042846676172046197,-0.82782536277969432,2.3495255101757637,-0.16537053780365982,0.7627519456319023,2.8081825148885637,0.066115782083788432,1.6855511012488562,3.1709118139918013,57.020597993156727,5.9082672114355157,3.3742655901556389,-0.52887850277453474,-0.023515745713346838
5.1900000000000004,-0.63938179934915418,-2.230790447288848,0.65323815394448004,-2.6754091011368879,-2.4691769911510035,-1.0332972425675557,-1.0662966851012459,-0.36621940457852159,0.049846036248541475,-0.027374980852890869,0.043368045763804569,-0.81080732501649078,2.4105003548390309,-0.17224886293872094,0.74569048109142444,2.8295572062511427,0.038400797601062527,1.7178633776027694,3.4803577748700518,56.979775152015648,5.8640154920840333,3.3698054807073263,-0.53132289271054201,-0.021536718947641326
5.2000000000000002,-0.64992324465793994,-2.2344613592794658,0.65377360942430784,-2.675541039324691,-2.4687418342844585,-1.0413188986848934,-1.0418933925479561,-0.3679732343722335,0.057215958071161178,0.0010199681328196576,0.04361957844270694,-0.79347199280574054,2.4698900426614543,-0.17839302200875901,0.72823002395259828,2.8491319987500172,0.012151644625025399,1.7490064163127854,3.7884721626904083,56.942118813913481,5.8188115452580025,3.3647544772013323,-0.53363201604609389,-0.019557700646667189
5.21,-0.66021771456105272,-2.2381501042852552,0.65438188484661142,-2.6753880793683615,-2.468305449883156,-1.0491656640789246,-1.0169043236189519,-0.36978475025647206,0.064409412780983125,0.029601636915672545,0.043616026667203107,-0.77583116395974561,2.5276479589320315,-0.18378278197649894,0.71040239578803088,2.8669001837587991,-0.012613169534671176,1.7789593104935255,4.0949753163926932,56.908654370345687,5.7731019861360204,3.3591427542100729,-0.53580627956310178,-0.017581479126272736
5.2199999999999998,-0.67025943364540619,-2.2418572211209851,0.65506119771700866,-2.6749484444916947,-2.4678703142903902,-1.0568345436253823,-0.99134602415462725,-0.37164631075937399,0.071422889412430218,0.058351932683358067,0.043372318310443747,-0.75789683992470758,2.5837286806776363,-0.18839879664713255,0.69223980683897612,2.8828566856834725,-0.035877070916722757,1.8077022428493008,4.3995928490395428,56.880391242086048,5.7273295333965031,3.3529995367733445,-0.53784619327403393,-0.015610818327986857
5.2300000000000004,-0.68004279420710279,-2.2455831712344976,0.65580973204793203,-2.6742205390732159,-2.4674387537743674,-1.0643226631869758,-0.96523548809854043,-0.37355008548856228,0.078253200871580109,0.087252720016742197,0.042903537280271312,-0.73968121480860671,2.6380880168558876,-0.19222263230444325,0.67377481419126073,2.8969980579476164,-0.057625427858276158,1.8352165007443448,4.7020548020758257,56.858320634977304,5.681932132986069,3.3463531450093251,-0.53975237042307689,-0.013648454149933585
5.2400000000000002,-0.68956236067020338,-2.2493283368635431,0.65662564161398218,-2.6732029489908902,-2.4670129430650913,-1.0716272714845354,-0.93859014498122062,-0.37548806438007709,0.08489748719390533,0.11628583715325269,0.042224904060285909,-0.72119666426362239,2.6906830475695189,-0.19523679237736127,0.65504027957695354,2.9093224773734341,-0.077845557835138871,1.8614844902246546,5.0020947633175288,56.843413343882254,5.6373420995788015,3.3392310434623966,-0.54152552763857154,-0.01169709065518203
5.25,-0.69881287387840896,-2.2530930192863217,0.65750705323774827,-2.6718944418044943,-2.4665949040861532,-1.0787457418563058,-0.91142784701683455,-0.37745206718902025,0.091353218378369808,0.14543311218615712,0.041351756193053209,-0.7024557342336043,2.7414721622657212,-0.19742474110949038,0.63606932684947803,2.9198297369696053,-0.096526732190656425,1.8864897489800538,5.2994489577561703,56.836617606976461,5.5939852753722201,3.3316598939847624,-0.54316648516318145,-0.0097593961541819242
5.2599999999999998,-0.70778925525579794,-2.2568774371680962,0.65845207010183382,-2.6702939667763967,-2.466186504881887,-1.0856755739040715,-0.88376685582313008,-0.37943375321179107,0.097618196794833509,0.17467637918375156,0.040299528726585328,-0.68347112957729472,2.7904150968844545,-0.19877092620512027,0.61689529918049313,2.9285212371385918,-0.11366017875403571,1.9102169582359743,5.5938553202600438,56.838857012426331,5.5522802057842737,3.323665610952399,-0.54467616708187594,-0.0078379991603565596
5.2699999999999996,-0.71648661083293508,-2.2606817250061395,0.65945877508282025,-2.6684006547315953,-2.465789458740157,-1.0924143950249476,-0.85562582877526983,-0.38142463122957221,0.10369055916224321,0.2039974942128146,0.039083734645157131,-0.66425570257799682,2.8374729699209658,-0.19926080042634886,0.59755171602692803,2.9353999753176097,-0.12923908235111065,1.932651953565623,5.8850525592152225,56.851028459382164,5.5126373315534103,3.3152734176282581,-0.54605560146272225,-0.0059354842204097837
5.2800000000000002,-0.72490023513473323,-2.2645059316751857,0.66052523410284769,-2.666213817758079,-2.4654053235108258,-1.0989599618277426,-0.82702380500460926,-0.3834160696624232,0.10956877809554734,0.23337835125069623,0.037719945305565335,-0.64482244135056621,2.8826083173684176,-0.19888084211689494,0.5780722299170481,2.9404705340690875,-0.14325858321266011,1.9537817346141406,6.1727792200774863,56.874000175141475,5.4754581967102025,3.3065079025073931,-0.54730592032190872,-0.0040543876235045748
5.29,-0.73302561492656415,-2.2683500190754238,0.66164949949450746,-2.6637329487486809,-2.4650355011197478,-1.1053101614329168,-0.79798019105381979,-0.38539930692315566,0.11525166321976436,0.26280089797060069,0.036223770899768859,-0.62518445815664714,2.9257851265075834,-0.19761857462944749,0.55849058310439303,2.9437390676378583,-0.1557157732875479,1.9735944737274069,6.4567727577017333,56.908609790281211,5.4411346718729039,3.2973930745080531,-0.54842835932218781,-0.0021971929960651528
5.2999999999999998,-0.74085843281526842,-2.2722138608849871,0.6628296133747088,-2.6609577207857802,-2.4646812372779179,-1.1114630126552905,-0.7685147461999573,-0.38736546195991634,0.12073836185014328,0.29224715138491436,0.034610840964828894,-0.60535497763908896,2.9669688685117199,-0.19546258463441071,0.53884056413860315,2.9452132869939538,-0.16660969047010649,1.9920795234792754,6.7367686261841513,56.955662473538318,5.4100481923304926,3.2879524159105782,-0.54942425711328113,-0.0003663267915722055
5.3099999999999996,-0.74839457070177129,-2.2760972414187624,0.66406361102316858,-2.657887986370338,-2.4643436213851899,-1.1174166670687311,-0.73864756745758509,-0.3893055449761616,0.12602835923781514,0.3216992133314141,0.032896784960967679,-0.58534732498664754,3.0061265298354054,-0.19240253928909204,0.51915596440242995,2.94490244338134,-0.17594131075336267,2.009227423091942,7.0124993947880538,57.015929128220691,5.3825690104090445,3.2782089319908643,-0.55029505422351876,0.0014358463126911952
5.3200000000000003,-0.75563011308218753,-2.2799998545952391,0.6653495242611861,-2.6545237764969292,-2.4640235866277997,-1.1231694099521861,-0.70839907427419124,-0.39121046831654799,0.13112147838085247,0.35113928578761194,0.03109721293841854,-0.56517491404003317,3.0432266423575483,-0.18842920224754309,0.49947053466399,2.9428173103943953,-0.18371353832171505,2.0250299037453332,7.2836938983350148,57.090144651955995,5.3590554616690937,3.2681851963469635,-0.55104229141419536,0.0032070280974812876
5.3300000000000001,-0.76256135019438986,-2.2839213030129994,0.66668538482636253,-2.6508652995765392,-2.4637219102686796,-1.1287196611165291,-0.67778999293053555,-0.39307105750705479,0.13601787940113094,0.38054968599859029,0.029227696313560637,-0.54485123535042512,3.0782393122496545,-0.18353444849251438,0.47981794169342457,2.938970164605343,-0.18993119359886654,2.0394798927723667,7.5500764302236618,57.179006261631073,5.3398532445547877,3.257903390975649,-0.55166760741172449,0.0049449915451526324
5.3399999999999999,-0.76918478100716747,-2.287861097138328,0.66806922773891597,-2.6469129402090799,-2.4634392141293873,-1.1340659756118046,-0.64684134065878374,-0.39487806243745455,0.14071805848788807,0.40991286140398292,0.027303748774743425,-0.52438984420160506,3.1111362475416122,-0.1777112779721064,0.46023172499309822,2.9333747647673891,-0.19460099926888774,2.0525715167380749,7.8113659859921185,57.283171885442272,5.325294713208919,3.2473853402204536,-0.55217273593766181,0.0066475856257705596
5.3499999999999996,-0.77549711604920024,-2.2918186546053141,0.66949909465526836,-2.6426672578077035,-2.4631759652622369,-1.1392070443145512,-0.61557440949163744,-0.39662216867410405,0.14522284640935124,0.4392114043499511,0.025340807337959806,-0.50380434860691292,3.1418907843583734,-0.17095382802498696,0.44074525369028844,2.9260463296195964,-0.19773156429026259,2.0643001034015644,8.0672755650658488,57.403258624054956,5.3156981832775596,3.236652537782593,-0.55255950196292924,0.0083127401044951667
5.3600000000000003,-0.78149528007524116,-2.2957932996296742,0.67097303720460733,-2.6381289850771212,-2.4629324768110514,-1.1441416943950213,-0.58401074985581969,-0.39829400889088112,0.149533406594311,0.46842806657235375,0.02335421357229505,-0.48310839729213201,3.17047791180214,-0.16325738457934202,0.42139168364105711,2.917001514320912,-0.19933336592490339,2.0746621825609113,8.3175115380296152,57.539841282957177,5.3113672506523848,3.2257261660615315,-0.55282981712003154,0.009938470347023217
5.3700000000000001,-0.78717641456700738,-2.2997842625374303,0.67248912030411057,-2.6332990263482974,-2.4627089090587146,-1.1488688896642016,-0.55217215392364383,-0.39988417440590529,0.15365123278598919,0.49754577343749873,0.02135919501494515,-0.46231566767554477,3.1968742954557556,-0.15461839211186193,0.40220391479399098,2.9062583855421851,-0.19941872980606823,2.0836554857821215,8.5617730864318577,57.693450978198641,5.3125901232436608,3.2146271071725625,-0.5529856742157554,0.01152288209812787
5.3799999999999999,-0.79253788006644155,-2.3037906794094303,0.6740454254485938,-2.6281784557719972,-2.462505270659562,-1.1533877308006693,-0.52008063873650368,-0.40138322681161359,0.15757814627104663,0.5265476379272569,0.01937084679522182,-0.44143985385623352,3.2210582994843535,-0.14503446235450235,0.38321454886192585,2.893836395246189,-0.19800180807111209,2.0912789450143499,8.7997517217690167,57.864573817798657,5.319638966026611,3.2033759450732631,-0.55302914079643384,0.013064176206851593
5.3899999999999997,-0.79757725833911963,-2.307811591842583,0.67564005397032501,-2.6227685153738243,-2.4623214200543853,-1.1576974554574178,-0.48775842911447598,-0.40278170968557409,0.1613162926870523,0.55541697435552295,0.017404113486829319,-0.4204946546218114,3.2430100073133867,-0.13450438173790935,0.36445584734975683,2.8797563531870676,-0.1950985555870027,2.0975326900946336,9.0311308899081251,58.053649661216951,5.3327692597729239,3.1919929583200251,-0.55296235172852604,0.014560653270640362
5.4000000000000004,-0.80229235436575153,-2.3118459468285533,0.67727113026483554,-2.6170706129734818,-2.4621570670657147,-1.1617974382489031,-0.45522794036632735,-0.4040701603694043,0.1648681384121978,0.58413731180342066,0.015473771207253659,-0.39949376148662552,3.2627112408626195,-0.1230281175618434,0.34595968998566018,2.8640403981616775,-0.19072670429827832,2.1024180451464143,9.2555856667859544,58.2610709593731,5.3522191740502265,3.1804981030683535,-0.55278750076861771,0.016010718169727958
5.4100000000000001,-0.80668119815983585,-2.3158925967505293,0.67893680497854658,-2.6110863199711436,-2.4620117746707813,-1.1656871906186692,-0.42251176081450886,-0.40523912180297184,0.16823646654154567,0.61269240726089613,0.013594409982961332,-0.37845084677149821,3.2801455783167359,-0.11060682288413445,0.32775753360307464,2.8467119680467565,-0.18490573572930671,2.1059375238772251,9.47278255077366,58.487181677796016,5.3782089552570085,3.1689109860270808,-0.55250683110910714,0.017412884462351796
5.4199999999999999,-0.81074204640971137,-2.3199502994985632,0.68063525815411263,-2.6048173690039267,-2.4618849609494191,-1.1693663605880287,-0.38963263414979465,-0.40627915440104528,0.17142437245455283,0.64106625846279552,0.011780416398664171,-0.35737955173594999,3.2952983704147192,-0.097242840121077576,0.30988037151991971,2.8277957686567747,-0.17765685167428633,2.1080948237819266,9.6823793566158329,58.732276305562017,5.4109403306455928,3.1572508271755919,-0.55212262489847097,0.018765778610956997
5.4299999999999997,-0.81447338394335622,-2.3240177187038289,0.68236470232942426,-2.5982656514755775,-2.4617759012039979,-1.172834732386367,-0.35661344163054437,-0.4071808479595076,0.17443525897904325,0.66924311640773659,0.010045956548569143,-0.33629347477385052,3.308156755241332,-0.082939703353568373,0.29235869346112903,2.8073177414585091,-0.16900294311029679,2.1088948192588575,9.8840252153406531,58.996598952741408,5.4505959294742734,3.1455364121547778,-0.55163719174806114,0.020068144009398232
5.4400000000000004,-0.81787392501447065,-2.3280934240920392,0.68412338558624719,-2.5914332149626018,-2.4616837302482355,-1.1760922259637721,-0.32347718414157078,-0.40793483357810945,0.17727283115733572,0.69720749754859501,0.0084049593072666809,-0.31520615968329252,3.3187096715054221,-0.067702139334487654,0.27522244607013463,2.7853050301796314,-0.1589685573706838,2.1083435536474195,10.077360683999155,59.280342539123545,5.4973387226222998,3.1337860343463286,-0.55105285625078759,0.021318844781296559
5.4500000000000002,-0.82094261440850602,-2.3321758919561195,0.6859095945445628,-2.5843222605001857,-2.4616074448616487,-1.1791388963867737,-0.29024696412789119,-0.40853179558680147,0.17994109062060681,0.72494419564366819,0.0068710999374037244,-0.29413108402146981,3.326947870291129,-0.051536067194343727,0.25850099405407373,2.7617859463494372,-0.14757986361752162,2.1064482301964884,10.262017968519212,59.583648077007048,5.5513114821861089,3.1220174267599701,-0.55037194455044691,0.022516869320147435
5.46,-0.82367862836747374,-2.3362635057481049,0.6877216572987247,-2.5769351397513303,-2.4615459064061684,-1.1819749331181026,-0.25694596741860126,-0.40896248346262193,0.18244432957805401,0.75243829325811495,0.0054577840509557789,-0.27308164755513642,3.3328639252694501,-0.03444859684340501,0.24222308200686779,2.7367899338108606,-0.13486461665368896,2.103217201974124,10.437621262361446,59.906604050840727,5.6126362627599358,3.1102476839545741,-0.54959677001391971,0.023661333542511234
5.4699999999999998,-0.82608137533250492,-2.3403545567901118,0.68955794629160161,-2.5692743520627763,-2.461497843601304,-1.1846006591814795,-0.22359744495641415,-0.40921772372405862,0.18478712442787482,0.77967517290551047,0.0041781319405324166,-0.25207116081724174,3.3364522413589359,-0.016448026069985262,0.22641679695379707,2.7103475322441324,-0.1208521191168951,2.0986599607300622,10.603787203037975,60.249245896469205,5.6814139062810387,3.0984931743258346,-0.54872961807174381,0.024751483826611811
5.4800000000000004,-0.82815049650329864,-2.3444472451040768,0.69141688112297617,-2.5613425414113475,-2.4614618554540768,-1.1870165302125366,-0.19022469444839138,-0.40928843178989505,0.18697432899746635,0.80664052781986462,0.0030449632966333658,-0.23111283378012371,3.337709061825771,0.0024561636641119299,0.21110953166011745,2.6824903397430391,-0.1055731820993458,2.0927871247233805,10.760125447901318,60.611555582669254,5.7577235724842879,3.0867694431994117,-0.5477727303054345,0.025786699609966449
5.4900000000000002,-0.82988586621375016,-2.3485396803598597,0.69329693128852177,-2.5531424932444597,-2.4614364143397922,-1.1892231333971062,-0.15685104195349331,-0.40916562378950527,0.18901106742070714,0.8333203723488527,0.002070782326393759,-0.21021976465553746,3.3366324738148183,0.022253312728667173,0.19632794874563025,2.6532509744857875,-0.089060084238423168,2.0856104255287664,10.906239369936541,60.993461297569553,5.8416222971683025,3.075091107274293,-0.54672828787242111,0.026766495621201657
5.5,-0.83128759212320391,-2.3526298829411481,0.69519661884577366,-2.5446771312186298,-2.4614198692295464,-1.1912211862981787,-0.1234998234226944,-0.40884042831160539,0.19090272666059063,0.85970105195940871,0.0012677632888726004,-0.18940492883166027,3.3332224123046683,0.042931590126909877,0.18209794564623769,2.6226630355433267,-0.071346529325307814,2.0771426938357247,11.041726873591161,61.394837242409594,5.9331445806142362,3.0634717410649759,-0.54559839437124724,0.027690523723003856
5.5099999999999998,-0.83235601522293445,-2.3567157851284923,0.69711452100358684,-2.5359495138399013,-2.4614104490602449,-1.1930115355729611,-0.09019436620746607,-0.4083040980785268,0.19265494868587021,0.88576925284725694,0.00064773646146992151,-0.16868116795709706,3.3274806624811291,0.064478001589133263,0.16844462046254111,2.5907610628686757,-0.052467602479784943,2.0673978442560443,11.166181329963768,61.815503534925448,6.0323020086233994,3.0519237560929739,-0.5443850582607368,0.0285585743451689
5.5199999999999996,-0.83309170965762247,-2.3607952323986527,0.69904927263166827,-2.5269628310101915,-2.4614062662427307,-1.1945951555815522,-0.056957970552446231,-0.40754802153311248,0.19427362231079826,0.91151201114243308,0.00022217455155720047,-0.14806117918169098,3.3194108605250165,0.086878398951640429,0.15539223873467414,2.5575804965116635,-0.032459724941058185,2.0563908591557256,11.279192629941749,62.255226224440008,6.1390829087440162,3.0404582736767947,-0.54309017495697687,0.029370577488948949
5.5300000000000002,-0.83349548236174242,-2.3648659848393256,0.70099956868686497,-2.5177204004836282,-2.4614053203035278,-1.1959731468888455,-0.023813891088155518,-0.40656373432544468,0.19576487470739132,0.93691672170327123,2.1795668946793562e-06,-0.12755750456381332,3.3090184928115556,0.11011749081329764,0.14296420118143119,2.5231576351039866,-0.011360607525511933,2.0441377715284772,11.380348353139107,62.713717420489694,6.2534520443418327,3.0290849922643561,-0.54171550874104168,0.030126603286315012
5.54,-0.83356837251094607,-2.3689257186781862,0.70296416655297256,-2.5082256642370444,-2.4614055016555199,-1.1971467346613838,0.0092146816603042372,-0.40534293068664146,0.19713506260007257,0.96197114649177107,-1.5298420616291805e-06,-0.10718252065365869,3.2963108935201308,0.13417885446060746,0.13118301244091482,2.487529593660422,0.01079079719606788,2.0306556469288428,11.469235049739016,63.19063553653659,6.3753503492308621,3.0178120503422003,-0.5402626746184136,0.03082686210034356
5.5499999999999998,-0.83331165078867697,-2.3729720279250497,0.7049418882909485,-2.4984821847588292,-2.4614045954927981,-1.1981172669609577,0.042104639732727218,-0.403877474677107,0.19839076315287921,0.98666342252376538,0.00022136944454175455,-0.086948428261809402,3.2812972406545335,0.15904494905089867,0.12007025084866739,2.4507342607423457,0.03395434394827785,2.0159625644838077,11.545439631597009,63.685585649991197,6.5046947056155435,3.0066458860403622,-0.53873312027770792,0.031471704155678716
5.5599999999999996,-0.83272681846841634,-2.3770024261258347,0.70693162279650268,-2.4884936412604315,-2.4614002858047752,-1.1988862129368649,0.074832976145536897,-0.40215941129671079,0.19953876455977865,1.0109820693877254,0.00068079333906574755,-0.066867242422217227,3.2639885504753487,0.18469713004192828,0.10964653928822286,2.4128102550304278,0.058088744973095477,2.0000775970026203,11.608550868216666,64.198119979415949,6.6413777681064445,2.995591094630349,-0.53712810830174162,0.032061618690879166
5.5700000000000003,-0.83181560631211693,-2.3810143482268873,0.70893232786215254,-2.4782638258148624,-2.4613901595045284,-1.1994551609187949,0.10737680323990142,-0.40018097744449582,0.20058605634899246,1.0349159963265229,0.0013862393773336102,-0.046950782558517375,3.2443976703475084,0.21111566485484479,0.099931517147872892,2.3737968813538388,0.083151621368143483,1.9830207902054262,11.658160982473131,64.727738479388478,6.7852678365534969,2.9846502851848502,-0.535448698787935,0.032597232627418357
5.5800000000000001,-0.83057997328554001,-2.3850051525480982,0.71094303214093524,-2.467796639426588,-2.4613717106662523,-1.1998258164124445,0.13971337095041986,-0.39793461271563052,0.20153981941257221,1.0584545088769779,0.0023467760683262375,-0.027210662862373537,3.2225392700075282,0.23827974975620803,0.090943813416254987,2.3337340862237825,0.10909955548416438,1.9648131410920986,11.693867340237844,65.273889553082029,6.9362087803943817,2.9738239377311739,-0.53369573253754976,0.033079308753142037
5.5899999999999999,-0.82902210509136576,-2.3889721228631249,0.71296283700909524,-2.4570960880372388,-2.4613423448665834,-1.2,0.17182008497863699,-0.39541297002353576,0.20240741577273172,1.0815873150624724,0.0035710327728870946,-0.0076582828923195435,3.1984298312562918,0.26616752794350951,0.082701020948032736,2.2926624129193729,0.13588814432391705,1.9454765754733634,11.71527422735557,65.835970882171523,7.0940200171395036,2.9631102622847236,-0.53186981497420882,0.033508743421066231
5.5999999999999996,-0.82714441252111393,-2.3929124705849123,0.71499091832516448,-2.44616627847167,-2.4612993836244454,-1.1999796451477514,0.20367452485559484,-0.39260892603519587,0.20319637809682381,1.10430453113436,0.00506719012119015,0.011695181598585767,3.1720876360848238,0.29475610881725672,0.075219671929885198,2.2506229561745932,0.16347205388332006,1.9250339246872656,11.721994706747928,66.413330373199443,7.2584965475094183,2.952505061194191,-0.52997130095165379,0.033886563767499281
5.6100000000000003,-0.8249495296270557,-2.3968233370545833,0.71702652808298439,-2.4350114143288648,-2.4612400689339853,-1.199766795923161,0.23525446187787907,-0.38951559140787834,0.20391439897311583,1.1265966868584871,0.0068429709780868306,0.030838787598315931,3.1435327532417507,0.32402158842157541,0.068515214575589053,2.2076573165150553,0.19180507437510336,1.9035089015245961,11.713652547772069,67.005267219044441,7.4294090496048559,2.9420015962645207,-0.52800028060852511,0.034213924456577088
5.6200000000000001,-0.82244031171546461,-2.4007017959316488,0.71906899595634688,-2.4236357918222704,-2.4611615678850916,-1.1993636046237894,0.26653787690156228,-0.38612632081571585,0.20456931995974098,1.1484547303434971,0.0089056319648305477,0.04976183352681849,3.1127870232527077,0.35393907103396671,0.062601991077624736,2.1638075542935988,0.22084017627443064,1.8809260753876709,11.689884219353683,67.611033073623645,7.6065040343226178,2.9315904621477111,-0.52595656642432231,0.034492103961372846
5.6299999999999999,-0.81961983316270004,-2.4045448556833984,0.72111773073303864,-2.4120437955741374,-2.4610609773658698,-1.1987723293205688,0.29750297797868563,-0.3824347227547033,0.20516912041958518,1.1698700324082292,0.011261955545134287,0.068453867674834329,3.0798740419032442,0.38448269188369855,0.057493216841546659,2.1191161434740655,0.25052956712493984,1.8573108467076014,11.650340937847753,68.229833337446991,7.7895040640380735,2.9212594675038668,-0.52383968162555472,0.034722500394766952
5.6399999999999997,-0.81649138505578067,-2.4083494621711745,0.72317222163621986,-2.4002398943685201,-2.4609353288414053,-1.1979953313179796,0.32812821782090262,-0.3784346691149596,0.20572190615403849,1.1908343904858791,0.01391824268281637,0.086904696383272834,3.044819142198294,0.41562564097702487,0.05320096102785335,2.0736259252127112,0.28082474904311655,1.8326894206458244,11.594690760059821,68.860828551112476,7.97810803634896,2.9109935254351367,-0.52164885008445583,0.034906626906216383
5.6500000000000004,-0.81305847265924536,-2.4121125013311637,0.72523203953118986,-2.3882286368675412,-2.4607815932030759,-1.1970350725337593,0.35839231107518321,-0.37412030450932238,0.20623589784876892,1.2113400320631633,0.016880306077724852,0.10510439195614069,3.0076493748125719,0.44734018800641423,0.049736128424658015,2.0273800612866055,0.31167657685846761,1.8070887801062583,11.522620711394495,69.503135893314578,8.1719915344270717,2.9007745546829344,-0.51938298784458858,0.035046106663422144
5.6600000000000001,-0.80932481271026346,-2.4158308019472137,0.72729683801572431,-2.3760146472956123,-2.4605966856825723,-1.1958941128008413,0.38827425139652622,-0.36948605534749979,0.20671941934500634,1.2313796176532263,0.020153463985982851,0.12304330030025119,2.9683934870477016,0.47959770831963922,0.047108442673195271,1.9804219874187927,0.34303531682591709,1.7805366580852109,11.433838938686582,70.155830779421976,8.370807245248244,2.8905813930540507,-0.51704069639836403,0.035142667440635926
5.6699999999999999,-0.80529433054408894,-2.4195011385130711,0.72936635439231379,-2.3636026210962413,-2.4603774708247821,-1.1945751070942927,0.41775332830287065,-0.36452663864535595,0.20718088574990645,1.2509462433014806,0.023742534629947493,0.1407120482852538,2.9270819003131723,0.51236870992362427,0.045326430866543789,1.9327953665495619,0.37485070584691643,1.7530615093865598,11.328076876919663,70.817948556178223,8.5741854466713114,2.88038972450288,-0.51462025783084453,0.035198135837965959
5.6799999999999997,-0.80097115705212218,-2.4231202341813489,0.73144041052075337,-2.350997320566135,-2.4601207675136001,-1.1930808026860733,0.44680914379748299,-0.35923707055908111,0.20762879139986393,1.2700334426240956,0.0276518312026642,0.15810155081773347,2.8837466861496956,0.54562286149669659,0.044397409540616495,1.8845440421034829,0.40707201113485175,1.7246924817305249,11.205091418751229,71.488486287599571,8.7817345640179703,2.8701720212461135,-0.51211963193257359,0.035214431158497109
5.6900000000000004,-0.79635962547496564,-2.4266847637964157,0.73351891354969379,-2.3382035704712396,-2.459823354044711,-1.1914140362305092,0.47542162874439869,-0.35361267463432511,0.20807169769075373,1.2886351883793441,0.031885157470916116,0.17520301762351032,2.8384215408146969,0.57932902138195319,0.044327472074871761,1.8357119913014464,0.43964809026035206,1.6954593862846292,11.064667075541141,72.166404626685292,8.9930417964655156,2.8598975022214628,-0.50953645537139236,0.035193558972345405
5.7000000000000002,-0.79146426803302383,-2.4301913570083133,0.73560185652588439,-2.3252262536494146,-2.4594819732393245,-1.1895777307834277,0.50357105898259191,-0.34764908976059733,0.20851822078930793,1.3067458935724916,0.036445803980366787,0.19200795973245774,2.7911417584511864,0.61345526753328294,0.045121477518754734,1.7863432785670532,0.47252745151146441,1.6653926676462243,10.906618118429021,72.850629767132105,9.2076738132109472,2.8495321091247048,-0.50686804299968002,0.035137604398881764
5.71,-0.78628981239732254,-2.433636601464702,0.73768931887999767,-2.3120703066043706,-2.4590933375928437,-1.1875748927579517,0.53123807116486788,-0.34134227782156429,0.20897701923994888,1.3243604120954442,0.041336544865603703,0.20850819566054835,2.7419442028623573,0.64796892838466624,0.046783040858289708,1.7364820090762696,0.50565831450370269,1.6345233733062026,10.730790687920619,73.540055468855044,9.4251775189976925,2.8390385011687278,-0.50411139135908178,0.035048725140285557
5.7199999999999998,-0.78084117800337527,-2.4370170460777554,0.73978146678805934,-2.2987407150955401,-2.4586541344523969,-1.1854086088200058,0.55840367830761306,-0.33468853103217877,0.20945678148152758,1.3414740389027906,0.046559635267255456,0.22469585728405866,2.690867277915689,0.68283661461232881,0.049314524735695371,1.6861722824991141,0.53898867097471825,1.6028831226241036,10.5370648604293,74.233545150771434,9.6450808882198924,2.8283760696054481,-0.50126318442989348,0.034929144301310326
5.7300000000000004,-0.77512347221105371,-2.4403292043628193,0.74187855340765518,-2.2852425097284912,-2.4581610312171573,-1.1830820427266475,0.58504928503784615,-0.32768447895383657,0.20996621328858314,1.3580825097264377,0.052116809357717016,0.24056339540120669,2.6379508966015441,0.71802425175838225,0.052717032633362262,1.6354581469818281,0.5724663456981669,1.5705040753452308,10.325356660270996,74.929934044003915,9.8668938664368877,2.8175009729363873,-0.49831980165687845,0.034781143031653076
5.7400000000000002,-0.76914198631356234,-2.4435695578455761,0.74398091898823426,-2.2715807615505046,-2.4576106805553537,-1.1805984321103566,0.61115670252421161,-0.32032709517913388,0.21051402515181183,1.3741820003314591,0.058009278976321833,0.25610358497679925,2.5832364487724706,0.75349711368360817,0.056990403531914917,1.5843835534176414,0.60603905745139397,1.537418899690763,10.095620005731041,75.628031398411181,10.090109337745933,2.8063661936113129,-0.49527732826759374,0.034607053028598511
5.75,-0.76290219139872495,-2.4467345595343781,0.7460889908549766,-2.2577605776558451,-2.4569997256318876,-1.1779610852124813,0.63670816307893519,-0.31261370367808244,0.21110891961250189,1.3897691253163136,0.064237732874206477,0.27130953006579156,2.5267667675905541,0.78921985681633411,0.062133208050486666,1.5329923100536005,0.6396544799717615,1.5036607400521251,9.8478485780044114,76.326622735163554,10.314204156078517,2.7949216168771014,-0.4921315678834306,0.034409248938666578
5.7599999999999998,-0.75640973406596446,-2.4498206374543114,0.74820328326583319,-2.2437870968053271,-2.4563248053404552,-1.1751733775690723,0.66168633441785607,-0.30454198479800837,0.21175957856582064,1.4048409364609793,0.070802336568392132,0.28617466841192002,2.4685860947116089,0.82515655516316122,0.068142746075760763,1.4813280374809172,0.673260302836168,1.4692631843214314,9.5820776020558238,77.024472137940663,10.538640238105316,2.7831141322919919,-0.48887805740768009,0.034190140697802747
5.7699999999999996,-0.74967043200243633,-2.4528241982394938,0.75032439714150811,-2.2296654850646207,-2.4555825595340739,-1.1722387486523693,0.68607433356613956,-0.29610998090966106,0.21247465054786913,1.4193949206271319,0.077702732804018682,0.30069277571796882,2.4087400442358406,0.86127073604678217,0.07501504588470323,1.429434124055351,0.70680429219881036,1.4342602308898904,9.2983855287452126,77.720324575257052,10.7628657150658,2.7708877582641547,-0.48551208415907515,0.033952165850226139
5.7800000000000002,-0.74269026942192662,-2.4557416307800448,0.75245301966829314,-2.2154009314657799,-2.4547696342479739,-1.1691606984712382,0.70985574039745891,-0.28731610169247318,0.21326273802142318,1.4334289972148546,0.084938042622971346,0.31485796958449419,2.3472755654559418,0.8975254165352059,0.082744864764282416,1.3773536817937546,0.74023435132246651,1.3986862553463986,8.9968956079169455,78.412908246407738,10.98631614047974,2.7581837898097099,-0.4820287052036768,0.033697781886361799
5.79,-0.73547539237024784,-2.4585693099200645,0.75458992377381062,-2.2009986436964164,-2.453882686908762,-1.1659427841338925,0.73301461079475028,-0.27815912905222173,0.21413238467538034,1.4469415151808778,0.092506867036515991,0.32866471311415674,2.2842409044347276,0.93388314052587185,0.091325691129868464,1.3251295027924379,0.77349858083863132,1.3625759769088996,8.6777773425476781,79.100936943570289,11.208415750352843,2.7449409695543725,-0.47842276882264428,0.033429458640359212
5.7999999999999998,-0.72803210390095707,-2.461303600202934,0.75673596747588801,-2.1864638438208344,-2.4529183915238635,-1.1625886163762527,0.75553548942107251,-0.26863822166471368,0.2150920627528782,1.4599312496238186,0.10040728929892817,0.34210781817918806,2.2196855644452569,0.9703060164476196,0.10074974814238115,1.2728040162120307,0.80654533867254052,1.3259644246210787,8.3412478144831752,79.78311242271576,11.42857877216489,2.7310956818265755,-0.47468893803851453,0.033149670787496539
5.8099999999999996,-0.72036685912537135,-2.4639408596601489,0.75889209310491645,-2.1718017640374763,-2.4518734438452281,-1.1591018560593265,0.77740342208927926,-0.25875291913953469,0.21615016042308721,1.4723973979422753,0.10863687777840464,0.35518244834977336,2.1536602653077725,1.0067557555425195,0.11100799882260458,1.2204192458732375,0.83932329956926655,1.2888869033473545,7.9875728727636996,80.458126776145235,11.646210778621633,2.7165821695092691,-0.47082171610821144,0.032860890481315519
5.8200000000000003,-0.71248626014092997,-2.4664774436398766,0.76105932640020546,-2.1570176424768848,-2.4507445665013692,-1.1554862106390056,0.79860396771972531,-0.24850314579823532,0.2173149692115886,1.4843395755721065,0.11719268942100844,0.36788412148151539,2.0862169016585055,1.0431937106892459,0.12209015265948502,1.1680167685067031,0.8717815141578924,1.2513789595990812,7.6170681760296404,81.124664799704192,11.860710081872782,2.701332773134006,-0.46681547387711669,0.03256558016959718
5.8300000000000001,-0.70439705084209181,-2.4689097086713367,0.76323877548100194,-2.1421167190443771,-2.4495285140918108,-1.1517454306117025,0.81912320987544118,-0.23788921406174052,0.21859467150431627,1.495757811309669,0.12607127380266148,0.38020871196045475,2.0174085001866104,1.0795809157287217,0.1339846737075846,1.1156376726998372,0.90386946749096575,1.2134763472251531,7.2301000810088452,81.781406348003571,12.071469163638932,2.6852781915156561,-0.4626644788752301,0.032266185627297134
5.8399999999999999,-0.69610611161802727,-2.4712340163610866,0.76543162969297507,-2.1271042313115154,-2.4482220782380968,-1.1478833059392497,0.83894776786469649,-0.22691182744214905,0.21999732813988632,1.506652542228188,0.13526867776365417,0.39215245260446424,1.9472891758762516,1.1158781252524907,0.14667879016726709,1.0633225185822734,0.93553713699742358,1.1752149930001146,6.8270863696064028,82.427028671319192,12.277876136464819,2.668347763041035,-0.45836292602380757,0.031965129243265715
5.8499999999999996,-0.68762045394149318,-2.4734467373172286,0.76763915833112673,-2.1119854104604276,-2.4468220925855753,-1.1439036624565124,0.8580648074011572,-0.21557208313451223,0.22153086610508857,1.517024608194826,0.14478045061951392,0.40371193622013568,1.8759140872919708,1.1520458548135928,0.16015850543954491,1.0111112982909642,0.96673504978770752,1.1366309621430619,6.4084968076388451,83.06020872821837,12.479316231114026,2.6504697665408186,-0.45390496980883976,0.03166480359602291
5.8600000000000003,-0.67894721485335663,-2.475544255097514,0.7698627092402377,-2.0967654772849134,-2.4453254377502129,-1.1398103582651515,0.87646205081227269,-0.20387147420455654,0.22320306634828693,1.5268752459964876,0.15460164994140654,0.41488411681466236,1.8033393909462152,1.1880444215191963,0.17440861064593072,0.95904339725497623,0.9974143392505016,1.0977604238005532,5.9748535287685165,83.679625468385694,12.675173304949684,2.6315717404930341,-0.4492847577663357,0.031367565352004328
5.8700000000000001,-0.6700936513473349,-2.4775229701772927,0.77210370729409628,-2.0814496382522232,-2.4437290462047883,-1.1356072801170001,0.89412778678691274,-0.19181189136874049,0.22502155172529056,1.5362060830827298,0.16472684789872816,0.42566631046249781,1.729622194788881,1.223833984963892,0.18941269860201743,0.90715755633906314,1.0275268008814489,1.0586396165267988,5.5267312376965121,84.283962080579485,12.864831366006996,2.6115808191300336,-0.44449646511368135,0.031075729517547265
5.8799999999999999,-0.66106713465958944,-2.4793793039332099,0.77436365275490615,-2.0660430816292719,-2.4420299070988909,-1.1312983397904919,0.91105087965369325,-0.17939562436345396,0.22699377509215468,1.5450191309345465,0.17515013815590585,0.43605619582694827,1.6548205108593095,1.2593745884621805,0.20515317923197149,0.85549183488400116,1.0570249472852011,1.0193048137941685,5.0647572271533496,84.871908201134744,13.047676107352522,2.590424083849912,-0.43953433035118966,0.030791564073442794
5.8899999999999997,-0.65187514446792538,-2.4811097026385291,0.77664411951442214,-2.0505509736770073,-2.4402250710072044,-1.1268874704636018,0.92722077818179161,-0.16662536290056115,0.22912700755930554,1.5533167780682178,0.18586514331483076,0.44605181433716079,1.578993207142307,1.2946262005380869,0.22161129640945512,0.80408357468091507,1.085862062292718,0.97979228956727094,4.5896112036843011,85.442162078931233,13.223096446245096,2.5680289281699564,-0.43439269164847122,0.030517285018139578
5.9000000000000004,-0.64252526300540169,-2.4827106414659315,0.77894675321848816,-2.0349784549165255,-2.4383116546006782,-1.1223786230867383,0.9426275238965216,-0.15350419720694711,0.23142832692111925,1.5611017826837108,0.19686502289380592,0.45565157002130008,1.5021999586702122,1.3295487566297917,0.23876714620901476,0.75296936491547706,1.113992254137165,0.94013828397347443,4.1020249176517343,85.993432693266485,13.390486062564202,2.5443234343050687,-0.42906602382128933,0.03025505184262816
5.9100000000000001,-0.63302516909324269,-2.4841786284936229,0.78127326927680729,-2.0193306364704378,-2.4362868452352795,-1.1177757627590126,0.95726175890233378,-0.14003561814612356,0.23390460627499235,1.5683772649675063,0.20814248183331763,0.46485422899705192,1.4245011979138256,1.3641022009667392,0.25659969655039377,0.70218500811688123,1.1413705076326188,0.90037896910269111,3.602781593268523,86.524441821593129,13.549244930949405,2.5192367593095346,-0.4235489756961619,0.030006963456671917
5.9199999999999999,-0.62338263209800349,-2.4855102087105632,0.78362545075991108,-2.0036125964828835,-2.4341479054530732,-1.1130828651113138,0.9711147332063661,-0.12622351692035766,0.23656250284375654,1.5751466990601086,0.21968977951838248,0.47365891862091569,1.3459580645056635,1.3982465285764707,0.27508680821669113,0.65176548714532112,1.1679527353008619,0.8605504149690788,3.0927151548322458,87.033926054598908,13.698780841100035,2.4926995285875,-0.41783640765207175,0.029775054582385191
5.9299999999999997,-0.61360550581803974,-2.4867019680166083,0.78600514618542328,-1.9878293766215229,-2.4318921773905613,-1.1083039126995906,0.98417831153604929,-0.1120721843522913,0.23940844701504777,1.581413904698733,0.23149873930666551,0.48206512629804604,1.2666323543397942,1.4319418273781921,0.29420525722575208,0.60174493325063538,1.193695827392828,0.82068855566714327,2.5727092456487322,87.520638756609642,13.838510900714745,2.4646442344573489,-0.4119234291212478,0.02956129262716253
5.9400000000000004,-0.60370172230433872,-2.4877505372133712,0.78841426719585928,-1.9719859786646563,-2.4295170870892466,-1.1034428914117205,0.99644497964479894,-0.097586309745345809,0.24244863161106564,1.587183038546079,0.24356075855108691,0.49007269795477026,1.1865864680927194,1.4651483203200877,0.31393075853276853,0.5521565952333336,1.2185577007524997,0.78082915575430878,2.0436960364122996,87.983351969785687,13.967863015607241,2.4350056373490312,-0.40580543582405859,0.029367575043670137
5.9500000000000002,-0.59367928562089267,-2.4886525959815748,0.79085478613032945,-1.9560873611766039,-2.4270201487035541,-1.098503786891335,1.0079078501001966,-0.082770979322735222,0.24568900140191949,1.5924585852163471,0.25586681910504772,0.49768183617619099,1.1058833592107962,1.4978264075170431,0.33423799104046592,0.50303280973830311,1.2424973464721927,0.74100777689201913,1.5066548200593157,88.420858261030347,14.086277341608341,2.4037211671224563,-0.39947814650664021,0.029195727180001307
5.96,-0.58354626554978639,-2.4894048768406893,0.7933287334926481,-1.9401384362742715,-2.4243989686013334,-1.0934905809819255,1.0185606675495757,-0.067631674245265117,0.24913524287550426,1.5972453480099773,0.26840749829797944,0.50489309801162874,1.0245864814096861,1.5299367083456503,0.35510062389195718,0.45440497270989433,1.2654748762897303,0.70125974477682818,0.96261039032465567,88.831972510954046,14.193207702962642,2.3707313219204194,-0.39293763894395134,0.029047500618188189
5.9699999999999998,-0.57331079124626882,-2.4900041690866428,0.79583819531848166,-1.9241440664877829,-2.421651249352307,-1.0884072481945488,1.0283978134583545,-0.052174268208579143,0.25279277427663155,1.6015484393688755,0.28117298036834421,0.51170739245095931,0.94275973573225069,1.5614401034530512,0.37649134401974649,0.40630351203608411,1.2874515676790987,0.66162011639289686,0.41263120142545417,89.215533644608854,14.288122972039933,2.3359800619123035,-0.38618038496562057,0.028924571994062058
5.9800000000000004,-0.56298104484909295,-2.4904473227034103,0.79838531044427552,-1.9081090617179151,-2.4187747935999635,-1.0832577522023963,1.0374143103169273,-0.036405024620936331,0.25666673592777489,1.6053732710641027,0.2941530683408497,0.51812597757519896,0.8604674172113671,1.5922977766365409,0.39838188492318116,0.35875786140786575,1.3083899075879841,0.62212364761668848,-0.14217269352942313,89.570406304038656,14.370508405312254,2.2994151952459521,-0.37920328425725447,0.02882854228596644
5.9900000000000002,-0.55256525505146159,-2.490731252244287,0.80097226768085561,-1.8920381762929344,-2.4157675078125065,-1.0780460423654776,1.0456058253124134,-0.020330593363010151,0.26076198084364965,1.6087255441283723,0.30733719633405149,0.52415045738503652,0.77777416118475551,1.6224712565505419,0.4207430566450473,0.31179643541883079,1.3282536347766309,0.58280476120448577,-0.70065192763535289,89.895482462954206,14.439866930686351,2.2609887535048094,-0.37200369668586053,0.028760936554103431
6,-0.54207169063794092,-2.4908529406786712,0.80360130289469756,-1.8759361061273307,-2.4126274059086374,-1.0727760502886035,1.0529686734620027,-0.0039580071316609681,0.26508306565141498,1.6116112385458339,0.32071444228417945,0.52978277831128229,0.69474488930904643,1.6519224581980032,0.44354477691685829,0.26544660592839286,1.347007780714401,0.54369751519272669,-1.2616203308488383,90.189682984057882,14.495720381437057,2.2206573539677619,-0.36457947289497461,0.028723204106304179
6.0099999999999998,-0.53150865399274783,-2.4908094432002281,0.80627469599996138,-1.8598074859848206,-2.4093526127540814,-1.0674516864158448,1.0594998202051453,0.012705322629946239,0.26963424182802626,1.6140366027118833,0.33427354107055757,0.53502522541149378,0.61144475532079545,1.6806137241632597,0.46675610344100021,0.21973467971082852,1.3646187089917139,0.50483557174088056,-1.8238576680640068,90.451959119690443,14.537610672151065,2.178382545989618,-0.35692898291304964,0.028716719059845797
6.0199999999999996,-0.52088447458482956,-2.4905978909922868,0.80899476786454239,-1.8436568868478462,-2.4059413675249131,-1.0620768366645699,1.0651968834522787,0.029651610213082061,0.27441944726597367,1.6160081426759985,0.34800289802752615,0.5398804182573792,0.52793909059226407,1.7085078655435719,0.49034526727657107,0.17468587741083019,1.3810541532067502,0.46625216644599071,-2.3861126062365647,90.681293956548046,14.565100912259069,2.1341311388613438,-0.34905114251776581,0.028742781262596839
6.0300000000000002,-0.51020750243518276,-2.4902154949463888,0.81176387713346909,-1.8274888133956715,-2.4023920269338914,-1.0566553591021388,1.0700581350882863,0.046872700531822735,0.27944229817825572,1.6175326111807435,0.3618906028274434,0.54435130651782027,0.44429334953003657,1.7355682025368859,0.51427970729458561,0.13032431382483065,1.3962832532879617,0.42798007815755096,-2.9471059118973395,90.876703805238179,14.57777645291722,2.0878755085725427,-0.34094543709961456,0.028802617530313109
6.04,-0.4994861015718694,-2.4896595493299403,0.81458441697307837,-1.8113077015930623,-2.3987030683161819,-1.0511910806682656,1.0740825019293634,0.064360074415406435,0.28470608135308489,1.6186169965102757,0.37592444371895578,0.5484411652426564,0.36057305486469804,1.7617586046436573,0.53852610566701919,0.086672979525912325,1.4102765902151277,0.39005159932083966,-3.5055338800407556,91.0372395353928,14.575245863186618,2.0395938809837002,-0.33261194277049444,0.028897383150371918
6.0499999999999998,-0.48872864347819678,-2.4889274353989261,0.81745881173954049,-1.7951179163913642,-2.3948730925709798,-1.0456877939460139,1.0772695661324303,0.082104854300503169,0.29021374676851547,1.6192685111618936,0.3900919221043111,0.55215358985266527,0.27684374287986041,1.7870435304407921,0.5630504243529022,0.043753723848630931,1.4230062191034045,0.35249850687624484,-4.0600719949247095,91.161987856935383,14.557141831650908,1.989270589022172,-0.32405134446736333,0.029028163595726228
6.0599999999999996,-0.47794350053954809,-2.4880166249517224,0.82038951357536982,-1.7789237495436998,-2.3909008269557339,-1.0401492539843418,1.0796195650567395,0.10009781031891131,0.29596790057676986,1.6194945803543164,0.40438026743916655,0.55549249084143704,0.19317090862904032,1.8113880668861886,0.58781794254357411,0.001587239248626159,1.4344457006165297,0.3153520337416168,-4.6093788227555637,91.250072547927886,14.523121989818719,1.9368963016454699,-0.31526495080777395,0.029195976386398044
6.0700000000000003,-0.46713903949433322,-2.4869246838200847,0.82337899893765809,-1.7627294175358461,-2.3867851277298402,-1.0345791751750428,1.0811333905777856,0.11832936677577792,0.30197079846761926,1.6193028303864463,0.41877645243808315,0.55846208819507548,0.10961995118870484,1.8347579681129009,0.61279329502824209,-0.039806952949643121,1.4445701306773266,0.27864284090393121,-5.1521001355369913,91.300655629192221,14.472869653870671,1.8824682224665952,-0.30625470546348843,0.029401773029539072
6.0800000000000001,-0.45632361489453815,-2.4856492752934098,0.8264297650618837,-1.7465390596342105,-2.3825249826448105,-1.028981228186876,1.0818125878541376,0.13678960901303899,0.30822433941988703,1.6187010768606431,0.43326720856844003,0.5610669055359927,0.026256118995993793,1.8571196936721179,0.63794051143965114,-0.080410515405215613,1.4533561684452099,0.24240099014606323,-5.6868732645086499,91.312938485610559,14.406094481531053,1.8259902561088259,-0.29702319483068296,0.029646440963059517
6.0899999999999999,-0.44550556258132984,-2.4841881634724676,0.82954432636520914,-1.730356736052181,-2.378119513278139,-1.0233590369596057,1.0816593535482637,0.15546829065237958,0.3147300598496246,1.6176973127844925,0.44783904181537493,0.56331176399724003,-0.056855544680685419,1.8784404461849751,0.66322305633898082,-0.12020630620270774,1.4607820625325203,0.20665591743364198,-6.2123316805736373,91.286162933694413,14.322533041087036,1.7674731405525415,-0.28757365179106148,0.029930805422134638
6.0999999999999996,-0.43469319318119121,-2.4825392165488336,0.83272521079327666,-1.7141864262360329,-2.3735679772082401,-1.0177161757606248,1.0806765335029347,0.17435484121156497,0.32148912816315733,1.6162996965652507,0.46247824869994442,0.56520177583411102,-0.13965025608973852,1.8986882083634644,0.68860387009782542,-0.15917838887531363,1.4668276754332066,0.17143640698647619,-6.7271097978866035,91.219612234648395,14.221949289829375,1.706934543952175,-0.27790995537760488,0.030255631142703489
6.1100000000000003,-0.42389478562798694,-2.4807004100063108,0.83597495611459383,-1.6980320272713394,-2.3688697700280059,-1.0120561663067398,1.0788676198752494,0.19343837408769538,0.3285023397227616,1.6145165399111834,0.47717093253255705,0.56674233777998206,-0.22206354511532717,1.917831779361526,0.71404541053441162,-0.19731204100160651,1.4714745061394197,0.1367705660580911,-7.2298479953369474,91.112612051776111,14.104134959464369,1.6443991246372487,-0.26803662618210294,0.030621623811470156
6.1200000000000001,-0.413118580716411,-2.4786698297407215,0.83929610616666483,-1.6818973524108054,-2.3640244271947402,-1.0063824749536523,1.0762367477308163,0.21270769490042729,0.33577011223228398,1.6123562956540891,0.49190301988339019,0.56793912415358216,-0.30403130911901571,1.9358408104178184,0.73950969526012655,-0.23459376137033064,1.4747057109234309,0.10268580044643848,-7.7191978489861626,90.964531350686499,13.968909846345115,1.5798985532672685,-0.25795881736945908,0.031029431168055666
6.1299999999999999,-0.40237277469216132,-2.4764456750944888,0.84269120705811529,-1.6657861297241792,-2.359031625714366,-1.0006985099555759,1.0727886911011095,0.23215131018795682,0.34329248154960801,1.6098275455073645,0.50666027725138363,0.56879807972512553,-0.38548986645674016,1.95268583975247,0.76495834469172885,-0.27101127570920119,1.4765061222642901,0.069208790757856561,-8.1938275666037637,90.774783240365849,13.816122004694982,1.5134714963835574,-0.24768230119603304,0.03147964366197735
6.1399999999999997,-0.39166551288421902,-2.4740262618025315,0.84616280333109417,-1.649702000870866,-2.3538911856580409,-0.99500761879736666,1.068528858507465,0.25175743644806614,0.35106909793236685,1.6069389877739559,0.5214283279131422,0.56932541234892997,-0.46637600962357778,1.9683383266807573,0.79035262568377096,-0.30655354097500803,1.4768622659006463,0.036365469445755139,-8.6524276132698805,90.542825752811154,13.645647841357174,1.4451635608924656,-0.23721345096651078,0.031972794565179999
6.1500000000000004,-0.38100488338454003,-2.4714100248460569,0.84971343408832645,-1.6336485199956512,-2.3486030715094568,-0.98931308560146114,1.0634632879556949,0.27151400951624194,0.35909922272289024,1.6036994250186154,0.5361926689329285,0.56952758537038484,-0.54662705797932776,1.9827706849073665,0.8156534957349717,-0.34121074820407438,1.475762375993072,0.0041809986446398519,-9.093716514577892,90.268162558571802,13.457392110996999,1.3750271993201,-0.22655921840578266,0.032509359440113426
6.1600000000000001,-0.3703989107804278,-2.4685955212109167,0.85334562908923994,-1.6176291527478142,-2.3431673933413091,-0.98361812861184528,1.0575986414057388,0.29140869427248856,0.36738172547790193,1.6001177517188641,0.55093868831474202,0.56941130981532906,-0.62618091000825349,1.9959563149656614,0.84082164772157963,-0.37497432392361063,1.4731964083813023,-0.027320251180716439,-9.516446821270053,89.950343615245174,13.251287811120507,1.3031215759985466,-0.21572710646931684,0.033089754863957738
6.1699999999999999,-0.35985554994480773,-2.4655814325472947,0.85706190481962674,-1.6016472754237756,-2.337584407819624,-0.97792589775717353,1.0509421987212244,0.31142889466812956,0.37591508154797459,1.5962029419089994,0.56565168227743756,0.5689835363700575,-0.7049760950668541,2.0078696357673227,0.86581755511028091,-0.40783693012603905,1.46915605192386,-0.058114721752030932,-9.9194112161803414,89.588965745733503,13.027295976756836,1.2295123946749258,-0.20472513766747735,0.033714336311728703
6.1799999999999997,-0.34938267988959204,-2.4623665677275572,0.86086476053936922,-1.5857061742332912,-2.3318545190347879,-0.97223947229510876,1.0435018511043217,0.33156176406350013,0.3846973701113155,1.591964036831548,0.58031687263357035,0.56825144716042075,-0.78295182457368639,2.018486115228332,0.89060151760228845,-0.43979246280992507,1.4636347379094519,-0.088179686641956107,-10.30144874114718,89.183673142892957,12.785405375180035,1.1542716883745558,-0.19356181803584088,0.034383395104819706
6.1900000000000004,-0.33898809768724492,-2.4589498652992137,0.86475667431279923,-1.5698090446890214,-2.3259782791583623,-0.96656185853983345,1.0352860940216617,0.3517942158671416,0.39372627266595145,1.5874101326104668,0.59491942425267719,0.56722244733861171,-0.86004804259610967,2.0277822999383419,0.91513370715993203,-0.47083604909273563,1.4566276475317457,-0.11749327006904409,-10.661451118118709,88.734157797127125,12.525632101631215,1.0774775726959773,-0.18224609694465341,0.035097154337178908
6.2000000000000002,-0.32867951246560501,-2.4553303958300225,0.86874009902627369,-1.5539589911192158,-2.3199563889249148,-0.96089598767462403,1.0263040196275994,0.37211293446678334,0.4029990719838743,1.5825503679603006,0.60944446258962115,0.56590415648641268,-0.9362054757891688,2.035735843841362,0.93937421436656943,-0.50096404290209617,1.4481317174210091,-0.14603446480677634,-10.998369135021811,88.240159843495007,12.248019077642084,0.99921396406575069,-0.17078732300571728,0.035855763698946552
6.21,-0.31846453948095682,-2.4515073641423646,0.87281745839762415,-1.5381590263030498,-2.3137896979383257,-0.95524471365126673,1.0165653086915041,0.39250438644205854,0.4125126515302584,1.5773939119455196,0.62387709125850344,0.56430439984384995,-1.0113656826424984,2.0423255358965386,0.96328309507001142,-0.53017401925386809,1.4381456432283035,-0.17378314919121249,-11.311219063138921,87.701467825029056,11.952635454252889,0.91957026483010418,-0.15919519640339952,0.036659293127115654
6.2199999999999998,-0.30835069427429102,-2.4474801114341211,0.87699114298213721,-1.5224120712280689,-2.3074792048022124,-0.9496108111780267,1.0060802220362277,0.41295483204858296,0.42226349535031721,1.5719499518041091,0.63820240963264951,0.56243119937234587,-1.0854711019916159,2.0475313266888553,0.98682041725934133,-0.55846476712676807,1.4266698812599223,-0.20072010321262132,-11.599089068773539,87.117918869213199,11.639575923172021,0.83864101740707864,-0.14747971804767609,0.037507725224721587
6.2300000000000004,-0.29834538691557844,-2.4432481172834093,0.88126350617973781,-1.5067209549690168,-2.3010260570742975,-0.94399697379777292,0.99485959149531467,0.43345033696279917,0.43224768842587979,1.566227680849358,0.65240553045123406,0.56029276466158107,-1.1584651007508846,2.0513343539606566,1.0099463081248135,-0.58583628094481299,1.4137066481617748,-0.22682702367746041,-11.861145577937373,86.489398774957721,11.30895993973391,0.75652553006145407,-0.1356511360200181,0.038400946404300487
6.2400000000000002,-0.28845591634086121,-2.4388110015346021,0.88563686024810484,-1.491088414687201,-2.2944315510447688,-0.93840581205777995,0.98291481039695261,0.45397678427658439,0.44246091750327221,1.5602362864637598,0.66647159741295825,0.5578974836894468,-1.2302920208258143,2.0537169670357622,1.0326210012498618,-0.61228975068037961,1.3992599186556471,-0.25208653842794876,-12.096639548710572,85.815842007922257,10.960930862367821,0.67332747719102881,-0.12371988985638926,0.039338736727960281
6.25,-0.27868946478681733,-2.434168526063198,0.89011347232642557,-1.4755170957493824,-2.2876971313388346,-0.93283985177261786,0.97025782358306722,0.47451988673049189,0.45289847239357739,1.5539849381987001,0.68038580273740257,0.55525391344455988,-1.3008972251634856,2.0546627501091956,1.0548048838843898,-0.63782755059215601,1.3833354213311082,-0.27648221960747982,-12.304912601887432,85.097231602705023,10.595655014202885,0.58915447732383175,-0.11169655328459527,0.040320758435338409
6.2599999999999998,-0.26905309232743879,-2.429320596417222,0.89469556047451315,-1.4600095519651075,-2.2808243903439207,-0.92730153238147273,0.95690111697240943,0.49506519917407088,0.46355524774580598,1.5474827759935392,0.69413340467456908,0.55237077042094451,-1.3702271429002164,2.0541565443765113,1.0764585442480092,-0.66245322661363115,1.3659406324990964,-0.299998595960976,-12.485402956588304,84.333598971222159,10.213320673384194,0.50411765231561301,-0.099591776104132751,0.041346543172005375
6.2699999999999996,-0.25955373151731104,-2.4242672633329305,0.89938528973202014,-1.4445682459411842,-2.2738150674621083,-0.92179320540111531,0.94285770667682456,0.51559813124159781,0.47442574529304132,1.5407388985274735,0.70769974494333387,0.5492569209945648,-1.4382293135668591,2.0521844689779534,1.097542818812018,-0.68617148240932191,1.3470847681151228,-0.32262116416037778,-12.637651113785385,83.52502361754172,9.8141369996573111,0.41833117150068,-0.087416225963921457,0.042415477954399039
6.2800000000000002,-0.25019818214592382,-2.4190087241227292,0.90418476820248339,-1.4291955495519126,-2.2666710481886145,-0.91631713297565132,0.92814112768035717,0.5361039602312202,0.4855040765710919,1.5337623517174297,0.72107026607949198,0.54592137169152954,-1.5048524303126463,2.0487339407336673,1.1180188395085433,-0.70898816411735965,1.3267787737821317,-0.34433639914633363,-12.761305227239195,82.671632760513887,9.3983329057829543,0.33191178478253658,-0.075180530855304101,0.043526789933022031
6.29,-0.24099310610734637,-2.4135453239333424,0.9090960431669074,-1.4138937445235757,-2.2593943630173428,-0.91087548652409878,0.91276542209118894,0.55656784417529048,0.49678396610863873,1.526562117375021,0.73423052867427918,0.54237325935782799,-1.5700463821094628,2.0437936926475508,1.1378480808154745,-0.73091024379833847,1.3050353128451009,-0.36513176347815723,-12.856126098275858,81.773600866743891,8.9661558833598818,0.24497834884881936,-0.062895223192622793,0.044679530043200827
6.2999999999999998,-0.2319450223894555,-2.4078775568723652,0.91412109723160206,-1.3986650231314828,-2.2519871861746505,-0.90547034548670824,0.89674512697676489,0.57697483508954073,0.50825875508741569,1.5191471020353748,0.74716622848439274,0.53862184124054313,-1.6337622948995916,2.0373537911584023,1.1569924066658057,-0.75194580161186608,1.2818687525913595,-0.38499571568516799,-12.921991728251744,80.831149097756963,8.5178707936370763,0.15765135085149137,-0.050570686399462911,0.045872555661953439
6.3099999999999996,-0.22306030218687253,-2.4020060670014867,0.91926184451496684,-1.3835114890078333,-2.24445183418276,-0.90010369617087993,0.88009526179289421,0.59730989238837107,0.51992140547037979,1.5115261259704864,0.75986321339456364,0.53467648499058418,-1.6959525716504735,2.0294056521182697,1.1754141171298567,-0.77210400674351554,1.2572951485728283,-0.40391771761342082,-12.958901360556229,79.844544676607924,8.053758634878875,0.070052434005167641,-0.038217104953628511,0.047104512420102107
6.3200000000000003,-0.21434516414158067,-2.3959316491947833,0.92452012687788576,-1.3684351580584639,-2.2367907642543461,-0.89477743069739957,0.86283131541791547,0.61755789645350667,0.53176450459535773,1.5037079123994408,0.77230750021405625,0.53054665859699179,-1.7565709312814639,2.0199420554791834,1.1930759948192668,-0.79139509710625933,1.2313322270680886,-0.42188824076289494,-12.966978942709044,78.814100180656013,7.5741152987823011,-0.017696070382426654,-0.025844418865896168,0.048373815350319642
6.3300000000000001,-0.20580566971513417,-2.389655249860613,0.929897710202367,-1.3534379594864663,-2.2290065725200696,-0.88949334604763552,0.844969232803371,0.63770366234298048,0.54378027023112419,1.4957010769076404,0.78448529128857658,0.52624192026293115,-1.815572446428336,2.0089571586707287,1.2099413509616908,-0.80983035784170021,1.2039993657043677,-0.43889877161120144,-12.946475938615833,77.740172768734979,7.0792503293137639,-0.10547159992691063,-0.01346228357481985,0.049678629583852871
6.3399999999999999,-0.19744771869622338,-2.3831779675257692,0.93539628072305259,-1.3385217369205029,-2.2211019920909938,-0.88425314321221826,0.82652540125297824,0.65773195362728687,0.55596055609238038,1.4875141170869124,0.79638299090928277,0.52177190823352926,-1.8729135800124492,1.9964465086521133,1.2259740710953289,-0.82742209864782801,1.1753175722613403,-0.45494181592086713,-12.897773421466074,76.623163352467984,6.5694856981071599,-0.19315180276155156,-0.0010800362303982347,0.051016850840704668
6.3499999999999996,-0.18927704484726371,-2.3765010532806974,0.94101744141614685,-1.3236882496455853,-2.2130798909579941,-0.87905842644164833,0.80751663634204363,0.67762749633935004,0.56829685780955175,1.4791554024080971,0.80798722150083235,0.51714633058573989,-1.9285522205824746,1.9824070526237898,1.2411386603327705,-0.84418362996114027,1.1453094616806214,-0.47001090202821849,-12.821383379189655,75.463515722980006,6.0451546112271064,-0.28061495935323622,0.011293330688226591,0.052386085989472239
6.3600000000000003,-0.18129921169353358,-2.3696259110846971,0.94676270845030119,-1.308939173933906,-2.2049432697304727,-0.87391070259914405,0.78796016748969544,0.6973749930248665,0.58078031934887342,1.4706331643374091,0.81928483957068299,0.51237495499039787,-1.9824477163978518,1.9668371473849702,1.2554002881440287,-0.86012923802223185,1.1139992313066684,-0.48410058311297161,-12.717949166926156,74.261715645696441,5.5066003626150266,-0.36774038036204626,0.023649187523385781,0.05378363398321323
6.3700000000000001,-0.1735196084582753,-2.3625540979301758,0.95263350770392785,-1.2942761044732523,-2.1966952592168449,-0.86881138061597663,0.76787362319673302,0.71695913687938173,0.59340173987768252,1.4619554867076163,0.83026295140204631,0.50746759845669442,-2.0345609082241078,1.9497365673246752,1.2687248326088647,-0.87527415885520543,1.0814126343867183,-0.49720643844854562,-12.588245044686861,73.018289937257094,4.9541752498818417,-0.45440877661011175,0.035979276528525367,0.055206467505919933
6.3799999999999999,-0.16594344614703171,-2.3552873238651522,0.95863117135337661,-1.2797005558903731,-2.1883391178494502,-0.863761771049391,0.74727501596204093,0.73636462595841867,0.60615158106939049,1.4531302963547057,0.84090892847328125,0.50243411706922259,-2.084854160811537,1.9311065110353509,1.2810789240891505,-0.88963455119232271,1.0475769518591638,-0.50932507363421475,-12.433174743373993,71.733805539773101,4.3882395682588822,-0.54050259753666641,0.048275711157798655,0.056651215689707719
6.3899999999999997,-0.15857575378437355,-2.3478274518733588,0.96475693453632339,-1.2652139643666276,-2.1798782289567042,-0.85876308574316806,0.72618272689096064,0.75557617744679573,0.61901997484205529,1.444165354030462,0.85121042258672353,0.4972843957278017,-2.1332913930297277,1.9109496065394349,1.292429988272354,-0.90322746837647583,1.0125209624616147,-0.52045411981110723,-12.253769008617747,70.408868608669536,3.8091606984447832,-0.62590633489395298,0.060530964928946725,0.058114148284879472
6.4000000000000004,-0.1514213748060243,-2.3401764976113988,0.97101193209469949,-1.2508176893430663,-2.1713160978854908,-0.85381643759071557,0.70461549000910217,0.77457854197325815,0.63199673152406488,1.435068245600972,0.86115538069034969,0.49202833790019435,-2.1798381066318595,1.8892699151206018,1.3027462885379022,-0.91607082927514749,0.97627491119162402,-0.53059223186516769,-12.051182079530031,69.044123631136813,3.2173123037598668,-0.71050678888273278,0.072737849367594198,0.059591161682859425
6.4100000000000001,-0.14448496360926896,-2.3323366290026102,0.97739719540136749,-1.2365130153120845,-2.1626563489769395,-0.84892284040054045,0.68259237629550917,0.79335651795639328,0.64507134843987601,1.4258463735408056,0.87073205937593923,0.48667585539785235,-2.2244614136237222,1.8660729337528585,1.3119969675986964,-0.92818338824053648,0.93887047615483044,-0.53973908562108031,-11.826687068470244,67.640252592736516,2.6130736514297617,-0.79419329443214726,0.08488948069750378,0.061077767204784583
6.4199999999999999,-0.13777098226436368,-2.3243101656873466,0.98391364927474356,-1.2223011536925783,-2.1539027223989011,-0.84408320886379473,0.66013277744917742,0.81189496596782784,0.65823301890836938,1.4165069487322071,0.87992903903781072,0.48123685818474832,-2.2671300622139232,1.8413655961219295,1.320152088370717,-0.93958470415166373,0.90034073383688518,-0.54789537403224953,-11.58167021824941,66.197974209895619,1.9968290719295718,-0.87685790589516976,0.096979235118698826,0.062569082075585203
6.4299999999999997,-0.13128369738956625,-2.3160995783296201,0.99056210898541552,-1.2081832447855816,-2.1450590708386041,-0.83929835862353108,0.63725638940327367,0.83017882309856694,0.67147064164583403,1.4070569825782999,0.88873523767656659,0.47572124422929252,-2.3078144613227853,1.8151562722349504,1.3271826740244741,-0.95029510857497945,0.86072012283726462,-0.55506280237279304,-11.317624024831968,64.718043245890101,1.3689675691374201,-0.95839553904899866,0.1090006927115631,0.064059823503908139
6.4400000000000004,-0.12502717719221637,-2.3077074877801143,0.99734327735878547,-1.1941603598071493,-2.1361293560591048,-0.83456900644518628,0.61398319560156134,0.84819311731436864,0.684772830565193,1.3975032794389424,0.89713992433263634,0.47013888940930237,-2.3464867036289547,1.7874547666157024,1.3330607471726159,-0.9603356730812489,0.82004440610462181,-0.56124408243858137,-11.036139226443517,63.201249927370327,0.72988259253234644,-1.0387040699567371,0.12094757021839583,0.065544306281648812
6.4500000000000002,-0.11900528867818728,-2.2991366640957578,1.0042577419776566,-1.1802335029952307,-2.1271176453233287,-0.8298957704876998,0.59033345005176008,0.86592298178597205,0.6981279249625848,1.3878524293974803,0.90513273213484235,0.46449963747988371,-2.3831205871339303,1.7582723150841595,1.3377593681488951,-0.96972817575721171,0.77835063171504526,-0.56644292576528033,-10.738895673961947,61.648419477539889,0.079971980846044011,-1.1176843909505527,0.13281364318107086,0.067016444302534242
6.46,-0.11322169503185021,-2.2903900254161806,1.0113059724885725,-1.1664036137871934,-2.1180281076895913,-0.8252791706746031,0.56632766017071867,0.88335366918007874,0.7115240000820342,1.3781108013662238,0.91270367094967664,0.4588132901139943,-2.4176916352261979,1.7276215801204564,1.3412526723347251,-0.97849506695124233,0.73567709223576827,-0.57066403587226422,-10.427652112414243,60.060411780715647,-0.58036191557171968,-1.195240424729475,0.14459265815121702,0.068469756376714
6.4699999999999998,-0.10767985316856737,-2.2814706366975157,1.0184883180156616,-1.1526715690645668,-2.1088650101826967,-0.82071962916430019,0.54198656943655277,0.90047056589687247,0.72494887804842212,1.3682845365381502,0.91984313961728703,0.45308959702541746,-2.4501771152278948,1.6955166448148355,1.3435159064900695,-0.98665943429337744,0.69206328271884288,-0.57391309954230008,-10.10423491914886,58.43812119116123,-1.2507119288798361,-1.2712790983159667,0.15627823593367404,0.069897376687335158
6.4800000000000004,-0.10238301146156853,-2.2723817083041555,1.0258050046856013,-1.1390381854615141,-2.0996327138447928,-0.81621747091866736,0.5173311398629632,0.91725920623998547,0.73839013915861706,1.358379542191859,0.92654193776076132,0.4473382461837056,-2.4805560554083677,1.6619730054065489,1.3445254640467221,-0.99424496703049203,0.64754985737034376,-0.57619677714776008,-9.7705258605999514,56.782476496800015,-1.9306655823289636,-1.3457102793708244,0.16786376707008893,0.071292070195408119
6.4900000000000002,-0.097334207644905163,-2.2631265944591985,1.0332561332672558,-1.1255042217334414,-2.0903356696703237,-0.81177292436899584,0.49238253431112494,0.93370528650482065,0.75183513352018561,1.3484014858564224,0.93279127715566701,0.44156885413058272,-2.5088092604504362,1.6270075624160154,1.3442589193227583,-1.0012759197184087,0.60217858494222154,-0.57752269203510431,-9.4284489462634156,55.094441045670791,-2.6198044143028509,-1.4184466781139144,0.17934230101255971,0.072646253250922124
6.5,-0.092536266894034686,-2.2537087915544856,1.0408416769293716,-1.1120703811821631,-2.0809784144295325,-0.8073861221782378,0.46716209865472386,0.94979467897119452,0.76527099302668544,1.3383557898423566,0.93858279264733935,0.43579095640715299,-2.5349193253564786,1.590638610376089,1.3426950606182366,-1.0077770753130999,0.55599230289515922,-0.57789941898019404,-9.0799564753019375,53.375013039824545,-3.3177031220914093,-1.4894037188224714,0.19070643067144746,0.07395201961129616
6.5099999999999998,-0.087991800085423691,-2.24413193632124,1.0485614791196864,-1.0987373141338668,-2.0715655663851122,-0.80305710209837378,0.44169134381377312,0.96551344578629061,0.77868464365814627,1.3282476261445075,0.94390855260383233,0.43001399810115953,-2.558870647782939,1.5528858261695362,1.339813922152884,-1.0137737077042215,0.50903487038233364,-0.57733647172804814,-8.727014387784406,51.625225997771246,-4.0239285331521932,-1.5584993855667355,0.20194817424152003,0.075201172003260375
6.5199999999999996,-0.083703202236402707,-2.2343998038624915,1.0564152515685996,-1.0855056204661959,-2.0621018209066868,-0.79878580792167819,0.41599192767298232,0.98084785272408426,0.79206281809499679,1.3180819117222047,0.94876106889305234,0.4242473245233484,-2.5806494387932797,1.5137702559813493,1.3355968148081849,-1.0192915437342087,0.46135112010476426,-0.57584428963132406,-8.3715870486366715,49.846149382650424,-4.7380384152385968,-1.6256540474756842,0.2130588564099426,0.076385259291697871
6.5300000000000002,-0.079672651126349997,-2.2245163055485775,1.064402572420504,-1.0723758521806195,-2.0525919459879534,-0.7945720905245387,0.39008563690055303,0.99578438280738724,0.80539206863326962,1.3078633041616208,0.95313330637300508,0.41850017202189976,-2.6002437320208118,1.4733143008758438,1.3300263556369398,-1.0243567247472363,0.41298680909057284,-0.5734342234028651,-8.0156216075901643,48.038889389029826,-5.4595801405014921,-1.6907902693917269,0.22402899122299927,0.077495619239678015
6.54,-0.075902106100117606,-2.2144854867771659,1.0725228844957364,-1.0593485160162255,-2.0430407776714006,-0.79041570900239555,0.36399436868331003,1.0103097497788329,0.8186587803885883,1.2975961977247965,0.95701869188467226,0.41278165894369639,-2.6176433912343344,1.4315417010098463,1.3230864961047628,-1.0289957677126349,0.36398856845137861,-0.57011851999842023,-7.661032092424179,46.204589876725969,-6.1880892224210147,-1.7538326142542711,0.23484816902944067,0.078523426758848561
6.5499999999999998,-0.07239330705445747,-2.2043115245993863,1.0807754936859373,-1.0464240761011081,-2.0334532153856228,-0.78631633189431016,0.33774011239420582,1.0244109114072384,0.83184918477609637,1.2872847197893817,0.96041112273757578,0.40710077675104139,-2.6328401163009003,1.3884775184947551,1.3147625490294055,-1.0332355259675792,0.3144038521700151,-0.56591030664641773,-7.3096834052539101,44.344433435356649,-6.923087748132402,-1.8147074439344322,0.24550495002167239,0.079459747459755564
6.5599999999999996,-0.069147773608043694,-2.1939987252137674,1.0891595674855552,-1.0336029566373583,-2.0238342172003501,-0.78227353849554315,0.31134493120820289,1.038075082615884,0.84494937325312569,1.2769327276826521,0.96330497467859766,0.4014663813022683,-2.6458274475415422,1.3441481189214703,1.3050412141846714,-1.0371031496247047,0.26428088497505431,-0.5608235740426204,-6.9633754021699925,42.459642558548666,-7.6640827323046077,-1.8733427255144033,0.25598676695673389,0.080295596218931467
6.5700000000000003,-0.066166804455529818,-2.1835515213298464,1.0976741336620213,-1.0208855446157499,-2.0141887950044257,-0.77828682025647933,0.28483094368267065,1.0512897484194172,0.85794531131109342,1.266543805912947,0.9656951093352194,0.39588718430450387,-2.6566007684771993,1.2985811515637009,1.2939106025373732,-1.0406260456902527,0.21366860935836401,-0.55487315872817222,-6.6238272448593385,40.551480901960609,-8.4105644221139499,-1.9296678501504489,0.2662798396522823,0.081022000385287868
6.5800000000000001,-0.063451476905908744,-2.1729744694034192,1.1063180790670368,-1.0082721925561045,-2.0045220096120047,-0.77435558226612822,0.25822030531838125,1.0640426766562439,0.87082285270279469,1.2561212638011765,0.96757688112487694,0.3903717449466616,-2.6651573069636028,1.251805528276366,1.2813602590868804,-1.0438318379389175,0.16261663179292229,-0.54807472467039486,-6.292662218611067,38.621254594610392,-9.1620045859620483,-1.9836134716704432,0.27636910381541119,0.081630067154206912
6.5899999999999999,-0.061002646605292879,-2.1622722467455371,1.1150901485912503,-0.99576322126933459,-1.9948389658023513,-0.77047914481836177,0.23153519011717852,1.0763219305034826,0.88356775389101572,1.2456681335145985,0.96894614362275622,0.38492846172051365,-2.6714961347153006,1.2038514011071249,1.2673811842783838,-1.0467483265915511,0.1111751682087407,-0.54044474406636356,-5.9713932140582102,36.670313568554135,-9.9178548213191799,-2.035111371925252,0.28623815667106317,0.082111054545566345
6.5999999999999996,-0.05882094744407286,-2.1514496485075019,1.1239889442644726,-0.98335892263712321,-1.9851448072987163,-0.76665674505896519,0.20479777215248446,1.0881158807616425,0.89616568870399671,1.235187168504619,0.96979925538086931,0.3795655644375388,-2.6756181652204512,1.1547501386405181,1.2519658539621703,-1.0494034478424383,0.059394988785988284,-0.53200047739015888,-5.6614090698819224,34.700052867852193,-10.677544919353952,-2.084094359633899,0.29586922171069091,0.08245644533367151
6.6100000000000003,-0.056906791648229857,-2.1405115845442131,1.1330129245034151,-0.97105956240520552,-1.9754447116917799,-0.76288753871151238,0.17803020716868564,1.0994132178965157,0.90860226318312365,1.2246808423498696,0.97013308519189356,0.37429110644899127,-2.6775261500495606,1.1045343010953048,1.2351082378729148,-1.0518252332826488,0.0073273621245634728,-0.52275995270527775,-5.3639619703145405,32.711913894086592,-11.440481325756146,-2.1304962090316688,0.30524313468012221,0.082658023194645741
6.6200000000000001,-0.055260370054453813,-2.1294630761583679,1.1421604035087978,-0.9588653829862005,-1.9657438853132647,-0.75917060187999763,0.15125461422544528,1.1102029638258917,0.92086303060791364,1.2141513480053894,0.96994501679185274,0.36911295707641772,-2.6772246735626601,1.0532376141969828,1.2168038166043305,-1.0540417692662076,-0.044976001149629026,-0.51274194426441155,-5.0801560844863642,30.707385542587552,-12.206045738297522,-2.1742516440497113,0.31433935266945262,0.082707950262193713
6.6299999999999999,-0.053881652568518325,-2.1183092527281104,1.1514295508135477,-0.94677660626788984,-1.9560475580653409,-0.75550493292607157,0.12449305740290553,1.1204744834389755,0.93293350668312269,1.2036005974582142,0.96923295299628465,0.36403879425965141,-2.6747201460210106,1.0008949418485873,1.1970495970559358,-1.0560811562660322,-0.097463005280964021,-0.50196595041953773,-4.8109376243951685,28.688005181078299,-12.973593882141319,-2.2152963730277722,0.32313598785941589,0.082598845217669165
6.6399999999999997,-0.052770388806236149,-2.1070553482208845,1.1608183909835956,-0.93479343642294321,-1.9463609782115359,-0.75188945441869137,0.097767527583759936,1.130217495836594,0.94479918487258419,1.1930302217892865,0.96799531926519,0.35907609742905855,-2.6700207951107759,0.94754225762430577,1.1758441263304569,-1.0579714682662988,-0.15008122672161237,-0.49045217086582671,-4.5570864845373453,26.655359420777319,-13.742454503641731,-2.2535671780956208,0.33160986712180918,0.082323860986830893
6.6500000000000004,-0.051926108916147934,-2.0957066975963179,1.1703248034726967,-0.9229160627159666,-1.9366894071348546,-0.74832301515389044,0.071099924327947706,1.1394220852805705,0.95644555186420266,1.1824415716410466,0.96623106669266712,0.35423214060856401,-2.6631366558875404,0.8932166151113673,1.1531875040617019,-1.0597407122380522,-0.20277797184868127,-0.47822148324350966,-4.319209609097121,24.611084629164736,-14.511928622340752,-2.2890020623658733,0.3397366182714453,0.081876761075175622
6.6600000000000001,-0.051348124582925946,-2.0842687331011271,1.1799465226324755,-0.91114466230387225,-1.9270381140689063,-0.74480439224234829,0.044512037855799359,1.1480787118408637,0.96785810315028975,1.1718357180896695,0.96393967441772022,0.34951398575578302,-2.654079559152092,0.83795611712711204,1.1290813931545096,-1.0614167877447136,-0.25550033499872793,-0.46529541912250405,-4.0977362122041923,22.55686713373823,-15.281289079025463,-2.3215404569745171,0.34749078333002265,0.081251993547702572
6.6699999999999999,-0.051035530210348352,-2.0727469804590948,1.1896811378787999,-0.89947940302549412,-1.917412370807819,-0.74133229326233674,0.018025531155179096,1.1561782217293755,0.97902235870730026,1.1612134539203944,0.96112115145341026,0.34492847634527041,-2.6428631182691258,0.78179988383906274,1.1035290289198125,-1.0630274467239589,-0.30819525675729942,-0.45169613939506192,-3.8929149533691603,20.494443067171662,-16.049780415059629,-2.351123488804916,0.35484595869614616,0.080444761648565011
6.6799999999999997,-0.050987204282509829,-2.0611470549593305,1.1995260940153731,-0.88792044617644539,-1.9078174464007893,-0.73790535847560113,-0.008338077771795736,1.1637118573095833,0.98992387875881171,1.1505752953039612,0.95777603793208455,0.34048223120070981,-2.6295027144421219,0.72478801981716057,1.0765352265895978,-1.0646002534923455,-0.36080958244064482,-0.43744640910237909,-3.7048131441102949,18.425597806427454,-16.816619114738824,-2.3776943084568471,0.3617749616291081,0.079451090062177057
6.6900000000000004,-0.051201810901808545,-2.0494746574460967,1.2094786917153004,-0.87646794926523008,-1.8982586018370988,-0.7345221631036537,-0.034557433507144776,1.1706712667715009,1.0005482796055272,1.1399214838717082,0.95390540576510074,0.33618163858154643,-2.6140154804588822,0.66696158004823836,1.0481063871981864,-1.0661625450185597,-0.41329012070687493,-0.4225695717214526,-3.5333180333798366,16.352164961542744,-17.580994238175336,-2.4011984766986125,0.36825002195671841,0.078267885840514917
6.7000000000000002,-0.051677801502075751,-2.0377355702136031,1.2195360881612323,-0.86512206874660491,-1.8887410847274724,-0.73118121966189842,-0.060611360645276113,1.1770485134617015,1.0108812495058344,1.1292519891863846,0.94951085871604757,0.33203285052934617,-2.5964202829237273,0.6083625349440217,1.0182505018177463,-1.0677413915113063,-0.46558370223326029,-0.40708952293918388,-3.3781401891495659,14.276024874033221,-18.342068467235279,-2.4215844062944134,0.37424299741989364,0.076892993061803971
6.71,-0.052413416735075602,-2.0259356528092618,1.2296952978444966,-0.8538829627282678,-1.8792701239876339,-0.72788098034897741,-0.086478881036080799,1.1828360848585366,1.0209085645904703,1.1185665116053274,0.94459453188712661,0.3280417774788586,-2.5767377029936185,0.54903373437485847,0.98697715413783604,-1.0693635573670306,-0.51763723839675413,-0.39103068394096907,-3.2388189619460968,12.199102590091732,-19.098979581388836,-2.43880385475825,0.37972561057950549,0.075325240343336208
6.7199999999999998,-0.053406688528450444,-2.0140808377490105,1.2399531935234696,-0.84275079364698646,-1.8698509245299311,-0.72461983948866437,-0.11213923082797127,1.1880269011829596,1.030616104794666,1.1078644855321864,0.93915909061898117,0.3242140831385063,-2.554990015636867,0.48901887076251027,0.95429752138037871,-1.0710554625225235,-0.56939777989454798,-0.3744179742415808,-3.1147299838175568,10.123365279958756,-19.850842374079214,-2.4528124622801339,0.38466970474532236,0.073564480405293425
6.7300000000000004,-0.054655442313027894,-2.0021771261483834,1.2503065073412909,-0.8317257309102728,-1.8604886619688901,-0.72139613602158847,-0.1375718772962069,1.1926143236357134,1.039989869791087,1.0971450830528997,0.93320772880486613,0.320555179644743,-2.5312011674344559,0.42836244126621181,0.92022437354310926,-1.0728431442570352,-0.62081257524158173,-0.35727678408655089,-3.005094623784808,8.0508190819195615,-20.596751013468687,-2.4635703278300567,0.38904751595354248,0.071611620972225468
6.7400000000000002,-0.056157299417287414,-1.9902305832731222,1.2607518321028506,-0.82080795349978575,-1.8511884773465659,-0.71820815604401833,-0.16275653544202856,1.1965921622519731,1.0490159949067948,1.0864072179512134,0.92674416662075199,0.31707022299441595,-2.5053967529452055,0.3671097090972682,0.88477207096626354,-1.0747522194880115,-0.67182912908195325,-0.33963294645262526,-2.9089912889311207,5.9835053572481929,-21.335781844291922,-2.4710426152993934,0.39283195762878365,0.069468646402995785
6.75,-0.057909679626602067,-1.9782473340131785,1.2712856227107792,-0.80999765253272882,-1.8419554718834723,-0.71505413539093199,-0.18767318434837532,1.1999546833649675,1.0576807670075492,1.0756495500986127,0.91977264767346145,0.31376410875901944,-2.4776039896574353,0.30530666399812767,0.84795656021915478,-1.0768078476037395,-0.72239526025188761,-0.32151270867610632,-2.8253684295760828,3.9234963509350447,-22.066996620171821,-2.4752001805171595,0.39599691422825262,0.067138629556886834
6.7599999999999998,-0.05990980390477256,-1.9662335582840789,1.2819041977600643,-0.79929503377747213,-1.8327947017609583,-0.71193226226050554,-0.21230208327813041,1.2026966166703261,1.0659706403324929,1.0648704902130444,0.91229793556972349,0.31064146808439269,-2.447851691550929,0.24299998192312869,0.80979536830470078,-1.0790346938761985,-0.77245915953125754,-0.30294270373846249,-2.7530590781209621,1.8728902620736072,-22.789446148273957,-2.4760202091073142,0.39851753988895361,0.064625733531271962
6.7699999999999996,-0.062154697275188887,-1.9541954863596707,1.2926037412906859,-0.7887003201197812,-1.8237111729407645,-0.70884067987716959,-0.23662378750114813,1.204813161883419,1.0738722522625044,1.0540682049804344,0.90432530990950277,0.30770666397916113,-2.4161702412943806,0.18023698395859192,0.77030759518200231,-1.081456893496191,-0.82196944702187935,-0.2839499212386471,-2.6907967247800268,-0.16619426283904914,-23.502174320737304,-2.473486854456016,0.40037055789046805,0.06193520304253692
6.7800000000000002,-0.064641191858855376,-1.9421393941403615,1.3033803046975325,-0.77821375397605086,-1.8147098360274998,-0.70577748919032823,-0.26061916383654643,1.2062999949822624,1.0813724390053898,1.0432406225325919,0.8958605617076667,0.30496378789489498,-2.3825915611045771,0.1170655945208932,0.72951390460863652,-1.084098016272397,-0.87087522909077841,-0.26456167808188974,-2.6372323101267519,-2.1916241908718064,-24.204222500081862,-2.4675918645568,0.40153455661226883,0.05907334536437199
6.79,-0.067365930066362545,-1.9300715983610355,1.3142298087966926,-0.76783559964998527,-1.8057955811797601,-0.70274075160579941,-0.28426940589700567,1.2071532740289337,1.0884582511810619,1.0323854382745938,0.88690998824868228,0.3024166566006653,-2.3471490822948828,0.053534298872009216,0.6874365133060345,-1.0869810320354758,-0.91912615481688753,-0.24480558891508816,-2.5909520947310343,-4.2012586855315366,-24.894634218909296,-2.4583351862132345,0.40199027760987599,0.056047500883529923
6.7999999999999998,-0.070325367940747119,-1.9179984517428794,1.3251480460470166,-0.75756614562931113,-1.7969732330754895,-0.69972849174703533,-0.30755604902213002,1.2073696445629272,1.0951169692900669,1.0215001210544765,0.87748038737953171,0.30006880935440128,-2.309877713541761,-0.010307900007523739,0.64409917845322495,-1.0901282767870648,-0.96667247188077987,-0.22470953633889512,-2.5504961506185007,-6.19295616982747,-25.572460147834072,-2.4457255350149985,0.40172089146089696,0.052866003479930805
6.8099999999999996,-0.07351577864809089,-1.9059263380934564,1.3361306829257225,-0.74740570681909124,-1.7882475459372205,-0.69673870024312812,-0.33046098488817327,1.2069462445601657,1.1013361190486617,1.0105819196675119,0.867579051246821,0.29792350537310081,-2.270813807899116,-0.074411525147217814,0.5995271835157302,-1.0935614196333254,-1.0134650818368007,-0.20430164092702088,-2.5143772082386868,-8.1645818188561492,-26.236763279856355,-2.429780919672472,0.40071225714081254,0.049538131082851711
6.8200000000000003,-0.076933256112538317,-1.8938616673593704,1.3471732624566077,-0.73735462670837149,-1.7796231986226743,-0.69376933654061879,-0.35296647578179408,1.2058807089519148,1.1071034865739391,0.99962786968709005,0.85721375948445788,0.29598372160369696,-2.2299951285914617,-0.13872666987557197,0.55374732241832225,-1.0973014305412623,-1.0594555947084643,-0.18361023108316876,-2.481099586379115,-10.114015422872669,-26.886624274447037,-2.4105291096978698,0.39895316087773036,0.046074046895082023
6.8300000000000001,-0.080573718792323418,-1.8818108706359804,1.3582712068892935,-0.72741327946691869,-1.7711047897862193,-0.69081833173608587,-0.375055168525746,1.2041711736981695,1.1124071334024122,0.98863480061376141,0.84639277185903616,0.29425215079603434,-2.1874608136179901,-0.20320304262707115,0.50678788207197856,-1.1013685489556009,-1.1045963828479295,-0.16266381276635958,-2.4491779311973709,-12.03915955419397,-27.521146900577858,-2.3880080360548042,0.39643553070207643,0.04248473190975928
6.8399999999999999,-0.084432913593265768,-1.8697803951386174,1.369419820527759,-0.71758207196890855,-1.7626968331165471,-0.68788359142648703,-0.39671010804482082,1.2018162794105589,1.1172354113257004,0.97759934333364884,0.83512482038053182,0.2927311998791215,-2.1432513392005945,-0.2677900122247775,0.45867862326706127,-1.1057822533128046,-1.1488406340016935,-0.14149103911529295,-2.4171554943367961,-13.937947964606838,-28.139463514900161,-2.3622661152528823,0.39315462324607925,0.038781909467547823
6.8499999999999996,-0.088506419916079729,-1.8577766991398441,1.380614292706251,-0.70786144574051924,-1.7544037526558782,-0.68496299857421805,-0.41791475056063265,1.1988151745202278,1.1215769770270332,0.96651793787708318,0.82341910088655146,0.29142298864151767,-2.0974084821100116,-0.33243665359528429,0.40945075994652813,-1.1105612314879485,-1.1921424035251764,-0.12012068000255481,-2.3836216889030837,-15.808354134340698,-28.740740509328159,-2.3333624884252013,0.38910917975210735,0.034977962712662902
6.8600000000000003,-0.09278965383372921,-1.8458062468773373,1.391849700910488,-0.69825187882848538,-1.7462298782059287,-0.68205441638384823,-0.43865297640418627,1.1951675179865893,1.1254208065024516,0.95538684146797526,0.81128526410893176,0.29032934871639987,-2.0499752809052305,-0.39709179387235827,0.35913693687467463,-1.1157233522091214,-1.2344566656898461,-0.098581591549467537,-2.3472286757467593,-17.648399889263224,-29.324183661477377,-2.3013671681741323,0.38430154871007305,0.031085845902897698
6.8700000000000001,-0.097277872394945841,-1.8338755034369894,1.4031210140419348,-0.68875388758674161,-1.7381794408257598,-0.67915569118747732,-0.45890910243555949,1.1908734815432811,1.1287562092507362,0.94420213685404686,0.7987334062320337,0.28945182287155047,-2.0009959961222945,-0.46170405884520793,0.30777120571854244,-1.1212856374730302,-1.2757393640274497,-0.076902685632390111,-2.3067067507469785,-19.456163999858607,-29.8890433217734,-2.266361087379662,0.37873777305247081,0.027118990609574154
6.8799999999999999,-0.10196617804995176,-1.8219909296158698,1.4144230958227646,-0.67936802837839583,-1.7302565684265352,-0.67626465533566882,-0.47866789406039084,1.1859337514780974,1.1315728422163074,0.93295974090777767,0.7857740589526313,0.28879166460419398,-1.950516069449344,-0.52622191970698518,0.25538899956076272,-1.1272642359942862,-1.3159474606570858,-0.055112899411110493,-2.2608783262377967,-21.229790673827409,-30.434619372584642,-2.2284360457060606,0.37242764038050491,0.023091207906853057
6.8899999999999997,-0.10684952319427166,-1.8101589767697419,1.4257507083389347,-0.67009489919039578,-1.7224652814681383,-0.67337913009091499,-0.49791457683318657,1.1803495299441311,1.1338607234694893,0.92165541348755953,0.77241817905183452,0.28834983804031755,-1.898582081926075,-0.59059374005851195,0.20202710586445227,-1.1336743977198724,-1.355038984541614,-0.033241164910136754,-2.2086703258776832,-22.967497853838772,-30.960265897417194,-2.1876945511842556,0.36538469526472495,0.019016587695120279
6.9000000000000004,-0.11192271482648546,-1.7983860816498132,1.4370985157187004,-0.66093514115831031,-1.7148094887624634,-0.67049692852058063,-0.51663484763791578,1.174122535799774,1.135610245608752,0.91028476654822865,0.75867713749004451,0.28812701813777647,-1.8452417112061534,-0.65476782312218074,0.14772363791214632,-1.1405304494390875,-1.3929730786212469,-0.011316378683361619,-2.1491248415610764,-24.667585233104695,-31.465395501998035,-2.1442495559539116,0.35762621324665722,0.01490939632957888
6.9100000000000001,-0.11718041931562771,-1.7866786612334584,1.4484610879436852,-0.65188943999882687,-1.7072929833880921,-0.66761585838631454,-0.53481488543669875,1.1672550049757369,1.1368121888698535,0.89884327348994719,0.74456270803637048,0.28812359119222036,-1.7905436879223064,-0.71869245912060076,0.092518004742627655,-1.1478457715179244,-1.4297100457733765,0.010632628407468977,-2.08140793276494,-26.32844190398712,-31.94948323387753,-2.0982240869844024,0.34917313675219669,0.010783973732586688
6.9199999999999999,-0.12261716727388239,-1.7750431075536279,1.4598329047895322,-0.64295852734759262,-1.6999194387209491,-0.66473372502687911,-0.55244136157785051,1.1597496903676301,1.1374577339269107,0.88732627873395153,0.73008705544453123,0.28833965564453307,-1.7345377511943754,-0.78231597277437237,0.036450879610855094,-1.155632775785941,-1.4652113935487185,0.032577121270183661,-2.004816482312429,-27.948553558760068,-32.412070052913002,-2.0497507743200769,0.34004997370109913,0.0066546311568444864
6.9299999999999997,-0.12822735853011527,-1.7634857825317249,1.4712083598929462,-0.63414318200022723,-1.6926924045854266,-0.66184833423141098,-0.56950144965486027,1.1516098612531742,1.1375384743708024,0.87572900751358462,0.71526272318774231,0.28877502318819892,-1.6772746033215402,-0.84558677087303646,-0.020435833001933246,-1.1639028846021191,-1.4994398776352409,0.054488490485437774,-1.9187830571821884,-29.526509166838643,-32.852765811523319,-1.9989712810758067,0.33028466014858882,0.0025355507368919443
6.9400000000000004,-0.13400526719971989,-1.7520130128186755,1.4825817649418587,-0.62544423105439795,-1.6856153035302979,-0.65895749510011881,-0.58598283490841341,1.1428393022335241,1.1370464288505666,0.86404657586867795,0.70010262076547303,0.28942922017471756,-1.6188058637004408,-0.90845338987345359,-0.078099031799628446,-1.1726665111250718,-1.5323595440028106,0.07633828200599635,-1.8228787579422181,-31.06100705916645,-33.271251710798936,-1.9460356410073958,0.31990838881420786,-0.0015593120805821557
6.9500000000000002,-0.13994504684616665,-1.7406310846489754,1.4939473539852557,-0.61686255095097753,-1.6786914272336597,-0.65605902288943974,-0.60187372316388232,1.1334423116986616,1.1359740528636635,0.85227400083108051,0.68462001059560151,0.29030148931485211,-1.5591840220117659,-0.97086454347933893,-0.1364944544740653,-1.1819330408117232,-1.5639357696825371,0.098098226622368029,-1.7168140748903291,-32.550860357864288,-33.667282206252068,-1.8911015109654574,0.30895540583024445,-0.0056163222000201463
6.96,-0.14604073572957924,-1.7293462387124523,1.5052992878591056,-0.60839906841244473,-1.671923933040959,-0.65315074183871735,-0.61716284929722021,1.1234236998172782,1.1343142501814103,0.84040621078898559,0.66882849450574289,0.29139079167325604,-1.4984623907183221,-1.0327691701560828,-0.1955767148678654,-1.19171081416707,-1.5941353021366331,0.11974026916557638,-1.6004378023090591,-33.99500169756876,-34.040686345043341,-1.8343333468796814,0.29746277846896663,-0.0096222536836370991
6.9699999999999998,-0.15228626213757354,-1.718164665048509,1.5166316587246489,-0.60005476127680202,-1.6653158406400586,-0.65023048797547667,-0.63183948522256539,1.1127887860520274,1.1320603838961054,0.82843805601739517,0.65274199983813674,0.29269580895368486,-1.4366950569184398,-1.0941164805345853,-0.25529934146422345,-1.2020071107664565,-1.622926297175705,0.14123659741796346,-1.4737340937078602,-35.392487193927224,-34.391368524747527,-1.7759015130873823,0.28547013697774104,-0.013564372841125303
6.9800000000000004,-0.15867544979356488,-1.7070924979675803,1.527938494715217,-0.591830659225418,-1.6588700288771183,-0.64729611189641112,-0.64589344739534083,1.1015433962014896,1.1292062870767978,0.81636431936195764,0.63637476518276459,0.29421494607174498,-1.3739368335988,-1.1548560046582241,-0.31561481716935624,-1.2128281345702416,-1.6502783553822482,0.16255967070347796,-1.3368177698974142,-36.742499624318441,-34.719308671962132,-1.7159813357931859,0.27301939395842034,-0.017430514842680725
6.9900000000000002,-0.16520202333765602,-1.6961358110045308,1.5392137646876061,-0.58372784440330017,-1.6525892327169474,-0.64434548152120996,-0.65931510382506953,1.0896938589706329,1.1257462730208601,0.80417972706305085,0.61974132575391438,0.2959463340118112,-1.3102432103315418,-1.2149376390268691,-0.37647462035174045,-1.2241790005495803,-1.676162557000318,0.18368224812904566,-1.1899280176725673,-38.044350795821025,-35.024561847144255,-1.6547521122097359,0.26015444496857626,-0.021209153204574879
7,-0.17185961387517576,-1.6853006119086933,1.5504513830738791,-0.5757474519305027,-1.6464760403513057,-0.64137648481642007,-0.67209538059256624,1.0772470020720513,1.121675145089098,0.79187895970705002,0.60285649842562949,0.2978878329645121,-1.2456703034608481,-1.2743116933922671,-0.43782926710097647,-1.2360637226402844,-1.7005514952533762,0.20457741644921185,-1.0334206393002563,-39.297483085589363,-35.307257289831334,-1.5923960874704162,0.24692085419493742,-0.02488946161168399
7.0099999999999998,-0.17864176458789946,-1.6745928376752302,1.5616452148294042,-0.56789067030342233,-1.6405328904584875,-0.63838703248653839,-0.68422576786663936,1.0642101478606687,1.1169882061122947,0.7794566632912987,0.58573536644202007,0.30003703574085333,-1.1802748058245718,-1.3329289372591004,-0.49962835466780575,-1.2484852030406173,-1.7234193080535676,0.22521861752654795,-0.86775903155374945,-40.501470148910677,-35.567596925709651,-1.5290974117184908,0.23336552915327907,-0.028461367660496333
7.0199999999999996,-0.1855419364029077,-1.6640183496224696,1.5727890804727536,-0.56015874168494384,-1.6347620696173659,-0.63537506062960114,-0.69569832541586807,1.0505911085051058,1.1116812673576277,0.76690746038934798,0.56839326381866273,0.30239127145881428,-1.1141139360570342,-1.3907406460463296,-0.56182060604537731,-1.2614452228671844,-1.7447417080676142,0.24557967536079006,-0.69350408743834524,-41.656016800142645,-35.805853363710654,-1.4650410898631034,0.21953638840503362,-0.031915598226913325
7.0300000000000002,-0.19255351371402138,-1.653582928519832,1.58387676121302,-0.55255296208248894,-1.6291657098788974,-0.63233853335456358,-0.70650568761150623,1.0363981806993183,1.105750657043745,0.75422596140279463,0.55084575945169822,0.30494760949796951,-1.0472453875192818,-1.4476986468637063,-0.62435391565072629,-1.2749444341817022,-1.7644960111061438,0.26563482266017768,-0.51130322386120552,-42.760958081290575,-36.022367417325398,-1.4004119363554897,0.20548202625129192,-0.035243716283470367
7.04,-0.19966981015071511,-1.6432922697709151,1.5949020041599922,-0.54507468141315885,-1.6237457864979223,-0.62927544535780999,-0.71664106791802895,1.0216401399185697,1.0991932283936749,0.74140677588592108,0.53310864095155808,0.30770286371742256,-0.97972727690337913,-1.5037553638586854,-0.68717539606418554,-1.2889823533999618,-1.7826611628050344,0.28535872692896069,-0.32187874426328134,-43.816257542021546,-36.217545189536722,-1.3353935469895659,0.19125137827343713,-0.038438149108355399
7.0499999999999998,-0.20688407438935141,-1.6331519786562834,1.6058585276124944,-0.53772530345534308,-1.6185041158279372,-0.62618382445619269,-0.72609826286827783,1.0063262342242849,1.0920063672152791,0.72844452392934567,0.51519789821850981,0.31065359693209849,-0.91161809255775283,-1.5588638630892842,-0.75023142578317215,-1.3035573560926754,-1.7992177635692015,0.30472651604554674,-0.12601574671277047,-44.82200476329362,-36.391854765106899,-1.2701672991843866,0.17689339144115968,-0.041492207941887599
7.0599999999999996,-0.21418949600158441,-1.6231675656404445,1.6167400264201328,-0.5305062856862337,-1.6134423533813298,-0.62306173407403187,-0.73487165552067024,0.99046617762271449,1.084187998999222,0.7153338475885993,0.4971297067776202,0.31379612564215081,-0.84297664258058658,-1.6129778968787845,-0.81346769794570895,-1.3186666731865795,-1.8141480917509114,0.32371380330630184,0.075450214683873584,-45.778412164379262,-36.545822557375082,-1.2049113914804084,0.16245670230864745,-0.044400099253230504
7.0700000000000003,-0.2215792113347379,-1.6133444417474452,1.6275401774135683,-0.52341913900490677,-1.6085619920573897,-0.61990727568158499,-0.74295621839636905,0.97407014298283179,1.0757365955250997,0.70206942234373038,0.47892041089082438,0.31712652501005012,-0.77386200272851591,-1.6660519476088307,-0.87682926997799704,-1.3343063885724058,-1.8274361250368321,0.34229671191069,0.2816455137155795,-46.685811139795973,-36.680029359190144,-1.1397999320998817,0.14798932657488614,-0.04715692787953657
7.0800000000000001,-0.22904630941894036,-1.6036879140094724,1.6382526448983485,-0.51646542734069989,-1.6038643605402441,-0.61671859118252603,-0.75034751589482174,0.95714875451929304,1.0666511809666379,0.68864596857573079,0.46058650646421495,0.32064063407961779,-0.70433346418809617,-1.718041270907688,-0.94026061411912454,-1.3504714381249929,-1.8390675600196118,0.36045189886387197,0.49167069006630432,-47.544647578432439,-36.795106149124159,-1.0750020854083551,0.13353836300113622,-0.049758692390178078
7.0899999999999999,-0.23658383789581161,-1.5942031809927653,1.648871086207262,-0.50964676714680457,-1.5993506218686611,-0.61349386524805216,-0.757041706186524,0.93971307984669872,1.0569313374874689,0.67505826304570327,0.44214462376875008,0.32433406123108843,-0.63445048125730874,-1.7689019381912578,-1.0037056687752404,-1.367155610139172,-1.8490298299319199,0.37815657827369648,0.70461236330675037,-48.355476821946688,-36.891729704703238,-1.0106812839962631,0.11914971436504548,-0.052202273109203917
7.0999999999999996,-0.24418480896345623,-1.5848953284051124,1.6593891573060582,-0.50296482677910737,-1.5950217721795077,-0.61023132759528242,-0.76303554258234096,0.92177462161187529,1.046577210319402,0.66130115036255821,0.42361150999295183,0.32820218986600425,-0.56427261898473768,-1.8185908785146996,-1.0671078906542286,-1.3843515471835399,-1.8573121205226291,0.39538854401949625,0.9195546606946895,-49.118958123262388,-36.970618074088847,-0.94699451290451642,0.10486782779400788,-0.054485413298869939
7.1100000000000003,-0.25184220533253188,-1.5757693247890923,1.6698005184473415,-0.49642132576047837,-1.5908786396264394,-0.60692925520768626,-0.76832637437921569,0.90334530871124274,1.0355895123156829,0.64736955442511179,0.40500401164613536,0.33224018431558361,-0.49385950081375729,-1.8670659196935131,-1.1304103076313663,-1.4020507493726586,-1.8639053840569484,0.41212619177089371,1.135590014689223,-49.835848668720487,-37.03252595650774,-0.88409167127355237,0.090735456467525039,-0.056606694065548475
7.1200000000000001,-0.25954898618815464,-1.5668300173051992,1.6800988398673298,-0.49001803393082177,-1.5869218834752306,-0.60358597449534213,-0.77291214718252998,0.8844374871008176,1.023969527972133,0.63325848982436417,0.38633905683115088,0.3364429959659247,-0.423270756279229,-1.914285828653175,-1.1935555722951878,-1.4202435790567065,-1.8688023514241026,0.42834854033541908,1.3518292058476142,-50.506997229141227,-37.078240039827165,-0.82211501542932885,0.076793444316758872,-0.058565503596185516
7.1299999999999999,-0.26729809315242198,-1.5580821276088592,1.690277807520151,-0.48375677048335608,-1.5831519933769442,-0.60019986339287879,-0.77679140270590663,0.86506391020671358,1.011719116909632,0.61896307319177057,0.36763363740553595,0.34080536959324864,-0.35256596880384794,-1.9602103509675128,-1.2564860161223308,-1.4389192669260513,-1.871997542338274,0.44403525231452273,1.5674105476896654,-51.133337505782706,-37.108574341096457,-0.76119868615772468,0.063080534985792247,-0.060362001368775321
7.1399999999999997,-0.27508245624231731,-1.5495302478253117,1.700331128844236,-0.47763940288775486,-1.579569288819977,-0.59676935339305393,-0.77996327804965693,0.84523772894450233,0.99884071681195974,0.60447853447947142,0.34890479105023886,0.34532184990216913,-0.28180462364143516,-2.0048002495464896,-1.3191437042290814,-1.4580659195266019,-1.8734872736204959,0.45916665404825124,1.7815081316568953,-51.715881236969807,-37.124365592717041,-0.70146832168588824,0.049633205959836196,-0.061997078004158282
7.1500000000000004,-0.28289499981780852,-1.5411788366262151,1.7102525385553493,-0.47166784570086673,-1.57617391876179,-0.59329293151395779,-0.78242750445959497,0.82497248135609769,0.98533734581341548,0.58980022815827626,0.33016958326519569,0.34998678825976109,-0.21104605601398901,-2.0480173424349042,-1.381470490646737,-1.4776705281803515,-1.8732696655511356,0.47372375482961759,1.9933390719621766,-52.255711130092173,-37.126468713261865,-0.64304075670610916,0.036485528416202187,-0.063472311439242812
7.1600000000000001,-0.29072864851493091,-1.5330322154117626,1.7200358044607129,-0.46584405926594008,-1.5729658614409778,-0.58976914219793064,-0.7841844055683943,0.80428208187326999,0.97121260433132461,0.57492364431948118,0.31144508931104525,0.35479434961804807,-0.14034939948937866,-2.0898245396844097,-1.4434080740671786,-1.497718979303859,-1.871344646284741,0.48768826537043303,2.2021697114448782,-52.753973681808702,-37.115752397952491,-0.58602380666512488,0.023669053019578307,-0.064789920104014492
7.1699999999999999,-0.29857633315872634,-1.5250945646019807,1.729674733288681,-0.46017004830135777,-1.5699449243701002,-0.58619658914034323,-0.78523489512210221,0.78318081021720065,0.9564706763389399,0.55984441966654053,0.29274837611639359,0.35973851961734343,-0.069773534645852342,-2.1301858792620947,-1.5048980540046264,-1.5181960661160281,-1.8677139543209884,0.50104261550124984,2.4073207700860135,-53.211871946725978,-37.093094859516782,-0.53051613551423238,0.011212721568088037,-0.065952713777127511
7.1799999999999997,-0.30643099665087065,-1.5173699200408179,1.7391631765283111,-0.45464786038007077,-1.5671107445095391,-0.58257393704647342,-0.78558047419494303,0.76168329994394268,0.94111633007488171,0.54455834838274719,0.27409648417013344,0.36481311186267817,0.00062296193023732977,-2.1690665619596254,-1.565881987318583,-1.5390855017248422,-1.8623811390275264,0.5137699710887017,2.6081714372110283,-53.630658311640026,-37.059379745702529,-0.47660720418729285,-0.00085719589537577509,-0.066964042778270269
7.1900000000000004,-0.31428559982690935,-1.5098621695165106,1.7484950362732019,-0.44927958430102866,-1.5644627886224238,-0.57889991331478541,-0.7852232278959439,0.73980452664592911,0.92515491818577922,0.5290613928612149,0.25550640941828001,0.37001177536542801,0.070781868267903794,-2.2064329852680555,-1.6263014450428459,-1.5603699335813241,-1.8553515592125838,0.52585425015449316,2.804162426291728,-54.011627328736672,-37.015492255208443,-0.42437729625286968,-0.012517139158422657,-0.067827746130784128
7.2000000000000002,-0.32213312727803795,-1.5025750494016021,1.7576642710639185,-0.44406734835405826,-1.5620003538104827,-0.57517330964500024,-0.78416582157141224,0.71755979582003859,0.90859237729931097,0.51334969428352628,0.23699508518482462,0.37532800214207718,0.14064536721084789,-2.2422527761843107,-1.6860980694648593,-1.5820309592874404,-1.8466323797472493,0.53728013818104958,2.9947980273806047,-54.356108657035904,-36.962315469308422,-0.37389761648048592,-0.023746271991366585,-0.068548099296148787
7.21,-0.32996659313240584,-1.4955121414159047,1.7666649017232876,-0.43901331847976177,-1.5597225682304854,-0.57139298356942525,-0.78241149650772845,0.6949647304130715,0.89143522702543532,0.4974195830335939,0.21857936413610851,0.38075513496191427,0.21015609614770508,-2.2764948229163284,-1.7452136313992446,-1.6040491437431637,-1.836232566239373,0.54803310258968752,3.1796472063668633,-54.665460156930628,-36.900726912072905,-0.32523045747188856,-0.034526473475915948,-0.069129762043952284
7.2199999999999998,-0.33777904679096316,-1.4886768695155808,1.7754910171788323,-0.43411969632616598,-1.5576283919907428,-0.56755785990609964,-0.77996406513936523,0.67203525805583875,0.87369056838415593,0.48126758893342547,0.20027600030820925,0.38628637523530718,0.27925719622874839,-2.3091293054548432,-1.8035900875989774,-1.6264040376163895,-1.82416287776313,0.55809940637802424,3.3583438122894562,-54.941061178007828,-36.831595347904489,-0.27842942903646734,-0.044842307789204339,-0.069577726977878104
7.2300000000000004,-0.34556357861294168,-1.4820724969113805,1.7841367802666226,-0.42938871720395078,-1.5557166182269417,-0.56366693213238872,-0.7768279057674975,0.64878759799729846,0.85536608165873118,0.46489045128766504,0.18210163121667311,0.39191479103411347,0.34789236102528054,-2.3401277249810382,-1.8611696382476057,-1.6490741971180429,-1.8104358576502817,0.56746612090422865,3.5305859637968156,-55.184306075540839,-36.755777821173012,-0.23353974463255739,-0.054680973871332625,-0.06989726919111422
7.2400000000000002,-0.35331332554609812,-1.4757021232190024,1.7925964335107736,-0.42482264794224722,-1.5539858743563781,-0.55971926367774738,-0.77300795679496914,0.62523824775059089,0.83647002367376644,0.44828512872389442,0.16407276006807806,0.39763332523559769,0.41600588458834531,-2.3694629320800757,-1.9178947844752738,-1.6720372050631258,-1.7950658223512908,0.57612113780660057,3.6961346934778985,-55.396597986175095,-36.674116939104515,-0.19059855894922539,-0.064032236524230457,-0.070093897474407016
7.25,-0.36102147669691231,-1.4695686817443689,1.8008643048728583,-0.42042378464710506,-1.5524346235095008,-0.55571398913446535,-0.76850971048387751,0.6014039694629979,0.81701122449830121,0.43144880881603509,0.14620573809249299,0.40343480378119823,0.4835427088640547,-2.3971091537320479,-1.9737083858416362,-1.6952696931971476,-1.7780688483763827,0.58405318004780515,3.854811934237492,-55.579342888492995,-36.587438395795743,-0.14963535055791805,-0.072888340580796684,-0.070173307447775446
7.2599999999999998,-0.36868127883600449,-1.4636749369065447,1.8089348134654675,-0.41619445036486269,-1.5510611661374321,-0.55165031538528442,-0.76333920624237839,0.57730177602225041,0.7969990835744345,0.41437891747818878,0.12851674701617513,0.40931194404129806,0.55044847042351275,-2.4230420190526005,-2.0285537177280757,-1.7187473657658545,-1.7594627573287995,0.59125181207407684,4.0064979352228507,-55.733943969375552,-36.496548732315802,-0.1106723435131422,-0.08124390984701986,-0.070141336933540827
7.2699999999999996,-0.37628604183409492,-1.4580234818008502,1.8168024752242,-0.41213699265277826,-1.5498636417939891,-0.54752752264687921,-0.75750302344779341,0.55294891691177006,0.77644356527275116,0.39707312811671863,0.11102178169334505,0.41525736327714358,0.61666954646596739,-2.4472385837570747,-2.0823745285821151,-1.7424450243049112,-1.7392670990443826,0.59770744908054219,4.1511281961506672,-55.861796312467362,-36.402233325341484,-0.073724961814776169,-0.089095832558099747,-0.070003923834742049
7.2800000000000002,-0.38382914402390533,-1.452616735904624,1.824461908532341,-0.40825378105940158,-1.5488400310905159,-0.54334496542826627,-0.75100827381350421,0.52836286382776454,0.7553551938762707,0.37952937052840996,0.093736632915985135,0.4212635871909049,0.68215310005451546,-2.4696773533229477,-2.1351150969564738,-1.7663365936246895,-1.7175031328537043,0.60341136537474338,4.2886900083830266,-55.964281920622291,-36.305254594657598,-0.038802310752611008,-0.096443135104206323,-0.069767066729937155
7.29,-0.39130403748348364,-1.4474569429279589,1.8319078397925284,-0.40454720451727977,-1.5479881578216346,-0.53910207340331184,-0.74386259330747317,0.50356129607132227,0.73374504799525975,0.36174583953289258,0.076676870420381349,0.42732305855482366,0.74684712454454794,-2.4903383048266394,-2.1867202882854198,-1.7903951489640502,-1.6941938069849853,0.60835570183143339,4.4192186889417409,-56.0427650800167,-36.206350418139479,-0.0059076793243350578,-0.10328684577480679,-0.069436788343598024
7.2999999999999998,-0.39870425323650432,-1.4425461688115724,1.8391351089397476,-0.40101966865071792,-1.5473056912598937,-0.53479835219658933,-0.73607413363069674,0.47856208572882414,0.71162475441585737,0.34372100332785283,0.059857826108741727,0.43342814591036488,0.81070048716583365,-2.509202907432234,-2.2371356113414449,-1.8145929442857565,-1.6693637361278171,0.61253347243251655,4.5427935900321161,-56.098588069696106,-36.106232741509814,0.024960941859183655,-0.10962985024466676,-0.069019102001409011
7.3099999999999996,-0.40602340636519191,-1.4378862998738877,1.8461386748899822,-0.3976735930014188,-1.5467901486170246,-0.53043338408193463,-0.72765155326421016,0.45338328265433658,0.68900648138594422,0.32545361155564506,0.043294577504389718,0.4395711523281487,0.87366297171999963,-2.5262541415105209,-2.2863072743148454,-1.8389014416846661,-1.643039177179962,0.61593856988709828,4.6595339617840912,-56.133067216686555,-36.005586369209965,0.053810332503251457,-0.11547674048208098,-0.068519981132321939
7.3200000000000003,-0.41325520103159064,-1.4334790411092164,1.8529136209189296,-0.39451140817494901,-1.546438897669419,-0.52600682859313574,-0.7186040080937206,0.4280430992677276,0.6659029313423539,0.306942703070404,0.027001931458416999,0.44574432421947124,0.93568532035601704,-2.5414765163685193,-2.3341822404596195,-1.863291341878792,-1.6152480032011483,0.61856577032739835,4.7695947400344121,-56.147489293487489,-35.90506792212426,0.080651509420539641,-0.12083365870311621,-0.067945331834701944
7.3300000000000001,-0.42039343540300794,-1.4293259146388264,1.8594551599652189,-0.391535552911072,-1.5462491595452035,-0.52151842304628881,-0.70894114162122845,0.40255989518252078,0.64232733308403323,0.28818761339498006,0.010994408125666084,0.45193986019015697,0.99671927438725916,-2.5548560865706795,-2.3807082832490667,-1.8877326157520171,-1.5860196755998239,0.62041073707733996,4.873162324288109,-56.143108251764183,-35.805304947614836,0.10549919289476725,-0.12570813792694413,-0.067300968482674792
7.3399999999999999,-0.42743200647755458,-1.4254282583165216,1.8657586398526087,-0.38874847108110688,-1.5462180116701341,-0.51696798297344282,-0.69867307477342233,0.37695216167764017,0.61829343339631926,0.26918798185730108,-0.0047137747724377843,0.45814991992744869,1.05671761411461,-2.5663804668344095,-2.4258340409848418,-1.9121945369160265,-1.5553852145806841,0.62147002349150249,4.9704504037301493,-56.121142283393723,-35.706895167335148,0.12837127699823103,-0.1301089406090713,-0.066592592311186832
7.3499999999999996,-0.43436491480578959,-1.4217872244902261,1.8718195484257041,-0.38615260861557288,-1.5463423908693521,-0.51235540246724476,-0.68781039531696764,0.3512385060274118,0.59381548813209217,0.24994375839614363,-0.020108717380931691,0.46436663311062049,1.1156341976210074,-2.5760388454839163,-2.4695090708035714,-1.9366457152578322,-1.5233771678826775,0.62174107486310692,5.0616958815166315,-56.082771197682284,-35.610405848557662,0.14928830791003225,-0.13404589674363704,-0.065825772884541084
7.3600000000000003,-0.44118626910459863,-1.4184037789209163,1.8776335185938016,-0.38375041036546009,-1.5466190966218885,-0.50768065443640575,-0.67636414689111279,0.32543763570428125,0.56890825275611501,0.23045521002669012,-0.035176852823360916,0.47058210833603337,1.1734239985039114,-2.5838219964477767,-2.5116839020258133,-1.9610541314382957,-1.4900295778388786,0.62122222940062299,5.1471549397548415,-56.029134101562782,-35.516373285240192,0.16827297394865903,-0.137529742735049,-0.065005932323440319
7.3700000000000001,-0.44789029075952536,-1.4152786998601024,1.883196333277515,-0.38154431690059631,-1.5470447944646075,-0.50294379077187956,-0.66434581766844691,0.29956834246891106,0.54358697235940434,0.21072292695646255,-0.04990496197614204,0.47678844204728504,1.2300431425130927,-2.5897222897869701,-2.5523100887922787,-1.9853871723056897,-1.4553779467916077,0.61991271827354799,5.2270992797612452,-55.961327367894135,-35.425302375731846,0.18534961070583345,-0.14057196224490015,-0.064138332139943799
7.3799999999999999,-0.45447131821190612,-1.4124125772869085,1.8885039302529334,-0.37953676124862978,-1.5476160195421371,-0.49814494242375001,-0.65176732865484566,0.27364948636237002,0.51786737115100345,0.1907478283426963,-0.064280187889011575,0.48297772746118156,1.2854489430623994,-2.5937337007415802,-2.591340261933162,-2.0096116671875683,-1.4194592008977371,0.61781266472886487,5.3018125645274035,-55.880402875604616,-35.337666284848247,0.20054372435297838,-0.1431846301242008,-0.063228062508274618
7.3899999999999997,-0.46092381122723658,-1.4098058123056609,1.8935524068881073,-0.37773016557827477,-1.5483291802991734,-0.49328431938892559,-0.63864102164010195,0.24769997961533399,0.49176564143515755,0.17053116768258397,-0.078290049835627776,0.48914206348022365,1.33959993558492,-2.5958518172857947,-2.6287281800167364,-2.033693925022928,-1.382311652360998,0.6149230822805809,5.3715870829650605,-55.787366504343559,-35.253906178994505,0.21388153588983483,-0.14538026044487956,-0.062280033782083355
7.4000000000000004,-0.46724235504135764,-1.4074586167047347,1.8983380247667798,-0.37612693783051898,-1.549180562311371,-0.48836221060980584,-0.62497964681086349,0.22173877048920357,0.46529843208228566,0.15007453782812841,-0.0919224569787917,0.49527356358238345,1.3924559107024861,-2.5960738461822053,-2.6644287795243029,-2.057599772295895,-1.3439749601296576,0.61124587197574687,5.4367206485647097,-55.683176865508216,-35.174431024050399,0.22538954881935414,-0.14717165954971873,-0.061298970055505463
7.4100000000000001,-0.47342166438112043,-1.4053710126772696,1.9028572141943225,-0.37472946830159515,-1.5501663322508989,-0.48337898378421357,-0.61079635003795985,0.19578482706425071,0.43848283650284114,0.1293798756178563,-0.10516572163513156,0.50136436467892709,1.4439779461811624,-2.5943986175279456,-2.6983982240990563,-2.0812945917310293,-1.3044900890997089,0.6067838187412371,5.4975137386835629,-55.568744250989312,-35.09961743682922,0.23509414246471383,-0.14857178494740753,-0.060289404556062354
7.4199999999999999,-0.4794565873563601,-1.403542832704203,1.9071065785809715,-0.37354012618158494,-1.5512825419825762,-0.47833508508693356,-0.596104659850339,0.16985712098983127,0.41133638013347318,0.10844946611788582,-0.1180085721245271,0.50740663593113589,1.49412843764596,-2.5908265877865784,-2.7305939528174159,-2.1047433617095503,-1.2638992678651895,0.60154058681652922,5.5542668748594632,-55.444929780704719,-35.029809582050781,0.24302119289384594,-0.14959361079024169,-0.059255676651977646
7.4299999999999997,-0.48534210922008419,-1.4019737195999309,1.9110828986975261,-0.37256125605258639,-1.5525251327863692,-0.47323103880333861,-0.58091847410816144,0.14397461121189623,0.38387700744561432,0.087285946465453609,-0.13044016518995197,0.51339258751681616,1.5428711280288396,-2.5853598413011603,-2.7609747274321008,-2.1279106963649395,-1.2222459450588856,0.59552071427863162,5.6072782393837164,-55.312544729956166,-34.965319107909203,0.24919572318365965,-0.15025000058683374,-0.058201930254670797
7.4400000000000004,-0.49107335599394603,-1.4006631267207399,1.9147831367987909,-0.37179517435046816,-1.5538899397018835,-0.46806744687563256,-0.56525204638787552,0.1181562276929656,0.35612306848697378,0.065892309308239319,-0.14245009797386471,0.51931447933753905,1.5901711357255046,-2.5780020902853527,-2.7895006785370966,-2.1507608863154415,-1.1795747443281877,0.58872960666621432,5.6568415189000678,-55.1723500178297,-34.906425114445433,0.25364158453915331,-0.15055358772157301,-0.057132113398814841
7.4500000000000002,-0.49664559795617941,-1.3996103183360178,1.9182044406101335,-0.37124416579427999,-1.5553726959903329,-0.46284498836236015,-0.54911997209226271,0.092420855139833877,0.32809330496698036,0.044271905833355718,-0.15402841953770052,0.52516462965764898,1.635994981437638,-2.5687586732908967,-2.8161333506055688,-2.1732579399902621,-1.1359314179923872,0.58117352971095038,5.7032439620515945,-55.025055838249109,-34.853374150037027,0.25638116958044599,-0.15051666427683288,-0.05604997878720798
7.46,-0.50205425298931949,-1.3988143701620823,1.9213441471726811,-0.37091047978743918,-1.5569690377093826,-0.45756441881189769,-0.53253717429871017,0.066787316754176415,0.29980683589766138,0.022428448380302096,-0.16516564191157945,0.53093542366617485,1.6803106136785386,-2.5576365521513091,-2.8408357458529987,-2.1953656255057084,-1.0913627994288826,0.57285960118487178,5.7467646351812371,-54.87132141586747,-34.806380232376711,0.25743515892187929,-0.1501510785832704,-0.054959085095546575
7.4699999999999998,-0.50729488978514858,-1.3982741700583268,1.9241997865427378,-0.3707963267948966,-1.5586745083960774,-0.45222656955075341,-0.51551888935922952,0.041274358021368612,0.27128314280198396,0.00036601263258601762,-0.17585275066170145,0.53661932195281503,1.7230874329212678,-2.5446443074030678,-2.8635723668784339,-2.2170475130464395,-1.0459167542375425,0.56379578187354862,5.7876728577995475,-54.711754869730186,-34.765624891318026,0.25682230198880596,-0.1494681418579242,-0.053862798842758929
7.4800000000000004,-0.51236323090445701,-1.3979884188852219,1.9267690853411819,-0.37090387470051422,-1.5604845638529854,-0.4468323468875719,-0.49808065226585052,0.015900630552691027,0.24254205450208569,-0.021910960616789689,-0.18608121496348798,0.54220886888933795,1.7642963143698358,-2.5297921321870604,-2.8843092580382041,-2.2382670177067441,-0.99964213023346049,0.55399086568569589,5.8262267979492695,-54.546913168542531,-34.731257231907733,0.25455923284840376,-0.14847854422918424,-0.052764296645574305
7.4900000000000002,-0.51725515568934777,-1.3979556315235682,1.9290499701486938,-0.37123524514893536,-1.5623945770325496,-0.44138273123383132,-0.48023828179524836,-0.0093153240039128369,0.21360373150026488,-0.04439766413039619,-0.1958429971690038,0.54769670090780531,1.803909629335265,-2.5130918246345244,-2.9030140455073665,-2.2589874427459322,-0.95258870631976533,0.54345446891071314,5.8626722066938317,-54.3773021624149,-34.703394016796537,0.25066032166776231,-0.1471922803917434,-0.051666567691194196
7.5,-0.5219667030259364,-1.398174138054231,1.9310405707428213,-0.37179250987626888,-1.5643998430145514,-0.43587877614231185,-0.46200786544668127,-0.034355089969377146,0.18448864996613232,-0.067088923325830677,-0.20513056185774947,0.55307555466716629,1.8419012651995332,-2.4945567787432203,-2.9196559759854779,-2.2791720232115242,-0.90480714029328213,0.53219701863646884,5.8972412707012607,-54.203376677121867,-34.682119768014289,0.24513756225384914,-0.14561858508303543,-0.050572416279006285
7.5099999999999998,-0.52649407395546122,-1.3986420850974535,1.9327392231729936,-0.37257768703396654,-1.5664955840714399,-0.43032160726448943,-0.4434057441873952,-0.059200393540295299,0.1552175853436307,-0.089979195813096519,-0.21393688436036795,0.55833827509987799,1.8782466439519609,-2.4742019737509753,-2.9342059540042658,-2.2987839698832255,-0.85634891563720195,0.52022974034056957,5.9301515622467749,-54.025540658179438,-34.667486888811773,0.23800049597327871,-0.14376587852493244,-0.049484464300937461
7.5199999999999996,-0.53083363413193951,-1.3993574373106781,1.9341444726697701,-0.37359273751026789,-1.5686769548162283,-0.4247124212280986,-0.42444849701987897,-0.083833118581952429,0.12581159559216662,-0.11306257137279456,-0.2222554587454581,0.56347782333036533,1.9129227392837487,-2.4520439620152725,-2.9466365777963186,-2.3177865134904505,-0.80726628735579475,0.50756464466907814,5.9616050668681551,-53.844147353407088,-34.659515806903471,0.22925617219410646,-0.14164172193019606,-0.048405153549984113
7.5300000000000002,-0.53498191612466817,-1.4003179790436704,1.935255076384734,-0.37483956125363926,-1.5709390474275442,-0.41905248443618592,-0.40515292538542291,-0.10823532229274226,0.096292004076397916,-0.13633277237765565,-0.23008030526018963,0.5684872844572767,1.9459080922278769,-2.4281008554089545,-2.9569221736851219,-2.3361429491556969,-0.75761222690730401,0.4942145134174824,5.9917872703301773,-53.659499524078257,-34.658195140996298,0.21890914523444133,-0.13925278313167078,-0.047336747767381747
7.54,-0.53893562156400387,-1.4015213161495788,1.9360700059575811,-0.37631999360266399,-1.5732768969462967,-0.41334313178905202,-0.38553603741860504,-0.13238925072515062,0.066680382119679138,-0.15978315465947354,-0.23740597721594758,0.57335987519160903,1.9771828253329089,-2.4023923102435782,-2.9650388289578884,-2.3538166810154721,-0.70744036629244156,0.48019288472959809,6.02086628843331,-53.471849676264611,-34.663481892956156,0.2069615076431075,-0.13660481235300959,-0.046281334360475233
7.5499999999999998,-0.54269162312900054,-1.4029648779504293,1.9365884499071337,-0.37803580162682504,-1.5756854866384151,-0.40758576533056862,-0.36561503206742285,-0.15627735414867608,0.036998531236528118,-0.18340670882288404,-0.24422756731091189,0.57808895134299254,2.0067286553605572,-2.3749395107334119,-2.9709644231845038,-2.3707712669706358,-0.6568049413563336,0.4655140375306886,6.0489920254817839,-53.281400305524784,-34.675301668348126,0.1934129594748028,-0.13370262810217595,-0.045240825745323072
7.5599999999999996,-0.54624696637564196,-1.4046459193553971,1.9368098158431342,-0.3799886804826702,-1.5781597534179486,-0.40178185282041967,-0.34540728309384383,-0.17988230224015628,0.0072684650597972938,-0.20719606200713783,-0.25054071338195072,0.58266801514654454,2.0345289044983841,-2.3457651510144237,-2.9746786579468227,-2.3869704635173159,-0.60576073436314437,0.45019297521202534,6.0762953498513763,-53.088304149670847,-34.693548928390406,0.17826091305508282,-0.13055011313249154,-0.044216960290111219
7.5700000000000003,-0.54959887140453956,-1.4065615231300577,1.9367337324958538,-0.38218024978983389,-1.5806945933248107,-0.3959329262339053,-0.32493032296970137,-0.20318699908711166,-0.022487609021331571,-0.23114348009634864,-0.25634160357887631,0.58709072242290006,2.060568510080266,-2.3148934157341139,-2.9761630849443867,-2.4023782706096464,-0.5543630159031403,0.43424540858473759,6.1028872780076409,-52.892664445943694,-34.718087276585841,0.16150063255967839,-0.12715022038009127,-0.043211302857263836
7.5800000000000001,-0.55274473436713201,-1.4087086023146782,1.9363600515606996,-0.38461205003141097,-1.5832848670513464,-0.39004058019101118,-0.30420182668288659,-0.22617459798990971,-0.052247308496151695,-0.25524087037833326,-0.26162698095468545,0.59135088956419946,2.0848340328087644,-2.2823499592293777,-2.9754011324439382,-2.4169589765052324,-0.50266748619283719,0.41768773812157778,6.1288581614625173,-52.694535190534317,-34.748749783443827,0.14312540755745323,-0.1235049887507139,-0.042225244963425584
7.5899999999999999,-0.55568212880955914,-1.4110839027894662,1.935688849355186,-0.38728553898314866,-1.5859254055118683,-0.38410647031651157,-0.28323959546878863,-0.24882851604875741,-0.081988094623360208,-0.27947978465162482,-0.26639414746603213,0.59544250033902635,2.1073136634748906,-2.2481618833109236,-2.9723781300417969,-2.4306772025444174,-0.45073021582936235,0.40053703550585257,6.1542768744599181,-52.493921399982298,-34.785339352778813,0.12312675948797935,-0.11961556859243801,-0.041260004596961677
7.5999999999999996,-0.55840880685353789,-1.413684005984555,1.9347204282857788,-0.39020208817595758,-1.5886110154492075,-0.37813231153296117,-0.26206154048208558,-0.27113244852161139,-0.11168729156100954,-0.30385142277973493,-0.27064096737875287,0.59935971250944309,2.1279972281721653,-2.2123577136742623,-2.9670813317095224,-2.4434979478139605,-0.39860758606125807,0.38281102450761206,6.1791900035890448,-52.290779375560135,-34.827629133077131,0.10149467986325969,-0.11548225665378065,-0.04031662575200759
7.6100000000000003,-0.56092270021372448,-1.4165053317323637,1.9334553181223213,-0.3933629793961928,-1.5913364850723426,-0.3721198762884837,-0.24068566642394112,-0.29307038293944454,-0.1413221057182322,-0.32834663669127323,-0.27436587007395996,0.60309686425350917,2.1468761920032882,-2.1749673749585212,-2.9594999370951354,-2.4553866336461359,-0.34635622863797527,0.36452806120765591,6.2036210439742874,-52.085016973290394,-34.875362977360027,0.078217898800724384,-0.11110454028829786,-0.0393959777561146
7.6200000000000001,-0.56322192105118229,-1.4195441412598426,1.9318942770779095,-0.3967694012281493,-1.5940965897190713,-0.3660709927213352,-0.21913005513965775,-0.31462661296541988,-0.17086964531113796,-0.35295593482401222,-0.2775678522507769,0.60664848038687702,2.1639436612791232,-2.1360221644756883,-2.9496251110536851,-2.4663091479041666,-0.29403296530115591,0.34570711359068135,6.2275696101212104,-51.876493883738334,-34.928255954847202,0.053284182311677364,-0.10648115062717194,-0.038498754484936046
7.6299999999999999,-0.56530476266274887,-1.4227965403179763,1.9300382926922552,-0.40042244564322238,-1.5968860975376764,-0.35998754276327632,-0.19741284920186666,-0.33578575198482913,-0.2003069401050864,-0.37766948701057523,-0.28024647952246345,0.61000927837724772,2.1791943842111725,-2.0955547246341752,-2.937450001382532,-2.4762318890048829,-0.24169474698116686,0.32636774052948347,6.2510106728453811,-51.66502192715997,-34.985994917542563,0.026680656588058321,-0.10161012440012096,-0.037625473571934853
7.6399999999999997,-0.56716970000621969,-1.4262584824457811,1.9278885825167766,-0.4043231046401099,-1.5996997751815119,-0.35387146018387022,-0.17555223549435087,-0.35653274641281463,-0.22961096132519468,-0.40247712980278361,-0.28240188740329791,0.61317417414571651,2.1926247500999927,-2.0535990140819891,-2.922969754738618,-2.4851218096298626,-0.18939859276273915,0.30653007018271494,6.2738938369098989,-51.450365370953477,-35.048239124628488,-0.0016058426472667364,-0.09648887404234624,-0.036776475733539878
7.6500000000000004,-0.56881539006143644,-1.4299257723659224,1.9254465945998125,-0.40847226694044214,-1.6025323935103968,-0.34772472857784736,-0.15356642881143445,-0.37685288870725242,-0.25875864171688923,-0.42736837223139923,-0.28403478168422175,0.61613828764927092,2.2042327870235412,-2.0101902775958216,-2.9061815307164962,-2.4929464600764208,-0.13720152868377464,0.2862147778292492,6.2961426769850872,-51.23224127765176,-35.11462092727465,-0.031588397834379667,-0.091114265681088519,-0.035951924340326326
7.6600000000000001,-0.57024067202751272,-1.4337940695089268,1.9227140077705638,-0.41287071474416948,-1.6053787332927141,-0.34154937929777024,-0.13147365548802964,-0.39673183007435731,-0.28772689573791149,-0.45233240199733554,-0.28514643819591851,0.61889694823889674,2.2140181580307314,-1.9653650147439006,-2.8870845140678196,-2.4996740312000232,-0.085160526431790187,0.26544306316280347,6.3176541522544545,-51.010319892896916,-35.184746516144493,-0.063279616587137461,-0.085482704549976196,-0.035151805372467149
7.6699999999999999,-0.57144456735657168,-1.437858891662873,1.9196927317205303,-0.41751912054900187,-1.608233590902064,-0.3353474893342539,-0.10929213707513373,-0.4161555928549181,-0.31649263986319859,-0.47735809209008701,-0.28573870195860218,0.62144569978804898,2.2219821558469186,-1.9191609473513394,-2.8656799250445895,-2.5052733969001326,-0.03333244200248673,0.24423662707092023,6.3382981223603636,-50.784225083940825,-35.258196733529587,-0.096691220450170839,-0.079590227332826113,-0.034375927902730967
7.6799999999999997,-0.57242627962453219,-1.4421156187452886,1.9163849068814138,-0.42241804403815264,-1.6110917840023518,-0.32912117914607847,-0.087040074075728821,-0.43511058257930968,-0.34503281298370797,-0.50243400782850689,-0.28581398571848038,0.62378030558642239,2.2281276960993925,-1.8716169857982072,-2.8419710278503709,-2.5097141561017033,0.01822604561477224,0.22261764792300423,6.3579169893485359,-50.553534840218653,-35.33452795165995,-0.131833617976093,-0.073432600891348107,-0.033623925252554511
7.6900000000000004,-0.57318519423961201,-1.4465594966939015,1.9127929040986478,-0.42756792904056717,-1.6139481572151833,-0.32287261044255028,-0.064735629755756238,-0.453583599679792,-0.37332439688026536,-0.5275484143186896,-0.28537526787147099,0.62589675299426295,2.2324593090722895,-1.8227731941814165,-2.8159631371854932,-2.5129666741851842,0.069458495660033454,0.20060875739244,6.3763254917695571,-50.317781848428091,-35.413273018342871,-0.16871546482940283,-0.067005426783570937,-0.032895256966090268
7.7000000000000002,-0.57372087798938232,-1.4511856414727471,1.9089193240998852,-0.43296910056780868,-1.6167975877634251,-0.31660398392054362,-0.042396914044867152,-0.4715618508488677,-0.40134443675325798,-0.55268928432320275,-0.28442608977541839,0.6277912578526712,2.2349831300017988,-1.7726707543728688,-2.7876636228738927,-2.5150021238179829,0.12030876666942282,0.17823301583845169,6.3933106780718507,-50.076454155319439,-35.493942270675852,-0.20734321374167644,-0.060304250932282193,-0.032189211743553742
7.71,-0.57403307842733708,-1.4559890431900486,1.9047669967579932,-0.43862176193166103,-1.6196349910848447,-0.31031753695866909,-0.020041967541456637,-0.48903296003285529,-0.42907006178898205,-0.5778443065354536,-0.28297055245269159,0.62946026864563154,2.2357068879237456,-1.7213519290072268,-2.7570819125613499,-2.5157925251412481,0.17072107732102298,0.15551388727359367,6.408632086816338,-49.82899593204484,-35.576024617174497,-0.24772065724504175,-0.053324677755827478,-0.031504911468617586
7.7199999999999998,-0.57412172310009157,-1.4609645703241643,1.9003389801482828,-0.44452599194646547,-1.6224553264097386,-0.3040155412710871,0.0023112543635918793,-0.5059849790501203,-0.45647850574328264,-0.60300089425249659,-0.28101331268569585,0.63090047040975916,2.234639893087039,-1.6688600234338429,-2.7242294924765749,-2.5153107852661885,0.22064006699541669,0.13247521394326914,6.4220221610125101,-49.574808354431141,-35.658988688260912,-0.28984846619731436,-0.04606248802776234,-0.030841316455039177
7.7300000000000004,-0.57398691861647855,-1.4661069740537962,1.8956385593998997,-0.45068174222015722,-1.6252536022965016,-0.29770030052349672,0.024644897230169837,-0.52240639782380838,-0.48354712752309348,-0.6281461944391673,-0.27855957850847851,0.63210878838800377,2.2317930229478216,-1.615239346668377,-2.6891199062484716,-2.5135307370346958,0.27001085598666952,0.10914119054402027,6.4331869229747483,-49.313250613920431,-35.742284054681789,-0.33372372718179283,-0.038513759687628969,-0.03019723202517835
7.7400000000000002,-0.57362894955992705,-1.4714108926885552,1.8906692453414802,-0.45708883453787186,-1.6280248821190759,-0.29137414791388605,0.046941223165147962,-0.53828615421921278,-0.51025343174638937,-0.65326709717596143,-0.27561510409823375,0.63308239142385525,2.227178706760387,-1.5605351713806099,-2.6517687517747492,-2.5104271769997681,0.31877910529964976,0.08553633810770167,6.4418069344933944,-49.043641074162366,-35.825342513078397,-0.37933948191759287,-0.030674990783128804,-0.029571316517659593
7.75,-0.57304827724568053,-1.4768708561958923,1.8854347729414112,-0.46374695834190027,-1.6307642895003853,-0.28503944372064616,0.069182626257518587,-0.55361364347640818,-0.53657508926111508,-0.67835024548263434,-0.27218618407116896,0.63381869509282229,2.2208109087822239,-1.5047936929558652,-2.6121936761391376,-2.5059759025821458,0.36689107597053927,0.061685477578769327,6.4475385647842067,-48.765258588335108,-35.907579437619027,-0.42668427185266233,-0.022543223684701033,-0.028962090803251024
7.7599999999999998,-0.5722455383245183,-1.4824812908202853,1.8799390995431751,-0.47065566831174066,-1.6334670136857199,-0.27869857282070015,0.091351647838762054,-0.56837872722897576,-0.56248995760347986,-0.70338204550907002,-0.26827964718781278,0.63431536456827453,2.2127051101118815,-1.4480619876685383,-2.5704143685759866,-2.500153748359804,0.41429368784677284,0.037613703112559217,6.450015585611891,-48.477343992220227,-35.988395196339368,-0.47574169113326858,-0.014116169677509019,-0.028367949367269649
7.7699999999999996,-0.57122154323481222,-1.4882365237905106,1.8741864028965027,-0.47781438204785176,-1.6361283148502734,-0.27235394218031383,0.11343099155481137,-0.58257174210021656,-0.58797610137615119,-0.72834867708452344,-0.26390284947349457,0.63457031721898216,2.2028782891795391,-1.3903879700069621,-2.5264525514833123,-2.4929386214482707,0.46093457776416219,0.013346355122325636,6.4488511091794702,-48.179101787844459,-36.067176630621091,-0.52648995115037756,-0.0053923330036212067,-0.027787172993637747
7.7800000000000002,-0.56997727450485602,-1.4941307881107315,1.8681810789852276,-0.485222377862643,-1.6387435293349888,-0.26600797832127843,0.13540353823628773,-0.59618350786853369,-0.61301181252684767,-0.75323610461595603,-0.25906366676031378,0.63458172493598775,2.1913489009113429,-1.3318203491896929,-2.4803319694870058,-2.4843095359303748,0.50676215705898009,-0.011091006896802506,6.4436398798543575,-47.86970203213307,-36.143298596081493,-0.57890145985831054,0.0036288666008192777,-0.027217943060403278
7.79,-0.56851388490755483,-1.5001582274310481,1.8619277396529252,-0.49287879268217205,-1.6413080748049313,-0.25966312476519143,0.15725236055385106,-0.60920533519408537,-0.63757563050781829,-0.77803008832574494,-0.25377048665758206,0.63434801618672731,2.1781368545899142,-1.2724085849142492,-2.4320783765608076,-2.474246646294695,0.55172566835325509,-0.035672631738508466,6.4339609255989902,-47.548282444486595,-36.216125563049118,-0.63294241904555559,0.012946973851986975,-0.026658357429372358
7.7999999999999998,-0.56683269546969639,-1.5063129009930962,1.8554312100276451,-0.5007826200618537,-1.6438174553245848,-0.25332183945856379,0.17896073744570556,-0.62162903289929772,-0.66164636229686502,-0.80271619581865516,-0.24803219995829101,0.63386787779457632,2.1632634904344776,-1.2122028423799054,-2.3817195212087867,-2.4627312798434136,0.59577524155288453,-0.060372604022265491,6.4193805691392942,-47.213950746484954,-36.285013274763642,-0.6885724427134724,0.022560381345130928,-0.026106447883818763
7.8099999999999996,-0.56493519333813069,-1.5125887886461824,1.8486965257471952,-0.50893270831946102,-1.6462672663443785,-0.24698659218151378,0.20051216830463736,-0.63344691479610971,-0.68520310226049486,-0.82727981396757122,-0.2418581914897944,0.63314025644232852,2.1467515549252898,-1.151253946627083,-2.329285129718607,-2.4497459680306566,0.63886194899795556,-0.085164871867789954,6.3994557925116462,-46.865787246043382,-36.349310461462771,-0.74574419968970962,0.032466217471430039,-0.025560199038452143
7.8200000000000003,-0.56282302950534058,-1.5189797959294071,1.8417289299866699,-0.51732775878851656,-1.6486531995930158,-0.24065986194280811,0.22189038691210877,-0.64465180605341166,-0.70822525184004304,-0.85170616110712061,-0.23525833041746247,0.63216435989835262,2.1286251748981457,-1.0896133362363472,-2.2748068874960872,-2.4352744766939867,0.68093785970648613,-0.11002327467838058,6.3737379417659836,-46.502847677275263,-36.408360608598997,-0.80440308356962187,0.042660239841829643,-0.025017568615321978
7.8300000000000001,-0.56049801639698282,-1.5254797592151275,1.8345338702900833,-0.52596632419511824,-1.6509710478701229,-0.23434413436403842,0.24307937510725322,-0.65523704909842673,-0.73069253904156151,-0.875980299523901,-0.22824296001068703,0.6309396579644948,2.1089098304358993,-1.0273330164309196,-2.218318418493229,-2.4193018351423046,0.72195609265279037,-0.13492157100416616,6.3417767513802463,-46.124166306062321,-36.461503777560182,-0.86448691304506586,0.053136735235958438,-0.024476508948624506
7.8399999999999999,-0.55796212532411693,-1.5320824509090856,1.8271169952081596,-0.53484680716110433,-1.6532167097339172,-0.22804189905570627,0.26406337617890163,-0.66519650904633576,-0.75258503771053409,-0.90008714823174463,-0.22082288688116231,0.62946588314506979,2.0876323265849277,-0.96446551162695582,-2.1598552627438079,-2.4018143640647995,0.76187086902321377,-0.15983346645647481,6.303124660485107,-45.728759309875812,-36.508078477439952,-0.92592566564590384,0.063888427089164854,-0.023934989550921618
7.8499999999999996,-0.55521748380294333,-1.5387815847024524,1.8194841507445298,-0.54396745883634767,-1.6553861940786612,-0.22175564698801642,0.28482690796901894,-0.67452457865282567,-0.7738831865725555,-0.92401149602002797,-0.21300936970395734,0.62774303103657214,2.0648207639255967,-0.90106381747658548,-2.0994548520225313,-2.3827997022265932,0.80063756339265701,-0.18473264164438472,6.2573413854528281,-45.315628438733178,-36.547423586603699,-0.98864124788726471,0.074906391519126508,-0.023391020543634598
7.8600000000000003,-0.55226637274500023,-1.5455708208709882,1.8116413766127768,-0.55332637766284032,-1.6574756245967877,-0.21548786785917098,0.30535477567622893,-0.68321618278471963,-0.79456780802127724,-0.94773801476272634,-0.20481410743245246,0.62577136043803305,2.0405045080267712,-0.83718135244920444,-2.0371564836456102,-2.3622468319179708,0.83821275376645188,-0.20959278010454868,6.2039987059292336,-44.883764962304639,-36.578880323010836,-1.0525473047854921,0.08617998287511533,-0.022842676726375216
7.8700000000000001,-0.54911122352087527,-1.5524437716164785,1.8035949023069369,-0.56292150827312426,-1.6594812441206934,-0.20924104746395955,0.32563208434842505,-0.69126678240430395,-0.81462012663514249,-0.97125127297558433,-0.19624922701876696,0.62355139318222996,2.0147141578154621,-0.77287190899695424,-1.9730012924324247,-2.3401461031251856,0.8745542704332373,-0.23438759619542732,6.1426854141546956,-44.432153906098122,-36.601794262464935,-1.1175490716775793,0.097696769767603192,-0.022288122033298888
7.8799999999999999,-0.54575461490057675,-1.5593940064455776,1.7953511429882631,-0.57275064052548341,-1.6613994188393111,-0.2030176650654201,0.34564425105382568,-0.69867237806342375,-0.83402178740466792,-0.99453574960851165,-0.18732727065180055,0.62108391368825577,1.9874815128934731,-0.70818960435061551,-1.907032220849648,-2.3164892563922286,0.9096212435757578,-0.25909086292721162,6.0730123706088603,-43.95977857734124,-36.6155174041495,-1.1835432712511222,0.1094424825030913,-0.021725634100778587
7.8899999999999997,-0.54219926987386213,-1.566415057581112,1.7869166951912467,-0.58281140867817238,-1.6632266423847124,-0.196820190772376,0.36537701672001577,-0.70542951290389067,-0.85275487365214009,-1.0175758480598889,-0.1780611825256154,0.61836996823622326,1.958839539834176,-0.64318883099290247,-1.8392939873613419,-2.2912694443440875,0.94337414958752797,-0.2836764396986351,5.9946176028130802,-43.465625378656334,-36.619410282951876,-1.2504180586621301,0.12140097280851783,-0.021153628649878142
7.9000000000000004,-0.53844805235386517,-1.5735004254009168,1.7782983323520454,-0.59310129070485618,-1.664959539784082,-0.19065108292560431,0.38481645763104272,-0.71153527516119219,-0.87080192462595063,-1.0403559103993123,-0.16846429515133432,0.61541086396519662,1.9288223374930993,-0.57792420685608192,-1.7698330530098876,-2.2644812518433373,0.97577485604467007,-0.308118299912156,5.9071713787175275,-42.948688904869293,-36.61284412815219,-1.3180530175832643,0.13355418668105892,-0.020570683369897765
7.9100000000000001,-0.53450396376750908,-1.5806435838992086,1.769503000162677,-0.60361760775323903,-1.6665948712726057,-0.18451278549540717,0.40394899657279587,-0.71698730016900614,-0.88814595275202102,-1.0628602317849565,-0.15855031522623506,0.61220816759568841,1.8974651013670729,-0.51245052529137147,-1.6986975862547915,-2.2361207147534747,1.0067866652837478,-0.33239055843912146,5.8103811816736588,-42.407977315330953,-36.595203068041748,-1.3863192099794728,0.14588215114199746,-0.019975560976201387
7.9199999999999999,-0.53037013953626089,-1.5878379861655088,1.7605378117544748,-0.61435752374880936,-1.6681295359628845,-0.17840772549332137,0.42276141361739816,-0.72178377186247089,-0.9047704605250203,-1.0850730750615112,-0.14833330907424608,0.60876370387837453,1.8648040870374578,-0.44682270485770287,-1.625937426097759,-2.2061853372833595,1.0363743565374692,-0.35646749890664348,5.7039965107179995,-41.842517970951647,-36.565886379908584,-1.4550792823470806,0.15836297560736079,-0.019367231107104158
7.9299999999999997,-0.52604984545088485,-1.5950770698760715,1.7514100427145125,-0.62531804514538469,-1.669560575366666,-0.17233831040071168,0.44124085653758011,-0.72592342377862384,-0.92065945702237006,-1.106978685524336,-0.13782768767250023,0.60507955377095524,1.8308765727337883,-0.38109573897782556,-1.5516040435245451,-2.1746741078889551,1.0645042265817501,-0.38032360077814892,5.5878134279303771,-41.251363321781781,-36.524310784569629,-1.5241876310674729,0.17097286851252783,-0.018744890721225194
7.9400000000000004,-0.52154647394394071,-1.6023542627928138,1.7421271259388402,-0.63649602082407941,-1.6708851767648527,-0.16630692561693866,0.45937485084245044,-0.72940553955295717,-0.93579747402441971,-1.1285613058353621,-0.12704819127902228,0.60115805234534514,1.7957208210548619,-0.31532464550956535,-1.475750501295428,-2.1415875137097524,1.0911441288492387,-0.40393356619990256,5.461678774115966,-40.633597027417721,-36.4699127842173,-1.5934906294116953,0.18368616974278901,-0.018107982658753505
7.9500000000000002,-0.51686354026384873,-1.6096629882646736,1.7326966463265587,-0.64788814214212631,-1.672100676421836,-0.16031593192979626,0.47715130942642786,-0.73222995291144521,-0.95016958172437083,-1.1498051910759071,-0.1160098736771651,0.59700178642769874,1.7593760398851384,-0.24956441628054402,-1.3984314121180579,-2.1069275535187022,1.1162635109655361,-0.42727234658588259,5.3254939751092625,-39.988340288814015,-36.402151041769287,-1.6628269185773867,0.19647539932621239,-0.017456212037832444
7.96,-0.51200467855442933,-1.6169966707263783,1.7231263353189048,-0.65949094313285062,-1.6732045626404364,-0.15436766301086915,0.49455854182347808,-0.73439704715794352,-0.96376140401202037,-1.1706946239215101,-0.10472808605271444,0.59261359197399643,1.7218823425448413,-0.18386996663434815,-1.3197028952378793,-2.0706977491661118,1.139833450666407,-0.45031516891390538,5.1792183636884506,-39.314758366251141,-36.320508799151547,-1.7320277649369802,0.20931132273899972,-0.016789560170904431
7.9699999999999998,-0.50697363784391514,-1.6243487411895532,1.7134240652877071,-0.67130080085794008,-1.674194478653845,-0.14846442293845097,0.51158526305916752,-0.73590775415731324,-0.97655913331562427,-1.191213929923564,-0.093218460520113691,0.58799655118423244,1.6832807072130305,-0.11829608503652618,-1.2396225314831775,-2.0329031554993153,1.1618266900555096,-0.47303756170600214,5.0228719464679417,-38.612067254298992,-36.224496330998775,-1.8009174854163099,0.22216303305635415,-0.016108295705478948
7.9800000000000004,-0.50177427794747431,-1.631712642721155,1.7035978437776889,-0.68331393591299061,-1.6750682253511475,-0.142608483750608,0.52822060209348376,-0.73676355281509776,-0.98854954498667025,-1.2113474928824839,-0.081496893314535329,0.58315398935848106,1.643612935663229,-0.052897382788408678,-1.1582493168030743,-1.9935503687416121,1.1822176681641132,-0.49541538066661039,4.8565375512068556,-37.879540480655173,-36.113653429123659,-1.8693139425982583,0.2349980500537745,-0.01541298271934554
7.9900000000000002,-0.49641056528738053,-1.6390818359041792,1.6936558076072703,-0.69552641308719709,-1.6758237638331517,-0.13680208303096,0.54445410984775766,-0.73696646705507629,-0.9997200112126281,-1.2310797702968757,-0.069579527667044311,0.57808947149841339,1.6029216113520497,0.012271756103017317,-1.0756436143385293,-1.9526475333152242,1.200982551775666,-0.51742483395230965,4.6803622976974228,-37.116515991792575,-35.987551911789993,-1.9370291107485902,0.24778243622459759,-0.014704485531611505
8,-0.49088656863502717,-1.6464498042756464,1.6836062168326706,-0.7079341421778278,-1.6764592177954796,-0.13104742152970555,0.56027576680937818,-0.73651906329650663,-1.0100585144432801,-1.2503953088731072,-0.057482736380298452,0.57280679865805229,1.5612500569016052,0.077157224851314446,-0.9918671050679071,-1.9102043470950261,1.2180992644802711,-0.53904250704743595,4.4945583446934751,-36.322403084463708,-35.84579815033883,-2.003869713484812,0.26048092952989266,-0.013983970027809545
8.0099999999999998,-0.48520645477901742,-1.6538100597368688,1.6734574485802265,-0.72053287896005336,-1.6769728757359743,-0.125346660822371,0.57567599020850346,-0.73542444743331126,-1.0195536603165405,-1.2692787600795277,-0.045223104122715803,0.5673100040478567,1.5186422910170139,0.14170524356506287,-0.9069827370699336,-1.8662320650808968,1.2335475139254173,-0.56024538722019257,4.2994028760785872,-35.496689338356127,-35.688035604078969,-2.0696379332500081,0.27305709253711569,-0.013252901339311467
8.0199999999999996,-0.47937448412366063,-1.6611561479310266,1.6632179907520219,-0.7333182263124588,-1.6773631929837243,-0.11970192100873804,0.59064564076127524,-0.73368626131798509,-1.0281946900701777,-1.2877148957294444,-0.032817409459281792,0.56160334889644359,1.4751429848808693,0.20586240862296173,-0.82105467344859762,-1.8207435014785438,1.247308817231511,-0.58101088753438557,4.095237301482082,-34.638947501635492,-35.513947352590527,-2.1341321921087726,0.2854734774350593,-0.012513037763847976
8.0299999999999994,-0.47339500622222397,-1.6684816535831186,1.6528964356100255,-0.7462856354984635,-1.6776287935471577,-0.1141152784543505,0.60517602897453793,-0.7313086787534453,-1.0359714924262862,-1.3056886235769165,-0.020282606637504374,0.55569131807451777,1.4307974180668275,0.26957574170227744,-0.73414823896569437,-1.7737530301800275,1.2593665245424093,-0.60131687039239845,3.882465659611551,-33.748842277824764,-35.323258612736183,-2.1971480026536874,0.29769180623604136,-0.011766420864443392
8.0399999999999991,-0.46727245524934102,-1.6757802057973947,1.6425014732440621,-0.75943040760371128,-1.6777684717788448,-0.10858876357694022,0.61925892100748492,-0.72829640099652093,-1.0428746149358226,-1.323185002909337,-0.0076358071472967873,0.549578615485811,1.385651434014846,0.33279273841370222,-0.64632986542802595,-1.7252765836368411,1.2697058406831345,-0.62114167058553293,3.6615522264285514,-32.826136959527375,-35.11573922576887,-2.2584788870006838,0.30967316529350125,-0.011015361737758814
8.0500000000000007,-0.46101134541704197,-1.68304548330739,1.6320418849291018,-0.77274769512928754,-1.6777811938548504,-0.10312435868009721,0.63288654408602962,-0.7246546517772573,-1.0488952747709817,-1.3401892601206706,0.0051057389261364786,0.54327015923008382,1.33975139511105,0.39546141649583871,-0.55766703587784361,-1.6753316501202067,1.2783138448987987,-0.64046411782831869,3.4330183446600842,-31.870699851987119,-34.891206098012759,-2.3179173609669923,0.32137821307629955,-0.010262423498846093
8.0600000000000005,-0.45461626633890173,-1.6902712196737506,1.6215265363774349,-0.78623250374050146,-1.6776660990666659,-0.097723995836427893,0.64605159146616598,-0.72038917183868312,-1.0540253689537036,-1.3566868042492064,0.017924661737105281,0.53677107654345868,1.2931441374154362,0.45753036352310522,-0.46822822763616218,-1.6239372693647309,1.2851795086508144,-0.65926355875399123,3.1974385056948358,-30.882510427462979,-34.64952557672828,-2.375255979577009,0.33276739995261684,-0.0095104000867028936
8.0700000000000003,-0.44809187834680209,-1.697451208425089,1.610964370891413,-0.79987969417082827,-1.6774225009239254,-0.092389554822389863,0.65874722694306487,-0.71550621300210204,-1.058257484009085,-1.3726632424636798,0.030803490682401846,0.53008669852158119,1.245876925080692,0.51894878408136103,-0.37808285424958665,-1.5711140265931385,1.290293711448296,-0.67751987834894223,2.955435729323407,-29.861665149956742,-34.390615741002655,-2.4302884390420827,0.34380119854915542,-0.0087622915527855449
8.0800000000000001,-0.44144290776490158,-1.7045793081371337,1.6003644024225936,-0.81368398428035371,-1.6770498880663407,-0.087122861106968749,0.67096708890295809,-0.71001253176348744,-1.0615849050329991,-1.3881043954815264,0.04372467355267802,0.52322255463133771,1.1979974045059607,0.57966654636575643,-0.28730120639302215,-1.5168840449218008,1.2936492546947309,-0.69521352080445376,2.707676300702206,-28.808382909048131,-34.11444858589676,-2.4828107293263142,0.35444034306849692,-0.0080212760517353651
8.0899999999999999,-0.43467414214538619,-1.7116494474455282,1.5897357085431727,-0.82763995126801204,-1.6765479249834685,-0.08192568389626638,0.682705293915428,-0.70391538242698626,-1.0640016241637473,-1.4029963129031024,0.056670595812286846,0.51618436701704928,1.1495535582692977,0.6396342281561328,-0.19595439178120605,-1.4612709761480369,1.2952408735319063,-0.7123255097647182,2.4548639369977745,-27.723010001511938,-33.821052076679038,-2.5326223303631794,0.36464607577265418,-0.0072906788089210518
8.0999999999999996,-0.42779042547058838,-1.718655629987671,1.5790874233357222,-0.8417420340366788,-1.6759164525411028,-0.076799734236026498,0.69395643986411304,-0.697222509781944,-1.0655023484480701,-1.4173252884456904,0.069623599987459567,0.50897804460730534,1.100593658882689,0.69880316212571636,-0.104114274143292,-1.404299989922031,1.2950652466650598,-0.7288374679507601,2.1977334680683347,-26.60602460008765,-33.510512048846579,-2.5795274439475904,0.37438039867748329,-0.006573938391946102
8.1099999999999994,-0.4207966533261267,-1.7255919392690842,1.5684287302073299,-0.85598453571003019,-1.6751554883133508,-0.071746663174066416,0.70471560861423965,-0.68994214133037302,-1.066082507092486,-1.4310778750611872,0.082566005142630711,0.50160967702873838,1.0511662224136982,0.75712548043960082,-0.011853411315702373,-1.3459977613078908,1.2931210041555556,-0.74473163614056626,1.9370441259407591,-25.458040650279443,-33.182973928825078,-2.6233362523203483,0.38360632835468006,-0.0058745706619576302
8.1199999999999992,-0.41369776804968472,-1.732452543449823,1.5577688546343422,-0.87036162629993175,-1.674265226719569,-0.066768059984507008,0.71497836821590022,-0.6820829790721622,-1.0657382580913488,-1.4442408999213441,0.095480126424419734,0.49408552833331815,1.0013199620178024,0.81455415859994551,0.080755007490488681,-1.2863924567399443,1.2894087331690942,-0.75999089148633037,1.6735725464549751,-24.279811138425913,-32.838644249802073,-2.6638661935124621,0.39228815160935959,-0.0051961308244423462
8.1300000000000008,-0.40649875386008583,-1.739231700046576,1.5471170568439696,-0.88486734552295254,-1.6732460389656272,-0.061865450455635733,0.7247407746423804,-0.6736541908557766,-1.0644664942237239,-1.4568014792546107,0.10834829465289528,0.48641203054584231,0.95110374142539744,0.87104305849586483,0.17363722519071048,-1.2255137183820708,1.2839309816699209,-0.77459876515053672,1.408105593022865,-23.072230677496979,-32.477791937121175,-2.7009432426514852,0.40039167969546907,-0.0045421740372827268
8.1400000000000006,-0.39920463197130562,-1.7459237605461135,1.5364826244391183,-0.89949560576443477,-1.6720984727890862,-0.05704029524316389,0.73399937306332741,-0.66466540130261154,-1.062264848411612,-1.4687470330185841,0.1211528759394002,0.47859577703857376,0.90056652842754625,0.92654697061630964,0.26671898103844799,-1.1633926468995279,1.276692260053254,-0.78853945924318436,1.141433116784639,-21.836337361177058,-32.100749338087105,-2.7344031876774739,0.40788449865200804,-0.0039162150653614218
8.1500000000000004,-0.39182045569607959,-1.7525231749259056,1.5258748649728484,-0.9142401951884076,-1.6708232520081714,-0.05229398829057131,0.74275119865293693,-0.65512668231356186,-1.0591316984327899,-1.4800652993923356,0.13387629131045797,0.47064351574003693,0.84975734840426798,0.98102165538553276,0.3599255754887144,-1.1000617826543391,1.2676990407106405,-0.80179786304334777,0.8743407693922669,-20.573313841735335,-31.707912971921893,-2.7640928872974748,0.41473621329355509,-0.0033216874952354241
8.1600000000000001,-0.38435130554375285,-1.7590244960777346,1.5153030984789697,-0.92909478099145493,-1.6694212758745492,-0.047627855318164582,0.75099377693383607,-0.64504854316680682,-1.0550661709819669,-1.4907443490728092,0.14650103631689682,0.46256214218527669,0.79872523793929262,1.0344238835809973,0.45318193565366366,-1.0355550853370015,1.2569597555247189,-0.81435956848883895,0.60760298412402691,-19.28448759296618,-31.299743976989724,-2.7898714985476833,0.42091868237155533,-0.0027619030397896035
8.1699999999999999,-0.37680228431700569,-1.7654223841302916,1.5047766499653028,-0.94405291279849646,-1.667893618230178,-0.043043152382393618,0.75872512365770772,-0.6344419202161492,-1.0500681450747065,-1.5007725993598224,0.15900970060762801,0.45435869241492133,0.74751919856473481,1.0867114757949661,0.5464126812904061,-0.96990791204891025,1.2444847912922694,-0.82621088491868588,0.34197623801145388,-17.971330326022152,-30.876768234269402,-2.8116116610523441,0.42640624244053055,-0.0022400114709030597
8.1799999999999997,-0.36917851221208547,-1.7717116106667983,1.4943048418762057,-0.95910802619830837,-1.6662415264686852,-0.038541064506901125,0.76594374422420863,-0.62331816619969238,-1.044138254789041,-1.5101388280141812,0.17138498744726394,0.44604033573062807,0.69618815067919959,1.1378433409015609,0.63954219126009348,-0.90315699385140191,1.2302864830764237,-0.83733885305377076,0.078192702188319044,-16.635456533218708,-30.439576148392298,-2.8292006249847526,0.43117591801732685,-0.0017589617177549925
8.1899999999999995,-0.36148512192715243,-1.7778870628338024,1.4838969865310232,-0.97425344641641187,-1.6644664203019339,-0.034122704386707496,0.77264863264010342,-0.61168903916897299,-1.037277891340409,-1.5188321868737009,0.18360973315692233,0.43761436731459147,0.64478088768241637,1.1877795134921723,0.73249467039688831,-0.83534041079912946,1.2143791054910786,-0.84773125820186501,-0.18304562013882769,-15.278621142762319,-29.988822070356299,-2.842541309860823,0.4352076157124759,-0.0013214646593736907
8.1999999999999993,-0.35372725378331316,-1.783943747337422,1.4735623785451235,-0.98948239212287037,-1.6625698903326485,-0.029789111166841371,0.77883927002101816,-0.59956669104903648,-1.0294892044860959,-1.5268422152120666,0.19566692645756462,0.4290882007209243,0.59334603036917621,1.2364811902431287,0.82519421672507054,-0.76649756547679415,1.1967788619226929,-0.85737664267407865,-0.44107217867275988,-13.902716275740714,-29.525223349236128,-2.8515532816377513,0.43848430014077067,-0.00092995812245437806
8.2100000000000009,-0.34591005086292059,-1.7898767943233804,1.4633102872402648,-1.0047879793723109,-1.6605536964341845,-0.025541249296668928,0.78451562263859864,-0.58696365584033428,-1.020775103256033,-1.5341588528256589,0.20753972769526238,0.42046936024687498,0.54193198162520795,1.2839107651803732,0.91756488896172572,-0.69666915506015392,1.1775038716968107,-0.86626431740054277,-0.6952605064336812,-12.509767105514568,-29.049559003795643,-2.8561736361510528,0.44099214958226668,-0.00058657456959062583
8.2200000000000006,-0.33803865416966739,-1.7956814611373155,1.4531499490510389,-1.0201632256733832,-1.6584197659387219,-0.021380007461080364,0.78967813951630839,-0.57389283747363673,-1.0111392560074131,-1.5407724528337008,0.21921148792788722,0.41176547319194395,0.49058688146708956,1.3300318638070721,1.0095307742423003,-0.62589714192361889,1.1565741551987623,-0.87438437273400327,-0.94502813160747079,-11.101926828714431,-28.562668008806302,-2.856357777700234,0.442720689563467,-0.00029311192927404875
8.2300000000000004,-0.3301181978149455,-1.8013531359619637,1.4430905599341401,-1.035601054184764,-1.6561701916353653,-0.017306197589602387,0.79432774957754071,-0.56036749732947266,-1.0005860898011651,-1.5466737941773121,0.23066576785283174,0.40298426201305582,0.43935856246779553,1.3748093760612541,1.1010160560061681,-0.55422472281807789,1.1340116169600531,-0.88172768843085636,-1.1898397216958632,-9.6814707662496584,-28.065447195023104,-2.8520800825771846,0.4436629027587693,-5.1007977875017554e-05
8.2400000000000002,-0.32215380423495932,-1.806887341327893,1.4331412677872801,-1.0510942980345481,-1.6538072295798467,-0.013320553944452704,0.79846585835006023,-0.54640124143398905,-0.98912078909907231,-1.551854093803311,0.24188635655548227,0.39413353638408322,0.38829450560931522,1.4182094880713991,1.1919450819784934,-0.4816962966446649,1.1098400267241997,-0.88828594279998629,-1.4292094266164204,-8.2507896219436763,-27.558848766097363,-2.843334438508172,0.44381531387093398,0.00013868136397041965
8.25,-0.31415057944299807,-1.8122797374946424,1.4233111648845278,-1.0666357047598598,-1.6513332967177317,-0.0094237322884429577,0.80209434423129067,-0.53200800734339904,-0.97674929378084685,-1.5563050185188325,0.25285729005831481,0.38522118516807613,0.33744179660306101,1.4601997126793509,1.2822424321850063,-0.40835743085112225,1.0840849985077898,-0.89405162101063085,-1.6627024037395652,-6.8123819354404631,-27.043877440122458,-2.8301346523304853,0.44317804843229014,0.00027529951177150333
8.2599999999999998,-0.30611360832121776,-1.817526125699189,1.413609280334879,-1.0822179408633115,-1.6487509683232036,-0.0056163091335534529,0.80521555431931813,-0.51720205072947978,-0.96347829648113659,-1.5600186965031311,0.26356286965061893,0.37625516831066141,0.28684708271824239,1.5007489187009064,1.3718329869359012,-0.33425482647916255,1.0567739676745824,-0.8990180225514125,-1.8899355243351721,-5.3688457747704028,-26.521587227943634,-2.8125147197241693,0.44175486477075609,0.00035860222411737003
8.2699999999999996,-0.29804794995626799,-1.8226224512688345,1.4040445725708506,-1.0978335964828017,-1.6460629752557343,-0.0018987810709382782,0.80783229981486893,-0.50199793167888862,-0.94931523924713745,-1.5629877284632638,0.27398767997915757,0.36724350866310801,0.23655653015794106,1.5398273588957681,1.4606419947150533,-0.25943628189265183,1.0279361660426554,-0.90317926783350722,-2.1105772771328462,-3.92286972224389,-25.993077864723201,-2.7905289524399364,0.43955315870125716,0.00038876594826391629
8.2799999999999994,-0.28995863302303188,-1.8275648065957106,1.394625921873895,-1.1134751901710376,-1.6432722010371319,0.0017284358169824862,0.8099478509999577,-0.48641050071936404,-0.9342683095180524,-1.5652051984205682,0.28411660688013701,0.35819428374367546,0.18661578202200346,1.5774066966196791,1.5485951399105833,-0.18395065521782863,0.99760259504662452,-0.90653030393182576,-2.3243469002884924,-2.4772232150374194,-25.459490915458243,-2.7642519601748474,0.43658394082807339,0.00036639138171125699
8.2899999999999991,-0.28185065122064945,-1.8323494339702255,1.3853621229434037,-1.1291351737810276,-1.6403816787516297,0.0052650064617797646,0.81156593179926551,-0.47045488458608847,-0.91834643542828009,-1.566664684115233,0.29393485493313898,0.34911561744589104,0.1370699168950559,1.6134600311328506,1.6356186103229904,-0.10784782552815604,0.96580599697889247,-0.90906690945899749,-2.5310127876281996,-1.0347463088069713,-24.922005579115144,-2.7337784860140446,0.43286178667107328,0.00029250219398236667
8.3000000000000007,-0.27372895876500358,-1.8369727282709469,1.3762618775160407,-1.1448059374536577,-1.637394587771916,0.0087106772311184143,0.8126907139306685,-0.45414647174178685,-0.90155928043692346,-1.5673602670166031,0.30342796471803124,0.34001567170241936,0.087963408097495283,1.6479619215401771,1.7216391643871394,-0.031178652807751953,0.93258082433606626,-0.910785698567803,-2.7303902282760237,0.40166106120670619,-24.381834219700082,-2.6992230961448396,0.4284047601527306,0.00016853892021379338
8.3100000000000005,-0.26559846594172876,-1.8414312395084951,1.3673337870421549,-1.1604798147033293,-1.6343142503141577,0.012065276267313177,0.81332681065175128,-0.43750089766438638,-0.88391723728678284,-1.5672865419271425,0.31258182975592935,0.33090263811330772,0.039340083636521125,1.6808884093398122,1.8065841980442603,0.046005063271128861,0.89796320729858914,-0.91168412407863675,-2.9223385503765722,1.8290502419192656,-23.840217655859938,-2.6607197263236966,0.4232343112973444,-3.6518950429550306e-06
8.3200000000000003,-0.25746403472372442,-1.8457216752212238,1.3585863454259148,-1.1761490875975982,-1.6311441278252627,0.01532871374203317,0.81347927010948617,-0.4205340299161951,-0.86543142129659878,-1.5664386261683967,0.32138271311578165,0.32178472954731258,-0.0087569131066819791,1.7122170395583673,1.8903818112009667,0.12365062572031058,0.86199091937349337,-0.91176047972947727,-3.1067577493576861,3.2444353631784821,-23.29842024343516,-2.618421089301862,0.41737514929324204,-0.00022183316036186729
8.3300000000000001,-0.24933047445714665,-1.8498409027205502,1.3500279318358583,-1.1918059920264963,-1.6278878172058364,0.018500982026914029,0.81315356830061358,-0.40326195300893042,-0.84611366299107915,-1.5648121683376368,0.32981726366829645,0.31267017172515077,-0.056285161917831256,1.7419268804519208,1.9729608737116691,0.20170448371929736,0.82470334123239919,-0.91101390154673578,-3.2835846888566169,4.6448050906781955,-22.75772478773165,-2.5724979490599154,0.41085509234781625,-0.00048339710062057263
8.3399999999999999,-0.24120253761970209,-1.8537859511839772,1.3416668035924191,-1.2074427230572411,-1.6245490468724266,0.02158215577994899,0.81235560165060183,-0.38570095307895458,-0.82597650007373424,-1.5624033566242994,0.33787253196941203,0.30356719479341449,-0.10320300348400846,1.7699985417538089,2.0542510908219871,0.28011227717150411,0.78614142277844601,-0.9094443683362724,-3.452788967938031,6.0271345421965901,-22.219427324082417,-2.523138269233256,0.40370489601902521,-0.00078538925665731958
8.3499999999999996,-0.23308491565501929,-1.8575540135939816,1.3335110891389945,-1.2230514403698725,-1.6211316726628671,0.024572391947616026,0.8110916792194659,-0.36786750238739446,-0.80503316874821407,-1.5592089266756206,0.34553598575566874,0.29448402489799824,-0.14946957628774685,1.7964141914512723,2.1341830680105076,0.35881888229267001,0.74634764347801885,-0.90705270129478766,-3.6143685514948989,7.3883972775679752,-21.684831806525626,-2.4705462445039799,0.39595806193159028,-0.0011245363034873695
8.3599999999999994,-0.22498223488679905,-1.8611424485210859,1.3255687811030261,-1.2386242737692386,-1.6176396735886716,0.027471929682766027,0.80936851454295355,-0.34977824365990196,-0.78329759439451752,-1.5552261690014484,0.35279552503443312,0.28542887576578652,-0.19504485262779034,1.8211575710746239,2.2126883751670836,0.43776845819005017,0.70536597099473286,-0.90384056274267488,-3.7683452617477848,8.7255772731951424,-21.155244745104479,-2.4149412249654181,0.38765062897793684,-0.0014972773209269499
8.3699999999999992,-0.2168990525163369,-1.8645487817495932,1.3178477294535167,-1.2541533287686932,-1.6140771474386288,0.030281090178409069,0.80719321711804637,-0.33144997428103573,-0.76078438160697859,-1.5504529359084498,0.3596394967521061,0.27640994030340854,-0.23988967373441397,1.8442140094839319,2.289699610046132,0.51690449438981889,0.6632418181651526,-0.89981045398034876,-3.9147602275988644,10.035680793447948,-20.631969832403403,-2.3565565445157692,0.37882094926050985,-0.0018997981084202652
8.3800000000000008,-0.20883985270693417,-1.8677707077445964,1.310355634761331,-1.2696306922407321,-1.6104483062378923,0.033000276417608498,0.80457328354195612,-0.31289963035834534,-0.73750880360161231,-1.5448876479545035,0.36605670902397791,0.26743538222179875,-0.28396578394818162,1.8655704351397042,2.3651504609341005,0.596169859269014,0.62002199835733596,-0.89496571227096311,-4.0536693853666588,11.315748073935586,-20.116302599479148,-2.2956382651923524,0.36950945115153949,-0.0023280681005905818
8.3900000000000006,-0.20080904275860367,-1.8708060909590423,1.3031000415685403,-1.2850484381297484,-1.6067574715670256,0.035629972839789609,0.80151658831414474,-0.29414427067137622,-0.71348679100095103,-1.5385292999144222,0.37203644490974325,0.25851332769528573,-0.32723586393198317,1.8852153868455048,2.4389757684708706,0.67550684934740435,0.57575467925509261,-0.88931050695333014,-4.1851391192855143,12.562864735328372,-19.609525140348737,-2.2324438500093033,0.35975839192782522,-0.0027778794119381871
8.4000000000000004,-0.19281094937640958,-1.8736529669797792,1.2960883318729872,-1.3003986332219666,-1.6030090697456332,0.038170744923841253,0.79803137431117499,-0.27520106052092236,-0.68873492000515135,-1.5313774662486652,0.37756847571921859,0.24965185706386603,-0.36966356288711655,1.9031390229519547,2.5111115865656339,0.75485723939364802,0.53048933511247853,-0.88284983468971534,-4.309242123302532,13.774172851058111,-19.112900942689912,-2.1672407773047992,0.34961160248147621,-0.0032448875184885838
8.4100000000000001,-0.18484981503564041,-1.8763095435116517,1.2893277187341825,-1.3156733429675387,-1.5992076268853439,0.04062323868850181,0.79412624294450296,-0.25608725549398831,-0.66327039995871195,-1.5234323060670911,0.38264307383308466,0.24085899658732521,-0.41121352974527908,1.9193331290129121,2.5814952423482622,0.83416233329899281,0.48427669752481445,-0.87558951385415607,-4.4260535573783413,14.946881597746501,-18.627669860437706,-2.1003051098401944,0.33911422661361529,-0.0037246530711842786
8.4199999999999999,-0.17692979444696097,-1.8787742011988988,1.2828252400065083,-1.3308646373497242,-1.5953577638170768,0.042988180110571587,0.78981014401159033,-0.23682018515996006,-0.63711106032275644,-1.5146945675803427,0.38725102502416381,0.23214271025973407,-0.45185144330926341,1.9337911238863179,2.6500653950983279,0.91336301567112299,0.43716870476400393,-0.86753617806772754,-4.5356475619591414,16.078277423510993,-18.15504326156471,-2.0319200319273154,0.32831245738814729,-0.004212684330436452
8.4299999999999997,-0.16905495112452806,-1.8810454942832278,1.2765877522056273,-1.3459645967959948,-1.5914641908976443,0.045266374461613718,0.78509236525095627,-0.21741723671355159,-0.61027533706335357,-1.5051655920319014,0.39138364026506572,0.22351089169282554,-0.4915440413164035,1.9465080642735173,2.7167620940946682,0.99239980409978601,0.38921844972742026,-0.85869726888813347,-4.6380941838114076,17.165733676231074,-17.696199381578452,-1.962374367701941,0.31725327295908617,-0.0047044797133566334
8.4399999999999995,-0.16122925406000649,-1.8831221510981226,1.2706219245138801,-1.3609653181258341,-1.5875317027009097,0.047458705563862752,0.77998252161210513,-0.19789583858020687,-0.58278225846700049,-1.4948473171043219,0.39503276700861167,0.21497135607667295,-0.53025914839964572,1.9574806476924986,2.7815268353291773,1.0712129020449395,0.34048012655137511,-0.84908102766183069,-4.7334567552831768,18.206719641325037,-17.252278910208403,-1.8919610933233932,0.30598417419028495,-0.0051955699545284811
8.4499999999999993,-0.15345657450524539,-1.8850030743990758,1.2649342329303555,-1.3758589205299461,-1.5835651725988282,0.049566134966169968,0.77449054425144825,-0.17827344399960554,-0.55465143039484899,-1.483742279793675,0.39819079992789247,0.20653183222600491,-0.56796570292253323,1.9667072138818835,2.8443026170296597,1.149742252297516,0.29100897594139491,-0.83869648654779749,-4.8217897575619686,19.198808946439442,-16.824380835456537,-1.8209758553787607,0.29455292626389801,-0.0056815593973735673
8.4600000000000009,-0.14574068286633235,-1.8866873415296195,1.2595309545711557,-1.3906375515755316,-1.579569547237841,0.051589701040867235,0.76862666926559553,-0.15856751460296875,-0.52590302098789521,-1.4718536187467426,0.40085069110349558,0.19819995472036511,-0.60463378266523216,1.9741877446341729,2.9050339939376211,1.2279275909622083,0.24086122927299836,-0.82755345872281105,-4.9031371869140363,20.139687298574401,-16.413558565707486,-1.7497155071233101,0.28300730632711851,-0.0061581659557312391
8.4700000000000006,-0.13808524571158512,-1.8881742044231602,1.2544181621253201,-1.405293393232208,-1.5755498409162185,0.053530518002533514,0.76240142617363671,-0.13879550399992499,-0.49655774483587345,-1.459185076055993,0.40300595964578279,0.18998325614628925,-0.64023462934002906,1.9799238620581019,2.9636671302876549,1.3057085019107375,0.19009405151821335,-0.815662527779072,-4.9775314314748913,21.027159527399913,-16.020816347012751,-1.6784766734176348,0.27139485905958916,-0.0066212593136196155
8.4800000000000004,-0.13049382289589995,-1.8894630894407931,1.249601718471673,-1.4198186679131863,-1.5715111298680393,0.055389774849737512,0.75582562616018178,-0.11897484139054464,-0.46663684662298377,-1.4457409985078624,0.40465070074080017,0.18188915944947398,-0.67474067191603004,1.9839188252715962,3.0201498514367668,1.3830244716540123,0.13876548305393438,-0.80303503632571238,-5.044992655157265,21.859155916765111,-15.647105989025917,-1.6075543543463842,0.25976266186015295,-0.0070668969646388979
8.4900000000000002,-0.12296986480384434,-1.8905535970454337,1.2450872714617831,-1.4342056445261449,-1.5674585464596551,0.057168734230874228,0.74891035009122175,-0.099122915218336494,-0.43616208426437225,-1.4315263382804588,0.40577959410892667,0.17392497040488022,-0.70812554873359079,1.9861775255283054,3.074431694092493,1.4598149445802646,0.086934380410068957,-0.78968307380664038,-5.1055286748622484,22.633737814501831,-15.293323909449477,-1.5372405765473358,0.24815710115567716,-0.0074913577303699023
8.5,-0.1155167097136663,-1.8914455013127462,1.2408802488740345,-1.4484466445283326,-1.5633972733045332,0.058868731235327508,0.74166693631493874,-0.07925705687975404,-0.40515571154750268,-1.4165466530872819,0.40638791186596468,0.16609787021250302,-0.74036412839062671,1.9867064797821721,3.1264639550905398,1.5360193785064609,0.034660356015953395,-0.77561946354787825,-5.1591353076106863,23.349102518491552,-14.960308503301039,-1.4678231002623865,0.23662366113015509,-0.007891172438670737
8.5099999999999998,-0.10813758128431065,-1.8921387492795128,1.236985853543711,-1.4625340479803213,-1.5593325373025297,0.060491172111255237,0.73410696825989263,-0.059394524505866068,-0.37364046029320636,-1.4008081057640573,0.40647152577689072,0.15841490822648102,-0.77143252938396079,1.985513822696042,3.1761997386734455,1.6115773004892995,-0.017996282994754385,-0.76085774904847014,-5.2057971556057634,24.003587444465644,-14.648837839879789,-1.3995841890670875,0.22520672596338698,-0.0082631514871592329
8.5199999999999996,-0.10083558616742327,-1.8926334601302448,1.2334090586737982,-1.4764602995928338,-1.5552696036096867,0.062037532911358668,0.72624226184305674,-0.039552486831669974,-0.34163952205164183,-1.3843174632964188,0.40602691389323958,0.15088299482500256,-0.80130813849009441,1.9826092971018154,3.2235940022235088,1.6864283628420194,-0.070974596859952402,-0.74541217952964056,-5.2454887897170099,24.595673588065502,-14.359627687051388,-1.332799448161154,0.2139493964586523,-0.0086044090636026738
8.5299999999999994,-0.093613711746179759,-1.8929299242229991,1.2301546033310871,-1.4902179147610435,-1.5512137695447841,0.063509358068083152,0.71808485270043609,-0.019748007168524935,-0.30917652934885459,-1.3670820952866005,0.40505116656558787,0.14350889442836995,-0.82996962787105932,1.9780042429211737,3.2686036004042833,1.7605123993026901,-0.12421307608353453,-0.72929769475778428,-5.2781762855282253,25.123988300200221,-14.093329859417594,-1.2677367360288754,0.20289332173148278,-0.0089123838425877247
8.5399999999999991,-0.08647482400262195,-1.8930286019554836,1.2272269881320004,-1.503799485580732,-1.5471703584389231,0.064908258899779969,0.70964698325304232,1.9725049714190955e-06,-0.27627553650004499,-1.3491099718579143,0.40354199182321832,0.13629921867240347,-0.85739697089238376,1.9717115845573057,3.3111873276665378,1.8337694812994123,-0.17764970508552447,-0.71252990915757575,-5.3038190609744804,25.587307400636195,-13.850530884126634,-1.2046551532218555,0.19207854642989936,-0.0091848560259383469
8.5500000000000007,-0.079421665515120657,-1.8929301224727393,1.2246304711223726,-1.517197686840682,-1.5431447134344976,0.06623591204939773,0.70094108962117274,0.019680647318443798,-0.24296100000613191,-1.3304096609963252,0.40149772011381762,0.12926041974417965,-0.88357145664123549,1.9637458167696602,3.3513059590760927,1.9061399742577345,-0.23122202654414642,-0.69512509523211119,-5.322371960732073,25.984556659985287,-13.631750975536404,-1.1438041109922168,0.18154337376299792,-0.0094199606421239215
8.5600000000000005,-0.072456853587399395,-1.8926352822177914,1.2223690638552869,-1.5304052819856497,-1.5391421912400096,0.067494057857376458,0.6919797884000678,0.039271365136379049,-0.20925775855065079,-1.3109903253289961,0.39891730839653911,0.12239878388697713,-0.90847570313426573,1.9541229890451575,3.3889222894222053,1.9775645938950255,-0.2848672063649535,-0.67710016630788894,-5.333787529920631,26.314812684756362,-13.437443307694508,-1.085422481526104,0.17132424443201927,-0.0096161970666326715
8.5700000000000003,-0.065582878510424908,-1.8921450433268454,1.2204465276708611,-1.5434151290443472,-1.5351681558472015,0.068684498670465818,0.68277586331006224,0.058757642021080525,-0.17519101261423239,-1.2908617183401163,0.39580034358251431,0.11572042508105068,-0.93209366920597003,1.9428606884807511,3.4240011705671463,2.0479844624470323,-0.33852209921189041,-0.65847265862289661,-5.3380184183019574,26.577303243894459,-13.267993571649033,-1.0297378306044709,0.16145563138770144,-0.0097724347703329884
8.5800000000000001,-0.058802101958384097,-1.8914605318707314,1.2188663701817344,-1.5562201865167344,-1.5312279722170774,0.069809097088255861,0.67334225173450413,0.078123177517013087,-0.14078630372463785,-1.2700341800251027,0.39214704531751599,0.10923127890675191,-0.95441066506949557,1.9299780211936957,3.4565095469986806,2.1173411647709335,-0.39212331453386423,-0.63926071277698704,-5.3350198559691879,26.771407078202643,-13.123719802974627,-0.97696573266199271,0.15196995018174422,-0.0098879153455974714
8.5899999999999999,-0.052116755519786569,-1.8905830359444613,1.2176318419677918,-1.5688135192150736,-1.5273269999413963,0.070869774149272452,0.66369203115871134,0.097351869742003036,-0.10606949336035494,-1.2485186319845891,0.38795826810217743,0.10293709659623482,-0.97541336154329705,1.9154955922772861,3.4864164895493301,2.1855768042699948,-0.44560728302039826,-0.61948305456412067,-5.3247521424488244,26.896653236245925,-13.004872463577803,-0.92730916742933167,0.14289748453928364,-0.0099622508999161509
8.5999999999999996,-0.045528939364603518,-1.8895140036068958,1.2167459334835178,-1.5811883040531258,-1.523470586886301,0.071868507458569056,0.65383840552336836,0.11642783027078546,-0.071066741526314564,-1.2263265719602838,0.38323550274575396,0.096843439279856267,-0.99508979793832164,1.8994354843212549,3.5136932272475292,2.2526340585843361,-0.49891032341882197,-0.59915897520691408,-5.307183093106369,26.952719981752708,-12.911634760845056,-0.88095799663691254,0.13426632665469115,-0.0099954189434239456
8.6099999999999994,-0.039040621048257541,-1.8882550406726755,1.2162113721811485,-1.5933378357779195,-1.5196640628247542,0.072807329258770648,0.64379469150576252,0.13533539879665971,-0.035804485020599491,-1.2034700678153396,0.377980877150209,0.090955672433131116,-1.0134293886015828,1.8818212345174237,3.5383131772677556,2.3184562349926985,-0.55196870964534295,-0.57830831101437996,-5.2822903896649391,26.939433318194595,-12.844123186499417,-0.83808851863064726,0.12610233160485723,-0.0099877539298608639
8.6199999999999992,-0.032653634453100544,-1.8868079083587079,1.2160306198526194,-1.605255532638572,-1.5159127330644868,0.073688324446617479,0.63357430474231358,0.15405915755723759,-0.00030941541125518968,-1.179961750962357,0.37219715642201057,0.085278960529896711,-1.0304229281134119,1.862677810372543,3.5602519729483966,2.3829873254702445,-0.60471873812182098,-0.55695142248435758,-5.2500637854164252,26.856765176153687,-12.802388257130263,-0.79886309820440826,0.11842908518273765,-0.0099399356396956302
8.6300000000000008,-0.026369678867907163,-1.8851745207876287,1.2162058701931167,-1.6169349419866317,-1.5122218720782035,0.074513628537091051,0.62319074600586966,0.17258394551043532,0.035391543257265845,-1.1558148092427798,0.36588774230970822,0.079818261907145915,-1.0460625951369329,1.842031584051637,3.5794874898477826,2.4461720613473918,-0.6570967952695792,-0.53510917287278037,-5.2105071202229531,26.704831308314308,-12.786415438242997,-0.7634298684907953,0.11126788437921284,-0.0098529746192826759
8.6400000000000006,-0.02019031820575478,-1.8833569423508092,1.2167390465888379,-1.6283697458024895,-1.5085967171427928,0.075285425577277049,0.61265758735125186,0.19089487224714949,0.071271257008298686,-1.1310429792619181,0.35905667196605778,0.074578323846740707,-1.0603419549196536,1.8199103053764942,3.5959998698107127,2.5079559675150866,-0.7090394250914045,-0.51280290625240832,-5.1636401055662029,26.483888935497898,-12.796126233817102,-0.73192250136884618,0.10463772968271737,-0.009728194910890808
8.6500000000000004,-0.014116980360565804,-1.8813573849336136,1.2176318001313546,-1.63955376614245,-1.5050424619942855,0.076005946012139974,0.60198845824251423,0.20897733162732562,0.10730240470778998,-1.1056605381843974,0.35170861603420933,0.069563677878985208,-1.0732559604482299,1.7963430735052492,3.6097715430196988,2.5682854161223383,-0.76048339677283094,-0.49005442508407177,-5.1094998455956713,26.194334185134824,-12.831379423747308,-0.7044600425436609,0.098555328323178551,-0.009567214325204073
8.6600000000000001,-0.0081509567023959444,-1.8791782050057231,1.2188855078608025,-1.6504809705010699,-1.5015642505053366,0.076677464504471507,0.59119703167536952,0.22681701512631866,0.14345750104944355,-1.0796822949954199,0.34384887605802833,0.064778635312832927,-1.0848009522589799,1.7713603073202531,3.6207872480067875,2.6271076797118194,-0.81136577223328776,-0.46688596732419557,-5.0481420662480012,25.836699360993897,-12.891972432151627,-0.68114680722560383,0.093035107558799471,-0.00937192252051074
8.6699999999999999,-0.0022934017114828406,-1.8768219005795119,1.2205012712398795,-1.6611454770834677,-1.498167170391981,0.077302297711286078,0.58029701030824254,0.2443999248788013,0.17970891972968797,-1.0531235812336845,0.33548338121749072,0.060227282997236224,-1.0949746569077679,1.7449937145528072,3.6290340496039364,2.6843709837400982,-0.86162397355791875,-0.44332018309260812,-4.9796420309513394,25.411650079945851,-12.977642810331064,-0.66207233218118977,0.088089237090053882,-0.009144457161384012
8.6799999999999997,0.0034546672491279373,-1.8742911080395395,1.2224799148604666,-1.6715415599823424,-1.4948562469564046,0.077882802019010419,0.56930211261528862,0.26171238640771904,0.21602891679175862,-1.0260002412024147,0.32661868439061142,0.055913479317913822,-1.1037761841044023,1.7172762596743858,3.63450135481167,2.7400245584293024,-0.91119585024072169,-0.4193801109252539,-4.9040951280894092,24.919982308059094,-13.088069819145179,-0.64731137984161169,0.083727659684139533,-0.0088871784343974441
8.6899999999999995,0.0090923700226384074,-1.871588598846381,1.2248219853844344,-1.6816636542545296,-1.4916364368724442,0.078421371239824969,0.55822605907472145,0.27874106102613333,0.25238965411798919,-0.99832862166542846,0.31726195754419972,0.051840850433559328,-1.1112060225177407,1.6882421305852928,3.6371809265677908,2.7940186898977264,-0.96001974616990338,-0.39508915363668279,-4.8216171221783064,24.362619324516128,-13.222876096687523,-0.63692399013203205,0.079958129103714151,-0.0086026421995565126
8.6999999999999993,0.01461896360968943,-1.8687172761181223,1.2275277507200451,-1.6915063608919643,-1.4885126220205416,0.078920434271595633,0.54708255840570474,0.29547295790005146,0.28876322304921298,-0.97012556103572367,0.30742098645630106,0.048012786755277967,-1.1172660342592291,1.657926704132872,3.6370668953996836,2.8463047705171518,-1.008034566286071,-0.37047105381781348,-4.7323440675081372,23.740608637738831,-13.381629398391077,-0.63095557572224825,0.076786254455073935,-0.0082935720539504022
8.7100000000000009,0.020033841982198774,-1.8656801710929745,1.2305971994350755,-1.7010644516820408,-1.4854896033787819,0.079382452723814098,0.53588529386698514,0.31189544576075096,0.32512166811006366,-0.94140837806455746,0.29710416477402046,0.044432439672752476,-1.1219594480535431,1.6263665104924623,3.6341557689459925,2.8968353484456832,-1.0551798428446826,-0.34554986899451706,-4.6364318897253973,23.05511887381396,-13.563844398028467,-0.6294370564906846,0.07421555010157585,-0.0079628305789545308
8.7200000000000006,0.02533653576055259,-1.8624804394765651,1.2340300404076441,-1.7103328739523762,-1.4825720949766732,0.079809918512056696,0.52464790963034869,0.32799626425533174,0.36143701081872776,-0.91219486003958072,0.28632048741097538,0.041102718530421557,-1.1252908511065496,1.593599196445503,3.6284464393351414,2.9455641762850728,-1.1013958012137919,-0.32034994647326531,-4.5340556473899687,22.307436652870482,-13.768984539481009,-0.63238502913597383,0.072247490327138952,-0.0076133900345121989
8.7300000000000004,0.030526711754973776,-1.8591213576775669,1.2378257027154711,-1.7193067551951695,-1.4797647179182214,0.080205351423468518,0.51338399724183592,0.34376353492473027,0.39768127355982491,-0.88250325050090395,0.27507954328934958,0.038026287856645698,-1.1272661796818804,1.5596634875900726,3.6199401884103581,2.9924462588128016,-1.1466234251391014,-0.2948958979000495,-4.4254084918405283,21.498963464560326,-13.996463930598516,-0.63980196805672196,0.070881567980559612,-0.007248302753952946
8.7400000000000002,0.03560417237197968,-1.855606318935471,1.2419833357640866,-1.7279814075663216,-1.4770719944808517,0.080571296655811128,0.50210708218363309,0.359185771798609,0.43382650349863344,-0.85235223648474956,0.26339150743228429,0.035205564848615187,-1.127892708398647,1.5245991495205109,3.6086406907927997,3.0374378997393263,-1.1908045214081278,-0.26921257355938105,-4.3107003496590686,20.631212549305857,-14.245649271937999,-0.65167645384722162,0.0701153563832487,-0.0068706714808680971
8.75,0.040568854887015685,-1.8519388293443511,1.2465018096542975,-1.7363523322546883,-1.4744983422966109,0.080910322332648166,0.4908306105492935,0.37425189159706751,0.46984479651516559,-0.82176093530458072,0.25126713241288984,0.032642717115451789,-1.1271790382640459,1.488446948013407,3.5945540147764343,3.0804967474423375,-1.2338817838463927,-0.24332503644015463,-4.1901563575502303,19.705805787548016,-14.51586181463184,-0.66798342601899308,0.069944573839483687,-0.006483619876131828
8.7599999999999998,0.045420830584471793,-1.8481225037766309,1.251379715789009,-1.7444152237168713,-1.4720480686220843,0.081225016997267724,0.4795679358449158,0.38895122352940231,0.50570832113632691,-0.79074888088018003,0.2387177391669181,0.030339660681703805,-1.1251350834558818,1.4512486082585201,3.5776886210502581,3.1215818396302297,-1.275798856578485,-0.21725853609562762,-4.064015084464403,18.724470594953928,-14.806379343065103,-0.68868445685068413,0.070363150148403192,-0.0060902634086296235
8.7699999999999996,0.050160303766383425,-1.8441610617109101,1.2566153677192664,-1.7521659737730801,-1.4697253647033293,0.081517987087946914,0.46833230592867386,0.40327351868055306,0.54138934244440073,-0.75933600962567749,0.22575520717677905,0.028298058253159182,-1.1217720568710614,1.4130467731739544,3.5580553592456154,3.1606536468882265,-1.3165003964879205,-0.19103848232481779,-3.9325265802117357,17.689036817456511,-15.116438179420079,-0.71372804358698794,0.07136329457962319,-0.0056936808279854402
8.7799999999999994,0.05478761063126604,-1.8400583229680296,1.2622068022291646,-1.7596006755597242,-1.4675343002420693,0.081791854397185601,0.45713685010096028,0.41720895897630467,0.57686024594015328,-0.7275426459078761,0.21239196403524149,0.026519317746621911,-1.1171024544573496,1.3738849608458299,3.5356674623083353,3.1976741150615147,-1.3559321348102944,-0.16469041870280438,-3.7959502935613711,16.601433616176273,-15.445235208449983,-0.74304991654604446,0.072935564838564421,-0.0052968864019267755
8.7899999999999991,0.05930321802467018,-1.8358182033596213,1.2681517806590854,-1.7667156273344846,-1.4654788179693305,0.082049253517579732,0.44599456635721546,0.43074816571867008,0.6120935613387869,-0.69538948708674131,0.19864097439779185,0.025004591085024914,-1.1111400383468937,1.3338075211336267,3.5105405386973825,3.2326067064305737,-1.3940409377947047,-0.13823999598769157,-3.654552905823989,15.463686328762606,-15.791929922054852,-0.77657336104960706,0.075068936612463083,-0.0049028030852080393
8.8000000000000007,0.063707722063115702,-1.8314447102534899,1.2744477904664586,-1.7735073361297524,-1.4635627283325632,0.08229282927696388,0.43491830881533583,0.44388220768332654,0.6470619862770145,-0.66289758815037814,0.18451572833331287,0.023754773258974772,-1.103899818810987,1.2928595914831196,3.4826925624139276,3.265416439635191,-1.4307748663696449,-0.11171294543195019,-3.5086061281070875,14.277913290545294,-16.155646484328983,-0.81420955145551432,0.077750873352614339,-0.0045142367715110656
8.8100000000000005,0.068001846633217386,-1.8269419380602514,1.2810920470230525,-1.7799725212504396,-1.4617897043022181,0.082525234165505987,0.42392077532935801,0.45660260877140324,0.68173840990959345,-0.63008834595720109,0.17003022908336796,0.022770501655546706,-1.0953980350567218,1.2510870519896617,3.4521438608666819,3.2960699283046204,-1.4660832347502182,-0.085135052026013833,-3.3583845117527229,13.046322596143598,-16.535475818718311,-0.8558578959434765,0.080967396012007531,-0.0041338517647202941
8.8200000000000003,0.072186441767944781,-1.8223140636456909,1.288081495647609,-1.7861081176123135,-1.4601632763036518,0.082749125757436578,0.41301449530083911,0.46890135520833975,0.71609593637377944,-0.59698348309840299,0.15519898024091197,0.022052155654862595,-1.085652134887314,1.208536479755147,3.4189171005812584,3.3245354183525335,-1.4999166679244842,-0.058532127702078378,-3.2041633218641299,11.771208779878732,-16.930477719752297,-0.9014063910776301,0.084703152519372105,-0.0037641475916292359
8.8300000000000001,0.076262481902015095,-1.8175653416734465,1.2954128138723517,-1.7919112789170999,-1.4586868272800926,0.082967164130076709,0.40221181769925485,0.48077090228295238,0.75010790810007066,-0.56360503139437379,0.14003697236004609,0.021599856494715967,-1.0746807532488181,1.1652551025829936,3.383037270763674,3.3507828238965351,-1.5322271579577915,-0.031929984526083068,-3.0462165232611103,10.454949391532217,-17.339682992477293,-0.95073198553665794,0.088941486829997696,-0.0034074372646554722
8.8399999999999999,0.080231064008584638,-1.8127000998826219,1.3030824139417494,-1.7973793806607832,-1.4573635878923059,0.083182009282853048,0.39152489930239809,0.49220418062033372,0.78374792894792455,-0.52997531503894424,0.12455966900888378,0.021413467403220202,-1.0625036896870625,1.1212907520558359,3.344531664729828,3.3747837617633576,-1.56296811905505,-0.0053544079058126786,-2.884814926644633,9.1000014426729958,-17.762095623220631,-1.0037009527611318,0.093664507450115925,-0.0030658270906371802
8.8499999999999996,0.084093405619495659,-1.8077227343050155,1.3110864455416826,-1.8025100229716522,-1.4561966318604644,0.0833963185589848,0.38096569316752082,0.50319460198263055,0.81698988714518517,-0.49611693340579249,0.10878299227821336,0.021492593999175493,-1.0491418847396112,1.0766918160412824,3.303429859214905,3.3965115845420835,-1.5920944413220242,0.021168870156941851,-2.7202245401875937,7.7088976980009036,-18.196694985636007,-1.0601692726113667,0.098853155384423158,-0.0027411981103491511
8.8599999999999994,0.087850842731424184,-1.8026377044267408,1.3194207987569215,-1.8073010332747765,-1.455188871453593,0.083612744072500078,0.37054593734381858,0.51373606459221832,0.84980797801004004,-0.46205274353173958,0.092723307759343607,0.02183658495958192,-1.0346173952885267,1.0315071906718758,3.2597636915787738,3.4159414121489853,-1.6195625431678782,0.047614197742270041,-2.5527051682043225,6.284242785927912,-18.642438086117192,-1.119983022452562,0.10448727150502003,-0.0024351892430423518
8.8699999999999992,0.09150482760041001,-1.7974495282990151,1.3280811072546572,-1.8117504687797621,-1.4543430531318384,0.083833930143270521,0.36027714383644399,0.52382295797222456,0.88217672643458678,-0.42780584229199725,0.07639740900492413,0.022444532953431306,-1.0189533689007049,0.98578623184563063,3.2135672349252666,3.4330501618690179,-1.6453304222924856,0.073956029588255784,-2.382509294008206,4.8287091029279807,-19.09826185262494,-1.1829787783831685,0.11054566338433794,-0.0021491822010756044
8.8800000000000008,0.095056926427314462,-1.792162777602978,1.3370627516915843,-1.8158566187887899,-1.4536617533466443,0.084062510742699881,0.35017058783207317,0.53345016729987427,0.91407100910926697,-0.39339954828273338,0.059822501487201953,0.023315275840651673,-1.002174017183358,0.93957870629410523,3.1648767711553218,3.4478165768404105,-1.6693577052034725,0.10016895353971082,-2.2098812785885711,3.345032487066991,-19.563085470737363,-1.2489840275907234,0.11700617167394578,-0.0018842882315311558
8.8900000000000006,0.098508816936898794,-1.7867820726734298,1.3463608633418525,-1.8196180068220724,-1.453147374503813,0.084301106952734794,0.34023729719572082,0.54261307726852992,0.94546607646755121,-0.35885738342674717,0.043016186068695644,0.024447398134779166,-0.98430458818335009,0.8929347422655457,3.1137307619758952,3.4602212529500243,-1.6916056952089442,0.12622771684183784,-2.0350569003900731,1.8360076375459684,-20.035812770320479,-1.3178175930530815,0.12384573614532809,-0.001641336734506358
8.9000000000000004,0.10186228585324883,-1.7813120774864166,1.3559703279429787,-1.8230333925580609,-1.4528021410942114,0.084552324440798979,0.33048804224821809,0.55130757545485909,0.97633757433064461,-0.32420305431821772,0.025996442000759151,0.025839232727687126,-0.9653713378595874,0.84590477987066681,3.0601698178884691,3.4702466641089678,-1.7120374188339187,0.15210725225164648,-1.858263254344205,0.30448325904638907,-20.515334665624582,-1.3892900719969004,0.13104046153739513,-0.0014208658014402571
8.9100000000000001,0.10511922627443233,-1.7757574946156416,1.3658857897566212,-1.8261017735858511,-1.4526280959968068,0.084818750953292471,0.32093332583348549,0.55953005518795951,1.0066615652320312,-0.28946043332295612,0.0087816094661082936,0.027488862874394338,-0.94540150065895323,0.79853952113944815,3.0042366651829804,3.4778771858789974,-1.7306176706091865,0.17778270393972981,-1.679719020497987,-1.2466430878531138,-21.000531650852452,-1.4632042896750832,0.13856568337849023,-0.0012231147112279502
8.9199999999999999,0.10828163494930045,-1.7701230601626738,1.3761016558409178,-1.8288223869674491,-1.4526270969584723,0.085102953830216085,0.31158337368438649,0.56727741791781283,1.0364145494021346,-0.2546535394507356,-0.0086096283182309739,0.02939412443573966,-0.92442325922661772,0.75088987983711231,2.9459761109648013,3.4830991174222299,-1.7473130561836479,0.20322945315563287,-1.4996351042340232,-2.8144304459645149,-21.490276352332931,-1.5393557701272094,0.1463960339677684,-0.0010480184168284523
8.9299999999999997,0.11135160945948701,-1.7644135386659978,1.3866121005308887,-1.8311947106076825,-1.452800813254902,0.085407477543513244,0.30244812509568558,0.57454707508089664,1.0655734853935075,-0.21980651901663364,-0.026158263420483965,0.031552608376409275,-0.90246571328273073,0.70300693108814372,2.8854350062443643,3.4859007017478096,-1.7620920337120842,0.22842314362996843,-1.3182156413385322,-4.395900242832079,-21.983436137378586,-1.6175332256377783,0.15450550871191876,-0.00089520405040945539
8.9399999999999995,0.11433134530969648,-1.7586337179939171,1.3974110701232108,-1.8332184644297476,-1.4531507225367497,0.085734841261647821,0.29353722391226317,0.58133694946127656,1.0941158103273851,-0.18494362610851545,-0.04384498191878259,0.033961663515566204,-0.87955884769790071,0.65494186085702755,2.8226622071208118,3.4862721442311537,-1.7749249534725318,0.25333970668698158,-1.1356593522139879,-5.9880424026539885,-22.478875778732601,-1.6975190666044859,0.16286753301824425,-0.00076398947059014375
8.9499999999999993,0.11722313292949645,-1.7527884042263815,1.4084922877614954,-1.8348936113545324,-1.4536781078649785,0.086087536442946172,0.28486000984044829,0.58764547604600315,1.1220194597426756,-0.15008920287804656,-0.061650183012931355,0.036618399527041504,-0.85573349980086411,0.60674591533485145,2.7577085340928762,3.4842056293826156,-1.7857840956686022,0.27795538604135389,-0.95216122054405894,-7.5878217931051317,-22.97546017223452,-1.7790899334700487,0.1714550299440416,-0.00065338387084520107
8.9600000000000009,0.120029354589861,-1.7468824165307903,1.4198492585179801,-1.8362203580820378,-1.4543840549391798,0.086468024460172738,0.27642551008996957,0.59347160237409979,1.1492628870288322,-0.11526765967288446,-0.079553998504952844,0.039519690185810905,-0.8310213259521928,0.55847035028079761,2.6906267295320845,3.4796953358444105,-1.7946437063742684,0.3022467622535206,-0.76791446289584719,-9.1921850068722151,-23.472057103982333,-1.8620172522556193,0.18024048879508947,-0.00056209046341198273
8.9700000000000006,0.12275248123781431,-1.7409205820368416,1.4314752746673882,-1.8371991556734053,-1.4552694495224585,0.086878734258783868,0.26824243135370662,0.59881478837894475,1.1758250824244152,-0.080503455027849585,-0.097536312629613639,0.042662176857211048,-0.80545476741863764,0.51016638036770956,2.6214714133550605,3.4727374495960803,-1.8014800315801991,0.3261907768180789,-0.58311274729975737,-10.798067472942568,-23.967540061866003,-1.9460678150612771,0.18919603485297601,-0.00048851124789831956
8.9800000000000004,0.12539506925260124,-1.7349077307154799,1.4433634211485531,-1.8378306999322251,-1.4563349750663062,0.087322060051276629,0.26031915213202433,0.60367500572434296,1.2016855915635769,-0.045821075533014441,-0.11557678221578524,0.046042272225101905,-0.77906701558327252,0.46188512858083197,2.5502990369332754,3.4633301753504631,-1.8062713493024862,0.34976475586026667,-0.39795261099133833,-12.402400887728886,-24.460791084921052,-2.0310043866703964,0.19829350039215193,-0.00043075386802751518
8.9900000000000002,0.1279597571268398,-1.7288486902670204,1.455506581209147,-1.8381159315839837,-1.4575811105386536,0.087800359049997945,0.25266371540819438,0.60805273663504045,1.2268245335529402,-0.011245015597026464,-0.13365485715902162,0.049656164254927089,-0.7518919765272164,0.41367757571896902,2.4771678352807411,3.4514737461239813,-1.8089979997166892,0.37294643341584743,-0.21263602044482127,-14.002120951013421,-24.950703642524829,-2.116586338110674,0.20750449712309005,-0.00038664055340927126
9,0.13044926207621321,-1.7227482810234955,1.4678974422287652,-1.8380560362526963,-1.459008128458116,0.088315949240732328,0.24528382168100557,0.61194897222298894,1.2512226185619451,0.023200242876124128,-0.15174980118544432,0.053499820387394398,-0.72396423501917495,0.36559451004703575,2.4021377775613395,3.4371704309666238,-1.8096424132818798,0.39571397427028232,-0.027373010775298894,-15.594175386555706,-25.436185534070049,-2.2025703076899097,0.21680049016828878,-0.00035371913572653478
9.0099999999999998,0.13286637658129993,-1.7166113108702379,1.4805285017154277,-1.8376524442339566,-1.4606160931372647,0.088871107199372482,0.23818682236024974,0.61536521031107261,1.2748611649100567,0.057490250878384108,-0.16984071288672439,0.05756899195824227,-0.69531901794953532,0.31768647714881509,2.3252705159592195,3.4204245408388454,-1.8081891368213283,0.41804599633344303,0.15761566327026127,-17.175532222072647,-25.916161798420919,-2.2887108896416022,0.22615287364328746,-0.0003292761201533316
9.0199999999999996,0.13521396486519213,-1.7104425701917401,1.493392073470353,-1.8369068300638038,-1.4624048591375047,0.089468065953890744,0.2313797135305172,0.61830345275658272,1.2977221156346621,0.091600612738356416,-0.18790654700548365,0.061859218839335033,-0.6659921572462969,0.27000373002878286,2.2466293329575189,3.4012424326242989,-1.8046248575285262,0.4399215925266356,0.34209593600519111,-18.743188298244426,-26.389577621214801,-2.3747613500892024,0.23553304787577892,-0.0003103517830640376
9.0299999999999994,0.13749495931061523,-1.704246826846773,1.5064802939157478,-1.8358211118830181,-1.4643740699379759,0.090109012893807169,0.22486913008826767,0.62076620227715573,1.3197880545239897,0.12550700659278569,-0.20592613595026141,0.066365834296095369,-0.63602005231044079,0.22259617951141589,2.1662790870719277,3.3796325112691337,-1.7989384248692117,0.46132035215922101,0.52581797243094774,-20.294177971515779,-26.855401226950967,-2.460474369575576,0.24491249825304703,-0.0002937572560901703
9.0399999999999991,0.13971235682030664,-1.6980288211777042,1.519785128580206,-1.8343974505966241,-1.4665231568206687,0.090796087729299216,0.21866134025676348,0.62275645878238006,1.3410422215998543,0.15918520487005602,-0.22387821151890283,0.071083970056056558,-0.60543963200872819,0.17551334498611229,2.0842861570871163,3.3556052300403287,-1.7911208703520751,0.48222238177265797,0.7085139164061911,-21.825581970801565,-27.312626741824822,-2.5456028109114914,0.2542628756417129,-0.00027609354429672557
9.0500000000000007,0.14186921512444836,-1.6917932610589721,1.5332983787361059,-1.8326382488285766,-1.4688513379737194,0.091531380502020504,0.21276224048316433,0.62427771521480224,1.3614685280354779,0.19261109476683741,-0.24174142680884841,0.076008561583106302,-0.57428831626234877,0.12880430554575209,2.0007183848457655,3.3291730888973508,-1.7811654251430278,0.50260832543033462,0.88989591760795106,-23.334536363837802,-27.760277012444931,-2.6299005105818316,0.26355607827486477,-0.00025377241269449943
9.0600000000000005,0.14396864903899523,-1.6855448169895841,1.547011688183294,-1.8305461496717956,-1.4713576178146504,0.0923169296496716,0.20717735072157981,0.62533395290446547,1.3810515704941562,0.22576069869896176,-0.25949437829270028,0.081134353551763599,-0.54260397727006648,0.08251765156632615,1.9156450166411456,3.3003506309732806,-1.7690675354999092,0.52245938443211881,1.0696545064326359,-24.818241584928067,-28.197406364934892,-2.7131230914198192,0.27276433495091396,-0.00022303906052800748
9.0700000000000003,0.14601382667878687,-1.6792881172344705,1.5609165501732345,-1.8281240352338957,-1.4740407865351166,0.093154720126293541,0.20191181010554199,0.625929636441656,1.3997766448751288,0.25861019470771607,-0.27711562803716788,0.086455905515642986,-0.51042490040474264,0.036701436774655517,1.829136643265356,3.2691544371631713,-1.7548248760066296,0.54175733643323265,1.2474573811364016,-26.273971472268023,-28.623103288484096,-2.7950287937263738,0.28186028933664403,-0.00017999648687004599
9.0800000000000001,0.1480079656293343,-1.6730277430195086,1.5750043144675681,-1.8253750249791587,-1.4768994198684477,0.094046681580182895,0.19697037301300493,0.62606970807295736,1.4176297594533966,0.29113593680250199,-0.29458372604325772,0.09196759776404867,-0.47778974482246378,-0.008596869149046624,1.7412651387671967,3.2356031188195136,-1.7384373605881007,0.56048455394757957,1.4229486649655254,-27.6990822599385,-29.036493027182196,-2.8753793214827423,0.29081708511471593,-0.00012063143416524147
9.0899999999999999,0.14995432908123238,-1.6667682237849488,1.5892661945249928,-1.8223024738674776,-1.4799318790811151,0.094994686591293426,0.19235740552651701,0.62575958162619594,1.4345976474009068,0.32331447522099699,-0.31187723268544848,0.097663637360440023,-0.44473750382359356,-0.053330427387718746,1.6521035979744256,3.1997173085562514,-1.7199071512892465,0.57862402221635711,1.5957486828740715,-29.09102146711523,-29.436740063963828,-2.9539406997908353,0.29960845166441802,-4.0841778658110006e-05
9.0999999999999996,0.1518562219311699,-1.660514032501915,1.6036932748102231,-1.8189099702911824,-1.4831363111889937,0.096000548969906119,0.18807688229085376,0.62500513597032703,1.4506677786770152,0.35512257658792717,-0.32897474122740022,0.1035380643563293,-0.41130746500527698,-0.097453076177522122,1.561726272836506,3.1615196491646569,-1.6992386648036824,0.59615935642342754,1.7654542978046064,-30.447336625075032,-29.823050480703422,-3.0304841391858437,0.30820878991443157,6.3534781637789722e-05
9.1099999999999994,0.15371698685349505,-1.6542695810566068,1.6182765182186427,-1.815201333810873,-1.4865106493990639,0.097066022118281636,0.18413238377001284,0.62381270801672128,1.4658283712767231,0.38653724395357814,-0.3458549003916867,0.10958475817400301,-0.37753917024491374,-0.14091937632653401,1.4702085076451867,3.1210347806463625,-1.676438576740007,0.61307481823964105,1.9316398356005993,-31.765683781225604,-30.194674178932136,-3.1047869020095442,0.31659325795879495,0.00019669090936070069
9.1199999999999992,0.15554000034636886,-1.6480392157067563,1.6330067736101841,-1.8111806126915404,-1.4900526137769909,0.098192797456962841,0.18052709390504557,0.62218908526882499,1.4800684018257371,0.41753573669323157,-0.36249643696078665,0.11579744415124558,-0.34347237555442578,-0.1836846560176166,1.3776266731913569,3.0782893253704251,-1.6515158236156342,0.62935533167890612,2.0938586156475547,-33.043835718684448,-30.550906946298436,-3.176633165619851,0.32473785598306337,0.00036281886714879114
9.1300000000000008,0.15732866875649237,-1.6418272126148097,1.6478747834458503,-1.8068520812404716,-1.4937597121407724,0.099382502917299012,0.17726379817383428,0.62014149792753237,1.4933776155120446,0.44809559024885304,-0.37887817838667287,0.12216970024112983,-0.30914701084486668,-0.22570505485198661,1.2840580999175224,3.0333118713633165,-1.6244816025705995,0.64498649824965892,2.2516450915637987,-34.279689829901315,-30.891092354748722,-3.2458148768511048,0.33261951000767176,0.00056607901870268929
9.1400000000000006,0.15908642428645803,-1.6356377734622536,1.6628711915201935,-1.8022202369485998,-1.4976292411804337,0.10063670150172188,0.17434488205349519,0.61767761056012238,1.5057465353442223,0.478194635694355,-0.39497907538604982,0.1286949638597118,-0.27460313964126631,-0.26693756709038757,1.1895810101265134,2.9861329537423864,-1.5953493687957927,0.65995461138595923,2.4045175929645271,-35.471275583463601,-31.214623477450541,-3.3121325918380564,0.34021615392061805,0.00081056781391427093
9.1500000000000004,0.16081672098872796,-1.629475021149388,1.6779865507829756,-1.7972897974371627,-1.501658287803501,0.10195688991319654,0.1717723298857364,0.61480551334095035,1.5171664707273944,0.507811019106017,-0.41077822449850454,0.13536653887440125,-0.23988091878714976,-0.30734008404995022,1.0942744493076093,2.9367850343052671,-1.5641348306726102,0.67424667014337092,2.5519816458189148,-36.616761524565511,-31.520944412704068,-3.3753962950823246,0.3475068092425655,0.0011002854968497101
9.1600000000000001,0.16252303075028948,-1.6233429955848084,1.6932113312431376,-1.7920656972117088,-1.5058437307057875,0.10334449725524152,0.16954772414502814,0.61153371287257807,1.5276295253482732,0.53692322071957432,-0.4262548905845398,0.14217760272552304,-0.20502055817853243,-0.34687143561518136,0.998218216642627,2.8853024792894368,-1.5308559426230035,0.68785039214534016,2.6935338355280458,-37.714461751631688,-31.809551604461383,-3.4354261914781601,0.35447166204499547,0.0014391037903306834
9.1699999999999999,0.16420883927199725,-1.6172456495687297,1.7085359279481318,-1.7865530842256725,-1.510182242166751,0.10480088380378809,0.16767224510915058,0.60787112259638454,1.5371286043614405,0.56551007385586849,-0.44138852924071592,0.14912121367356668,-0.17006228056665512,-0.38549143082279541,0.90149279475487065,2.831721535317925,-1.4955328956714882,0.70075422576677737,2.8286661639082511,-38.762841814282545,-32.079994950583831,-3.4920534649312054,0.36109213642679605,0.0018307338238502911
9.1799999999999997,0.16587764204663244,-1.6111868447742201,1.7239506690315942,-1.7807573162559311,-1.5146702900685038,0.10632733985211684,0.16614667093118199,0.6038270528021229,1.5456574208695864,0.59355078359692848,-0.45615880910896123,0.15619031816438564,-0.13504628146886472,-0.42316089748068458,0.80417927876495698,2.7760803035489565,-1.4581881057226709,0.71294736154216765,2.9568708390897238,-39.76052398115813,-32.331878691579973,-3.5451209972014031,0.36735096394710121,0.0022786945822402052
9.1899999999999995,0.16753294033968549,-1.6051703478303088,1.7394458238222517,-1.7746839570929156,-1.519304140137278,0.10792508462999331,0.16497137811170218,0.5994112002462999,1.5532105016911217,0.62102494519466189,-0.47054563405724986,0.16337775830456147,-0.10001268922671397,-0.45984172078239488,0.70635930471811381,2.7184187120490564,-1.4188461995604285,0.72441974278645915,3.0776454262540409,-40.706291830077291,-32.564862074262741,-3.5944840406831315,0.37323224841269775,0.0027862821604159177
9.1999999999999993,0.16917823717685282,-1.5991998265108107,1.7550116110069389,-1.7683387725480488,-1.5240798584059778,0.10959526529808859,0.16414634236948569,0.59463363738955599,1.5597831924091807,0.64791256219448801,-0.48452916520894718,0.17067627943899105,-0.065001525250047709,-0.49549688087948612,0.60811497744804466,2.6587784864108714,-1.3775339985768162,0.73516207541772993,3.1904982774246333,-41.599094117549335,-32.778659786513522,-3.640010839002275,0.37872152542721493,0.0033565401143260953
9.2100000000000009,0.17081703334222459,-1.5932788460326492,1.770638206840472,-1.7617277262814464,-1.5289933138961611,0.11133895601864244,0.16367113990868462,0.58950480126371074,1.5653716616967301,0.67419406425645867,-0.49808984279810781,0.17807853782266775,-0.030052664485764328,-0.53009048937499004,0.50952879794341122,2.5972031186387499,-1.3342805002414386,0.74516583697149263,3.2949541504545166,-42.438047889730946,-32.973042161114719,-3.6815831895606852,0.38380581612658399,0.00399223119955271
9.2200000000000006,0.17245282339111706,-1.5874108654673167,1.7863157533951239,-1.7548569754529932,-1.5340401815176061,0.11315715710328308,0.1635449490800403,0.58403548197941613,1.5699729049131217,0.69985032465666042,-0.51120840782822186,0.18557710837852054,0.0047942038505232052,-0.56358782470234947,0.41068359028325591,2.5337378343268324,-1.289116857324053,0.75442328479732601,3.390559921148363,-43.222440802493665,-33.147835148389923,-3.7190969424923535,0.38847367455105386,0.0046958107865676564
9.2300000000000004,0.17408909168147688,-1.5815992342689928,1.8020343668424434,-1.7477328662000666,-1.5392159451834102,0.11505079423883,0.16376655243328467,0.57823681088571866,1.5735847469681277,0.72486267745200728,-0.52386592351203665,0.1931644925331002,0.039499615242098808,-0.59595536635534696,0.31166242820794099,2.4684295581558611,-1.2420763548853291,0.76292746342938811,3.4768902882881996,-43.95173262427037,-33.302920059141826,-3.7524624309089809,0.3927152281381262,0.0054694022352050203
9.2400000000000002,0.17572930842775097,-1.5758471889227759,1.817784145760003,-1.7403619289453705,-1.5445159011382754,0.11702071779179593,0.16433433915758799,0.57212024839322906,1.5762058444501481,0.74921293429168823,-0.53604379647018119,0.20083312612181031,0.074024368500372889,-0.62716082793543826,0.21254856139321046,2.4013268777369903,-1.1931943850533782,0.77067221112320394,3.5535533693293897,-44.625555901718421,-33.438233081081066,-3.7816048278009795,0.39652221086276651,0.0063147745002680028
9.25,0.17737692578108519,-1.5701578497163082,1.8335551794557472,-1.7327508735384902,-1.5499351614974941,0.11906770219226154,0.16524630790643807,0.56569757147285504,1.577835687015948,0.77288340085890794,-0.54772379766657209,0.20857538735530584,0.10832956401870922,-0.65717318898423449,0.11342534149473611,2.3324800058321973,-1.142508419605436,0.77765216555199623,3.6201960847671004,-45.243715774921966,-33.553764573574973,-3.8064644255186946,0.39988798860093122,0.0072333222252960565
9.2599999999999998,0.17903537393968189,-1.5645342176379826,1.8493375563025465,-1.7249065842349454,-1.5554686579938839,0.12119244539768416,0.16650007000301179,0.55898086084241982,1.5784745980399748,0.79585689292684503,-0.55888808305873561,0.21638360483861824,0.14237664161418673,-0.68596272556996374,0.014376148031011735,2.2619407409825625,-1.0900579803765087,0.78386276865669569,3.6765092316553689,-45.806188935769647,-33.649558147093089,-3.8269968343805481,0.4028075763490821,0.0082260485623248027
9.2699999999999996,0.180708057293091,-1.5589791714047949,1.8651213720755304,-1.716836114516674,-1.5611111459297042,0.12339556843712546,0.16809285302178281,0.55198248785376158,1.5781237345219852,0.81811675201308687,-0.56951921394148097,0.22425006563454813,0.1761274179211792,-0.71350103959799727,-0.084515685827335998,2.1897624265773707,-1.0358846075190691,0.78930027064467512,3.7222321514450334,-46.313121730220118,-33.725709535169706,-3.8431730976324792,0.40527764699534718,0.0092935509320809483
9.2799999999999994,0.18239835060417914,-1.5534954646227683,1.8808967382847808,-1.708546681758051,-1.5668572083303896,0.12567761503629579,0.17002150474165809,0.54471510109323373,1.5767850862523787,0.83964686061707827,-0.57960017696251687,0.23216702336275788,0.20954412330107897,-0.7397610868166653,-0.18316694749352427,2.1159999083985159,-0.98003182563995872,0.79396173313308405,3.7571569040885628,-46.764827412332956,-33.78236526803358,-3.8549797207089509,0.40729653140665206,0.010436009911652732
9.2899999999999991,0.18410959523247478,-1.5480857230827501,1.8966537904959764,-1.7000456617416737,-1.5727012602967094,0.12803905132373841,0.17228249746564284,0.53719161270879745,1.5744614742353304,0.86043165702555313,-0.58911440378891966,0.24012670632600355,0.24258943823314449,-0.76471720349094707,-0.28149461915769847,2.040709490676083,-0.92254510784280352,0.79784503143360253,3.7811318690819347,-47.161782565113349,-33.819721158256158,-3.862418613509965,0.40886420966950249,0.011653181405523787
9.3000000000000007,0.18584509540251018,-1.5427524421942467,1.9123826966315605,-1.691340583028315,-1.5786375535517669,0.13048026561837064,0.17487193270168985,0.52942518447711928,1.5711565483704886,0.88045614967124164,-0.5980457904037253,0.24812132565492828,0.27522652915204998,-0.78834513171788467,-0.37941595186878885,1.9639488906926623,-0.8634718377064784,0.80094885597629017,3.7940647045654536,-47.504622710320348,-33.838020609839901,-3.8655069452025344,0.40998229339935438,0.01294439222133752
9.3100000000000005,0.18760811452075898,-1.5374979845598395,1.9280736652450039,-1.6824391211855945,-1.5846601811790118,0.13300156829852952,0.17778554619900566,0.52142921362444294,1.566874784394704,0.89970593103049279,-0.60637871601207871,0.25614308346276127,0.30741908369819393,-0.81062204335879173,-0.4768485394366741,1.8857771919754118,-0.80286126923230572,0.80327271287111301,3.7959246075342308,-47.794137136340332,-33.8375527631,-3.8642769118682994,0.41065399911364409,0.014308539134343497
9.3200000000000003,0.18940187154469137,-1.5323245776925507,1.9437169537608328,-1.6733490928800132,-1.5907630825473025,0.13560319175258459,0.18101871333379002,0.51321731841512297,1.5616214800859041,0.91816719104597544,-0.61409806153687152,0.26418418100134067,0.33913134534777961,-0.8315265625648568,-0.57371039208692409,1.8062547961159248,-0.74076448479440971,0.80481692360663726,3.7867438313249426,-48.031262979952842,-33.818650488485105,-3.8587754181416356,0.41088411274556735,0.015744091484716928
9.3300000000000001,0.19122953740740187,-1.5272343118784382,1.959302876672979,-1.6640784498372208,-1.5969400484187728,0.13828529041107562,0.18456645483802661,0.50480332352204882,1.5554027507319534,0.93582673006083428,-0.62118922768402796,0.27223682680978628,0.37032814739000142,-0.85103878687385082,-0.66992000979957611,1.7254433732600809,-0.67723435113031138,0.80558262388625035,3.766618430528816,-48.217078604233393,-33.78168824313672,-3.849063674804273,0.41067894545855632,0.017249097310447631
9.3399999999999999,0.19309423150121768,-1.5222291381865143,1.9748218136941782,-1.6546352726754132,-1.6031847262351175,0.14104794086026273,0.18842344286468374,0.4962012451933287,1.5482255238679901,0.95267197125132408,-0.62763815255808708,0.28029324484725532,0.40097494621971647,-0.86914030685728549,-0.76539645526464284,1.6434058113106129,-0.61232547341029542,0.80557176160319899,3.7357082179953922,-48.352796320881694,-33.727079804503951,-3.835216715112876,0.41004628100409768,0.018821192975999955
9.3499999999999996,0.19499901822360977,-1.517310866627952,1.9902642178490977,-1.6450277646169846,-1.6094906255777166,0.14389114203689632,0.19258400738223805,0.48742527622983023,1.5400975332863904,0.968690972545175,-0.63343132880900166,0.28834568260112003,0.43103785391455968,-0.88581422429855983,-0.86005942638664135,1.5602061638870257,-0.54609414742632545,0.80478709395660075,3.6942359332891486,-48.439754510852936,-33.655275895713991,-3.8173228334247202,0.40899531494699026,0.020457616214150799
9.3599999999999994,0.19694690358866487,-1.5124811644664025,2.0056206235039467,-1.6352642450836019,-1.6158511237967992,0.14681481550390332,0.19704214289131336,0.47848977078835392,1.5310273123242373,0.98387243801356672,-0.63855582029164404,0.29638641916205027,0.46048367006630214,-0.90104516888421571,-0.95382932827118916,1.4759095970884386,-0.47859830994325075,0.80323218371149319,3.6424856364962372,-48.479409202245243,-33.566761717656462,-3.7954829504438332,0.40753658616133748,0.022155222456107574
9.3699999999999992,0.19894083190730247,-1.5077415546810913,2.0208816543253705,-1.6253531431800552,-1.622259471804695,0.14981880580662693,0.20179151545574736,0.46940922902540066,1.5210241864337783,0.99820572872491786,-0.6429992782197943,0.3044077732574143,0.48927991283703876,-0.9148193133917405,-1.0466273446269116,1.3905823351063447,-0.40989748725685282,0.80091139460687288,3.5808003553152519,-48.473325168891115,-33.462054402873221,-3.7698099101256206,0.40568190107653102,0.023910504283983197
9.3800000000000008,0.20098368253934634,-1.503093414584211,2.0360380311614859,-1.6153029910722938,-1.6287088000280106,0.15290288090915224,0.20682547004025159,0.46019828159665943,1.5100982650420818,1.0116808730492686,-0.64674995679693814,0.3124021112345311,0.51739484921161238,-0.92712438735889313,-1.1383755085165188,1.3042916047353414,-0.34005274200528501,0.79782988591657245,3.5095790265875886,-48.423166616963314,-33.341700406366023,-3.7404277139430588,0.40344425122419947,0.025719613800721318
9.3900000000000006,0.20307826672046525,-1.4985379745939746,2.0510805798379939,-1.605122417265227,-1.6351921245134455,0.15606673271018454,0.21213703814643062,0.45087167402742417,1.4982604327066886,1.024288576402445,-0.64979672830664881,0.32036185498530539,0.54479752441865936,-0.93794968922095967,-1.2289967723914641,1.2171055788311189,-0.26912661828204382,0.79399360616867742,3.4292727855421901,-48.330687530081647,-33.206272848344682,-3.7074706988230983,0.40083772470372114,0.027578387676382501
9.4000000000000004,0.20522732446693559,-1.4940763171645473,2.0660002388623595,-1.5948201397859081,-1.6417023531817259,0.15930997763784074,0.21771894573878203,0.44144425096936196,1.4855223395747852,1.0360202304197823,-0.65212909764583071,0.32827948980390126,0.57145779049338574,-0.94728609690385812,-1.318415077345209,1.1290933187659509,-0.19718308510066002,0.78940928603008709,3.3403806667925626,-48.197721745863056,-33.056368823748919,-3.6710826655998696,0.39787741224444756,0.029482374597011224
9.4100000000000001,0.20743352156107503,-1.4897093758739137,2.0807880670291334,-1.5844049592778884,-1.6482322922240242,0.16263215732265132,0.22356362145188632,0.43193094035911722,1.4718963911540097,1.0468679215495698,-0.65373721628455395,0.33614757216908975,0.59734633395621806,-0.95512607686245909,-1.4065554215206479,1.0403247159332449,-0.12428747826288437,0.7840844303636938,3.2434447903211594,-48.026172838551965,-32.89260669309099,-3.6314159652943339,0.39457930859659796,0.031426864813746382
9.4199999999999999,0.20969944662011633,-1.4854379346705886,2.0954352509195679,-1.5738857520125793,-1.6547746526350404,0.16603273934797333,0.22966320506987403,0.42234673749434459,1.457395737403689,1.0568244390570156,-0.65461189563682765,0.34395873744307792,0.62243470258235878,-0.96146369155504874,-1.4933439276081846,0.95087043235346402,-0.050506440683871896,0.77802730946649246,3.1390451131509765,-47.818003883287084,-32.715623368794205,-3.5886305509118923,0.39096021002899772,0.033406921465953865
9.4299999999999997,0.21202760825120257,-1.4812626272799085,2.1099331122888025,-1.5632714628235413,-1.6613220568767839,0.16951111807693917,0.23600955626895398,0.41270668904284574,1.4420342611558925,1.0658832824300135,-0.65474461982714216,0.35170570747867014,0.64669533123827228,-0.96629460534636635,-1.5787079093717447,0.86080184043469055,0.024092138770577073,0.77124694949780426,3.0277938330219314,-47.575227177682493,-32.526071610744907,-3.5428930027439827,0.38703760874984355,0.035417413333410003
9.4399999999999995,0.21442043229507982,-1.4771839367705069,2.1242731153339331,-1.5525710979697591,-1.6678670456669364,0.1730666155549869,0.24259426361353223,0.40302587700056047,1.4258265658763576,1.0740386681784995,-0.654127557838179,0.35938129812669256,0.670101566762067,-0.96961608883313788,-1.6625759371406397,0.77019096194227032,0.099439187877919624,0.76375312210763824,2.9103295340951032,-47.299893995729818,-32.324617344246427,-3.4943755353640036,0.38282958509598308,0.03745304865926756
9.4499999999999993,0.2168802591609805,-1.4732021952813952,2.1384468738364482,-1.5417937179339791,-1.6744020848855443,0.17669848248693215,0.24940865379625149,0.39331940261421466,1.4087879627759075,1.0812855360197766,-0.65275357502564435,0.36697842663574243,0.69262769186581097,-0.97142702158759264,-1.7448779022063861,0.67911040623251218,0.17546451502575891,0.75555633327606075,2.7873111664858246,-46.994084447566486,-32.11193701295916,-3.4432549946167637,0.37835469835617341,0.039508409677934883
9.4600000000000009,0.21940934125508557,-1.4693175839099282,2.1524461581725762,-1.5309484301622878,-1.6809195725936363,0.18040589928746789,0.25644380111210396,0.38360237028443978,1.3909344572836293,1.0876195544427467,-0.65061624398685447,0.3744901189364529,0.71424894803875993,-0.97172789331597931,-1.8255450800644495,0.58763330780635459,0.25209687449200197,0.7466678113752161,2.6594119513121366,-46.659897516424969,-31.888714978745583,-3.3897118529142793,0.37363187710424361,0.041577987480157591
9.4700000000000006,0.22200984050485301,-1.4655301327607773,2.1662629021852009,-1.5200443817512028,-1.6874118461572363,0.18418797720389171,0.26369053715646762,0.37388987146526131,1.3722827348936801,1.0930371256444926,-0.64770985477018594,0.38190951680251911,0.73494155743155942,-0.97052080343061842,-1.9045101924417271,0.4958332632398802,0.32926403297700707,0.73709949446653955,2.5273133010187161,-46.299441341107183,-31.655640979611952,-3.3339292110671286,0.36868030991868417,0.043656216851492138
9.4800000000000004,0.22468382598141204,-1.4618397211558465,2.1798892099112077,-1.5090907520885253,-1.6938711894701359,0.18804375950980567,0.27113946073683798,0.36419696857577921,1.3528501463980829,1.0975353898333118,-0.64402942441320066,0.3892298848809535,0.7546827437026058,-0.96780945903559146,-1.9817074680522206,0.40378426754859487,0.40689283732555376,0.72686401684639912,2.3916988411172824,-45.914823808655214,-31.413407656156611,-3.2760918147009255,0.36351933735579411,0.045737510729848621
9.4900000000000002,0.22743327162208957,-1.4582460780049586,2.1933173621581004,-1.4980967454543876,-1.7002898402686299,0.19197222276842313,0.27878094798773062,0.35453867893993574,1.3326546925186127,1.101112228892781,-0.63957070579787179,0.39644461758407179,0.77345075180868217,-0.96359917132768236,-2.0570727020236741,0.31156065004403349,0.48490928337443601,0.71597469485428922,2.2532486143348889,-45.508143517570652,-31.162708156108081,-3.2163850930349871,0.35816834602429759,0.047816293942526865
9.5,0.23026005405506517,-1.4547487823369298,2.2065398229240074,-1.4870715835888533,-1.7066599975313519,0.19597227816408005,0.28660516267817399,0.34492995877016819,1.3117150079512658,1.103766269402112,-0.63433019581199479,0.40354724583596019,0.79122486672321124,-0.95789685041575223,-2.1305433139399668,0.21923700974083998,0.56323858586097431,0.70444551195836591,2.1126335416628441,-45.081481167019362,-30.904233825661915,-3.1549942274368608,0.35264666558021007,0.049887035902863613
9.5099999999999998,0.23316595052800951,-1.4513472639905254,2.2195492456552564,-1.4760244982325621,-1.7129738289572152,0.20004277290045216,0.2946020667009247,0.33538568721075873,1.2900503448374487,1.1054968850085589,-0.62830514280645122,0.41053144366622563,0.80798543106655618,-0.95071099856322572,-2.202058404444756,0.12688815037369144,0.64180524932609739,0.69229110313397402,1.9705102071683953,-44.636891422024355,-30.638671995418132,-3.0921032567189726,0.34697346942226537,0.05194428197067423
9.5199999999999996,0.23615263694249169,-1.4480408044646136,2.2323384793358452,-1.4649647236468977,-1.7192234785143505,0.20418249166391569,0.30276143073250394,0.32592065045664081,1.2676805556765716,1.1063041981483035,-0.62149355333876455,0.41739103464408006,0.82371386163379412,-0.94205170185996723,-2.2715588103533686,0.034589015083595465,0.72053313994459345,0.67952673855147772,1.827516024890129,-44.176395298768213,-30.366703867783997,-3.0278942256175108,0.34116767982062896,0.053982683208597643
9.5299999999999994,0.23922168599578247,-1.4448285379266972,2.2449005744033159,-1.4539014891202191,-1.7254010740528893,0.20839015815042242,0.31107284505295124,0.31654952596327385,1.244626075695173,1.1061890811128032,-0.61389419819402335,0.42411999814592111,0.83839266480670638,-0.93193062033125185,-2.3389871582213471,-0.057585379166430299,0.79934555821434516,0.66616830659043225,1.6842648369256967,-43.701973107874785,-30.089002511746308,-2.9625463822970053,0.33524787815571161,0.055997024297569351
9.5399999999999991,0.24237456543161223,-1.4417094523788154,2.2572287884856674,-1.4428440114667165,-1.7314987349742987,0.21266443665419169,0.31952573051403754,0.3072868667632338,1.220907904688296,1.1051531564581785,-0.60550661767485714,0.43071247544974356,0.85200545083776202,-0.92036097649315696,-2.4042879163192765,-0.14956000738581815,0.87816531243498586,0.65223229619792955,1.5413429821734779,-43.215557987018073,-29.806230969943201,-2.8962354300653725,0.32923222088021065,0.057982249408271701
9.5500000000000007,0.2456126364013077,-1.4386823909796898,2.2693165919541105,-1.4318014875244554,-1.737508579949937,0.21700393371645377,0.32810934964466709,0.2981470859049512,1.19654758834928,1.1031987967558738,-0.59633112615301787,0.43716277564995387,0.86453694699500216,-0.90735754236512833,-2.4674074449652039,-0.24125990250049362,0.95691479290586501,0.63773577860948183,1.3993058653404953,-42.719030047486967,-29.519040481986231,-2.8291328377738361,0.32313836174712296,0.059933485860829319
9.5600000000000005,0.24893715193661295,-1.4357460535218078,2.2811576732866197,-1.4207830866592328,-1.743422734681394,0.221407199832411,0.33681281788195899,0.28914444102900699,1.1715671991046703,1.1003291236833803,-0.58636881587566603,0.44346538138626257,0.87597300955797464,-0.89293662495204651,-2.5282940451671378,-0.33261022138528396,1.0355160467719573,0.62269638845165531,1.2586750460030323,-42.214211152526588,-29.22806882700521,-2.7614052126241466,0.31698338077020649,0.061846065441494152
9.5700000000000003,0.25234925553541632,-1.4328989980619848,2.2927459442374585,-1.409797943280797,-1.7492333396951547,0.22587273121454499,0.34562511491653691,0.28029301909718485,1.1459893164712838,1.0965480064544388,-0.57562156002023646,0.44961495438061827,0.88630063465599962,-0.87711605020951755,-2.5868980055301618,-0.4235363109240034,1.1138908534461502,0.60713230424613385,1.1199358579073815,-41.702860338458493,-28.933938787422271,-2.6932137383232053,0.31078372030241747,0.063715543281903139
9.5800000000000001,0.25584997986143715,-1.4301396427038147,2.3040755448079304,-1.3988551493780998,-1.7549325581640189,0.23039897161029632,0.35453509614035061,0.27160672128940982,1.1198370069531265,1.0918600595887673,-0.56409201499252826,0.45560634077625123,0.89550796794120135,-0.85991514550770476,-2.6431716473836127,-0.51396377403537985,1.1919608005348565,0.59106222833570254,0.98353555951797844,-41.18666988285667,-28.637256735019037,-2.6247136807253346,0.30455512853346905,0.06553771424295074
9.5899999999999999,0.25944024555886563,-1.4274662675302516,2.3151408480138884,-1.387963747080132,-1.7605125837477082,0.23498431417212862,0.36353150418540509,0.26309924808346963,1.0931338034960827,1.0862706400219586,-0.55178362196332864,0.46143457627319201,0.90358431308993437,-0.8413547206103521,-2.6970693680860456,-0.60381853560393284,1.2696473601940337,0.57450536625306214,0.84988200821701887,-40.667262017499056,-28.338611339444888,-2.5560539622947274,0.29831261062091063,0.06730862678082046
9.5999999999999996,0.26312086018279002,-1.4248770166844114,2.3259364644456566,-1.3771327212489595,-1.7659656484450106,0.23962710337790644,0.37260298054159802,0.25478408453230555,1.0659036845188397,1.0797858435567873,-0.53870060763960348,0.46709489105476981,0.91052013912747676,-0.82145704718719426,-2.7485476824669663,-0.69302690825418489,1.3468719658415582,0.55748140555415615,0.71934284267726234,-40.146186277520819,-28.038572398440309,-2.4873768059191077,0.29207038758153125,0.069024594306594272
9.6099999999999994,0.26689251724614749,-1.4223699005965593,2.336457246616213,-1.3663709921115395,-1.7712840304497965,0.24432563699946708,0.3817380772419125,0.24667448575342885,1.0381710525388896,1.0724125006578249,-0.52484798426711832,0.47258271449986011,0.91630708657194004,-0.80024583687933093,-2.797565262366152,-0.78151565790691824,1.423556089151647,0.54001049413811364,0.59224515087345464,-39.624917472233641,-27.737689788224294,-2.4188174478205515,0.28584186298266001,0.070682204082634106
9.6199999999999992,0.27075579538382338,-1.4199427983550761,2.3466982930936968,-1.3556874079368464,-1.7764600620032083,0.24907816811723024,0.39092526860314336,0.23878346264483044,1.009960712412789,1.0641581715918327,-0.51023154886200706,0.47789367967586938,0.92093797239459252,-0.77774621793854237,-2.8440829742332063,-0.8692120690563776,1.4996213172566206,0.52211321807650235,0.46887559505302462,-39.10485425752136,-27.436492531723744,-2.3505039185518282,0.27963959738732025,0.072278323728135044
9.6300000000000008,0.2747111576343767,-1.4175934602190798,2.3566549524144622,-1.3450907377648658,-1.7814861372343016,0.25388290717861267,0.40015296301029074,0.23112376784153546,0.98129784921028307,1.0550311409170359,-0.49485788166960637,0.48302362760764644,0.92440679379501234,-0.75398471046294535,-2.8880639147516018,-0.95604400970716219,1.5749894300807725,0.50381057897514125,0.34948095980734195,-38.587318284634463,-27.135487981618791,-2.2825568903477751,0.27347529042464458,0.073810105432510403
9.6400000000000006,0.27875895083977842,-1.4153195102702165,2.366322826773132,-1.3345896641939405,-1.786354719981408,0.25873802409799695,0.40940951473276704,0.22370788192672433,0.95220800574221376,1.0450404113249789,-0.47873434384958752,0.4879686113177677,0.92670873079065608,-0.7289892002527375,-2.9294734444534161,-1.0419399959100306,1.6495824777309518,0.4851239708921905,0.23426908519768835,-38.073553895639932,-26.835161114541826,-2.2150895884292323,0.2673597702784245,0.075274987998327741
9.6500000000000004,0.28289940516343187,-1.4131184492010094,2.375697775486282,-1.3241927762328967,-1.7910583515864789,0.26364165039594323,0.41868323576060051,0.21654799991108933,0.92271705976244212,1.0341956968392847,-0.46186907438723557,0.49272489963390409,0.92784014762150424,-0.70278891131110088,-2.9682792192928371,-1.1268292558361788,1.7233228578683242,0.46607515683663114,0.12341014369881323,-37.564728331779534,-26.535973932210865,-2.1482077632413743,0.26130299031349441,0.076670696855158801
9.6600000000000001,0.28713263372659098,-1.4109876572370228,2.3847759182265986,-1.3139085622244013,-1.7955896586546816,0.26859188137528994,0.42796240764874732,0.20965601799383612,0.89285120086437253,1.0225074153762241,-0.44427098623139838,0.49728898075915556,0.92779859297186673,-0.67541437701667928,-3.0044512201482396,-1.2106417933295204,1.7961333929854597,0.4466862448718476,0.0170382175085496,-37.061932417582497,-26.238364964798656,-2.0820097200556731,0.25531403249267265,0.077995242201832307
9.6699999999999999,0.29145863236322767,-1.4089243971899457,2.393553638024565,-1.303745402845863,-1.7999413607714996,0.27358677833175876,0.43723529335772821,0.20304352061851091,0.86263690709294893,1.0099866806726312,-0.42594976166047627,0.50165756560156904,0.92658279901231355,-0.64689740999538914,-3.0379617802246983,-1.2933084508772885,1.8679374075128787,0.4269796638493138,-0.084746868507996648,-36.566181680790457,-25.942748871444348,-2.0165864018806094,0.24940111717708063,0.079246915447172273
9.6799999999999997,0.29587727949322595,-1.4069258176385921,2.4020275840349261,-1.2937115641942083,-1.80410627816965,0.27862437079663249,0.44649014907879497,0.19672176783647835,0.83210092129322299,0.99664529358726273,-0.40691584687849736,0.50582759085923557,0.92419267926616078,-0.61727107072047116,-3.0687856103306688,-1.3747609719394593,1.9386588046793425,0.40697813879785394,-0.18187750337081116,-36.078417865992677,-25.649516132505365,-1.9520215212161351,0.24357161885063586,0.080424284128402843
9.6899999999999995,0.30038833611371152,-1.4049889562346802,2.410194674065417,-1.2838151909607323,-1.8080773393381266,0.28370265880905232,0.45571523603192404,0.19070168299062784,0.80127022721688079,0.9824957327823165,-0.38718044584415601,0.50979622185767914,0.92062932530583652,-0.58656963487101588,-3.0968998220045725,-1.454932062578236,2.0082221430501805,0.38670466599422992,-0.27431608075763447,-35.599510798341093,-25.359032827922181,-1.8883917358525655,0.23783208726572588,0.081526185492128284
9.6999999999999993,0.30499144590816424,-1.4031107431301153,2.4180520968654338,-1.2740642997022233,-1.8118475885657079,0.28881961521543392,0.46489883222492484,0.18499384073158071,0.77017202540835528,0.96755114479239579,-0.36675551333636314,0.51356085513644933,0.91589500228589937,-0.55482855948042142,-3.1222839484689335,-1.5337554523290744,2.0765527126679482,0.3661824877413235,-0.36205266758543692,-35.130260552810796,-25.07164049592885,-1.8257668636589601,0.23218827347206994,0.082551718925326964
9.7100000000000009,0.30968613547289608,-1.4012880045224005,2.4255973141725589,-1.2644667722144041,-1.8154101934113207,0.29397318799348782,0.474029244162121,0.1796084553783249,0.73883370889233169,0.9518253334887935,-0.34565374726071624,0.51711912078216327,0.90999314332027714,-0.52208444790734354,-3.1449199633918377,-1.6111659542557957,2.1435766107202618,0.34543506688024156,-0.44510259221812815,-34.671399884167698,-24.78765606628377,-1.764210131128189,0.22664516016458652,0.083500237423366611
9.7200000000000006,0.31447181466029839,-1.3995174663146741,2.4328280625150471,-1.2550303490137449,-1.8187584520936935,0.29916130259828372,0.48309481849103408,0.17455536963489263,0.70728283868472641,0.93533274894756491,-0.32388858020198075,0.52046888450543494,0.9029283427127982,-0.4883750136629697,-3.1647922974373657,-1.6870995241324271,2.2092208166595806,0.32448606106324596,-0.52350399180074081,-34.223596873083714,-24.507371862215845,-1.7037784503460072,0.22120699576888217,0.084371338278906222
9.7300000000000004,0.31934777703821143,-1.3977957578867477,2.4397423547686499,-1.245762622933513,-1.8218858007927965,0.30438186432780651,0.49208395357570867,0.16984404367432249,0.6755471191491963,0.91808847573034058,-0.30147417022837175,0.52360824945945883,0.89470634805095817,-0.4537390431293527,-3.1818878525888961,-1.7614933186958892,2.2734132667006128,0.30335929681439544,-0.59731535545681136,-33.78745774465623,-24.231055665373031,-1.6445227190256579,0.21587733167440973,0.085164853170010074
9.7400000000000002,0.32431320046460582,-1.3961194159734229,2.4463384814663138,-1.2366710328399333,-1.8247858208555967,0.30963276070538565,0.50098511098530996,0.1654835446008581,0.64365437322170227,0.9001082205875317,-0.27842539095433738,0.52653555779824668,0.88533405117408814,-0.41821635720494965,-3.1961960142309969,-1.8342857529135765,2.3360829276207657,0.28207874340528161,-0.6666130969656805,-33.363529816915559,-23.958950838223416,-1.5864881382963543,0.21065906202533424,0.085880837818150688
9.75,0.32936714777667997,-1.3944848886462609,2.4526150118595522,-1.2277628574741506,-1.8274522458987821,0.31491186387640557,0.50978682688684873,0.16148253630087425,0.61163251752545855,0.88140829959399436,-0.25475782086911269,0.52924939197281384,0.87481947802814253,-0.38184777191418867,-3.2077086609779291,-1.9054165562115053,2.3971598697903787,0.26066848657319003,-0.73148918715581279,-32.952304538677915,-23.691276498580731,-1.5297145430471493,0.20555446548704659,0.086519561377370963
9.7599999999999998,0.33450856759336572,-1.3928885393948378,2.4585707947305337,-1.2190452094256292,-1.8298789688011139,0.32021703301665994,0.51847772333092745,0.15784926969275442,0.57950953739891697,0.86200562472782893,-0.23048773193910846,0.53174857576387702,0.86317177742049123,-0.34467505801921883,-3.2164201722387213,-1.9748268276090759,2.4565753393593943,0.23915270210943915,-0.79204887269240487,-32.554220578289296,-23.4282277412008,-1.4742367398029588,0.20056524842153636,0.08708149570499904
9.7699999999999996,0.33973629523010124,-1.391326651303483,2.4642049589540873,-1.2105250292425103,-1.8320600485782197,0.32554611674970707,0.52704651941959546,0.154591573385464,0.5473134618594655,0.84191768990353444,-0.20563207749297593,0.53403217504989564,0.85040120868908575,-0.30674089967277524,-3.2223274335109386,-2.0424590897076262,2.5142618295282491,0.21755562934561617,-0.84840850428502579,-32.169666927339037,-23.169975901722257,-1.4200848473413952,0.19569258892696581,0.087567304652305583
9.7799999999999994,0.34504905372465772,-1.3897954313193406,2.4695169138091297,-1.2022090796843059,-1.8339897171326909,0.33089695557058429,0.53548204234554275,0.15171684475522226,0.51507233852555401,0.82116255647121372,-0.18020847939883947,0.53609949830958803,0.83651912830141673,-0.26808885215207656,-3.2254298393973819,-2.1082573414810444,2.5701531508313771,0.19590154456559614,-0.9006934936666855,-31.798985986252728,-22.916668858581716,-1.3672846355393571,0.1909371812246759,0.087977833500634386
9.7899999999999991,0.35044545497266327,-1.3882910146075371,2.4745063490392027,-1.1941039401222284,-1.8356623858724499,0.33626738427321345,0.54377323829198798,0.14923204144926711,0.48281420852005574,0.79975883819407312,-0.15423521454390265,0.53795009685830919,0.82153797539986562,-0.22876329871464118,-3.2257292943420164,-2.1721671098175208,2.6241845003624049,0.17421473437142415,-0.94903641506337744,-31.442476601742733,-22.668431368927333,-1.3158578582623861,0.18629927990999637,0.088314098655112305
9.8000000000000007,0.3559240009713856,-1.3868094689891417,2.4791732346620377,-1.1862160010923013,-1.8370726521904739,0.34165523437883893,0.55190918318282878,0.14714367332527362,0.45056708137768886,0.77772568571696521,-0.12773120062740653,0.5395837648179721,0.80547125631086891,-0.18880940661768364,-3.2232302110836137,-2.234135499762818,2.6762925298712053,0.1525194690310516,-0.99357526334133917,-31.100397029343277,-22.425365434967532,-1.265822576468957,0.18177874362054958,0.088577277694301737
9.8100000000000005,0.3614830851702312,-1.3853467994575177,2.4835178205283128,-1.1785514590062687,-1.8382153057990613,0.34705833656282986,0.55987909327277852,0.14545779483459026,0.41835890997932984,0.75508277053920025,-0.10071598127856735,0.54100053882047994,0.78833352803640155,-0.14827308234364461,-3.2179395068276766,-2.2941112434165167,2.7264154126638092,0.13083997583603374,-1.0344518776340563,-30.772967797629246,-22.187550697618427,-1.217193468089744,0.17737507771638261,0.088768699860311925
9.8200000000000003,0.36712099392629916,-1.3838989527685914,2.4875406356299878,-1.171116311025197,-1.8390853349119556,0.35247452307719307,0.56767233556741858,0.1441799978569992,0.38621756553594166,0.73185026850529133,-0.073209710511715001,0.54220069744489474,0.77014038074734825,-0.1072009260750357,-3.2098665971393103,-2.3520447474339305,2.7744929092373383,0.10920041249729547,-1.0718105360521957,-30.460374454160096,-21.955044854747463,-1.1699821216514921,0.17308747560939092,0.088889837060134702
9.8300000000000001,0.3728359080632424,-1.3824618221004867,2.4912424871588144,-1.1639163501005296,-1.8396779322677599,0.35790163016611992,0.57527843806326673,0.14331540499430651,0.35417081264501793,0.70804884282788783,-0.045233136531754231,0.54318476038887342,0.75090841929913366,-0.065640185462799622,-3.1990233875618865,-2.4078881390874356,2.8204664315829504,0.087624840607058191,-1.1057967240983848,-30.162770176651527,-21.727884101744067,-1.1241973110395147,0.16891485842418352,0.088942295435464544
9.8399999999999999,0.37862590453159312,-1.3810312517778958,2.494624459315872,-1.1569571601871844,-1.8399885009882093,0.36333750047192298,0.58268709979820388,0.14286866332959536,0.32224628444216735,0.68369962665747341,-0.016807584903516536,0.54395348737517457,0.73065524379101365,-0.023638708732816812,-3.1854242629684277,-2.4615953108425432,2.8642791060912329,0.066137199194927637,-1.1365560766674803,-29.880278236305383,-21.506083592572388,-1.0798452492253272,0.16485591271796235,0.088927807545139029
9.8499999999999996,0.38448895816859879,-1.3796030420565115,2.4976879118731841,-1.1502441116331603,-1.8400126602650293,0.36877998542872353,0.58988820070281522,0.14284393865852407,0.29047145787044731,0.65882420521389307,0.012045058900725226,0.54450787679430335,0.70939942919132981,0.018755102824125298,-3.1690860746546998,-2.5131219634051631,2.9058758349956575,0.044761278406081635,-1.1642334910279526,-29.612994303580958,-21.289637919873449,-1.0369298192209693,0.16090912603242358,0.088848225191687794
9.8599999999999994,0.39042294355554796,-1.3781729539627505,2.5004344784887218,-1.143782356749949,-1.8397462508692031,0.37422694764124642,0.59687181124339617,0.14324491019863142,0.25887362909005485,0.63344459749524651,0.041302367560553541,0.54484916408467798,0.68716050405184559,0.061492342932748807,-3.1500281251852327,-2.5624256471979496,2.9452033562907589,0.02352069332940537,-1.1889724059601727,-29.360988589929786,-21.078521613074511,-0.99545278095283729,0.15707282009532428,0.088705512911373338
9.8699999999999992,0.39642563697043509,-1.3767367141839766,2.5028660647762861,-1.1375768255679153,-1.8391853404766889,0.37967626324611109,0.60362820184765364,0.14407476578209383,0.22747988905072544,0.6075832375800424,0.07094139055802412,0.54497881985193353,0.66395892833528947,0.10452364893766657,-3.1282721510054321,-2.6094658022249821,2.9822103020633701,0.0024388580032789794,-1.2109142402767596,-29.124307822098558,-20.872689653832978,-0.95541395317115485,0.15334518153272039,0.088501742135606867
9.8800000000000008,0.40249471843377005,-1.3752900200043607,2.5049848461320305,-1.1316322217806092,-1.8383262288047437,0.38512582425302355,0.61014785210435396,0.14533619753695098,0.19631709924910243,0.58126295553891238,0.10093867340340908,0.54489854772928858,0.63981607038083543,0.14779925088465537,-3.1038423028351199,-2.6542037962856435,3.016847255176573,-0.018461040373529986,-1.2301979822671747,-28.902977048505125,-20.672078008479119,-0.91681136992081735,0.14972428999423368,0.088239086020734367
9.8900000000000006,0.40862777384520577,-1.3738285442814586,2.5067932653195686,-1.1259530188818587,-1.8371654525531711,0.39057354086327828,0.61642145972841422,0.14703139806133456,0.165411867693225,0.55450695797262861,0.1312702774192856,0.54461028198116179,0.61475418303339424,0.19126902103116333,-3.0767651238608966,-2.6966029614997606,3.0490668042472469,-0.039156066998398534,-1.2469599201873256,-28.697001279885356,-20.476604177429646,-0.87964141149263586,0.14620814363276469,0.087919814932935894
9.9000000000000004,0.41482229720862429,-1.3723479404585761,2.5082940298158554,-1.1205434564992651,-1.8356997901450254,0.39601734376303305,0.62243994928322799,0.14916205709474389,0.13479052509597153,0.52733880819342249,0.16191180006565203,0.54411618485249658,0.58879637896291082,0.23488252373828283,-3.0470695257467044,-2.7366286291080288,3.0788235968601776,-0.059623564761894586,-1.2613335027479968,-28.506366968862896,-20.286167761816024,-0.8438989101464236,0.14279468191636666,0.087546292565358078
9.9100000000000001,0.42107569294318792,-1.3708438476079061,2.5094901089202417,-1.1154075369276044,-1.8339262662614142,0.40145518638880839,0.6281944806522316,0.15172935868995477,0.10447910131926416,0.49978240606710667,0.1928383957881061,0.54341864366652981,0.56196660520113828,0.27858906569559133,-3.0147867624841318,-2.7742481625128179,3.1060743909625836,-0.079841179258274247,-1.2734493176288191,-28.33104333530779,-20.10065104780433,-0.8095772312468883,0.13948180578326613,0.087120972655587423
9.9199999999999999,0.42738527827782546,-1.3693118954994452,2.5103847306293066,-1.1105490218654275,-1.8318421561652996,0.40688504716272361,0.63367645725205557,0.15473397888862911,0.074503302090441897,0.47186196753369986,0.22402479737066802,0.54252026767399208,0.53428961692359755,0.32233774643042662,-2.9799504021058425,-2.8094309885265059,3.1307781043853127,-0.099786883483045388,-1.283435175347492,-28.170983546293165,-19.91991960928042,-0.77666833077736519,0.1362673951811515,0.086646396263163603
9.9299999999999997,0.43374828572652369,-1.3677477096906132,2.5109813782803121,-1.1059714293579883,-1.8294449898093115,0.41230493169499322,0.63887753397983049,0.15817608390324323,0.044888486012103067,0.44360200382468307,0.25544533777420769,0.54142388465701341,0.50579095050551282,0.3660775090524121,-2.9425962962876961,-2.8421486267957885,3.1528958624380001,-0.11943900219118007,-1.291416285328145,-28.026125761141476,-19.743822929726218,-0.74516279049298606,0.13314932405858615,0.08612518955899999
9.9399999999999995,0.4401618656417346,-1.3661469166315254,2.5112837869663007,-1.1016780309494376,-1.826732555722846,0.41771287495125148,0.6437896248875512,0.16205532880742496,0.015659641886350658,0.41502730039524149,0.2870739724410008,0.54013253729124455,0.47649689588086147,0.40975719118421011,-2.9027625478668946,-2.8723747173723395,3.172391043527806,-0.13877623589017374,-1.2975155107256715,-27.896394053453719,-19.572195044228785,-0.71504983224337026,0.13012547289991788,0.085560062071314114
9.9499999999999993,0.44662308884313545,-1.3645051487807955,2.5112959397261028,-1.0976718490470396,-1.8237029046738515,0.42310694338230664,0.64840491057666672,0.16637085673633331,-0.013158633625842353,0.3861628955901848,0.31888430204538271,0.53864947926998741,0.44643446823457206,0.45332557602894658,-2.8604894763056166,-2.900085046401677,3.1892293227526736,-0.15777768444227347,-1.3018536884554996,-27.781699223148262,-19.404855202632646,-0.68631731323347078,0.12719373891515581,0.084953805325959114
9.9600000000000009,0.45312894931890302,-1.3628180497267932,2.5110220635126979,-1.0939556544999893,-1.8203543531009758,0.42848523701396024,0.6527158453063856,0.17112129859818279,-0.041542157989751895,0.3570340590625104,0.35084959567000212,0.53697817119435931,0.41563137905832143,0.49673144352485415,-2.815819581131398,-2.925257569903966,3.2033787134223122,-0.17642287025075823,-1.3045500009361715,-27.681939512393484,-19.241608554878891,-0.65895170420042137,0.12435204401330945,0.084309291812892428
9.9700000000000006,0.45967636699661624,-1.3610812793092257,2.5104666249435761,-1.0905319643951932,-1.816685486311912,0.43384589149457448,0.65671516380948614,0.17630477329754038,-0.06946718440643733,0.32766626996381037,0.38294281438671979,0.53512227623377617,0.38411600660101647,0.53992362153745932,-2.7687975033874821,-2.9478724356221968,3.2148096064618188,-0.19469176100549496,-1.3057223862576495,-27.597001239915702,-19.082246859561895,-0.63293805266273828,0.12159834070156064,0.083629474204918758
9.9800000000000004,0.46626219058083435,-1.3592905187359205,2.5096343258369789,-1.0874030400722092,-1.8126951614439875,0.43918708009812418,0.66039588780974112,0.1819188884705373,-0.096910423027022824,0.29808519492590618,0.41513663522083744,0.53308565556128618,0.35191736574557525,0.58285103703968932,-2.7194699851280602,-2.9679120029149497,3.2234948076548067,-0.21256479196343822,-1.3054879738264964,-27.526759368500507,-18.926549216682002,-0.6082599335468245,0.11893061606368159,0.082917384749828113
9.9900000000000002,0.47288320045432403,-1.3574414756897073,2.5085300985380394,-1.0845708853593359,-1.8083825101833007,0.44450701568048367,0.66375133223537175,0.18796074173160041,-0.12384906175225398,0.26831666585348241,0.4474034754767206,0.53087236356852296,0.31906507734418066,0.62546276723010097,-2.6678858269954508,-2.9853608606727269,3.2294095726850114,-0.23002288774018884,-1.3039635329946124,-27.471078020600853,-18.774282825484118,-0.58489938961474253,0.11634689397955585,0.08217613475264858
