t,torso_lift_joint_position,torso_lift_joint_velocity,torso_lift_joint_effort
0.0,0.014270075846430526,2.220446049250313e-16,-4.001
0.009630680084228516,0.014270075846430526,2.220446049250313e-16,-4.001
0.019350051879882812,0.014270075846430526,2.220446049250313e-16,-4.001
0.029592275619506836,0.014270075846430526,2.220446049250313e-16,-3.979
0.04003477096557617,0.014270075846430526,2.220446049250313e-16,-3.99
0.049224138259887695,0.014270075846430526,2.220446049250313e-16,-3.99
0.059156179428100586,0.014270075846430526,2.220446049250313e-16,-4.001
0.07079601287841797,0.014270075846430526,2.220446049250313e-16,-3.99
0.07918548583984375,0.014270075846430526,2.220446049250313e-16,-4.012
0.09011244773864746,0.014270075846430526,2.220446049250313e-16,-4.012
0.10041451454162598,0.014270075846430526,2.220446049250313e-16,-3.99
0.1101834774017334,0.014270075846430526,2.220446049250313e-16,-4.023
0.11945486068725586,0.014270075846430526,2.220446049250313e-16,-3.99
0.1294260025024414,0.014270075846430526,2.220446049250313e-16,-4.001
0.14008450508117676,0.014270075846430526,2.220446049250313e-16,-4.012
0.14909696578979492,0.014270075846430526,2.220446049250313e-16,-4.001
0.15917348861694336,0.014270075846430526,2.220446049250313e-16,-4.001
0.16948843002319336,0.014270075846430526,2.220446049250313e-16,-4.012
0.17934274673461914,0.014270075846430526,2.220446049250313e-16,-3.99
0.18922781944274902,0.014270075846430526,2.220446049250313e-16,-4.001
0.19940447807312012,0.014270075846430526,2.220446049250313e-16,-3.979
0.21039652824401855,0.014270075846430526,2.220446049250313e-16,-4.012
0.2197582721710205,0.014270075846430526,2.220446049250313e-16,-4.001
0.2292177677154541,0.014270075846430526,2.220446049250313e-16,-4.012
0.23987650871276855,0.014270075846430526,2.220446049250313e-16,-4.001
0.2496473789215088,0.014270075846430526,2.220446049250313e-16,-4.012
0.25926947593688965,0.014270075846430526,2.220446049250313e-16,-3.99
0.2693159580230713,0.014270075846430526,2.220446049250313e-16,-4.001
0.27971816062927246,0.014270075846430526,2.220446049250313e-16,-3.99
0.2892031669616699,0.014270075846430526,2.220446049250313e-16,-4.001
0.2996366024017334,0.014270075846430526,2.220446049250313e-16,-4.012
0.31026124954223633,0.014270075846430526,2.220446049250313e-16,-4.001
0.3193936347961426,0.014270075846430526,2.220446049250313e-16,-4.023
0.3292579650878906,0.014270075846430526,2.220446049250313e-16,-4.023
0.3400259017944336,0.014270075846430526,2.220446049250313e-16,-4.001
0.3498654365539551,0.014270075846430526,2.220446049250313e-16,-4.001
0.3595850467681885,0.014270075846430526,2.220446049250313e-16,-4.001
0.37010812759399414,0.014270075846430526,2.220446049250313e-16,-4.001
0.37961602210998535,0.014270075846430526,2.220446049250313e-16,-4.001
0.3895556926727295,0.014270075846430526,2.220446049250313e-16,-4.001
0.4000105857849121,0.014270075846430526,2.220446049250313e-16,-4.001
0.40970873832702637,0.014270075846430526,2.220446049250313e-16,-4.012
0.41927433013916016,0.014270075846430526,2.220446049250313e-16,-3.979
0.4291353225708008,0.014270075846430526,2.220446049250313e-16,-4.001
0.43999242782592773,0.014270075846430526,2.220446049250313e-16,-3.99
0.44936370849609375,0.014270075846430526,2.220446049250313e-16,-4.001
0.4598255157470703,0.014270075846430526,2.220446049250313e-16,-4.001
0.4702937602996826,0.014270075846430526,2.220446049250313e-16,-3.979
0.4794604778289795,0.014270075846430526,2.220446049250313e-16,-4.012
0.4891955852508545,0.014270075846430526,2.220446049250313e-16,-4.012
0.49928784370422363,0.014270075846430526,2.220446049250313e-16,-3.99
0.5095906257629395,0.014270075846430526,2.220446049250313e-16,-4.012
0.5193088054656982,0.014270075846430526,2.220446049250313e-16,-4.001
0.5298318862915039,0.014270075846430526,2.220446049250313e-16,-4.001
0.5400922298431396,0.014270075846430526,2.220446049250313e-16,-4.012
0.5498192310333252,0.014270075846430526,2.220446049250313e-16,-3.99
0.5592136383056641,0.014270075846430526,2.220446049250313e-16,-3.99
0.5695500373840332,0.014270075846430526,2.220446049250313e-16,-4.001
0.5803451538085938,0.014270075846430526,2.220446049250313e-16,-4.001
0.5891644954681396,0.014270075846430526,2.220446049250313e-16,-3.99
0.5991427898406982,0.014270075846430526,2.220446049250313e-16,-4.001
0.6097638607025146,0.014270075846430526,2.220446049250313e-16,-3.979
0.6199922561645508,0.014270075846430526,2.220446049250313e-16,-4.023
0.6290736198425293,0.014270075846430526,2.220446049250313e-16,-3.99
0.6394541263580322,0.014270075846430526,2.220446049250313e-16,-4.001
0.6491537094116211,0.014270075846430526,2.220446049250313e-16,-4.023
0.6592860221862793,0.014270075846430526,2.220446049250313e-16,-4.001
0.6690609455108643,0.014270075846430526,2.220446049250313e-16,-4.001
0.6796598434448242,0.014270075846430526,2.220446049250313e-16,-4.012
0.6894571781158447,0.014270075846430526,2.220446049250313e-16,-3.979
0.6994199752807617,0.014270075846430526,2.220446049250313e-16,-4.001
0.7096288204193115,0.014270075846430526,2.220446049250313e-16,-4.012
0.7194361686706543,0.014270075846430526,2.220446049250313e-16,-4.023
0.7292110919952393,0.014270075846430526,2.220446049250313e-16,-4.001
0.7396256923675537,0.014270075846430526,2.220446049250313e-16,-4.001
0.7492942810058594,0.014270075846430526,2.220446049250313e-16,-4.001
0.7593331336975098,0.014270075846430526,2.220446049250313e-16,-4.001
0.7693214416503906,0.014270075846430526,2.220446049250313e-16,-4.001
0.7795889377593994,0.014270075846430526,2.220446049250313e-16,-4.001
0.7892959117889404,0.014270075846430526,2.220446049250313e-16,-4.012
0.799224853515625,0.014270075846430526,2.220446049250313e-16,-3.99
0.8096859455108643,0.014270075846430526,2.220446049250313e-16,-4.001
0.819197416305542,0.014270075846430526,2.220446049250313e-16,-3.99
0.8292973041534424,0.014270075846430526,2.220446049250313e-16,-4.012
0.8391940593719482,0.014270075846430526,2.220446049250313e-16,-4.001
0.8491370677947998,0.014270075846430526,2.220446049250313e-16,-4.001
0.8597447872161865,0.014270075846430526,2.220446049250313e-16,-4.012
0.8695669174194336,0.014270075846430526,2.220446049250313e-16,-3.99
0.8792393207550049,0.014270075846430526,2.220446049250313e-16,-3.99
0.8894126415252686,0.014270075846430526,2.220446049250313e-16,-4.012
0.8999710083007812,0.014270075846430526,2.220446049250313e-16,-4.001
0.9094927310943604,0.014270075846430526,2.220446049250313e-16,-3.99
0.9193334579467773,0.014270075846430526,2.220446049250313e-16,-4.012
0.9295797348022461,0.014270075846430526,2.220446049250313e-16,-4.012
0.9398047924041748,0.014270075846430526,2.220446049250313e-16,-4.012
0.9492311477661133,0.014270075846430526,2.220446049250313e-16,-4.012
0.9591574668884277,0.014270075846430526,2.220446049250313e-16,-4.001
0.9699962139129639,0.014270075846430526,2.220446049250313e-16,-4.001
0.9795596599578857,0.014270075846430526,2.220446049250313e-16,-4.012
0.9893696308135986,0.014270075846430526,2.220446049250313e-16,-4.012
0.999596357345581,0.014270075846430526,2.220446049250313e-16,-3.99
1.0098378658294678,0.014270075846430526,2.220446049250313e-16,-4.012
1.0191659927368164,0.014270075846430526,2.220446049250313e-16,-4.001
1.0302343368530273,0.014270075846430526,2.220446049250313e-16,-4.012
1.0392522811889648,0.014270075846430526,2.220446049250313e-16,-4.012
1.0491619110107422,0.014270075846430526,2.220446049250313e-16,-3.99
1.0595951080322266,0.014270075846430526,2.220446049250313e-16,-4.001
1.0704495906829834,0.014270075846430526,2.220446049250313e-16,-4.001
1.0794682502746582,0.014270075846430526,2.220446049250313e-16,-4.001
1.0894081592559814,0.014270075846430526,2.220446049250313e-16,-4.012
1.0993530750274658,0.014270075846430526,2.220446049250313e-16,-4.012
1.1102311611175537,0.014270075846430526,2.220446049250313e-16,-4.001
1.1199896335601807,0.014270075846430526,2.220446049250313e-16,-3.99
1.1291639804840088,0.014270075846430526,2.220446049250313e-16,-4.012
1.1401169300079346,0.014270075846430526,2.220446049250313e-16,-4.001
1.149592638015747,0.014270075846430526,2.220446049250313e-16,-4.012
1.1592187881469727,0.014270075846430526,2.220446049250313e-16,-4.012
1.1692874431610107,0.014270075846430526,2.220446049250313e-16,-4.001
1.1797888278961182,0.014270075846430526,2.220446049250313e-16,-3.979
1.1891906261444092,0.014270075846430526,2.220446049250313e-16,-4.001
1.199181318283081,0.014270075846430526,2.220446049250313e-16,-4.001
1.2094440460205078,0.014270075846430526,2.220446049250313e-16,-4.001
1.2201337814331055,0.014270075846430526,2.220446049250313e-16,-4.001
1.2299790382385254,0.014270075846430526,2.220446049250313e-16,-3.99
1.2399702072143555,0.014270075846430526,2.220446049250313e-16,-4.001
1.250213623046875,0.014270075846430526,2.220446049250313e-16,-3.979
1.2593250274658203,0.014270075846430526,2.220446049250313e-16,-3.979
1.2691543102264404,0.014270075846430526,2.220446049250313e-16,-3.99
1.2801182270050049,0.014270075846430526,2.220446049250313e-16,-3.99
1.289149522781372,0.014270075846430526,2.220446049250313e-16,-4.012
1.2993278503417969,0.014270075846430526,2.220446049250313e-16,-3.99
1.3092942237854004,0.014270075846430526,2.220446049250313e-16,-3.99
1.31931471824646,0.014270075846430526,2.220446049250313e-16,-3.99
1.3291616439819336,0.014270075846430526,2.220446049250313e-16,-3.979
1.3390617370605469,0.014270075846430526,2.220446049250313e-16,-4.001
1.3500258922576904,0.014270075846430526,2.220446049250313e-16,-4.001
1.3596854209899902,0.014270075846430526,2.220446049250313e-16,-3.979
1.3692982196807861,0.014270075846430526,2.220446049250313e-16,-3.99
1.3793091773986816,0.014270075846430526,2.220446049250313e-16,-4.001
1.3900654315948486,0.014270075846430526,2.220446049250313e-16,-4.001
1.399259328842163,0.014270075846430526,2.220446049250313e-16,-3.99
1.4096808433532715,0.014270075846430526,2.220446049250313e-16,-4.012
1.4196269512176514,0.014270075846430526,2.220446049250313e-16,-3.99
1.4296202659606934,0.014270075846430526,2.220446049250313e-16,-4.001
1.4394009113311768,0.014270075846430526,2.220446049250313e-16,-4.001
1.449253797531128,0.014270075846430526,2.220446049250313e-16,-4.001
1.4601714611053467,0.014270075846430526,2.220446049250313e-16,-4.001
1.469189167022705,0.014270075846430526,2.220446049250313e-16,-4.001
1.479346752166748,0.014270075846430526,2.220446049250313e-16,-3.99
1.4894587993621826,0.014270075846430526,2.220446049250313e-16,-4.001
1.4992249011993408,0.014270075846430526,2.220446049250313e-16,-4.001
1.5092458724975586,0.014270075846430526,2.220446049250313e-16,-4.001
1.5197477340698242,0.014270075846430526,2.220446049250313e-16,-4.001
1.5301215648651123,0.014270075846430526,2.220446049250313e-16,-3.99
1.5396761894226074,0.014270075846430526,2.220446049250313e-16,-4.001
1.5494039058685303,0.014270075846430526,2.220446049250313e-16,-3.99
1.5599405765533447,0.014270075846430526,2.220446049250313e-16,-4.001
1.5693950653076172,0.014270075846430526,2.220446049250313e-16,-4.001
1.579207420349121,0.014270075846430526,2.220446049250313e-16,-4.001
1.590132713317871,0.014270075846430526,2.220446049250313e-16,-4.001
1.5999298095703125,0.014270075846430526,2.220446049250313e-16,-3.979
1.609334945678711,0.014270075846430526,2.220446049250313e-16,-4.012
1.6201586723327637,0.014270075846430526,2.220446049250313e-16,-4.001
1.6298511028289795,0.014270075846430526,2.220446049250313e-16,-4.001
1.6399998664855957,0.014270075846430526,2.220446049250313e-16,-3.99
1.6491765975952148,0.014270075846430526,2.220446049250313e-16,-4.001
1.6593775749206543,0.014270075846430526,2.220446049250313e-16,-4.001
1.6691677570343018,0.014270075846430526,2.220446049250313e-16,-4.001
1.6791338920593262,0.014270075846430526,2.220446049250313e-16,-4.001
1.6902728080749512,0.014270075846430526,2.220446049250313e-16,-4.001
1.699376106262207,0.014270075846430526,2.220446049250313e-16,-4.012
1.709259271621704,0.014270075846430526,2.220446049250313e-16,-4.012
1.7197961807250977,0.014270075846430526,2.220446049250313e-16,-4.001
1.7292943000793457,0.014270075846430526,2.220446049250313e-16,-4.001
1.7391033172607422,0.014270075846430526,2.220446049250313e-16,-4.023
1.7493515014648438,0.014270075846430526,2.220446049250313e-16,-4.001
1.7596924304962158,0.014270075846430526,2.220446049250313e-16,-4.023
1.7691686153411865,0.014270075846430526,2.220446049250313e-16,-4.001
1.7792935371398926,0.014270075846430526,2.220446049250313e-16,-4.023
1.790407419204712,0.014270075846430526,2.220446049250313e-16,-3.99
1.7997357845306396,0.014270075846430526,2.220446049250313e-16,-4.012
1.8092381954193115,0.014270075846430526,2.220446049250313e-16,-3.99
1.819462776184082,0.014270075846430526,2.220446049250313e-16,-4.001
1.8302671909332275,0.014270075846430526,2.220446049250313e-16,-4.023
1.839160680770874,0.014270075846430526,2.220446049250313e-16,-4.001
1.8491010665893555,0.014270075846430526,2.220446049250313e-16,-3.99
1.8600006103515625,0.014270075846430526,2.220446049250313e-16,-4.001
1.869933843612671,0.014270075846430526,2.220446049250313e-16,-4.012
1.8793840408325195,0.014270075846430526,2.220446049250313e-16,-4.023
1.889660120010376,0.014270075846430526,2.220446049250313e-16,-3.99
1.8992609977722168,0.014270075846430526,2.220446049250313e-16,-4.001
1.9093399047851562,0.014270075846430526,2.220446049250313e-16,-3.99
1.9195654392242432,0.014270075846430526,2.220446049250313e-16,-4.012
1.9302904605865479,0.014270075846430526,2.220446049250313e-16,-4.001
1.9400513172149658,0.014270075846430526,2.220446049250313e-16,-4.001
1.9499750137329102,0.014270075846430526,2.220446049250313e-16,-4.001
1.9596436023712158,0.014270075846430526,2.220446049250313e-16,-4.001
1.9692745208740234,0.014270075846430526,2.220446049250313e-16,-3.99
1.9792299270629883,0.014270075846430526,2.220446049250313e-16,-4.001
1.9900107383728027,0.014270075846430526,2.220446049250313e-16,-4.001
1.999983310699463,0.014270075846430526,2.220446049250313e-16,-4.001
2.009279727935791,0.014270075846430526,2.220446049250313e-16,-4.001
2.019141912460327,0.014270075846430526,2.220446049250313e-16,-4.001
2.0300514698028564,0.014270075846430526,2.220446049250313e-16,-3.99
2.0398733615875244,0.014270075846430526,2.220446049250313e-16,-3.99
2.0493149757385254,0.014270075846430526,2.220446049250313e-16,-4.012
2.0600883960723877,0.014270075846430526,2.220446049250313e-16,-3.99
2.0691921710968018,0.014270075846430526,2.220446049250313e-16,-4.012
2.0793070793151855,0.014270075846430526,2.220446049250313e-16,-4.001
2.090559482574463,0.014270075846430526,2.220446049250313e-16,-4.023
2.1001136302948,0.014270075846430526,2.220446049250313e-16,-3.99
2.1100172996520996,0.014270075846430526,2.220446049250313e-16,-4.001
2.120042562484741,0.014270075846430526,2.220446049250313e-16,-4.001
2.1292941570281982,0.014270075846430526,2.220446049250313e-16,-4.001
2.1392810344696045,0.014270075846430526,2.220446049250313e-16,-3.99
2.149118661880493,0.014270075846430526,2.220446049250313e-16,-4.001
2.1605594158172607,0.014270075846430526,2.220446049250313e-16,-4.012
2.1694984436035156,0.014270075846430526,2.220446049250313e-16,-3.99
2.1793389320373535,0.014270075846430526,2.220446049250313e-16,-3.99
2.18957781791687,0.014270075846430526,2.220446049250313e-16,-4.001
2.1996634006500244,0.014270075846430526,2.220446049250313e-16,-4.001
2.2092459201812744,0.014270075846430526,2.220446049250313e-16,-4.001
2.2192652225494385,0.014270075846430526,2.220446049250313e-16,-4.001
2.2296807765960693,0.014270075846430526,2.220446049250313e-16,-4.001
2.2393152713775635,0.014270075846430526,2.220446049250313e-16,-3.979
2.249134063720703,0.014270075846430526,2.220446049250313e-16,-4.012
2.259608745574951,0.014270075846430526,2.220446049250313e-16,-4.001
2.270124673843384,0.014270075846430526,2.220446049250313e-16,-3.99
2.2795145511627197,0.014270075846430526,2.220446049250313e-16,-4.001
2.2895426750183105,0.014270075846430526,2.220446049250313e-16,-4.012
2.2998738288879395,0.014270075846430526,2.220446049250313e-16,-4.001
2.30934476852417,0.014270075846430526,2.220446049250313e-16,-4.001
2.319774627685547,0.014270075846430526,2.220446049250313e-16,-4.001
2.329576015472412,0.014270075846430526,2.220446049250313e-16,-3.99
2.3400626182556152,0.014270075846430526,2.220446049250313e-16,-4.012
2.3491687774658203,0.014270075846430526,2.220446049250313e-16,-4.001
2.359445810317993,0.014270075846430526,2.220446049250313e-16,-4.012
2.369183301925659,0.014270075846430526,2.220446049250313e-16,-4.001
2.3793601989746094,0.014270075846430526,2.220446049250313e-16,-4.001
2.3892593383789062,0.014270075846430526,2.220446049250313e-16,-4.034
2.400233507156372,0.014270075846430526,2.220446049250313e-16,-4.001
2.4095041751861572,0.014270075846430526,2.220446049250313e-16,-3.99
2.4192073345184326,0.014270075846430526,2.220446049250313e-16,-4.012
2.4292564392089844,0.014270075846430526,2.220446049250313e-16,-3.99
2.440300703048706,0.014270075846430526,2.220446049250313e-16,-4.001
2.449310064315796,0.014270075846430526,2.220446049250313e-16,-4.001
2.4591588973999023,0.014270075846430526,2.220446049250313e-16,-4.001
2.4696171283721924,0.014270075846430526,2.220446049250313e-16,-3.99
2.47936749458313,0.014270075846430526,2.220446049250313e-16,-4.001
2.4900951385498047,0.014270075846430526,2.220446049250313e-16,-4.001
2.5000715255737305,0.014270075846430526,2.220446049250313e-16,-3.99
2.5105316638946533,0.014270075846430526,2.220446049250313e-16,-4.001
2.5200459957122803,0.014270075846430526,2.220446049250313e-16,-4.001
2.5293197631835938,0.014270075846430526,2.220446049250313e-16,-4.012
2.539498805999756,0.014270075846430526,2.220446049250313e-16,-3.979
2.5491394996643066,0.014270075846430526,2.220446049250313e-16,-4.012
2.55954647064209,0.014270075846430526,2.220446049250313e-16,-3.979
2.569335460662842,0.014270075846430526,2.220446049250313e-16,-4.001
2.5793604850769043,0.014270075846430526,2.220446049250313e-16,-4.001
2.5895559787750244,0.014270075846430526,2.220446049250313e-16,-4.001
2.5994479656219482,0.014270075846430526,2.220446049250313e-16,-4.001
2.609365224838257,0.014270075846430526,2.220446049250313e-16,-3.99
2.619250774383545,0.014270075846430526,2.220446049250313e-16,-4.001
2.6295528411865234,0.014270075846430526,2.220446049250313e-16,-3.99
2.6400516033172607,0.014270075846430526,2.220446049250313e-16,-4.001
2.6491518020629883,0.014270075846430526,2.220446049250313e-16,-4.001
2.6592650413513184,0.014270075846430526,2.220446049250313e-16,-3.99
2.669320821762085,0.014270075846430526,2.220446049250313e-16,-4.001
2.6794822216033936,0.014270075846430526,2.220446049250313e-16,-3.99
2.689352512359619,0.014270075846430526,2.220446049250313e-16,-3.979
2.6996614933013916,0.014270075846430526,2.220446049250313e-16,-3.99
2.709467649459839,0.014270075846430526,2.220446049250313e-16,-4.012
2.7200355529785156,0.014270075846430526,2.220446049250313e-16,-3.99
2.7291955947875977,0.014270075846430526,2.220446049250313e-16,-3.979
2.7391998767852783,0.014270075846430526,2.220446049250313e-16,-4.001
2.7496347427368164,0.014270075846430526,2.220446049250313e-16,-4.012
2.7594716548919678,0.014270075846430526,2.220446049250313e-16,-4.001
2.7694175243377686,0.014270075846430526,2.220446049250313e-16,-4.001
2.7798354625701904,0.014270075846430526,2.220446049250313e-16,-4.012
2.789454460144043,0.014270075846430526,2.220446049250313e-16,-4.001
2.7994160652160645,0.014270075846430526,2.220446049250313e-16,-3.99
2.8095436096191406,0.014270075846430526,2.220446049250313e-16,-4.012
2.8197317123413086,0.014270075846430526,2.220446049250313e-16,-4.012
2.829464912414551,0.014270075846430526,2.220446049250313e-16,-3.99
2.839197874069214,0.014270075846430526,2.220446049250313e-16,-4.001
2.8490912914276123,0.014270075846430526,2.220446049250313e-16,-4.012
2.8601200580596924,0.014270075846430526,2.220446049250313e-16,-4.023
2.870122194290161,0.014270075846430526,2.220446049250313e-16,-3.99
2.8791697025299072,0.014270075846430526,2.220446049250313e-16,-4.001
2.8906009197235107,0.014270075846430526,2.220446049250313e-16,-3.99
2.8995838165283203,0.014270075846430526,2.220446049250313e-16,-4.012
2.909222364425659,0.014270075846430526,2.220446049250313e-16,-4.001
2.919325828552246,0.014270075846430526,2.220446049250313e-16,-4.001
2.9297468662261963,0.014270075846430526,2.220446049250313e-16,-3.99
2.9395735263824463,0.014270075846430526,2.220446049250313e-16,-4.012
2.9490745067596436,0.014270075846430526,2.220446049250313e-16,-4.001
2.9593594074249268,0.014270075846430526,2.220446049250313e-16,-4.001
2.969295024871826,0.014270075846430526,2.220446049250313e-16,-4.001
2.9793148040771484,0.014270075846430526,2.220446049250313e-16,-3.99
2.9894485473632812,0.014270075846430526,2.220446049250313e-16,-4.012
2.99930739402771,0.014270075846430526,2.220446049250313e-16,-4.012
3.0094993114471436,0.014270075846430526,2.220446049250313e-16,-4.001
3.019357442855835,0.014270075846430526,2.220446049250313e-16,-4.001
3.0296051502227783,0.014270075846430526,2.220446049250313e-16,-4.001
3.0403831005096436,0.014270075846430526,2.220446049250313e-16,-4.001
3.0491318702697754,0.014270075846430526,2.220446049250313e-16,-4.001
3.059192180633545,0.014270075846430526,2.220446049250313e-16,-4.001
3.0700998306274414,0.014270075846430526,2.220446049250313e-16,-3.99
3.079193592071533,0.014270075846430526,2.220446049250313e-16,-3.979
3.089338779449463,0.014270075846430526,2.220446049250313e-16,-4.012
3.100395917892456,0.014270075846430526,2.220446049250313e-16,-3.99
3.1097447872161865,0.014270075846430526,2.220446049250313e-16,-4.001
3.1199588775634766,0.014270075846430526,2.220446049250313e-16,-4.012
3.1291723251342773,0.014270075846430526,2.220446049250313e-16,-3.99
3.139617443084717,0.014270075846430526,2.220446049250313e-16,-4.001
3.1491050720214844,0.014270075846430526,2.220446049250313e-16,-4.012
3.1590850353240967,0.014270075846430526,2.220446049250313e-16,-3.99
3.170062303543091,0.014270075846430526,2.220446049250313e-16,-4.001
3.1795783042907715,0.014270075846430526,2.220446049250313e-16,-4.001
3.190136671066284,0.014270075846430526,2.220446049250313e-16,-4.023
3.1999619007110596,0.014270075846430526,2.220446049250313e-16,-4.012
3.2102484703063965,0.014270075846430526,2.220446049250313e-16,-3.99
3.2192461490631104,0.014270075846430526,2.220446049250313e-16,-4.001
3.229236602783203,0.014270075846430526,2.220446049250313e-16,-4.001
3.239384412765503,0.014270075846430526,2.220446049250313e-16,-4.012
3.2491397857666016,0.014270075846430526,2.220446049250313e-16,-4.012
3.2593321800231934,0.014270075846430526,2.220446049250313e-16,-4.012
3.2690160274505615,0.014270075846430526,2.220446049250313e-16,-3.99
3.280118942260742,0.014270075846430526,2.220446049250313e-16,-4.001
3.2892520427703857,0.014270075846430526,2.220446049250313e-16,-3.99
3.2992773056030273,0.014270075846430526,2.220446049250313e-16,-4.001
3.309307098388672,0.014270075846430526,2.220446049250313e-16,-3.848
3.320148468017578,0.014270075846430526,2.220446049250313e-16,-3.793
3.3291618824005127,0.014270075846430526,2.220446049250313e-16,-4.001
3.3404412269592285,0.014270075846430526,2.220446049250313e-16,-3.574
3.3491857051849365,0.014270075846430526,2.220446049250313e-16,-3.782
3.359734296798706,0.014270075846430526,2.220446049250313e-16,-3.508
3.3693926334381104,0.014270075846430526,2.220446049250313e-16,-3.716
3.379408121109009,0.014270075846430526,2.220446049250313e-16,-3.464
3.389299154281616,0.014270075846430526,2.220446049250313e-16,-3.431
3.3993918895721436,0.014270075846430526,2.220446049250313e-16,-3.388
3.4096522331237793,0.014270075846430526,2.220446049250313e-16,-3.344
3.4194421768188477,0.014270075846430526,2.220446049250313e-16,-3.092
3.429271936416626,0.014270075846430526,2.220446049250313e-16,-3.234
3.4390597343444824,0.014270075846430526,2.220446049250313e-16,-2.982
3.449491262435913,0.014270075846430526,2.220446049250313e-16,-2.938
3.459329843521118,0.014270075846430526,2.220446049250313e-16,-3.07
3.4703073501586914,0.014270075846430526,2.220446049250313e-16,-2.807
3.4798805713653564,0.014270075846430526,2.220446049250313e-16,-2.971
3.4895100593566895,0.014270075846430526,2.220446049250313e-16,-2.719
3.499312400817871,0.014270075846430526,2.220446049250313e-16,-2.632
3.509154796600342,0.014270075846430526,2.220446049250313e-16,-2.555
3.5198371410369873,0.014270075846430526,2.220446049250313e-16,-2.73
3.5292930603027344,0.014270075846430526,2.220446049250313e-16,-2.445
3.539167881011963,0.014270075846430526,2.220446049250313e-16,-2.566
3.5496609210968018,0.014270075846430526,2.220446049250313e-16,-2.533
3.559159278869629,0.014270075846430526,2.220446049250313e-16,-2.248
3.5691704750061035,0.014270075846430526,2.220446049250313e-16,-2.401
3.5801827907562256,0.014270075846430526,2.220446049250313e-16,-2.325
3.5899837017059326,0.014270075846430526,2.220446049250313e-16,-2.281
3.599153757095337,0.014270075846430526,2.220446049250313e-16,-2.215
3.6092331409454346,0.014270075846430526,2.220446049250313e-16,-2.369
3.619137763977051,0.014270075846430526,2.220446049250313e-16,-2.084
3.6291627883911133,0.014270075846430526,2.220446049250313e-16,-2.248
3.639357328414917,0.014270075846430526,2.220446049250313e-16,-2.412
3.6495137214660645,0.014270075846430526,2.220446049250313e-16,-2.16
3.6593680381774902,0.014270075846430526,2.220446049250313e-16,-2.325
3.6692733764648438,0.014270075846430526,2.220446049250313e-16,-2.04
3.680495262145996,0.014270075846430526,2.220446049250313e-16,-2.445
3.6892971992492676,0.014270075846430526,2.220446049250313e-16,-2.193
3.699284553527832,0.014270075846430526,2.220446049250313e-16,-2.347
3.7091336250305176,0.014270075846430526,2.220446049250313e-16,-2.336
3.7196152210235596,0.014270075846430526,2.220446049250313e-16,-2.303
3.7292356491088867,0.014270075846430526,2.220446049250313e-16,-2.489
3.739225149154663,0.014270075846430526,2.220446049250313e-16,-2.478
3.7497429847717285,0.014270075846430526,2.220446049250313e-16,-2.456
3.7592813968658447,0.014270075846430526,2.220446049250313e-16,-2.423
3.7691428661346436,0.014270075846430526,2.220446049250313e-16,-2.412
3.7796623706817627,0.014270075846430526,2.220446049250313e-16,-2.401
3.7893636226654053,0.014270075846430526,2.220446049250313e-16,-2.171
3.799243211746216,0.014270075846430526,2.220446049250313e-16,-2.358
3.8091509342193604,0.014270075846430526,2.220446049250313e-16,-2.128
3.819472074508667,0.014270075846430526,2.220446049250313e-16,-2.106
3.830289840698242,0.014270075846430526,2.220446049250313e-16,-2.073
3.839991569519043,0.014270075846430526,2.220446049250313e-16,-1.821
3.850154399871826,0.014270075846430526,2.220446049250313e-16,-1.985
3.8597939014434814,0.014270075846430526,2.220446049250313e-16,-1.514
3.8691883087158203,0.014270075846430526,2.220446049250313e-16,-1.689
3.8795218467712402,0.014270075846430526,2.220446049250313e-16,-1.415
3.8903563022613525,0.014270075846430526,2.220446049250313e-16,-1.328
3.89945387840271,0.014270075846430526,2.220446049250313e-16,-1.065
3.9093072414398193,0.014270075846430526,2.220446049250313e-16,-0.966
3.920079469680786,0.014270075846430526,2.220446049250313e-16,-0.681
3.930115222930908,0.014270075846430526,2.220446049250313e-16,-0.594
3.940161943435669,0.014270075846430526,2.220446049250313e-16,-0.495
3.9501726627349854,0.014270075846430526,2.220446049250313e-16,0.031
3.9602038860321045,0.014309171944639924,0.00019435702967288018,0.152
3.969665288925171,0.014309171944639924,0.00018463917818923616,0.075
3.9793355464935303,0.014387364141058722,0.0005798632405333044,0.404
3.989433526992798,0.014465556337477519,0.000940566534570345,0.316
3.9995343685150146,0.014543748533896316,0.0012776782080226048,0.634
4.009202480316162,0.014700132926733911,0.0020227126164303853,0.382
4.019812345504761,0.014856517319571506,0.0026618680874518196,0.458
4.029341459274292,0.0150129017124091,0.0033448095145334495,0.623
4.039192199707031,0.015169286105246696,0.003970247330339533,0.962
4.049186944961548,0.01536476659629369,0.004749961770787758,0.798
4.059612274169922,0.015560247087340683,0.0054520296288985415,1.127
4.069169759750366,0.015794823676597076,0.006402846084406536,0.908
4.079240798950195,0.01595120806943467,0.006859513482045278,1.16
4.0898590087890625,0.016146688560481664,0.007437978758503941,1.302
4.099409580230713,0.016342169051528656,0.00808931234915225,1.609
4.109201908111572,0.01657674564078505,0.008880288379128676,1.598
4.1198718547821045,0.016772226131832043,0.009356450628409528,1.653
4.129250764846802,0.017045898819297835,0.010339837140338409,2.069
4.139147996902466,0.017241379310344827,0.010809034188608102,1.927
4.149043798446655,0.01751505199781062,0.011649780422152155,1.675
4.159724235534668,0.01782782078348581,0.012547947480824603,2.244
4.16924786567688,0.018140589569160998,0.013544544683072106,1.97
4.179154634475708,0.018453358354836188,0.01444161914862526,2.058
4.18963098526001,0.018766127140511377,0.015217467536255717,1.696
4.1993255615234375,0.019117992024395965,0.016268673649046703,2.124
4.209153413772583,0.019469856908280552,0.017242524304746487,1.948
4.220047235488892,0.01986081789037454,0.018181839119345056,2.036
4.230323076248169,0.020290874970677927,0.019363151673460702,1.916
4.240046739578247,0.020681835952771913,0.02039698307792337,1.828
4.250009775161743,0.0211118930330753,0.021531899730084667,2.233
4.260212659835815,0.021541950113378686,0.022568384100323514,1.981
4.269290208816528,0.021972007193682072,0.023805377734886786,2.211
4.279236078262329,0.022402064273985455,0.02477443404867889,1.675
4.290853261947632,0.02287121745249824,0.025559803761268256,1.927
4.3003990650177,0.02345765892563922,0.027361745241481116,2.08
4.310153961181641,0.023926812104152005,0.028386633937456964,1.62
4.320017576217651,0.02439596528266479,0.029344958929012926,2.146
4.329480171203613,0.024865118461177574,0.03035325974710103,2.431
4.339416742324829,0.025373367737899756,0.03139234676403289,1.751
4.349101543426514,0.02588161701462194,0.03244755145527053,1.686
4.3595263957977295,0.026389866291344124,0.033263188159012136,1.795
4.37011456489563,0.026937211666275707,0.034182103790478584,1.773
4.3793580532073975,0.027523653139416685,0.03564624651268409,1.927
4.390464782714844,0.02803190241613887,0.03616051045451184,1.609
4.400345087051392,0.02861834388927985,0.03731490812533841,2.179
4.409311771392822,0.029126593166002034,0.038270321046544264,2.058
4.419251441955566,0.029634842442724216,0.03891392624224786,1.598
4.429357528686523,0.030182187817655796,0.03967908951158125,2.222
4.439671993255615,0.03072953319258738,0.04034183238304265,1.642
4.449008226394653,0.03131597466572836,0.04145730405861929,1.477
4.4598376750946045,0.03186332004065994,0.0419164397826004,1.817
4.4693603515625,0.032449761513800926,0.0429012060031164,1.609
4.479899168014526,0.0329971068887325,0.04335018117157846,2.244
4.490031003952026,0.03362264446008288,0.04426935523646605,1.532
4.500249862670898,0.034169989835014465,0.0447449279805845,1.653
4.509253740310669,0.03471733520994605,0.04552832274838075,1.729
4.51929235458374,0.03522558448666823,0.04578305976824265,2.091
4.52997088432312,0.03581202595980921,0.046240836483924005,2.036
4.5392091274261475,0.03639846743295019,0.04709894083367946,1.675
4.549185514450073,0.03694581280788178,0.04748692957609429,1.291
4.559809684753418,0.03749315818281335,0.04769207206306093,1.784
4.569186449050903,0.03807959965595434,0.04842892206627839,2.025
4.579373598098755,0.03858784893267652,0.048500508346788415,1.762
4.589397430419922,0.0391742904058175,0.0490054315977255,1.598
4.600201845169067,0.03972163578074908,0.049092536394999706,1.959
4.609173774719238,0.04034717335209946,0.05010825134344093,1.74
4.619169235229492,0.04081632653061224,0.04994806550120872,1.927
4.629604339599609,0.041363671905543825,0.050082794228919675,1.499
4.639399766921997,0.04191101728047541,0.050363287663855325,2.058
4.64914345741272,0.04245836265540699,0.05065500370627299,1.499
4.659539699554443,0.043005708030338576,0.05075658878898606,1.368
4.669237852096558,0.04359214950347955,0.051234738553614094,1.883
4.679235935211182,0.044100398780201736,0.05121198475997861,1.817
4.6893956661224365,0.04464774415513332,0.05134625912319914,1.653
4.699481964111328,0.0451950895300649,0.05149162702476991,1.587
4.709527492523193,0.04574243490499648,0.05164107747040316,1.642
4.719683647155762,0.04628978027992806,0.05175445378561929,2.025
4.729599237442017,0.046798029556650245,0.0517315155326349,1.675
4.739142417907715,0.04734537493158183,0.052001626327169426,1.664
4.749210834503174,0.04785362420830401,0.05193123475977271,1.729
4.7601118087768555,0.048400969583235594,0.05184166791006181,1.565
4.769146203994751,0.04894831495816718,0.05227693088922665,1.894
4.780673503875732,0.04941746813667996,0.051699236414989455,1.455
4.789226293563843,0.05004300570803034,0.05277478443284419,1.894
4.799325704574585,0.050473062788333724,0.05226256294926414,2.003
4.809138298034668,0.050981312065055906,0.05223974872496415,1.444
4.819364786148071,0.05148956134177809,0.05211337637538753,1.959
4.829733610153198,0.05203690671670967,0.052146647457666756,1.368
4.8392112255096436,0.052584252091641255,0.052418036626730814,1.532
4.8492865562438965,0.05301430917194464,0.051932556805551706,1.762
4.859846591949463,0.053522558448666824,0.05175027582911351,1.894
4.869133234024048,0.05406990382359841,0.052095425118257876,1.686
4.879403829574585,0.05453905700211119,0.051775250146324586,1.401
4.89046311378479,0.05504730627883337,0.05148756275862224,1.74
4.899753570556641,0.055594651653764954,0.05185970745713096,1.861
4.909203290939331,0.05602470873406834,0.05153590279769765,1.444
4.919917345046997,0.05649386191258112,0.0511504013680824,1.861
4.929348707199097,0.05700211118930331,0.05128283903789291,1.762
4.939279556274414,0.05747126436781609,0.05107958660070442,1.565
4.949255466461182,0.05794041754632888,0.05087817537866058,1.313
4.959394454956055,0.05844866682305106,0.050838397516280796,1.938
4.969140291213989,0.05891782000156384,0.05070299263494528,1.576
4.979374408721924,0.05938697318007663,0.05045800490975178,1.368
4.990658283233643,0.05989522245679881,0.05019170244931067,1.817
5.0001139640808105,0.060403471733520994,0.05037007428267512,1.795
5.0092692375183105,0.06083352881382438,0.05019389954051082,2.069
5.019289970397949,0.06126358589412777,0.049831799458118206,1.762
5.030023097991943,0.06177183517084995,0.049712708329756716,1.795
5.039221286773682,0.06224098834936273,0.04976628953175551,1.642
5.049194097518921,0.06267104542966612,0.04943206198930604,1.499
5.059459924697876,0.0631401986081789,0.049260912968463445,1.488
5.069352865219116,0.06360935178669169,0.04915531957492211,1.938
5.0795135498046875,0.06407850496520447,0.0490066978464176,1.631
5.089574575424194,0.06450856204550785,0.04869489434552693,1.631
5.100043296813965,0.06497771522402064,0.04851222966683348,1.631
5.109413385391235,0.06544686840253343,0.04857660220775208,1.642
5.119604825973511,0.06587692548283682,0.048252812188177494,1.707
5.1293418407440186,0.0663460786613496,0.048247484766131214,1.916
5.139819622039795,0.06677613574165299,0.04788553219258128,1.795
5.149757385253906,0.06724528892016576,0.047849707825976535,1.817
5.159554719924927,0.06767534600046915,0.047656215083569056,1.718
5.169647693634033,0.06810540308077254,0.04740156578999538,1.806
5.179564714431763,0.06853546016107592,0.04719813127920619,1.861
5.189397096633911,0.06900461333958871,0.04722527682234907,1.905
5.199788570404053,0.0694346704198921,0.0469355373683315,1.576
5.209455728530884,0.06990382359840489,0.04700996157530378,1.992
5.219234228134155,0.07029478458049887,0.04665683029614125,1.806
5.22922945022583,0.07076393775901164,0.04667292456273505,1.664
5.239624261856079,0.07119399483931503,0.046414258553992956,1.664
5.249208211898804,0.07166314801782782,0.04652982641538634,1.883
5.259219169616699,0.0720932050981312,0.04634700171108893,1.532
5.2695472240448,0.07252326217843459,0.04611640336620462,1.784
5.279311656951904,0.07295331925873798,0.04600928871211606,1.784
5.2891974449157715,0.07342247243725077,0.046083046168134065,1.598
5.299364328384399,0.07385252951755415,0.0458914861778452,1.675
5.309587717056274,0.07428258659785754,0.04571482517734247,1.948
5.319725513458252,0.07475173977637031,0.04572779834492989,1.729
5.329175710678101,0.0751817968566737,0.0457098535036978,1.686
5.340000152587891,0.07561185393697709,0.045413148515793166,1.762
5.3492655754089355,0.07608100711548987,0.045670568801086664,1.762
5.359147548675537,0.07651106419579326,0.045561332337692766,1.839
5.370038986206055,0.07694112127609665,0.045269485954451696,1.51
5.3793816566467285,0.07741027445460943,0.04550051293644659,2.135
5.389176845550537,0.07780123543670342,0.045220677646177314,1.543
5.399911880493164,0.0782312925170068,0.04497711140260365,1.817
5.409913063049316,0.07873954179372898,0.045250541438498174,1.598
5.419190406799316,0.07913050277582297,0.045090699661990155,1.642
5.429132461547852,0.07952146375791697,0.044802341958747334,1.729
5.439706802368164,0.07995152083822035,0.04459780395543918,2.025
5.450062274932861,0.08042067401673313,0.04462909365861444,1.609
5.45903468132019,0.08088982719524591,0.04500921150361195,1.675
5.469376087188721,0.0812416920791305,0.04446430502604058,1.74
5.4797728061676025,0.08167174915943388,0.04431565379690289,1.97
5.489133834838867,0.08214090233794667,0.044589891077571456,1.828
5.499147653579712,0.08257095941825006,0.04450923790380238,1.444
5.5093324184417725,0.08296192040034404,0.04420665592076469,1.762
5.519362449645996,0.08339197748064743,0.04413330368527342,2.003
5.529955625534058,0.08382203456095082,0.04395413582602736,1.707
5.540198802947998,0.0842911877394636,0.04406011985736705,1.883
5.5502917766571045,0.08468214872155759,0.04378465410379187,1.948
5.55981969833374,0.08511220580186098,0.04384985415378034,1.784
5.569277048110962,0.08554226288216436,0.043929535344198314,1.686
5.579861640930176,0.08593322386425835,0.04358439506798146,1.762
5.58919095993042,0.08640237704277114,0.043912463468006896,1.981
5.599265813827515,0.08679333802486512,0.04366149604670627,1.696
5.609646797180176,0.08722339510516851,0.04355299947734752,1.696
5.619208812713623,0.0876534521854719,0.04361343197067804,1.948
5.63011360168457,0.08808350926577528,0.04340288461048702,1.62
5.639206647872925,0.08855266244428805,0.043816390140167964,1.817
5.649803161621094,0.08890452732817265,0.04328849153678899,1.74
5.659106731414795,0.08937368050668543,0.04363540243812017,1.773
5.668947696685791,0.08976464148877943,0.04343766339327095,2.146
5.679713010787964,0.09019469856908281,0.04326501094876225,1.642
5.689158201217651,0.09066385174759559,0.04358420628904148,1.62
5.69933009147644,0.09105481272968957,0.04332617638550744,1.795
5.710012674331665,0.09148486980999296,0.04318967573377278,1.85
5.720089673995972,0.09195402298850575,0.04333640195619285,1.894
5.72918963432312,0.09238408006880913,0.04353488385527675,1.521
5.7393715381622314,0.09273594495269372,0.04308492505601627,1.817
5.749379873275757,0.0932050981312065,0.04327598126401314,2.069
5.759217739105225,0.09359605911330049,0.043095110185721174,1.543
5.769174575805664,0.09402611619360388,0.043098540548975654,1.806
5.780709981918335,0.09445617327390726,0.04281334627176384,1.916
5.789243698120117,0.09492532645242005,0.043415922774284584,1.894
5.799299716949463,0.09531628743451404,0.04318686095563817,1.762
5.809601783752441,0.09574634451481742,0.04312714026182097,1.598
5.819408655166626,0.09617640159512081,0.04314726059629518,2.343
5.82919979095459,0.0965673625772148,0.04298498936565099,1.346
5.8392980098724365,0.09699741965751818,0.04296749882160253,2.003
5.849214553833008,0.09746657283603097,0.04318683777053257,1.795
5.859214782714844,0.09789662991633435,0.043171358058057205,1.466
5.8690173625946045,0.09828759089842834,0.043004774456618954,1.707
5.879905939102173,0.09871764797873173,0.042835262779233885,1.992
5.890096664428711,0.0991868011572445,0.04299028475288157,1.598
5.899190425872803,0.09961685823754789,0.043204020418073474,1.905
5.910188674926758,0.10000781921964189,0.042825127239497295,1.751
5.919765472412109,0.10047697239815466,0.04313301489411215,1.729
5.930232048034668,0.10086793338024864,0.04283776436913075,1.905
5.94009256362915,0.10133708655876143,0.04308216164824398,1.664
5.9504194259643555,0.10172804754085542,0.0428255898815259,2.135
5.960036039352417,0.1021972007193682,0.04310832241878008,1.543
5.9690282344818115,0.10258816170146219,0.04312381014082422,1.861
5.980332851409912,0.10297912268355618,0.04270243872731473,1.499
5.989351272583008,0.10344827586206896,0.04316750945559435,1.927
5.999172925949097,0.10383923684416295,0.04299342747893033,1.653
6.009221076965332,0.10426929392446634,0.042984876014504056,1.543
6.0203001499176025,0.10469935100476972,0.042790851630765195,1.938
6.030023813247681,0.10516850418328251,0.04303865413752115,1.532
6.039313793182373,0.1055594651653765,0.04299250695138072,1.642
6.0493292808532715,0.10595042614747048,0.042792454834517005,1.894
6.05923056602478,0.10638048322777387,0.04282440762078453,1.97
6.069005012512207,0.10681054030807725,0.04288042991446364,1.839
6.0802648067474365,0.10720150129017124,0.042478700090245264,1.28
6.090446710586548,0.10767065446868403,0.042659332231433256,1.905
6.09997034072876,0.10810071154898741,0.04277549203026048,1.751
6.110172271728516,0.1084916725310814,0.04255275270659484,1.587
6.120157480239868,0.10892172961138478,0.042591176766533345,2.091
6.129162073135376,0.10935178669168817,0.04282858860733245,1.784
6.139209270477295,0.10970365157557276,0.042439395973769355,1.718
6.149156093597412,0.11013370865587614,0.0424773890743718,1.97
6.15927267074585,0.11056376573617953,0.04248045320564713,1.642
6.169049024581909,0.11099382281648291,0.04255362607136174,1.532
6.179843425750732,0.1113847837985769,0.0422400968357018,1.729
6.190757751464844,0.11185393697708969,0.042278842656570746,2.003
6.199216365814209,0.11228399405739307,0.04269503442126789,1.565
6.209124803543091,0.11267495503948706,0.04253365666500843,1.762
6.219371318817139,0.11306591602158104,0.042314909538419515,2.102
6.229129076004028,0.11345687700367503,0.04220122932414545,1.938
6.239144802093506,0.11388693408397842,0.04223684734387061,1.554
6.24915075302124,0.1143169911642818,0.04227412082934698,1.861
6.260181188583374,0.11474704824458519,0.04211132709622742,1.707
6.269150733947754,0.11517710532488858,0.0423988496628259,1.499
6.279342889785767,0.11556806630698256,0.0421954432724157,2.113
6.28999662399292,0.11595902728907655,0.04192783488857031,1.696
6.300021171569824,0.11642818046758933,0.04216862037780746,2.146
6.3091888427734375,0.11685823754789272,0.04239863065809239,1.379
6.320188999176025,0.1172101024317773,0.041878314142232864,1.729
6.330224275588989,0.11767925561029009,0.04212343865144714,2.168
6.339514970779419,0.11810931269059348,0.04232986656585147,1.806
6.3491315841674805,0.11853936977089687,0.042445799189270904,1.675
6.359760761260986,0.11889123465478145,0.04198246656458075,1.762
6.369178295135498,0.11936038783329424,0.042365345750517716,2.014
6.379599332809448,0.11979044491359762,0.042313086837686545,1.477
6.390337228775024,0.12018140589569161,0.04201872585724738,1.499
6.4001898765563965,0.120611462975995,0.04209461834532521,2.168
6.4093029499053955,0.12104152005629838,0.04235754902458361,1.839
6.420019865036011,0.12143248103839237,0.042070288699423794,1.762
6.4298951625823975,0.12190163421690516,0.042328567284450246,2.003
6.4395787715911865,0.12229259519899914,0.042227098639657484,1.686
6.450011730194092,0.12272265227930253,0.042172916923655185,1.543
6.460201025009155,0.12315270935960591,0.04218147787514456,2.157
6.4692206382751465,0.1235827664399093,0.04244769185183549,1.609
6.4794228076934814,0.12397372742200329,0.042239903729247096,1.795
6.489338159561157,0.12440378450230667,0.04230264582035577,1.74
6.499844312667847,0.12483384158261006,0.04223205892749832,1.817
6.509417772293091,0.12526389866291343,0.042361055466705086,1.423
6.519908428192139,0.12565485964500742,0.04210946353280335,1.707
6.529763221740723,0.1260849167253108,0.04218410318941959,2.014
6.539294958114624,0.1265149738056142,0.04232771074015731,1.861
6.549217224121094,0.12690593478770817,0.04218110139758518,1.938
6.559332847595215,0.12733599186801156,0.0422026967205278,1.806
6.569147348403931,0.12776604894831495,0.042274927182959554,1.916
6.5791847705841064,0.12815700993040893,0.042107637382102985,1.521
6.590302467346191,0.12858706701071232,0.04193960577819213,1.773
6.599473476409912,0.1290562201892251,0.04240237742889072,1.762
6.60922384262085,0.1294471811713191,0.04228291654841103,1.74
6.619818925857544,0.12983814215341308,0.04201671825036885,2.025
6.629404783248901,0.13026819923371646,0.04215981302557911,2.102
6.639665365219116,0.13069825631401985,0.04213978663612305,1.335
6.649118423461914,0.13112831339432324,0.042305140243400964,1.751
6.659214735031128,0.13151927437641722,0.042127605569114525,2.113
6.669455289840698,0.1319102353585112,0.04193126722243245,1.751
6.679184198379517,0.1323402924388146,0.04204127378650873,1.992
6.689532041549683,0.13277034951911798,0.04201882599138351,1.686
6.6991472244262695,0.13320040659942137,0.0421500719455129,1.839
6.7094948291778564,0.13359136758151535,0.0419333802427857,1.795
6.719802379608154,0.13402142466181874,0.04192670816266301,1.883
6.729177236557007,0.13449057784033153,0.04232409704480148,1.883
6.739311933517456,0.1348424427242161,0.04194762908824946,1.795
6.749315023422241,0.1352724998045195,0.04200089757051819,2.08
6.759612321853638,0.13570255688482288,0.04198392061619701,1.894
6.76911187171936,0.13613261396512627,0.04214449756984202,1.532
6.779609680175781,0.13652357494722026,0.041902873524846056,1.839
6.790129661560059,0.13699272812573304,0.042038588453082344,1.696
6.7993223667144775,0.13742278520603643,0.04227116420383769,2.168
6.809844017028809,0.13781374618813041,0.04201644517153082,1.609
6.820030450820923,0.1382438032684338,0.042025635558119265,1.927
6.829139709472656,0.1386738603487372,0.04228212130966112,1.85
6.839186429977417,0.13906482133083117,0.04211086328495066,1.85
6.849177360534668,0.13949487841113456,0.042160598007918,1.938
6.859248638153076,0.13988583939322854,0.0419954051418605,1.751
6.869129657745361,0.14031589647353193,0.042064348058997156,1.784
6.880630970001221,0.14074595355383532,0.04183957099008307,1.675
6.889678001403809,0.1412542028305575,0.042548308040122405,2.069
6.899508714675903,0.1416060677144421,0.04220905638361015,1.773
6.9091832637786865,0.14203612479474548,0.0423187340489774,1.598
6.919733762741089,0.14246618187504886,0.042254085137698266,2.343
6.929156303405762,0.14293533505356165,0.04260874748200372,1.51
6.939310073852539,0.14332629603565564,0.042401570281976365,1.784
6.949722766876221,0.14375635311595902,0.04234894109086038,1.609
6.959361553192139,0.1441864101962624,0.04246041233192592,2.146
6.969125509262085,0.1446164672765658,0.04253736460453572,1.521
6.979672431945801,0.14500742825865978,0.04226576201599161,1.97
6.990679025650024,0.14547658143717257,0.04228379036937414,1.795
7.000057697296143,0.14594573461568536,0.04266930982053886,1.609
7.010210275650024,0.14637579169598874,0.042656100542287315,1.631
7.01928186416626,0.14676675267808273,0.04267559120390906,1.916
7.029245853424072,0.14715771366017671,0.042504907098909916,2.124
7.039201021194458,0.1475877707404801,0.0425342338822076,1.543
7.049168109893799,0.1480178278207835,0.0425664625656939,1.762
7.0599799156188965,0.14840878880287747,0.042245401965271955,1.675
7.069169998168945,0.14887794198139026,0.042679451771810276,1.872
7.079563617706299,0.14926890296348425,0.04242534710664498,1.718
7.0910561084747314,0.14969896004378763,0.04217711003272642,1.784
7.09928560256958,0.15016811322230042,0.04291789948961724,1.762
7.109186887741089,0.150519978106185,0.04254736881843026,1.729
7.119179010391235,0.1509500351864884,0.042570736143095,1.773
7.1302361488342285,0.15138009226679178,0.04239450954892349,2.321
7.13909125328064,0.15184924544530456,0.04290884533530604,1.444
7.1490678787231445,0.15220111032918915,0.04252541067314395,1.784
7.159412145614624,0.15263116740949254,0.04247746318972458,1.872
7.169146299362183,0.15306122448979592,0.042563745220630216,2.014
7.179398059844971,0.1534912815700993,0.04253040491238764,1.324
7.189658164978027,0.1539213386504027,0.04250533694063551,1.784
7.199743032455444,0.15435139573070608,0.042511254963839666,2.091
7.2103660106658936,0.15474235671280007,0.04223495454693643,1.729
7.219143390655518,0.15521150989131285,0.042773248062643925,1.729
7.229374885559082,0.15560247087340684,0.042550496619537644,1.85
7.239269733428955,0.15603252795371023,0.04258649797031,1.51
7.249130487442017,0.1564234889358042,0.04243835343645921,2.222
7.25932502746582,0.1568535460161076,0.04242787843338606,1.444
7.269207239151001,0.15728360309641098,0.04247998155758534,1.751
7.279287576675415,0.15771366017671437,0.042488642723900884,1.718
7.289386510848999,0.15810462115880836,0.04230123209115688,2.036
7.299570322036743,0.15853467823911174,0.042298162100961004,1.85
7.310325860977173,0.15896473531941513,0.042186318931984476,1.477
7.319335460662842,0.15943388849792792,0.0426700171905343,1.729
7.330134153366089,0.1597857533818125,0.04216599025471385,2.069
7.3399083614349365,0.1602549065603253,0.042464148954537775,1.707
7.349118947982788,0.16064586754241927,0.04245406295539365,1.773
7.359362602233887,0.16107592462272266,0.042431139420099975,1.631
7.370230674743652,0.16146688560481665,0.042111918722514935,1.916
7.379986047744751,0.16193603878332943,0.04240302825702604,1.707
7.389636754989624,0.16236609586363282,0.042511897496385585,1.565
7.399662971496582,0.1627570568457268,0.04233729120327156,1.773
7.409334897994995,0.1631871139260302,0.04244235202951093,2.168
7.419236660003662,0.16357807490812418,0.04229044441035708,1.631
7.429355144500732,0.16400813198842756,0.04230559786794882,1.718
7.439751148223877,0.16443818906873095,0.04225798737090083,1.532
7.449212551116943,0.16486824614903434,0.04241141381830073,1.762
7.459273815155029,0.16525920713112832,0.04223253559445624,1.751
7.469162702560425,0.1656892642114317,0.04229587024111336,1.707
7.479271650314331,0.1660802251935257,0.04211403323880231,2.025
7.4905829429626465,0.16651028227382908,0.041914184313278605,1.751
7.500028371810913,0.16697943545234187,0.04229940949061924,1.554
7.510180950164795,0.16737039643443585,0.04211124132326751,1.751
7.5199925899505615,0.16780045351473924,0.04218942310841328,2.058
7.530141830444336,0.16819141449683322,0.0420070526708328,1.938
7.540247678756714,0.168660567675346,0.04223213142760563,1.532
7.550060749053955,0.1690906247556494,0.04230310081426874,1.773
7.55979061126709,0.16948158573774338,0.042200034239010184,1.872
7.569948673248291,0.16991164281804677,0.042205796489043684,1.938
7.57951807975769,0.17034169989835016,0.04233858999358731,1.576
7.5901243686676025,0.17077175697865354,0.042249737618439434,1.861
7.600072622299194,0.1712018140589569,0.04230153276734938,1.51
7.610213756561279,0.17159277504105092,0.04211657596482346,1.729
7.619182109832764,0.1720228321213543,0.042397802166484526,1.828
7.630320072174072,0.1724137931034483,0.042037590929698325,1.686
7.640178203582764,0.17288294628196105,0.042325281683741334,1.927
7.65008020401001,0.17331300336226443,0.04236364479032332,1.795
7.660067558288574,0.17374306044256782,0.042399783426187845,1.423
7.669461250305176,0.1741340214246618,0.04236027364353953,2.113
7.679354906082153,0.17452498240675582,0.04222192952150805,1.872
7.689177751541138,0.1749550394870592,0.04229196156726395,1.477
7.700279951095581,0.1753460004691532,0.04194666749061495,1.938
7.709782838821411,0.17581515364766595,0.042307787651667844,1.532
7.719191312789917,0.17624521072796934,0.04247112839591438,1.806
7.729093313217163,0.17659707561185395,0.04212134662812173,1.51
7.739417314529419,0.17702713269215734,0.0421054263598869,2.233
7.749161243438721,0.17745718977246072,0.042201803582881635,1.85
7.759033441543579,0.17788724685276408,0.042266032423103,1.499
7.770341157913208,0.1782782078348581,0.04189240716001205,1.576
7.779435396194458,0.17874736101337085,0.04235825708985711,2.025
7.789258718490601,0.17913832199546487,0.04223043160379802,1.686
7.799395799636841,0.17952928297755885,0.04204676468265733,2.014
7.809541463851929,0.1799984361560716,0.04227635166534884,2.058
7.819455146789551,0.18038939713816562,0.0421163556341643,1.28
7.829153776168823,0.18081945421846898,0.04222615242204898,1.74
7.8400774002075195,0.181210415200563,0.04191552980241491,1.74
7.849303960800171,0.18167956837907576,0.042343241676963,1.894
7.859788417816162,0.18207052936116974,0.04208955998812626,1.543
7.8696208000183105,0.18250058644147313,0.042171971992498114,2.069
7.8806257247924805,0.18289154742356714,0.041843458175681705,1.894
7.89006781578064,0.1833607006020799,0.042228406717165504,1.51
7.900014400482178,0.1837516615841739,0.04208195825273712,2.047
7.9101409912109375,0.1841426225662679,0.04192107069733183,1.477
7.919886112213135,0.18457267964657129,0.04201805137998427,2.179
7.9291393756866455,0.18500273672687464,0.04223588606867201,1.675
7.939477920532227,0.18539369770896866,0.042015862679662765,1.718
7.9491963386535645,0.18582375478927204,0.04212614060728673,1.795
7.959716796875,0.18621471577136603,0.041876384961107634,1.773
7.970212459564209,0.18664477285166942,0.04184211538812903,1.488
7.979567527770996,0.1870748299319728,0.04203879783483399,1.751
7.989238739013672,0.1874657909140668,0.041954768360678255,1.981
7.999183177947998,0.18785675189616077,0.041821179293651686,1.981
8.009360313415527,0.18828680897646416,0.041846384456741555,1.861
8.019583463668823,0.18871686605676755,0.04185407780449038,1.521
8.02919626235962,0.18914692313707093,0.0419954784497449,1.927
8.0398850440979,0.18953788411916492,0.04172645126501426,1.883
8.050172567367554,0.1899679411994683,0.04172950664680459,1.631
8.059134721755981,0.1903979982797717,0.04203983999327904,1.916
8.069580078125,0.19078895926186568,0.04181263385632844,1.894
8.07988715171814,0.19121901634216906,0.0418049764589687,1.718
8.089233160018921,0.19164907342247245,0.04201323774872844,1.938
8.099432229995728,0.19204003440456643,0.04182945775543283,1.653
8.109387874603271,0.19247009148486982,0.04190752252943493,1.872
8.120118618011475,0.1929001485651732,0.041807619971799444,1.74
8.129120588302612,0.1933302056454766,0.04210998064951196,1.532
8.139530897140503,0.19372116662757058,0.04188114435540945,1.938
8.14924168586731,0.19415122370787397,0.041999899536549444,1.729
8.159329175949097,0.19454218468996795,0.04183577204015134,1.806
8.16923975944519,0.19501133786848074,0.04210664020016508,1.609
8.1798996925354,0.19540229885057472,0.04184100354617051,1.938
8.189367771148682,0.1958323559308781,0.042012089606227924,1.784
8.199183940887451,0.1962624130111815,0.0421045439466735,1.894
8.209937572479248,0.19665337399327548,0.04181447247271621,1.51
8.220334768295288,0.19712252717178824,0.041981652268512804,2.146
8.23003101348877,0.19755258425209163,0.04209617000328345,1.576
8.240094900131226,0.19798264133239502,0.0421331096822195,1.675
8.250179052352905,0.1984126984126984,0.042153788007885155,1.927
8.260082483291626,0.1988427554930018,0.04221790223939271,1.762
8.26904845237732,0.19923371647509577,0.04228276068162347,1.817
8.27967381477356,0.19962467745718976,0.0420134268635812,1.51
8.289178848266602,0.20005473453749315,0.04216911722396305,1.981
8.299184083938599,0.20048479161779653,0.04221176396816161,1.905
8.309636116027832,0.20091484869809992,0.04215763402930354,1.51
8.31954574584961,0.2013449057784033,0.04221963984219373,1.707
8.329211950302124,0.2017749628587067,0.04233169687197427,1.773
8.339172601699829,0.20216592384080068,0.04217418104847463,1.587
8.349335193634033,0.20259598092110406,0.04220128767351614,1.718
8.359273910522461,0.20298694190319805,0.04204226795193301,2.058
8.369138240814209,0.20345609508171084,0.04231690760244026,1.839
8.380174398422241,0.20384705606380482,0.04197201544670331,1.729
8.390148401260376,0.2043162092423176,0.042221908107204977,1.729
8.400122165679932,0.204746266322621,0.04226881966808757,1.587
8.410158634185791,0.20513722730471498,0.042103718419411365,1.773
8.419239044189453,0.20552818828680897,0.04214938858660358,2.146
8.42922306060791,0.20595824536711235,0.04219081057292899,1.905
8.439226150512695,0.20634920634920634,0.04203325726120484,1.521
8.449209928512573,0.20677926342950972,0.04208752985972569,1.959
8.460214853286743,0.2072093205098131,0.041936799764895234,1.62
8.469091892242432,0.2076784736883259,0.042479224287347066,1.872
8.479952096939087,0.20803033857221048,0.04198064031631693,1.784
8.489731073379517,0.20846039565251387,0.04207362062951183,1.85
8.500019073486328,0.20889045273281726,0.042058623852571024,1.916
8.510120391845703,0.20932050981312064,0.04209216066826239,1.74
8.519670963287354,0.20975056689342403,0.04223266413736449,1.795
8.529144763946533,0.210141527875518,0.042180115936080495,1.751
8.539146900177002,0.210532488857612,0.04202375503396389,2.003
8.549144506454468,0.21096254593791539,0.04207580628171818,1.872
8.559086799621582,0.21139260301821877,0.04213152289563315,1.62
8.569433689117432,0.21182266009852216,0.042106573644376595,1.532
8.579825401306152,0.21225271717882555,0.04207581558932329,1.784
8.589359760284424,0.21268277425912893,0.04221791506444349,2.124
8.59937858581543,0.21307373524122292,0.042066125635536904,1.51
8.60933256149292,0.2135037923215263,0.042112319542857914,1.828
8.619378089904785,0.2138947533036203,0.04195437590531011,2.047
8.629212141036987,0.21432481038392368,0.04204643315167388,1.751
8.63990068435669,0.21471577136601766,0.041772206564960425,1.839
8.649226665496826,0.21518492454453045,0.04219267371703909,1.894
8.659148693084717,0.21557588552662443,0.04204855325424761,1.762
8.670132398605347,0.21596684650871842,0.041728352156992256,1.883
8.679755687713623,0.2164359996872312,0.04209363319147459,2.135
8.68933892250061,0.2168269606693252,0.042014655892418463,1.532
8.699198961257935,0.21725701774962858,0.04209573679819202,1.861
8.709485054016113,0.21764797873172256,0.04189861829189706,2.179
8.719770193099976,0.21807803581202595,0.04188454174352319,1.554
8.729602098464966,0.21850809289232934,0.04197529203621278,1.609
8.739317178726196,0.21889905387442332,0.04189061084789808,2.08
8.749848365783691,0.2193291109547267,0.041836023932281495,1.762
8.759416341781616,0.2197591680350301,0.04199098477310033,2.003
8.769797801971436,0.22015012901712408,0.04178014268293456,1.587
8.779879093170166,0.22058018609742747,0.04182317918495373,1.959
8.789512872695923,0.22101024317773085,0.041955697656076874,1.806
8.799349069595337,0.22140120415982484,0.041850930611971454,1.532
8.809532642364502,0.22179216514191882,0.04168226548411582,2.2
8.819814920425415,0.2222222222222222,0.041681797630139024,1.707
8.829138040542603,0.2226522793025256,0.041896913143409834,1.795
8.840036869049072,0.22304324028461958,0.04159675536894072,1.85
8.849192380905151,0.22351239346313237,0.042078123418356456,1.828
8.859537839889526,0.22386425834701698,0.04167425522253342,1.751
8.869109869003296,0.22429431542732034,0.04183377134075886,1.795
8.87972640991211,0.22472437250762373,0.04177864240845885,2.113
8.889462232589722,0.22519352568613651,0.042088173045694635,1.729
8.899658203125,0.2255844866682305,0.04189797464703128,1.773
8.909390449523926,0.22601454374853389,0.04201466888492481,1.609
8.920155048370361,0.22644460082883727,0.0419120088116397,2.157
8.929083347320557,0.22691375400735006,0.04243513076979223,1.686
8.93912959098816,0.22726561889123464,0.04206399857293493,2.036
8.949358701705933,0.22769567597153803,0.04206387194301467,1.927
8.959142208099365,0.22812573305184142,0.04215739464136063,1.927
8.969166040420532,0.2285557901321448,0.04219298211353968,1.565
8.980163812637329,0.2289858472124482,0.04204417070288834,1.839
8.990082025527954,0.22941590429275158,0.04210382347179955,1.916
8.99913763999939,0.22984596137305496,0.04237083173852968,1.686
9.009151935577393,0.23023692235514895,0.04220665572069319,2.036
9.019738674163818,0.23066697943545234,0.04212596690733289,2.124
9.029173135757446,0.23109703651575572,0.042296712683336,1.664
9.039170026779175,0.2314879974978497,0.04213565075787566,1.839
9.049583673477173,0.2319180545781531,0.042097607040309716,1.948
9.060099363327026,0.23234811165845648,0.04203766523988145,1.916
9.069099187850952,0.23277816873875987,0.04231739697869362,1.565
9.07967758178711,0.23316912972085385,0.042053849700737854,2.146
9.090495824813843,0.23359918680115724,0.04193565178865974,1.817
9.10029411315918,0.23402924388146062,0.0420400967289736,2.19
9.110027074813843,0.234459300961764,0.04213863933808158,1.434
9.120145559310913,0.234850261943858,0.04197055248421495,2.124
9.129172325134277,0.23528031902416138,0.04224637639087885,1.981
9.139120817184448,0.23567128000625537,0.04209587972346077,2.003
9.149197578430176,0.23610133708655875,0.04212889871035718,1.609
9.159324169158936,0.23649229806865274,0.04195091494154151,1.85
9.169410705566406,0.23692235514895613,0.04198172234246188,1.927
9.17917537689209,0.2373524122292595,0.04208301816249534,1.696
9.190205335617065,0.2377433732113535,0.041753939045682954,2.058
9.199562311172485,0.23821252638986629,0.04217953369996057,1.85
9.209189414978027,0.23860348737196027,0.042090162168548356,1.806
9.219558477401733,0.23899444835405426,0.04187412309644569,2.058
9.230427265167236,0.23942450543435764,0.04175747562462925,1.959
9.239020586013794,0.23989365861287043,0.04239252973637249,1.773
9.249047756195068,0.24024552349675501,0.04202858200204723,2.069
9.259692192077637,0.2406755805770584,0.04196871898879536,1.981
9.269227504730225,0.2411056376573618,0.04209834195666364,2.168
9.27945852279663,0.24149659863945577,0.04190083929467603,1.696
9.290076494216919,0.24196575181796856,0.042022036875271056,1.872
9.299638509750366,0.24239580889827195,0.04217357734610029,1.992
9.309376001358032,0.24278676988036593,0.04206387476833517,1.62
9.31960153579712,0.24317773086245992,0.0418692549363672,2.168
9.329228639602661,0.2436468840409727,0.04221372511139639,2.179
9.339117527008057,0.2440378450230667,0.042077850783416096,1.664
9.349077224731445,0.24446790210337008,0.0421308108305169,1.675
9.360160827636719,0.24485886308546406,0.041791210574432296,2.058
9.369366884231567,0.24532801626397685,0.04225179695205413,1.916
9.379405736923218,0.24571897724607084,0.0420835854803186,1.675
9.390494585037231,0.24614903432637422,0.041924253498635856,1.981
9.40009093284607,0.246618187504887,0.042281262742766786,2.409
9.409202814102173,0.247009148486981,0.04229095452969519,1.642
9.419705390930176,0.24740010946907498,0.042040201144938304,2.003
9.429433584213257,0.24786926264758777,0.04234486928338487,2.233
9.43912148475647,0.24826022362968175,0.042243533496145604,1.62
9.44908332824707,0.24869028070998514,0.042290760737773186,1.696
9.459978103637695,0.24912033779028853,0.0421712058464579,1.948
9.469148874282837,0.2495503948705919,0.04237504370949154,1.642
9.479313135147095,0.2499413558526859,0.04217834597212917,2.091
9.489664793014526,0.2503714129329893,0.04215250325698931,1.981
9.499377012252808,0.25080147001329267,0.04225881506926632,1.894
9.509273529052734,0.2512315270935961,0.04231681973651078,1.85
9.519438743591309,0.25162248807569004,0.042119797179905466,1.686
9.530379056930542,0.25205254515599346,0.041979652057997426,2.179
9.539276361465454,0.2525216983345062,0.04251594101015708,1.97
9.549043893814087,0.25291265931660023,0.04238863692560149,1.675
9.559771060943604,0.2533427163969036,0.042276176279949514,1.959
9.569294214248657,0.25377277347720695,0.04241777587461052,2.091
9.579254150390625,0.25416373445930096,0.04225764111516549,1.872
9.589792966842651,0.2545937915396044,0.04218833718963416,1.762
9.600246667861938,0.25506294471811713,0.04233453884965151,2.19
9.609367609024048,0.2554930017984205,0.04256489583671903,1.532
9.619607925415039,0.2558839627805145,0.04234200441401081,1.861
9.629358768463135,0.25631401986081787,0.04243357855190576,2.179
9.639373779296875,0.2567049808429119,0.042255904421728004,1.817
9.649113416671753,0.25713503792321524,0.04234823158562825,1.85
9.659338474273682,0.25756509500351865,0.04233974578810971,1.992
9.669455528259277,0.2579560559856126,0.042153283962624466,1.598
9.679211616516113,0.258386113065916,0.04224490592137141,2.08
9.689603328704834,0.2588161701462194,0.042204710000905504,1.97
9.699686527252197,0.2592462272265228,0.04224054159290118,1.894
9.71001935005188,0.25967628430682616,0.04220034148482131,1.62
9.719295263290405,0.26010634138712957,0.04239902846704372,2.08
9.729673385620117,0.2604973023692235,0.04216898588634067,1.85
9.739251852035522,0.26092735944952694,0.042295850425872326,1.817
9.749120235443115,0.2613183204316209,0.042158465573407036,1.959
9.759212970733643,0.2617483775119243,0.042182352364286003,1.872
9.769169330596924,0.26217843459222767,0.04223394080074899,1.85
9.779267311096191,0.2626084916725311,0.04225402212833013,1.686
9.790046453475952,0.26299945265462504,0.04195302420813228,2.102
9.800205945968628,0.26342950973492846,0.041976233997898536,1.817
9.810229063034058,0.2638595668152318,0.04202261137383296,2.08
9.819408655166626,0.26428962389553523,0.04225342083724957,1.773
9.829904079437256,0.2646805848776292,0.04200323468247664,2.047
9.83977484703064,0.2651106419579326,0.0420825792082469,1.905
9.849172115325928,0.26554069903823596,0.04226497867429483,2.244
9.859398603439331,0.26593166002033,0.04206171512501748,1.642
9.869439840316772,0.26636171710063333,0.042105764064830395,1.894
9.879402160644531,0.26679177418093675,0.04215199688162775,1.773
9.889323949813843,0.2671827351630307,0.04201464077796607,2.058
9.899537324905396,0.2675736961451247,0.04183190518788887,2.157
9.910270690917969,0.2680428493236375,0.041922314826090226,1.806
9.919410228729248,0.2684729064039409,0.042174597489263055,1.916
9.930070877075195,0.26886386738603485,0.04190639665396838,1.883
9.940112590789795,0.26929392446633826,0.04195740118118081,2.255
9.949401617050171,0.2697239815466416,0.04215812084284255,1.905
9.95976209640503,0.27011494252873564,0.04193830042931223,1.696
9.97037410736084,0.270544999609039,0.04187836349582405,2.036
9.979350566864014,0.2710141527875518,0.04237564068779161,2.211
9.989408493041992,0.27136601767143637,0.04200395844090169,1.762
9.999748945236206,0.2717960747517398,0.041989208508205624,2.025
10.010327577590942,0.27218703573383374,0.04173541327354078,2.069
10.019283056259155,0.27265618891234655,0.04225832372703007,1.664
10.030043840408325,0.2730471498944405,0.041962178718951144,2.047
10.039318561553955,0.2734772069747439,0.042186861742713216,1.959
10.04923129081726,0.2738681679568379,0.042044283067080815,2.343
10.059143781661987,0.2742982250371413,0.042113111216492125,1.598
10.069263219833374,0.27468918601923525,0.04194115883680285,2.08
10.079602241516113,0.27511924309953867,0.04191933383694657,1.948
10.09004259109497,0.27558839627805143,0.04206843414929696,1.948
10.100028991699219,0.27601845335835484,0.04212188990794887,1.784
10.110000133514404,0.2764485104386582,0.042168032462625224,1.861
10.11937928199768,0.2768394714207522,0.04214550098327444,1.894
10.130120992660522,0.2772695285010556,0.04203738361158822,2.047
10.140191793441772,0.2777386816795684,0.04227223394763622,2.014
10.150074005126953,0.27812964266166235,0.042129900542025034,2.08
10.159929752349854,0.27855969974196576,0.042200976975629224,1.718
10.169153451919556,0.2789897568222691,0.0424251669539136,1.981
10.179614305496216,0.27938071780436313,0.04217604807515346,1.861
10.190245866775513,0.2798107748846665,0.04208657247917819,1.948
10.200076341629028,0.2802799280631793,0.042371376324716686,1.729
10.210188865661621,0.28067088904527326,0.042182316174438204,1.784
10.219131708145142,0.2811009461255767,0.04247601886817804,2.299
10.229124307632446,0.28149190710767064,0.04230535095336645,2.036
10.239938259124756,0.28188286808976465,0.04200008594131573,1.872
10.249388694763184,0.2823520212682774,0.0423844354762862,1.883
10.2591233253479,0.2827429822503714,0.042268546751727205,1.861
10.26984429359436,0.2831339432324654,0.041982750275958804,1.872
10.279750108718872,0.2836030964109782,0.04225320227068469,2.124
10.289255380630493,0.28399405739307215,0.04219129717832442,2.014
10.299754619598389,0.28438501837516617,0.04194622120195863,1.686
10.309369325637817,0.2848541715536789,0.04228480385834505,2.31
10.319424867630005,0.28524513253577294,0.04211386616838287,1.806
10.329177141189575,0.2856751896160763,0.042208646668096414,1.686
10.339763164520264,0.2860661505981703,0.041947583036721525,2.365
10.349256038665771,0.28649620767847367,0.042111937570816715,1.773
10.359487295150757,0.2868871686605677,0.04191702783658387,1.872
10.369909524917603,0.28731722574087104,0.04188436120070348,1.938
10.379574060440063,0.28778637891938386,0.042216424199662685,2.19
10.390013456344604,0.2881773399014778,0.041978894791968785,1.784
10.39923095703125,0.28860739698178123,0.042209488801560065,2.102
10.409190893173218,0.2889983579638752,0.04206062980460884,1.992
10.419314622879028,0.2894284150441786,0.042095222142437105,1.773
10.429359197616577,0.28985847212448196,0.042122234964738506,2.113
10.439385414123535,0.2902885292047854,0.04215845243576415,1.74
10.4492928981781,0.29071858628508873,0.04222121685175471,1.773
10.459434270858765,0.29114864336539215,0.042235934795106095,1.872
10.4700345993042,0.2915396043474861,0.041961027520391235,2.124
10.479382991790771,0.2920087575259989,0.04236947155654013,1.959
10.490692615509033,0.2923997185080929,0.04198047656140225,1.817
10.500098466873169,0.2929079677848151,0.04259180331013085,2.036
10.510117769241333,0.29325983266869965,0.04221102301955505,2.124
10.51937460899353,0.29372898584721246,0.0426337945887174,1.74
10.53024959564209,0.294080850731097,0.04212381007659861,2.102
10.540075302124023,0.29455000390960984,0.04239647920904883,1.883
10.550073623657227,0.2949800609899132,0.0424243846373676,1.97
10.559863090515137,0.2954101180702166,0.04250201863743259,1.817
10.569336175918579,0.29584017515051997,0.04264577255391056,1.751
10.579156160354614,0.296231136132614,0.042502963678230955,2.157
10.589303493499756,0.29666119321291734,0.042496739130876246,2.003
10.599242448806763,0.29713034639143016,0.04273455917432083,1.861
10.609245538711548,0.2975213073735241,0.04254946433193391,1.455
10.619227886199951,0.2979513644538275,0.04257688799617929,2.113
10.629472970962524,0.2983814215341309,0.042546490845643596,2.025
10.639480590820312,0.2988114786144343,0.042566113845534666,1.872
10.649141311645508,0.29920243959652826,0.0424594894731161,1.905
10.660032987594604,0.29963249667683167,0.04231155509343866,2.047
10.669290542602539,0.30010164985534443,0.04272687156354831,1.959
10.679259777069092,0.30045351473922904,0.04235467806091059,2.146
10.689671516418457,0.3008835718195324,0.0423031865946359,1.817
10.699683666229248,0.3013527249980452,0.042531131859269905,2.255
10.709798097610474,0.3017436859801392,0.042338709121201995,1.686
10.71937370300293,0.3021737430604426,0.04246450606614082,1.927
10.729265689849854,0.30256470404253655,0.042315360190014674,2.222
10.739907264709473,0.30299476112283996,0.04222647087031462,1.675
10.74913477897644,0.3034639143013527,0.042648909231120496,1.894
10.759084939956665,0.30385487528344673,0.042476150259079914,1.992
10.770076274871826,0.3042458362655407,0.04213640927816026,1.631
10.779440879821777,0.3047149894440535,0.04252788120323629,2.266
10.789262056350708,0.30514504652435687,0.04259058079688604,1.729
10.79939317703247,0.3055751036046603,0.04258391339506039,1.751
10.809811115264893,0.30596606458675424,0.04233721406872994,2.047
10.81928277015686,0.30639612166705765,0.042478763778814495,1.696
10.829152822494507,0.306826178747361,0.04253205904531525,2.025
10.840051174163818,0.307217139729455,0.04220493303320816,1.85
10.8500497341156,0.3076862929079678,0.0424335878322439,2.08
10.859730958938599,0.30811634998827114,0.042532648600306304,1.696
10.869069337844849,0.30850731097036516,0.04249574594657785,1.97
10.880069732666016,0.30889827195245917,0.04215755628555923,2.124
10.889566898345947,0.30936742513097193,0.04250650264373674,1.916
10.899360656738281,0.30975838611306594,0.04237486755193667,1.762
10.90959882736206,0.3101884431933693,0.04236652448722335,1.642
10.91948390007019,0.3106185002736727,0.042412046230671886,2.288
10.929237604141235,0.3110094612557667,0.042294842463336736,1.74
10.939246654510498,0.3114004222378607,0.04213225676002514,1.894
10.949496746063232,0.31183047931816404,0.042130048876287324,2.255
10.959743022918701,0.31226053639846746,0.04211581531027739,1.992
10.969040155410767,0.3126905934787708,0.04231839549938846,1.664
10.980872631072998,0.31308155446086483,0.04186003879947918,2.014
10.990614414215088,0.313589803737587,0.04237725378808496,2.08
10.999200582504272,0.31398076471968095,0.042524121251766384,1.948
11.00935411453247,0.31433262960356556,0.042131881051451714,1.894
11.019421815872192,0.3148017827820783,0.042354545668179464,2.485
11.0291268825531,0.31523183986238174,0.04245320142626595,1.466
11.039291143417358,0.31562280084447575,0.04225204431335013,1.718
11.049472093582153,0.3160528579247791,0.04225340953856506,2.014
11.059264659881592,0.31648291500508247,0.0423337728318292,1.861
11.06904673576355,0.3168738759871765,0.04220945282038691,1.905
11.079793930053711,0.3173039330674799,0.04210900729572425,2.003
11.089282989501953,0.31773399014778325,0.04226012511429312,1.883
11.099275588989258,0.31812495112987726,0.04210395143896833,2.124
11.109502077102661,0.3185550082101806,0.04210376943523142,1.784
11.119645833969116,0.31894596919227464,0.041921751261080456,2.069
11.129079580307007,0.319376026272578,0.04210250263836401,1.905
11.139713525772095,0.3198060833528814,0.042020349777921503,2.014
11.150061130523682,0.32019704433497537,0.041807264379337836,1.85
11.160076141357422,0.3206661975134881,0.04206018972826077,2.08
11.170077800750732,0.32109625459379154,0.04210519454783908,1.729
11.179818630218506,0.3215263116740949,0.04221148320848017,2.058
11.189368724822998,0.3219172726561889,0.04214318355449996,1.872
11.199203491210938,0.32234732973649227,0.042223940847632264,1.916
11.209143161773682,0.3227382907185863,0.042076468739863704,2.157
11.220086574554443,0.32316834779888964,0.04194094973985299,1.434
11.229463338851929,0.32363750097740246,0.0423556908404112,2.08
11.240025758743286,0.3240284619594964,0.04207692597811883,1.828
11.249591827392578,0.32449761513800923,0.042428404369238115,1.948
11.259320497512817,0.3248885761201032,0.042319249499505496,2.102
11.270052194595337,0.3252795371021972,0.04201902071542701,1.762
11.279371976852417,0.32574869028070996,0.04243369000502646,2.211
11.289656639099121,0.326139651262804,0.04221863019986281,1.861
11.299713134765625,0.32656970834310733,0.042239056779011644,1.707
11.309911012649536,0.32699976542341075,0.04223520497500822,2.003
11.319716930389404,0.3273907264055047,0.042120087488839,1.642
11.329873085021973,0.3278207834858081,0.042125949236238955,1.927
11.33920931816101,0.3282508405661115,0.04232186753055985,1.74
11.349668025970459,0.3286027054499961,0.04188998770186232,1.686
11.360043287277222,0.3289936664320901,0.04168246199570519,1.499
11.369748830795288,0.32938462741418406,0.04160573085122526,1.806
11.37934684753418,0.3297755883962781,0.04156101432720261,1.357
11.390129566192627,0.33012745328016263,0.04112085233931438,1.686
11.399168968200684,0.33047931816404724,0.041003101250462096,1.565
11.409170389175415,0.3307920869497224,0.04051649976441561,1.335
11.420142889022827,0.3311048557353976,0.039917595006565124,1.521
11.429101943969727,0.3314567206192822,0.03988552488847395,1.466
11.439086437225342,0.331730393306748,0.03925768868038388,1.291
11.449593305587769,0.3320040659942138,0.038599463519760506,1.094
11.459237575531006,0.3322777386816796,0.038084858145807095,1.609
11.469027519226074,0.33247321917272654,0.03717753214276885,1.006
11.479337692260742,0.33270779576198295,0.036456266953657654,1.149
11.490121364593506,0.33290327625302996,0.03554237628165547,1.138
11.499242782592773,0.33309875674407696,0.034833348078709386,1.346
11.51006817817688,0.3332160450387051,0.03363324173709007,1.061
11.519325494766235,0.3333333333333333,0.03258723006369998,1.455
11.529484510421753,0.3334506216279615,0.03153385218694276,1.225
11.539098024368286,0.3335288138243803,0.030363263947999368,1.006
11.549280166625977,0.3336070060207991,0.029228629934289378,1.357
11.559807538986206,0.3336461021190085,0.027953169378924385,1.39
11.569094181060791,0.3336851982172179,0.026765523720477108,1.379
11.57950472831726,0.33372429431542733,0.025614981087782016,1.171
11.589998006820679,0.33376339041363673,0.024520692303754865,1.335
11.599420070648193,0.33376339041363673,0.02329465768856712,1.335
11.60923957824707,0.33376339041363673,0.02212992480413876,1.324
11.619563579559326,0.33376339041363673,0.02102342856393182,1.313
11.630405187606812,0.33376339041363673,0.01997225713573523,1.313
11.639090299606323,0.33376339041363673,0.018973644278948466,1.28
11.649235963821411,0.33376339041363673,0.01802496206500104,1.28
11.659366846084595,0.33376339041363673,0.01712371396175099,1.269
11.669198751449585,0.33376339041363673,0.016267528263663438,1.258
11.679174661636353,0.33376339041363673,0.015454151850480265,1.247
11.690968036651611,0.33376339041363673,0.014681444257956252,1.258
11.700090408325195,0.33376339041363673,0.01394737204505844,1.225
11.709948778152466,0.33376339041363673,0.013250003442805516,1.225
11.71966552734375,0.33376339041363673,0.01258750327066524,1.225
11.729488611221313,0.33376339041363673,0.011958128107131977,1.203
11.73923635482788,0.33376339041363673,0.011360221701775378,1.192
11.749171495437622,0.33376339041363673,0.010792210616686608,1.203
11.759228706359863,0.33376339041363673,0.010252600085852277,1.192
11.769176959991455,0.33376339041363673,0.009739970081559662,1.181
11.779470205307007,0.33376339041363673,0.00925297157748168,1.171
11.790709495544434,0.33376339041363673,0.008790322998607596,1.138
11.799599409103394,0.33376339041363673,0.008350806848677216,1.149
11.809336185455322,0.33376339041363673,0.007933266506243354,1.149
11.819352865219116,0.33376339041363673,0.007536603180931186,1.127
11.830221176147461,0.33376339041363673,0.007159773021884626,1.116
11.839299201965332,0.33376339041363673,0.006801784370790395,1.116
11.849567174911499,0.33376339041363673,0.006461695152250875,1.094
11.860389471054077,0.33376339041363673,0.006138610394638331,1.094
11.86919379234314,0.33376339041363673,0.005831679874906414,1.072
11.879140615463257,0.33376339041363673,0.005540095881161093,1.072
11.890575170516968,0.33376339041363673,0.0052630910871030384,1.072
11.899587154388428,0.33376339041363673,0.004999936532747887,1.039
11.909243106842041,0.33376339041363673,0.004749939706110492,1.039
11.920055866241455,0.33376339041363673,0.004512442720804967,1.039
11.929929494857788,0.33376339041363673,0.004286820584764719,1.028
11.939111471176147,0.33376339041363673,0.004072479555526483,1.017
11.949098110198975,0.33376339041363673,0.0038688555777501585,1.006
11.960696697235107,0.33376339041363673,0.0036754127988626504,0.995
11.970127820968628,0.33376339041363673,0.003491642158919518,0.995
11.979179859161377,0.33376339041363673,0.003317060050973542,0.984
11.989352464675903,0.33376339041363673,0.003151207048424865,0.951
11.999393463134766,0.33376339041363673,0.0029936466960036215,0.973
12.009310007095337,0.33376339041363673,0.0028439643612034405,0.951
12.019338130950928,0.33376339041363673,0.0027017661431432685,0.962
12.029170274734497,0.33376339041363673,0.002566677835986105,0.929
12.039423704147339,0.33376339041363673,0.0024383439441867994,0.919
12.049225091934204,0.33376339041363673,0.0023164267469774594,0.919
12.059577226638794,0.33376339041363673,0.0022006054096285863,0.897
12.070300340652466,0.33376339041363673,0.002090575139147157,0.886
12.079203367233276,0.33376339041363673,0.001986046382189799,0.864
12.089784383773804,0.33376339041363673,0.0018867440630803089,0.886
12.100254535675049,0.33376339041363673,0.0017924068599262934,0.886
12.109307765960693,0.33376339041363673,0.0017027865169299786,0.853
12.119537830352783,0.33376339041363673,0.0016176471910834796,0.853
12.129395246505737,0.33376339041363673,0.0015367648315293056,0.831
12.139633417129517,0.33376339041363673,0.0014599265899528403,0.831
12.149264812469482,0.33376339041363673,0.0013869302604551982,0.831
12.159512519836426,0.33376339041363673,0.0013175837474324382,0.831
12.1696138381958,0.33376339041363673,0.0012517045600608163,0.798
12.17920207977295,0.33376339041363673,0.0011891193320577754,0.798
12.189228534698486,0.33376339041363673,0.0011296633654548866,0.776
12.19926118850708,0.33376339041363673,0.0010731801971821421,0.765
12.209259271621704,0.33376339041363673,0.001019521187323035,0.765
12.219191551208496,0.33376339041363673,0.0009685451279568832,0.765
12.229400634765625,0.33376339041363673,0.0009201178715590389,0.754
12.239159107208252,0.33376339041363673,0.000874111977981087,0.754
12.249548435211182,0.33376339041363673,0.0008304063790820326,0.732
12.259994268417358,0.33376339041363673,0.0007888860601279309,0.732
12.269307851791382,0.33376339041363673,0.0007494417571215343,0.721
12.279257535934448,0.33376339041363673,0.0007119696692654575,0.699
12.289612293243408,0.33376339041363673,0.0006763711858021847,0.721
12.299959182739258,0.33376339041363673,0.0006425526265120754,0.699
12.309269666671753,0.33376339041363673,0.0006104249951864716,0.688
12.32007098197937,0.33376339041363673,0.000579903745427148,0.667
12.329945802688599,0.33376339041363673,0.0005509085581557905,0.645
12.33926510810852,0.33376339041363673,0.000523363130248001,0.656
12.349454641342163,0.33376339041363673,0.0004971949737356009,0.656
12.360135316848755,0.33376339041363673,0.00047233522504882083,0.634
12.369131326675415,0.33376339041363673,0.00044871846379637974,0.623
12.379698038101196,0.33376339041363673,0.00042628254060656076,0.601
12.389288902282715,0.33372429431542733,0.00020153279650274628,0.601
12.399988174438477,0.33372429431542733,0.00019145615667760896,0.809
12.409398794174194,0.33372429431542733,0.00018188334884372851,0.59
12.419970750808716,0.33372429431542733,0.00017278918140154208,0.59
12.429585218429565,0.33372429431542733,0.00016414972233146498,0.59
12.43924856185913,0.33372429431542733,0.00015594223621489173,0.601
12.450086832046509,0.33372429431542733,0.00014814512440414714,0.568
12.459324359893799,0.33372429431542733,0.00014073786818393977,0.568
12.469259977340698,0.33372429431542733,0.00013370097477474277,0.546
12.479842185974121,0.33372429431542733,0.00012701592603600562,0.546
12.489311695098877,0.33372429431542733,0.00012066512973420534,0.535
12.49958062171936,0.33372429431542733,0.00011463187324749506,0.513
12.50930643081665,0.33372429431542733,0.0001089002795851203,0.513
12.519994258880615,0.33372429431542733,0.00010345526560586428,0.502
12.529592037200928,0.33372429431542733,9.828250232557106e-05,0.502
12.539669036865234,0.33372429431542733,9.33683772092925e-05,0.48
12.549113035202026,0.33372429431542733,8.869995834882788e-05,0.48
12.559361696243286,0.33372429431542733,8.426496043138648e-05,0.48
12.56914210319519,0.33372429431542733,8.005171240981716e-05,0.48
12.57938551902771,0.33372429431542733,7.60491267893263e-05,0.436
12.590602397918701,0.33372429431542733,7.224667044985999e-05,0.447
12.59944462776184,0.33372429431542733,6.863433692736698e-05,0.436
12.609240770339966,0.33372429431542733,6.520262008099862e-05,0.458
12.619174718856812,0.33372429431542733,6.194248907694868e-05,0.414
12.629673719406128,0.33372429431542733,5.884536462310125e-05,0.404
12.639225482940674,0.33372429431542733,5.590309639194618e-05,0.404
12.649053573608398,0.33372429431542733,5.310794157234887e-05,0.393
12.659833192825317,0.33372429431542733,5.0452544493731424e-05,0.393
12.669382333755493,0.33372429431542733,4.7929917269044854e-05,0.371
12.679251909255981,0.33372429431542733,4.553342140559261e-05,0.349
12.68975019454956,0.33372429431542733,4.325675033531298e-05,0.349
12.699326753616333,0.33372429431542733,4.109391281854733e-05,0.349
12.709411859512329,0.33372429431542733,3.903921717761996e-05,0.338
12.719427347183228,0.33372429431542733,3.708725631873896e-05,0.36
12.729356527328491,0.33372429431542733,3.523289350280201e-05,0.327
12.739240407943726,0.33372429431542733,3.347124882766191e-05,0.316
12.749100685119629,0.33372429431542733,3.1797686386278815e-05,0.316
12.7590491771698,0.33372429431542733,3.0207802066964874e-05,0.305
12.769938230514526,0.33372429431542733,2.869741196361663e-05,0.294
12.779245853424072,0.33372429431542733,2.7262541365435795e-05,0.283
12.789459943771362,0.33372429431542733,2.5899414297164003e-05,0.261
12.80007028579712,0.33372429431542733,2.4604443582305802e-05,0.272
12.809261798858643,0.33372429431542733,2.337422140319051e-05,0.261
12.819237232208252,0.33372429431542733,2.2205510333030983e-05,0.239
12.829325199127197,0.33372429431542733,2.1095234816379432e-05,0.25
12.84039306640625,0.33372429431542733,2.004047307556046e-05,0.239
12.850250005722046,0.33372429431542733,1.9038449421782436e-05,0.206
12.859790802001953,0.33372429431542733,1.8086526950693312e-05,0.195
12.869529724121094,0.33372429431542733,1.7182200603158646e-05,0.206
12.879194259643555,0.33372429431542733,1.632309057300071e-05,0.195
12.889971733093262,0.33372429431542733,1.5506936044350676e-05,0.184
12.899585962295532,0.33372429431542733,1.4731589242133141e-05,0.195
12.910139799118042,0.33372429431542733,1.3995009780026483e-05,0.173
12.92037057876587,0.33372429431542733,1.3295259291025158e-05,0.152
12.929173946380615,0.33372429431542733,1.2630496326473899e-05,0.162
12.939929246902466,0.33372429431542733,1.1998971510150203e-05,0.13
12.94968318939209,0.3336851982172179,-0.000187540934502212,0.13
12.959212303161621,0.3336851982172179,-0.0001781638877771014,0.349
12.969243288040161,0.3336851982172179,-0.00016925569338824633,0.119
12.979506731033325,0.3336851982172179,-0.000160792908718834,0.141
12.989221811294556,0.3336851982172179,-0.0001527532632828923,0.108
12.999244213104248,0.3336851982172179,-0.0001451156001187477,0.108
13.009239196777344,0.3336461021190085,-0.0003337540593825784,0.086
13.019351243972778,0.3336461021190085,-0.0003170663564134495,0.316
13.029108762741089,0.3336070060207991,-0.0005014125319985988,0.108
13.04002833366394,0.3336070060207991,-0.0004763419053986689,0.283
13.049338579177856,0.3335679099225897,-0.0006630041879251404,0.294
13.059755802154541,0.3335288138243803,-0.0008169235235217391,0.097
13.069535732269287,0.3334897177261709,-0.0009756435981588066,0.524
13.080638885498047,0.3334506216279615,-0.001103816403422737,0.108
13.089202165603638,0.3334115255297521,-0.0012761969876132423,0.36
13.099209547042847,0.3333724294315427,-0.0014073344678278766,0.316
13.109343528747559,0.3333333333333333,-0.0015297060322202172,0.557
13.119973182678223,0.3332942372351239,-0.0016370305827163724,0.327
13.129131555557251,0.3332160450387051,-0.0019814972465939658,0.371
13.139692783355713,0.33317694894049577,-0.0020681323049631848,0.371
13.150011539459229,0.33313785284228636,-0.002153957225598848,0.382
13.159202098846436,0.33309875674407696,-0.002258351597786219,0.404
13.169569969177246,0.33302056454765816,-0.0025226734076016187,0.404
13.179472208023071,0.33298146844944876,-0.002594170750135568,0.623
13.189258813858032,0.33294237235123936,-0.0026641178219149447,0.436
13.199195146560669,0.33290327625302996,-0.0027273958653196975,0.447
13.2099609375,0.33286418015482055,-0.0027726968076343373,0.458
13.219264268875122,0.33282508405661115,-0.002843869321317855,0.667
13.229060649871826,0.33278598795840175,-0.0029008649890239283,0.491
13.23924469947815,0.33270779576198295,-0.0031398402808697607,0.491
13.249240636825562,0.33270779576198295,-0.0029828482668262726,0.513
13.259170293807983,0.33266869966377355,-0.003029792094146617,0.513
13.269033193588257,0.33262960356556415,-0.0030761898848770015,0.546
13.280093431472778,0.33262960356556415,-0.0029223803906331513,0.338
13.289159774780273,0.33259050746735475,-0.002991291663750086,0.535
13.29947543144226,0.33255141136914534,-0.0030312216650782396,0.557
13.30927062034607,0.33255141136914534,-0.0028796605818243275,0.349
13.3193678855896,0.33251231527093594,-0.0029293834651750545,0.371
13.32909369468689,0.33251231527093594,-0.0027829142919163015,0.568
13.33942437171936,0.33247321917272654,-0.002832836453220589,0.59
13.35011339187622,0.33247321917272654,-0.0026911946305595595,0.393
13.359118223190308,0.33247321917272654,-0.0025566348990315813,0.382
13.369122505187988,0.33247321917272654,-0.002428803154080002,0.393
13.380125522613525,0.33247321917272654,-0.002307362996376002,0.393
13.389451503753662,0.33247321917272654,-0.0021919948465572016,0.382
13.399255752563477,0.33247321917272654,-0.002082395104229341,0.382
13.41022276878357,0.33247321917272654,-0.001978275349017874,0.382
13.419299840927124,0.33247321917272654,-0.00187936158156698,0.382
13.42912769317627,0.33247321917272654,-0.001785393502488631,0.393
13.439114809036255,0.33247321917272654,-0.0016961238273641992,0.382
13.449525117874146,0.33247321917272654,-0.001611317635995989,0.393
13.459248542785645,0.33247321917272654,-0.0015307517541961896,0.371
13.469087600708008,0.33247321917272654,-0.00145421416648638,0.404
13.480112075805664,0.33247321917272654,-0.0013815034581620609,0.393
13.490188837051392,0.33247321917272654,-0.0013124282852539579,0.393
13.499964237213135,0.33247321917272654,-0.0012468068709912598,0.393
13.509764194488525,0.33247321917272654,-0.0011844665274416968,0.382
13.519407987594604,0.33247321917272654,-0.0011252432010696119,0.382
13.529157876968384,0.33247321917272654,-0.0010689810410161311,0.382
13.539231777191162,0.33247321917272654,-0.0010155319889653244,0.404
13.549611806869507,0.33247321917272654,-0.0009647553895170581,0.393
13.559172868728638,0.33247321917272654,-0.0009165176200412052,0.382
13.569132089614868,0.33247321917272654,-0.0008706917390391449,0.393
13.57990050315857,0.33247321917272654,-0.0008271571520871876,0.393
13.59051251411438,0.33247321917272654,-0.0007857992944828282,0.382
13.600024938583374,0.33247321917272654,-0.0007465093297586867,0.393
13.610090732574463,0.33247321917272654,-0.0007091838632707524,0.404
13.62005615234375,0.33247321917272654,-0.0006737246701072147,0.393
13.629823446273804,0.33247321917272654,-0.000640038436601854,0.382
13.639243602752686,0.33247321917272654,-0.0006080365147717612,0.382
13.649679183959961,0.33247321917272654,-0.0005776346890331731,0.404
13.659262895584106,0.33247321917272654,-0.0005487529545815144,0.393
13.669181823730469,0.33247321917272654,-0.0005213153068524387,0.393
13.68009066581726,0.33247321917272654,-0.0004952495415098167,0.371
13.690400123596191,0.33247321917272654,-0.00047048706443432583,0.371
13.700037717819214,0.33247321917272654,-0.0004469627112126095,0.393
13.710200071334839,0.33247321917272654,-0.000424614575651979,0.393
13.72002911567688,0.33247321917272654,-0.00040338384686938007,0.393
13.729816436767578,0.33247321917272654,-0.00038321465452591106,0.393
13.739124774932861,0.33247321917272654,-0.0003640539217996155,0.382
13.749544858932495,0.33247321917272654,-0.00034585122570963473,0.393
13.759415626525879,0.33247321917272654,-0.00032855866442415297,0.414
13.76910138130188,0.33247321917272654,-0.0003121307312029453,0.382
13.779640197753906,0.33247321917272654,-0.000296524194642798,0.393
13.789753198623657,0.33247321917272654,-0.0002816979849106581,0.393
13.799174547195435,0.33247321917272654,-0.0002676130856651252,0.404
13.809224843978882,0.33247321917272654,-0.00025423243138186893,0.393
13.819249153137207,0.33247321917272654,-0.00024152080981277546,0.371
13.829192161560059,0.33247321917272654,-0.00022944476932213668,0.382
13.839263439178467,0.33247321917272654,-0.00021797253085602985,0.382
13.849682569503784,0.33247321917272654,-0.00020707390431322836,0.393
13.859936237335205,0.33247321917272654,-0.00019672020909756693,0.382
13.86917495727539,0.33247321917272654,-0.00018688419864268857,0.393
13.879292249679565,0.33247321917272654,-0.00017753998871055412,0.382
13.890900611877441,0.33247321917272654,-0.0001686629892750264,0.382
13.899930238723755,0.33247321917272654,-0.0001602298398112751,0.393
13.910072326660156,0.33247321917272654,-0.00015221834782071133,0.382
13.919444561004639,0.33247321917272654,-0.00014460743042967575,0.393
13.929985046386719,0.33247321917272654,-0.00013737705890819196,0.393
13.939282178878784,0.33247321917272654,-0.00013050820596278236,0.393
13.949163913726807,0.33247321917272654,-0.00012398279566464324,0.382
13.959547758102417,0.33247321917272654,-0.00011778365588141108,0.382
13.969093084335327,0.33247321917272654,-0.00011189447308734053,0.382
13.979814767837524,0.33247321917272654,-0.00010629974943297349,0.393
13.989941596984863,0.33247321917272654,-0.00010098476196132481,0.414
13.999350309371948,0.33247321917272654,-9.593552386325857e-05,0.393
14.009151697158813,0.33247321917272654,-9.113874767009563e-05,0.393
14.019814014434814,0.33247321917272654,-8.658181028659084e-05,0.393
14.029523849487305,0.33247321917272654,-8.22527197722613e-05,0.393
14.039238452911377,0.33247321917272654,-7.814008378364823e-05,0.393
14.049202919006348,0.33247321917272654,-7.423307959446582e-05,0.393
14.059958934783936,0.33247321917272654,-7.052142561474252e-05,0.393
14.069281578063965,0.33247321917272654,-6.699535433400539e-05,0.393
14.079436779022217,0.33247321917272654,-6.364558661730512e-05,0.414
14.090070724487305,0.33247321917272654,-6.0463307286439865e-05,0.404
14.099955320358276,0.33247321917272654,-5.744014192211787e-05,0.404
14.109252214431763,0.33247321917272654,-5.456813482601197e-05,0.382
14.119630813598633,0.33247321917272654,-5.183972808471137e-05,0.393
14.129295587539673,0.33247321917272654,-4.92477416804758e-05,0.382
14.139315843582153,0.33247321917272654,-4.678535459645201e-05,0.393
14.149990320205688,0.33247321917272654,-4.44460868666294e-05,0.393
14.159317970275879,0.33247321917272654,-4.222378252329793e-05,0.393
14.169232606887817,0.33247321917272654,-4.011259339713303e-05,0.393
14.17928433418274,0.33247321917272654,-3.810696372727638e-05,0.382
14.19037389755249,0.33247321917272654,-3.620161554091256e-05,0.404
14.199581861495972,0.33247321917272654,-3.439153476386693e-05,0.382
14.209249496459961,0.33247321917272654,-3.267195802567358e-05,0.382
14.219672441482544,0.33247321917272654,-3.10383601243899e-05,0.382
14.229170560836792,0.33247321917272654,-2.9486442118170404e-05,0.382
14.239362716674805,0.33247321917272654,-2.8012120012261883e-05,0.382
14.249086618423462,0.33247321917272654,-2.661151401164879e-05,0.393
14.259279727935791,0.33247321917272654,-2.528093831106635e-05,0.404
14.269479751586914,0.33247321917272654,-2.401689139551303e-05,0.382
14.279520750045776,0.33247321917272654,-2.281604682573738e-05,0.393
14.289769887924194,0.33247321917272654,-2.167524448445051e-05,0.382
14.299200534820557,0.33247321917272654,-2.059148226022798e-05,0.382
14.310014247894287,0.33247321917272654,-1.956190814721658e-05,0.382
14.319697618484497,0.33247321917272654,-1.858381273985575e-05,0.382
14.329171419143677,0.33247321917272654,-1.765462210286296e-05,0.393
14.33964467048645,0.33247321917272654,-1.6771890997719814e-05,0.393
14.349215030670166,0.33247321917272654,-1.593329644783382e-05,0.393
14.359655618667603,0.33247321917272654,-1.513663162544213e-05,0.404
14.36915898323059,0.33247321917272654,-1.4379800044170023e-05,0.393
14.37966775894165,0.33247321917272654,-1.3660810041961521e-05,0.393
14.389293193817139,0.33247321917272654,-1.2977769539863445e-05,0.382
14.399263143539429,0.33247321917272654,-1.2328881062870273e-05,0.382
14.409310579299927,0.33247321917272654,-1.1712437009726758e-05,0.393
14.419415712356567,0.33247321917272654,-1.112681515924042e-05,0.382
14.430097579956055,0.33247321917272654,-1.0570474401278398e-05,0.393
14.439916372299194,0.33247321917272654,-1.0041950681214477e-05,0.371
14.450229167938232,0.33247321917272654,-9.539853147153753e-06,0.382
14.460082530975342,0.33247321917272654,-9.062860489796065e-06,0.382
14.469493865966797,0.33247321917272654,-8.609717465306262e-06,0.393
14.479541540145874,0.33247321917272654,-8.179231592040949e-06,0.393
14.490376710891724,0.33247321917272654,-7.770270012438901e-06,0.382
14.49931788444519,0.33247321917272654,-7.381756511816955e-06,0.382
14.50927996635437,0.33247321917272654,-7.012668686226107e-06,0.393
14.519472599029541,0.33247321917272654,-6.6620352519148015e-06,0.393
14.53007960319519,0.33247321917272654,-6.3289334893190616e-06,0.393
14.539978981018066,0.33247321917272654,-6.012486814853108e-06,0.393
14.550081253051758,0.33247321917272654,-5.711862474110453e-06,0.393
14.56013035774231,0.33247321917272654,-5.42626935040493e-06,0.393
14.568992614746094,0.33247321917272654,-5.154955882884683e-06,0.393
14.579683065414429,0.33247321917272654,-4.897208088740449e-06,0.393
14.589850425720215,0.33247321917272654,-4.652347684303427e-06,0.393
14.599209547042847,0.33247321917272654,-4.419730300088255e-06,0.382
14.609356164932251,0.33247321917272654,-4.198743785083843e-06,0.393
14.619317531585693,0.33247321917272654,-3.98880659582965e-06,0.404
14.62941861152649,0.33247321917272654,-3.7893662660381676e-06,0.382
14.639195442199707,0.33247321917272654,-3.599897952736259e-06,0.393
14.649213314056396,0.33247321917272654,-3.419903055099446e-06,0.382
14.659569501876831,0.33247321917272654,-3.2489079023444735e-06,0.404
14.669141054153442,0.33247321917272654,-3.0864625072272497e-06,0.382
14.679283857345581,0.33247321917272654,-2.932139381865887e-06,0.393
14.69029712677002,0.33247321917272654,-2.7855324127725924e-06,0.393
14.70009469985962,0.33247321917272654,-2.6462557921339626e-06,0.382
14.709221601486206,0.33247321917272654,-2.5139430025272646e-06,0.382
14.719374895095825,0.33247321917272654,-2.3882458524009013e-06,0.393
14.729433298110962,0.33247321917272654,-2.268833559780856e-06,0.393
14.739230394363403,0.33247321917272654,-2.155391881791813e-06,0.404
14.749096393585205,0.33247321917272654,-2.0476222877022222e-06,0.371
14.759450435638428,0.33247321917272654,-1.945241173317111e-06,0.371
14.769165277481079,0.33247321917272654,-1.8479791146512554e-06,0.393
14.779504537582397,0.33247321917272654,-1.7555801589186926e-06,0.393
14.789726257324219,0.33247321917272654,-1.667801150972758e-06,0.382
14.800074577331543,0.33247321917272654,-1.58441109342412e-06,0.393
14.809462785720825,0.33247321917272654,-1.5051905387529138e-06,0.393
14.81931185722351,0.33247321917272654,-1.429931011815268e-06,0.393
14.830135822296143,0.33247321917272654,-1.3584344612245046e-06,0.404
14.839661359786987,0.33247321917272654,-1.2905127381632792e-06,0.382
14.849424600601196,0.33247321917272654,-1.2259871012551152e-06,0.382
14.859905242919922,0.33247321917272654,-1.1646877461923593e-06,0.404
14.869194030761719,0.33247321917272654,-1.1064533588827412e-06,0.404
14.879680156707764,0.33247321917272654,-1.0511306909386041e-06,0.393
14.889952182769775,0.33247321917272654,-9.985741563916739e-07,0.382
14.899853944778442,0.33247321917272654,-9.486454485720901e-07,0.393
14.909462213516235,0.33247321917272654,-9.012131761434856e-07,0.393
14.91950249671936,0.33247321917272654,-8.561525173363112e-07,0.382
14.929398775100708,0.33247321917272654,-8.133448914694957e-07,0.382
14.939254522323608,0.33247321917272654,-7.726776468960208e-07,0.382
14.949470281600952,0.33247321917272654,-7.340437645512197e-07,0.382
14.959152221679688,0.33247321917272654,-6.973415763236587e-07,0.404
14.970097303390503,0.33247321917272654,-6.624744975074758e-07,0.393
14.979214668273926,0.33247321917272654,-6.293507726321019e-07,0.382
14.989802122116089,0.33247321917272654,-5.978832340004968e-07,0.393
15.000059604644775,0.33247321917272654,-5.679890723004719e-07,0.382
15.009198188781738,0.33247321917272654,-5.395896186854483e-07,0.382
15.019170999526978,0.33247321917272654,-5.126101377511758e-07,0.382
15.029727935791016,0.33247321917272654,-4.86979630863617e-07,0.404
15.039266109466553,0.33247321917272654,-4.626306493204361e-07,0.382
15.049705743789673,0.33247321917272654,-4.3949911685441426e-07,0.393
15.059162616729736,0.33247321917272654,-4.1752416101169356e-07,0.393
15.069384098052979,0.33247321917272654,-3.9664795296110883e-07,0.393
15.07932162284851,0.33247321917272654,-3.7681555531305335e-07,0.393
15.089360475540161,0.33247321917272654,-3.5797477754740064e-07,0.382
15.099998950958252,0.33247321917272654,-3.400760386700306e-07,0.393
15.109834432601929,0.33247321917272654,-3.2307223673652903e-07,0.393
15.119516134262085,0.33247321917272654,-3.0691862489970255e-07,0.393
15.1290864944458,0.33247321917272654,-2.915726936547174e-07,0.393
15.140217304229736,0.33247321917272654,-2.7699405897198153e-07,0.382
15.149097204208374,0.33247321917272654,-2.6314435602338244e-07,0.371
15.159213542938232,0.33247321917272654,-2.499871382222133e-07,0.382
15.170188665390015,0.33247321917272654,-2.3748778131110262e-07,0.382
15.180327892303467,0.33247321917272654,-2.2561339224554748e-07,0.404
15.189385890960693,0.33247321917272654,-2.143327226332701e-07,0.393
15.199480772018433,0.33247321917272654,-2.0361608650160657e-07,0.393
15.209887981414795,0.33247321917272654,-1.9343528217652622e-07,0.393
15.220149517059326,0.33247321917272654,-1.837635180676999e-07,0.393
15.228979587554932,0.33247321917272654,-1.745753421643149e-07,0.393
15.239868402481079,0.33247321917272654,-1.6584657505609913e-07,0.393
15.249169826507568,0.33247321917272654,-1.5755424630329418e-07,0.393
15.259413242340088,0.33247321917272654,-1.4967653398812947e-07,0.382
15.270703554153442,0.33247321917272654,-1.42192707288723e-07,0.393
15.279304027557373,0.33247321917272654,-1.3508307192428684e-07,0.393
15.289477586746216,0.33247321917272654,-1.283289183280725e-07,0.382
15.299503564834595,0.33247321917272654,-1.2191247241166887e-07,0.371
15.310068368911743,0.33247321917272654,-1.1581684879108542e-07,0.404
15.319420576095581,0.33247321917272654,-1.1002600635153114e-07,0.393
15.329170942306519,0.33247321917272654,-1.0452470603395458e-07,0.371
15.340286254882812,0.33247321917272654,-9.929847073225685e-08,0.382
15.349254846572876,0.33247321917272654,-9.4333547195644e-08,0.393
15.359240055084229,0.33247321917272654,-8.96168698358618e-08,0.393
15.36956787109375,0.33247321917272654,-8.51360263440687e-08,0.393
