t,- torso_lift_joint_effort,- arm_1_joint_effort,- arm_2_joint_effort,- arm_3_joint_effort,- arm_4_joint_effort,- arm_5_joint_effort,- arm_6_joint_effort,- arm_7_joint_effort
0.0,-4.001,-0.105,1.693,-0.125,0.599,0.0,0.0,0.0
0.01034235954284668,-3.99,-0.092,1.683,-0.119,0.609,0.0,0.0,0.0
0.019989967346191406,-4.001,-0.109,1.693,-0.124,0.595,0.0,0.0,0.0
0.02981853485107422,-4.001,-0.112,1.683,-0.118,0.594,0.0,0.0,0.0
0.040073394775390625,-4.012,-0.115,1.67,-0.128,0.595,0.0,0.0,0.0
0.05030560493469238,-4.012,-0.119,1.672,-0.124,0.596,0.0,0.0,0.0
0.05991411209106445,-4.001,-0.12,1.66,-0.13,0.655,0.0,0.0,0.0
0.06980228424072266,-3.99,-0.115,1.661,-0.123,0.775,0.0,0.0,0.0
0.08045601844787598,-4.001,-0.121,1.644,-0.117,0.794,0.0,0.0,0.0
0.08984160423278809,-4.001,-0.125,1.643,-0.122,0.802,0.0,0.0,0.0
0.09990882873535156,-4.001,-0.134,1.642,-0.112,0.786,0.0,0.0,0.0
0.11001825332641602,-3.99,-0.134,1.634,-0.122,0.806,0.0,0.0,0.0
0.12101030349731445,-4.012,-0.134,1.623,-0.109,0.839,0.0,0.0,0.0
0.12977027893066406,-4.012,-0.142,1.617,-0.128,0.858,0.0,0.0,0.0
0.13974571228027344,-4.001,-0.142,1.613,-0.114,0.868,0.0,0.0,0.0
0.1502397060394287,-4.012,-0.149,1.605,-0.13,0.891,0.0,0.0,0.0
0.15984082221984863,-4.001,-0.146,1.6,-0.123,0.919,0.0,0.0,0.0
0.16986632347106934,-4.001,-0.149,1.593,-0.12,0.891,0.0,0.0,0.0
0.1806802749633789,-3.99,-0.149,1.592,-0.128,0.925,0.0,0.0,0.0
0.1905064582824707,-4.012,-0.17,1.585,-0.13,0.938,0.0,0.0,0.0
0.19985103607177734,-4.001,-0.153,1.576,-0.123,0.95,0.0,0.0,0.0
0.21002984046936035,-4.012,-0.159,1.592,-0.115,0.96,0.001,0.0,0.0
0.2208089828491211,-4.001,-0.169,1.67,-0.117,0.979,0.0,0.0,0.0
0.22977089881896973,-4.001,-0.112,1.672,-0.112,0.994,0.0,0.0,0.0
0.239851713180542,-4.001,-0.157,1.613,-0.113,1.009,0.0,0.0,0.0
0.2507340908050537,-4.012,-0.152,1.647,-0.12,1.014,0.0,0.0,0.0
0.25996899604797363,-4.001,-0.119,1.597,-0.127,1.045,0.0,0.0,0.0
0.26983046531677246,-3.99,-0.109,1.615,-0.117,1.055,0.0,0.0,0.0
0.2810027599334717,-4.001,-0.135,1.612,-0.115,1.074,0.0,0.0,0.0
0.2908191680908203,-3.99,-0.135,1.636,-0.11,1.094,0.0,0.0,0.0
0.30070066452026367,-4.012,-0.135,1.599,-0.104,1.076,0.0,-0.001,-0.001
0.30980777740478516,-4.001,-0.118,1.607,-0.118,1.063,0.0,0.0,0.0
0.3199625015258789,-4.001,-0.131,1.623,-0.12,1.065,0.0,0.0,0.0
0.3299531936645508,-3.99,-0.131,1.606,-0.112,1.08,0.0,0.0,0.0
0.3397243022918701,-3.979,-0.122,1.614,-0.101,1.064,0.0,0.0,0.0
0.3508148193359375,-4.001,-0.114,1.609,-0.113,1.096,0.001,0.0,0.0
0.36056971549987793,-4.001,-0.074,1.596,-0.112,1.076,0.0,0.0,0.0
0.3698232173919678,-4.001,-0.065,1.598,-0.102,1.061,0.0,0.0,0.0
0.3812241554260254,-4.012,-0.086,1.599,-0.102,1.066,0.0,0.0,0.0
0.3901786804199219,-4.001,-0.063,1.601,-0.118,1.069,0.0,0.001,-0.001
0.399918794631958,-3.99,-0.085,1.611,-0.115,1.071,0.0,0.0,0.0
0.41004300117492676,-3.99,-0.077,1.606,-0.11,1.081,0.008,0.0,0.0
0.41988039016723633,-4.001,-0.078,1.597,-0.094,1.106,0.0,0.0,0.0
0.4300270080566406,-4.001,-0.078,1.603,-0.112,1.098,0.0,0.0,0.0
0.43978452682495117,-4.001,-0.07,1.601,-0.116,1.105,0.0,0.0,0.0
0.45088696479797363,-3.979,-0.068,1.599,-0.112,1.1,0.0,0.0,0.0
0.4600563049316406,-3.99,-0.063,1.601,-0.102,1.121,0.0,0.0,0.0
0.4705777168273926,-4.023,-0.061,1.598,-0.126,1.122,0.0,0.0,0.0
0.47986435890197754,-4.001,-0.052,1.593,-0.11,1.097,0.0,0.0,0.0
0.49007725715637207,-3.99,-0.053,1.598,-0.103,1.118,0.0,0.0,0.0
0.5008177757263184,-4.012,-0.057,1.586,-0.104,1.11,0.0,0.0,0.0
0.5106604099273682,-4.012,-0.055,1.583,-0.105,1.122,0.0,0.0,0.0
0.5207135677337646,-3.99,-0.051,1.598,-0.107,1.117,0.0,0.0,0.0
0.5302472114562988,-4.001,-0.043,1.583,-0.107,1.14,0.0,0.0,0.0
0.5397450923919678,-4.023,-0.043,1.599,-0.118,1.147,0.0,0.0,0.0
0.5501880645751953,-3.99,-0.044,1.587,-0.1,1.152,0.0,0.0,0.0
0.5601153373718262,-4.012,-0.038,1.597,-0.11,1.165,0.0,0.0,0.0
0.5709223747253418,-3.99,-0.036,1.601,-0.103,1.159,0.0,0.0,0.0
0.580338716506958,-4.012,-0.03,1.596,-0.104,1.167,0.009,0.0,0.0
0.5904991626739502,-4.001,-0.029,1.598,-0.097,1.162,0.0,0.0,0.0
0.6005663871765137,-4.012,-0.021,1.596,-0.094,1.14,0.0,0.0,0.0
0.6104326248168945,-4.001,-0.019,1.586,-0.116,1.153,0.0,0.0,0.0
0.6207501888275146,-3.99,-0.019,1.589,-0.116,1.185,0.0,0.0,0.0
0.630028486251831,-4.001,-0.017,1.578,-0.089,1.192,0.0,0.0,0.0
0.6406736373901367,-4.001,-0.015,1.576,-0.094,1.169,0.001,0.0,0.0
0.650277853012085,-4.001,-0.007,1.579,-0.095,1.181,0.0,0.0,0.0
0.6601648330688477,-4.023,-0.007,1.579,-0.102,1.189,0.0,0.0,0.0
0.6700246334075928,-4.001,-0.004,1.591,-0.105,1.186,0.0,0.0,0.0
0.679997444152832,-4.001,0.003,1.585,-0.087,1.192,0.0,0.0,0.0
0.6898493766784668,-4.001,0.004,1.571,-0.103,1.187,0.0,0.0,0.0
0.7000353336334229,-3.99,0.011,1.573,-0.113,1.213,0.0,0.0,0.0
0.7107284069061279,-3.99,0.005,1.574,-0.102,1.199,0.0,0.0,0.0
0.7199351787567139,-4.001,0.024,1.569,-0.089,1.197,0.0,0.0,0.0
0.7303040027618408,-4.023,0.02,1.573,-0.087,1.2,0.0,0.0,0.0
0.7406847476959229,-4.001,0.023,1.579,-0.075,1.179,0.0,0.0,0.0
0.7507755756378174,-4.001,0.027,1.579,-0.092,1.187,0.0,0.0,0.0
0.7600393295288086,-4.001,0.033,1.574,-0.078,1.067,0.0,0.0,0.0
0.7702775001525879,-4.012,0.031,1.576,-0.087,1.111,0.0,0.0,0.0
0.7803938388824463,-4.001,0.032,1.566,-0.09,1.11,0.0,0.0,0.0
0.7904038429260254,-4.023,0.037,1.576,-0.101,1.117,0.0,0.0,0.0
0.8007316589355469,-4.001,0.036,1.574,-0.092,1.113,0.0,0.0,0.0
0.8108460903167725,-4.001,0.042,1.569,-0.1,1.094,0.002,0.0,0.0
0.8208589553833008,-3.99,0.045,1.561,-0.09,1.124,0.0,0.0,0.0
0.8305599689483643,-3.99,0.046,1.569,-0.09,1.109,0.0,0.0,0.0
0.8397753238677979,-4.001,0.055,1.569,-0.097,1.105,0.0,0.0,0.0
0.8503909111022949,-3.99,0.056,1.585,-0.078,1.104,0.0,0.0,0.0
0.8598504066467285,-3.979,0.063,1.562,-0.084,1.101,0.0,0.0,0.0
0.8700180053710938,-4.012,0.065,1.567,-0.09,1.085,0.008,0.0,0.0
0.8802528381347656,-3.99,0.065,1.559,-0.09,1.082,0.0,0.0,0.0
0.8914408683776855,-4.001,0.076,1.557,-0.093,1.083,0.0,0.0,0.0
0.8999330997467041,-4.012,0.077,1.553,-0.1,1.082,0.0,0.0,0.0
0.9098775386810303,-4.001,0.074,1.561,-0.087,1.093,0.0,0.0,0.0
0.9204273223876953,-3.99,0.081,1.564,-0.084,1.077,0.0,0.0,0.0
0.9298169612884521,-3.99,0.08,1.551,-0.087,1.075,0.0,0.0,0.0
0.9400975704193115,-4.001,0.094,1.563,-0.077,1.074,0.0,0.0,0.0
0.950993537902832,-3.99,0.087,1.567,-0.087,1.059,0.0,0.0,0.0
0.960090160369873,-3.99,0.091,1.556,-0.09,1.056,0.0,0.0,0.0
0.9698495864868164,-3.99,0.092,1.554,-0.09,1.064,0.0,0.0,0.0
0.9808158874511719,-3.99,0.097,1.552,-0.07,1.056,0.0,0.0,0.0
0.9902637004852295,-4.001,0.097,1.561,-0.089,1.052,0.001,0.0,0.0
0.9998345375061035,-4.001,0.104,1.547,-0.085,1.042,0.003,0.0,0.0
1.00993013381958,-4.001,0.104,1.563,-0.073,1.042,0.001,0.0,0.0
1.0198125839233398,-4.001,0.112,1.569,-0.076,1.042,0.0,0.0,0.0
1.0299813747406006,-4.001,0.104,1.561,-0.084,1.037,0.0,0.0,0.0
1.0398509502410889,-4.012,0.11,1.537,-0.078,1.033,0.002,0.0,0.0
1.0499379634857178,-3.979,0.116,1.541,-0.085,1.034,0.0,0.0,0.0
1.0610814094543457,-4.001,0.049,1.552,-0.081,1.019,0.0,0.0,0.0
1.0697290897369385,-4.012,0.053,1.549,-0.078,1.02,0.0,0.0,0.0
1.0800206661224365,-4.001,0.057,1.542,-0.07,1.021,0.0,0.0,0.0
1.0906262397766113,-4.001,0.059,1.549,-0.081,1.011,0.0,0.0,0.0
1.1001274585723877,-3.99,0.061,1.551,-0.073,1.001,0.0,0.0,0.0
1.1098215579986572,-4.001,0.076,1.56,-0.084,1.006,0.0,0.0,0.0
1.1196508407592773,-4.001,0.059,1.549,-0.076,0.998,0.0,0.0,0.0
1.129946231842041,-4.012,0.019,1.55,-0.062,0.993,0.0,0.0,0.0
1.1397361755371094,-4.001,0.011,1.551,-0.076,0.988,0.0,0.0,0.0
1.1501004695892334,-3.99,0.026,1.544,-0.065,0.993,0.0,0.0,0.0
1.1610145568847656,-4.001,0.02,1.539,-0.076,0.98,0.0,0.0,0.0
1.1703262329101562,-4.001,0.036,1.547,-0.073,0.975,0.0,0.0,0.0
1.1799397468566895,-4.001,0.031,1.529,-0.08,0.965,0.0,0.0,0.0
1.190087080001831,-4.012,0.037,1.546,-0.076,0.962,0.0,0.0,0.0
1.2003498077392578,-4.023,0.024,1.536,-0.07,0.953,0.0,0.0,0.0
1.2104239463806152,-4.001,0.021,1.539,-0.055,0.953,0.0,0.0,0.0
1.219749927520752,-4.023,0.019,1.534,-0.066,0.958,0.0,0.0,0.0
1.230790376663208,-4.001,0.019,1.531,-0.066,0.954,0.0,0.0,0.0
1.2397446632385254,-4.023,0.016,1.523,-0.063,0.944,0.0,0.0,0.0
1.2498631477355957,-3.979,0.018,1.549,-0.057,0.949,0.0,0.0,0.0
1.2605986595153809,-3.99,0.007,1.531,-0.068,0.936,0.0,0.0,0.0
1.2699332237243652,-4.001,0.006,1.528,-0.058,0.931,0.0,0.0,0.0
1.2798733711242676,-4.001,0.004,1.535,-0.071,0.934,0.0,0.0,0.0
1.289888620376587,-4.001,0.007,1.529,-0.058,0.931,0.0,0.0,0.0
1.3007912635803223,-4.023,0.003,1.523,-0.057,0.931,0.0,0.0,0.0
1.3099925518035889,-3.99,-0.005,1.545,-0.081,0.918,0.0,0.0,0.0
1.3198182582855225,-3.99,-0.005,1.532,-0.06,0.908,0.0,0.0,0.0
1.33042573928833,-3.99,-0.005,1.514,-0.052,0.904,0.0,0.0,0.0
1.3398380279541016,-4.001,-0.012,1.521,-0.064,0.904,0.0,0.0,0.0
1.349759578704834,-4.001,-0.009,1.519,-0.064,0.891,0.0,0.0,0.0
1.3600571155548096,-3.99,-0.013,1.534,-0.045,0.885,0.001,0.0,0.0
1.3702163696289062,-4.012,-0.024,1.511,-0.037,0.891,0.002,0.0,0.0
1.3799359798431396,-4.001,-0.021,1.521,-0.055,0.886,0.0,0.0,0.0
1.390064001083374,-4.001,-0.03,1.527,-0.064,0.881,0.0,0.0,0.0
1.4000294208526611,-4.012,-0.031,1.514,-0.06,0.867,0.0,0.0,0.0
1.4100301265716553,-4.001,-0.028,1.529,-0.045,0.862,0.0,0.0,0.0
1.4197893142700195,-4.001,-0.033,1.535,-0.051,0.867,0.0,0.0,0.0
1.431410789489746,-3.99,-0.033,1.519,-0.047,0.864,0.0,0.0,0.0
1.4406077861785889,-4.001,-0.042,1.524,-0.048,0.855,0.0,0.0,0.0
1.4499154090881348,-4.001,-0.046,1.508,-0.056,0.904,0.0,0.0,0.0
1.4609174728393555,-3.99,-0.041,1.522,-0.056,0.904,0.0,0.0,0.0
1.4699931144714355,-4.012,-0.053,1.522,-0.058,0.85,0.0,0.0,0.0
1.4807889461517334,-4.012,-0.052,1.516,-0.045,0.85,0.0,0.0,0.0
1.4909300804138184,-3.99,-0.055,1.523,-0.061,0.836,0.0,0.0,0.0
1.501190185546875,-4.001,-0.063,1.529,-0.042,0.848,0.006,0.0,0.0
1.5104968547821045,-4.001,-0.059,1.504,-0.061,0.828,0.0,0.0,0.0
1.5201377868652344,-4.012,-0.066,1.52,-0.067,0.833,0.0,0.0,0.0
1.5304741859436035,-3.99,-0.07,1.504,-0.035,0.819,0.0,0.001,-0.001
1.5410189628601074,-4.001,-0.073,1.542,-0.038,0.839,0.0,0.0,0.0
1.5497865676879883,-3.99,-0.073,1.521,-0.046,0.829,0.0,0.0,0.0
1.559770107269287,-4.001,-0.074,1.526,-0.035,0.82,0.0,0.0,0.0
1.5704939365386963,-3.99,-0.082,1.511,-0.035,0.811,0.0,0.0,0.0
1.5807507038116455,-4.001,-0.081,1.516,-0.027,0.807,0.0,0.0,0.0
1.5907089710235596,-3.99,-0.085,1.524,-0.035,0.808,0.0,0.0,0.0
1.6007814407348633,-4.023,-0.086,1.521,-0.038,0.815,0.0,0.001,-0.001
1.6104323863983154,-4.001,-0.1,1.509,-0.039,0.871,0.0,0.0,0.0
1.6197178363800049,-3.99,-0.098,1.511,-0.038,0.861,0.0,0.0,0.0
1.6301953792572021,-3.99,-0.098,1.524,-0.034,0.864,0.0,0.0,0.0
1.6402318477630615,-4.001,-0.105,1.512,-0.036,0.856,0.0,0.0,0.0
1.6498088836669922,-4.001,-0.105,1.514,-0.035,0.902,0.0,0.001,-0.001
1.6600501537322998,-4.012,-0.114,1.514,-0.04,0.908,0.0,0.0,0.0
1.670452356338501,-3.99,-0.113,1.509,-0.033,0.906,0.0,0.0,0.0
1.6799871921539307,-4.012,-0.115,1.519,-0.03,0.898,0.0,0.0,0.0
1.6901254653930664,-4.001,-0.11,1.496,-0.033,0.917,0.0,0.0,0.0
1.7008070945739746,-3.99,-0.122,1.509,-0.035,0.889,0.0,0.0,0.0
1.7109811305999756,-4.001,-0.123,1.509,-0.04,0.904,0.0,0.0,0.0
1.7206597328186035,-4.001,-0.133,1.516,-0.041,0.898,0.0,0.0,0.0
1.7298223972320557,-4.012,-0.128,1.509,-0.031,0.9,0.0,0.0,0.0
1.7399077415466309,-4.012,-0.131,1.518,-0.024,0.912,0.0,0.0,0.0
1.749892234802246,-4.001,-0.144,1.526,-0.039,0.91,0.0,0.0,0.0
1.7603294849395752,-4.012,-0.149,1.501,-0.027,0.915,0.0,0.0,0.0
1.7701425552368164,-4.012,-0.144,1.512,-0.027,0.913,0.0,0.0,0.0
1.7806353569030762,-4.001,-0.147,1.511,-0.033,0.925,0.0,0.0,0.0
1.7907028198242188,-3.99,-0.157,1.506,-0.019,0.928,0.0,0.0,0.0
1.8000462055206299,-4.023,-0.16,1.512,-0.031,0.928,0.0,0.0,0.0
1.810905933380127,-4.012,-0.151,1.517,-0.019,0.928,0.0,0.0,0.0
1.819835901260376,-4.001,-0.149,1.499,-0.03,0.931,0.0,0.0,0.0
1.8299331665039062,-4.001,-0.166,1.517,-0.035,0.934,0.0,0.0,0.0
1.839998483657837,-3.99,-0.163,1.501,-0.022,0.93,0.0,0.0,0.0
1.8499319553375244,-4.012,-0.167,1.508,-0.032,0.942,0.0,0.0,0.0
1.8607044219970703,-4.012,-0.167,1.499,-0.021,0.947,0.0,0.001,-0.001
1.8704326152801514,-4.001,-0.186,1.504,-0.011,0.946,0.0,0.0,0.0
1.8807649612426758,-3.99,-0.179,1.509,-0.022,0.944,0.0,0.0,0.0
1.8900680541992188,-4.001,-0.183,1.519,-0.003,0.953,0.0,0.0,0.0
1.9001481533050537,-4.001,-0.189,1.512,-0.014,0.966,0.0,0.0,0.0
1.9104106426239014,-4.001,-0.197,1.517,-0.013,0.958,0.0,0.0,0.0
1.919853925704956,-4.001,-0.187,1.514,-0.016,0.961,0.0,0.0,0.0
1.9298210144042969,-3.979,-0.178,1.521,-0.017,0.957,0.0,0.0,0.0
1.940293788909912,-4.001,-0.082,1.496,-0.006,0.979,0.0,0.0,0.0
1.9499320983886719,-4.001,-0.079,1.49,-0.006,0.979,0.0,0.0,0.0
1.959834337234497,-4.012,-0.133,1.509,-0.025,0.978,0.001,0.0,0.0
1.970515489578247,-4.012,-0.123,1.509,-0.001,0.977,0.0,0.0,0.0
1.980790138244629,-4.012,-0.124,1.527,-0.006,0.993,0.0,0.0,0.0
1.9903535842895508,-4.012,-0.095,1.52,-0.007,0.992,0.0,0.0,0.0
2.0000758171081543,-4.001,-0.083,1.504,-0.02,0.993,0.0,0.0,0.0
2.0101237297058105,-4.001,-0.075,1.514,-0.012,0.998,0.0,0.0,0.0
2.0198397636413574,-4.001,-0.066,1.491,-0.017,1.006,0.0,0.0,0.0
2.029775381088257,-4.001,-0.098,1.519,-0.009,1.004,0.0,0.0,0.0
2.0401620864868164,-4.001,-0.082,1.519,-0.006,1.006,0.0,0.0,0.0
2.050189971923828,-4.012,-0.091,1.492,0.004,1.011,0.0,0.0,0.0
2.0596911907196045,-4.001,-0.081,1.496,-0.004,1.004,0.0,0.0,0.0
2.070138692855835,-4.001,-0.077,1.514,-0.011,1.012,0.0,0.0,0.0
2.081104278564453,-4.001,-0.076,1.507,-0.015,1.017,0.0,0.0,0.0
2.089827299118042,-4.012,-0.073,1.506,0.006,1.018,0.0,0.001,-0.001
2.099830389022827,-4.001,-0.068,1.493,-0.001,1.031,0.0,0.0,0.0
2.1099417209625244,-4.001,-0.063,1.49,-0.001,1.036,0.0,0.0,0.0
2.1207261085510254,-4.012,-0.071,1.491,-0.009,1.033,0.0,0.0,0.0
2.1298532485961914,-3.979,-0.059,1.499,-0.002,1.036,0.0,0.0,0.0
2.1399850845336914,-3.99,-0.051,1.517,0.012,1.038,0.0,0.0,0.0
2.1503119468688965,-4.001,-0.055,1.502,0.004,1.047,0.0,0.0,0.0
2.1597721576690674,-4.001,-0.05,1.519,0.001,1.051,0.0,0.0,0.0
2.1703941822052,-4.001,-0.054,1.502,0.006,1.056,0.0,0.0,0.0
2.1803853511810303,-4.001,-0.044,1.501,0.008,1.058,0.0,0.0,0.0
2.190162181854248,-4.012,-0.042,1.515,-0.004,1.056,0.0,0.0,0.0
2.199824094772339,-4.001,-0.038,1.506,0.001,1.071,0.0,0.0,0.0
2.2100160121917725,-4.001,-0.031,1.512,0.008,1.07,0.0,0.0,0.0
2.2207388877868652,-4.012,-0.033,1.483,0.017,1.087,0.0,0.0,0.0
2.2297070026397705,-4.001,-0.026,1.527,0.009,1.074,0.0,0.0,0.0
2.240758180618286,-4.001,-0.031,1.493,0.019,1.087,0.0,0.0,0.0
2.2507565021514893,-4.001,-0.019,1.499,0.019,1.09,0.0,0.0,0.0
2.2598540782928467,-3.99,-0.013,1.509,0.017,1.081,0.0,0.0,0.0
2.2701432704925537,-3.99,-0.016,1.516,0.021,1.094,0.0,0.0,0.0
2.281097412109375,-4.001,-0.005,1.498,0.014,1.097,0.0,0.0,0.0
2.290799856185913,-4.001,-0.005,1.496,0.017,1.101,0.0,0.001,-0.001
2.3006930351257324,-3.99,0.003,1.502,0.019,1.107,0.0,0.0,0.0
2.310607671737671,-3.99,0.002,1.501,0.015,1.106,0.0,0.0,0.0
2.3198201656341553,-4.012,0.006,1.501,0.011,1.106,0.0,0.0,0.0
2.329836845397949,-3.99,0.011,1.504,0.014,1.111,0.0,0.0,0.0
2.3403849601745605,-4.001,0.013,1.496,0.019,1.116,0.0,0.0,0.0
2.3502602577209473,-3.99,0.016,1.494,0.03,1.139,0.0,0.0,0.0
2.3597424030303955,-3.979,0.015,1.496,0.024,1.135,0.0,0.0,0.0
2.3699004650115967,-3.99,0.024,1.494,0.028,1.137,0.0,0.0,0.0
2.380509376525879,-4.023,0.032,1.516,0.038,1.137,0.002,0.0,0.0
2.390993356704712,-4.023,0.033,1.512,0.031,1.14,0.0,0.0,0.0
2.399857759475708,-3.99,0.035,1.505,0.019,1.151,0.0,0.0,0.0
2.4106245040893555,-4.001,0.04,1.515,0.035,1.144,0.0,0.0,0.0
2.420156478881836,-4.001,0.038,1.497,0.036,1.151,0.0,0.0,0.0
2.42995285987854,-4.001,0.046,1.501,0.03,1.156,0.0,0.0,0.0
2.440089464187622,-4.012,0.049,1.491,0.032,1.158,0.0,0.0,0.0
2.4502367973327637,-4.001,0.049,1.497,0.043,1.154,0.0,0.0,0.0
2.4605600833892822,-4.001,0.051,1.501,0.035,1.169,0.0,0.001,-0.001
2.46994686126709,-3.99,0.064,1.514,0.036,1.171,0.0,0.0,0.0
2.4799373149871826,-3.99,0.057,1.502,0.028,1.187,0.0,0.0,0.0
2.489870309829712,-4.001,0.071,1.509,0.04,1.18,0.0,0.0,0.0
2.500511407852173,-4.001,0.07,1.486,0.048,1.194,0.0,0.0,0.0
2.510072708129883,-4.001,0.078,1.515,0.043,1.19,0.0,0.0,0.0
2.5197913646698,-4.001,0.08,1.493,0.035,1.191,0.0,0.0,0.0
2.53008770942688,-3.99,0.079,1.493,0.045,1.208,0.0,0.0,0.0
2.53987979888916,-4.001,0.085,1.501,0.038,1.201,0.0,0.0,0.0
2.5501577854156494,-4.012,0.093,1.496,0.043,1.21,0.0,0.0,0.0
2.560049057006836,-4.001,0.038,1.497,0.043,1.212,0.0,0.0,0.0
2.57016921043396,-4.001,0.046,1.504,0.037,1.204,0.0,0.0,0.0
2.58005690574646,-4.001,0.093,1.497,0.043,1.218,0.0,0.0,0.0
2.589883804321289,-4.001,0.098,1.509,0.053,1.222,0.0,0.0,0.0
2.6006362438201904,-3.99,0.036,1.492,0.064,1.227,0.008,0.0,0.0
2.610093116760254,-4.012,0.045,1.505,0.043,1.224,0.0,0.0,0.0
2.6199657917022705,-4.001,0.042,1.494,0.061,1.234,0.0,0.0,0.0
2.6303634643554688,-4.001,0.064,1.497,0.047,1.237,0.0,0.0,0.0
2.640385627746582,-4.001,0.061,1.496,0.053,1.234,0.0,0.0,0.0
2.6498682498931885,-4.001,0.054,1.504,0.05,1.244,0.0,0.0,0.0
2.6598339080810547,-4.001,0.059,1.494,0.062,1.259,0.0,0.0,0.0
2.670614242553711,-4.012,0.059,1.497,0.05,1.254,0.0,0.0,0.0
2.680758237838745,-3.99,0.058,1.52,0.061,1.259,0.0,0.0,0.0
2.6898036003112793,-3.979,0.065,1.504,0.057,1.267,0.0,0.0,0.0
2.6998798847198486,-4.001,0.074,1.497,0.053,1.268,0.0,0.0,0.0
2.7105088233947754,-4.012,0.069,1.49,0.059,1.251,0.0,0.0,0.0
2.719794750213623,-4.001,0.061,1.497,0.056,1.253,0.0,0.0,0.0
2.7298052310943604,-4.001,0.076,1.511,0.061,1.285,0.0,0.0,0.0
2.740886926651001,-3.99,0.063,1.494,0.052,1.282,0.0,0.0,0.0
2.7500782012939453,-3.99,0.068,1.488,0.06,1.28,0.0,0.0,0.0
2.7599196434020996,-3.99,0.074,1.496,0.065,1.288,0.0,0.0,0.0
2.7704524993896484,-4.001,0.068,1.494,0.074,1.286,0.0,0.0,0.0
2.7799553871154785,-3.99,0.068,1.492,0.068,1.289,0.0,0.001,-0.001
2.7899749279022217,-4.001,0.071,1.507,0.066,1.21,0.0,0.0,0.0
2.799788236618042,-3.99,0.073,1.504,0.06,1.113,0.0,0.0,0.0
2.8108370304107666,-4.012,0.07,1.49,0.074,1.142,0.0,0.001,-0.001
2.8200392723083496,-3.99,0.076,1.507,0.074,1.172,0.0,0.0,0.0
2.8298425674438477,-4.001,0.063,1.504,0.062,1.168,0.0,0.0,0.0
2.8403098583221436,-4.001,0.066,1.499,0.08,1.158,0.0,0.0,0.0
2.850648880004883,-4.001,0.07,1.502,0.085,1.148,0.0,0.0,0.0
2.8596718311309814,-4.012,0.073,1.507,0.074,1.14,0.0,0.0,0.0
2.8701295852661133,-4.012,0.07,1.502,0.084,1.144,0.0,0.0,0.0
2.880326986312866,-4.001,0.071,1.515,0.085,1.131,0.0,0.0,0.0
2.8899340629577637,-3.99,0.066,1.49,0.07,1.113,0.0,0.0,0.0
2.89985990524292,-4.001,0.073,1.515,0.085,1.117,0.0,0.0,0.0
2.910222053527832,-3.99,0.068,1.506,0.068,1.108,0.0,0.0,0.0
2.9210286140441895,-4.001,0.073,1.491,0.075,1.104,0.0,0.0,0.0
2.9296798706054688,-4.001,0.071,1.504,0.082,1.081,0.0,0.0,0.0
2.9398152828216553,-3.99,0.073,1.503,0.067,1.086,0.0,0.0,0.0
2.950850009918213,-4.001,0.076,1.509,0.085,1.082,0.0,0.0,0.0
2.959747314453125,-4.012,0.073,1.501,0.087,1.077,0.0,0.0,0.0
2.9699721336364746,-3.99,0.073,1.509,0.084,1.059,0.0,0.0,0.0
2.9813876152038574,-4.012,0.063,1.498,0.072,1.055,0.0,0.001,-0.001
2.991028070449829,-4.001,0.066,1.501,0.093,1.046,0.0,0.0,0.0
3.000915288925171,-4.001,0.065,1.501,0.082,1.037,0.0,0.0,0.0
3.009877920150757,-4.001,0.065,1.502,0.087,1.037,0.0,0.0,0.0
3.0205888748168945,-4.012,0.076,1.509,0.094,1.028,0.0,0.0,0.0
3.030674934387207,-4.012,0.069,1.514,0.085,1.024,0.0,0.0,0.0
3.039771318435669,-4.001,0.065,1.496,0.079,1.011,0.0,0.0,0.0
3.0509395599365234,-4.001,0.067,1.497,0.089,0.997,0.0,0.0,0.0
3.059816598892212,-4.001,0.07,1.512,0.092,0.988,0.0,0.0,0.0
3.070235252380371,-4.012,0.076,1.497,0.083,0.988,0.0,0.0,0.0
3.0806686878204346,-4.001,0.076,1.504,0.086,0.984,0.0,0.0,0.0
3.0907392501831055,-4.001,0.065,1.516,0.087,0.975,0.0,0.0,0.0
3.100719928741455,-4.001,0.07,1.499,0.09,0.961,0.0,0.0,0.0
3.110053539276123,-4.001,0.07,1.512,0.089,0.957,0.0,0.0,0.0
3.1204171180725098,-4.001,0.068,1.524,0.097,0.944,0.0,0.0,0.0
3.1306848526000977,-4.001,0.074,1.518,0.103,0.944,0.0,0.0,0.0
3.1401195526123047,-4.012,0.068,1.519,0.092,0.94,0.0,0.0,0.0
3.150338649749756,-4.012,0.074,1.514,0.092,0.926,0.0,0.0,0.0
3.1599416732788086,-3.99,0.063,1.514,0.083,0.917,0.0,0.0,0.0
3.170661687850952,-4.012,0.074,1.502,0.102,0.908,0.0,0.0,0.0
3.180690050125122,-4.001,0.088,1.493,0.097,0.904,0.0,0.0,0.0
3.1904234886169434,-4.001,0.071,1.514,0.11,0.895,0.0,0.0,0.0
3.2009241580963135,-4.012,0.069,1.507,0.099,0.886,0.0,0.0,0.0
3.2109642028808594,-3.99,0.078,1.519,0.099,0.877,0.0,0.0,0.0
3.220310688018799,-4.001,0.071,1.503,0.108,0.864,0.0,0.0,0.0
3.2303223609924316,-4.001,0.073,1.519,0.094,0.869,0.0,0.0,0.0
3.2399022579193115,-4.012,0.074,1.526,0.096,0.855,0.0,0.0,0.0
3.2504448890686035,-3.99,0.079,1.512,0.105,0.851,0.0,0.0,0.0
3.259899854660034,-4.001,0.076,1.529,0.107,0.847,0.0,0.0,0.0
3.270063877105713,-3.99,0.076,1.507,0.123,0.838,0.0,0.0,0.0
3.279834270477295,-4.001,0.076,1.516,0.099,0.824,0.0,0.0,0.0
3.290944814682007,-4.001,0.076,1.503,0.107,0.82,0.0,0.0,0.0
3.2998435497283936,-3.99,0.073,1.512,0.107,0.806,0.0,0.0,0.0
3.3097362518310547,-4.001,0.079,1.514,0.102,0.807,0.0,0.0,0.0
3.3199522495269775,-4.001,0.073,1.494,0.099,0.789,0.0,0.0,0.0
3.3302953243255615,-4.012,0.068,1.523,0.123,0.78,0.001,0.0,0.0
3.3397367000579834,-4.001,0.073,1.517,0.106,0.771,0.0,0.0,0.0
3.3498144149780273,-4.001,0.071,1.511,0.114,0.757,0.0,0.0,0.0
3.360337734222412,-4.001,0.074,1.516,0.11,0.758,0.0,0.0,0.0
3.369908094406128,-4.001,0.066,1.513,0.104,0.748,0.0,0.0,0.0
3.3799009323120117,-4.001,0.071,1.519,0.107,0.866,0.0,0.0,0.0
3.390009641647339,-4.001,0.079,1.52,0.125,0.864,0.0,0.0,0.0
3.400897979736328,-4.001,0.06,1.519,0.118,0.837,0.0,0.0,0.0
3.410642385482788,-4.012,0.079,1.522,0.119,0.832,0.0,0.0,0.0
3.4206838607788086,-4.001,0.071,1.501,0.119,0.82,0.0,0.0,0.0
3.429948091506958,-4.012,0.073,1.521,0.118,0.828,0.0,0.0,0.0
3.4398179054260254,-4.012,0.073,1.502,0.131,0.821,0.0,0.0,0.0
3.4499082565307617,-4.001,0.068,1.513,0.125,0.821,0.0,0.0,0.0
3.4615395069122314,-4.001,0.071,1.514,0.119,0.812,0.0,0.0,0.0
3.4701895713806152,-4.012,0.071,1.519,0.131,0.822,0.0,0.0,0.0
3.4798941612243652,-4.001,0.072,1.536,0.129,0.82,0.0,0.0,0.0
3.490013599395752,-4.001,0.07,1.509,0.123,0.829,0.0,0.0,0.0
3.5007362365722656,-4.001,0.065,1.499,0.138,0.827,0.0,0.0,0.0
3.5106821060180664,-4.012,0.075,1.529,0.12,0.818,0.0,0.0,0.0
3.5207037925720215,-3.99,0.078,1.529,0.121,0.816,0.0,0.0,0.0
3.530874252319336,-4.001,0.069,1.522,0.14,0.824,0.0,0.0,0.0
3.540743589401245,-4.012,0.074,1.519,0.128,0.804,0.001,0.0,0.0
3.549663543701172,-3.99,0.073,1.516,0.131,0.823,0.0,0.0,0.0
3.560981273651123,-4.001,0.071,1.529,0.139,0.804,0.0,0.0,0.0
3.5699617862701416,-4.001,0.073,1.529,0.133,0.812,0.0,0.0,0.0
3.579813241958618,-4.001,0.073,1.523,0.12,0.812,0.0,0.0,0.0
3.5906789302825928,-4.001,0.066,1.514,0.129,0.813,0.0,0.0,0.0
3.6001358032226562,-4.012,0.069,1.521,0.128,0.815,0.0,0.0,0.0
3.6098272800445557,-3.99,0.076,1.522,0.126,0.817,0.0,0.0,0.0
3.619858503341675,-3.99,0.071,1.529,0.136,0.815,0.0,0.0,0.0
3.6304328441619873,-4.001,0.071,1.542,0.155,0.818,0.0,0.0,0.0
3.6397464275360107,-4.012,0.065,1.534,0.121,0.799,0.0,0.0,0.0
3.649996280670166,-4.001,0.07,1.526,0.121,0.824,0.0,0.0,0.0
3.6605780124664307,-4.001,0.068,1.527,0.15,0.8,0.0,0.0,0.0
3.670013904571533,-4.012,0.068,1.545,0.129,0.83,0.0,0.0,0.0
3.6799144744873047,-4.023,0.076,1.523,0.16,0.827,0.0,0.0,0.0
3.6900367736816406,-4.001,0.076,1.527,0.141,0.819,0.0,0.0,0.0
3.700488805770874,-3.99,0.07,1.529,0.136,0.823,0.0,0.0,0.0
3.7097647190093994,-4.012,0.068,1.543,0.144,0.805,0.0,0.0,0.0
3.7198078632354736,-4.001,0.071,1.534,0.16,0.817,0.0,0.001,-0.001
3.730928897857666,-3.99,0.069,1.522,0.153,0.822,0.0,0.0,0.0
3.740708351135254,-4.001,0.068,1.519,0.144,0.817,0.0,0.0,0.0
3.7499289512634277,-4.001,0.064,1.534,0.156,0.817,0.0,0.0,0.0
3.7599680423736572,-4.001,0.07,1.537,0.139,0.809,0.0,0.0,0.0
3.770636796951294,-4.001,0.073,1.528,0.148,0.83,0.0,0.0,0.0
3.780717372894287,-4.023,0.071,1.53,0.16,0.81,0.0,0.0,0.0
3.790626049041748,-4.012,0.07,1.547,0.161,0.813,0.0,0.0,0.0
3.8011419773101807,-3.99,0.071,1.524,0.138,0.818,0.0,0.0,0.0
3.8098373413085938,-4.001,0.07,1.56,0.159,0.813,0.0,0.0,0.0
3.8198418617248535,-4.001,0.068,1.537,0.156,0.819,0.001,0.0,0.0
3.83115816116333,-4.001,0.067,1.531,0.16,0.823,0.0,0.0,0.0
3.8397860527038574,-3.99,0.071,1.534,0.166,0.812,0.0,0.0,0.0
3.8498592376708984,-3.99,0.069,1.544,0.158,0.823,0.0,0.0,0.0
3.860401153564453,-4.001,0.071,1.533,0.164,0.822,0.0,0.0,0.0
3.8710243701934814,-3.99,0.07,1.54,0.161,0.818,0.0,0.0,0.0
3.879784107208252,-4.001,0.071,1.527,0.163,0.819,0.0,0.0,0.0
3.8898210525512695,-4.012,0.069,1.524,0.155,0.799,0.0,0.0,0.0
3.899880886077881,-4.001,0.074,1.546,0.15,0.805,0.0,0.0,0.0
3.910221815109253,-4.001,0.063,1.528,0.147,0.823,0.0,0.0,0.0
3.9197025299072266,-4.001,0.073,1.537,0.154,0.812,0.0,0.0,0.0
3.9305596351623535,-4.001,0.068,1.54,0.159,0.811,0.0,0.0,0.0
3.940237283706665,-3.99,0.062,1.532,0.156,0.811,0.0,0.0,0.0
3.9497923851013184,-3.99,0.066,1.539,0.17,0.817,0.0,0.0,0.0
3.9603958129882812,-4.001,0.067,1.549,0.161,0.819,0.0,0.0,0.0
3.9706978797912598,-4.012,0.069,1.546,0.154,0.816,0.0,0.0,0.0
3.97979998588562,-3.99,0.063,1.531,0.158,0.817,0.0,0.0,0.0
3.9900457859039307,-4.012,0.075,1.553,0.163,0.83,0.0,0.0,0.0
4.000951766967773,-4.001,0.071,1.544,0.169,0.824,0.0,0.0,0.0
4.010696172714233,-4.001,0.071,1.554,0.166,0.816,0.0,0.0,0.0
4.01969051361084,-4.012,0.076,1.554,0.164,0.822,0.0,0.0,0.0
4.030275583267212,-4.012,0.07,1.548,0.169,0.812,0.0,0.0,0.0
4.039881944656372,-4.012,0.069,1.553,0.172,0.801,0.0,0.0,0.0
4.049816608428955,-4.001,0.071,1.543,0.169,0.823,0.0,0.0,0.0
4.059869050979614,-3.99,0.061,1.549,0.177,0.821,0.0,0.0,0.0
4.07046103477478,-4.001,0.065,1.556,0.014,0.816,0.0,0.0,0.0
4.079991579055786,-4.012,0.065,1.563,-0.009,0.822,0.0,0.0,0.0
4.090040683746338,-4.012,0.071,1.549,-0.017,0.804,0.0,0.0,0.0
4.10064172744751,-4.012,0.069,1.544,0.036,0.824,0.0,0.0,0.0
4.110454559326172,-3.99,0.066,1.559,0.032,0.824,0.0,0.0,0.0
4.11979079246521,-4.001,0.073,1.551,0.034,0.817,0.0,0.0,0.0
4.130556583404541,-4.001,0.064,1.542,0.022,0.823,0.001,0.0,0.0
4.1401121616363525,-4.012,0.066,1.562,0.006,0.829,0.0,0.0,0.0
4.149930477142334,-4.012,0.069,1.544,-0.001,0.816,0.0,0.0,0.0
4.159800052642822,-4.012,0.071,1.555,-0.009,0.813,0.0,0.0,0.0
4.170652866363525,-4.001,0.068,1.55,-0.016,0.813,0.0,0.0,0.0
4.180978775024414,-4.001,0.063,1.549,-0.039,0.822,0.0,0.0,0.0
4.189950227737427,-3.99,0.066,1.545,-0.038,0.817,0.0,0.0,0.0
4.200545072555542,-4.001,0.068,1.563,-0.045,0.817,0.0,0.0,0.0
4.21073317527771,-4.001,0.062,1.558,-0.055,0.818,0.0,0.0,0.0
4.22027587890625,-4.001,0.064,1.548,-0.055,0.822,0.0,0.0,0.0
4.2299723625183105,-4.001,0.063,1.557,-0.063,0.827,0.0,0.0,0.0
4.239771127700806,-4.001,0.059,1.563,-0.073,0.806,0.0,0.0,0.0
4.250080823898315,-4.001,0.058,1.556,-0.072,0.815,0.0,0.0,0.0
4.259848356246948,-4.001,0.065,1.556,-0.091,0.822,0.0,0.0,0.0
4.270728588104248,-3.99,0.071,1.568,-0.104,0.819,0.0,0.0,0.0
4.279996395111084,-3.99,0.058,1.569,-0.122,0.823,0.0,0.0,0.0
4.290027856826782,-4.001,0.061,1.565,-0.11,0.811,0.0,0.001,-0.001
4.2998738288879395,-3.99,0.058,1.555,-0.092,0.815,0.0,0.0,0.0
4.310585021972656,-4.001,0.063,1.554,-0.073,0.818,0.0,0.0,0.0
4.320002555847168,-4.001,0.058,1.563,-0.058,0.824,0.0,0.0,0.0
4.330239772796631,-4.001,0.058,1.578,-0.135,0.818,0.0,0.0,0.0
4.339887857437134,-3.99,0.068,1.566,-0.083,0.821,0.0,0.0,0.0
4.350009441375732,-4.023,0.061,1.563,-0.078,0.819,0.0,0.0,0.0
4.359817028045654,-3.99,0.066,1.568,-0.086,0.822,0.0,0.0,0.0
4.370052337646484,-4.001,0.06,1.567,-0.093,0.806,0.0,0.0,0.0
4.37983250617981,-3.99,0.058,1.566,-0.099,0.81,0.0,0.0,0.0
4.390194654464722,-4.001,0.063,1.569,-0.114,0.823,0.0,0.0,0.0
4.400414228439331,-4.001,0.064,1.573,-0.119,0.822,0.0,0.0,0.0
4.409790754318237,-4.012,0.065,1.574,-0.112,0.82,0.0,0.001,-0.001
4.4204487800598145,-4.012,0.056,1.556,-0.119,0.817,0.0,0.0,0.0
4.429787874221802,-3.99,0.059,1.566,-0.138,0.829,0.0,0.0,0.0
4.440194845199585,-4.001,0.058,1.576,-0.132,0.807,0.0,0.0,0.0
4.449981689453125,-4.012,0.058,1.56,-0.137,0.817,0.002,0.0,0.0
4.4602580070495605,-4.012,0.056,1.568,-0.153,0.829,0.0,0.0,0.0
4.470136880874634,-4.012,0.061,1.586,-0.145,0.818,0.0,0.0,0.0
4.4807305335998535,-4.001,0.058,1.57,-0.14,0.829,0.0,0.0,0.0
4.490736484527588,-4.012,0.058,1.579,-0.147,0.81,0.0,0.0,0.0
4.500861406326294,-4.001,0.064,1.571,-0.137,0.809,0.0,0.0,0.0
4.509850025177002,-4.012,0.056,1.573,-0.169,0.823,0.0,0.0,0.0
4.519842147827148,-4.001,0.056,1.576,-0.166,0.833,0.0,0.0,0.0
4.5304296016693115,-4.012,0.061,1.575,-0.15,0.818,0.0,0.0,0.0
4.5403478145599365,-3.99,0.059,1.58,-0.068,0.832,0.0,0.0,0.0
4.54978346824646,-4.012,0.06,1.59,-0.078,0.827,0.0,0.0,0.0
4.561050891876221,-3.979,0.061,1.596,-0.153,0.822,0.0,0.0,0.0
4.5702619552612305,-3.979,0.059,1.577,-0.105,0.815,0.0,0.0,0.0
4.581057548522949,-4.001,0.056,1.578,-0.087,0.819,0.0,0.0,0.0
4.590638875961304,-4.012,0.058,1.575,-0.065,0.825,0.0,0.0,0.0
4.600794315338135,-4.001,0.063,1.586,-0.117,0.827,0.0,0.0,0.0
4.610422134399414,-4.001,0.06,1.575,-0.112,0.826,0.0,0.0,0.0
4.619704246520996,-4.012,0.059,1.585,-0.117,0.823,0.0,0.0,0.0
4.631208419799805,-3.99,0.059,1.581,-0.123,0.827,0.0,0.0,0.0
4.640439748764038,-4.012,0.053,1.593,-0.137,0.825,0.0,0.0,0.0
4.649746417999268,-4.012,0.061,1.605,-0.128,0.824,0.0,0.0,0.0
4.660479784011841,-4.001,0.049,1.583,-0.117,0.831,0.0,0.0,0.0
4.670519590377808,-4.001,0.061,1.59,-0.128,0.826,0.0,0.0,0.0
4.680756092071533,-4.001,0.053,1.585,-0.115,0.832,0.0,0.0,0.0
4.690842151641846,-4.001,0.054,1.591,-0.12,0.826,0.0,0.0,0.0
4.700697660446167,-4.012,0.058,1.594,-0.114,0.832,0.0,0.0,0.0
4.710511922836304,-3.99,0.051,1.598,-0.12,0.82,0.0,0.0,0.0
4.719826936721802,-3.99,0.053,1.583,-0.115,0.827,0.0,0.0,0.0
4.7298173904418945,-3.99,0.051,1.596,-0.128,0.827,0.0,0.0,0.0
4.741494178771973,-4.001,0.049,1.593,-0.123,0.82,0.0,0.0,0.0
4.750313997268677,-4.012,0.056,1.592,-0.114,0.836,0.0,0.0,0.0
4.759758710861206,-4.001,0.048,1.595,-0.119,0.831,0.0,0.0,0.0
4.770304918289185,-4.001,0.053,1.603,-0.123,0.827,0.0,0.0,0.0
4.7807886600494385,-4.001,0.051,1.601,-0.112,0.829,0.0,0.0,0.0
4.790619134902954,-3.99,0.044,1.579,-0.13,0.827,0.0,0.0,0.0
4.800699710845947,-4.012,0.053,1.61,-0.12,0.829,0.0,0.0,0.0
4.810801267623901,-4.012,0.049,1.611,-0.126,0.831,0.0,0.0,0.0
4.819751739501953,-4.001,0.046,1.616,-0.115,0.827,0.0,0.0,0.0
4.829985857009888,-4.001,0.053,1.607,-0.107,0.834,0.0,0.0,0.0
4.840769529342651,-4.012,0.048,1.602,-0.125,0.824,0.0,0.0,0.0
4.850101947784424,-3.99,0.053,1.581,-0.115,0.831,0.0,0.0,0.0
4.859764099121094,-4.012,0.051,1.608,-0.118,0.829,0.0,0.0,0.0
4.870187282562256,-3.979,0.046,1.601,-0.123,0.837,0.0,0.0,0.0
4.880498886108398,-4.001,0.048,1.612,-0.114,0.839,0.0,0.0,0.0
4.890723943710327,-3.99,0.049,1.61,-0.125,0.842,0.008,0.0,0.0
4.90012788772583,-3.979,0.048,1.609,-0.125,0.837,0.0,0.0,0.0
4.910019159317017,-4.012,0.049,1.611,-0.115,0.843,0.0,0.0,0.0
4.919934988021851,-3.99,0.05,1.61,-0.117,0.841,0.0,0.0,0.0
4.929851770401001,-4.012,0.053,1.631,-0.112,0.837,0.0,0.0,0.0
4.940627813339233,-4.012,0.048,1.608,-0.118,0.831,0.0,0.0,0.0
4.9498231410980225,-3.99,0.044,1.599,-0.118,0.834,0.0,0.0,0.0
4.9596943855285645,-4.012,0.046,1.611,-0.112,0.829,0.0,0.0,0.0
4.970548391342163,-4.001,0.045,1.613,-0.123,0.834,0.0,0.0,0.0
4.980977535247803,-4.012,0.045,1.616,-0.117,0.841,0.0,0.0,0.0
4.99004054069519,-4.001,0.051,1.599,-0.118,0.843,0.0,0.0,0.0
4.999854326248169,-4.001,0.049,1.623,-0.115,0.848,0.0,0.001,-0.001
5.009921550750732,-4.012,0.044,1.616,-0.121,0.833,0.0,0.0,0.0
5.020061731338501,-4.012,0.051,1.625,-0.124,0.842,0.0,0.0,0.0
5.029863357543945,-4.001,0.039,1.623,-0.12,0.842,0.0,0.0,0.0
5.040107488632202,-4.001,0.039,1.631,-0.118,0.836,0.0,0.0,0.0
5.05100154876709,-4.012,0.039,1.632,-0.118,0.832,0.0,0.001,-0.001
5.0597686767578125,-4.001,0.043,1.627,-0.12,0.839,0.0,0.0,0.0
5.070080280303955,-3.99,0.039,1.618,-0.107,0.844,0.0,0.0,0.0
5.080987453460693,-4.012,0.043,1.625,-0.11,0.839,0.0,0.0,0.0
5.090287208557129,-4.001,0.046,1.645,-0.115,0.839,0.0,0.0,0.0
5.099884510040283,-4.001,0.036,1.625,-0.109,0.843,0.0,0.0,0.0
5.110795974731445,-4.001,0.043,1.627,-0.11,0.844,0.0,0.0,0.0
5.120032072067261,-4.001,0.039,1.63,-0.11,0.844,0.0,0.0,0.0
5.12984037399292,-4.001,0.044,1.633,-0.112,0.839,0.0,0.0,0.0
5.139979600906372,-4.001,0.043,1.63,-0.11,0.848,0.0,0.0,0.0
5.151086091995239,-4.001,0.039,1.637,-0.122,0.839,0.0,0.0,0.0
5.159784317016602,-4.012,0.044,1.638,-0.115,0.844,0.0,0.0,0.0
5.169926166534424,-4.001,0.044,1.635,-0.099,0.843,0.0,0.0,0.0
5.180206775665283,-4.001,0.034,1.637,-0.117,0.845,0.0,0.0,0.0
5.190856218338013,-3.979,0.036,1.648,-0.116,0.844,0.0,0.0,0.0
5.199877977371216,-4.001,0.038,1.65,-0.118,0.848,0.0,0.0,0.0
5.210690021514893,-3.99,0.042,1.639,-0.102,0.839,0.0,0.0,0.0
5.220017671585083,-4.012,0.041,1.645,-0.126,0.845,0.0,0.0,0.0
5.229816675186157,-4.001,0.043,1.637,-0.107,0.854,0.0,0.0,0.0
5.239941358566284,-4.001,0.041,1.643,-0.118,0.849,0.0,0.0,0.0
5.251409292221069,-4.012,0.036,1.647,-0.109,0.85,0.0,0.0,0.0
5.260396242141724,-4.012,0.034,1.635,-0.107,0.847,0.0,0.0,0.0
5.26996636390686,-3.99,0.031,1.654,-0.11,0.864,0.0,0.0,0.0
5.280991077423096,-4.001,0.048,1.661,-0.085,0.845,0.0,0.0,0.0
5.290850639343262,-4.012,0.034,1.645,-0.118,0.844,0.0,0.0,0.0
5.300686359405518,-3.99,0.031,1.643,-0.107,0.849,0.0,0.0,0.0
5.3098132610321045,-4.001,0.036,1.648,-0.118,0.852,0.0,0.0,0.0
5.320016860961914,-4.012,0.033,1.652,-0.126,0.849,0.0,0.0,0.0
5.3298985958099365,-4.023,0.029,1.65,-0.087,0.849,0.0,0.0,0.0
5.339699029922485,-4.012,0.029,1.653,-0.097,0.849,0.0,0.0,0.0
5.350605487823486,-4.001,0.04,1.65,-0.113,0.849,0.0,0.0,0.0
5.360535383224487,-3.979,0.029,1.649,-0.1,0.869,0.0,0.0,0.0
5.369788885116577,-3.99,0.034,1.658,-0.11,0.871,0.001,0.0,0.0
5.380281209945679,-4.023,0.034,1.66,-0.105,0.86,0.0,0.0,0.0
5.391034841537476,-3.99,0.036,1.657,-0.099,0.853,0.0,0.0,0.0
5.39970588684082,-4.001,0.033,1.659,-0.123,0.847,0.0,0.0,0.0
5.410295009613037,-4.001,0.029,1.663,-0.105,0.854,0.0,0.0,0.0
5.42012357711792,-3.99,0.029,1.673,-0.092,0.853,0.0,0.0,0.0
5.429938077926636,-4.023,0.024,1.659,-0.112,0.865,0.0,0.0,0.0
5.439796686172485,-4.012,0.031,1.666,-0.097,0.869,0.0,0.0,0.0
5.451086521148682,-4.001,0.034,1.664,-0.111,0.852,0.0,0.0,0.0
5.459810018539429,-4.001,0.033,1.663,-0.118,0.848,0.0,0.0,0.0
5.4711761474609375,-4.023,0.027,1.668,-0.102,0.857,0.0,0.0,0.0
5.479891300201416,-4.001,0.026,1.673,-0.121,0.862,0.0,0.0,0.0
5.490666389465332,-4.001,0.031,1.664,-0.097,0.868,0.0,0.0,0.0
5.499835729598999,-4.023,0.029,1.687,-0.118,0.877,0.0,0.0,0.0
5.510155916213989,-3.99,0.029,1.66,-0.11,0.858,0.0,0.0,0.0
5.52064847946167,-4.001,0.024,1.675,-0.099,0.864,0.0,0.0,0.0
5.530630111694336,-3.99,0.036,1.675,-0.097,0.876,0.0,0.0,0.0
5.5398290157318115,-4.001,0.026,1.663,-0.099,0.868,0.0,0.0,0.0
5.550367593765259,-3.99,0.028,1.676,-0.107,0.869,0.0,0.0,0.0
5.561001539230347,-4.001,0.027,1.675,-0.105,0.852,0.0,0.0,0.0
5.570693731307983,-3.99,0.034,1.674,-0.105,0.871,0.0,0.0,0.0
5.579826354980469,-3.99,0.021,1.67,-0.115,0.873,0.0,0.0,0.0
5.590461015701294,-4.023,0.029,1.681,-0.092,0.862,0.0,0.0,0.0
5.600310564041138,-3.99,0.024,1.682,-0.105,0.874,0.0,0.0,0.0
5.609780311584473,-3.99,0.018,1.68,-0.096,0.869,0.0,0.0,0.0
5.620246410369873,-4.012,0.022,1.677,-0.089,0.871,0.0,0.0,0.0
5.630905866622925,-3.99,0.013,1.682,-0.102,0.871,0.0,0.0,0.0
5.639773845672607,-4.001,0.018,1.677,-0.097,0.868,0.0,0.0,0.0
5.650469779968262,-3.99,0.014,1.684,-0.092,0.882,0.0,0.0,0.0
5.660314083099365,-4.001,0.021,1.699,-0.098,0.874,0.0,0.0,0.0
5.669948577880859,-4.012,0.014,1.691,-0.081,0.875,0.0,0.0,0.0
5.679805755615234,-4.001,0.021,1.677,-0.084,0.876,0.0,0.0,0.0
5.6909308433532715,-3.99,0.013,1.694,-0.095,0.878,0.0,0.0,0.0
5.700301647186279,-3.99,0.018,1.698,-0.105,0.881,0.0,0.0,0.0
5.710720777511597,-4.012,0.017,1.689,-0.103,0.881,0.0,0.0,0.0
5.720261335372925,-4.001,0.024,1.692,-0.084,0.879,0.0,0.0,0.0
5.7300169467926025,-4.001,0.016,1.697,-0.09,0.881,0.0,0.0,0.0
5.74026346206665,-4.012,0.014,1.691,-0.09,0.871,0.0,0.0,0.0
5.749894618988037,-4.001,0.014,1.696,-0.092,0.876,0.0,0.0,0.0
5.759962320327759,-4.012,0.024,1.699,-0.089,0.878,0.0,0.0,0.0
5.770292043685913,-4.023,0.014,1.701,-0.097,0.871,0.001,0.0,0.0
5.780174732208252,-4.012,0.022,1.707,-0.09,0.87,0.0,0.0,0.0
5.790637493133545,-4.001,0.016,1.712,-0.095,0.871,0.0,0.0,0.0
5.800391674041748,-4.012,0.016,1.697,-0.087,0.884,0.0,0.0,0.0
5.810046195983887,-4.001,0.012,1.716,-0.092,0.875,0.0,0.0,0.0
5.820055961608887,-4.001,0.019,1.707,-0.09,0.886,0.002,0.0,0.0
5.8303985595703125,-4.001,0.014,1.708,-0.102,0.881,0.0,0.0,0.0
5.839817762374878,-3.979,0.018,1.717,-0.087,0.875,0.0,0.0,0.0
5.849801778793335,-4.012,0.009,1.709,-0.093,0.886,0.0,0.0,0.0
5.860180377960205,-4.012,0.013,1.709,-0.085,0.886,0.0,0.0,0.0
5.869847297668457,-3.99,0.011,1.721,-0.084,0.88,0.0,0.0,0.0
5.879860877990723,-4.001,0.005,1.712,-0.073,0.881,0.0,0.0,0.0
5.890065670013428,-4.012,0.012,1.714,-0.068,0.892,0.0,0.0,0.0
5.899945259094238,-4.012,0.011,1.721,-0.09,0.885,0.0,-0.001,-0.001
5.909964084625244,-3.99,0.014,1.715,-0.087,0.886,0.0,0.0,0.0
5.920072317123413,-4.001,0.011,1.728,-0.081,0.886,0.0,0.0,0.0
5.931203365325928,-4.001,0.007,1.717,-0.085,0.887,0.0,0.0,0.0
5.939829111099243,-4.001,0.007,1.724,-0.078,0.885,0.001,0.0,0.0
5.949754238128662,-4.023,0.009,1.728,-0.085,0.889,0.0,0.0,0.0
5.960484981536865,-3.99,0.004,1.732,-0.101,0.897,0.0,0.0,0.0
5.970484972000122,-3.99,0.007,1.737,-0.072,0.889,0.0,0.0,0.0
5.97989559173584,-4.001,-0.001,1.729,-0.078,0.891,0.0,0.0,0.0
5.990034341812134,-4.001,0.007,1.719,-0.078,0.895,0.0,0.0,0.0
5.999942064285278,-3.99,0.007,1.732,-0.076,0.901,0.0,0.0,0.0
6.0098536014556885,-4.001,0.004,1.727,-0.078,0.894,0.0,0.0,0.0
6.01978874206543,-4.012,0.007,1.733,-0.078,0.903,0.0,0.0,0.0
6.030139923095703,-3.99,0.006,1.738,-0.076,0.895,0.0,0.0,0.0
6.040019750595093,-4.001,0.003,1.737,-0.065,0.9,0.0,0.0,0.0
6.049841403961182,-4.001,0.002,1.737,-0.074,0.9,0.0,0.0,0.0
6.060317516326904,-3.979,0.006,1.733,-0.06,0.912,0.0,0.0,0.0
6.069886207580566,-4.012,0.004,1.736,-0.088,0.901,0.0,0.0,0.0
6.080316781997681,-4.001,0.001,1.743,-0.085,0.903,0.0,0.0,0.0
6.090029716491699,-4.001,-0.004,1.753,-0.073,0.903,0.0,0.0,0.0
6.09996485710144,-3.99,-0.003,1.743,-0.076,0.903,0.0,0.0,0.0
6.11067271232605,-3.99,0.002,1.748,-0.071,0.917,0.0,0.0,0.0
6.119635820388794,-3.99,-0.006,1.753,-0.076,0.909,0.0,0.0,0.0
6.130764007568359,-3.979,0.006,1.758,-0.071,0.914,0.0,0.0,0.0
6.1405744552612305,-4.012,-0.004,1.743,-0.06,0.913,0.0,0.0,0.0
6.149897813796997,-3.979,-0.003,1.753,-0.06,0.908,0.0,0.0,0.0
6.161074638366699,-4.012,0.003,1.744,-0.08,0.924,0.0,0.0,0.0
6.170144081115723,-4.012,-0.004,1.746,-0.074,0.924,0.0,0.0,0.0
6.180655241012573,-4.012,-0.006,1.755,-0.076,0.906,0.0,0.0,0.0
6.189854621887207,-4.001,-0.003,1.751,-0.063,0.914,0.0,0.0,0.0
6.199783563613892,-3.99,0.001,1.754,-0.068,0.912,0.0,0.0,0.0
6.21014666557312,-3.99,-0.004,1.753,-0.068,0.912,0.0,0.0,0.0
6.21994161605835,-4.001,-0.011,1.76,-0.066,0.927,0.0,0.0,0.0
6.230243444442749,-4.001,-0.009,1.763,-0.076,0.922,0.0,0.0,0.0
6.2398271560668945,-4.001,-0.011,1.776,-0.066,0.916,0.0,0.0,0.0
6.2512030601501465,-4.001,-0.008,1.775,-0.066,0.918,0.0,0.0,0.0
6.259735822677612,-3.99,-0.006,1.766,-0.071,0.911,0.0,0.0,0.0
6.269989728927612,-3.99,-0.011,1.763,-0.066,0.905,0.0,0.0,0.0
6.280853986740112,-4.001,-0.016,1.768,-0.066,0.928,0.0,0.0,0.0
6.290066957473755,-4.023,-0.007,1.767,-0.069,0.917,0.0,-0.001,-0.001
6.299921274185181,-3.99,-0.011,1.771,-0.074,0.934,0.0,0.0,0.0
6.309744596481323,-4.001,-0.016,1.78,-0.069,0.92,0.0,0.0,0.0
6.319857358932495,-4.001,-0.013,1.779,-0.065,0.92,0.0,0.001,-0.001
6.329851150512695,-4.001,-0.008,1.779,-0.05,0.921,0.0,0.0,0.0
6.339867353439331,-4.001,-0.018,1.772,-0.063,0.929,0.0,0.0,0.0
6.350752830505371,-4.001,-0.013,1.774,-0.061,0.923,0.0,0.0,0.0
6.3600242137908936,-4.012,-0.01,1.783,-0.055,0.927,0.0,0.0,0.0
6.370126008987427,-4.001,-0.013,1.776,-0.058,0.932,0.0,0.0,0.0
6.380708456039429,-4.001,-0.019,1.773,-0.061,0.921,0.0,0.0,0.0
6.390944242477417,-4.023,-0.011,1.786,-0.063,0.932,0.0,0.0,0.0
6.400737047195435,-3.99,-0.019,1.778,-0.048,0.922,0.0,0.0,0.0
6.4097816944122314,-3.99,-0.019,1.782,-0.058,0.936,0.0,0.0,0.0
6.420663356781006,-4.012,-0.013,1.785,-0.061,0.932,0.0,0.0,0.0
6.4309022426605225,-4.012,-0.022,1.784,-0.037,0.939,0.0,0.0,0.0
6.439727544784546,-4.023,-0.018,1.793,-0.066,0.927,0.0,0.0,0.0
6.449894428253174,-4.001,-0.021,1.789,-0.043,0.928,0.0,0.0,0.0
6.460481882095337,-4.012,-0.015,1.797,-0.069,0.937,0.0,0.0,0.0
6.469915866851807,-4.001,-0.023,1.797,-0.058,0.946,0.0,0.0,0.0
6.4799582958221436,-4.001,-0.023,1.811,-0.043,0.936,0.001,0.0,0.0
6.489884376525879,-4.001,-0.023,1.806,-0.042,0.936,0.0,0.0,0.0
6.500739812850952,-3.99,-0.023,1.79,-0.053,0.936,0.0,0.0,0.0
6.509808301925659,-3.99,-0.028,1.793,-0.038,0.939,0.0,0.0,0.0
6.519771099090576,-4.012,-0.024,1.802,-0.037,0.942,0.0,0.0,0.0
6.5304365158081055,-4.001,-0.026,1.793,-0.043,0.942,0.0,0.0,0.0
6.539766550064087,-4.012,-0.026,1.818,-0.067,0.945,0.0,0.0,0.0
6.550147294998169,-4.012,-0.025,1.792,-0.045,0.954,0.0,0.0,0.0
6.559951066970825,-3.99,-0.026,1.814,-0.05,0.945,0.0,0.0,0.0
6.5697853565216064,-4.001,-0.023,1.814,-0.04,0.94,0.0,0.0,0.0
6.5798375606536865,-4.012,-0.024,1.81,-0.038,0.955,0.002,0.0,0.0
6.590333461761475,-4.001,-0.026,1.815,-0.035,0.951,0.001,0.0,0.0
6.600828647613525,-4.001,-0.026,1.818,-0.043,0.949,0.0,0.0,0.0
6.6097571849823,-4.001,-0.031,1.807,-0.049,0.95,0.0,0.0,0.0
6.620124816894531,-4.001,-0.03,1.825,-0.048,0.943,0.0,0.0,0.0
6.63152551651001,-3.99,-0.033,1.819,-0.03,0.951,0.0,0.0,0.0
6.640600204467773,-4.012,-0.03,1.828,-0.054,0.955,0.0,0.0,0.0
6.650549650192261,-4.001,-0.033,1.822,-0.051,0.957,0.0,0.0,0.0
6.659764289855957,-3.99,-0.033,1.826,-0.043,0.952,0.0,0.0,0.0
6.670093536376953,-3.99,-0.028,1.82,-0.038,0.969,0.0,0.0,0.0
6.680406332015991,-4.012,-0.031,1.819,-0.048,0.961,0.0,0.0,0.0
6.690172433853149,-3.99,-0.033,1.832,-0.039,0.97,0.007,0.0,0.0
6.700377941131592,-3.99,-0.033,1.837,-0.028,0.966,0.0,0.0,0.0
6.710222244262695,-4.001,-0.038,1.83,-0.038,0.959,0.0,0.0,0.0
6.71997594833374,-4.012,-0.038,1.829,-0.039,0.949,0.001,0.0,0.0
6.730371952056885,-4.001,-0.036,1.847,-0.024,0.959,0.0,0.0,0.0
6.73991060256958,-4.012,-0.035,1.835,-0.036,0.957,0.0,0.0,0.0
6.7502851486206055,-3.99,-0.03,1.83,-0.031,0.96,0.0,0.0,0.0
6.7606401443481445,-3.99,-0.04,1.842,-0.024,0.96,0.0,0.0,0.0
6.770407199859619,-3.979,-0.041,1.839,-0.033,0.973,0.0,0.0,0.0
6.779900789260864,-4.001,-0.036,1.852,-0.021,0.973,0.0,0.0,0.0
6.790031909942627,-4.001,-0.036,1.838,-0.024,0.966,0.0,0.001,-0.001
6.800751209259033,-4.023,-0.036,1.849,-0.024,0.974,0.0,0.001,-0.001
6.810615062713623,-4.001,-0.04,1.852,-0.034,0.975,0.0,0.0,0.0
6.820688247680664,-4.012,-0.038,1.852,-0.031,0.971,0.0,0.0,0.0
6.830025672912598,-4.001,-0.041,1.849,-0.024,0.97,0.0,0.0,0.0
6.839925050735474,-4.012,-0.041,1.849,-0.04,0.974,0.001,0.0,0.0
6.849827527999878,-3.99,-0.042,1.852,-0.019,0.982,0.0,0.0,0.0
6.859835624694824,-4.001,-0.046,1.857,-0.016,0.982,0.001,0.0,0.0
6.870309114456177,-3.99,-0.048,1.857,-0.033,0.987,0.0,0.0,0.0
6.879967451095581,-4.012,-0.046,1.864,-0.011,0.984,0.008,0.0,0.0
6.890204906463623,-3.99,-0.048,1.875,-0.025,0.993,0.0,0.001,-0.001
6.900008201599121,-3.99,-0.046,1.872,-0.014,0.981,0.0,0.0,0.0
6.91037654876709,-3.99,-0.048,1.86,-0.022,1.001,0.0,0.0,0.0
6.919705629348755,-3.99,-0.043,1.865,-0.027,0.982,0.0,0.0,0.0
6.930354118347168,-3.979,-0.053,1.867,-0.019,0.989,0.0,0.0,0.0
6.9399988651275635,-3.99,-0.046,1.88,0.001,0.985,0.0,0.0,0.0
6.950695276260376,-4.001,-0.048,1.885,-0.005,0.976,0.0,0.0,0.0
6.959910869598389,-4.012,-0.053,1.882,-0.009,0.994,0.0,0.0,0.0
6.9715704917907715,-4.023,-0.058,1.872,0.001,0.995,0.0,0.0,0.0
6.9797608852386475,-4.001,-0.055,1.865,-0.012,0.994,0.0,0.0,0.0
6.989960432052612,-4.012,-0.055,1.872,-0.011,0.991,0.002,0.0,0.0
7.000694751739502,-3.979,-0.06,1.882,-0.009,0.99,0.0,0.0,0.0
7.009923458099365,-3.99,-0.053,1.889,-0.009,0.996,0.0,0.0,0.0
7.019797086715698,-4.001,-0.056,1.891,0.012,0.995,0.0,0.0,0.0
7.02982234954834,-3.99,-0.056,1.889,0.009,0.998,0.0,0.0,0.0
7.0413429737091064,-4.012,-0.055,1.886,-0.006,0.994,0.0,0.0,0.0
7.050963401794434,-4.001,-0.056,1.889,0.004,1.0,0.0,0.0,0.0
7.059796094894409,-4.001,-0.057,1.882,-0.001,0.995,0.0,0.0,0.0
7.0701985359191895,-3.99,-0.062,1.884,-0.007,0.984,0.0,0.0,0.0
7.079913139343262,-4.001,-0.053,1.899,-0.002,1.015,0.003,0.0,0.0
7.090144395828247,-4.001,-0.053,1.892,0.014,1.009,0.0,0.0,0.0
7.099913597106934,-4.001,-0.06,1.902,-0.004,1.011,0.0,0.0,0.0
7.11023473739624,-4.001,-0.058,1.896,-0.006,1.013,0.0,0.0,0.0
7.119784593582153,-4.012,-0.06,1.901,0.01,1.001,0.0,0.0,0.0
7.130131483078003,-3.99,-0.058,1.909,0.017,1.015,0.0,0.0,0.0
7.14118766784668,-3.99,-0.058,1.899,0.026,1.002,0.0,0.0,0.0
7.149891376495361,-3.99,-0.062,1.909,0.006,0.998,0.001,0.0,0.0
7.159738540649414,-3.99,-0.062,1.901,0.001,1.02,0.0,0.0,0.0
7.171673536300659,-3.99,-0.064,1.911,0.003,1.017,0.0,0.0,0.0
7.180739164352417,-3.99,-0.064,1.906,0.014,1.013,0.0,0.001,-0.001
7.190030097961426,-4.012,-0.07,1.901,0.009,1.023,0.0,0.0,0.0
7.199889898300171,-4.001,-0.068,1.917,0.017,1.018,0.0,0.0,0.0
7.21013069152832,-4.001,-0.07,1.915,0.023,1.013,0.0,0.0,0.0
7.219912528991699,-4.001,-0.071,1.912,0.021,1.017,0.0,0.0,0.0
7.229671001434326,-3.979,-0.07,1.916,0.017,1.023,0.0,0.0,0.0
7.2406251430511475,-4.023,-0.071,1.919,0.019,1.019,0.0,0.0,0.0
7.250041246414185,-4.001,-0.075,1.923,0.019,1.028,0.0,0.0,0.0
7.259804010391235,-4.001,-0.07,1.926,0.024,1.024,0.0,0.0,0.0
7.2701849937438965,-4.001,-0.073,1.933,0.024,1.038,0.0,0.0,0.0
7.280527830123901,-4.001,-0.076,1.925,0.014,1.027,0.0,0.0,0.0
7.289941072463989,-3.99,-0.07,1.921,0.028,1.032,0.0,0.0,0.0
7.300566673278809,-4.012,-0.072,1.929,0.026,1.027,0.0,0.0,0.0
7.310724973678589,-3.99,-0.07,1.933,0.027,1.02,0.0,0.0,0.0
7.319765090942383,-4.012,-0.078,1.939,0.03,1.033,0.0,0.0,0.0
7.329805135726929,-4.001,-0.075,1.92,0.026,1.032,0.0,0.0,0.0
7.340108156204224,-3.99,-0.08,1.937,0.027,1.038,0.0,0.001,-0.001
7.350558042526245,-3.99,-0.083,1.94,0.021,1.028,0.0,0.0,0.0
7.359776496887207,-3.979,-0.08,1.94,0.021,1.032,0.0,0.0,0.0
7.370121002197266,-4.001,-0.08,1.936,0.033,1.041,0.0,0.0,0.0
7.38076114654541,-4.012,-0.082,1.945,0.044,1.05,0.001,0.0,0.0
7.390726327896118,-3.99,-0.082,1.946,0.026,1.037,0.0,0.0,0.0
7.400683403015137,-4.001,-0.085,1.949,0.055,1.052,0.0,0.0,0.0
7.410602331161499,-4.001,-0.085,1.955,0.025,1.04,0.0,0.0,0.0
7.419831037521362,-4.001,-0.084,1.949,0.043,1.039,0.0,0.0,0.0
7.429821729660034,-4.012,-0.087,1.951,0.023,1.039,0.005,0.0,0.0
7.440278768539429,-4.023,-0.091,1.96,0.043,1.046,0.0,0.0,0.0
7.450503349304199,-4.001,-0.09,1.958,0.017,1.055,0.0,0.0,0.0
7.459799528121948,-4.012,-0.085,1.954,0.046,1.057,0.0,0.0,0.0
7.470961332321167,-4.012,-0.092,1.952,0.029,1.05,0.0,0.0,0.0
7.4808266162872314,-3.99,-0.088,1.966,0.058,1.049,0.0,0.0,0.0
7.490135908126831,-3.99,-0.095,1.96,0.056,1.061,0.0,0.0,0.0
7.500370740890503,-4.012,-0.095,1.975,0.048,1.053,0.0,0.0,0.0
7.510179758071899,-4.012,-0.095,1.968,0.048,1.057,0.0,0.0,0.0
7.520920515060425,-3.99,-0.093,1.973,0.047,1.054,0.0,0.0,0.0
7.529722690582275,-3.99,-0.093,1.976,0.047,1.052,0.0,0.0,0.0
7.540159225463867,-4.001,-0.093,1.973,0.038,1.067,0.0,0.0,0.0
7.550621747970581,-4.001,-0.085,1.968,0.04,1.06,0.0,0.0,0.0
7.560590982437134,-3.99,-0.097,1.972,0.05,1.071,0.0,0.0,0.0
7.569862604141235,-4.001,-0.09,1.992,0.047,1.064,0.0,0.0,0.0
7.58023476600647,-4.001,-0.1,1.984,0.056,1.064,0.0,0.0,0.0
7.589988708496094,-4.001,-0.102,1.978,0.045,1.066,0.0,0.0,0.0
7.599823951721191,-4.012,-0.102,1.989,0.057,1.073,0.0,0.001,-0.001
7.609931945800781,-4.001,-0.09,1.962,0.048,1.066,0.0,0.0,0.0
7.620440483093262,-4.001,-0.094,1.979,0.057,1.073,0.0,0.0,0.0
7.629816293716431,-4.001,-0.102,1.994,0.064,1.073,0.0,0.0,0.0
7.639900207519531,-4.012,-0.1,1.982,0.051,1.069,0.0,0.0,0.0
7.650584936141968,-4.012,-0.1,1.967,0.057,1.08,0.0,0.0,0.0
7.659804344177246,-4.012,-0.11,1.98,0.073,1.064,0.0,0.0,0.0
7.670021295547485,-4.001,-0.105,1.984,0.065,1.082,0.0,0.001,-0.001
7.6801629066467285,-4.001,-0.1,1.977,0.068,1.081,0.0,0.0,0.0
7.689976215362549,-4.001,-0.105,1.992,0.064,1.087,0.0,0.0,0.0
7.699897527694702,-4.001,-0.104,1.987,0.062,1.093,0.0,0.0,0.0
7.70991849899292,-4.012,-0.11,1.985,0.066,1.082,0.0,0.0,0.0
7.72006368637085,-4.001,-0.115,1.986,0.065,1.09,0.0,0.0,0.0
7.729949474334717,-3.99,-0.11,1.994,0.082,1.093,0.001,0.0,0.0
7.740439176559448,-4.001,-0.103,1.989,0.065,1.082,0.0,0.0,0.0
7.751015663146973,-4.012,-0.112,1.997,0.07,1.09,0.0,0.0,0.0
7.759896516799927,-4.001,-0.109,1.997,0.082,1.09,0.0,0.0,0.0
7.7701005935668945,-4.012,-0.115,1.982,0.088,1.086,0.0,0.0,0.0
7.779825210571289,-4.001,-0.118,1.992,0.077,1.095,0.0,0.0,0.0
7.790653228759766,-4.012,-0.11,1.994,0.08,1.093,0.0,0.0,0.0
7.79990291595459,-4.012,-0.124,2.007,0.082,1.091,0.0,0.0,0.0
7.810301780700684,-4.001,-0.114,2.012,0.082,1.08,0.0,0.0,0.0
7.82000207901001,-4.012,-0.115,1.997,0.079,1.099,0.001,0.0,0.0
7.8299925327301025,-4.001,-0.127,1.999,0.087,1.104,0.0,0.0,0.0
7.839817047119141,-4.001,-0.115,1.999,0.086,1.095,0.0,0.0,0.0
7.850827217102051,-4.001,-0.12,2.004,0.062,1.093,0.008,0.0,0.0
7.860492467880249,-4.012,-0.115,1.997,0.084,1.098,0.0,0.0,0.0
7.8701043128967285,-4.001,-0.116,2.004,0.097,1.103,0.0,0.0,0.0
7.880391359329224,-4.001,-0.117,2.009,0.089,1.102,0.0,0.0,0.0
7.89097261428833,-4.001,-0.124,2.0,0.093,1.114,0.0,0.0,0.0
7.900741338729858,-3.99,-0.117,1.991,0.09,1.104,0.0,0.0,0.0
7.910222768783569,-4.001,-0.125,2.006,0.087,1.094,0.0,0.0,0.0
7.920192718505859,-4.001,-0.13,2.007,0.108,1.111,0.0,0.0,0.0
7.930347204208374,-3.99,-0.127,2.029,0.097,1.117,0.0,0.0,0.0
7.940010070800781,-4.001,-0.129,2.017,0.095,1.11,0.0,0.0,0.0
7.950051307678223,-3.99,-0.129,2.012,0.095,1.107,0.0,0.0,0.0
7.960883617401123,-4.023,-0.132,2.017,0.107,1.118,0.0,0.0,0.0
7.970001459121704,-4.012,-0.134,2.016,0.101,1.116,0.0,0.0,0.0
7.9807233810424805,-3.99,-0.13,2.018,0.097,1.117,0.0,0.0,0.0
7.990718603134155,-3.99,-0.124,2.022,0.105,1.119,0.0,0.0,0.0
8.000232458114624,-4.001,-0.13,2.026,0.104,1.118,0.0,0.0,0.0
8.010202884674072,-4.001,-0.132,2.019,0.124,1.119,0.0,0.001,-0.001
8.020343542098999,-3.99,-0.132,2.014,0.112,1.104,0.0,0.0,0.0
8.030504703521729,-4.001,-0.129,2.03,0.097,1.127,0.0,0.0,0.0
8.040643692016602,-3.99,-0.134,2.034,0.105,1.121,0.0,0.0,0.0
8.050893306732178,-4.001,-0.135,2.016,0.12,1.122,0.0,0.0,0.0
8.060144901275635,-4.012,-0.136,2.027,0.113,1.123,0.0,0.0,0.0
8.0700843334198,-4.001,-0.135,2.017,0.116,1.126,0.002,0.0,0.0
8.079778671264648,-4.012,-0.139,2.031,0.107,1.13,0.0,0.0,0.0
8.089924812316895,-4.001,-0.149,2.032,0.096,1.126,0.0,0.0,0.0
8.100008487701416,-4.001,-0.105,2.031,0.116,1.127,0.0,0.0,0.0
8.109961748123169,-3.99,-0.1,2.033,0.11,1.132,0.0,0.0,0.0
8.121153831481934,-4.012,-0.137,2.039,0.109,1.133,0.0,0.0,0.0
8.130114078521729,-3.99,-0.135,2.032,0.115,1.135,0.0,0.0,0.0
8.140351057052612,-4.012,-0.134,2.041,0.118,1.132,0.0,0.0,0.0
8.149868965148926,-4.001,-0.13,2.032,0.11,1.134,0.0,0.0,0.0
8.159914016723633,-4.001,-0.139,2.044,0.12,1.134,0.0,0.0,0.0
8.17049241065979,-3.99,-0.134,2.046,0.118,1.14,0.0,0.0,0.0
8.180115222930908,-4.001,-0.132,2.049,0.109,1.139,0.0,0.0,0.0
8.19002628326416,-4.001,-0.144,2.042,0.127,1.142,0.0,0.0,0.0
8.200738191604614,-4.001,-0.136,2.047,0.12,1.132,0.0,0.0,0.0
8.210812330245972,-4.001,-0.139,2.052,0.117,1.149,0.0,0.0,0.0
8.220739841461182,-4.001,-0.135,2.035,0.121,1.149,0.0,0.0,0.0
8.229709386825562,-4.001,-0.137,2.05,0.122,1.149,0.0,0.0,0.0
8.239954471588135,-4.001,-0.139,2.048,0.119,1.146,0.0,0.0,0.0
8.250332355499268,-4.012,-0.141,2.036,0.117,1.159,0.0,0.0,0.0
8.259814500808716,-3.99,-0.139,2.03,0.144,1.148,0.0,0.0,0.0
8.270180702209473,-3.99,-0.144,2.044,0.131,1.155,0.0,0.0,0.0
8.280258655548096,-3.99,-0.135,2.06,0.12,1.143,0.002,0.0,0.0
8.290399312973022,-3.99,-0.142,2.047,0.129,1.151,0.0,-0.002,-0.002
8.300276756286621,-4.012,-0.134,2.059,0.141,1.142,0.0,0.0,0.0
8.310322999954224,-4.001,-0.147,2.049,0.147,1.159,0.0,0.0,0.0
8.3199782371521,-3.99,-0.144,2.041,0.136,1.151,0.0,0.0,0.0
8.32980728149414,-4.012,-0.15,2.059,0.129,1.151,0.0,0.0,0.0
8.340135097503662,-4.012,-0.147,2.056,0.147,1.142,0.0,0.0,0.0
8.350635290145874,-4.012,-0.145,2.041,0.138,1.156,0.0,0.0,0.0
8.359822034835815,-3.99,-0.149,2.055,0.132,1.157,0.0,0.0,0.0
8.37171745300293,-3.99,-0.145,2.065,0.152,1.155,0.0,0.0,0.0
8.381106615066528,-4.001,-0.149,2.047,0.152,1.172,0.0,0.0,0.0
8.390233516693115,-4.012,-0.152,2.06,0.128,1.159,0.0,0.0,0.0
8.40079665184021,-4.001,-0.139,2.047,0.133,1.155,0.0,0.0,0.0
8.409809827804565,-4.001,-0.146,2.072,0.152,1.157,0.0,0.0,0.0
8.420705795288086,-4.001,-0.148,2.054,0.154,1.154,0.0,0.0,0.0
8.429802417755127,-4.001,-0.154,2.054,0.145,1.156,0.001,0.0,0.0
8.440307855606079,-4.012,-0.152,2.052,0.146,1.164,0.0,0.0,0.0
8.45077896118164,-3.99,-0.152,2.059,0.154,1.175,0.0,0.0,0.0
8.460389614105225,-4.001,-0.154,2.054,0.165,1.174,0.0,0.0,0.0
8.469809770584106,-3.99,-0.154,2.069,0.141,1.164,0.0,0.0,0.0
8.47989559173584,-4.012,-0.159,2.072,0.151,1.173,0.0,0.0,0.0
8.490903615951538,-3.99,-0.157,2.067,0.152,1.192,0.0,0.0,0.0
8.499826431274414,-4.001,-0.156,2.056,0.156,1.168,0.0,0.0,0.0
8.509831428527832,-4.001,-0.157,2.066,0.151,1.168,0.0,0.0,0.0
8.520532131195068,-3.99,-0.156,2.064,0.162,1.162,0.0,0.0,0.0
8.530193567276001,-4.012,-0.159,2.072,0.16,1.174,0.0,0.0,0.0
8.539829730987549,-4.001,-0.162,2.076,0.146,1.186,0.0,0.0,0.0
8.551496028900146,-4.001,-0.161,2.077,0.151,1.182,0.0,0.0,0.0
8.56020712852478,-3.99,-0.164,2.074,0.168,1.185,0.0,0.001,-0.001
8.5698082447052,-4.001,-0.159,2.068,0.159,1.179,0.0,0.0,0.0
8.580159187316895,-4.001,-0.158,2.087,0.16,1.191,0.0,0.0,0.0
8.590313196182251,-4.012,-0.157,2.071,0.148,1.172,0.0,0.001,-0.001
8.599989891052246,-4.001,-0.162,2.084,0.151,1.19,0.0,0.0,0.0
8.610034942626953,-4.001,-0.164,2.097,0.167,1.18,0.0,0.0,0.0
8.619875192642212,-3.99,-0.166,2.079,0.166,1.182,0.0,0.0,0.0
8.63004994392395,-4.001,-0.159,2.084,0.153,1.188,0.0,0.001,-0.001
8.639886140823364,-4.001,-0.164,2.079,0.164,1.188,0.0,0.0,0.0
8.65009593963623,-4.001,-0.163,2.087,0.172,1.188,0.0,0.0,0.0
8.661657094955444,-4.012,-0.167,2.072,0.169,1.192,0.0,0.0,0.0
8.669898509979248,-4.012,-0.164,2.069,0.162,1.185,0.0,0.0,0.0
8.679881572723389,-4.001,-0.173,2.079,0.166,1.186,0.0,0.0,0.0
8.69031548500061,-4.001,-0.161,2.082,0.165,1.188,0.0,0.0,0.0
8.7005774974823,-3.837,-0.162,2.086,0.169,1.191,0.0,0.0,0.0
8.710763931274414,-4.012,-0.17,2.072,0.178,1.182,0.0,0.0,0.0
8.719773769378662,-3.53,-0.168,2.085,0.181,1.191,0.0,0.0,0.0
8.730065822601318,-3.497,-0.169,2.082,0.169,1.197,0.0,0.0,0.0
8.74006724357605,-3.212,-0.165,2.092,0.167,1.197,0.0,0.0,0.0
8.750202178955078,-3.114,-0.179,2.066,0.172,1.198,0.0,0.0,0.0
8.759967803955078,-3.037,-0.167,2.086,0.188,1.196,0.0,0.0,0.0
8.770710468292236,-2.741,-0.166,2.071,0.178,1.195,0.0,0.0,0.0
8.78025484085083,-2.632,-0.179,2.094,0.176,1.195,0.0,0.0,0.0
8.790232181549072,-2.303,-0.172,2.082,0.176,1.2,0.0,0.0,0.0
8.800157070159912,-2.401,-0.174,2.091,0.169,1.201,0.0,0.0,0.0
8.809960126876831,-1.843,-0.177,2.097,0.171,1.201,0.0,0.0,0.0
8.819932222366333,-2.149,-0.174,2.084,0.191,1.195,0.0,0.0,0.0
8.83111310005188,-2.018,-0.174,2.093,0.164,1.201,0.0,0.0,0.0
8.839662075042725,-1.667,-0.179,2.094,0.176,1.2,0.0,0.0,0.0
8.84995150566101,-1.755,-0.177,2.096,0.179,1.201,0.0,0.0,0.0
8.860417366027832,-1.634,-0.173,2.101,0.186,1.201,0.0,0.0,0.0
8.870592832565308,-1.054,-0.177,2.102,0.179,1.197,0.001,0.0,0.0
8.88070011138916,-1.755,-0.181,2.099,0.164,1.2,0.0,0.0,0.0
8.889788150787354,-1.437,-0.179,2.109,0.168,1.208,0.0,0.0,0.0
8.900099039077759,-1.295,-0.186,2.121,0.196,1.209,0.0,0.0,0.0
8.909849882125854,-1.602,-0.181,2.114,0.176,1.205,0.008,0.0,0.0
8.919791460037231,-1.262,-0.186,2.111,0.173,1.208,0.0,0.0,0.0
8.931210041046143,-1.602,-0.184,2.107,0.188,1.21,0.0,0.0,0.0
8.940036535263062,-1.492,-0.187,2.104,0.171,1.209,0.0,0.0,0.0
8.949810981750488,-1.634,-0.177,2.109,0.182,1.205,0.0,0.0,0.0
8.960834980010986,-1.514,-0.181,2.114,0.182,1.21,0.0,0.0,0.0
8.970615148544312,-1.656,-0.186,2.099,0.179,1.212,0.0,0.0,0.0
8.979806661605835,-1.788,-0.193,2.113,0.173,1.209,0.0,0.0,0.0
8.989858388900757,-1.963,-0.181,2.113,0.187,1.209,0.0,0.0,0.0
9.001001358032227,-1.886,-0.188,2.09,0.178,1.201,0.0,0.0,0.0
9.010448455810547,-2.281,-0.186,2.096,0.191,1.213,0.0,0.0,0.0
9.01980972290039,-2.259,-0.186,2.114,0.165,1.209,0.0,0.0,0.0
9.030934572219849,-2.215,-0.186,2.112,0.187,1.198,0.0,0.0,0.0
9.039713144302368,-2.632,-0.184,2.107,0.176,1.204,0.0,0.0,0.0
9.049757242202759,-2.632,-0.184,2.119,0.176,1.213,0.0,0.0,0.0
9.060081958770752,-2.643,-0.179,2.072,0.185,1.204,0.0,0.0,0.0
9.070785760879517,-2.873,-0.184,2.003,0.22,1.274,0.0,0.0,0.0
9.080719232559204,-2.873,-0.164,1.926,0.321,1.285,0.0,0.0,0.0
9.090614557266235,-3.114,-0.154,1.795,0.325,1.316,0.0,0.001,-0.001
9.10070252418518,-3.355,-0.153,1.627,0.392,1.361,0.0,0.0,0.0
9.110612869262695,-3.618,-0.097,1.498,0.297,1.468,0.0,0.0,0.0
9.120237827301025,-3.453,-0.102,1.335,0.359,1.506,0.0,0.0,0.0
9.130617618560791,-3.716,-0.06,1.263,0.458,1.484,0.0,0.0,0.0
9.139989376068115,-3.793,-0.045,1.145,0.381,1.159,0.0,0.0,0.0
9.149896621704102,-4.034,0.001,1.012,0.197,1.438,0.0,0.0,0.0
9.159774541854858,-3.924,0.043,1.181,0.271,1.194,0.0,0.0,0.0
9.170463800430298,-3.99,0.083,1.06,0.108,1.179,0.0,0.0,0.0
9.180209398269653,-4.001,0.132,0.813,0.521,1.495,0.0,0.001,-0.001
9.189906597137451,-3.99,0.18,0.97,0.511,1.559,0.0,0.0,0.0
9.20008373260498,-3.979,0.159,0.878,0.33,1.204,0.0,0.0,0.0
9.211066961288452,-4.012,0.201,1.066,0.273,1.566,0.001,0.0,0.0
9.220136880874634,-4.012,0.252,1.032,0.465,1.155,0.0,0.0,0.0
9.230762243270874,-4.001,0.224,0.957,0.319,1.647,0.0,0.0,0.0
9.240070104598999,-4.001,0.314,0.992,0.408,1.573,0.0,0.0,0.0
9.249887704849243,-3.99,0.26,1.176,0.516,1.623,0.0,0.0,0.0
9.259937047958374,-4.001,0.234,1.164,0.053,1.605,0.0,0.0,0.0
9.270486831665039,-4.001,0.293,1.32,0.216,1.566,0.0,0.001,-0.001
9.280284643173218,-4.001,0.234,1.052,0.491,1.614,0.0,0.0,0.0
9.289985656738281,-4.012,0.284,1.146,0.541,1.799,0.0,0.0,0.0
9.300817728042603,-3.99,0.235,1.256,0.121,1.673,0.0,0.0,0.0
9.310864448547363,-4.001,0.27,1.187,0.616,1.739,0.0,0.0,0.0
9.319750308990479,-3.99,0.265,1.021,0.491,1.297,0.0,0.0,0.0
9.329781293869019,-4.012,0.307,1.142,0.278,1.566,0.0,0.0,0.0
9.340325593948364,-4.012,0.225,1.317,0.433,1.438,0.0,0.0,0.0
9.349761486053467,-3.99,0.228,1.381,0.621,1.624,0.0,0.0,0.0
9.360162734985352,-4.001,0.167,1.411,0.286,1.539,0.0,0.0,0.0
9.371034145355225,-4.001,0.139,1.415,0.373,1.73,0.0,0.0,0.0
9.380097389221191,-3.99,0.12,1.168,0.15,1.48,0.0,0.0,0.0
9.390035390853882,-4.001,0.148,1.174,0.322,1.684,0.001,0.0,0.0
9.399954319000244,-4.012,0.04,1.092,0.332,1.463,0.0,0.0,0.0
9.41007137298584,-4.001,0.056,1.394,0.458,1.707,0.0,0.001,-0.001
9.419809579849243,-4.001,0.025,1.292,0.481,1.669,0.0,0.0,0.0
9.429769277572632,-3.99,0.01,1.437,0.239,1.446,0.001,0.0,0.0
9.439983367919922,-4.001,0.046,1.548,0.18,1.321,0.0,0.0,0.0
9.449893236160278,-4.001,0.038,0.965,0.335,1.551,0.0,0.0,0.0
9.459755897521973,-4.001,0.038,1.383,0.59,1.501,0.0,0.0,0.0
9.470500946044922,-4.001,0.046,1.251,0.33,1.526,0.0,0.0,0.0
9.47984004020691,-4.001,0.068,1.156,0.437,1.504,0.0,0.0,0.0
9.490201711654663,-4.001,0.086,1.3,0.317,1.368,0.0,0.002,-0.002
9.500793933868408,-3.99,0.121,1.234,0.317,1.631,0.0,0.002,-0.002
9.510330200195312,-4.001,0.127,1.515,0.262,1.421,0.0,0.0,0.0
9.51979923248291,-3.99,0.144,1.34,0.304,1.568,0.0,0.0,0.0
9.529815435409546,-4.012,0.17,1.724,0.148,1.323,0.0,0.0,0.0
9.5404953956604,-4.001,0.179,1.621,0.134,1.446,0.0,0.0,0.0
9.550333261489868,-4.001,0.209,1.457,0.221,1.43,0.0,0.0,0.0
9.55996322631836,-4.001,0.221,1.817,0.265,1.506,0.0,0.0,0.0
9.570209264755249,-4.001,0.189,1.525,0.224,1.405,0.0,0.0,0.0
9.580233335494995,-4.012,0.257,1.487,0.261,1.44,0.0,0.0,0.0
9.589992046356201,-4.012,0.24,1.483,0.219,1.379,0.0,0.0,0.0
9.600733280181885,-4.001,0.184,1.457,0.227,1.304,0.0,0.0,0.0
9.610759735107422,-3.99,0.072,1.498,0.226,1.284,0.0,0.0,0.0
9.620725631713867,-4.001,-0.218,1.488,0.187,1.194,0.0,0.0,0.0
9.630635738372803,-3.99,-0.052,1.454,0.198,1.191,0.0,0.0,0.0
9.63979983329773,-4.001,-0.473,1.463,0.14,1.207,0.0,0.0,0.0
9.650962352752686,-3.979,-0.43,1.493,0.155,1.177,0.0,0.0,0.0
9.659682512283325,-4.012,-0.544,1.462,0.177,1.161,0.0,0.0,0.0
9.670342683792114,-4.034,-0.516,1.5,0.17,1.151,0.0,0.0,0.0
9.68013334274292,-4.023,-0.382,1.542,0.154,1.134,0.0,0.0,0.0
9.689858675003052,-3.99,-0.495,1.56,0.167,1.108,0.0,0.0,0.0
9.699982166290283,-4.001,-0.481,1.579,0.154,1.101,0.0,0.0,0.0
9.71057391166687,-4.012,-0.463,1.581,0.154,1.061,0.0,0.0,0.0
9.719879627227783,-4.001,-0.449,1.631,0.114,1.023,0.0,0.0,0.0
9.729827404022217,-4.012,-0.274,1.664,0.119,1.018,0.0,0.0,0.0
9.740761995315552,-4.001,-0.083,1.67,0.106,1.066,0.0,0.0,0.0
9.749969959259033,-4.012,-0.163,1.696,0.095,1.028,0.0,0.0,0.0
9.760200500488281,-3.99,-0.135,1.665,0.083,0.958,0.0,0.0,0.0
9.769970417022705,-4.001,-0.083,1.697,0.07,0.926,0.0,0.0,0.0
9.780119180679321,-4.012,0.044,1.673,0.076,0.894,0.0,0.0,0.0
9.790064096450806,-4.001,-0.02,1.691,0.058,0.898,0.0,0.0,0.0
9.800253868103027,-4.012,0.068,1.692,0.039,0.859,0.0,0.0,0.0
9.810266017913818,-4.012,0.061,1.682,0.055,0.839,0.0,0.0,0.0
9.819894075393677,-4.001,0.092,1.701,0.05,0.828,0.0,0.0,0.0
9.829964399337769,-4.001,0.123,1.686,0.039,0.84,0.0,0.0,0.0
9.83983826637268,-3.99,0.138,1.725,0.028,0.798,0.0,0.0,0.0
9.850371599197388,-3.99,0.157,1.689,0.037,0.803,0.0,0.0,0.0
9.859846830368042,-3.99,0.159,1.681,0.046,0.787,0.0,0.0,0.0
9.869782209396362,-4.001,0.177,1.7,0.024,0.812,0.0,0.0,0.0
9.879896640777588,-3.99,0.157,1.689,0.02,0.824,0.0,0.0,0.0
9.890212059020996,-4.023,0.122,1.673,0.024,0.87,0.0,0.0,0.0
9.899993658065796,-4.001,0.123,1.673,0.032,0.829,0.0,0.0,0.0
9.910540580749512,-4.001,0.066,1.677,0.028,0.844,0.0,-0.001,0.001
9.920777559280396,-4.001,0.037,1.655,0.029,0.842,0.0,0.0,0.0
9.92978024482727,-4.012,0.005,1.648,0.036,0.831,0.0,0.0,0.0
9.93984842300415,-4.001,-0.052,1.642,0.04,0.854,0.0,0.0,0.0
9.950229167938232,-4.001,-0.088,1.632,0.038,0.84,0.0,0.0,0.0
9.960197687149048,-4.001,-0.073,1.633,0.046,0.831,0.0,-0.001,0.001
9.969913482666016,-3.99,-0.116,1.617,0.054,0.809,0.0,0.0,0.0
9.979989767074585,-3.99,-0.116,1.602,0.051,0.792,0.0,0.0,0.0
9.990097761154175,-4.012,-0.132,1.576,0.068,0.802,0.0,0.0,0.0
10.00074553489685,-4.001,-0.116,1.55,0.065,0.789,0.0,0.0,0.0
10.010140419006348,-4.012,-0.133,1.547,0.071,0.826,0.0,0.0,0.0
10.01977825164795,-3.99,-0.146,1.561,0.077,0.817,0.0,0.0,0.0
10.030810832977295,-4.012,-0.167,1.559,0.094,0.826,0.0,0.0,0.0
10.039844989776611,-3.99,-0.117,1.52,0.103,0.816,0.0,0.0,0.0
10.04999852180481,-4.023,-0.124,1.535,0.097,0.824,0.0,0.0,0.0
10.060432434082031,-4.012,-0.126,1.533,0.134,0.834,0.0,0.0,0.0
10.070492267608643,-4.001,-0.114,1.528,0.137,0.827,0.0,0.0,0.0
10.080137968063354,-3.99,-0.081,1.541,0.152,0.796,0.0,0.0,0.0
10.090083122253418,-4.001,-0.067,1.514,0.162,0.792,0.0,0.0,0.0
10.100062608718872,-4.012,-0.059,1.497,0.159,0.799,0.0,0.0,0.0
10.110340595245361,-3.99,-0.033,1.519,0.131,0.802,0.0,0.0,0.0
10.119759559631348,-4.012,-0.031,1.498,0.143,0.825,0.0,0.0,0.0
10.129744052886963,-4.012,-0.02,1.536,0.181,0.846,0.0,0.0,0.0
10.139915943145752,-4.001,-0.015,1.543,0.176,0.825,0.0,0.0,0.0
10.149895429611206,-4.001,-0.028,1.515,0.188,0.82,0.0,0.0,0.0
10.160027980804443,-4.001,-0.013,1.512,0.171,0.824,0.0,0.0,0.0
10.170243978500366,-4.001,0.042,1.508,0.184,0.821,0.0,0.0,0.0
10.179964542388916,-4.012,0.048,1.508,0.179,0.79,0.0,0.0,0.0
10.189982175827026,-4.012,0.013,1.501,0.197,0.85,0.0,0.0,0.0
10.200418710708618,-4.001,0.012,1.515,0.193,0.824,0.0,0.0,0.0
10.210108995437622,-4.012,0.01,1.535,0.22,0.799,0.0,0.0,0.0
10.219847440719604,-4.001,0.012,1.556,0.216,0.846,0.0,0.0,0.0
10.230329751968384,-4.001,0.002,1.566,0.193,0.878,0.0,0.0,0.0
10.239952325820923,-3.99,0.0,1.525,0.211,0.86,0.0,0.0,0.0
10.24997615814209,-4.001,-0.015,1.526,0.214,0.874,0.0,0.0,0.0
10.259788751602173,-4.001,-0.018,1.521,0.216,0.861,0.0,0.0,0.0
10.271549701690674,-3.99,-0.025,1.546,0.192,0.88,0.0,0.0,0.0
10.280292749404907,-3.99,-0.021,1.541,0.185,0.878,0.0,0.0,0.0
10.290424823760986,-4.001,-0.025,1.513,0.208,0.837,0.0,0.0,0.0
10.300705671310425,-4.001,-0.024,1.522,0.192,0.821,0.0,0.0,0.0
10.310532808303833,-3.99,-0.018,1.509,0.206,0.832,0.0,0.0,0.0
10.32097053527832,-3.99,-0.025,1.51,0.234,0.807,0.0,0.0,0.0
10.329792022705078,-4.001,-0.025,1.507,0.231,0.852,0.0,0.0,0.0
10.340703010559082,-4.001,-0.023,1.521,0.225,0.839,0.0,0.0,0.0
10.350725173950195,-3.99,-0.03,1.493,0.25,0.812,0.0,0.0,0.0
10.35981822013855,-4.012,-0.03,1.504,0.244,0.821,0.0,0.0,0.0
10.370216608047485,-4.001,-0.026,1.514,0.243,0.857,0.0,0.0,0.0
10.38029956817627,-4.001,-0.03,1.469,0.243,0.796,0.0,0.0,0.0
10.390963792800903,-4.001,-0.028,1.494,0.249,0.793,0.0,0.0,0.0
10.400105476379395,-4.001,-0.027,1.485,0.236,0.806,0.0,0.0,0.0
10.410025596618652,-4.001,-0.028,1.455,0.254,0.791,0.0,0.0,0.0
10.420543432235718,-4.012,-0.031,1.472,0.267,0.776,0.0,0.0,0.0
10.430203437805176,-4.001,-0.03,1.455,0.257,0.809,0.0,0.0,0.0
10.440395593643188,-3.99,-0.023,1.435,0.24,0.77,0.0,0.0,0.0
10.450255870819092,-4.001,-0.033,1.441,0.249,0.771,0.0,0.0,0.0
10.459882497787476,-4.012,-0.029,1.467,0.237,0.779,0.0,0.0,0.0
10.470210075378418,-4.001,-0.03,1.507,0.186,0.798,0.0,0.0,0.0
10.48021125793457,-4.001,-0.034,1.478,0.227,0.786,-0.001,0.0,0.0
10.490293979644775,-4.001,-0.031,1.465,0.215,0.799,0.0,0.0,0.0
10.49981164932251,-3.99,-0.025,1.482,0.229,0.81,0.0,0.0,0.0
10.509750127792358,-3.99,-0.022,1.469,0.208,0.847,0.0,0.0,0.0
10.519883871078491,-4.001,-0.033,1.495,0.212,0.815,0.0,0.0,0.0
10.53054404258728,-4.023,-0.043,1.503,0.245,0.819,0.0,0.0,0.0
10.539707660675049,-4.012,-0.032,1.51,0.271,0.798,0.0,0.0,0.0
10.550853252410889,-4.001,-0.045,1.524,0.255,0.833,0.0,0.0,0.0
10.559940099716187,-4.001,-0.04,1.475,0.288,0.795,0.0,0.0,0.0
10.57062840461731,-4.001,-0.032,1.501,0.276,0.824,0.0,0.0,0.0
10.57998514175415,-3.99,-0.038,1.468,0.314,0.791,0.0,0.0,0.0
10.590094327926636,-4.001,-0.035,1.502,0.299,0.823,0.0,0.0,0.0
10.60015320777893,-4.001,-0.036,1.493,0.293,0.778,0.0,0.0,0.0
10.609833478927612,-3.99,-0.044,1.492,0.293,0.783,-0.002,0.0,0.0
10.620310068130493,-4.001,-0.038,1.492,0.279,0.799,0.0,0.0,0.0
10.629870653152466,-4.001,-0.041,1.471,0.283,0.744,0.0,0.0,0.0
10.639856100082397,-4.001,-0.038,1.468,0.252,0.758,0.0,0.0,0.0
10.65041995048523,-4.001,-0.033,1.473,0.24,0.751,0.0,0.0,0.0
10.6598219871521,-3.99,-0.042,1.449,0.272,0.784,0.0,0.0,0.0
10.669901132583618,-3.99,-0.041,1.46,0.241,0.795,0.0,0.0,0.0
10.679867029190063,-3.99,-0.04,1.482,0.24,0.812,0.0,0.001,0.001
10.690201759338379,-3.99,-0.044,1.452,0.234,0.758,0.0,0.0,0.0
10.701088190078735,-4.001,-0.044,1.467,0.213,0.777,0.0,0.0,0.0
10.710731506347656,-3.99,-0.045,1.504,0.184,0.822,0.0,0.0,0.0
10.72078537940979,-3.957,-0.038,1.498,0.21,0.789,0.0,0.0,0.0
10.730282068252563,-4.012,-0.044,1.509,0.151,0.762,-0.008,0.0,0.0
10.740701675415039,-3.935,-0.046,1.489,0.177,0.815,0.0,0.0,0.0
10.750751733779907,-4.012,-0.042,1.5,0.182,0.813,0.0,0.0,0.0
10.760478258132935,-3.892,-0.041,1.52,0.195,0.796,0.0,0.0,0.0
10.770004749298096,-4.012,-0.047,1.511,0.21,0.783,0.0,0.0,0.0
10.780744791030884,-4.001,-0.044,1.51,0.193,0.815,0.0,0.0,0.0
10.79063868522644,-3.815,-0.046,1.517,0.186,0.77,0.0,0.0,0.0
10.80074667930603,-4.001,-0.041,1.49,0.206,0.811,0.0,0.0,0.0
10.809935092926025,-3.782,-0.054,1.475,0.208,0.786,0.0,0.0,0.0
10.820066213607788,-3.76,-0.054,1.49,0.184,0.822,0.0,0.0,0.0
10.82998514175415,-3.946,-0.054,1.465,0.197,0.807,-0.001,0.0,0.0
10.839715480804443,-3.705,-0.045,1.45,0.19,0.886,0.0,0.0,0.0
10.850190877914429,-3.903,-0.049,1.48,0.199,0.825,0.0,0.0,0.0
10.860291242599487,-3.672,-0.052,1.429,0.219,0.744,0.0,0.0,0.0
10.870203018188477,-3.837,-0.056,1.414,0.217,0.727,0.0,0.0,0.0
10.880733728408813,-3.607,-0.049,1.442,0.224,0.723,0.0,0.0,0.0
10.890591859817505,-3.804,-0.051,1.42,0.208,0.73,0.0,-0.001,0.001
10.900162696838379,-3.53,-0.053,1.458,0.219,0.788,0.0,0.0,0.0
10.910183191299438,-3.53,-0.053,1.425,0.224,0.762,0.0,0.0,0.0
10.91988205909729,-3.464,-0.054,1.471,0.212,0.759,0.0,0.0,0.0
10.930056095123291,-3.651,-0.061,1.493,0.222,0.802,0.0,0.0,0.0
10.939765691757202,-3.388,-0.054,1.515,0.211,0.789,0.0,0.0,0.0
10.949835538864136,-3.355,-0.057,1.531,0.216,0.788,0.0,0.001,0.001
10.960949659347534,-3.289,-0.058,1.507,0.21,0.835,0.0,0.0,0.0
10.969959497451782,-3.267,-0.059,1.497,0.219,0.845,0.0,0.0,0.0
10.979804992675781,-3.453,-0.056,1.466,0.223,0.804,-0.001,0.0,0.0
10.990144968032837,-3.201,-0.055,1.524,0.214,0.81,0.0,0.0,0.0
10.999892473220825,-2.938,-0.055,1.499,0.237,0.841,0.0,0.0,0.0
11.009928464889526,-3.289,-0.061,1.459,0.207,0.853,0.0,0.0,0.0
11.019710779190063,-3.048,-0.059,1.454,0.22,0.81,0.0,0.0,0.0
11.029918670654297,-3.004,-0.056,1.457,0.227,0.838,0.0,0.0,0.0
11.039755582809448,-2.938,-0.059,1.459,0.218,0.837,0.0,0.0,0.0
11.049865961074829,-2.895,-0.064,1.427,0.226,0.847,0.0,0.0,0.0
11.060018062591553,-2.829,-0.056,1.396,0.217,0.81,0.0,0.0,0.0
11.069834232330322,-2.566,-0.06,1.404,0.219,0.769,0.0,0.0,0.0
11.079787969589233,-2.708,-0.07,1.441,0.23,0.791,0.0,0.0,0.0
11.089933156967163,-2.664,-0.067,1.42,0.206,0.813,0.0,0.0,0.0
11.09981369972229,-2.588,-0.066,1.386,0.249,0.773,0.0,0.0,0.0
11.110254764556885,-2.314,-0.07,1.399,0.254,0.739,0.0,0.0,0.0
11.119814157485962,-2.445,-0.07,1.404,0.255,0.721,0.0,0.0,0.0
11.130867004394531,-2.38,-0.072,1.434,0.229,0.769,0.0,0.0,0.0
11.139716386795044,-2.336,-0.067,1.434,0.243,0.756,0.0,0.0,0.0
11.150121450424194,-2.04,-0.065,1.461,0.24,0.827,0.0,0.0,0.0
11.161630630493164,-2.193,-0.065,1.448,0.24,0.7,0.0,0.0,0.0
11.170406103134155,-1.886,-0.067,1.506,0.218,0.814,0.0,0.0,0.0
11.179879426956177,-2.029,-0.064,1.436,0.252,0.75,-0.008,0.0,0.0
11.189950227737427,-1.952,-0.073,1.489,0.221,0.803,0.0,0.0,0.0
11.200737714767456,-1.678,-0.077,1.49,0.213,0.76,0.0,0.0,0.0
11.209803819656372,-1.799,-0.078,1.45,0.252,0.725,0.0,0.0,0.0
11.219768285751343,-1.722,-0.072,1.456,0.21,0.787,0.0,0.0,0.0
11.229961395263672,-1.448,-0.072,1.551,0.199,0.758,0.0,0.0,0.0
11.239762783050537,-1.58,-0.074,1.514,0.221,0.767,0.0,0.0,0.0
11.249836683273315,-1.492,-0.074,1.538,0.215,0.767,0.0,0.0,0.0
11.260915279388428,-1.196,-0.082,1.47,0.217,0.779,0.0,0.0,0.0
11.270304441452026,-1.317,-0.074,1.501,0.216,0.822,-0.001,0.0,0.0
11.279853343963623,-1.24,-0.08,1.452,0.211,0.822,0.0,0.0,0.0
11.290044069290161,-0.944,-0.081,1.498,0.215,0.81,0.0,0.0,0.0
11.299922943115234,-0.846,-0.074,1.491,0.206,0.75,0.0,0.0,0.0
11.310120582580566,-0.966,-0.082,1.509,0.22,0.792,0.0,0.0,0.0
11.319751501083374,-0.878,-0.085,1.496,0.211,0.756,0.0,0.0,0.0
11.330098867416382,-0.583,0.012,1.484,0.177,0.765,0.0,0.0,0.0
11.339936971664429,-0.703,0.123,1.496,0.21,0.745,0.0,0.0,0.0
11.349709749221802,-0.615,0.177,1.529,0.202,0.727,0.0,0.0,0.0
11.360052824020386,-0.736,0.352,1.516,0.172,0.769,0.0,0.0,0.0
11.370751142501831,-0.232,0.314,1.469,0.188,0.707,0.0,0.0,0.0
11.380079746246338,-0.32,0.394,1.507,0.211,0.69,0.0,0.0,0.0
11.389834642410278,-0.67,0.292,1.461,0.22,0.695,0.0,0.0,0.0
11.39999508857727,-0.188,0.41,1.463,0.216,0.748,0.0,0.0,0.0
11.410300493240356,-0.09,0.403,1.45,0.215,0.692,0.0,-0.001,0.001
11.419814586639404,-0.199,0.368,1.448,0.217,0.647,0.0,-0.001,0.001
11.43030333518982,-0.352,0.483,1.449,0.219,0.675,0.0,-0.001,0.001
11.440197944641113,0.141,0.559,1.435,0.214,0.662,0.0,0.0,0.0
11.449796438217163,-0.177,0.42,1.438,0.219,0.639,0.0,0.0,0.0
11.460232019424438,-0.111,0.471,1.512,0.189,0.74,0.0,0.0,0.0
11.471505880355835,0.162,0.373,1.405,0.205,0.654,0.0,0.0,0.0
11.479955434799194,-0.188,0.43,1.47,0.202,0.715,0.0,0.0,0.0
11.489988565444946,-0.111,0.379,1.486,0.179,0.637,0.0,0.0,0.0
11.499915838241577,-0.057,0.281,1.441,0.199,0.624,0.0,-0.001,0.001
11.510618686676025,0.228,0.277,1.531,0.177,0.695,0.0,0.0,0.0
11.519720792770386,-0.144,0.298,1.465,0.208,0.658,0.0,-0.001,0.001
11.530659675598145,-0.079,0.198,1.504,0.213,0.731,0.0,0.0,0.0
11.540056943893433,0.173,0.404,1.461,0.248,0.665,0.0,0.0,0.0
11.549865961074829,0.677,0.179,1.498,0.233,0.645,0.0,0.0,0.0
11.559969425201416,0.152,0.214,1.473,0.219,0.645,0.0,0.0,0.0
11.570472955703735,0.831,0.137,1.525,0.218,0.677,0.0,0.0,0.0
11.580578088760376,0.699,-0.073,1.523,0.241,0.692,0.0,0.0,0.0
11.589937925338745,0.984,0.267,1.525,0.235,0.683,0.0,-0.001,0.001
11.599841833114624,0.864,0.172,1.542,0.249,0.715,0.0,0.0,0.0
11.610462665557861,1.116,-0.015,1.557,0.184,0.751,-0.001,0.0,0.0
11.619781970977783,1.225,0.085,1.593,0.212,0.685,0.0,0.0,0.0
11.630076885223389,1.324,0.169,1.634,0.142,0.799,0.0,0.0,0.0
11.640381336212158,1.423,0.214,1.58,0.176,0.707,0.0,0.0,0.0
11.64984393119812,1.51,0.139,1.549,0.218,0.677,0.0,-0.001,0.001
11.659947872161865,1.598,0.282,1.601,0.208,0.739,0.0,0.0,0.0
11.670433521270752,1.477,0.186,1.6,0.186,0.72,0.0,0.0,0.0
11.679944038391113,1.576,0.217,1.57,0.197,0.67,0.0,0.0,0.0
11.69007921218872,1.62,0.393,1.544,0.182,0.726,0.0,0.0,0.0
11.699987411499023,1.762,0.29,1.593,0.204,0.666,0.0,0.0,0.0
11.710630893707275,1.653,0.233,1.553,0.173,0.675,0.0,0.0,0.0
11.719792604446411,1.664,0.293,1.528,0.214,0.686,0.0,0.0,0.0
11.730249881744385,1.707,0.263,1.557,0.209,0.753,0.0,0.0,0.0
11.74022650718689,1.795,0.41,1.517,0.221,0.619,0.0,0.0,0.0
11.750444173812866,1.488,0.363,1.536,0.193,0.648,0.0,-0.001,0.001
11.76012921333313,1.675,0.336,1.536,0.198,0.636,0.0,0.0,0.0
11.770028591156006,1.729,0.455,1.528,0.195,0.648,0.0,0.0,0.0
11.77994441986084,1.664,0.375,1.529,0.207,0.67,0.0,-0.001,0.001
11.790041446685791,1.828,0.459,1.554,0.204,0.697,0.0,0.0,0.0
11.80086874961853,1.707,0.394,1.575,0.192,0.699,0.0,0.0,0.0
11.810797452926636,1.565,0.311,1.546,0.215,0.712,0.0,0.0,0.0
11.820703744888306,1.85,0.453,1.557,0.19,0.78,0.0,-0.001,0.001
11.831169128417969,1.554,0.45,1.537,0.175,0.761,0.0,0.0,0.0
11.83985686302185,1.806,0.452,1.51,0.189,0.766,0.0,0.0,0.0
11.850130796432495,1.466,0.339,1.502,0.211,0.772,0.0,0.0,0.0
11.859869241714478,1.466,0.379,1.463,0.189,0.715,0.0,0.0,0.0
11.870898008346558,2.003,0.185,1.447,0.185,0.768,0.0,0.0,0.0
11.88008713722229,1.795,0.416,1.427,0.207,0.682,0.0,-0.001,0.001
11.890084743499756,1.642,0.21,1.428,0.23,0.7,0.0,0.0,0.0
11.899959325790405,1.894,0.144,1.443,0.203,0.65,0.0,0.0,0.0
11.910137176513672,1.85,0.227,1.416,0.217,0.681,0.0,0.0,0.0
11.920619249343872,1.39,0.227,1.471,0.243,0.664,0.0,0.0,0.0
11.929741144180298,1.587,0.133,1.394,0.245,0.625,0.0,0.0,0.0
11.940099239349365,1.642,0.1,1.501,0.206,0.719,0.0,0.0,0.0
11.950407266616821,1.784,0.107,1.449,0.238,0.582,0.0,0.0,0.0
11.961001873016357,1.784,0.163,1.457,0.244,0.699,0.0,0.0,0.0
11.970430612564087,1.488,0.105,1.435,0.186,0.699,0.0,0.0,0.0
11.979817867279053,1.729,0.316,1.509,0.207,0.662,0.0,-0.001,0.001
11.989990711212158,1.718,0.377,1.474,0.195,0.729,0.0,0.0,0.0
11.999944686889648,1.631,0.233,1.523,0.183,0.682,0.0,0.0,0.0
12.01024842262268,1.609,0.309,1.549,0.162,0.751,0.0,0.0,0.0
12.019785404205322,1.423,0.275,1.457,0.189,0.725,-0.001,0.0,0.0
12.029861450195312,1.707,0.413,1.537,0.174,0.851,0.0,0.0,0.0
12.039810180664062,1.872,0.501,1.54,0.169,0.803,0.0,0.0,0.0
12.050133466720581,1.412,0.372,1.534,0.193,0.835,0.0,0.0,0.0
12.061343431472778,1.587,0.514,1.443,0.199,0.763,0.0,0.0,0.0
12.070060729980469,1.631,0.431,1.487,0.176,0.822,0.0,0.0,0.0
12.079822063446045,1.686,0.386,1.402,0.234,0.742,0.0,0.0,0.0
12.089896440505981,1.609,0.299,1.442,0.194,0.767,0.0,0.0,0.0
12.10015058517456,1.784,0.537,1.446,0.203,0.733,0.0,0.0,0.0
12.110466718673706,1.368,0.363,1.421,0.224,0.67,0.0,0.0,0.0
12.119760513305664,1.905,0.421,1.426,0.259,0.684,0.0,0.0,0.0
12.130582094192505,1.642,0.473,1.533,0.21,0.749,0.0,0.0,0.0
12.140099287033081,1.324,0.382,1.406,0.255,0.738,0.0,0.0,0.0
12.149770259857178,1.729,0.283,1.402,0.265,0.691,0.0,0.0,0.0
12.160162925720215,1.313,0.399,1.485,0.221,0.775,0.0,-0.001,0.001
12.170610427856445,2.091,0.293,1.487,0.25,0.721,-0.001,0.0,0.0
12.179864406585693,1.554,0.33,1.446,0.237,0.677,0.0,0.0,0.0
12.189994096755981,1.116,0.354,1.399,0.218,0.752,0.0,0.0,0.0
12.19988751411438,1.707,0.259,1.509,0.224,0.762,0.0,0.0,0.0
12.210836172103882,1.883,0.196,1.461,0.19,0.759,0.0,0.0,0.0
12.219787120819092,1.368,0.168,1.455,0.256,0.706,0.0,0.0,0.0
12.229899883270264,1.686,0.232,1.573,0.217,0.755,0.0,0.0,0.0
12.240064144134521,1.554,0.044,1.413,0.247,0.743,0.0,-0.001,0.001
12.250008821487427,2.014,0.182,1.423,0.265,0.749,0.0,0.0,0.0
12.260151624679565,1.477,0.196,1.401,0.255,0.74,0.0,0.0,0.0
12.270620346069336,1.488,0.199,1.392,0.235,0.707,0.0,0.0,0.0
12.279997110366821,1.631,0.015,1.513,0.23,0.737,0.0,0.0,0.0
12.290175437927246,1.455,0.279,1.437,0.247,0.724,0.0,0.0,0.0
12.299950122833252,1.642,0.3,1.387,0.235,0.72,0.0,0.0,0.0
12.309900522232056,1.62,0.263,1.422,0.171,0.756,0.0,0.0,0.0
12.31978154182434,1.609,0.401,1.366,0.165,0.745,0.0,0.0,0.0
12.329854011535645,1.62,0.399,1.483,0.209,0.692,0.0,0.0,0.0
12.339866161346436,1.587,0.468,1.375,0.168,0.785,0.0,0.0,0.0
12.349747657775879,1.609,0.392,1.457,0.212,0.773,0.0,0.0,0.0
12.36018681526184,1.598,0.35,1.438,0.203,0.805,0.0,0.0,0.0
12.370588541030884,1.806,0.349,1.415,0.239,0.734,0.0,0.0,0.0
12.38058090209961,1.554,0.422,1.392,0.235,0.744,0.0,0.0,0.0
12.38984203338623,1.609,0.484,1.415,0.24,0.694,0.0,0.0,0.0
12.399793863296509,2.069,0.458,1.391,0.188,0.782,0.0,0.0,0.0
12.41005825996399,1.653,0.416,1.499,0.198,0.785,0.0,-0.001,0.001
12.41981840133667,1.631,0.371,1.459,0.241,0.757,0.0,0.0,0.0
12.429822444915771,1.51,0.487,1.549,0.191,0.838,0.0,0.0,0.0
12.440276861190796,1.466,0.489,1.48,0.221,0.769,0.0,0.0,0.0
12.45019268989563,1.905,0.416,1.377,0.238,0.749,0.0,0.0,0.0
12.460040807723999,1.488,0.394,1.415,0.228,0.724,0.0,0.0,0.0
12.469847679138184,1.675,0.331,1.471,0.239,0.725,0.0,0.0,0.0
12.480085611343384,1.466,0.391,1.485,0.167,0.754,0.0,0.0,0.0
12.490030288696289,1.905,0.265,1.402,0.198,0.77,0.0,0.0,0.0
12.500818490982056,1.488,0.329,1.408,0.252,0.759,0.0,0.0,0.0
12.510822057723999,1.455,0.43,1.383,0.199,0.698,0.0,0.0,0.0
12.520673751831055,1.664,0.584,1.359,0.218,0.72,0.0,0.0,0.0
12.53057599067688,1.488,0.342,1.392,0.223,0.69,0.0,0.0,0.0
12.539803981781006,1.883,0.093,1.378,0.227,0.721,0.0,0.0,0.0
12.550234317779541,1.981,0.298,1.479,0.2,0.748,0.0,-0.002,0.002
12.560173511505127,1.554,0.19,1.385,0.227,0.735,0.0,0.0,0.0
12.570061683654785,1.532,0.291,1.525,0.277,0.688,0.0,0.0,0.0
12.580881834030151,1.455,0.323,1.396,0.245,0.717,0.0,-0.001,0.001
12.590601921081543,1.905,0.377,1.445,0.235,0.705,0.0,-0.001,0.001
12.60071086883545,1.609,0.263,1.426,0.247,0.707,0.0,-0.001,0.001
12.610780239105225,1.368,0.392,1.427,0.246,0.724,0.0,0.0,0.0
12.620842695236206,1.806,0.399,1.453,0.223,0.774,0.0,0.0,0.0
12.629794597625732,1.401,0.524,1.459,0.259,0.726,0.0,0.0,0.0
12.640043258666992,1.905,0.28,1.472,0.217,0.809,-0.001,0.0,0.0
12.650298595428467,1.707,0.32,1.456,0.238,0.778,0.0,0.0,0.0
12.659865140914917,1.653,0.358,1.567,0.237,0.739,0.0,0.0,0.0
12.670159101486206,1.532,0.157,1.516,0.243,0.888,0.0,0.0,0.0
12.680246114730835,1.368,0.286,1.455,0.257,0.743,0.0,0.0,0.0
12.690386295318604,1.773,0.421,1.523,0.273,0.722,0.0,0.0,0.0
12.699896812438965,1.631,0.158,1.401,0.262,0.694,0.0,0.0,0.0
12.71051573753357,1.751,0.516,1.418,0.245,0.773,0.0,0.0,0.0
12.720048904418945,1.74,0.159,1.399,0.277,0.655,0.0,-0.001,0.001
12.729847192764282,1.598,0.703,1.457,0.265,0.736,0.0,-0.001,0.001
12.739758253097534,1.412,0.438,1.479,0.256,0.791,0.0,-0.001,0.001
12.750761985778809,2.014,0.34,1.477,0.245,0.764,0.0,0.0,0.0
12.76093864440918,1.642,0.355,1.443,0.246,0.631,0.0,-0.001,0.001
12.770313739776611,1.543,0.573,1.408,0.254,0.713,0.0,0.0,0.0
12.78073501586914,1.74,0.458,1.417,0.269,0.645,0.0,0.0,0.0
12.790756702423096,1.554,0.313,1.391,0.255,0.654,0.0,-0.001,0.001
12.80019760131836,1.543,0.537,1.428,0.259,0.682,0.0,0.0,0.0
12.810235738754272,1.762,0.368,1.502,0.222,0.637,0.0,0.0,0.0
12.820154905319214,1.729,0.357,1.366,0.26,0.718,0.0,0.0,0.0
12.830094814300537,1.302,0.231,1.438,0.256,0.67,0.0,-0.001,0.001
12.839791059494019,1.521,0.382,1.362,0.246,0.65,0.0,0.0,0.0
12.85013222694397,1.817,0.432,1.591,0.233,0.742,0.0,0.0,0.0
12.860155820846558,1.751,0.251,1.498,0.228,0.701,0.0,0.0,0.0
12.869964838027954,1.477,0.366,1.522,0.251,0.695,0.0,0.0,0.0
12.879986763000488,1.718,0.295,1.594,0.248,0.706,0.0,0.0,0.0
12.889874696731567,1.335,0.24,1.583,0.227,0.757,0.0,0.0,0.0
12.900036334991455,1.905,0.32,1.511,0.229,0.726,0.0,0.0,0.0
12.9098641872406,1.664,0.337,1.581,0.211,0.734,0.0,0.0,0.0
12.919870138168335,1.499,0.243,1.624,0.237,0.724,0.0,0.0,0.0
12.930099964141846,1.795,0.218,1.554,0.198,0.747,0.0,0.0,0.0
12.939867734909058,1.675,0.099,1.5,0.22,0.675,0.0,0.0,0.0
12.950571298599243,1.477,0.287,1.562,0.22,0.773,0.0,0.0,0.0
12.960193634033203,1.686,0.119,1.498,0.212,0.648,0.0,-0.001,0.001
12.969772100448608,1.795,0.243,1.442,0.196,0.666,0.0,0.0,0.0
12.98049783706665,1.444,0.351,1.528,0.196,0.739,0.0,-0.001,0.001
12.990507364273071,1.653,0.23,1.47,0.207,0.671,0.0,0.0,0.0
12.999926090240479,1.707,0.347,1.435,0.205,0.69,0.0,0.0,0.0
13.01008915901184,1.51,0.222,1.401,0.18,0.699,0.0,0.0,0.0
13.019930839538574,1.883,0.291,1.409,0.204,0.695,0.0,0.0,0.0
13.030081272125244,1.696,0.483,1.441,0.212,0.671,0.0,0.0,0.0
13.039784669876099,1.499,0.387,1.433,0.155,0.663,0.0,0.0,0.0
13.050445079803467,1.74,0.484,1.503,0.198,0.709,0.0,0.0,0.0
13.060220003128052,1.686,0.269,1.37,0.246,0.688,0.0,0.0,0.0
13.069780826568604,1.664,0.442,1.306,0.212,0.683,0.0,0.0,0.0
13.080174922943115,1.477,0.514,1.376,0.166,0.716,0.0,0.0,0.0
13.090429782867432,1.959,0.378,1.359,0.214,0.69,0.0,0.0,0.0
13.09980034828186,1.653,0.486,1.4,0.209,0.675,0.0,0.0,0.0
13.110331296920776,1.444,0.484,1.498,0.209,0.654,-0.001,0.0,0.0
13.120168685913086,1.664,0.329,1.386,0.169,0.668,0.0,0.0,0.0
13.13038444519043,1.499,0.358,1.394,0.223,0.715,0.0,0.0,0.0
13.139755725860596,1.97,0.397,1.366,0.25,0.697,0.0,0.0,0.0
13.150391340255737,1.434,0.352,1.486,0.179,0.694,0.0,0.0,0.0
13.160073041915894,1.642,0.128,1.393,0.23,0.649,0.0,0.0,0.0
13.169970989227295,1.675,0.428,1.375,0.216,0.764,0.0,0.0,0.0
13.179910659790039,1.74,0.433,1.36,0.154,0.669,0.0,0.0,0.0
13.190707445144653,1.74,0.283,1.43,0.208,0.727,0.0,-0.001,0.001
13.20070743560791,1.653,0.32,1.412,0.197,0.746,0.0,0.0,0.0
13.210682153701782,1.423,0.335,1.437,0.207,0.69,0.0,0.0,0.0
13.22073769569397,1.675,0.237,1.407,0.215,0.716,0.0,0.0,0.0
13.2309410572052,1.718,0.392,1.415,0.207,0.694,0.0,-0.001,0.001
13.239770889282227,1.74,0.21,1.401,0.222,0.789,0.0,0.0,0.0
13.250213384628296,1.642,0.343,1.452,0.189,0.807,0.0,0.0,0.0
13.261357545852661,1.653,0.371,1.384,0.211,0.717,0.0,0.0,0.0
13.269901990890503,1.872,0.353,1.511,0.202,0.815,0.0,0.0,0.0
13.279879331588745,1.477,0.415,1.381,0.21,0.797,0.0,0.0,0.0
13.28999924659729,1.434,0.424,1.456,0.181,0.734,0.0,0.0,0.0
13.30085301399231,1.861,0.099,1.419,0.202,0.763,0.0,0.0,0.0
13.310792922973633,1.455,0.269,1.414,0.203,0.7,0.0,0.0,0.0
13.32080364227295,1.948,0.347,1.34,0.218,0.71,0.0,0.0,0.0
13.330958604812622,1.488,0.712,1.37,0.222,0.714,0.0,0.0,0.0
13.339731454849243,1.828,0.256,1.389,0.213,0.821,0.0,0.0,0.0
13.350122213363647,1.675,0.523,1.454,0.203,0.772,0.0,0.0,0.0
13.360957622528076,1.751,0.485,1.478,0.224,0.7,0.0,0.0,0.0
13.36985182762146,1.762,0.36,1.427,0.189,0.785,0.0,0.0,0.0
13.381424903869629,1.412,0.544,1.325,0.242,0.676,0.0,-0.001,0.001
13.390850305557251,1.631,0.44,1.47,0.215,0.771,-0.002,0.0,0.0
13.401139974594116,1.675,0.461,1.389,0.261,0.782,0.0,0.0,0.0
13.410741090774536,1.97,0.56,1.423,0.235,0.796,0.0,0.0,0.0
13.420742750167847,1.664,0.566,1.432,0.244,0.704,-0.001,0.0,0.0
13.431026935577393,1.455,0.515,1.518,0.22,0.778,0.0,0.0,0.0
13.441185474395752,1.653,0.461,1.474,0.221,0.76,0.0,0.0,0.0
13.449759006500244,2.003,0.548,1.46,0.247,0.812,0.0,0.0,0.0
13.46018648147583,1.642,0.518,1.445,0.226,0.793,0.0,0.0,0.0
13.470447540283203,1.675,0.385,1.415,0.236,0.73,0.0,0.0,0.0
13.48069453239441,1.927,0.412,1.345,0.259,0.757,0.0,0.0,0.0
13.49071717262268,1.51,0.423,1.34,0.252,0.733,0.0,0.0,0.0
13.500852346420288,1.664,0.1,1.442,0.259,0.778,-0.002,0.0,0.0
13.510247230529785,1.696,0.498,1.377,0.231,0.881,0.0,-0.001,0.001
13.519777297973633,1.784,0.475,1.352,0.215,0.69,0.0,0.0,0.0
13.530297994613647,1.861,0.347,1.404,0.192,0.752,0.0,-0.001,0.001
13.539803743362427,1.686,0.38,1.344,0.214,0.774,0.0,0.0,0.0
13.549978017807007,1.554,0.293,1.392,0.177,0.809,0.0,0.0,0.0
13.560431003570557,1.948,0.399,1.398,0.21,0.732,0.0,0.0,0.0
13.5708487033844,1.664,0.21,1.298,0.215,0.695,0.0,0.0,0.0
13.580724716186523,1.664,0.476,1.355,0.228,0.695,0.0,0.0,0.0
13.590724468231201,1.499,0.223,1.416,0.241,0.71,0.0,0.0,0.0
13.600932121276855,2.233,0.252,1.378,0.231,0.691,0.0,0.0,0.0
13.610636711120605,1.806,0.408,1.39,0.207,0.794,0.0,0.0,0.0
13.620206832885742,1.488,0.496,1.383,0.251,0.713,0.0,0.0,0.0
13.629791021347046,1.707,0.509,1.417,0.241,0.722,0.0,0.0,0.0
13.639883279800415,1.773,0.321,1.508,0.228,0.833,0.0,0.0,0.0
13.649751424789429,2.003,0.375,1.351,0.224,0.778,0.0,0.0,0.0
13.660764217376709,1.455,0.43,1.614,0.242,0.804,0.0,0.0,0.0
13.669949293136597,1.686,0.413,1.454,0.305,0.702,0.0,0.0,0.0
13.680823802947998,1.696,0.484,1.392,0.248,0.818,0.0,0.0,0.0
13.690800666809082,1.499,0.342,1.412,0.295,0.692,0.0,0.0,0.0
13.700903177261353,1.905,0.62,1.364,0.274,0.863,0.0,0.0,0.0
13.710098505020142,1.817,0.429,1.371,0.278,0.734,0.0,0.0,0.0
13.719779253005981,1.894,0.51,1.322,0.262,0.733,0.0,0.0,0.0
13.729993104934692,1.499,0.416,1.513,0.261,0.74,0.0,0.0,0.0
13.74025273323059,1.927,0.302,1.424,0.27,0.708,0.0,0.0,0.0
13.750085353851318,1.521,0.446,1.425,0.27,0.69,0.0,0.0,0.0
13.7606942653656,1.751,0.488,1.364,0.268,0.731,0.0,0.0,0.0
13.770634174346924,1.828,0.285,1.377,0.301,0.69,0.0,0.0,0.0
13.78066635131836,1.784,0.481,1.379,0.252,0.653,0.0,0.0,0.0
13.790860891342163,1.686,0.597,1.366,0.278,0.66,0.0,0.0,0.0
13.80066204071045,1.707,0.425,1.435,0.309,0.765,0.0,0.0,0.0
13.810069799423218,1.707,0.629,1.432,0.295,0.638,0.0,0.0,0.0
13.819830656051636,1.543,0.426,1.398,0.238,0.635,0.0,0.0,0.0
13.829803466796875,2.047,0.228,1.583,0.252,0.665,0.0,0.0,0.0
13.840262651443481,1.751,0.47,1.393,0.286,0.716,0.0,0.0,0.0
13.85023307800293,1.51,0.46,1.493,0.279,0.605,0.0,0.0,0.0
13.860015630722046,1.675,0.001,1.462,0.271,0.603,0.0,0.0,0.0
13.869743585586548,1.729,0.543,1.406,0.297,0.72,0.0,0.0,0.0
13.880189895629883,1.795,0.218,1.639,0.268,0.739,0.0,0.0,0.0
13.889981508255005,2.047,0.396,1.47,0.291,0.613,0.0,0.0,0.0
13.899845838546753,1.499,0.104,1.588,0.288,0.625,0.0,0.0,0.0
13.909804582595825,1.686,0.402,1.585,0.257,0.789,0.0,0.0,0.0
13.919891357421875,1.938,0.312,1.532,0.261,0.768,0.0,0.0,0.0
13.93062686920166,1.532,0.215,1.526,0.261,0.754,0.0,0.0,0.0
13.93982982635498,1.74,0.381,1.419,0.284,0.696,0.0,0.0,0.0
13.950924634933472,1.806,0.217,1.555,0.262,0.717,0.0,0.0,0.0
13.960503339767456,1.773,0.243,1.429,0.278,0.67,0.0,-0.001,0.001
13.970263719558716,1.675,0.409,1.433,0.266,0.638,0.0,0.0,0.0
13.980772733688354,1.696,0.008,1.365,0.242,0.615,-0.001,0.0,0.0
13.990399360656738,1.718,0.09,1.402,0.253,0.603,0.0,0.0,0.0
14.0007643699646,1.74,0.401,1.406,0.235,0.621,0.0,0.0,0.0
14.010740280151367,2.025,0.464,1.393,0.262,0.596,0.0,0.0,0.0
14.02070689201355,1.587,0.542,1.451,0.224,0.535,0.0,0.0,0.0
14.030923128128052,1.729,0.63,1.358,0.221,0.567,0.0,0.0,0.0
14.04022216796875,1.696,0.577,1.389,0.226,0.579,0.0,0.0,0.0
14.050095558166504,1.74,0.324,1.396,0.208,0.566,0.0,0.0,0.0
14.060006380081177,1.74,0.578,1.425,0.185,0.585,0.0,0.0,0.0
14.070385932922363,1.773,0.319,1.46,0.214,0.64,0.0,0.0,0.0
14.079893589019775,1.85,0.268,1.291,0.219,0.64,0.0,0.0,0.0
14.090523719787598,1.773,0.513,1.56,0.216,0.617,0.0,0.0,0.0
14.100861549377441,1.587,0.566,1.45,0.244,0.642,0.0,0.0,0.0
14.110717535018921,1.938,0.41,1.429,0.241,0.727,0.0,0.0,0.0
14.120864391326904,1.477,0.661,1.381,0.247,0.723,0.0,0.0,0.0
14.130805969238281,1.927,0.528,1.413,0.233,0.615,0.0,0.0,0.0
14.139907360076904,1.729,0.615,1.428,0.256,0.624,0.0,0.0,0.0
14.149710655212402,1.806,0.424,1.361,0.231,0.697,0.0,-0.001,0.001
14.16037631034851,1.839,0.543,1.47,0.225,0.766,0.0,0.0,0.0
14.170538902282715,1.828,0.287,1.33,0.284,0.648,0.0,0.0,0.0
14.179805278778076,1.828,0.333,1.379,0.269,0.576,0.0,0.0,0.0
14.190139055252075,1.477,0.262,1.368,0.22,0.708,0.0,0.0,0.0
14.20067286491394,1.707,0.296,1.388,0.26,0.649,0.0,0.0,0.0
14.210013628005981,1.707,0.385,1.339,0.247,0.659,0.0,-0.001,0.001
14.220480680465698,1.521,0.407,1.343,0.246,0.694,0.0,0.0,0.0
14.230645418167114,1.707,0.023,1.288,0.272,0.619,0.0,0.0,0.0
14.240334510803223,2.003,0.349,1.327,0.272,0.626,0.0,0.0,0.0
14.24973440170288,1.598,0.362,1.255,0.264,0.592,0.0,0.0,0.0
14.260141134262085,1.894,0.326,1.38,0.251,0.689,0.0,0.0,0.0
14.27012324333191,1.477,0.257,1.309,0.284,0.679,0.0,-0.001,0.001
14.280781507492065,1.718,0.348,1.331,0.279,0.712,0.0,0.0,0.0
14.2908935546875,1.521,0.483,1.377,0.292,0.658,0.0,0.0,0.0
14.3008291721344,1.718,0.452,1.38,0.278,0.771,0.0,0.0,0.0
14.310305118560791,2.025,0.368,1.337,0.286,0.692,0.0,0.0,0.0
14.319777727127075,1.532,0.398,1.363,0.275,0.619,0.0,0.0,0.0
14.33006238937378,1.894,0.486,1.53,0.27,0.859,0.0,-0.001,0.001
14.340929985046387,1.718,0.314,1.336,0.304,0.734,0.0,0.0,0.0
14.349756479263306,1.499,0.537,1.362,0.3,0.82,0.0,0.0,0.0
14.360153675079346,1.773,0.566,1.35,0.283,0.723,0.0,0.0,0.0
14.370537519454956,1.839,0.431,1.353,0.302,0.686,0.0,0.0,0.0
14.37985372543335,1.762,0.489,1.39,0.289,0.722,0.0,0.0,0.0
14.38983702659607,1.696,0.427,1.402,0.25,0.732,0.0,0.0,0.0
14.399912595748901,1.707,0.644,1.473,0.253,0.729,0.0,0.0,0.0
14.410505533218384,1.696,0.362,1.442,0.264,0.722,0.0,0.0,0.0
14.420757055282593,1.773,0.286,1.234,0.275,0.669,0.0,0.0,0.0
14.430701494216919,1.817,0.485,1.322,0.259,0.794,0.0,0.0,0.0
14.43987250328064,2.014,0.268,1.315,0.264,0.79,0.0,0.0,0.0
14.449890613555908,1.477,0.392,1.422,0.259,0.792,0.0,0.0,0.0
14.460047960281372,1.905,0.341,1.46,0.241,0.706,0.0,0.0,0.0
14.47105622291565,1.51,0.553,1.375,0.266,0.697,0.0,0.0,0.0
14.479872703552246,1.499,0.492,1.337,0.284,0.786,0.0,0.0,0.0
14.489808082580566,2.003,0.542,1.508,0.251,0.723,0.0,0.0,0.0
14.50016188621521,1.795,0.337,1.291,0.287,0.682,0.0,0.0,0.0
14.510315656661987,1.784,0.351,1.357,0.264,0.678,0.0,-0.001,0.001
14.519951581954956,1.74,0.12,1.369,0.285,0.661,0.0,0.0,0.0
14.529821872711182,1.466,0.475,1.506,0.249,0.684,0.0,0.0,0.0
14.540108919143677,1.686,0.213,1.459,0.251,0.804,0.0,0.0,0.0
14.54989504814148,1.927,0.327,1.378,0.251,0.682,0.0,-0.001,0.001
14.560017108917236,1.499,0.233,1.466,0.259,0.735,-0.001,0.0,0.0
14.571191310882568,1.751,0.364,1.512,0.22,0.728,0.0,0.0,0.0
14.579816102981567,1.905,0.307,1.456,0.21,0.85,0.0,0.0,0.0
14.589975833892822,1.543,0.483,1.451,0.23,0.754,0.0,0.0,0.0
14.600727081298828,1.664,0.418,1.514,0.222,0.75,0.0,-0.001,0.001
14.61070990562439,1.948,0.219,1.401,0.235,0.748,0.0,0.0,0.0
14.620960712432861,1.247,0.397,1.413,0.241,0.736,0.0,0.0,0.0
14.630725145339966,1.861,0.504,1.442,0.2,0.864,0.0,0.0,0.0
14.640241384506226,1.664,0.611,1.389,0.24,0.712,0.0,0.0,0.0
14.649861812591553,1.488,0.559,1.477,0.223,0.69,0.0,0.0,0.0
14.66003704071045,2.003,0.418,1.438,0.214,0.747,0.0,-0.001,0.001
14.670438528060913,1.762,0.434,1.514,0.239,0.707,0.0,0.0,0.0
14.680166244506836,1.543,0.495,1.391,0.239,0.683,0.0,0.0,0.0
14.689985513687134,1.631,0.46,1.449,0.268,0.689,0.0,0.0,0.0
14.699817895889282,1.664,0.397,1.499,0.25,0.708,0.0,-0.001,0.001
14.71080493927002,1.883,0.571,1.571,0.223,0.741,0.0,0.0,0.0
14.719923973083496,1.455,0.604,1.483,0.265,0.646,0.0,0.0,0.0
14.729817390441895,1.675,0.431,1.692,0.213,0.738,-0.001,0.0,0.0
14.740823030471802,2.003,0.529,1.568,0.215,0.787,0.0,0.0,0.0
14.750793933868408,1.784,0.65,1.431,0.22,0.762,0.0,0.0,0.0
14.759939670562744,1.346,0.068,1.441,0.204,0.774,0.0,0.0,0.0
14.770285844802856,1.85,0.537,1.41,0.193,0.887,0.0,0.0,0.0
14.780275821685791,1.664,0.405,1.41,0.193,0.806,0.0,0.0,0.0
14.789847373962402,1.675,0.292,1.434,0.23,0.708,0.0,0.0,0.0
14.799814224243164,1.51,0.409,1.438,0.217,0.884,0.0,0.0,0.0
14.810745239257812,1.992,0.302,1.345,0.202,0.869,0.0,0.0,0.0
14.819865942001343,1.762,0.399,1.368,0.203,0.719,0.0,0.0,0.0
14.82987666130066,1.642,0.193,1.386,0.219,0.782,0.0,0.0,0.0
14.839810848236084,1.423,0.427,1.474,0.182,0.696,0.0,0.0,0.0
14.85060739517212,1.872,0.523,1.526,0.194,0.767,0.0,0.0,0.0
14.859901189804077,1.444,0.218,1.371,0.207,0.682,0.0,0.0,0.0
14.870010375976562,1.762,0.374,1.379,0.214,0.731,0.0,0.0,0.0
14.881123542785645,1.62,0.443,1.319,0.189,0.615,0.0,0.0,0.0
14.889896154403687,1.839,0.266,1.381,0.208,0.765,0.0,0.0,0.0
14.89985179901123,1.664,0.271,1.357,0.181,0.742,0.0,0.0,0.0
14.910579919815063,1.74,0.502,1.367,0.208,0.722,0.0,-0.001,0.001
14.919852018356323,1.97,0.402,1.383,0.228,0.707,0.0,0.0,0.0
14.929893732070923,1.653,0.387,1.494,0.219,0.69,0.0,0.0,0.0
14.939822435379028,1.466,0.248,1.376,0.209,0.751,0.0,0.0,0.0
14.95023775100708,1.948,0.539,1.39,0.226,0.694,0.0,0.0,0.0
14.959990739822388,1.97,0.277,1.284,0.253,0.641,0.0,0.0,0.0
14.970083475112915,1.675,0.514,1.455,0.253,0.71,0.0,0.0,0.0
14.980677843093872,1.466,0.312,1.453,0.229,0.672,0.0,0.0,0.0
14.990072965621948,1.894,0.261,1.388,0.219,0.743,0.0,0.0,0.0
15.00077772140503,1.784,0.608,1.348,0.224,0.689,0.0,0.0,0.0
15.010812997817993,1.718,0.212,1.346,0.255,0.668,0.0,0.0,0.0
15.02073073387146,1.861,0.241,1.42,0.236,0.818,0.0,0.0,0.0
15.030654668807983,1.696,0.114,1.274,0.263,0.673,0.0,0.0,0.0
15.040443181991577,1.707,0.392,1.367,0.24,0.674,0.0,0.0,0.0
15.049851417541504,1.992,0.423,1.331,0.191,0.658,0.0,0.0,0.0
15.059799909591675,1.477,0.407,1.477,0.196,0.685,0.0,0.0,0.0
15.070127487182617,1.664,0.398,1.527,0.205,0.651,0.0,0.0,0.0
15.080368757247925,1.675,0.425,1.36,0.196,0.629,0.0,0.0,0.0
15.089871883392334,1.477,0.528,1.29,0.202,0.663,0.0,0.0,0.0
15.099828481674194,1.74,0.473,1.295,0.181,0.66,0.0,0.0,0.0
15.110530138015747,2.014,0.495,1.482,0.182,0.679,0.0,0.0,0.0
15.120879888534546,1.795,0.318,1.398,0.173,0.725,0.0,0.0,0.0
15.13050889968872,1.521,0.478,1.301,0.179,0.704,0.0,0.0,0.0
15.139774084091187,1.675,0.534,1.253,0.171,0.634,0.0,0.0,0.0
15.150829315185547,1.894,0.344,1.58,0.158,0.713,0.0,0.0,0.0
15.160769701004028,1.466,0.396,1.397,0.202,0.744,0.0,0.0,0.0
15.17020034790039,1.488,0.233,1.289,0.189,0.651,0.0,0.0,0.0
15.180444717407227,1.773,0.03,1.264,0.218,0.686,0.0,0.0,0.0
15.19003939628601,1.981,0.288,1.369,0.197,0.67,0.0,-0.001,0.001
15.19982123374939,1.653,0.438,1.489,0.187,0.768,0.0,0.0,0.0
15.209962844848633,1.466,0.443,1.407,0.176,0.755,0.0,0.0,0.0
15.220714330673218,1.686,0.31,1.358,0.196,0.808,0.0,-0.001,0.001
15.22984528541565,1.466,0.199,1.3,0.219,0.672,0.0,-0.001,0.001
15.23979902267456,1.981,0.243,1.485,0.161,0.748,0.0,0.0,0.0
15.250125169754028,1.642,0.323,1.493,0.181,0.685,0.0,-0.001,0.001
15.259878396987915,1.664,0.403,1.385,0.208,0.621,0.0,0.0,0.0
15.269924402236938,1.686,0.435,1.444,0.182,0.701,0.0,0.0,0.0
15.280798435211182,1.762,0.464,1.395,0.183,0.667,0.0,0.0,0.0
15.290748357772827,1.981,0.395,1.315,0.174,0.733,0.0,0.0,0.0
15.300785779953003,1.806,0.111,1.337,0.173,0.644,0.0,0.0,0.0
15.310701131820679,1.434,0.264,1.419,0.223,0.743,0.0,0.0,0.0
15.320651531219482,1.872,0.122,1.484,0.22,0.659,0.0,0.0,0.0
15.330455780029297,1.466,0.55,1.382,0.199,0.678,0.0,-0.001,0.001
15.340280771255493,1.729,0.262,1.387,0.194,0.662,0.0,0.0,0.0
15.350754737854004,1.729,0.026,1.254,0.181,0.7,0.0,0.0,0.0
15.359991550445557,1.653,0.24,1.344,0.222,0.681,0.0,0.0,0.0
15.369821071624756,1.664,0.489,1.593,0.183,0.667,0.0,0.0,0.0
15.3798348903656,1.499,0.468,1.373,0.194,0.768,0.0,0.0,0.0
15.390195369720459,1.74,0.37,1.405,0.183,0.723,0.0,0.0,0.0
15.399828672409058,1.664,0.497,1.32,0.235,0.682,0.0,0.0,0.0
15.410059928894043,1.653,0.421,1.352,0.189,0.698,0.0,0.0,0.0
15.420223474502563,1.653,0.286,1.378,0.198,0.677,0.0,0.0,0.0
15.429808855056763,1.751,0.356,1.351,0.207,0.688,0.0,0.0,0.0
15.439825057983398,1.631,0.554,1.469,0.19,0.699,0.0,0.0,0.0
15.450784921646118,1.642,0.48,1.582,0.19,0.651,0.0,-0.001,0.001
15.460078954696655,1.872,0.181,1.429,0.208,0.719,0.0,0.0,0.0
15.469964027404785,1.499,0.348,1.463,0.197,0.679,0.0,0.0,0.0
15.48021125793457,1.653,0.482,1.511,0.199,0.704,0.0,0.0,0.0
15.49091362953186,1.828,0.283,1.317,0.202,0.653,0.0,0.0,0.0
15.49985647201538,1.642,0.566,1.481,0.202,0.801,0.0,0.0,0.0
15.510063648223877,1.784,0.44,1.431,0.18,0.781,0.0,0.0,0.0
15.5199556350708,1.653,0.139,1.452,0.176,0.717,0.0,0.0,0.0
15.529911994934082,1.664,0.337,1.423,0.165,0.791,0.0,0.0,0.0
15.539704084396362,1.675,0.147,1.504,0.19,0.831,0.0,0.0,0.0
15.551506519317627,1.762,0.272,1.555,0.193,0.79,0.0,0.0,0.0
15.560617208480835,1.773,0.44,1.575,0.205,0.807,0.0,0.0,0.0
15.569949388504028,1.675,0.181,1.365,0.2,0.711,0.0,0.0,0.0
15.579963445663452,1.729,0.465,1.299,0.206,0.782,0.0,0.0,0.0
15.590152502059937,2.135,0.308,1.392,0.203,0.748,0.0,0.0,0.0
15.600136518478394,1.466,0.324,1.386,0.198,0.71,0.0,0.0,0.0
15.609899044036865,1.707,0.339,1.37,0.188,0.746,0.0,0.0,0.0
15.620602369308472,1.773,0.379,1.336,0.205,0.804,0.0,0.0,0.0
15.631135702133179,1.653,0.433,1.416,0.196,0.71,0.0,0.0,0.0
15.639938354492188,1.664,0.511,1.558,0.192,0.759,0.0,0.0,0.0
15.650221824645996,1.784,0.495,1.142,0.202,0.675,0.0,0.0,0.0
15.660090208053589,1.861,0.407,1.244,0.203,0.726,0.0,0.0,0.0
15.66987419128418,1.707,0.446,1.362,0.209,0.718,0.0,-0.001,0.001
15.679893732070923,1.565,0.484,1.368,0.194,0.734,0.0,0.0,0.0
15.690250396728516,1.872,0.385,1.485,0.197,0.842,0.0,0.0,0.0
15.700311660766602,1.696,0.39,1.399,0.2,0.674,0.0,0.0,0.0
15.710836410522461,1.696,0.131,1.315,0.195,0.672,0.0,0.0,0.0
15.720696449279785,2.014,0.397,1.383,0.216,0.713,0.0,0.0,0.0
15.730223417282104,1.675,0.476,1.399,0.195,0.696,0.0,0.0,0.0
15.740750312805176,1.729,0.21,1.311,0.198,0.725,0.0,0.0,0.0
15.749943017959595,1.51,0.504,1.357,0.204,0.736,0.0,0.0,0.0
15.759933948516846,1.905,0.352,1.395,0.208,0.701,0.0,0.0,0.0
15.769984483718872,1.664,0.415,1.301,0.187,0.682,0.0,0.0,0.0
15.779926300048828,1.718,0.347,1.291,0.187,0.69,0.0,0.0,0.0
15.790611505508423,1.598,0.312,1.34,0.204,0.751,0.0,0.0,0.0
15.800220012664795,1.707,0.144,1.319,0.197,0.712,0.0,0.0,0.0
15.809821367263794,1.718,0.365,1.231,0.144,0.699,0.0,0.0,0.0
15.819757461547852,1.751,0.422,1.312,0.148,0.777,0.0,0.0,0.0
15.829973936080933,1.959,0.481,1.32,0.186,0.712,0.0,0.0,0.0
15.84005069732666,1.466,0.328,1.238,0.187,0.677,0.0,0.0,0.0
15.849880456924438,1.696,0.384,1.233,0.184,0.655,0.0,0.0,0.0
15.860418796539307,1.806,0.368,1.41,0.192,0.755,0.0,0.0,0.0
15.870267152786255,1.729,-0.003,1.331,0.185,0.665,0.0,0.0,0.0
15.880240678787231,1.686,0.009,1.314,0.182,0.647,0.0,0.0,0.0
15.890196800231934,1.499,0.316,1.28,0.199,0.62,0.0,0.0,0.0
15.899851560592651,1.751,0.378,1.246,0.193,0.612,0.0,0.0,0.0
15.910640001296997,1.861,0.429,1.422,0.192,0.755,0.0,0.0,0.0
15.919968843460083,1.675,0.352,1.257,0.179,0.667,0.0,0.0,0.0
15.930030107498169,1.576,0.356,1.33,0.188,0.642,-0.001,0.0,0.0
15.9400315284729,1.664,0.451,1.416,0.19,0.632,0.0,0.0,0.0
15.950579404830933,1.675,0.223,1.32,0.194,0.671,0.0,0.0,0.0
15.959733724594116,1.675,0.188,1.325,0.183,0.61,0.0,0.0,0.0
15.970059394836426,1.642,0.459,1.32,0.192,0.721,0.0,0.0,0.0
15.979844808578491,1.653,0.453,1.314,0.182,0.569,0.0,0.0,0.0
15.990215063095093,1.696,0.396,1.475,0.188,0.698,0.0,0.0,0.0
15.999834299087524,1.554,0.402,1.301,0.178,0.575,0.0,0.0,0.0
16.01014471054077,1.861,0.36,1.294,0.178,0.717,0.0,0.0,0.0
16.019975662231445,1.696,0.579,1.271,0.179,0.685,0.0,0.0,0.0
16.0297749042511,1.762,0.53,1.3,0.188,0.605,0.0,0.0,0.0
16.040030241012573,1.444,0.632,1.376,0.172,0.67,0.0,0.0,0.0
16.050236225128174,1.883,0.382,1.287,0.177,0.584,0.0,0.0,0.0
16.06025719642639,1.74,0.296,1.347,0.165,0.572,0.0,0.0,0.0
16.070145845413208,1.499,0.05,1.331,0.157,0.622,0.0,0.0,0.0
16.08078098297119,1.642,0.407,1.266,0.149,0.664,0.0,0.0,0.0
16.091013193130493,1.675,0.332,1.324,0.155,0.693,0.0,0.0,0.0
16.100621223449707,1.981,0.467,1.386,0.139,0.709,0.0,0.0,0.0
16.11061668395996,1.444,0.42,1.339,0.141,0.557,0.0,0.0,0.0
16.11983895301819,1.872,0.472,1.292,0.134,0.562,0.0,0.0,0.0
16.129871606826782,1.565,0.526,1.525,0.143,0.717,0.0,0.0,0.0
16.139735460281372,1.642,0.367,1.425,0.139,0.744,0.0,0.0,0.0
16.1503427028656,1.444,0.303,1.453,0.129,0.677,0.0,0.0,0.0
16.16029977798462,1.434,0.079,1.349,0.116,0.692,0.0,0.0,0.0
16.169920206069946,1.872,0.185,1.365,0.108,0.601,0.0,0.0,0.0
16.17984962463379,1.423,0.285,1.657,0.112,0.687,0.0,0.0,0.0
16.190815687179565,1.762,0.346,1.594,0.088,0.626,0.0,0.0,0.0
16.2000789642334,1.861,0.127,1.411,0.068,0.716,0.0,0.0,0.0
16.21007466316223,1.455,0.416,1.414,0.06,0.597,0.0,0.0,0.0
16.22036051750183,1.729,0.4,1.436,0.054,0.653,0.0,0.0,0.0
16.23017954826355,1.817,0.215,1.429,0.033,0.615,0.0,0.0,0.0
16.239706993103027,1.434,0.298,1.387,0.033,0.615,0.0,0.0,0.0
16.25057363510132,1.828,0.364,1.517,0.03,0.742,0.0,0.0,0.0
16.260018825531006,1.412,0.091,1.406,0.014,0.647,0.0,-0.001,0.001
16.270132541656494,1.729,0.238,1.584,-0.008,0.71,0.0,0.0,0.0
16.27984046936035,1.62,0.485,1.39,-0.006,0.638,0.0,0.0,0.0
16.29007840156555,1.729,0.309,1.537,-0.032,0.697,0.0,0.0,0.0
16.300697088241577,1.609,0.444,1.336,-0.046,0.652,0.0,0.0,0.0
16.30983328819275,1.62,0.353,1.362,-0.077,0.73,0.0,0.0,0.0
16.319727420806885,1.609,0.449,1.323,-0.054,0.724,0.0,0.0,0.0
16.33065700531006,1.872,0.539,1.472,-0.074,0.698,0.0,0.0,0.0
16.339718103408813,1.488,0.134,1.294,-0.094,0.618,0.0,0.0,0.0
16.349919080734253,1.62,0.278,1.353,-0.076,0.722,0.0,0.0,0.0
16.36065697669983,1.609,0.462,1.287,-0.107,0.721,0.0,-0.001,0.001
16.370054960250854,1.828,0.245,1.3,-0.126,0.601,0.0,0.0,0.0
16.379862546920776,1.444,0.424,1.4,-0.126,0.646,0.0,0.0,0.0
16.389899015426636,1.839,0.381,1.285,-0.119,0.726,0.0,0.0,0.0
16.40033769607544,1.664,0.438,1.536,-0.12,0.653,0.0,0.0,0.0
16.409897089004517,1.631,0.062,1.234,-0.106,0.683,0.0,0.0,0.0
16.41981053352356,1.74,0.5,1.416,-0.136,0.722,0.0,-0.001,0.001
16.430609464645386,1.828,0.401,1.314,-0.12,0.767,0.0,0.0,0.0
16.440338134765625,1.488,0.17,1.294,-0.124,0.744,0.0,0.0,0.0
16.449872970581055,1.609,0.39,1.243,-0.142,0.674,0.0,0.0,0.0
16.46011471748352,1.718,0.469,1.364,-0.112,0.797,0.0,0.0,0.0
16.47045373916626,1.828,0.268,1.364,-0.132,0.715,0.0,0.0,0.0
16.479971170425415,1.642,0.273,1.375,-0.127,0.682,0.0,0.0,0.0
16.489949703216553,1.423,0.3,1.454,-0.127,0.698,0.0,0.0,0.0
16.500953197479248,1.653,0.289,1.326,-0.13,0.697,0.0,0.0,0.0
16.510456562042236,1.729,0.465,1.341,-0.154,0.707,0.0,0.0,0.0
16.519954204559326,1.62,0.132,1.26,-0.14,0.684,0.0,0.0,0.0
16.530805587768555,1.675,0.317,1.46,-0.134,0.694,0.0,0.0,0.0
16.54092836380005,1.828,0.376,1.237,-0.157,0.642,0.0,0.0,0.0
16.54976797103882,1.51,0.448,1.28,-0.137,0.659,0.0,0.0,0.0
16.56014847755432,1.861,0.41,1.413,-0.149,0.762,0.0,0.0,0.0
16.57167625427246,1.532,0.374,1.216,-0.157,0.624,0.0,0.0,0.0
16.580188274383545,1.817,0.418,1.401,-0.178,0.698,0.0,0.0,0.0
16.58991003036499,1.521,0.339,1.207,-0.183,0.626,0.0,0.0,0.0
16.600038290023804,1.828,0.371,1.288,-0.181,0.657,0.0,0.0,0.0
16.610062837600708,1.729,0.29,1.439,-0.135,0.668,0.0,0.0,0.0
16.61972141265869,1.434,0.433,1.338,-0.156,0.618,0.0,0.0,0.0
16.63065481185913,1.664,0.487,1.375,-0.165,0.738,0.0,0.0,0.0
16.640029668807983,1.817,0.165,1.233,-0.182,0.63,0.0,0.0,0.0
16.649807691574097,1.751,0.465,1.42,-0.16,0.828,0.0,0.0,0.0
16.660353660583496,1.631,0.438,1.313,-0.164,0.822,0.0,0.0,0.0
16.670649528503418,1.718,0.465,1.247,-0.182,0.661,0.0,0.0,0.0
16.67987036705017,1.62,0.467,1.365,-0.174,0.725,0.0,0.0,0.0
16.689892530441284,1.423,0.414,1.382,-0.148,0.788,0.0,0.0,0.0
16.699892282485962,1.839,0.362,1.328,-0.139,0.69,0.0,0.0,0.0
16.70992350578308,1.839,0.198,1.428,-0.149,0.809,-0.001,0.0,0.0
16.71990180015564,1.488,0.397,1.373,-0.176,0.769,0.0,0.0,0.0
16.729808568954468,1.609,0.339,1.236,-0.182,0.698,0.0,0.0,0.0
16.740687370300293,1.718,0.392,1.495,-0.125,0.759,0.0,0.002,0.002
16.749890089035034,1.631,0.299,1.273,-0.182,0.712,-0.001,0.0,0.0
16.759957313537598,1.51,0.189,1.261,-0.206,0.754,0.0,0.0,0.0
16.77063536643982,1.631,0.254,1.212,-0.174,0.714,0.0,0.0,0.0
16.780867099761963,1.883,-0.063,1.312,-0.206,0.66,0.0,0.0,0.0
16.78987169265747,1.642,0.467,1.322,-0.189,0.745,0.0,0.0,0.0
16.800195693969727,1.817,0.343,1.422,-0.191,0.759,0.0,0.0,0.0
16.80997633934021,1.653,0.354,1.339,-0.193,0.734,0.0,0.0,0.0
16.819807767868042,1.631,0.325,1.344,-0.169,0.769,0.0,0.0,0.0
16.829798936843872,1.51,0.459,1.553,-0.182,0.821,0.0,0.0,0.0
16.83994746208191,1.62,0.361,1.401,-0.16,0.797,0.0,0.0,0.0
16.849985599517822,1.51,0.408,1.559,-0.199,0.807,0.0,0.0,0.0
16.85990858078003,1.609,0.307,1.387,-0.174,0.74,0.0,0.0,0.0
16.871612548828125,1.653,0.265,1.328,-0.194,0.722,0.0,0.0,0.0
16.880253314971924,1.62,0.471,1.497,-0.179,0.819,0.0,0.0,0.0
16.88982844352722,1.817,0.221,1.374,-0.216,0.707,0.0,0.0,0.0
16.900771379470825,1.686,0.423,1.539,-0.189,0.778,0.0,0.0,0.0
16.91011095046997,1.609,0.463,1.285,-0.215,0.658,0.0,0.0,0.0
16.91984748840332,1.51,0.456,1.344,-0.217,0.757,0.0,0.0,0.0
16.929842233657837,1.62,0.478,1.525,-0.171,0.723,0.0,0.0,0.0
16.940346002578735,1.587,0.35,1.519,-0.185,0.79,0.0,0.0,0.0
16.949832439422607,1.861,0.165,1.443,-0.176,0.673,0.0,0.0,0.0
16.96000385284424,1.423,0.312,1.543,-0.16,0.699,0.0,0.0,0.0
16.970738410949707,1.642,0.338,1.375,-0.19,0.715,0.0,0.0,0.0
16.98066759109497,1.609,0.154,1.33,-0.191,0.698,0.0,0.0,0.0
16.989977836608887,1.806,0.453,1.336,-0.203,0.665,0.0,0.0,0.0
16.999805688858032,1.477,0.463,1.349,-0.181,0.747,0.0,0.0,0.0
17.010847568511963,1.828,0.297,1.385,-0.172,0.749,0.0,0.0,0.0
17.019757747650146,1.653,0.318,1.408,-0.203,0.807,0.0,0.0,0.0
17.029776573181152,1.707,0.381,1.456,-0.195,0.729,0.0,0.0,0.0
17.04083561897278,1.412,0.396,1.459,-0.194,0.781,0.0,0.0,0.0
17.04982042312622,1.696,0.148,1.347,-0.235,0.728,0.0,-0.001,0.001
17.06005096435547,1.609,0.321,1.296,-0.2,0.756,0.0,0.0,0.0
17.0706627368927,1.587,0.48,1.261,-0.209,0.719,0.0,0.0,0.0
17.07984948158264,1.718,0.42,1.22,-0.215,0.682,0.0,0.0,0.0
17.0898859500885,1.609,0.332,1.386,-0.181,0.723,0.0,0.0,0.0
17.09992027282715,1.806,0.294,1.311,-0.139,0.738,0.0,0.0,0.0
17.110564947128296,1.74,0.334,1.457,-0.155,0.674,0.0,0.0,0.0
17.11987853050232,1.401,0.074,1.155,-0.188,0.699,0.0,0.0,0.0
17.129815816879272,1.806,0.338,1.459,-0.132,0.752,0.0,0.0,0.0
17.139878511428833,1.488,0.296,1.464,-0.153,0.706,0.0,-0.001,0.001
17.149884939193726,1.62,0.241,1.431,-0.151,0.714,0.0,0.0,0.0
17.15993905067444,1.587,0.239,1.367,-0.144,0.649,0.0,0.0,0.0
17.170235872268677,1.686,0.36,1.262,-0.128,0.707,0.0,0.0,0.0
17.180328130722046,1.609,0.158,1.275,-0.178,0.675,0.0,0.0,0.0
17.189929246902466,1.598,0.345,1.225,-0.197,0.617,0.0,0.0,0.0
17.19985818862915,1.707,0.352,1.33,-0.165,0.744,0.0,0.0,0.0
17.210471630096436,1.62,0.39,1.395,-0.155,0.721,0.0,0.0,0.0
17.21997904777527,1.379,0.206,1.263,-0.158,0.663,0.0,0.0,0.0
17.230019569396973,1.686,0.213,1.28,-0.166,0.641,0.0,0.0,0.0
17.240540742874146,1.587,0.324,1.301,-0.168,0.676,0.0,0.0,0.0
17.251115560531616,1.773,0.249,1.231,-0.181,0.597,0.0,0.0,0.0
17.259822368621826,1.488,0.464,1.331,-0.172,0.671,0.0,0.0,0.0
17.27009129524231,1.642,0.275,1.346,-0.163,0.701,0.0,0.0,0.0
17.280938148498535,1.587,0.468,1.466,-0.195,0.621,0.0,0.0,0.0
17.289839506149292,1.587,0.347,1.348,-0.2,0.687,0.0,0.0,0.0
17.299906015396118,1.642,0.297,1.253,-0.164,0.663,0.0,0.0,0.0
17.31060290336609,1.576,0.332,1.258,-0.17,0.58,0.0,0.0,0.0
17.32001781463623,1.598,0.374,1.252,-0.196,0.636,0.0,0.0,0.0
17.329832077026367,1.149,0.294,1.306,-0.22,0.715,0.0,0.0,0.0
17.339725732803345,1.839,0.331,1.375,-0.21,0.731,0.0,0.0,0.0
17.350496768951416,1.828,0.122,1.383,-0.149,0.722,0.0,0.0,0.0
17.359965801239014,1.379,0.247,1.181,-0.205,0.636,0.0,0.0,0.0
17.370025396347046,1.565,0.393,1.406,-0.168,0.622,0.0,0.0,0.0
17.381032943725586,1.565,0.436,1.311,-0.154,0.657,0.0,0.0,0.0
17.38992738723755,1.85,0.485,1.303,-0.187,0.7,0.0,0.0,0.0
17.400681257247925,1.631,0.367,1.229,-0.171,0.642,0.0,0.0,0.0
17.410741806030273,1.357,0.09,1.288,-0.263,0.587,0.0,0.0,0.0
17.420210599899292,2.003,0.012,1.345,-0.197,0.635,0.0,0.0,0.0
17.429835319519043,1.357,0.431,1.265,-0.163,0.599,0.0,0.0,0.0
17.439966678619385,1.565,0.259,1.32,-0.146,0.637,0.0,0.0,0.0
17.450230598449707,1.861,0.25,1.313,-0.168,0.629,0.0,0.0,0.0
17.459781169891357,1.412,0.155,1.231,-0.207,0.617,0.0,0.0,0.0
17.469768285751343,1.751,0.265,1.456,-0.148,0.665,0.0,0.0,0.0
17.480568170547485,1.379,0.414,1.285,-0.157,0.705,0.0,0.0,0.0
17.489945650100708,1.784,0.154,1.288,-0.189,0.635,0.0,0.0,0.0
17.499909162521362,1.565,0.221,1.31,-0.18,0.645,0.0,0.0,0.0
17.510298252105713,1.357,0.213,1.499,-0.145,0.651,0.0,0.0,0.0
17.519877195358276,1.839,0.298,1.452,-0.174,0.616,0.0,0.0,0.0
17.529865741729736,1.434,0.317,1.272,-0.15,0.692,0.0,0.0,0.0
17.539735317230225,1.861,0.422,1.475,-0.148,0.652,0.0,0.0,0.0
17.550991535186768,1.773,0.357,1.445,-0.176,0.686,0.0,0.0,0.0
17.560163736343384,1.368,0.292,1.365,-0.214,0.695,0.0,0.0,0.0
17.56977915763855,1.357,0.298,1.321,-0.202,0.633,0.0,0.0,0.0
17.579991817474365,1.762,0.398,1.307,-0.143,0.732,0.0,0.0,0.0
17.590919494628906,1.576,0.371,1.31,-0.192,0.651,0.0,0.0,0.0
17.599968671798706,1.653,0.303,1.352,-0.179,0.702,0.0,0.0,0.0
17.610429763793945,1.653,0.322,1.412,-0.154,0.72,0.0,0.0,0.0
17.619903087615967,1.609,0.259,1.345,-0.157,0.618,0.0,0.0,0.0
17.629971265792847,1.554,0.457,1.376,-0.188,0.626,-0.005,0.0,0.0
17.63982343673706,1.346,0.249,1.478,-0.152,0.594,0.0,0.0,0.0
17.650269508361816,1.773,0.379,1.485,-0.172,0.631,0.0,0.0,0.0
17.66066861152649,1.335,0.34,1.404,-0.185,0.58,0.0,0.0,0.0
17.669952630996704,1.554,0.107,1.329,-0.212,0.59,0.0,0.0,0.0
17.679948806762695,1.554,0.276,1.565,-0.159,0.603,0.0,0.0,0.0
17.68993878364563,1.554,0.434,1.505,-0.172,0.596,0.0,0.0,0.0
17.700556755065918,1.554,0.317,1.51,-0.189,0.7,0.0,0.0,0.0
17.710224628448486,1.554,0.379,1.319,-0.22,0.636,0.0,0.0,0.0
17.7198703289032,1.576,0.348,1.311,-0.228,0.66,0.0,0.0,0.0
17.729893445968628,1.565,0.253,1.27,-0.171,0.738,0.0,0.0,0.0
17.73986554145813,1.773,0.366,1.444,-0.219,0.653,0.0,0.0,0.0
17.750078439712524,1.565,0.265,1.451,-0.229,0.688,0.0,0.0,0.0
17.7599036693573,1.631,0.3,1.401,-0.185,0.66,0.0,0.0,0.0
17.77002453804016,1.423,0.329,1.319,-0.177,0.663,0.0,0.0,0.0
17.78024387359619,1.609,0.198,1.493,-0.149,0.7,0.0,0.0,0.0
17.789931774139404,1.609,0.194,1.363,-0.22,0.639,0.0,0.0,0.0
17.80082893371582,1.587,0.207,1.379,-0.195,0.652,0.0,0.0,0.0
17.810118913650513,1.817,0.351,1.301,-0.24,0.634,-0.001,0.0,0.0
17.819780588150024,1.784,0.306,1.344,-0.189,0.66,0.0,0.0,0.0
17.829835891723633,1.379,0.32,1.435,-0.203,0.732,0.0,0.0,0.0
17.840014696121216,1.751,0.319,1.179,-0.171,0.723,0.0,0.0,0.0
17.849851608276367,1.565,0.356,1.415,-0.243,0.686,0.0,0.0,0.0
17.860278606414795,1.565,0.196,1.308,-0.214,0.731,0.0,0.0,0.0
17.870444536209106,1.587,0.164,1.242,-0.274,0.675,0.0,0.0,0.0
17.881142377853394,1.554,0.182,1.292,-0.24,0.654,0.0,0.0,0.0
17.89088201522827,1.576,0.12,1.298,-0.226,0.71,0.0,0.0,0.0
17.900996208190918,1.773,0.372,1.404,-0.183,0.676,0.0,0.0,0.0
17.910264253616333,1.598,0.466,1.285,-0.261,0.634,0.0,0.0,0.0
17.919811964035034,1.587,0.197,1.148,-0.253,0.657,0.0,0.0,0.0
17.92989444732666,1.576,0.441,1.281,-0.181,0.734,0.0,0.0,0.0
17.940244913101196,1.598,0.198,1.33,-0.169,0.709,0.0,0.0,0.0
17.950145483016968,1.576,0.282,1.243,-0.231,0.688,0.0,0.0,0.0
17.959903240203857,1.576,0.41,1.215,-0.242,0.663,0.0,0.0,0.0
17.970436811447144,1.576,0.4,1.361,-0.178,0.643,0.0,0.0,0.0
17.981171131134033,1.576,0.238,1.15,-0.249,0.613,0.0,0.0,0.0
17.990787029266357,1.598,0.436,1.249,-0.263,0.66,0.0,0.0,0.0
18.00060272216797,1.598,0.489,1.23,-0.278,0.613,0.0,0.0,0.0
18.00996470451355,1.642,0.227,1.179,-0.294,0.585,0.0,0.0,0.0
18.01980423927307,1.664,0.2,1.166,-0.235,0.637,0.0,-0.001,0.001
18.029869079589844,1.598,0.353,1.192,-0.184,0.61,0.0,0.0,0.0
18.040680170059204,1.598,0.32,1.246,-0.143,0.636,0.0,0.0,0.0
18.05035710334778,1.576,0.345,1.222,-0.276,0.585,0.0,0.0,0.0
18.059746503829956,1.379,0.295,1.177,-0.282,0.584,-0.001,0.0,0.0
18.070151805877686,1.784,0.212,1.366,-0.241,0.632,0.0,0.0,0.0
18.081080675125122,1.817,0.107,1.273,-0.259,0.641,0.0,0.0,0.0
18.09023904800415,1.368,0.215,1.531,-0.18,0.675,0.0,0.0,0.0
18.09981656074524,1.642,0.052,1.148,-0.264,0.67,0.0,0.0,0.0
18.110710382461548,1.62,0.252,1.404,-0.176,0.719,0.0,0.0,0.0
18.12087392807007,1.795,0.251,1.317,-0.243,0.753,0.0,0.0,0.0
18.12981677055359,1.39,0.375,1.247,-0.24,0.782,0.0,0.0,0.0
18.139772415161133,1.598,0.283,1.383,-0.169,0.756,0.0,0.0,0.0
18.150584936141968,1.795,0.366,1.424,-0.186,0.768,0.0,0.0,0.0
18.15975522994995,1.368,0.201,1.217,-0.208,0.71,0.0,0.0,0.0
18.1699697971344,1.653,0.365,1.3,-0.152,0.742,0.0,0.0,0.0
18.18000364303589,1.401,0.342,1.187,-0.132,0.739,0.0,0.0,0.0
18.189941883087158,1.795,0.213,1.31,-0.183,0.676,0.0,0.0,0.0
18.199771404266357,1.598,0.271,1.37,-0.129,0.697,0.0,0.0,0.0
18.20982003211975,1.565,0.329,1.313,-0.15,0.688,0.0,0.0,0.0
18.22073245048523,1.686,0.326,1.421,-0.147,0.644,0.0,0.0,0.0
18.229857206344604,1.379,0.373,1.295,-0.223,0.623,0.0,0.0,0.0
18.23977494239807,1.587,0.336,1.312,-0.137,0.646,0.0,0.0,0.0
18.250197887420654,1.773,0.237,1.258,-0.142,0.657,0.0,0.0,0.0
18.260831832885742,1.609,0.351,1.251,-0.172,0.636,0.0,0.0,0.0
18.269811868667603,1.401,0.209,1.286,-0.159,0.682,0.0,0.0,0.0
18.280031442642212,1.576,0.265,1.365,-0.236,0.685,-0.001,0.0,0.0
18.290060997009277,1.565,0.258,1.33,-0.24,0.652,0.0,0.0,0.0
18.300484895706177,1.861,0.314,1.424,-0.174,0.701,0.0,-0.001,0.001
18.30999231338501,1.368,0.151,1.374,-0.218,0.68,0.0,0.0,0.0
18.320025205612183,1.587,0.134,1.483,-0.234,0.694,0.0,0.0,0.0
18.330713510513306,1.576,0.323,1.339,-0.251,0.692,0.0,0.0,0.0
18.339690923690796,1.598,0.347,1.37,-0.248,0.699,0.0,0.0,0.0
18.350111961364746,1.598,0.385,1.518,-0.172,0.716,0.0,0.0,0.0
18.359863758087158,1.576,0.266,1.385,-0.251,0.672,0.0,0.0,0.0
18.370195388793945,1.839,0.22,1.485,-0.179,0.73,0.0,0.0,0.0
18.37990665435791,1.401,0.241,1.359,-0.292,0.684,0.0,0.0,0.0
18.39079713821411,1.565,0.246,1.369,-0.258,0.704,0.0,0.0,0.0
18.40099549293518,1.839,0.171,1.373,-0.241,0.69,0.0,0.0,0.0
18.410735845565796,1.39,0.341,1.395,-0.271,0.717,0.0,0.0,0.0
18.421070337295532,1.773,0.325,1.373,-0.164,0.717,0.0,0.0,0.0
18.43109965324402,1.631,0.378,1.407,-0.219,0.694,0.0,0.0,0.0
18.439815998077393,1.806,0.419,1.437,-0.269,0.721,0.0,0.0,0.0
18.449846982955933,1.357,0.209,1.293,-0.188,0.729,0.0,0.0,0.0
18.460062742233276,1.609,0.193,1.346,-0.196,0.692,0.0,0.0,0.0
18.469908714294434,1.795,0.184,1.256,-0.216,0.687,0.0,-0.001,0.001
18.48033833503723,1.401,0.228,1.351,-0.247,0.678,0.0,0.0,0.0
18.490314245224,1.85,0.29,1.204,-0.272,0.662,0.0,0.0,0.0
18.50036859512329,1.39,0.34,1.235,-0.253,0.68,0.0,0.0,0.0
18.510006189346313,1.565,0.273,1.266,-0.31,0.679,-0.001,0.0,0.0
18.51976227760315,1.839,0.308,1.302,-0.284,0.675,0.0,0.0,0.0
18.53012251853943,1.39,0.255,1.448,-0.234,0.698,0.0,0.0,0.0
18.539806127548218,1.598,0.359,1.275,-0.29,0.702,0.0,0.0,0.0
18.55010747909546,1.587,0.339,1.426,-0.275,0.723,0.0,0.0,0.0
18.561027765274048,1.368,0.149,1.226,-0.265,0.67,0.0,0.0,0.0
18.570636987686157,1.828,0.269,1.278,-0.253,0.695,0.0,-0.001,0.001
18.579842805862427,1.598,0.439,1.283,-0.291,0.65,0.0,0.0,0.0
18.589900970458984,1.861,0.341,1.188,-0.282,0.673,-0.001,0.0,0.0
18.600043058395386,1.598,0.313,1.431,-0.268,0.693,0.0,0.0,0.0
18.610086917877197,1.631,0.256,1.22,-0.268,0.674,0.0,0.0,0.0
18.619701862335205,1.39,0.239,1.343,-0.272,0.684,0.0,0.0,0.0
18.62996745109558,1.784,0.334,1.3,-0.23,0.696,0.0,0.0,0.0
18.639808177947998,1.609,0.282,1.373,-0.228,0.706,0.0,0.0,0.0
18.649981021881104,1.39,0.174,1.24,-0.184,0.709,0.0,0.0,0.0
18.661175966262817,1.642,0.19,1.243,-0.256,0.714,0.0,0.0,0.0
18.670289516448975,1.609,0.363,1.177,-0.268,0.728,0.0,0.0,0.0
18.680802822113037,1.85,0.292,1.182,-0.298,0.668,0.0,0.0,0.0
18.690804958343506,1.39,0.351,1.143,-0.263,0.669,0.0,0.0,0.0
18.70082664489746,1.565,0.113,1.26,-0.295,0.655,0.0,0.0,0.0
18.710432291030884,1.598,0.426,1.192,-0.302,0.668,0.0,0.0,0.0
18.719786643981934,1.576,0.242,1.08,-0.311,0.65,0.0,0.0,0.0
18.730602741241455,1.598,0.272,1.455,-0.21,0.701,-0.001,0.0,0.0
18.73987627029419,1.39,0.156,1.181,-0.279,0.645,0.0,0.0,0.0
18.750088214874268,1.795,0.272,1.323,-0.273,0.685,0.0,0.0,0.0
18.760432958602905,1.171,0.168,1.155,-0.267,0.659,0.0,0.0,0.0
18.769929885864258,2.003,0.281,1.236,-0.316,0.655,0.0,0.0,0.0
18.78086233139038,1.368,0.202,1.304,-0.287,0.664,0.0,0.0,0.0
18.790648937225342,1.598,0.296,1.23,-0.247,0.653,0.0,0.0,0.0
18.800809383392334,1.828,0.237,1.294,-0.254,0.658,0.0,0.0,0.0
18.81070375442505,1.609,0.379,1.212,-0.253,0.658,0.0,0.0,0.0
18.819956064224243,1.631,0.255,1.279,-0.214,0.704,0.0,0.0,0.0
18.830156087875366,1.379,0.255,1.211,-0.185,0.707,0.0,0.0,0.0
18.83989977836609,1.598,0.179,1.156,-0.219,0.693,0.0,0.0,0.0
18.850076913833618,1.565,0.195,1.242,-0.233,0.69,0.0,0.0,0.0
18.86001992225647,1.368,0.248,1.198,-0.209,0.678,0.0,0.0,0.0
18.87074851989746,1.543,0.188,1.247,-0.257,0.674,0.0,0.0,0.0
18.879786252975464,1.565,0.256,1.245,-0.269,0.667,0.0,0.0,0.0
18.890114068984985,1.817,0.309,1.376,-0.23,0.688,0.0,0.0,0.0
18.900676488876343,1.587,0.254,1.192,-0.248,0.641,0.0,0.0,0.0
18.910231828689575,1.368,0.195,1.241,-0.275,0.66,0.0,0.0,0.0
18.920111417770386,1.554,0.288,1.197,-0.264,0.634,0.0,0.0,0.0
18.930364847183228,1.357,0.23,1.228,-0.253,0.646,0.0,0.0,0.0
18.939998388290405,1.532,0.318,1.279,-0.318,0.651,0.0,0.0,0.0
18.950108766555786,1.554,0.271,1.226,-0.179,0.658,0.0,0.0,0.0
18.96068239212036,1.357,0.249,1.256,-0.237,0.666,0.0,0.0,0.0
18.97035574913025,1.762,0.292,1.357,-0.243,0.685,0.0,0.0,0.0
18.979920625686646,1.324,0.293,1.344,-0.295,0.674,0.0,0.0,0.0
18.99061679840088,1.302,0.189,1.264,-0.14,0.676,0.0,0.0,0.0
19.00070095062256,1.751,0.292,1.36,-0.275,0.73,0.0,0.0,0.0
19.01081347465515,1.565,0.308,1.344,-0.201,0.716,0.0,0.0,0.0
19.019923448562622,1.335,0.261,1.436,-0.226,0.717,0.0,0.0,0.0
19.030858516693115,1.521,0.222,1.306,-0.294,0.705,0.0,0.0,0.0
19.04084539413452,1.729,0.409,1.267,-0.283,0.684,0.0,0.0,0.0
19.04976725578308,1.532,0.322,1.438,-0.256,0.676,0.0,0.0,0.0
19.060102224349976,1.51,0.245,1.457,-0.205,0.68,0.0,0.0,0.0
19.070667266845703,1.532,0.159,1.414,-0.271,0.716,0.0,0.0,0.0
19.080551147460938,1.543,0.321,1.377,-0.32,0.662,0.0,0.0,0.0
19.08974266052246,1.729,0.337,1.305,-0.3,0.689,0.0,0.0,0.0
19.10075831413269,1.543,0.285,1.49,-0.201,0.689,0.0,0.0,0.0
19.110817432403564,1.521,0.285,1.421,-0.315,0.638,0.0,0.0,0.0
19.119806051254272,1.729,0.289,1.425,-0.32,0.655,0.0,0.0,0.0
19.129786252975464,1.543,0.264,1.372,-0.234,0.642,0.0,0.0,0.0
19.140258073806763,1.543,0.27,1.414,-0.243,0.676,0.0,0.0,0.0
19.149779319763184,1.74,0.225,1.288,-0.255,0.681,0.0,0.0,0.0
19.160076141357422,1.587,0.276,1.326,-0.208,0.675,0.0,0.0,0.0
19.170037984848022,1.532,0.242,1.327,-0.356,0.695,0.0,0.0,0.0
19.17987060546875,1.554,0.273,1.358,-0.258,0.68,0.0,0.0,0.0
19.189944744110107,1.357,0.285,1.413,-0.268,0.692,0.0,0.0,0.0
19.199949026107788,1.751,0.201,1.438,-0.126,0.687,0.0,0.0,0.0
19.210797786712646,1.784,0.196,1.285,-0.325,0.663,0.0,0.0,0.0
19.21977996826172,1.346,0.141,1.285,-0.348,0.668,0.0,0.0,0.0
19.23001718521118,1.543,0.199,1.482,-0.303,0.662,0.0,0.0,0.0
19.2408230304718,1.565,0.216,1.254,-0.374,0.671,-0.001,0.0,0.0
19.249813556671143,1.762,0.218,1.193,-0.287,0.67,0.0,0.0,0.0
19.25973868370056,1.346,0.238,1.366,-0.295,0.657,0.0,0.0,0.0
19.27054762840271,1.773,0.222,1.376,-0.216,0.652,0.0,0.0,0.0
19.28026032447815,1.357,0.145,1.254,-0.28,0.66,0.0,0.0,0.0
19.290082216262817,1.554,0.179,1.209,-0.359,0.669,0.0,0.0,0.0
19.300054788589478,1.587,0.185,1.269,-0.282,0.682,0.0,0.0,0.0
19.31089448928833,1.773,0.239,1.296,-0.299,0.674,0.0,0.0,0.0
19.31973171234131,1.346,0.245,1.309,-0.291,0.684,0.0,0.0,0.0
19.329723119735718,1.335,0.165,1.389,-0.197,0.68,0.0,0.0,0.0
19.340991497039795,1.762,0.18,1.28,-0.318,0.677,0.0,0.0,0.0
19.35031819343567,1.565,0.252,1.366,-0.128,0.685,0.0,0.0,0.0
19.35981249809265,1.751,0.201,1.221,-0.279,0.664,0.0,0.0,0.0
19.370343685150146,1.598,0.186,1.237,-0.188,0.662,0.0,0.0,0.0
19.380906343460083,1.784,0.206,1.107,-0.324,0.685,0.0,0.0,0.0
19.389903783798218,1.587,0.287,1.209,-0.198,0.668,0.0,0.0,0.0
19.400010108947754,1.587,0.238,1.195,-0.244,0.653,0.0,0.0,0.0
19.410089254379272,1.817,0.189,1.183,-0.256,0.664,0.0,0.0,0.0
19.41981792449951,1.609,0.254,1.225,-0.221,0.659,0.0,0.0,0.0
19.429770708084106,1.828,0.203,1.144,-0.269,0.744,0.0,0.0,0.0
19.439876317977905,1.609,0.265,1.404,-0.174,0.742,0.0,0.0,0.0
19.44985580444336,1.817,0.246,1.362,-0.211,0.653,0.0,0.0,0.0
19.4599347114563,1.423,0.222,1.43,-0.259,0.649,0.0,0.0,0.0
19.47035789489746,1.401,0.223,1.361,-0.281,0.633,0.0,0.0,0.0
19.4805850982666,1.839,0.205,1.215,-0.316,0.639,0.0,0.0,0.0
19.49029850959778,1.576,0.252,1.264,-0.3,0.647,0.0,0.001,-0.001
19.500150442123413,1.423,0.218,1.277,-0.31,0.632,0.0,0.0,0.0
19.510091543197632,1.795,0.177,1.223,-0.25,0.619,0.0,0.0,0.0
19.520716428756714,1.631,0.236,1.224,-0.136,0.626,0.0,0.0,0.0
19.529829263687134,1.62,0.266,1.226,-0.256,0.609,0.0,0.0,0.0
19.539841175079346,1.839,0.128,1.244,-0.181,0.628,-0.001,0.0,0.0
19.549931049346924,1.434,0.212,1.221,-0.246,0.626,0.0,0.0,0.0
19.559772968292236,1.828,0.212,1.321,-0.251,0.644,0.0,0.0,0.0
19.571536779403687,1.62,0.239,1.326,-0.186,0.629,0.0,0.0,0.0
19.580233097076416,1.631,0.233,1.192,-0.191,0.632,0.0,0.0,0.0
19.58991050720215,1.861,0.226,1.084,-0.242,0.635,0.0,0.0,0.0
19.599859476089478,1.653,0.166,1.376,-0.203,0.636,0.0,0.0,0.0
19.610227346420288,1.861,0.246,1.274,-0.2,0.626,0.0,0.0,0.0
19.6204092502594,1.675,0.123,1.125,-0.232,0.613,0.0,0.001,-0.001
19.62978482246399,1.675,0.178,1.281,-0.224,0.59,0.0,0.001,-0.001
19.64118766784668,1.883,0.183,1.435,-0.199,0.612,0.0,0.0,0.0
19.650493144989014,1.707,0.232,1.254,-0.206,0.604,0.0,0.0,0.0
19.659780979156494,1.916,0.168,1.254,-0.19,0.588,0.0,0.0,0.0
19.66986584663391,1.707,0.188,1.414,-0.174,0.586,0.0,0.0,0.0
19.680097341537476,1.927,0.195,1.352,-0.183,0.589,0.0,0.0,0.0
19.68980646133423,1.729,0.174,1.298,-0.177,0.575,0.0,0.0,0.0
19.699952602386475,1.948,0.237,1.264,-0.182,0.613,0.0,0.0,0.0
19.70982027053833,1.74,0.177,1.244,-0.184,0.621,0.0,0.0,0.0
19.71967053413391,1.959,0.242,1.407,-0.178,0.621,0.0,0.0,0.0
19.73000192642212,1.773,0.276,1.433,-0.173,0.614,0.0,0.0,0.0
19.740123987197876,2.003,0.195,1.348,-0.173,0.607,-0.008,0.0,0.0
19.749891996383667,1.784,0.234,1.249,-0.168,0.609,0.0,0.0,0.0
19.760102033615112,1.992,0.248,1.469,-0.173,0.594,0.0,0.0,0.0
19.770856618881226,1.806,0.205,1.339,-0.163,0.578,0.0,0.0,0.0
19.779780864715576,2.025,0.314,1.317,-0.152,0.575,0.0,0.0,0.0
19.79017996788025,2.047,0.258,1.365,-0.159,0.586,0.0,0.0,0.0
19.8002712726593,1.85,0.237,1.199,-0.152,0.574,0.0,0.0,0.0
19.809988260269165,2.058,0.176,1.378,-0.137,0.57,0.0,0.0,0.0
19.81973671913147,2.091,0.261,1.25,-0.14,0.563,0.0,0.0,0.0
19.82996916770935,2.091,0.261,1.465,-0.124,0.595,0.0,0.0,0.0
19.839745044708252,1.916,0.233,1.462,-0.069,0.628,0.0,0.0,0.0
19.849815368652344,2.124,0.206,1.299,-0.076,0.623,0.0,0.0,0.0
19.860209703445435,1.938,0.26,1.473,-0.027,0.633,0.0,0.0,0.0
19.870386362075806,1.938,0.22,1.269,0.054,0.626,0.0,-0.001,-0.001
19.879959106445312,2.168,0.138,1.342,0.093,0.612,0.0,0.0,0.0
19.89004898071289,1.751,0.231,1.324,0.066,0.641,0.0,0.0,0.0
19.9008731842041,1.97,0.243,1.284,0.115,0.643,0.0,0.001,-0.001
19.910854816436768,1.718,0.213,1.325,0.191,0.623,0.0,0.0,0.0
19.920655727386475,1.74,0.334,1.314,0.207,0.613,0.0,0.0,0.0
19.93076181411743,1.927,0.183,1.298,0.204,0.604,0.0,0.0,0.0
19.9399471282959,1.718,0.185,1.262,0.151,0.648,0.0,0.0,0.0
19.949982166290283,1.707,0.243,1.258,0.153,0.669,0.0,0.0,0.0
19.960129022598267,1.696,0.213,1.352,0.164,0.607,0.0,0.0,0.0
19.971054315567017,1.696,0.238,1.234,0.244,0.626,0.0,0.0,0.0
19.98049831390381,1.675,0.322,1.259,0.317,0.644,0.0,0.0,0.0
19.990283250808716,1.631,0.239,1.153,0.309,0.576,0.0,0.0,0.0
20.000428915023804,1.653,0.269,1.163,0.341,0.566,0.0,0.0,0.0
20.010122060775757,1.631,0.141,1.18,0.287,0.567,0.0,0.0,0.0
20.02022099494934,1.631,0.266,1.274,0.24,0.585,0.0,0.0,0.0
20.02999711036682,1.631,0.313,1.22,0.391,0.576,0.0,0.0,0.0
20.040321826934814,1.609,0.254,1.256,0.243,0.571,0.0,0.0,0.0
20.049914121627808,1.828,0.224,1.182,0.313,0.531,0.0,0.0,0.0
20.059948444366455,1.62,0.262,1.362,0.217,0.584,0.0,0.0,0.0
20.071134090423584,1.828,0.231,1.301,0.27,0.585,0.0,0.0,0.0
20.079920530319214,1.598,0.33,1.258,0.302,0.609,0.0,0.0,0.0
20.090065240859985,1.587,0.265,1.289,0.295,0.595,0.0,-0.001,-0.001
20.100733995437622,1.587,0.221,1.124,0.207,0.605,0.0,0.0,0.0
20.11031675338745,1.565,0.215,1.179,0.263,0.617,0.0,0.0,0.0
20.11988067626953,1.554,0.202,1.163,0.352,0.607,0.0,0.0,0.0
20.13006615638733,1.751,0.276,1.356,0.338,0.633,0.0,0.0,0.0
20.1400306224823,1.532,0.269,1.227,0.31,0.619,0.0,0.0,0.0
20.150349617004395,1.521,0.296,1.245,0.395,0.613,0.0,0.0,0.0
20.16019344329834,1.455,0.135,1.223,0.403,0.59,0.0,0.0,0.0
20.170149564743042,1.696,0.221,1.166,0.286,0.607,0.0,0.0,0.0
20.180760622024536,1.696,0.215,1.027,0.273,0.594,0.0,0.0,0.0
20.190322637557983,1.488,0.179,1.143,0.37,0.582,0.0,0.0,0.0
20.19985342025757,1.466,0.183,1.337,0.399,0.561,0.0,0.0,0.0
20.210161209106445,1.675,0.221,1.134,0.317,0.593,0.0,0.0,0.0
20.220693349838257,1.455,0.24,1.086,0.384,0.571,0.0,0.0,0.0
20.230016231536865,1.444,0.13,1.25,0.369,0.553,0.0,0.0,0.0
20.240683794021606,1.455,0.248,1.209,0.354,0.578,0.0,0.0,0.0
20.25029444694519,1.85,0.145,1.145,0.343,0.544,0.0,0.0,0.0
20.259727239608765,1.455,0.212,1.241,0.309,0.56,0.0,0.0,0.0
20.270151376724243,1.609,0.227,0.974,0.246,0.581,0.0,0.0,0.0
20.280963897705078,1.62,0.26,1.065,0.277,0.582,0.0,0.0,0.0
20.289925575256348,1.412,0.302,1.166,0.134,0.581,0.0,0.0,0.0
20.299920797348022,1.806,0.238,1.286,0.238,0.608,0.0,0.0,0.0
20.30985689163208,1.609,0.243,1.319,0.392,0.552,0.0,0.0,0.0
20.320350885391235,1.62,0.225,1.158,0.19,0.583,0.0,0.0,0.0
20.330899715423584,1.379,0.223,1.107,0.495,0.58,0.0,0.0,0.0
20.33980393409729,1.587,0.256,1.14,0.504,0.59,0.0,0.0,0.0
20.350204944610596,1.817,0.263,1.408,0.248,0.614,0.0,0.0,0.0
20.36020803451538,1.379,0.287,1.33,0.393,0.566,0.0,0.0,0.0
20.369908094406128,1.784,0.206,1.212,0.562,0.563,0.0,0.0,0.0
20.380003690719604,1.598,0.132,1.343,0.211,0.579,0.0,0.001,-0.001
20.390282154083252,1.598,0.207,1.426,0.323,0.589,0.0,0.0,0.0
20.400017976760864,1.587,0.203,1.154,0.357,0.587,0.0,0.0,0.0
20.409772396087646,1.806,0.223,1.337,0.406,0.63,0.0,0.0,0.0
20.420737743377686,1.39,0.205,1.386,0.299,0.617,0.0,0.0,0.0
20.42981767654419,1.806,0.169,1.213,0.513,0.626,0.0,0.0,0.0
20.43976879119873,1.795,0.248,1.268,0.215,0.646,0.0,0.0,0.0
20.45008659362793,1.609,0.269,1.41,0.188,0.638,0.001,0.0,0.0
20.459953546524048,1.62,0.18,1.228,0.181,0.635,0.0,0.0,0.0
20.469846963882446,1.379,0.214,1.274,0.23,0.614,0.0,0.0,0.0
20.48112988471985,1.795,0.22,1.365,0.335,0.649,0.0,0.0,0.0
20.48987340927124,1.839,0.29,1.284,0.167,0.624,0.0,0.0,0.0
20.499931573867798,1.368,0.251,1.485,0.443,0.617,0.0,0.0,0.0
20.51077675819397,1.806,0.221,1.442,0.423,0.635,0.0,0.0,0.0
20.520766019821167,1.609,0.309,1.282,0.44,0.579,0.0,0.0,0.0
20.529978036880493,1.587,0.178,1.208,0.395,0.581,0.0,0.0,0.0
20.539708375930786,1.412,0.228,1.437,0.249,0.578,0.0,0.0,0.0
20.550193309783936,1.806,0.299,1.438,0.152,0.648,0.0,0.0,0.0
20.560750484466553,1.587,0.124,1.218,0.44,0.593,0.0,0.0,0.0
20.569810390472412,1.412,0.228,1.27,0.44,0.584,0.0,0.0,0.0
20.579923152923584,1.795,0.245,1.408,0.247,0.598,0.0,0.0,0.0
20.59008765220642,1.609,0.244,1.294,0.332,0.589,0.0,0.0,0.0
20.600011110305786,1.828,0.235,1.247,0.411,0.59,0.0,0.0,0.0
20.609975337982178,1.62,0.242,1.305,0.426,0.58,0.008,0.0,0.0
20.61976909637451,1.62,0.208,1.176,0.181,0.546,0.0,0.0,0.0
20.630845546722412,1.839,0.242,1.336,0.32,0.552,0.0,0.0,0.0
20.63971185684204,1.609,0.298,1.125,0.158,0.513,0.0,0.0,0.0
20.650720357894897,1.609,0.317,1.276,0.159,0.541,0.0,0.0,0.0
20.659984827041626,1.62,0.248,1.148,0.454,0.516,0.0,0.0,0.0
20.669814825057983,1.872,0.268,1.201,0.272,0.54,0.0,0.0,0.0
20.68013334274292,1.412,0.23,1.13,0.149,0.546,0.0,0.0,0.0
20.690303802490234,1.609,0.178,1.287,0.422,0.532,0.0,0.0,0.0
20.699929237365723,1.773,0.229,1.071,0.464,0.525,0.0,0.0,0.0
20.710177421569824,1.642,0.239,1.36,0.555,0.538,0.0,0.0,0.0
20.72026228904724,1.642,0.188,1.088,0.42,0.525,0.001,0.0,0.0
20.72982382774353,1.401,0.207,1.137,0.563,0.545,0.001,0.0,0.0
20.739933729171753,1.861,0.22,1.474,0.28,0.591,0.0,0.0,0.0
20.750046730041504,1.631,0.22,1.265,0.441,0.58,0.0,0.0,0.0
20.76086950302124,1.653,0.202,1.085,0.581,0.61,0.0,0.0,0.0
20.770620822906494,1.62,0.238,1.149,0.206,0.593,0.0,0.0,0.0
20.779842853546143,1.653,0.208,1.122,0.578,0.591,0.0,0.0,0.0
20.790897846221924,1.39,0.289,1.304,0.338,0.622,0.0,0.0,0.0
20.800129413604736,1.609,0.142,1.112,0.531,0.625,0.0,0.0,0.0
20.809860944747925,1.379,0.167,1.237,0.139,0.588,0.0,0.0,0.0
20.81977605819702,1.598,0.244,1.239,0.267,0.599,0.0,0.0,0.0
20.83026123046875,1.587,0.209,1.208,0.284,0.603,0.0,0.0,0.0
20.839778900146484,1.598,0.22,1.184,0.349,0.553,0.0,0.0,0.0
20.85017991065979,1.598,0.267,1.326,0.38,0.549,0.0,0.0,0.0
20.86106777191162,1.598,0.202,1.023,0.451,0.543,0.0,0.0,0.0
20.869881868362427,1.598,0.274,1.117,0.256,0.581,0.0,0.0,0.0
20.87982940673828,1.861,0.245,1.259,0.257,0.573,0.0,0.0,0.0
20.89008116722107,1.598,0.334,1.241,0.302,0.541,0.0,0.0,0.0
20.900158405303955,1.598,0.185,1.129,0.503,0.539,0.0,0.0,0.0
20.90991735458374,1.598,0.26,1.035,0.496,0.556,0.0,0.0,0.0
20.920698642730713,1.806,0.361,1.208,0.606,0.581,0.0,0.0,0.0
20.930603742599487,1.598,0.194,1.163,0.513,0.569,0.0,0.0,0.0
20.93989610671997,1.839,0.23,1.238,0.568,0.548,0.0,0.0,0.0
20.94980502128601,1.379,0.261,1.192,0.409,0.602,0.0,0.0,0.0
20.960227489471436,1.631,0.281,1.273,0.251,0.563,0.0,0.0,0.0
20.97077488899231,1.609,0.31,1.134,0.471,0.552,0.0,0.0,0.0
20.97985816001892,1.62,0.32,1.225,0.521,0.557,0.0,0.0,0.0
20.990349769592285,1.379,0.301,1.138,0.412,0.573,0.001,0.0,0.0
21.000812530517578,1.565,0.181,1.12,0.561,0.586,0.0,0.0,0.0
21.010728120803833,1.795,0.218,1.196,0.533,0.574,0.0,0.0,0.0
21.020655155181885,1.39,0.254,1.232,0.532,0.553,0.0,0.0,0.0
21.031063318252563,1.62,0.166,1.243,0.555,0.551,0.0,0.0,0.0
21.040628910064697,1.598,0.281,1.265,0.186,0.582,0.0,0.0,0.0
21.049713373184204,1.861,0.178,1.124,0.606,0.559,0.0,0.0,0.0
21.060287952423096,1.368,0.148,1.295,0.337,0.583,0.0,0.0,0.0
21.070791244506836,1.532,0.248,1.196,0.61,0.533,0.0,0.001,-0.001
21.08031463623047,1.587,0.282,1.163,0.782,0.535,0.0,0.0,0.0
21.090344429016113,1.576,0.148,1.158,0.503,0.53,0.0,0.0,0.0
21.100948095321655,1.817,0.167,1.158,0.599,0.544,0.0,0.0,0.0
21.110308170318604,1.576,0.285,1.143,0.544,0.594,0.0,0.0,0.0
21.119654893875122,1.817,0.257,1.151,0.638,0.538,0.0,0.0,0.0
21.12994074821472,1.598,0.281,1.399,0.118,0.59,0.0,0.0,0.0
21.140373468399048,1.598,0.245,1.325,0.378,0.587,0.0,0.0,0.0
21.14972734451294,1.598,0.131,1.132,0.504,0.567,0.0,0.0,0.0
21.160385131835938,1.828,0.234,1.339,0.235,0.598,0.0,0.0,0.0
21.17021679878235,1.401,0.236,1.082,0.46,0.6,0.0,0.0,0.0
21.180323362350464,1.839,0.224,1.403,0.436,0.595,0.0,0.0,0.0
21.189987421035767,1.609,0.159,1.174,0.477,0.57,0.0,0.0,0.0
21.200080394744873,1.642,0.182,1.302,0.7,0.6,0.001,0.0,0.0
21.20997381210327,1.839,0.256,1.201,0.526,0.576,0.0,0.0,0.0
21.220141887664795,1.675,0.227,1.171,0.529,0.555,0.0,0.0,0.0
21.229918003082275,1.642,0.259,1.154,0.483,0.553,0.0,0.0,0.0
21.24054718017578,1.872,0.296,1.241,0.501,0.566,0.0,0.0,0.0
21.249823808670044,1.434,0.189,1.099,0.651,0.51,0.0,0.0,0.0
21.259960174560547,1.806,0.214,1.304,0.374,0.515,0.001,0.0,0.0
21.27094006538391,1.653,0.278,1.267,0.608,0.556,0.0,0.0,0.0
21.27998661994934,1.653,0.217,1.191,0.177,0.553,0.0,0.0,0.0
21.29021978378296,1.642,0.21,1.171,0.615,0.54,0.0,0.0,0.0
21.30082654953003,1.434,0.239,1.104,0.617,0.496,0.0,0.0,0.0
21.31079626083374,1.631,0.261,1.103,0.638,0.536,0.0,0.0,0.0
21.319982767105103,1.686,0.22,1.083,0.629,0.547,0.0,0.0,0.0
21.330153465270996,1.85,0.184,1.217,0.545,0.549,0.0,0.0,0.0
21.340267419815063,1.642,0.21,1.071,0.554,0.538,0.0,0.0,0.0
21.3502414226532,1.642,0.168,1.087,0.659,0.578,0.0,0.0,0.0
21.3598313331604,1.444,0.188,1.157,0.634,0.558,0.0,0.0,0.0
21.370065689086914,1.883,0.2,1.266,0.542,0.585,0.0,0.0,0.0
21.38068437576294,1.642,0.203,1.232,0.597,0.589,0.0,0.0,0.0
21.3899929523468,1.905,0.231,0.996,0.538,0.575,0.0,0.0,0.0
21.400882244110107,1.444,0.23,1.216,0.629,0.578,0.0,0.0,0.0
21.41067910194397,1.444,0.274,1.134,0.512,0.611,0.0,0.001,-0.001
21.42001247406006,1.905,0.174,1.127,0.673,0.562,0.0,0.0,0.0
21.43019437789917,1.653,0.258,1.25,0.505,0.605,0.0,-0.001,-0.001
21.439929008483887,1.631,0.233,1.121,0.634,0.57,0.0,0.001,-0.001
21.450082778930664,1.707,0.197,1.164,0.654,0.57,0.0,0.0,0.0
21.459887504577637,1.653,0.224,1.169,0.71,0.582,0.0,0.0,0.0
21.47005295753479,1.653,0.268,1.291,0.395,0.638,0.0,0.0,0.0
21.480771780014038,1.488,0.248,1.332,0.529,0.569,0.007,0.0,0.0
21.490712642669678,1.642,0.36,1.073,0.581,0.58,0.0,0.0,0.0
21.500683784484863,1.423,0.321,1.066,0.539,0.562,0.0,0.0,0.0
21.51033926010132,1.905,0.207,1.082,0.441,0.61,0.0,0.0,0.0
21.519810438156128,1.653,0.187,1.024,0.441,0.568,0.0,0.0,0.0
21.530240535736084,1.653,0.284,1.283,0.267,0.607,0.001,0.0,0.0
21.5400390625,1.696,0.252,1.058,0.413,0.555,0.0,0.0,0.0
21.550611972808838,1.642,0.266,1.21,0.521,0.574,0.0,0.0,0.0
21.559690713882446,1.423,0.216,1.117,0.554,0.553,0.0,0.0,0.0
21.57055354118347,1.675,0.273,1.257,0.349,0.599,0.001,0.0,0.0
21.580458879470825,1.642,0.137,1.061,0.715,0.549,0.0,0.0,0.0
21.590009927749634,1.642,0.164,1.103,0.671,0.616,0.0,0.0,0.0
21.60034728050232,1.653,0.228,1.203,0.52,0.596,0.0,0.0,0.0
21.610425233840942,1.675,0.202,1.135,0.539,0.59,0.0,0.0,0.0
21.619818210601807,1.631,0.152,1.179,0.402,0.589,0.0,0.0,0.0
21.630043029785156,1.203,0.283,1.247,0.253,0.588,0.0,0.0,0.0
21.639732837677002,1.828,0.307,1.364,0.453,0.62,0.0,0.0,0.0
21.650336027145386,1.664,0.215,1.378,0.148,0.637,0.0,0.0,0.0
21.659830570220947,1.412,0.155,1.08,0.619,0.589,0.0,0.0,0.0
21.670001745224,1.379,0.183,1.386,0.118,0.619,0.0,0.0,0.0
21.680207014083862,1.828,0.194,1.266,0.383,0.58,0.0,0.0,0.0
21.690237998962402,1.598,0.189,1.204,0.511,0.561,0.0,0.0,0.0
21.699950695037842,1.609,0.202,1.204,0.43,0.562,0.0,0.0,0.0
21.71007776260376,1.784,0.21,1.263,0.293,0.544,0.0,0.0,0.0
21.720742225646973,1.642,0.198,1.3,0.522,0.564,0.0,0.0,0.0
21.730846881866455,1.379,0.273,1.156,0.528,0.563,0.0,0.0,0.0
21.739712238311768,1.39,0.27,1.181,0.6,0.56,0.0,0.0,0.0
21.750821590423584,1.817,0.213,1.304,0.149,0.607,0.0,0.0,0.0
21.759923458099365,1.62,0.277,1.18,0.603,0.546,0.0,0.0,0.0
21.770445108413696,1.609,0.177,1.194,0.356,0.574,0.0,0.0,0.0
21.780392169952393,1.598,0.152,1.117,0.528,0.511,0.0,0.0,0.0
21.790668964385986,1.609,0.216,1.149,0.592,0.542,0.0,0.0,0.0
21.800238847732544,1.423,0.238,1.061,0.482,0.548,0.0,0.0,0.0
21.809954404830933,1.565,0.313,1.101,0.802,0.53,0.0,0.0,0.0
21.82032036781311,1.587,0.257,1.177,0.419,0.571,0.0,0.0,0.0
21.830906867980957,1.62,0.271,1.082,0.701,0.526,0.0,0.0,0.0
21.839799165725708,1.565,0.32,1.03,0.501,0.536,0.0,0.0,0.0
21.849842071533203,1.576,0.316,1.192,0.22,0.574,0.0,0.0,0.0
21.860934019088745,1.839,0.229,1.29,0.244,0.562,0.0,0.0,0.0
21.869844436645508,1.609,0.343,1.076,0.693,0.565,0.0,0.0,0.0
21.879852533340454,1.576,0.278,1.171,0.291,0.542,0.0,0.0,0.0
21.890131950378418,1.806,0.279,1.017,0.279,0.555,0.0,0.0,0.0
21.900022745132446,1.664,0.184,1.065,0.33,0.578,0.0,0.0,0.0
21.909823656082153,1.39,0.27,1.109,0.547,0.568,0.0,0.0,0.0
21.919651985168457,1.379,0.326,1.23,0.71,0.58,0.0,0.0,0.0
21.930529832839966,1.795,0.292,1.229,0.341,0.596,0.0,0.0,0.0
21.93990921974182,1.609,0.129,1.114,0.492,0.558,0.0,0.0,0.0
21.949731588363647,1.587,0.252,1.257,0.296,0.54,0.0,0.0,0.0
21.960659503936768,1.576,0.276,1.226,0.278,0.579,0.0,0.0,0.0
21.971330881118774,1.598,0.18,1.088,0.556,0.552,0.0,0.0,0.0
21.979873657226562,1.642,0.235,1.191,0.127,0.634,0.0,0.0,0.0
21.989853143692017,1.587,0.251,0.988,0.522,0.575,0.0,0.0,0.0
22.000807523727417,1.587,0.199,1.133,0.275,0.567,0.0,0.0,0.0
22.01071047782898,2.08,0.237,0.959,0.554,0.569,0.0,0.0,0.0
22.020610570907593,1.192,0.247,1.02,0.578,0.612,0.0,0.0,0.0
22.03075647354126,1.598,0.162,0.943,0.496,0.568,0.0,0.0,0.0
22.040021181106567,2.025,0.247,1.114,0.269,0.609,0.0,0.0,0.0
22.049874544143677,1.62,0.276,1.08,0.573,0.562,0.0,0.001,-0.001
22.06008744239807,1.62,0.272,1.264,0.247,0.613,0.0,0.0,0.0
22.071453332901,1.609,0.249,1.168,0.699,0.582,0.0,0.0,0.0
22.08042812347412,1.609,0.269,1.251,0.345,0.618,0.0,0.0,0.0
22.090327501296997,1.664,0.146,1.066,0.53,0.539,0.0,0.0,0.0
22.100845336914062,1.609,0.21,1.04,0.604,0.556,0.0,0.0,0.0
22.110753536224365,1.379,0.332,1.173,0.612,0.564,0.0,0.0,0.0
22.12063503265381,1.598,0.227,1.155,0.652,0.565,0.0,0.0,0.0
22.13058352470398,1.62,0.293,1.103,0.571,0.562,0.0,0.0,0.0
22.140335083007812,1.631,0.215,1.043,0.75,0.529,0.0,0.0,0.0
22.149867296218872,1.576,0.201,1.156,0.674,0.53,0.0,0.0,0.0
22.159817457199097,1.598,0.187,1.314,0.272,0.562,0.0,0.0,0.0
22.170748472213745,1.653,0.236,1.177,0.639,0.605,0.0,0.0,0.0
22.17991018295288,1.806,0.263,1.107,0.659,0.508,0.0,0.0,0.0
22.189890384674072,1.401,0.278,1.252,0.16,0.598,0.0,0.0,0.0
22.19982671737671,1.981,0.287,1.245,0.545,0.595,0.0,0.0,0.0
22.21011996269226,1.653,0.21,1.194,0.223,0.583,0.0,0.0,0.0
22.22075366973877,1.412,0.223,1.166,0.32,0.518,0.0,0.0,0.0
22.229907035827637,1.598,0.196,1.163,0.481,0.517,0.0,0.0,0.0
22.240230560302734,1.598,0.337,1.35,0.468,0.557,0.0,0.0,0.0
22.250062942504883,1.631,0.297,1.096,0.62,0.513,0.0,0.0,0.0
22.259872913360596,1.85,0.254,1.271,0.433,0.507,0.0,0.0,0.0
22.270666122436523,1.62,0.197,1.28,0.347,0.606,0.0,0.0,0.0
22.280638933181763,1.401,0.164,1.225,0.685,0.598,0.001,0.0,0.0
22.289864778518677,1.598,0.14,1.17,0.567,0.584,0.0,0.0,0.0
22.300371646881104,1.664,0.12,1.161,0.446,0.608,0.0,0.0,0.0
22.31026005744934,1.872,0.159,1.133,0.604,0.551,0.0,0.0,0.0
22.31985878944397,1.62,0.203,1.024,0.586,0.538,0.0,0.0,0.0
22.32974648475647,1.609,0.255,1.031,0.49,0.601,0.0,0.0,0.0
22.339795112609863,1.62,0.234,1.412,0.532,0.623,0.0,0.0,0.0
22.349737405776978,1.675,0.261,1.088,0.203,0.588,0.0,0.0,0.0
22.359681606292725,1.828,0.241,1.241,0.183,0.59,0.0,0.0,0.0
22.370137929916382,1.423,0.224,1.1,0.153,0.612,0.0,0.0,0.0
22.38135051727295,1.631,0.173,0.949,0.684,0.593,0.0,0.0,0.0
22.39070701599121,1.62,0.289,1.165,0.369,0.599,0.0,0.0,0.0
22.400732278823853,1.883,0.24,1.045,0.598,0.541,0.0,0.0,0.0
22.410958290100098,1.455,0.312,1.159,0.286,0.529,0.0,0.0,0.0
22.420417070388794,1.85,0.248,1.098,0.285,0.606,0.0,0.0,0.0
22.429924964904785,1.412,0.156,0.982,0.579,0.557,0.0,0.0,0.0
22.439960479736328,1.62,0.304,1.239,0.769,0.545,0.0,0.0,0.0
22.450164318084717,1.642,0.271,1.014,0.61,0.58,0.0,0.0,0.0
22.459803581237793,1.444,0.275,1.128,0.576,0.553,0.0,0.0,0.0
22.470076084136963,1.905,0.217,1.265,0.482,0.568,0.0,0.0,0.0
22.480120420455933,1.631,0.292,0.961,0.565,0.616,0.0,0.0,0.0
22.490564346313477,1.412,0.214,0.985,0.615,0.553,0.0,0.0,0.0
22.499931812286377,1.828,0.186,0.918,0.506,0.528,0.0,0.0,0.0
22.510775804519653,1.686,0.242,1.061,0.292,0.591,0.0,0.0,0.0
22.519946813583374,1.653,0.293,1.028,0.607,0.514,0.0,0.0,0.0
22.530760526657104,1.631,0.26,0.928,0.228,0.57,0.0,0.0,0.0
22.54064178466797,1.62,0.305,1.071,0.476,0.501,0.0,0.0,0.0
22.55067229270935,1.861,0.294,0.976,0.62,0.491,0.0,0.0,0.0
22.559842109680176,1.423,0.172,0.949,0.61,0.486,0.0,0.0,0.0
22.570002555847168,1.598,0.25,0.966,0.24,0.526,0.0,0.0,0.0
22.58081555366516,1.642,0.26,1.165,0.673,0.536,0.001,0.0,0.0
22.590206146240234,1.686,0.254,0.979,0.602,0.514,0.0,0.0,0.0
22.59990620613098,1.401,0.155,0.857,0.635,0.516,0.0,0.0,0.0
22.61053967475891,1.828,0.202,1.015,0.512,0.533,0.0,0.0,0.0
22.620294332504272,1.609,0.089,1.042,0.549,0.527,0.0,0.0,0.0
22.629850387573242,1.653,0.22,1.17,0.534,0.455,0.0,0.0,0.0
22.639705181121826,1.905,0.263,1.178,0.548,0.52,0.0,0.0,0.0
22.65152335166931,1.675,0.158,1.369,0.265,0.539,0.0,0.0,0.0
22.659769773483276,1.631,0.265,1.246,0.303,0.555,0.0,0.0,0.0
22.669856071472168,1.642,0.158,1.302,0.362,0.525,0.0,0.0,0.0
22.680455207824707,1.653,0.228,1.077,0.687,0.494,0.0,0.0,0.0
22.69001030921936,1.938,0.194,1.015,0.599,0.527,0.001,0.0,0.0
22.699900150299072,1.455,0.242,1.244,0.615,0.512,0.0,0.0,0.0
22.710299253463745,1.85,0.21,1.214,0.508,0.551,0.0,0.0,0.0
22.720025777816772,1.434,0.209,1.152,0.641,0.503,0.0,0.0,0.0
22.729748487472534,1.85,0.201,1.263,0.428,0.524,0.0,0.0,0.0
22.73995280265808,1.62,0.245,1.308,0.5,0.55,0.0,0.0,0.0
22.749937772750854,1.905,0.233,1.01,0.373,0.554,0.0,0.0,0.0
22.76073145866394,1.51,0.25,1.137,0.314,0.622,0.0,0.0,0.0
22.7701678276062,1.883,0.171,1.158,0.856,0.518,0.0,0.0,0.0
22.780253410339355,1.466,0.283,1.323,0.636,0.5,0.0,0.0,0.0
22.78994131088257,1.872,0.26,1.011,0.536,0.474,0.0,0.0,0.0
22.799846410751343,1.664,0.237,1.242,0.556,0.541,0.0,0.0,0.0
22.80984330177307,1.74,0.208,1.331,0.524,0.496,0.0,0.0,0.0
22.820101976394653,1.718,0.241,1.343,0.535,0.485,0.0,0.0,0.0
22.82990860939026,1.696,0.319,1.062,0.736,0.515,0.0,0.0,0.0
22.839808702468872,1.675,0.288,1.072,0.317,0.516,0.0,0.0,0.0
22.850372076034546,1.696,0.266,1.252,0.628,0.444,0.0,0.0,0.0
22.860100984573364,1.894,0.279,1.04,0.475,0.452,0.0,0.0,0.0
22.86976957321167,1.466,0.298,1.014,0.619,0.438,0.0,0.0,0.0
22.880982398986816,1.894,0.27,1.242,0.266,0.47,0.0,0.0,0.0
22.890865564346313,1.499,0.364,0.978,0.171,0.49,0.0,0.0,0.0
22.900609731674194,1.686,0.234,1.019,0.875,0.436,0.0,0.0,0.0
22.909860134124756,1.751,0.227,1.034,0.556,0.444,0.0,0.0,0.0
22.919952154159546,1.751,0.26,1.224,0.505,0.468,0.0,0.0,0.0
22.92999005317688,1.696,0.214,1.133,0.638,0.464,0.0,0.0,0.0
22.939759492874146,1.927,0.258,0.989,0.703,0.429,0.0,0.0,0.0
22.950773239135742,1.51,0.229,1.139,0.241,0.496,0.0,0.0,0.0
22.95994257926941,1.499,0.152,1.094,0.734,0.433,0.0,0.0,0.0
22.969783306121826,1.686,0.182,0.935,0.541,0.484,0.0,0.0,0.0
22.980249166488647,1.883,0.228,1.085,0.219,0.467,0.0,0.0,0.0
22.990777015686035,1.707,0.223,1.054,0.756,0.442,0.0,0.0,0.0
22.99980401992798,1.686,0.154,0.982,0.676,0.446,0.0,0.0,0.0
23.00978922843933,1.499,0.213,1.185,0.509,0.446,0.0,0.0,0.0
23.019816160202026,1.686,0.291,1.159,0.249,0.514,0.0,0.0,0.0
23.02987027168274,1.718,0.226,1.1,0.297,0.471,0.0,0.001,-0.001
23.0396990776062,1.729,0.211,1.194,0.176,0.454,0.0,0.0,0.0
23.050193786621094,1.762,0.27,1.153,0.559,0.479,0.0,0.0,0.0
23.061038732528687,1.532,0.219,0.964,0.692,0.387,0.0,0.0,0.0
23.06977081298828,1.729,0.263,1.0,0.269,0.422,0.0,0.0,0.0
23.07979702949524,1.686,0.222,1.181,0.665,0.465,0.001,0.0,0.0
23.09073758125305,1.664,0.263,1.108,0.336,0.442,0.0,0.0,0.0
23.099825143814087,1.894,0.213,1.074,0.659,0.401,0.0,0.0,0.0
23.109920501708984,1.477,0.233,1.188,0.592,0.451,0.0,0.0,0.0
23.119868993759155,1.894,0.239,1.077,0.786,0.461,0.0,0.0,0.0
23.13022255897522,1.488,0.25,0.936,0.466,0.484,0.0,0.0,0.0
23.139760732650757,1.653,0.249,0.881,0.717,0.412,0.0,0.0,0.0
23.150667190551758,1.488,0.244,1.042,0.561,0.385,0.0,0.0,0.0
23.160256147384644,1.959,0.195,0.969,0.576,0.4,0.0,0.0,0.0
23.169838666915894,1.718,0.213,1.077,0.532,0.428,0.0,0.0,0.0
23.180019855499268,1.696,0.271,1.17,0.564,0.44,0.0,0.0,0.0
23.189985752105713,1.686,0.186,0.935,0.37,0.443,0.0,0.0,0.0
23.200185298919678,1.883,0.211,1.246,0.417,0.441,0.0,0.0,0.0
23.20973777770996,1.696,0.24,1.166,0.627,0.35,0.0,0.0,0.0
23.220234870910645,1.696,0.229,1.282,0.324,0.425,0.0,0.0,0.0
23.230797290802002,1.488,0.168,1.077,0.611,0.362,0.0,0.0,0.0
23.239732027053833,1.707,0.28,1.071,0.733,0.363,0.0,0.0,0.0
23.249757528305054,1.97,0.294,1.239,0.518,0.412,0.0,0.0,0.0
23.26021718978882,1.751,0.244,1.304,0.607,0.418,0.0,0.0,0.0
23.26998734474182,1.97,0.26,1.192,0.582,0.377,0.0,0.0,0.0
23.279900789260864,1.51,0.166,1.278,0.689,0.406,0.0,0.0,0.0
23.290467977523804,1.718,0.247,1.319,0.641,0.433,0.0,0.0,0.0
23.300507307052612,1.707,0.119,1.02,0.562,0.389,0.0,0.0,0.0
23.309836387634277,1.51,0.19,1.073,0.705,0.377,0.0,0.0,0.0
23.319868803024292,1.905,0.246,1.291,0.558,0.472,0.0,0.0,0.0
23.330119371414185,1.696,0.265,1.263,0.665,0.415,0.0,0.0,0.0
23.339747428894043,1.905,0.219,0.97,0.604,0.421,0.0,0.0,0.0
23.349776029586792,1.499,0.277,1.244,0.158,0.466,0.0,0.0,0.0
23.36012029647827,1.718,0.289,1.16,0.33,0.446,0.0,0.0,0.0
23.370158195495605,1.729,0.248,0.903,0.719,0.363,0.0,0.0,0.0
23.37981104850769,1.795,0.273,0.962,0.588,0.427,0.0,0.0,0.0
23.389917373657227,1.795,0.263,1.221,0.276,0.413,0.0,0.0,0.0
23.399943351745605,1.784,0.259,1.13,0.374,0.412,0.0,0.0,0.0
23.410183668136597,1.521,0.214,1.024,0.561,0.354,0.0,0.0,0.0
23.4202983379364,1.938,0.27,0.917,0.71,0.342,0.0,0.0,0.0
23.429834365844727,1.718,0.204,1.037,0.587,0.358,0.0,0.0,0.0
23.440750122070312,1.707,0.248,1.096,0.198,0.393,0.0,0.0,0.0
23.449716806411743,1.718,0.166,0.995,1.14,0.348,0.0,0.0,0.0
23.46027970314026,1.707,0.258,1.14,0.405,0.419,0.0,0.001,-0.001
23.469995975494385,1.707,0.228,1.055,0.688,0.341,0.0,0.0,0.0
23.479832649230957,1.948,0.305,1.019,0.675,0.406,0.0,0.0,0.0
23.49015164375305,1.521,0.254,1.062,0.576,0.408,0.0,0.0,0.0
23.500731945037842,1.729,0.228,0.89,0.68,0.349,0.0,0.0,0.0
23.51065444946289,1.718,0.263,0.919,0.632,0.34,0.0,0.0,0.0
23.520649909973145,1.521,0.193,0.899,0.731,0.34,0.0,0.0,0.0
23.530861616134644,1.97,0.17,0.888,0.823,0.311,0.0,0.0,0.0
23.53998589515686,1.784,0.219,0.976,1.193,0.4,0.0,0.0,0.0
23.55029582977295,1.795,0.196,0.92,0.584,0.356,0.0,0.0,0.0
23.56045627593994,1.751,0.203,1.054,0.772,0.341,0.0,0.0,0.0
23.570302963256836,1.74,0.129,0.947,0.868,0.323,0.0,0.0,0.0
23.579835414886475,1.499,0.181,0.816,0.456,0.322,0.0,0.0,0.0
23.589975357055664,1.718,0.205,0.85,0.305,0.325,0.0,0.0,0.0
23.60032606124878,1.938,0.205,1.224,0.594,0.347,0.0,0.0,0.0
23.610705614089966,1.718,0.137,0.891,0.662,0.354,0.0,0.0,0.0
23.619770526885986,1.51,0.178,1.065,0.684,0.346,0.0,0.0,0.0
23.630114793777466,1.718,0.199,1.145,0.659,0.408,0.0,0.0,0.0
23.639758586883545,1.916,0.221,1.065,0.624,0.396,0.0,0.0,0.0
23.65042519569397,1.729,0.238,1.235,0.216,0.347,0.0,0.0,0.0
23.65989351272583,1.521,0.252,0.972,0.488,0.335,0.0,0.0,0.0
23.670670986175537,1.51,0.25,1.075,0.169,0.384,0.0,0.0,0.0
23.67997980117798,1.696,0.2,0.934,0.626,0.348,0.0,0.0,0.0
23.690293312072754,1.718,0.215,1.292,0.731,0.351,0.0,0.0,0.0
23.69979214668274,1.707,0.201,0.971,0.633,0.318,0.0,0.0,0.0
23.710328578948975,1.696,0.309,1.217,0.357,0.408,0.0,0.0,0.0
23.7204532623291,1.488,0.254,1.03,0.615,0.315,0.0,0.0,0.0
23.73023796081543,1.686,0.253,0.974,0.618,0.335,0.0,0.0,0.0
23.74004602432251,1.664,0.209,1.008,0.601,0.336,0.0,0.0,0.0
23.750500917434692,1.51,0.291,1.192,0.757,0.34,0.0,0.0,0.0
23.75981855392456,1.916,0.215,1.012,0.841,0.315,0.0,0.0,0.0
23.769906520843506,1.762,0.297,1.247,0.501,0.388,0.0,0.0,0.0
23.780570030212402,1.762,0.285,1.127,0.399,0.421,0.0,0.0,0.0
23.790255069732666,1.521,0.231,1.127,0.54,0.332,0.0,0.0,0.0
23.80088710784912,1.751,0.212,1.059,0.644,0.335,0.0,0.0,0.0
23.8099102973938,1.938,0.305,1.087,0.866,0.305,0.0,0.0,0.0
23.82068920135498,1.686,0.247,1.073,0.225,0.367,0.0,0.0,0.0
23.83073115348816,1.696,0.235,0.904,0.745,0.32,0.0,0.0,0.0
23.839784860610962,1.905,0.284,1.06,0.783,0.387,0.0,0.0,0.0
23.85007357597351,1.488,0.258,1.159,0.354,0.368,0.0,0.0,0.0
23.860079288482666,1.927,0.232,1.076,0.695,0.329,0.0,0.0,0.0
23.869813442230225,1.686,0.285,1.006,0.716,0.333,0.0,0.0,0.0
23.880090713500977,1.707,0.281,1.207,0.377,0.331,0.0,0.0,0.0
23.890977144241333,1.499,0.153,1.141,0.341,0.313,0.0,0.0,0.0
23.900010585784912,1.686,0.182,0.928,0.855,0.309,0.0,0.0,0.0
23.90990662574768,1.938,0.253,1.113,0.285,0.352,0.0,0.0,0.0
23.920746326446533,1.74,0.25,0.89,0.706,0.334,0.0,0.0,0.0
23.93008804321289,1.751,0.332,0.953,0.535,0.299,0.0,0.0,0.0
23.939868927001953,1.784,0.235,0.935,0.525,0.307,0.0,0.0,0.0
23.950055837631226,1.795,0.224,1.112,0.589,0.274,0.0,0.0,0.0
23.96040153503418,1.784,0.278,1.033,0.62,0.296,0.0,0.0,0.0
23.970238208770752,1.565,0.228,0.892,0.653,0.27,0.0,0.0,0.0
23.979947566986084,1.751,0.279,0.893,0.615,0.289,0.0,0.0,0.0
23.99029231071472,1.938,0.283,1.096,0.605,0.383,0.0,0.0,0.0
24.00032901763916,1.718,0.301,0.897,0.781,0.302,0.0,0.0,0.0
24.00982356071472,1.74,0.191,0.878,0.665,0.329,0.0,0.0,0.0
24.019791841506958,1.718,0.298,1.078,0.447,0.395,0.0,0.0,0.0
24.030158281326294,1.521,0.302,1.096,0.222,0.319,0.0,0.0,0.0
24.039727449417114,1.729,0.279,0.928,0.675,0.289,0.0,0.0,0.0
24.050008296966553,1.707,0.272,1.214,0.362,0.403,0.0,0.0,0.0
24.060725212097168,1.696,0.277,0.882,0.405,0.316,0.001,0.0,0.0
24.070593118667603,1.686,0.229,0.991,0.915,0.301,0.0,0.0,0.0
24.079867124557495,1.499,0.249,0.895,0.653,0.26,0.0,0.0,0.0
24.09015965461731,1.686,0.207,0.829,0.624,0.337,0.0,0.0,0.0
24.100062131881714,1.905,0.233,0.781,0.759,0.263,0.0,0.0,0.0
24.110981941223145,1.927,0.26,0.837,0.571,0.249,0.0,0.0,0.0
24.1198673248291,1.707,0.307,0.862,0.293,0.311,0.0,0.0,0.0
24.13030982017517,1.707,0.225,1.283,0.289,0.312,0.0,0.0,0.0
24.140004873275757,1.718,0.271,0.841,0.585,0.261,0.0,0.0,0.0
24.14988374710083,1.477,0.233,1.123,0.639,0.298,0.0,0.0,0.0
24.160151720046997,1.718,0.241,0.89,0.441,0.271,0.007,0.0,0.0
24.17018151283264,1.707,0.201,0.859,0.752,0.258,0.0,0.0,0.0
24.180246591567993,1.707,0.231,0.971,0.724,0.268,0.0,0.0,0.0
24.19009017944336,1.707,0.192,0.918,0.769,0.266,0.001,0.0,0.0
24.20071029663086,1.686,0.246,1.047,0.522,0.264,0.0,0.0,0.0
24.20983910560608,1.696,0.16,0.933,0.713,0.263,0.0,0.0,0.0
24.219902753829956,1.773,0.251,1.104,0.298,0.336,0.0,0.0,0.0
24.229942560195923,1.74,0.26,1.154,0.439,0.314,0.0,0.0,0.0
24.239957094192505,1.707,0.288,1.12,0.491,0.238,0.0,0.0,0.0
24.24993371963501,1.948,0.236,1.002,0.861,0.322,0.001,0.0,0.0
24.259751558303833,1.718,0.241,1.002,0.429,0.281,0.0,0.0,0.0
24.27210783958435,1.488,0.307,1.117,0.216,0.314,0.0,0.0,0.0
24.280101537704468,1.74,0.293,1.144,0.42,0.261,0.0,0.0,0.0
24.289841890335083,1.696,0.263,0.926,0.722,0.25,0.0,0.0,0.0
24.299875259399414,1.686,0.272,1.154,0.296,0.294,0.0,0.0,0.0
24.31000065803528,2.146,0.225,1.149,0.377,0.273,0.0,0.0,0.0
24.319878816604614,1.521,0.276,1.142,0.396,0.273,0.0,0.0,0.0
24.32983422279358,1.718,0.255,1.238,0.715,0.273,0.0,0.0,0.0
24.34094548225403,1.707,0.207,0.921,0.67,0.199,0.0,0.0,0.0
24.34990644454956,1.718,0.258,1.07,1.319,0.265,0.0,0.0,0.0
24.359962940216064,1.707,0.279,1.038,0.406,0.265,0.0,0.0,0.0
24.37073564529419,1.762,0.282,0.882,0.576,0.232,0.0,0.0,0.0
24.38002848625183,1.938,0.285,0.934,0.557,0.217,0.0,0.0,0.0
24.389939546585083,1.543,0.212,1.103,0.703,0.24,0.0,0.0,0.0
24.400139331817627,1.762,0.29,0.881,0.541,0.273,0.0,0.0,0.0
24.410479307174683,1.751,0.22,0.946,0.705,0.251,0.0,0.0,0.0
24.419801950454712,1.762,0.178,0.875,0.642,0.184,0.0,0.0,0.0
24.429762363433838,1.773,0.22,1.153,0.568,0.249,0.0,0.0,0.0
24.43996262550354,1.773,0.245,1.057,0.514,0.221,0.0,0.0,0.0
24.449819803237915,1.773,0.185,1.026,0.787,0.245,0.0,0.0,0.0
24.459797859191895,1.565,0.19,0.901,0.69,0.213,0.0,0.0,0.0
24.470966577529907,1.762,0.202,1.033,0.397,0.232,0.0,0.0,0.0
24.479976177215576,1.762,0.268,0.875,0.82,0.176,0.0,0.0,0.0
24.489863634109497,1.773,0.229,0.881,0.543,0.215,0.0,0.0,0.0
24.50011944770813,1.784,0.216,0.977,0.411,0.211,0.0,0.0,0.0
24.510907649993896,1.773,0.174,0.748,0.63,0.19,0.0,0.0,0.0
24.519955158233643,1.543,0.215,0.881,1.13,0.181,0.0,0.0,0.0
24.529821634292603,1.762,0.178,0.867,0.64,0.232,0.0,0.0,0.0
24.540669918060303,1.729,0.27,1.046,0.377,0.161,0.0,0.0,0.0
24.54984140396118,1.773,0.161,0.998,0.647,0.173,0.0,0.0,0.0
24.559885501861572,1.905,0.184,1.052,0.322,0.251,0.0,0.0,0.0
24.570330142974854,1.707,0.223,1.021,0.612,0.159,0.0,0.0,0.0
24.580096006393433,1.707,0.202,0.841,0.576,0.146,0.0,0.001,-0.001
24.58992338180542,1.488,0.218,1.011,0.696,0.1,0.0,0.0,0.0
24.599790811538696,1.696,0.223,0.847,0.465,0.136,0.0,0.0,0.0
24.610429048538208,1.707,0.249,0.933,0.545,0.173,0.0,0.0,0.0
24.619940042495728,1.696,0.192,0.78,0.716,0.115,0.0,0.0,0.0
24.629892110824585,1.696,0.153,0.873,0.676,0.183,0.0,0.0,0.0
24.64038872718811,1.477,0.206,0.982,0.393,0.122,0.0,0.0,0.0
24.649909019470215,1.905,0.223,0.865,0.744,0.082,0.0,0.0,0.0
24.660146236419678,1.477,0.207,1.058,0.599,0.097,0.0,0.0,0.0
24.67053771018982,1.675,0.155,1.035,0.778,0.092,0.0,0.0,0.0
24.680290937423706,1.675,0.291,0.883,1.124,0.089,0.0,0.0,0.0
24.68997859954834,1.653,0.236,0.816,0.71,0.062,0.0,0.0,0.0
24.69981288909912,1.872,0.238,1.215,0.418,0.103,0.0,0.0,0.0
24.710512161254883,1.455,0.234,1.19,0.73,0.122,0.0,0.0,0.0
24.719851970672607,1.444,0.167,0.885,0.605,0.082,0.0,0.0,0.0
24.729864597320557,1.883,0.224,1.099,0.516,0.104,0.0,0.0,0.0
24.739869117736816,1.653,0.234,1.271,0.155,0.136,0.0,0.0,0.0
24.750080585479736,1.675,0.232,0.921,0.617,0.147,0.0,0.0,0.0
24.759802103042603,1.664,0.265,1.12,0.633,0.088,0.002,0.0,0.0
24.770136833190918,1.466,0.302,1.13,0.437,0.176,0.0,0.0,0.0
24.780771017074585,1.653,0.209,0.996,0.492,0.085,0.0,0.0,0.0
24.790207624435425,1.686,0.208,1.003,0.995,0.134,0.0,0.0,0.0
24.799900770187378,1.872,0.223,0.945,0.542,0.081,0.0,0.0,0.0
24.809953689575195,1.653,0.211,0.959,0.442,0.092,0.0,0.0,0.0
24.819828987121582,1.664,0.222,1.122,0.655,0.099,0.0,0.0,0.0
24.82974910736084,1.751,0.228,1.103,0.352,0.095,0.0,0.0,0.0
24.83987784385681,1.729,0.225,1.193,0.322,0.098,0.0,0.0,0.0
24.850502729415894,1.707,0.271,0.926,0.669,0.079,0.0,0.0,0.0
24.85973620414734,1.466,0.201,0.925,0.629,0.088,0.0,0.0,0.0
24.8700008392334,1.861,0.223,1.046,0.41,0.129,0.0,0.0,0.0
24.88055658340454,1.664,0.243,0.874,0.69,0.027,0.0,0.001,-0.001
24.889838933944702,1.455,0.187,0.901,0.659,0.065,0.0,0.0,0.0
24.900007009506226,1.85,0.295,1.1,0.34,0.072,0.0,0.0,0.0
24.91033911705017,1.664,0.309,0.927,0.771,0.026,0.001,0.0,0.0
24.92071771621704,1.653,0.22,0.82,0.62,0.015,0.0,0.0,0.0
24.92980933189392,1.664,0.203,0.89,0.894,0.01,0.0,0.0,0.0
24.940030813217163,1.631,0.209,1.053,0.412,0.047,0.001,0.0,0.0
24.950711011886597,1.642,0.232,0.814,0.436,0.017,0.0,0.0,0.0
24.959903955459595,1.707,0.255,0.852,0.603,-0.004,0.0,0.0,0.0
24.970192909240723,1.686,0.267,0.786,0.329,-0.009,0.0,0.0,0.0
24.980297088623047,1.861,0.219,0.944,0.58,-0.004,0.0,0.0,0.0
24.990383863449097,1.675,0.24,0.816,0.659,0.018,0.0,0.0,0.0
24.99985122680664,1.455,0.204,0.867,0.777,-0.007,0.0,-0.001,-0.001
25.01047444343567,1.686,0.233,1.063,0.58,0.068,0.0,0.0,0.0
25.02046775817871,1.85,0.17,0.847,0.773,0.012,0.0,0.0,0.0
25.029921531677246,1.653,0.21,0.871,0.699,0.025,0.0,0.0,0.0
25.039814233779907,1.488,0.162,0.805,0.284,0.002,0.0,0.0,0.0
25.051014184951782,1.861,0.211,1.233,0.616,0.027,0.0,0.0,0.0
25.05983066558838,1.664,0.272,0.89,0.289,0.014,0.0,0.0,0.0
25.069988012313843,1.686,0.236,1.213,0.409,0.024,0.0,0.0,0.0
25.08062219619751,1.948,0.248,0.768,0.608,0.039,0.0,0.0,0.0
25.09001851081848,1.74,0.211,0.912,0.641,0.021,0.0,0.0,0.0
25.09984016418457,1.499,0.224,0.747,0.63,0.029,0.0,0.0,0.0
25.110124111175537,1.894,0.252,1.007,0.711,0.099,0.0,0.0,0.0
25.120999574661255,1.686,0.258,1.127,0.654,0.037,0.0,0.0,0.0
25.12981653213501,1.696,0.299,0.825,0.291,0.111,0.0,0.0,0.0
25.13969898223877,1.675,0.191,1.036,0.697,0.107,0.0,0.0,0.0
25.150416374206543,1.696,0.227,0.987,0.442,0.075,0.0,0.0,0.0
25.160614252090454,1.686,0.184,0.833,0.759,-0.013,0.0,0.0,0.0
25.16983413696289,1.466,0.202,0.935,0.903,-0.001,0.0,0.0,0.0
25.180866718292236,1.664,0.253,1.192,0.227,0.089,0.0,0.0,0.0
25.190837621688843,1.883,0.266,0.828,0.662,0.008,0.0,0.0,0.0
25.199952840805054,1.894,0.176,0.964,1.103,0.041,0.0,0.0,0.0
25.210079669952393,1.686,0.235,1.128,0.581,0.098,0.0,0.0,0.0
25.2201406955719,1.686,0.239,0.966,0.688,0.04,0.0,0.0,0.0
25.229905128479004,1.488,0.241,0.87,0.532,-0.014,0.0,0.0,0.0
25.239795923233032,1.686,0.243,1.095,0.453,0.045,0.0,0.001,-0.001
25.25044083595276,1.642,0.222,1.121,0.658,0.058,0.0,0.0,0.0
25.25985074043274,1.455,0.121,0.917,0.583,-0.019,0.0,0.0,0.0
25.270044803619385,1.696,0.244,1.242,0.326,0.073,0.0,0.0,0.0
25.281455516815186,1.894,0.248,0.899,0.761,-0.022,0.0,0.0,0.0
25.28993248939514,1.642,0.203,1.205,0.315,0.089,0.0,0.0,0.0
25.300729036331177,1.521,0.223,1.121,0.401,0.045,0.0,0.0,0.0
25.309826612472534,1.729,0.179,1.013,0.858,0.007,0.0,0.0,0.0
25.320090293884277,1.686,0.194,1.118,0.283,0.094,0.002,0.0,0.0
25.329970836639404,1.642,0.253,1.081,0.705,0.046,0.0,0.0,0.0
25.339829206466675,1.653,0.197,1.184,0.691,0.083,0.0,0.0,0.0
25.350282907485962,1.653,0.249,1.13,0.46,0.095,0.0,0.0,0.0
25.360541820526123,1.664,0.131,0.874,0.663,0.002,0.0,0.0,0.0
25.369833946228027,1.883,0.16,0.895,0.726,0.018,0.0,0.0,0.0
25.37982988357544,1.664,0.203,1.102,0.65,0.082,0.0,0.0,0.0
25.390995502471924,1.488,0.219,1.025,0.296,0.044,0.0,0.0,0.0
25.399920225143433,1.642,0.293,0.998,0.891,0.065,0.0,0.0,0.0
25.409875631332397,1.938,0.207,1.157,0.666,0.041,0.0,0.0,0.0
25.419872045516968,1.532,0.213,1.071,0.601,0.063,0.0,0.0,0.0
25.430014610290527,1.751,0.216,1.105,0.419,0.023,0.001,0.0,0.0
25.43986964225769,1.455,0.236,0.82,0.799,0.034,0.0,0.0,0.0
25.45107412338257,1.861,0.243,0.858,0.47,0.061,0.0,0.0,0.0
25.45996356010437,1.883,0.292,0.799,0.941,0.046,0.0,0.0,0.0
25.469998359680176,1.675,0.231,1.029,0.426,0.007,0.0,0.0,0.0
25.479788541793823,1.686,0.242,0.755,0.531,0.01,0.0,0.0,0.0
25.49017906188965,1.948,0.264,0.936,0.26,0.037,0.001,0.0,0.0
25.500176906585693,1.499,0.243,0.78,0.765,-0.064,0.0,0.0,0.0
25.509796142578125,1.883,0.245,0.908,0.596,-0.025,0.0,0.0,0.0
25.5199077129364,1.455,0.254,1.017,0.306,-0.027,0.0,0.0,0.0
25.53078055381775,1.894,0.19,0.814,0.531,0.019,0.0,0.0,0.0
25.54063105583191,1.696,0.25,0.837,0.703,-0.02,0.0,0.0,0.0
25.549994707107544,1.664,0.152,0.928,0.528,-0.028,0.0,0.0,0.0
25.559978008270264,1.729,0.268,0.931,0.674,-0.025,0.0,0.0,0.0
25.570347547531128,1.762,0.181,0.851,0.685,0.015,0.0,0.0,0.0
25.57969641685486,1.927,0.108,0.727,0.687,-0.014,0.0,0.0,0.0
25.590015172958374,1.499,0.23,1.125,0.49,0.049,0.0,0.0,0.0
25.60063147544861,1.927,0.256,0.94,0.655,-0.028,0.0,0.0,0.0
25.610203504562378,1.707,0.175,0.813,0.65,-0.015,0.0,0.0,0.0
25.61994457244873,1.97,0.233,0.8,0.879,-0.01,0.0,0.0,0.0
25.629738330841064,1.729,0.222,0.944,0.807,0.063,0.0,0.0,0.0
25.640115976333618,1.74,0.221,1.149,0.567,0.051,0.001,0.0,0.0
25.6498703956604,2.113,0.219,0.857,0.626,0.013,0.0,0.0,0.0
25.660061836242676,1.598,0.235,0.895,0.654,-0.015,0.0,0.0,0.0
25.671380043029785,2.025,0.164,0.839,0.675,-0.054,0.0,0.0,0.0
25.67986249923706,1.817,0.221,0.982,0.644,0.008,0.0,0.0,0.0
25.690011262893677,1.762,0.194,1.093,0.308,0.019,0.0,0.0,0.0
25.699764490127563,1.751,0.207,0.915,0.757,-0.051,0.0,0.0,0.0
25.71072030067444,1.981,0.205,0.997,0.742,0.011,0.0,0.0,0.0
25.720067501068115,1.554,0.179,1.019,0.822,-0.054,0.0,0.0,0.0
25.72989010810852,1.762,0.253,1.001,0.766,-0.043,0.001,-0.001,-0.001
25.73995876312256,1.74,0.217,0.947,0.718,-0.088,0.0,0.0,0.0
25.750186920166016,2.058,0.224,0.887,0.461,-0.026,0.0,0.0,0.0
25.759873628616333,1.62,0.238,0.844,0.595,-0.049,0.0,0.0,0.0
25.77037787437439,1.981,0.213,1.033,0.291,-0.037,0.0,0.0,0.0
25.779966592788696,1.565,0.19,0.927,0.709,-0.042,0.003,0.0,0.0
25.790382385253906,1.784,0.251,0.973,0.6,0.0,0.002,0.0,0.0
25.799928188323975,1.762,0.271,0.987,0.586,-0.022,0.0,0.0,0.0
25.81065607070923,1.784,0.23,0.908,0.665,0.019,0.0,0.0,0.0
25.82002902030945,1.762,0.176,0.95,0.746,-0.057,0.0,0.0,0.0
25.82985258102417,1.784,0.227,0.889,0.489,-0.038,0.0,0.0,0.0
25.840144634246826,1.565,0.225,1.172,0.456,0.015,0.0,0.0,0.0
25.85087513923645,1.784,0.19,0.814,0.854,-0.021,0.0,0.0,0.0
25.859865427017212,1.565,0.265,1.003,0.781,-0.06,0.0,0.0,0.0
25.870027780532837,2.003,0.254,1.113,0.294,0.033,0.0,0.0,0.0
25.88118290901184,1.642,0.222,0.961,0.775,-0.035,0.0,0.0,0.0
25.89106774330139,1.817,0.264,1.119,0.288,0.013,0.0,0.0,0.0
25.899751663208008,1.762,0.271,0.965,0.868,0.041,0.0,0.0,0.0
25.909738779067993,1.729,0.279,0.986,0.33,0.011,0.0,0.0,0.0
25.920753240585327,1.543,0.261,1.086,0.563,-0.005,0.003,0.0,0.0
25.929797410964966,1.938,0.197,0.967,0.649,-0.046,0.0,0.0,0.0
25.939800024032593,1.543,0.243,0.998,0.588,-0.026,0.0,0.0,0.0
25.94986915588379,1.521,0.246,1.032,0.615,0.025,0.0,0.0,0.0
25.960957765579224,1.938,0.264,0.982,0.594,-0.053,0.0,0.0,0.0
25.969802618026733,1.543,0.32,0.847,0.308,-0.085,0.0,0.0,0.0
25.980982303619385,1.51,0.244,0.908,0.64,-0.009,0.0,0.0,0.0
25.990865468978882,1.916,0.273,0.91,0.626,-0.151,0.0,0.0,0.0
26.00070548057556,1.784,0.283,0.826,0.804,-0.099,0.0,0.0,0.0
26.01067042350769,1.587,0.202,0.798,0.818,-0.128,0.0,0.0,0.0
26.019928455352783,1.718,0.195,0.775,0.8,-0.152,0.0,0.0,0.0
26.030869245529175,1.729,0.22,0.93,0.274,-0.092,0.0,0.0,0.0
26.039777994155884,1.707,0.253,0.83,0.777,-0.114,0.0,0.0,0.0
26.05034565925598,1.707,0.237,0.98,0.379,-0.083,0.001,0.0,0.0
26.059990167617798,1.521,0.185,0.721,0.773,-0.131,0.0,0.0,0.0
26.070042371749878,2.003,0.263,0.846,0.533,-0.101,0.0,0.0,0.0
26.080592393875122,1.565,0.257,0.83,0.68,-0.115,0.0,0.0,0.0
26.090040922164917,1.938,0.2,0.704,0.814,-0.135,0.0,0.0,0.0
26.100929021835327,1.51,0.285,0.777,0.814,-0.113,0.0,0.0,0.0
26.110664129257202,1.499,0.211,0.988,0.786,-0.057,0.0,0.0,0.0
26.12074089050293,1.905,0.191,0.904,0.886,-0.164,0.0,0.0,0.0
26.13081645965576,1.718,0.274,0.741,0.745,-0.069,0.0,0.0,0.0
26.14045000076294,1.751,0.241,0.893,0.68,-0.083,0.0,0.0,0.0
26.150270223617554,1.916,0.178,0.653,0.716,-0.202,0.0,0.0,0.0
26.160815477371216,1.729,0.208,0.925,0.821,-0.149,0.0,0.0,0.0
26.170783281326294,1.718,0.203,0.811,0.962,-0.113,0.0,0.0,0.0
26.179956197738647,1.543,0.268,0.923,0.712,-0.144,0.0,0.0,0.0
26.19058847427368,1.916,0.245,0.702,0.399,-0.109,0.0,0.001,-0.001
26.2008376121521,1.718,0.184,0.805,0.701,-0.168,0.0,0.0,0.0
26.210707187652588,1.729,0.177,0.925,0.295,-0.111,0.0,0.0,0.0
26.220680236816406,1.916,0.213,0.823,0.736,-0.172,0.0,0.0,0.0
26.23076868057251,1.543,0.175,0.868,0.825,-0.204,0.0,0.0,0.0
26.240729331970215,2.025,0.15,0.937,0.704,-0.176,0.0,0.0,0.0
26.25010871887207,1.762,0.247,1.005,0.743,-0.159,0.0,0.0,0.0
26.260518074035645,1.51,0.216,0.815,0.684,-0.251,0.0,0.0,0.0
26.269906282424927,1.927,0.204,0.904,0.609,-0.158,0.0,0.0,0.0
26.27985978126526,1.74,0.247,1.007,0.415,-0.139,0.0,0.0,0.0
26.289896965026855,1.806,0.252,1.095,0.762,-0.135,0.0,0.0,0.0
26.300848960876465,1.938,0.232,0.999,0.738,-0.096,0.0,0.0,0.0
26.31084942817688,1.543,0.238,0.898,0.731,-0.22,0.0,0.0,0.0
26.32069993019104,1.938,0.186,0.928,0.369,-0.204,0.0,0.0,0.0
26.330857753753662,1.817,0.167,0.885,1.058,-0.21,0.0,0.0,0.0
26.340728521347046,1.74,0.232,0.992,0.387,-0.214,0.0,0.0,0.0
26.34986162185669,1.762,0.232,0.874,0.899,-0.238,0.0,0.0,0.0
26.359974145889282,2.146,0.216,0.852,0.452,-0.128,0.0,0.0,0.0
26.370258331298828,1.565,0.241,1.072,0.47,-0.211,0.0,0.0,0.0
26.37982726097107,1.828,0.249,0.941,0.729,-0.252,0.0,0.0,0.0
26.389911651611328,1.598,0.237,1.136,0.614,-0.151,0.0,0.0,0.0
26.400896310806274,1.751,0.223,0.961,0.41,-0.226,0.001,0.0,0.0
26.410722255706787,1.751,0.21,0.95,0.313,-0.225,0.0,0.0,0.0
26.42060089111328,1.762,0.239,0.92,0.608,-0.233,0.0,0.0,0.0
26.43052887916565,1.773,0.218,0.822,0.699,-0.289,0.0,0.0,0.0
26.44104838371277,1.817,0.164,0.853,0.654,-0.281,0.0,0.0,0.0
26.449703454971313,1.751,0.239,0.823,0.381,-0.222,0.0,0.001,-0.001
26.45989680290222,1.532,0.175,0.835,0.573,-0.225,0.0,0.0,0.0
26.47029137611389,1.927,0.222,1.036,0.693,-0.24,0.0,0.0,0.0
26.479875087738037,2.036,0.154,0.821,0.633,-0.238,0.0,0.0,0.0
26.48997974395752,1.357,0.238,0.813,0.909,-0.214,0.0,0.0,0.0
26.500335693359375,1.74,0.265,1.016,0.613,-0.204,0.0,0.001,-0.001
26.510173320770264,1.938,0.215,0.775,0.733,-0.25,0.0,0.0,0.0
26.51976180076599,1.565,0.227,0.793,0.556,-0.255,0.0,0.001,-0.001
26.53011655807495,1.806,0.167,0.989,0.561,-0.208,0.0,0.0,0.0
26.54012155532837,1.959,0.193,0.853,0.696,-0.215,0.0,0.0,0.0
26.549849033355713,1.554,0.223,0.823,0.705,-0.189,0.0,0.0,0.0
26.560377836227417,1.543,0.221,1.001,0.701,-0.167,0.002,0.001,-0.001
26.57116150856018,1.97,0.204,0.712,0.83,-0.204,0.001,0.0,0.0
26.579806089401245,1.817,0.241,0.903,0.535,-0.152,0.0,0.0,0.0
26.58995008468628,1.74,0.225,0.886,0.331,-0.148,0.0,0.0,0.0
26.60000729560852,1.751,0.198,0.827,0.756,-0.212,0.0,0.0,0.0
26.610429286956787,1.795,0.203,0.868,0.608,-0.233,0.0,0.0,0.0
26.61972999572754,1.751,0.157,0.598,0.742,-0.256,0.0,0.0,0.0
26.630635738372803,1.751,0.27,0.873,0.586,-0.228,0.002,0.0,0.0
26.639845371246338,1.762,0.213,0.714,0.781,-0.266,0.0,0.0,0.0
26.64983105659485,1.795,0.183,0.903,0.4,-0.189,0.0,0.0,0.0
26.660074949264526,1.751,0.202,0.971,0.438,-0.267,0.0,0.0,0.0
26.67080283164978,1.97,0.201,0.759,0.622,-0.3,0.001,0.0,0.0
26.67988348007202,1.762,0.257,0.856,0.738,-0.245,0.0,0.0,0.0
26.68998432159424,1.543,0.221,1.025,0.506,-0.213,0.002,0.0,0.0
26.700667142868042,1.784,0.231,0.924,0.479,-0.292,0.0,0.0,0.0
26.70996332168579,1.806,0.225,0.782,0.638,-0.232,0.0,0.0,0.0
26.71982169151306,1.751,0.225,1.043,0.393,-0.249,0.0,0.0,0.0
26.72990345954895,1.543,0.24,0.98,0.398,-0.315,0.0,0.0,0.0
26.740289211273193,1.97,0.257,1.081,0.7,-0.191,0.0,0.0,0.0
26.75008511543274,1.817,0.189,0.803,0.709,-0.261,0.001,0.0,0.0
26.759822130203247,1.762,0.244,0.795,0.76,-0.272,0.003,0.0,0.0
26.770211696624756,1.751,0.233,0.886,0.385,-0.271,0.0,0.0,0.0
26.78039526939392,1.806,0.197,0.762,0.55,-0.268,0.0,0.0,0.0
26.78976082801819,1.773,0.176,0.801,0.724,-0.296,0.001,0.0,0.0
26.80043077468872,1.762,0.202,0.886,0.395,-0.224,0.0,0.0,0.0
26.80991291999817,1.938,0.205,0.775,0.614,-0.284,0.0,0.0,0.0
26.819822549819946,1.609,0.187,1.183,0.472,-0.199,0.0,0.0,0.0
26.829810857772827,1.762,0.208,1.12,0.638,-0.219,0.0,0.0,0.0
26.84069800376892,1.762,0.214,1.06,0.563,-0.186,0.0,0.0,0.0
26.849822521209717,1.751,0.18,0.894,0.679,-0.257,0.0,0.0,0.0
26.860012769699097,1.598,0.208,1.083,0.335,-0.226,0.005,0.0,0.0
26.87125301361084,1.751,0.187,1.029,0.614,-0.202,0.0,-0.002,-0.002
26.87994909286499,1.74,0.241,0.893,0.283,-0.211,0.0,0.0,0.0
26.889965534210205,1.718,0.202,1.009,0.758,-0.283,0.003,0.0,0.0
26.900768518447876,2.036,0.216,0.989,0.78,-0.301,0.0,0.0,0.0
26.91085720062256,1.751,0.182,0.958,0.781,-0.296,0.0,0.0,0.0
26.920700550079346,1.543,0.228,0.861,0.324,-0.216,0.0,0.0,0.0
26.93092656135559,1.795,0.257,0.884,0.237,-0.299,0.0,0.0,0.0
26.94103741645813,1.959,0.255,0.97,0.336,-0.277,0.0,0.0,0.0
26.949965476989746,1.762,0.235,0.797,0.504,-0.252,0.0,0.0,0.0
26.959798336029053,1.828,0.2,0.999,0.676,-0.147,0.0,0.001,-0.001
26.97047257423401,1.543,0.217,0.924,0.383,-0.284,0.0,0.0,0.0
26.97985315322876,1.762,0.194,0.765,0.811,-0.3,0.0,0.0,0.0
26.989959001541138,2.025,0.191,0.963,0.508,-0.193,0.0,0.0,0.0
27.000049352645874,1.554,0.231,1.105,0.35,-0.157,0.0,0.0,0.0
27.010666847229004,1.74,0.247,0.913,0.778,-0.277,0.0,0.0,0.0
27.019809007644653,1.97,0.188,0.752,0.607,-0.259,0.0,0.0,0.0
27.029900789260864,1.773,0.19,1.028,0.345,-0.308,0.0,0.0,0.0
27.04005217552185,1.543,0.2,0.902,0.448,-0.366,0.001,0.0,0.0
27.04994487762451,1.718,0.211,1.007,0.655,-0.288,0.0,0.0,0.0
27.059842109680176,2.003,0.201,0.925,0.608,-0.341,0.0,0.0,0.0
27.070247888565063,1.543,0.225,0.913,0.6,-0.288,0.0,0.0,0.0
27.080662965774536,2.014,0.209,0.743,0.662,-0.387,0.0,0.0,0.0
27.089995861053467,1.762,0.168,0.788,0.764,-0.381,0.0,0.001,-0.001
27.099968194961548,1.938,0.193,0.879,0.474,-0.287,0.001,0.0,0.0
27.110248804092407,1.784,0.183,0.689,0.484,-0.221,0.0,0.0,0.0
27.119773864746094,1.773,0.173,0.791,0.915,-0.3,0.0,0.0,0.0
27.12980818748474,2.047,0.176,0.822,0.344,-0.295,0.0,0.0,0.0
27.13978099822998,1.806,0.245,0.88,0.361,-0.293,0.0,0.0,0.0
27.15049910545349,1.718,0.201,0.883,0.365,-0.279,0.0,0.0,0.0
27.159708976745605,2.036,0.157,0.731,0.738,-0.37,0.0,0.0,0.0
27.17059087753296,1.598,0.189,0.839,0.491,-0.236,0.001,0.0,0.0
27.179893255233765,1.992,0.178,0.742,0.922,-0.368,0.0,0.0,0.0
27.18984603881836,1.817,0.224,0.788,0.511,-0.315,0.0,0.0,0.0
27.199813842773438,1.62,0.217,0.926,0.43,-0.258,0.0,0.0,0.0
27.210049152374268,2.025,0.22,0.875,0.513,-0.285,0.0,0.0,0.0
27.220871448516846,1.62,0.197,0.899,0.519,-0.277,0.0,0.0,0.0
27.2298743724823,1.806,0.205,0.773,0.796,-0.336,0.0,0.0,0.0
27.240333318710327,2.025,0.218,0.94,0.572,-0.305,0.006,0.0,0.0
27.250479221343994,1.598,0.2,0.829,0.72,-0.391,0.002,0.0,0.0
27.259990692138672,1.817,0.15,0.731,0.706,-0.358,0.0,0.001,-0.001
27.269891500473022,1.883,0.196,0.856,0.522,-0.378,0.0,0.0,0.0
27.28083610534668,2.025,0.224,0.922,0.49,-0.3,0.002,0.0,0.0
27.28982901573181,2.036,0.22,0.859,0.8,-0.367,0.0,0.0,0.0
27.300243616104126,1.642,0.176,1.041,0.479,-0.348,0.0,0.0,0.0
27.309937715530396,2.014,0.216,0.837,0.782,-0.384,0.0,0.0,0.0
27.320271015167236,2.069,0.217,0.861,0.789,-0.379,0.0,0.0,0.0
27.329871654510498,1.631,0.217,0.826,0.794,-0.367,0.0,0.0,0.0
27.33975052833557,1.872,0.2,0.999,0.47,-0.287,0.001,0.0,0.0
27.35029149055481,1.861,0.228,1.071,0.357,-0.308,0.0,0.0,0.0
27.35981321334839,1.631,0.178,0.905,0.734,-0.379,0.0,0.0,0.0
27.369829654693604,2.102,0.202,1.001,0.432,-0.342,0.0,0.0,0.0
27.379995346069336,1.631,0.223,0.941,0.459,-0.293,0.0,0.0,0.0
27.3902370929718,1.839,0.208,0.937,0.583,-0.403,0.0,0.0,0.0
27.400012969970703,1.609,0.181,0.837,0.679,-0.443,0.0,0.0,0.0
27.41077995300293,1.828,0.217,0.809,0.58,-0.354,0.0,0.0,0.0
27.420836448669434,1.653,0.264,0.923,0.713,-0.424,0.0,0.0,0.0
27.43069624900818,1.806,0.233,0.868,0.882,-0.414,0.0,0.0,0.0
27.440537214279175,1.587,0.247,0.872,0.636,-0.403,0.002,0.0,0.0
27.449849128723145,1.62,0.21,0.878,0.787,-0.432,0.0,0.0,0.0
27.45995283126831,1.784,0.237,1.034,0.486,-0.399,0.0,0.0,0.0
27.469888925552368,1.784,0.202,0.894,0.837,-0.399,0.0,0.0,0.0
27.48024821281433,1.631,0.252,0.877,0.673,-0.385,0.0,0.0,0.0
27.48985481262207,1.784,0.231,0.817,0.845,-0.393,0.0,0.0,0.0
27.499936819076538,1.97,0.257,0.974,0.645,-0.365,0.001,0.0,0.0
27.510223388671875,1.576,0.234,1.03,0.33,-0.402,0.0,0.0,0.0
27.519715070724487,1.554,0.238,0.904,0.608,-0.416,0.0,0.0,0.0
27.53077220916748,2.003,0.228,1.029,0.268,-0.374,0.0,0.0,0.0
27.53977680206299,1.554,0.218,0.789,0.772,-0.459,0.0,0.002,-0.002
27.550106048583984,1.532,0.221,0.908,0.491,-0.38,0.002,0.0,0.0
27.560108184814453,1.795,0.196,0.827,0.555,-0.468,0.0,0.0,0.0
27.57049536705017,1.959,0.193,0.917,0.72,-0.46,0.0,0.0,0.0
27.580702304840088,1.521,0.21,0.807,0.769,-0.433,0.0,0.0,0.0
27.5907461643219,1.795,0.158,0.724,0.868,-0.449,0.0,0.0,0.0
27.600714683532715,1.521,0.204,0.742,0.714,-0.394,0.0,0.0,0.0
27.609997034072876,1.97,0.177,0.792,0.706,-0.492,0.0,0.0,0.0
27.61972212791443,1.74,0.203,0.639,0.26,-0.43,0.002,0.0,0.0
27.630096912384033,1.532,0.198,1.101,0.297,-0.347,0.0,0.0,0.0
27.639965534210205,1.718,0.19,0.722,0.629,-0.357,0.0,0.0,0.0
27.64984369277954,2.003,0.205,0.995,0.732,-0.449,0.0,0.0,0.0
27.659903287887573,1.97,0.211,0.892,0.263,-0.378,0.0,0.0,0.0
27.670048713684082,1.729,0.216,0.859,0.478,-0.38,0.0,0.0,0.0
27.680103302001953,1.74,0.222,0.787,0.712,-0.423,0.0,0.0,0.0
27.68986439704895,1.97,0.199,0.847,0.507,-0.431,0.0,0.001,-0.001
27.700187921524048,1.992,0.235,0.819,0.338,-0.381,0.004,0.001,-0.001
27.710143327713013,1.773,0.205,0.765,0.736,-0.463,0.0,0.0,0.0
27.719759225845337,2.025,0.223,0.715,0.483,-0.42,0.0,0.0,0.0
27.7299165725708,1.773,0.228,0.873,0.553,-0.384,0.0,0.0,0.0
27.74042820930481,1.817,0.199,0.979,0.635,-0.473,0.0,0.0,0.0
27.74985361099243,1.576,0.252,0.783,0.718,-0.472,0.0,0.0,0.0
27.75984239578247,1.806,0.25,0.974,0.546,-0.445,0.0,0.0,0.0
27.770628452301025,1.97,0.229,0.882,0.648,-0.509,0.0,0.0,0.0
27.780170440673828,1.773,0.24,0.844,0.85,-0.478,0.0,0.0,0.0
27.790135145187378,1.62,0.252,0.898,0.717,-0.559,0.0,0.0,0.0
27.800364017486572,1.773,0.242,0.793,0.668,-0.448,0.003,0.0,0.0
27.80988597869873,1.565,0.224,0.769,0.638,-0.523,0.0,0.0,0.0
27.819777011871338,1.773,0.223,1.039,0.482,-0.524,0.0,0.0,0.0
27.829782962799072,1.543,0.25,0.845,0.769,-0.453,0.0,0.0,0.0
27.840561866760254,1.773,0.216,0.911,0.672,-0.479,0.0,0.0,0.0
27.85002112388611,1.751,0.177,0.83,0.665,-0.499,0.0,0.0,0.0
27.86003828048706,1.784,0.211,0.833,0.565,-0.506,0.001,0.0,0.0
27.87021803855896,1.74,0.216,0.884,0.754,-0.527,0.002,0.0,0.0
27.881032705307007,1.773,0.198,0.773,0.696,-0.481,0.0,0.0,0.0
27.890106678009033,1.751,0.219,0.905,0.757,-0.411,0.0,0.0,0.0
27.900774002075195,1.948,0.171,0.861,0.769,-0.447,0.0,0.0,0.0
27.91068172454834,1.74,0.126,0.802,0.626,-0.421,0.001,0.0,0.0
27.920782804489136,1.751,0.182,0.853,0.579,-0.477,0.001,0.0,0.0
27.92983388900757,1.532,0.173,0.764,0.839,-0.385,0.0,0.0,0.0
27.94012427330017,1.751,0.167,0.95,0.459,-0.391,0.001,0.0,0.0
27.95040512084961,1.992,0.162,1.0,0.755,-0.475,0.0,0.0,0.0
27.95987820625305,1.729,0.163,0.878,0.672,-0.451,0.0,0.0,0.0
27.97039484977722,1.773,0.156,0.889,0.591,-0.424,0.0,0.0,0.0
27.981257915496826,1.751,0.145,0.802,0.789,-0.498,0.0,0.001,-0.001
27.989882707595825,1.576,0.179,0.993,0.418,-0.415,0.0,0.0,0.0
28.000071048736572,1.751,0.184,0.984,0.5,-0.37,0.0,0.0,0.0
28.009852647781372,1.74,0.184,0.969,0.637,-0.453,0.0,0.0,0.0
28.020699739456177,1.729,0.19,1.049,0.427,-0.45,0.0,0.0,0.0
28.03036403656006,1.543,0.176,0.81,0.711,-0.479,0.001,0.0,0.0
28.039868593215942,1.729,0.201,0.823,0.691,-0.494,0.0,0.0,0.0
28.050679206848145,1.729,0.203,1.017,0.292,-0.449,0.0,0.0,0.0
28.060627937316895,1.718,0.23,0.921,0.681,-0.491,0.0,0.001,-0.001
28.07016348838806,1.707,0.192,0.902,0.672,-0.476,0.0,0.001,-0.001
28.080432653427124,1.477,0.239,0.726,0.73,-0.475,0.0,0.0,0.0
28.090033054351807,1.905,0.208,0.815,0.817,-0.45,0.001,0.0,0.0
28.0998215675354,1.521,0.252,0.854,0.575,-0.458,0.0,0.0,0.0
28.110241174697876,1.707,0.236,0.91,0.544,-0.446,0.0,0.0,0.0
28.120750665664673,1.959,0.238,0.886,0.637,-0.507,0.0,0.0,0.0
28.129894256591797,1.51,0.248,0.687,0.72,-0.484,0.0,0.0,0.0
28.13974404335022,1.916,0.24,0.855,0.54,-0.414,0.0,0.0,0.0
28.150120496749878,1.729,0.212,0.963,0.326,-0.468,0.0,0.0,0.0
28.159911155700684,1.729,0.191,0.789,0.531,-0.451,0.0,0.0,0.0
28.16985535621643,1.927,0.196,0.942,0.506,-0.461,0.0,0.0,0.0
28.180761098861694,1.718,0.197,0.874,0.56,-0.456,0.0,0.0,0.0
28.1909441947937,1.927,0.212,0.786,0.767,-0.52,0.0,0.0,0.0
28.20072627067566,1.74,0.207,0.783,0.68,-0.409,0.0,0.0,0.0
28.210479021072388,1.74,0.201,0.734,0.869,-0.391,0.002,0.0,0.0
28.22047209739685,1.97,0.192,0.757,0.607,-0.509,0.0,0.0,0.0
28.230098009109497,1.762,0.152,0.683,0.84,-0.49,0.0,0.0,0.0
28.23977565765381,1.97,0.161,0.752,0.727,-0.479,0.0,0.0,0.0
28.24983835220337,1.576,0.185,0.89,0.266,-0.432,0.0,0.0,0.0
28.25992465019226,1.959,0.158,0.918,0.418,-0.432,0.0,0.0,0.0
28.269856214523315,1.981,0.147,0.976,0.275,-0.465,0.0,0.0,0.0
28.280173778533936,1.598,0.152,0.687,0.324,-0.483,0.0,0.0,0.0
28.28993272781372,1.992,0.141,0.83,0.692,-0.537,0.0,0.001,-0.001
28.300636529922485,1.565,0.171,0.816,0.441,-0.469,0.001,0.0,0.0
28.30985426902771,1.959,0.174,0.733,0.832,-0.491,0.0,0.0,0.0
28.320626735687256,1.576,0.165,0.665,0.33,-0.43,0.0,0.0,0.0
28.329987049102783,2.003,0.175,0.722,0.771,-0.475,0.0,0.0,0.0
28.33976411819458,1.565,0.182,0.633,0.514,-0.406,0.0,0.0,0.0
28.34999942779541,1.773,0.197,0.888,0.452,-0.387,0.0,0.0,0.0
28.35996103286743,1.751,0.202,0.82,0.586,-0.477,0.0,0.0,0.0
28.37041425704956,1.773,0.2,0.868,0.503,-0.481,0.0,0.0,0.0
28.380001544952393,1.543,0.199,0.701,0.805,-0.544,0.0,0.0,0.0
28.38994336128235,1.762,0.231,0.814,0.522,-0.454,0.0,0.0,0.0
28.400056838989258,1.806,0.206,0.775,0.834,-0.52,0.0,0.0,0.0
28.410341024398804,1.751,0.202,0.826,0.64,-0.476,0.001,0.0,0.0
28.419845581054688,1.543,0.207,0.704,0.62,-0.499,0.0,0.0,0.0
28.43026876449585,1.477,0.204,0.96,0.302,-0.418,0.0,0.0,0.0
28.439788341522217,1.938,0.177,0.75,0.645,-0.536,0.0,0.0,0.0
28.450241565704346,1.74,0.17,0.782,0.539,-0.452,0.0,0.0,0.0
28.46061420440674,1.554,0.18,0.862,0.653,-0.512,0.0,0.0,0.0
28.470632791519165,1.948,0.185,0.891,0.639,-0.505,0.0,0.0,0.0
28.479994535446167,1.97,0.167,0.73,0.791,-0.486,0.0,0.0,0.0
28.490190029144287,1.773,0.167,0.728,0.558,-0.471,0.0,0.0,0.0
28.49990940093994,1.751,0.167,0.9,0.695,-0.532,0.0,0.0,0.0
28.510135650634766,1.959,0.153,0.809,0.585,-0.492,0.0,0.0,0.0
28.520118713378906,1.784,0.141,0.786,0.576,-0.462,0.0,0.0,0.0
28.530672788619995,1.773,0.126,0.796,0.673,-0.464,0.004,0.0,0.0
28.53984522819519,1.729,0.126,0.873,0.665,-0.443,0.0,0.0,0.0
28.550168991088867,1.992,0.138,0.984,0.325,-0.373,0.0,0.0,0.0
28.56031560897827,1.773,0.154,0.765,0.811,-0.476,0.0,0.0,0.0
28.570101976394653,1.806,0.144,0.944,0.673,-0.472,0.0,0.0,0.0
28.57987403869629,1.532,0.159,0.907,0.737,-0.495,0.0,0.0,0.0
28.589995861053467,1.784,0.171,0.977,0.44,-0.446,0.0,0.0,0.0
28.60081934928894,2.211,0.174,0.851,0.306,-0.515,0.0,0.0,0.0
28.610307455062866,1.839,0.184,0.873,0.711,-0.51,0.0,0.0,0.0
28.620712757110596,1.598,0.19,0.879,0.613,-0.489,0.0,0.0,0.0
28.630857706069946,1.784,0.197,0.867,0.889,-0.508,0.0,0.0,0.0
28.640699863433838,1.806,0.198,0.867,0.703,-0.441,0.0,0.001,-0.001
28.64986753463745,1.565,0.18,0.776,0.585,-0.513,0.0,0.0,0.0
28.661133289337158,1.762,0.195,1.03,0.486,-0.477,0.0,0.0,0.0
28.670542001724243,1.773,0.2,0.866,0.401,-0.435,0.0,0.0,0.0
28.679868698120117,1.335,0.161,0.848,0.817,-0.53,0.0,0.0,0.0
28.690069675445557,1.751,0.186,0.927,0.507,-0.473,0.0,0.0,0.0
28.70015001296997,1.74,0.167,0.827,0.733,-0.526,0.0,0.0,0.0
28.709857940673828,1.959,0.158,0.773,0.709,-0.53,0.0,0.001,-0.001
28.719733715057373,1.532,0.16,0.886,0.446,-0.517,0.0,0.0,0.0
28.730063438415527,1.74,0.154,0.983,0.526,-0.529,0.0,0.001,-0.001
28.7402822971344,1.729,0.156,0.984,0.878,-0.508,0.0,0.0,0.0
28.750649213790894,1.302,0.153,0.808,0.81,-0.587,0.0,0.0,0.0
28.760076999664307,1.718,0.148,0.735,0.726,-0.524,0.0,0.0,0.0
28.770672082901,1.729,0.18,0.896,0.348,-0.526,0.0,0.0,0.0
28.779932260513306,1.751,0.147,0.777,0.708,-0.536,0.0,0.0,0.0
28.789971828460693,1.696,0.149,0.824,0.262,-0.5,0.0,0.0,0.0
28.800843477249146,1.488,0.154,0.754,0.73,-0.52,0.0,0.0,0.0
28.81073546409607,1.696,0.139,0.749,0.673,-0.502,0.0,0.0,0.0
28.82060718536377,1.729,0.136,0.747,0.737,-0.48,0.0,0.0,0.0
28.83076000213623,1.707,0.153,0.69,0.77,-0.5,0.0,0.0,0.0
28.83990168571472,1.707,0.175,0.803,0.776,-0.511,0.001,0.0,0.0
28.84970188140869,1.696,0.166,0.944,0.394,-0.504,0.0,0.0,0.0
28.86040759086609,1.718,0.189,0.934,0.371,-0.498,0.001,0.0,0.0
28.87058448791504,1.477,0.157,0.711,0.803,-0.565,0.0,0.0,0.0
28.879974603652954,1.894,0.175,0.81,0.76,-0.564,0.0,0.0,0.0
28.8897705078125,1.696,0.202,0.805,0.369,-0.578,0.0,0.0,0.0
28.900901794433594,1.905,0.194,0.764,0.399,-0.468,0.0,0.0,0.0
28.910756826400757,1.707,0.203,0.766,0.569,-0.463,0.0,0.0,0.0
28.92062497138977,1.707,0.203,0.81,0.749,-0.524,0.0,0.0,0.0
28.93070077896118,1.927,0.19,0.698,0.686,-0.6,0.0,0.0,0.0
28.940189838409424,1.916,0.206,0.687,0.632,-0.565,0.0,0.001,-0.001
28.94981026649475,1.948,0.201,0.726,0.777,-0.585,0.0,0.0,0.0
28.960139751434326,1.74,0.196,0.858,0.363,-0.543,0.0,0.0,0.0
28.970450162887573,1.97,0.186,0.818,0.591,-0.573,0.0,0.0,0.0
28.980069160461426,1.981,0.189,0.712,0.624,-0.582,0.0,0.0,0.0
28.98993968963623,1.784,0.179,0.716,0.7,-0.526,0.0,0.0,0.0
28.99989604949951,2.003,0.191,0.867,0.386,-0.487,0.0,0.0,0.0
29.010048151016235,1.795,0.18,0.805,0.563,-0.517,0.0,0.0,0.0
29.019745588302612,2.003,0.166,0.703,0.546,-0.452,0.0,0.0,0.0
29.029834747314453,1.806,0.131,0.817,0.42,-0.508,0.0,0.0,0.0
29.041260242462158,2.014,0.123,0.874,0.465,-0.555,0.0,0.0,0.0
29.049821376800537,1.828,0.113,0.873,0.385,-0.459,0.0,0.001,-0.001
29.060944318771362,2.014,0.111,0.799,0.468,-0.406,0.0,0.0,0.0
29.07050347328186,1.631,0.126,0.783,0.641,-0.532,0.0,0.0,0.0
29.080955743789673,2.047,0.103,0.846,0.552,-0.535,0.0,0.001,-0.001
29.09090280532837,1.631,0.121,0.773,0.566,-0.476,0.0,0.0,0.0
29.100697994232178,1.806,0.111,0.798,0.504,-0.464,0.0,0.0,0.0
29.110334634780884,2.047,0.163,0.817,0.527,-0.508,0.0,0.0,0.0
29.119760751724243,1.839,0.134,0.74,0.645,-0.555,0.0,0.0,0.0
29.1300368309021,1.642,0.123,0.766,0.47,-0.508,0.0,0.0,0.0
29.13982582092285,2.047,0.164,0.777,0.599,-0.564,0.008,0.0,0.0
29.150264263153076,1.85,0.129,0.889,0.355,-0.555,0.0,0.0,0.0
29.16002082824707,1.85,0.166,0.767,0.629,-0.641,0.0,0.0,0.0
29.17035937309265,1.839,0.131,0.822,0.544,-0.553,0.0,0.0,0.0
29.17995572090149,2.069,0.182,0.769,0.757,-0.659,0.0,0.0,0.0
29.19000482559204,1.861,0.144,0.796,0.698,-0.63,0.0,0.0,0.0
29.200053453445435,1.861,0.165,0.783,0.635,-0.655,0.0,0.0,0.0
29.209988832473755,2.102,0.174,0.856,0.67,-0.611,0.0,0.0,0.0
29.220250368118286,1.894,0.168,0.829,0.504,-0.549,0.001,0.0,0.0
29.22999906539917,1.894,0.172,0.841,0.678,-0.535,0.0,0.0,0.0
29.23990797996521,2.113,0.184,0.879,0.594,-0.571,0.0,0.0,0.0
29.24987769126892,1.916,0.188,0.822,0.497,-0.641,0.0,0.0,0.0
29.25975513458252,1.905,0.171,0.887,0.473,-0.592,0.0,0.0,0.0
29.270689487457275,2.146,0.179,0.89,0.412,-0.552,0.0,0.0,0.0
29.279968976974487,1.927,0.185,0.945,0.705,-0.603,0.0,0.0,0.0
29.289782524108887,1.916,0.175,0.79,0.665,-0.488,0.0,0.0,0.0
29.300514459609985,2.168,0.186,0.986,0.419,-0.51,0.0,0.0,0.0
29.31011438369751,1.959,0.156,0.885,0.594,-0.602,0.0,0.0,0.0
29.319857120513916,1.959,0.166,0.878,0.529,-0.535,0.0,0.0,0.0
29.329719066619873,2.179,0.151,0.977,0.494,-0.494,0.0,0.0,0.0
29.33984375,1.981,0.155,1.001,0.491,-0.495,0.0,0.0,0.0
29.35051965713501,1.97,0.146,0.884,0.378,-0.505,0.0,0.0,0.0
29.35977268218994,1.992,0.159,0.807,0.502,-0.584,0.0,0.0,0.0
29.370449781417847,2.003,0.178,0.974,0.311,-0.536,0.0,0.0,0.0
29.379744291305542,1.981,0.11,0.872,0.642,-0.633,0.001,0.0,0.0
29.390789270401,1.992,0.151,0.993,0.443,-0.539,0.0,0.0,0.0
29.39999032020569,2.003,0.155,0.849,0.543,-0.516,0.0,0.0,0.0
29.409844636917114,1.992,0.128,0.955,0.381,-0.587,0.0,0.0,0.0
29.419926404953003,2.014,0.15,0.945,0.424,-0.572,0.0,0.0,0.0
29.429816961288452,2.003,0.137,0.923,0.537,-0.546,0.0,0.0,0.0
29.439880847930908,2.003,0.137,0.885,0.532,-0.511,0.0,0.0,0.0
29.44986128807068,1.992,0.124,0.961,0.432,-0.579,0.0,0.0,0.0
29.461217641830444,2.014,0.109,0.869,0.458,-0.567,0.0,0.0,0.0
29.470566034317017,2.036,0.128,0.986,0.429,-0.509,0.0,0.0,0.0
29.48069739341736,2.036,0.124,0.817,0.585,-0.583,0.0,0.0,0.0
29.490867137908936,2.036,0.083,0.748,0.589,-0.595,0.0,0.0,0.0
29.500731229782104,2.025,0.101,0.797,0.481,-0.513,0.0,0.0,0.0
29.510042667388916,2.047,0.079,0.848,0.499,-0.495,0.0,0.0,0.0
29.519823789596558,1.806,0.07,0.87,0.423,-0.576,0.0,0.0,0.0
29.53006887435913,2.047,0.052,0.839,0.305,-0.484,0.0,0.0,0.0
29.540602684020996,2.025,0.048,0.89,0.442,-0.528,0.0,0.0,0.0
29.54976487159729,2.025,0.047,0.773,0.503,-0.562,0.0,0.0,0.0
29.559866428375244,2.036,-0.02,0.858,0.368,-0.51,0.0,0.0,0.0
29.569872856140137,2.047,-0.033,0.794,0.486,-0.524,0.0,0.0,0.0
29.579927682876587,1.817,0.029,0.826,0.42,-0.5,0.0,0.0,0.0
29.58993887901306,2.047,-0.01,0.835,0.415,-0.572,0.0,0.0,0.0
29.599884748458862,2.025,-0.095,0.851,0.494,-0.561,0.0,0.0,0.0
29.61007070541382,2.014,-0.024,0.836,0.461,-0.485,0.0,0.0,0.0
29.619725704193115,1.828,-0.048,0.83,0.502,-0.541,0.0,0.0,0.0
29.630027294158936,2.025,-0.174,0.876,0.395,-0.523,0.0,0.0,0.0
29.64048981666565,2.025,-0.071,0.916,0.392,-0.532,0.0,0.0,0.0
29.64991331100464,1.806,-0.208,0.833,0.468,-0.573,0.0,0.0,0.0
29.66070866584778,2.025,-0.128,0.9,0.386,-0.569,0.0,0.0,0.0
29.67076563835144,2.036,-0.127,0.857,0.477,-0.561,0.0,0.0,0.0
29.67983889579773,1.806,-0.128,0.892,0.474,-0.532,0.0,0.0,0.0
29.690141201019287,2.014,-0.149,0.892,0.366,-0.501,0.0,0.0,0.0
29.70034122467041,2.014,-0.089,0.836,0.436,-0.531,0.0,0.0,0.0
29.710744380950928,1.795,-0.07,0.829,0.435,-0.546,0.0,0.0,0.0
29.719969511032104,1.992,-0.075,0.818,0.41,-0.58,0.0,0.0,0.0
29.730224609375,1.795,-0.163,0.821,0.364,-0.524,0.0,0.0,0.0
29.740805864334106,2.003,-0.172,0.811,0.36,-0.55,0.0,0.0,0.0
29.750630140304565,1.981,-0.07,0.804,0.35,-0.509,0.0,0.0,0.0
29.759805917739868,1.773,-0.134,0.802,0.341,-0.539,0.0,0.0,0.0
29.770159244537354,1.981,-0.165,0.809,0.337,-0.501,0.0,0.0,0.0
29.780060052871704,1.762,-0.147,0.815,0.34,-0.539,0.0,0.0,0.0
29.790163040161133,1.97,-0.124,0.824,0.33,-0.553,0.0,0.0,0.0
29.800477027893066,1.773,-0.151,0.83,0.317,-0.569,0.0,0.0,0.0
29.810446977615356,1.97,-0.108,0.856,0.347,-0.543,0.0,0.0,0.0
29.8200044631958,1.74,-0.17,0.843,0.308,-0.569,0.0,0.0,0.0
29.829956769943237,1.74,-0.197,0.851,0.317,-0.496,0.0,0.0,0.0
29.840717315673828,1.927,-0.15,0.861,0.31,-0.531,0.0,0.0,0.0
29.84988832473755,1.707,-0.176,0.85,0.317,-0.561,0.0,0.0,0.0
29.859808683395386,1.938,-0.196,0.876,0.288,-0.511,0.0,0.0,0.0
29.87081789970398,1.696,-0.215,0.872,0.283,-0.518,0.0,0.0,0.0
29.8798828125,1.675,-0.266,0.88,0.269,-0.488,0.0,0.0,0.0
29.890122890472412,1.872,-0.189,0.902,0.264,-0.554,0.0,0.0,0.0
29.899894952774048,1.675,-0.187,0.906,0.234,-0.528,0.0,0.0,0.0
29.910617113113403,1.664,-0.2,0.907,0.239,-0.498,0.0,0.0,0.0
29.919896364212036,1.861,-0.124,0.943,0.209,-0.541,0.0,0.0,0.0
29.92981505393982,1.642,-0.14,0.961,0.187,-0.48,-0.001,0.0,0.0
29.940458297729492,1.62,-0.16,0.987,0.196,-0.511,-0.001,0.0,0.0
29.950566053390503,1.817,-0.111,1.018,0.134,-0.559,0.0,0.0,0.0
29.960423707962036,1.598,-0.267,1.053,0.093,-0.563,0.0,0.0,0.0
29.970016717910767,1.598,-0.169,1.089,0.076,-0.561,0.0,0.0,0.0
29.980411529541016,1.795,-0.183,1.121,0.068,-0.521,0.0,0.0,0.0
29.9900221824646,1.565,-0.064,1.174,0.014,-0.55,0.0,0.0,0.0
29.999900102615356,1.554,-0.117,1.227,0.021,-0.551,0.0,0.0,0.0
30.00993013381958,1.751,-0.234,1.175,0.068,-0.534,0.0,0.0,0.0
30.01989197731018,1.554,-0.198,1.194,0.006,-0.522,0.0,0.0,0.0
30.03015685081482,1.532,-0.089,1.25,0.076,-0.479,0.0,0.0,0.0
30.039737939834595,1.499,-0.203,1.328,-0.012,-0.504,0.0,0.0,0.0
30.050199508666992,1.707,-0.165,1.259,0.001,-0.52,0.0,0.0,0.0
30.059947729110718,1.477,-0.274,1.324,-0.075,-0.543,0.0,0.0,0.0
30.069939851760864,1.466,-0.17,1.314,0.002,-0.519,0.0,0.0,0.0
30.080318689346313,1.642,-0.194,1.316,-0.008,-0.521,0.0,0.0,0.0
30.09035301208496,1.444,-0.179,1.352,-0.086,-0.518,0.0,0.0,0.0
30.099881172180176,1.412,-0.167,1.384,-0.062,-0.536,0.0,0.0,0.0
30.11057448387146,1.401,-0.235,1.357,-0.037,-0.512,0.0,0.0,0.0
30.11990714073181,1.598,-0.066,1.387,-0.07,-0.538,0.0,-0.001,0.001
30.129913568496704,1.39,-0.143,1.316,0.001,-0.492,0.0,0.0,0.0
30.139743328094482,1.368,-0.258,1.306,-0.018,-0.501,0.0,0.0,0.0
30.150367736816406,1.335,-0.246,1.334,0.009,-0.479,0.0,0.0,0.0
30.159985542297363,1.313,-0.232,1.459,-0.106,-0.495,0.0,0.0,0.0
30.169866800308228,1.521,-0.164,1.418,0.036,-0.473,0.0,0.0,0.0
30.18152689933777,1.291,-0.203,1.458,-0.023,-0.495,0.0,0.0,0.0
30.189943075180054,1.269,-0.282,1.354,-0.025,-0.474,0.0,0.0,0.0
30.200764656066895,1.247,-0.181,1.421,-0.144,-0.515,0.0,0.0,0.0
30.210667848587036,1.236,-0.148,1.334,-0.164,-0.518,0.0,0.0,0.0
30.220787286758423,1.192,-0.131,1.46,-0.111,-0.521,0.0,0.0,0.0
30.23069667816162,1.181,-0.32,1.468,-0.136,-0.521,0.0,0.0,0.0
30.23998522758484,1.149,-0.17,1.414,-0.085,-0.518,0.0,0.0,0.0
30.25041890144348,1.138,-0.234,1.427,0.049,-0.518,0.0,0.0,0.0
30.26000452041626,1.116,-0.143,1.394,-0.138,-0.527,0.0,0.0,0.0
30.269795894622803,1.105,-0.204,1.459,-0.053,-0.499,0.0,0.0,0.0
30.280343294143677,1.083,-0.244,1.409,0.012,-0.48,0.0,0.0,0.0
30.289949893951416,1.039,-0.078,1.403,-0.141,-0.497,0.0,0.0,0.0
30.2998366355896,1.039,-0.139,1.371,-0.07,-0.507,0.0,0.0,0.0
30.309820890426636,0.995,-0.189,1.371,0.057,-0.5,0.0,0.0,0.0
30.320953845977783,0.973,-0.238,1.527,-0.22,-0.522,0.0,0.0,0.0
30.329986810684204,0.962,-0.398,1.513,-0.116,-0.517,-0.001,0.0,0.0
30.33974528312683,0.929,-0.242,1.471,-0.098,-0.497,0.0,0.0,0.0
30.351022720336914,0.886,-0.348,1.486,-0.014,-0.517,0.0,0.0,0.0
30.35986828804016,0.875,-0.392,1.495,0.033,-0.513,0.0,0.0,0.0
30.369951009750366,0.853,-0.289,1.488,-0.056,-0.511,0.0,0.0,0.0
30.380219221115112,0.831,-0.302,1.473,-0.136,-0.545,0.0,0.0,0.0
30.390722274780273,0.568,-0.307,1.589,-0.129,-0.554,0.0,0.0,0.0
30.39989924430847,0.765,-0.467,1.6,-0.156,-0.534,0.0,0.0,0.0
30.410134315490723,0.732,-0.217,1.466,-0.081,-0.511,0.0,0.0,0.0
30.420693159103394,0.699,-0.341,1.546,-0.08,-0.52,0.0,0.0,0.0
30.429937601089478,0.677,-0.31,1.679,-0.287,-0.544,0.0,0.0,0.0
30.439805269241333,0.667,-0.25,1.616,-0.207,-0.546,0.0,0.0,0.0
30.450765371322632,0.404,-0.306,1.406,-0.059,-0.495,0.0,0.0,0.0
30.459954738616943,0.568,-0.144,1.576,-0.278,-0.479,0.0,0.0,0.0
30.469781160354614,0.546,-0.261,1.478,0.004,-0.54,0.0,0.0,0.0
30.48102617263794,0.524,-0.233,1.348,-0.065,-0.517,0.0,0.0,0.0
30.490939617156982,0.272,-0.363,1.508,-0.137,-0.534,0.0,0.0,0.0
30.500673294067383,0.447,-0.223,1.433,0.072,-0.515,0.0,0.0,0.0
30.51033306121826,0.414,-0.322,1.493,-0.15,-0.527,0.0,0.0,0.0
30.520210027694702,0.195,-0.23,1.482,-0.267,-0.55,0.0,0.0,0.0
30.529898643493652,0.557,-0.301,1.508,-0.187,-0.537,0.0,0.0,0.0
30.53971791267395,0.316,-0.311,1.535,-0.01,-0.539,0.0,0.0,0.0
30.550276041030884,0.075,-0.265,1.478,-0.01,-0.543,0.0,0.0,0.0
30.55992603302002,0.458,-0.248,1.522,-0.279,-0.551,0.0,0.0,0.0
30.569971084594727,0.228,-0.284,1.384,-0.022,-0.547,0.0,0.0,0.0
30.579935550689697,0.206,-0.233,1.442,0.032,-0.53,0.0,0.0,0.0
30.59049963951111,0.173,-0.298,1.28,-0.164,-0.519,0.0,0.0,0.0
30.599978923797607,0.349,-0.421,1.458,-0.222,-0.517,0.0,0.0,0.0
30.610005378723145,-0.111,-0.337,1.627,-0.283,-0.532,-0.002,0.0,0.0
30.620603561401367,0.294,-0.241,1.429,0.143,-0.508,0.0,0.0,0.0
30.630747079849243,0.469,-0.212,1.477,-0.346,-0.528,0.0,0.0,0.0
30.64046597480774,0.064,-0.324,1.56,-0.174,-0.516,0.0,0.0,0.0
30.6499924659729,0.217,-0.133,1.68,-0.256,-0.531,0.0,0.0,0.0
30.66011095046997,0.009,-0.239,1.43,-0.263,-0.521,0.0,0.0,0.0
30.669955015182495,0.393,-0.24,1.536,-0.139,-0.527,0.0,0.0,0.0
30.680248975753784,0.173,-0.277,1.508,-0.184,-0.526,0.0,0.0,0.0
30.690253973007202,0.152,-0.257,1.577,-0.301,-0.525,0.0,0.0,0.0
30.700277090072632,0.349,-0.14,1.694,-0.151,-0.542,0.0,0.0,0.0
30.70977783203125,0.349,-0.347,1.622,-0.251,-0.516,0.0,0.0,0.0
30.71978187561035,0.13,-0.317,1.384,0.044,-0.512,0.0,0.0,0.0
30.730252265930176,0.327,-0.262,1.622,0.064,-0.511,0.0,0.0,0.0
30.740063190460205,0.097,-0.121,1.719,-0.307,-0.523,0.0,0.0,0.0
30.750506162643433,0.316,-0.199,1.643,-0.326,-0.531,0.0,0.0,0.0
30.75996494293213,0.075,-0.01,1.631,-0.299,-0.522,0.0,0.0,0.0
30.7700777053833,0.513,-0.252,1.438,-0.371,-0.517,0.0,0.0,0.0
30.77992606163025,0.491,-0.229,1.674,-0.11,-0.518,0.0,0.0,0.0
30.789984941482544,0.086,-0.27,1.395,0.175,-0.504,0.0,0.0,0.0
30.800751209259033,0.294,-0.285,1.427,-0.03,-0.521,0.0,0.0,0.0
30.810686111450195,0.053,-0.412,1.709,-0.333,-0.51,0.0,0.0,0.0
30.820738315582275,0.491,-0.084,1.73,-0.344,-0.5,0.0,0.0,0.0
30.83077096939087,0.272,-0.181,1.728,-0.332,-0.505,0.0,0.0,0.0
30.840692281723022,0.272,-0.26,1.785,-0.286,-0.51,0.0,0.0,0.0
30.849676609039307,0.283,-0.283,1.659,-0.307,-0.505,0.0,0.0,0.0
30.860056161880493,0.469,-0.256,1.467,-0.166,-0.5,0.0,0.0,0.0
30.86984658241272,0.053,-0.214,1.686,-0.032,-0.513,0.0,0.0,0.0
30.880651712417603,0.491,-0.308,1.527,-0.02,-0.504,0.0,0.0,0.0
30.890334606170654,0.305,-0.167,1.786,-0.271,-0.514,0.0,0.0,0.0
30.900892972946167,0.469,-0.225,1.928,-0.085,-0.478,0.0,0.0,0.0
30.910775899887085,0.305,-0.366,1.795,-0.226,-0.492,0.0,-0.001,0.001
30.920746088027954,0.524,-0.465,1.708,-0.244,-0.488,0.0,0.0,0.0
30.930811166763306,0.294,-0.491,1.747,-0.265,-0.484,0.0,0.0,0.0
30.939896821975708,0.086,-0.287,1.795,-0.292,-0.487,0.0,0.0,0.0
30.950472354888916,0.513,-0.261,1.415,-0.392,-0.471,0.0,0.0,0.0
30.960001945495605,0.316,-0.077,1.916,-0.288,-0.472,0.0,0.0,0.0
30.97115206718445,0.524,-0.19,1.455,0.019,-0.474,0.0,0.0,0.0
30.980656147003174,0.327,-0.367,1.695,-0.221,-0.461,0.0,0.0,0.0
30.99087905883789,0.141,-0.274,1.59,-0.344,-0.449,0.0,0.0,0.0
31.000940561294556,0.535,-0.378,1.606,-0.268,-0.467,0.0,0.0,0.0
31.01017999649048,0.349,-0.229,1.585,0.055,-0.461,0.0,0.0,0.0
31.02003765106201,0.173,-0.332,1.547,-0.325,-0.449,0.0,0.0,0.0
31.030200958251953,0.546,-0.234,1.433,-0.279,-0.461,0.0,0.0,0.0
31.040738582611084,0.36,-0.365,1.438,-0.217,-0.457,0.0,0.0,0.0
31.0498468875885,0.162,-0.255,1.585,-0.43,-0.453,0.0,0.0,0.0
31.060453414916992,0.568,-0.147,1.52,-0.098,-0.457,0.0,0.0,0.0
31.070820808410645,0.173,-0.226,1.781,-0.432,-0.452,0.0,0.0,0.0
31.08071732521057,0.393,-0.361,1.703,-0.318,-0.452,0.0,0.0,0.0
31.090930223464966,0.152,-0.165,1.691,-0.34,-0.441,0.0,0.0,0.0
31.10073447227478,0.371,-0.347,1.626,-0.385,-0.439,0.0,0.0,0.0
31.110240697860718,0.382,-0.43,1.569,-0.272,-0.443,0.0,0.0,0.0
31.119719982147217,0.579,-0.22,1.72,-0.449,-0.443,0.0,0.0,0.0
31.130090951919556,0.404,-0.323,1.615,0.004,-0.431,0.0,0.0,0.0
31.140129566192627,0.206,-0.32,1.508,-0.234,-0.43,0.0,0.0,0.0
31.14978313446045,0.173,-0.253,1.659,-0.422,-0.421,0.0,0.0,0.0
31.16012144088745,0.404,-0.432,1.841,0.112,-0.423,0.0,0.0,0.0
31.17097806930542,0.579,-0.322,1.736,-0.355,-0.426,0.0,0.0,0.0
31.180686473846436,0.206,-0.235,1.738,-0.023,-0.422,0.0,0.0,0.0
31.190727949142456,0.447,-0.413,1.759,-0.442,-0.411,0.0,0.0,0.0
31.20092511177063,0.195,-0.464,1.881,-0.195,-0.409,0.0,0.0,0.0
31.210719347000122,0.414,-0.279,1.767,-0.117,-0.41,0.0,0.0,0.0
31.21976065635681,0.414,-0.389,1.836,-0.168,-0.396,0.0,0.0,0.0
31.229974508285522,0.217,-0.3,1.372,0.066,-0.402,0.0,0.0,0.0
31.240731954574585,0.436,-0.298,1.454,-0.041,-0.393,0.0,0.0,0.0
31.249730348587036,0.239,-0.301,1.777,-0.198,-0.384,-0.001,0.0,0.0
31.260536432266235,0.634,-0.353,1.583,0.161,-0.38,0.0,0.0,0.0
31.270031929016113,0.469,-0.099,1.806,-0.202,-0.363,0.0,0.0,0.0
31.28014039993286,0.25,-0.301,1.664,-0.29,-0.348,0.0,0.0,0.0
31.290867567062378,0.239,-0.296,1.566,-0.252,-0.348,0.0,0.0,0.0
31.2998263835907,0.469,-0.183,1.7,-0.209,-0.335,0.0,0.0,0.0
31.30991840362549,0.447,-0.318,1.504,0.06,-0.33,0.0,0.0,0.0
31.319855213165283,0.272,-0.35,1.284,-0.149,-0.327,0.0,0.0,0.0
31.3298020362854,0.48,-0.287,1.687,0.038,-0.313,0.0,0.0,0.0
31.339645624160767,0.261,-0.325,1.328,-0.07,-0.305,0.0,0.0,0.0
31.351669311523438,0.272,-0.272,1.44,-0.1,-0.294,0.0,0.0,0.0
31.360228776931763,0.458,-0.18,1.223,-0.072,-0.268,0.0,0.0,0.0
31.369855880737305,0.469,-0.349,1.683,-0.208,-0.242,0.0,0.0,0.0
31.38008403778076,0.283,-0.363,1.518,0.024,-0.244,0.0,0.0,0.0
31.38996696472168,0.064,-0.36,1.559,-0.378,-0.245,0.0,0.0,0.0
31.399900436401367,0.699,-0.338,1.661,-0.314,-0.226,0.0,0.0,0.0
31.409977197647095,0.272,-0.342,1.898,-0.211,-0.194,0.0,0.0,0.0
31.42065668106079,0.283,-0.304,1.937,-0.242,-0.196,0.0,0.0,0.0
31.43057346343994,0.458,-0.388,1.809,-0.272,-0.189,0.0,0.0,0.0
31.43983483314514,0.283,-0.137,1.83,-0.345,-0.176,0.0,0.0,0.0
31.450213193893433,0.294,-0.33,2.072,-0.265,-0.171,0.0,0.0,0.0
31.460949420928955,0.086,-0.406,2.049,-0.329,-0.145,0.0,0.0,0.0
31.469801902770996,0.491,-0.545,1.903,-0.29,-0.145,0.0,-0.001,0.001
31.48012137413025,0.71,-0.421,1.763,-0.037,-0.14,0.0,0.0,0.0
31.490211725234985,0.097,-0.395,1.984,-0.123,-0.118,0.0,0.0,0.0
31.500702142715454,0.305,-0.391,1.985,0.005,-0.135,0.0,0.0,0.0
31.509833574295044,0.491,-0.387,1.796,-0.236,-0.127,0.0,0.0,0.0
31.520018339157104,0.535,-0.209,1.791,0.037,-0.109,0.0,0.0,0.0
31.5301513671875,0.305,-0.378,1.837,-0.03,-0.1,0.0,0.0,0.0
31.539820671081543,0.316,-0.297,1.732,-0.267,-0.132,0.0,0.0,0.0
31.549984455108643,0.316,-0.378,1.597,-0.22,-0.127,0.0,0.0,0.0
31.561333179473877,0.305,-0.359,1.635,-0.566,-0.087,0.0,0.0,0.0
31.570066928863525,0.535,-0.431,1.738,0.04,-0.119,0.0,0.0,0.0
31.579962491989136,0.119,-0.424,2.04,-0.453,-0.131,0.0,0.0,0.0
31.590712547302246,0.524,-0.302,1.686,-0.396,-0.131,0.0,0.0,0.0
31.600015878677368,0.119,-0.327,1.635,-0.404,-0.144,0.0,0.0,0.0
31.610047817230225,0.338,-0.297,1.449,-0.023,-0.121,0.0,0.0,0.0
31.620617628097534,0.491,-0.434,1.384,-0.255,-0.163,0.0,0.0,0.0
31.63079524040222,0.316,-0.154,1.763,-0.318,-0.166,0.0,0.0,0.0
31.64066791534424,0.316,-0.448,1.732,0.076,-0.178,0.0,0.0,0.0
31.649779796600342,0.316,-0.137,1.746,-0.25,-0.15,0.0,0.0,0.0
31.660425424575806,0.557,-0.319,1.729,-0.056,-0.145,0.0,0.0,0.0
31.66992163658142,0.327,-0.101,1.868,-0.137,-0.147,0.0,0.0,0.0
31.679977416992188,0.13,-0.263,1.821,-0.098,-0.142,0.0,0.0,0.0
31.690098524093628,0.524,-0.313,1.699,-0.003,-0.135,0.0,0.0,0.0
31.7006356716156,0.316,-0.441,2.01,-0.001,-0.153,0.0,0.0,0.0
31.710811138153076,0.327,-0.249,2.005,-0.237,-0.088,0.0,0.0,0.0
31.71964192390442,0.524,-0.36,1.976,-0.188,-0.081,0.0,0.0,0.0
31.73067545890808,0.338,-0.609,1.564,-0.001,-0.101,0.0,0.0,0.0
31.74043107032776,0.338,-0.509,1.985,-0.223,-0.055,0.0,0.0,0.0
31.74990963935852,0.13,-0.199,1.832,-0.223,-0.092,0.0,0.0,0.0
31.760021686553955,0.502,-0.519,1.865,-0.132,-0.063,0.0,0.0,0.0
31.77041006088257,0.338,-0.481,1.643,-0.239,-0.092,0.0,0.0,0.0
31.78069019317627,0.119,-0.068,1.79,-0.042,-0.019,0.0,0.0,0.0
31.79076361656189,0.316,-0.355,1.725,-0.303,-0.058,0.0,0.0,0.0
31.80072283744812,0.327,-0.334,1.76,-0.316,0.001,0.0,0.0,0.0
31.810271978378296,0.327,-0.326,1.737,-0.146,-0.051,0.0,0.0,0.0
31.82010269165039,0.338,-0.084,1.622,-0.29,-0.051,0.0,0.0,0.0
31.829838752746582,0.305,-0.42,1.567,-0.168,-0.045,0.0,0.0,0.0
31.839844942092896,0.327,-0.306,1.644,-0.073,-0.036,0.0,0.0,0.0
31.849874258041382,0.502,-0.388,1.607,0.055,-0.022,0.0,0.0,0.0
31.86002469062805,0.349,-0.432,1.576,-0.096,-0.08,0.0,0.0,0.0
31.871939420700073,0.108,-0.32,1.825,-0.229,-0.049,0.0,0.0,0.0
31.88064479827881,0.316,-0.214,1.764,-0.168,-0.049,0.0,0.0,0.0
31.890750885009766,0.535,-0.322,1.837,-0.169,-0.071,0.0,0.0,0.0
31.900821208953857,0.13,-0.522,1.974,-0.269,-0.085,0.0,0.0,0.0
31.91095209121704,0.535,-0.483,2.115,-0.256,-0.107,0.0,0.0,0.0
31.91996741294861,0.327,-0.402,2.114,-0.273,-0.15,0.0,0.0,0.0
31.92981243133545,0.097,-0.385,1.666,-0.333,-0.105,0.0,0.0,0.0
31.9399094581604,0.535,-0.4,1.492,0.071,-0.11,0.0,0.0,0.0
31.94979763031006,0.535,-0.345,1.682,-0.103,-0.142,0.0,0.0,0.0
31.95998740196228,0.13,-0.416,1.856,0.094,-0.107,0.0,0.0,0.0
31.9721417427063,0.316,-0.377,1.997,-0.372,-0.073,0.0,0.0,0.0
31.980549335479736,0.316,-0.354,1.587,-0.217,-0.07,-0.002,0.0,0.0
31.99072003364563,0.316,-0.171,2.171,-0.334,-0.066,0.0,0.0,0.0
32.000794410705566,0.327,-0.534,1.994,-0.063,-0.06,0.0,0.0,0.0
32.0111243724823,0.13,-0.66,1.866,-0.31,-0.055,-0.001,0.0,0.0
32.01993227005005,0.502,-0.555,1.752,0.049,-0.034,0.0,0.0,0.0
32.030129194259644,0.316,-0.506,1.731,-0.102,0.001,0.0,0.0,0.0
32.040804862976074,0.097,-0.5,1.29,-0.324,0.016,0.0,0.0,0.0
32.04998016357422,0.502,-0.488,1.715,-0.289,0.031,0.0,0.0,0.0
32.05994510650635,0.327,-0.515,1.534,0.101,0.003,0.0,0.0,0.0
32.071537017822266,0.305,-0.526,1.558,-0.302,0.052,0.0,0.0,0.0
32.08054184913635,0.305,-0.472,1.505,0.022,0.043,0.0,0.0,0.0
32.08989071846008,0.108,-0.149,1.884,-0.291,0.07,0.0,0.0,0.0
32.10082697868347,0.294,-0.447,1.787,-0.087,0.045,0.0,0.0,0.0
32.110687255859375,0.294,-0.548,1.929,-0.239,0.08,0.0,0.0,0.0
32.12073087692261,0.513,-0.569,2.106,-0.32,0.016,-0.002,0.0,0.0
32.12991189956665,0.305,-0.284,1.978,-0.324,0.003,0.0,0.0,0.0
32.14066934585571,0.316,-0.337,2.079,0.018,0.021,0.0,0.0,0.0
32.15053725242615,0.502,-0.044,2.07,-0.149,0.003,0.0,0.0,0.0
32.15993571281433,0.108,-0.221,2.106,-0.322,0.003,-0.001,0.0,0.0
32.17051458358765,0.305,-0.35,1.818,0.02,-0.013,0.0,0.0,0.0
32.1801393032074,0.316,-0.118,2.221,-0.406,0.011,0.0,0.0,0.0
32.19061827659607,0.316,-0.428,1.82,-0.305,-0.012,0.0,-0.001,0.001
32.200146198272705,0.316,-0.111,1.961,-0.332,0.004,0.0,0.0,0.0
32.21078896522522,0.305,-0.455,1.883,-0.296,-0.039,-0.002,0.0,0.0
32.220290660858154,0.305,-0.301,1.831,-0.315,0.013,0.0,0.0,0.0
32.229857206344604,0.294,-0.538,1.844,-0.275,-0.003,0.0,0.0,0.0
32.24029612541199,0.316,-0.316,1.618,-0.098,0.0,0.0,0.0,0.0
32.25015711784363,0.316,-0.306,1.846,-0.343,0.019,0.0,0.0,0.0
32.259825706481934,0.097,-0.286,1.963,-0.288,0.016,0.0,0.0,0.0
32.27002000808716,0.513,-0.382,2.034,0.139,0.015,0.0,0.0,0.0
32.28067207336426,0.327,-0.306,1.442,-0.028,0.043,0.0,0.0,0.0
32.2899603843689,0.305,-0.397,1.822,-0.207,0.052,0.0,0.0,0.0
32.30078935623169,0.502,-0.397,1.702,-0.017,0.048,0.0,0.0,0.0
32.309908390045166,0.108,-0.279,2.082,-0.311,0.076,0.0,0.0,0.0
32.31983399391174,0.502,-0.552,1.802,0.141,0.05,0.0,0.0,0.0
32.32977485656738,0.327,-0.32,1.792,-0.182,0.064,0.0,0.0,0.0
32.33985185623169,0.108,-0.358,1.964,-0.027,0.045,0.0,0.0,0.0
32.350701570510864,0.502,-0.365,2.022,-0.201,0.038,0.0,0.0,0.0
32.35977077484131,0.108,-0.521,2.023,-0.424,0.105,0.0,0.0,0.0
32.37013554573059,0.535,-0.467,1.969,-0.23,0.054,0.0,0.0,0.0
32.381043434143066,0.305,-0.513,2.036,-0.19,0.139,0.0,0.0,0.0
32.39014458656311,0.327,-0.545,1.642,0.1,0.075,0.0,0.0,0.0
32.3999400138855,0.327,-0.416,2.038,-0.089,0.116,0.0,0.0,0.0
32.410194396972656,0.491,-0.578,1.739,0.014,0.142,0.0,0.0,0.0
32.41985297203064,0.338,-0.504,1.626,-0.225,0.122,0.0,0.0,0.0
32.42981195449829,0.327,-0.39,1.4,0.108,0.099,0.0,0.0,0.0
32.43989133834839,0.119,-0.559,1.385,0.104,0.078,0.0,0.0,0.0
32.450026512145996,0.327,-0.495,1.767,-0.015,0.117,0.0,0.0,0.0
32.45978760719299,0.535,-0.619,1.751,-0.159,0.099,0.0,0.0,0.0
32.47104620933533,0.535,-0.474,1.664,-0.174,0.023,0.0,0.0,0.0
32.48111057281494,0.349,-0.56,2.07,-0.301,0.134,0.0,0.0,0.0
32.49080944061279,0.141,-0.462,2.095,0.05,0.067,0.0,0.0,0.0
32.500715017318726,0.316,-0.449,2.255,0.059,0.055,0.0,0.0,0.0
32.51025462150574,0.338,-0.383,1.941,-0.309,0.046,0.0,0.0,0.0
32.519909620285034,0.546,-0.393,1.903,-0.09,0.107,0.0,0.0,0.0
32.529914140701294,0.119,-0.3,2.281,-0.01,0.029,0.0,0.0,0.0
32.53970766067505,0.557,-0.198,2.124,-0.299,0.075,0.0,0.0,0.0
32.550254344940186,0.338,-0.553,1.955,-0.008,0.062,0.0,0.0,0.0
32.55975413322449,0.36,-0.529,2.239,-0.178,0.121,-0.001,0.0,0.0
32.57001447677612,0.371,-0.57,1.803,0.196,0.082,0.0,0.0,0.0
32.581515073776245,0.119,-0.334,2.074,-0.283,0.07,0.0,0.0,0.0
32.59082770347595,0.327,-0.56,1.61,-0.028,0.02,0.0,0.0,0.0
32.600762367248535,0.338,-0.406,2.103,-0.326,0.064,0.0,0.0,0.0
32.61052966117859,0.316,-0.481,1.959,-0.33,0.094,0.0,0.0,0.0
32.62001585960388,0.338,-0.342,1.908,-0.287,0.15,0.0,0.0,0.0
32.62974309921265,0.36,-0.409,1.812,-0.06,0.152,-0.001,0.0,0.0
32.64017176628113,0.327,-0.45,1.557,-0.103,0.163,0.0,0.0,0.0
32.65006446838379,0.327,-0.63,1.745,-0.374,0.199,0.0,0.0,0.0
32.65983748435974,0.349,-0.513,1.786,-0.292,0.194,0.0,0.0,0.0
32.67082118988037,0.535,-0.634,1.581,-0.193,0.179,0.0,0.0,0.0
32.68023633956909,0.119,-0.669,2.198,-0.09,0.196,0.0,0.0,0.0
32.69082832336426,0.338,-0.512,2.004,-0.294,0.163,0.0,0.0,0.0
32.70029616355896,0.327,-0.416,2.132,-0.407,0.204,0.0,0.0,0.0
32.70988917350769,0.327,-0.244,2.266,-0.277,0.18,0.0,0.0,0.0
32.720967292785645,0.305,-0.509,2.035,0.059,0.173,0.0,0.0,0.0
32.72989511489868,0.327,-0.42,2.159,0.231,0.151,0.0,0.0,0.0
32.74068546295166,0.338,-0.409,2.118,0.001,0.143,0.0,0.0,0.0
32.75088047981262,0.327,-0.046,2.212,-0.055,0.233,0.0,0.0,0.0
32.76037931442261,0.36,-0.476,2.197,0.158,0.169,0.0,0.0,0.0
32.770665407180786,0.294,-0.283,2.12,-0.222,0.198,0.0,0.0,0.0
32.779887199401855,0.097,-0.191,2.001,-0.149,0.183,0.0,0.0,0.0
32.79053616523743,0.338,-0.457,1.859,0.261,0.112,0.0,0.0,0.0
32.79982781410217,0.546,0.159,2.011,-0.374,0.181,0.0,0.0,0.0
32.80981159210205,0.316,-0.519,1.627,-0.302,0.107,0.0,0.0,0.0
32.820037603378296,0.316,-0.403,1.58,0.122,0.162,0.0,0.0,0.0
32.82983922958374,0.349,-0.326,1.766,-0.391,0.132,0.0,0.0,0.0
32.83977127075195,0.349,-0.445,1.863,-0.159,0.131,0.0,0.0,0.0
32.850215435028076,0.327,-0.423,1.694,-0.034,0.158,0.0,0.0,0.0
32.85996079444885,0.327,-0.029,2.061,-0.297,0.153,0.0,0.0,0.0
32.86979651451111,0.338,-0.487,1.665,0.19,0.184,0.0,0.0,0.0
32.880348682403564,0.316,-0.384,1.745,0.097,0.153,0.0,0.0,0.0
32.88983631134033,0.338,-0.386,2.092,-0.253,0.203,-0.001,0.0,0.0
32.90012812614441,0.316,-0.452,2.173,0.079,0.183,0.0,0.0,0.0
32.909934759140015,0.338,-0.479,2.183,-0.074,0.222,0.0,0.0,0.0
32.91994524002075,0.13,-0.377,1.873,0.097,0.209,0.0,0.0,0.0
32.93004083633423,0.316,-0.545,1.808,0.071,0.17,0.0,0.0,0.0
32.93977451324463,0.294,-0.501,2.035,-0.241,0.226,0.0,0.0,0.0
32.950501680374146,0.316,-0.617,1.776,0.136,0.161,0.0,0.0,0.0
32.96126341819763,0.546,-0.481,2.013,-0.342,0.226,0.0,0.0,0.0
32.96993136405945,0.338,-0.723,1.764,-0.093,0.195,0.0,0.0,0.0
32.98008131980896,0.316,-0.694,1.912,-0.246,0.249,0.0,0.0,0.0
32.99007201194763,0.327,-0.595,1.975,-0.095,0.235,-0.001,0.0,0.0
33.00067353248596,0.13,-0.374,1.88,-0.076,0.223,0.0,0.0,0.0
33.009785175323486,0.754,-0.354,2.022,-0.212,0.244,0.0,0.0,0.0
33.019787549972534,0.108,-0.445,1.76,0.024,0.213,0.0,0.0,0.0
33.03070259094238,0.349,-0.532,1.837,-0.15,0.223,0.0,0.0,0.0
33.03980588912964,0.349,-0.247,2.055,-0.289,0.221,0.0,0.0,0.0
33.04985785484314,0.316,-0.5,1.923,0.152,0.208,0.0,0.0,0.0
33.0604407787323,0.568,-0.586,1.812,0.019,0.238,0.0,0.0,0.0
33.069815158843994,0.141,-0.489,2.065,-0.166,0.291,0.0,0.0,0.0
33.079750776290894,0.327,-0.487,1.718,-0.136,0.226,0.0,0.0,0.0
33.09093117713928,0.141,-0.536,1.772,-0.014,0.222,0.0,0.0,0.0
33.09986186027527,0.316,-0.472,2.05,0.138,0.229,0.0,0.0,0.0
33.10998034477234,0.513,-0.529,1.747,0.107,0.234,-0.001,0.0,0.0
33.119975566864014,0.338,-0.499,1.738,-0.131,0.269,0.0,0.0,0.0
33.129903078079224,0.349,-0.412,1.798,-0.253,0.203,0.0,0.0,0.0
33.13977789878845,0.338,-0.548,1.708,-0.224,0.258,0.0,0.0,0.0
33.14986777305603,0.108,-0.646,1.731,0.027,0.224,0.0,0.0,0.0
33.160234689712524,0.754,-0.447,1.911,-0.164,0.245,0.0,0.0,0.0
33.16979146003723,0.152,-0.484,2.198,-0.222,0.253,0.0,0.0,0.0
33.17985391616821,0.305,-0.451,2.116,-0.024,0.251,0.0,0.0,0.0
33.190128803253174,0.327,-0.436,1.836,-0.086,0.273,0.0,0.0,0.0
33.2007110118866,0.338,-0.54,2.197,-0.129,0.282,0.0,0.0,0.0
33.21062517166138,0.327,-0.13,2.213,-0.119,0.324,0.0,0.0,0.0
33.22001004219055,0.327,-0.253,2.268,-0.23,0.322,0.0,-0.002,0.002
33.22979211807251,0.327,-0.532,2.283,0.073,0.294,0.0,0.0,0.0
33.23981428146362,0.327,-0.437,1.759,0.081,0.249,0.0,0.0,0.0
33.24985861778259,0.108,-0.393,1.812,0.055,0.214,0.0,0.0,0.0
33.26011085510254,0.546,-0.694,2.188,0.081,0.278,0.0,0.0,0.0
33.270270586013794,0.338,-0.35,2.023,-0.466,0.341,0.0,0.0,0.0
33.27995538711548,0.349,-0.67,2.196,-0.33,0.299,0.0,0.0,0.0
33.2900664806366,0.316,-0.465,2.12,-0.225,0.293,0.0,0.0,0.0
33.3003716468811,0.327,-0.457,2.07,-0.389,0.29,0.0,0.0,0.0
33.31030011177063,0.141,-0.596,2.036,-0.302,0.297,0.0,0.0,0.0
33.32079577445984,0.524,-0.397,2.488,-0.376,0.291,0.0,0.0,0.0
33.3306930065155,0.108,-0.205,2.173,-0.284,0.317,0.0,0.0,0.0
33.340587854385376,0.513,-0.381,2.182,-0.305,0.307,0.0,0.0,0.0
33.35080575942993,0.349,-0.258,2.264,-0.232,0.314,0.0,0.0,0.0
33.360431432724,0.338,-0.066,2.165,-0.124,0.324,0.0,0.0,0.0
33.3703727722168,0.097,-0.262,2.215,-0.103,0.376,0.0,0.0,0.0
33.38067317008972,0.524,-0.395,2.187,-0.203,0.37,0.0,0.0,0.0
33.39132499694824,0.316,-0.563,2.406,-0.509,0.29,0.0,0.0,0.0
33.400893211364746,0.349,-0.55,1.686,-0.114,0.319,0.0,0.0,0.0
33.41069221496582,0.119,-0.711,2.409,0.006,0.318,0.0,0.0,0.0
33.420833110809326,0.513,-0.289,2.123,-0.242,0.353,0.0,0.0,0.0
33.43071722984314,0.327,-0.45,2.289,0.148,0.281,0.0,0.0,0.0
33.44071340560913,0.316,-0.194,2.195,-0.196,0.329,0.0,0.0,0.0
33.450377225875854,0.13,-0.162,2.171,-0.228,0.334,0.0,0.0,0.0
33.45981502532959,0.316,-0.445,2.118,-0.283,0.373,0.0,0.0,0.0
33.47070050239563,0.305,-0.426,1.972,0.013,0.311,0.0,0.0,0.0
33.48003363609314,0.732,-0.473,2.222,-0.497,0.358,0.0,0.0,0.0
33.49070882797241,0.108,-0.391,2.101,0.016,0.289,0.0,0.0,0.0
33.5000958442688,0.327,-0.28,2.157,-0.275,0.387,0.0,0.0,0.0
33.510008096694946,0.327,-0.552,2.197,-0.27,0.342,0.0,0.0,0.0
33.52037858963013,0.535,-0.56,2.286,-0.225,0.373,0.0,0.0,0.0
33.52988934516907,0.108,-0.396,2.185,-0.22,0.344,0.0,0.0,0.0
33.53982424736023,0.305,-0.674,2.042,-0.017,0.332,-0.002,0.0,0.0
33.55140137672424,0.327,-0.486,1.838,-0.266,0.352,0.0,0.0,0.0
33.5607054233551,0.305,-0.475,1.79,0.114,0.317,0.0,0.0,0.0
33.56981301307678,0.327,-0.285,2.154,-0.292,0.348,0.0,0.0,0.0
33.58004975318909,0.338,-0.641,2.116,0.003,0.344,0.0,0.0,0.0
33.58995866775513,0.316,-0.411,2.266,-0.124,0.381,0.0,0.0,0.0
33.59979033470154,0.119,-0.406,2.205,-0.22,0.331,0.0,0.0,0.0
33.60997724533081,0.327,-0.561,1.886,0.094,0.363,0.0,0.0,0.0
33.62082028388977,0.316,-0.572,2.135,-0.086,0.394,0.0,0.0,0.0
33.63066387176514,0.524,-0.452,2.347,0.175,0.364,0.0,0.0,0.0
33.63978362083435,0.097,-0.171,2.271,-0.149,0.377,0.0,0.0,0.0
33.65020990371704,0.535,-0.677,2.015,0.136,0.303,0.0,0.0,0.0
33.66080975532532,0.349,-0.117,2.161,-0.005,0.386,0.0,0.0,0.0
33.66975164413452,0.327,-0.512,2.375,-0.387,0.349,0.0,0.0,0.0
33.68094229698181,0.316,-0.495,2.033,0.071,0.321,0.0,0.0,0.0
33.69086170196533,0.316,-0.32,2.248,-0.387,0.382,0.0,0.0,0.0
33.700480937957764,0.349,-0.729,2.214,-0.374,0.323,0.0,0.0,0.0
33.710397720336914,0.327,-0.327,2.483,-0.336,0.42,0.0,0.0,0.0
33.71987795829773,0.108,-0.388,2.174,-0.373,0.4,0.0,0.0,0.0
33.73008346557617,0.316,-0.216,2.223,-0.056,0.381,0.0,0.0,0.0
33.74015498161316,0.316,-0.386,2.291,-0.305,0.422,0.0,0.0,0.0
33.749945640563965,0.327,-0.514,2.237,-0.131,0.392,0.0,0.0,0.0
33.76073384284973,0.294,-0.587,1.876,-0.237,0.407,0.0,0.0,0.0
33.77018404006958,0.294,-0.095,2.229,-0.56,0.395,0.0,0.0,0.0
33.78015851974487,0.338,-0.522,2.199,-0.228,0.383,0.0,0.0,0.0
33.79001975059509,0.327,-0.666,2.266,-0.173,0.407,0.0,0.0,0.0
33.7999427318573,0.513,-0.502,2.291,0.025,0.397,0.0,0.0,0.0
33.81043004989624,0.108,-0.516,2.286,0.052,0.401,0.0,0.0,0.0
33.820738077163696,0.513,-0.24,2.311,-0.419,0.409,0.0,0.0,0.0
33.83086609840393,0.338,-0.121,2.353,-0.401,0.459,0.0,0.0,0.0
33.84041404724121,0.36,-0.144,2.162,0.136,0.438,0.0,0.0,0.0
33.84979438781738,0.294,-0.21,2.456,-0.234,0.439,0.0,0.0,0.0
33.85996174812317,0.108,-0.594,2.091,-0.114,0.398,0.0,0.0,0.0
33.870248794555664,0.546,-0.505,2.029,-0.061,0.416,0.0,0.0,0.0
33.879859924316406,0.316,-0.312,2.197,-0.203,0.459,0.0,0.0,0.0
33.890077114105225,0.305,-0.626,2.183,0.093,0.438,0.0,0.0,0.0
33.899810552597046,0.108,-0.554,2.137,-0.181,0.402,0.0,0.0,0.0
33.90988206863403,0.513,-0.436,1.914,-0.094,0.355,0.0,0.0,0.0
33.919771909713745,0.338,-0.58,2.039,0.134,0.406,0.0,0.0,0.0
33.9301335811615,0.305,-0.594,1.986,0.116,0.369,0.0,0.0,0.0
33.93999481201172,0.305,-0.57,2.409,-0.135,0.444,0.0,0.0,0.0
33.94992470741272,0.349,-0.581,2.127,-0.167,0.462,0.0,0.0,0.0
33.96028137207031,0.327,-0.639,2.301,-0.271,0.409,0.0,0.0,0.0
33.97003936767578,0.338,-0.502,2.317,-0.208,0.483,0.0,0.0,0.0
33.97981286048889,0.327,-0.496,1.917,-0.363,0.469,0.0,0.0,0.0
33.98990511894226,0.316,-0.575,1.976,0.128,0.405,0.0,0.0,0.0
34.00032377243042,0.119,-0.571,1.909,-0.211,0.461,0.0,0.0,0.0
34.00982356071472,0.743,-0.554,2.306,-0.27,0.525,0.0,0.0,0.0
34.01976752281189,0.316,-0.655,2.169,0.181,0.473,0.0,0.0,0.0
34.03019094467163,0.119,-0.523,1.862,0.233,0.449,0.0,0.0,0.0
34.040003299713135,0.349,-0.457,2.338,-0.264,0.484,0.0,0.0,0.0
34.04983615875244,0.327,-0.511,2.15,-0.207,0.46,0.0,0.0,0.0
34.05977010726929,0.294,-0.577,1.916,-0.286,0.487,0.0,0.0,0.0
34.07032871246338,0.338,-0.576,2.301,0.184,0.422,0.0,0.0,0.0
34.07985877990723,0.338,-0.518,2.367,-0.114,0.497,0.0,0.0,0.0
34.08995175361633,0.327,-0.302,2.249,-0.055,0.469,-0.002,0.0,0.0
34.09988760948181,0.305,-0.481,2.125,-0.279,0.418,0.0,0.0,0.0
34.110286474227905,0.316,-0.555,2.303,-0.219,0.463,0.0,0.0,0.0
34.1198947429657,0.535,-0.42,2.385,-0.196,0.499,0.0,0.0,0.0
34.129857301712036,0.327,-0.432,2.292,0.021,0.44,0.0,0.0,0.0
34.14001822471619,0.327,-0.55,1.984,0.014,0.485,0.0,0.0,0.0
34.14978337287903,0.108,-0.429,2.031,-0.12,0.507,0.0,0.0,0.0
34.16022324562073,0.754,-0.513,1.915,-0.286,0.461,0.0,0.0,0.0
34.1707866191864,0.36,-0.555,2.319,-0.186,0.515,0.0,0.0,0.0
34.17984652519226,0.349,-0.393,2.206,-0.296,0.54,0.0,-0.001,-0.001
34.18989825248718,0.13,-0.44,2.24,0.125,0.441,0.0,0.0,0.0
34.20072364807129,0.371,-0.573,2.31,-0.276,0.547,0.0,0.0,0.0
34.21076822280884,0.119,-0.422,2.306,-0.213,0.516,0.0,0.0,0.0
34.22070074081421,0.524,-0.237,2.353,-0.278,0.468,0.0,0.0,0.0
34.230690479278564,0.349,-0.189,2.402,-0.188,0.55,0.0,0.0,0.0
34.240777015686035,0.152,-0.392,2.466,-0.265,0.527,0.0,0.0,0.0
34.2497284412384,0.327,-0.438,2.521,0.113,0.518,0.0,0.0,0.0
34.25980019569397,0.305,-0.516,2.198,0.015,0.527,0.0,0.0,0.0
34.27052664756775,0.327,-0.578,2.373,-0.114,0.522,-0.001,0.0,0.0
34.27981495857239,0.327,-0.229,2.284,-0.253,0.563,0.0,0.0,0.0
34.29001021385193,0.327,-0.521,2.367,-0.109,0.532,0.0,0.0,0.0
34.30007195472717,0.546,-0.626,2.301,-0.217,0.586,0.0,0.0,0.0
34.31032109260559,0.108,-0.53,2.087,-0.22,0.519,0.0,0.0,0.0
34.31974124908447,0.546,-0.285,2.215,-0.228,0.523,0.0,0.0,0.0
34.33001351356506,0.36,-0.517,1.921,-0.064,0.499,0.0,0.0,0.0
34.34076547622681,0.338,-0.635,2.137,0.019,0.548,-0.002,0.0,0.0
34.34983038902283,0.108,-0.301,2.569,-0.288,0.571,0.0,0.0,0.0
34.360095500946045,0.546,-0.542,2.155,-0.064,0.531,0.0,0.0,0.0
34.3712272644043,0.141,-0.518,2.361,-0.175,0.548,0.0,0.0,0.0
34.38088655471802,0.338,-0.56,2.456,0.092,0.525,0.0,0.0,0.0
34.38984417915344,0.316,-0.357,2.42,-0.145,0.58,0.0,-0.001,-0.001
34.3999457359314,0.349,-0.576,2.371,0.07,0.532,0.0,0.0,0.0
34.41005325317383,0.349,-0.491,2.252,-0.099,0.571,0.0,0.0,0.0
34.419843435287476,0.338,-0.418,2.511,-0.152,0.583,0.0,0.0,0.0
34.42979311943054,0.305,-0.541,2.271,-0.123,0.569,0.0,0.0,0.0
34.439802408218384,0.305,-0.453,2.279,0.05,0.602,0.0,0.0,0.0
34.449806690216064,0.546,-0.457,2.161,-0.075,0.577,0.0,0.0,0.0
34.460044145584106,0.349,-0.509,2.193,0.128,0.549,0.0,0.0,0.0
34.470014333724976,0.338,-0.647,2.134,-0.258,0.605,0.0,0.0,0.0
34.48014163970947,0.327,-0.53,2.307,-0.078,0.584,0.0,0.0,0.0
34.489938259124756,0.338,-0.571,2.385,-0.326,0.619,0.0,0.0,0.0
34.5007758140564,0.36,-0.464,2.448,-0.066,0.585,0.0,0.0,0.0
34.51073241233826,0.141,-0.475,2.392,-0.432,0.628,-0.006,0.0,0.0
34.51975917816162,0.338,-0.113,2.422,-0.503,0.607,0.0,0.0,0.0
34.53065323829651,0.327,-0.617,2.126,0.147,0.561,0.0,0.0,0.0
34.539939403533936,0.327,-0.337,2.405,-0.23,0.62,0.0,0.0,0.0
34.5500271320343,0.568,-0.597,2.356,-0.283,0.619,0.0,0.0,0.0
34.5598042011261,0.349,-0.457,2.469,-0.16,0.637,0.0,0.0,0.0
34.57091236114502,0.119,-0.477,2.216,-0.054,0.639,0.0,0.0,0.0
34.58077692985535,0.546,-0.197,2.322,-0.123,0.591,0.0,0.0,0.0
34.590293169021606,0.338,-0.452,2.355,-0.292,0.621,0.0,0.0,0.0
34.60019373893738,0.36,-0.773,2.235,-0.209,0.658,0.0,0.0,0.0
34.610864877700806,0.13,-0.63,2.399,-0.164,0.652,0.0,0.0,0.0
34.61978554725647,0.316,-0.376,2.287,-0.211,0.67,0.0,0.0,0.0
34.62981176376343,0.546,-0.488,2.197,0.088,0.614,0.0,0.0,0.0
34.64042353630066,0.579,-0.567,2.17,-0.16,0.627,0.0,0.0,0.0
34.65063548088074,0.119,-0.221,2.558,-0.345,0.678,0.0,0.0,0.0
34.65980076789856,0.13,-0.574,2.373,-0.241,0.663,0.0,0.0,0.0
34.66985321044922,0.338,-0.589,2.04,0.116,0.665,0.0,0.0,0.0
34.68041753768921,0.338,-0.402,2.094,0.068,0.661,0.0,0.0,0.0
34.69050860404968,0.327,-0.158,2.505,-0.231,0.713,0.0,0.0,0.0
34.70017409324646,0.327,-0.088,2.504,-0.14,0.707,0.0,0.0,0.0
34.710227489471436,0.327,-0.712,2.426,-0.208,0.736,0.0,0.0,0.0
34.71986722946167,0.568,-0.594,2.416,-0.091,0.718,0.0,0.0,0.0
34.72989559173584,0.327,-0.496,2.258,-0.013,0.665,0.0,0.0,0.0
34.74011421203613,0.119,-0.433,2.044,-0.045,0.66,0.0,-0.001,-0.001
34.75076746940613,0.535,-0.658,2.439,-0.288,0.721,0.0,0.0,0.0
34.75973296165466,0.36,-0.39,2.375,-0.337,0.703,0.0,0.0,0.0
34.769834995269775,0.338,-0.404,2.051,0.088,0.602,0.0,0.0,0.0
34.77990674972534,0.119,-0.579,2.109,0.05,0.649,0.0,0.0,0.0
34.790090799331665,0.327,-0.547,2.053,-0.114,0.644,0.0,0.0,0.0
34.79987621307373,0.568,-0.441,2.582,-0.301,0.649,0.0,0.0,0.0
34.81001257896423,0.13,-0.512,2.369,0.026,0.598,0.0,0.0,0.0
34.82068419456482,0.108,-0.596,2.299,-0.109,0.655,0.0,0.0,0.0
34.830673694610596,0.338,-0.386,2.387,-0.113,0.682,0.0,0.0,0.0
34.84014081954956,0.546,-0.541,2.819,-0.297,0.631,0.0,0.0,0.0
34.850250005722046,0.316,-0.246,2.401,-0.258,0.686,0.0,0.0,0.0
34.85985851287842,0.119,-0.575,2.392,-0.164,0.716,0.0,0.0,0.0
34.87032628059387,0.535,-0.42,2.328,0.054,0.691,0.0,0.0,0.0
34.88039231300354,0.36,-0.156,2.348,-0.136,0.782,0.0,0.0,0.0
34.89078164100647,0.338,-0.172,2.388,-0.432,0.716,0.0,0.0,0.0
34.90004539489746,0.327,-0.321,2.484,-0.213,0.762,0.0,0.0,0.0
34.910038471221924,0.119,-0.514,2.125,-0.419,0.746,0.0,0.0,0.0
34.9201283454895,0.338,-0.774,2.371,-0.457,0.759,0.0,0.0,0.0
34.929731607437134,0.327,-0.621,2.379,-0.447,0.714,0.0,0.0,0.0
34.940967321395874,0.535,-0.554,2.283,0.051,0.696,0.0,0.0,0.0
34.95020270347595,0.316,-0.553,2.571,0.134,0.736,0.0,0.0,0.0
34.96121382713318,0.338,-0.67,2.542,-0.281,0.749,-0.001,0.0,0.0
34.96969532966614,0.349,-0.475,1.88,0.093,0.71,-0.008,0.0,0.0
34.98081660270691,0.349,-0.42,2.288,-0.102,0.705,0.0,0.0,0.0
34.990386724472046,0.327,-0.107,2.671,-0.145,0.818,0.0,0.0,0.0
34.99984693527222,0.327,-0.369,2.557,-0.32,0.775,0.0,0.0,0.0
35.01064205169678,0.338,-0.378,2.265,0.018,0.758,0.0,0.0,0.0
35.020275354385376,0.338,-0.058,2.445,-0.302,0.814,0.0,0.0,0.0
35.0297954082489,0.119,-0.564,2.431,-0.3,0.784,0.0,0.0,0.0
35.03978157043457,0.546,-0.392,2.116,-0.065,0.771,0.0,0.0,0.0
35.04997801780701,0.338,-0.465,1.975,0.139,0.737,0.0,0.0,0.0
35.06028890609741,0.316,-0.417,2.389,-0.048,0.774,0.0,0.0,0.0
35.07027864456177,0.097,-0.579,2.504,-0.319,0.843,0.0,0.0,0.0
35.080162048339844,0.305,-0.502,2.521,-0.227,0.81,0.0,0.0,0.0
35.08997321128845,0.327,-0.521,2.3,-0.396,0.783,0.0,0.0,0.0
35.099884271621704,0.513,-0.686,2.265,-0.184,0.772,0.0,0.0,0.0
35.11123704910278,0.097,-0.62,2.144,-0.184,0.707,0.0,0.0,0.0
35.11964464187622,0.754,-0.391,2.165,0.197,0.758,0.0,0.0,0.0
35.13009786605835,0.141,-0.448,2.249,0.037,0.766,0.0,0.0,0.0
35.14099669456482,0.327,-0.603,2.521,-0.27,0.836,0.0,0.0,0.0
35.15004086494446,0.338,-0.417,2.532,0.132,0.828,0.0,0.0,0.0
35.16049098968506,0.371,-0.393,2.411,-0.259,0.791,0.0,0.0,0.0
35.171452045440674,0.097,-0.168,2.536,-0.459,0.868,0.0,0.0,0.0
35.180140018463135,0.305,-0.559,2.109,-0.011,0.747,0.0,0.0,0.0
35.19015097618103,0.338,-0.363,2.528,-0.349,0.773,0.0,0.0,0.0
35.19990086555481,0.316,-0.646,2.542,-0.291,0.795,0.0,0.0,0.0
35.21016526222229,0.294,-0.541,2.268,-0.097,0.769,0.0,0.0,0.0
35.21975660324097,0.327,-0.447,2.528,-0.345,0.776,0.0,0.0,0.0
35.229711055755615,0.327,-0.462,2.49,0.066,0.753,0.0,0.0,0.0
35.24087715148926,0.327,-0.442,2.34,0.023,0.709,0.0,0.0,0.0
35.24977993965149,0.535,-0.537,2.498,-0.561,0.759,-0.002,0.0,0.0
35.25993466377258,0.327,-0.463,2.263,0.194,0.756,0.0,0.0,0.0
35.271361351013184,0.349,-0.524,2.498,-0.209,0.838,0.0,0.0,0.0
35.28083920478821,0.13,-0.486,2.175,0.162,0.803,0.0,0.0,0.0
35.29011583328247,0.502,-0.495,2.602,-0.29,0.846,0.0,0.0,0.0
35.300485134124756,0.316,-0.622,2.427,-0.138,0.838,0.0,0.0,0.0
35.31066679954529,0.119,-0.296,2.493,-0.437,0.889,0.0,0.0,0.0
35.31980848312378,0.524,-0.37,2.53,-0.276,0.852,0.0,0.0,0.0
35.32989811897278,0.108,-0.521,2.123,-0.195,0.873,0.0,0.0,0.0
35.33996295928955,0.305,-0.606,2.254,-0.282,0.846,0.0,0.0,0.0
35.350032329559326,0.535,-0.58,2.313,-0.254,0.854,0.0,0.0,0.0
35.35982966423035,0.327,-0.511,2.252,-0.257,0.834,0.0,0.0,0.0
35.37168097496033,0.108,-0.419,2.053,-0.166,0.841,0.0,0.0,0.0
35.38020968437195,0.316,-0.589,2.28,0.088,0.782,0.0,0.0,0.0
35.3899040222168,0.316,-0.666,2.35,-0.345,0.852,0.0,0.0,0.0
35.399739027023315,0.513,-0.437,2.418,-0.133,0.823,0.0,0.0,0.0
35.40998458862305,0.108,-0.506,2.274,0.126,0.79,0.0,0.0,0.0
35.420140504837036,0.327,-0.783,2.579,-0.2,0.856,0.0,0.0,0.0
35.429792404174805,0.535,-0.552,2.657,-0.158,0.852,0.0,0.0,0.0
35.43977618217468,0.524,-0.356,2.275,-0.146,0.829,0.0,0.0,0.0
35.45038175582886,0.119,-0.415,2.351,-0.085,0.827,0.0,0.0,0.0
35.45972943305969,0.338,-0.438,2.552,-0.473,0.853,0.0,0.0,0.0
35.47015643119812,0.316,-0.4,2.228,-0.062,0.827,0.0,0.0,0.0
35.480732917785645,0.108,-0.488,2.457,-0.143,0.878,0.0,0.0,0.0
35.490079402923584,0.327,-0.444,2.518,-0.409,0.859,0.0,0.0,0.0
35.49980545043945,0.316,-0.484,2.465,-0.257,0.877,0.0,0.0,0.0
35.509793281555176,0.294,-0.569,2.218,-0.326,0.801,0.0,0.0,0.0
35.51995897293091,0.316,-0.571,2.255,-0.026,0.806,0.0,0.0,0.0
35.529892921447754,0.338,-0.591,2.421,0.029,0.855,0.0,0.0,0.0
35.539705753326416,0.316,-0.421,2.245,-0.026,0.783,0.0,0.0,0.0
35.55056977272034,0.283,-0.336,2.279,0.009,0.816,0.0,0.0,0.0
35.55993437767029,0.316,-0.121,2.49,-0.29,0.838,0.0,0.0,0.0
35.56984043121338,0.316,-0.468,2.508,-0.215,0.867,0.0,0.0,0.0
35.580084562301636,0.305,-0.577,2.534,-0.165,0.873,0.0,0.0,0.0
35.59006857872009,0.305,-0.508,2.305,-0.168,0.893,0.0,0.0,0.0
35.59993243217468,0.535,-0.543,2.308,-0.367,0.855,0.0,0.0,0.0
35.61074995994568,0.316,-0.559,2.156,0.008,0.834,0.0,0.0,0.0
35.620728492736816,0.294,-0.303,2.522,-0.356,0.919,0.0,0.0,0.0
35.63075256347656,0.119,-0.316,2.467,-0.178,0.917,0.0,0.0,0.0
35.63975787162781,0.305,-0.206,2.457,-0.284,0.924,0.0,0.0,0.0
35.65043115615845,0.086,-0.536,2.086,-0.036,0.845,0.0,0.0,0.0
35.65981674194336,0.272,-0.384,2.577,-0.217,0.928,0.0,0.0,0.0
35.67023515701294,0.316,-0.573,2.401,-0.008,0.875,0.0,0.0,0.0
35.680171251297,0.513,-0.593,2.571,-0.194,0.934,0.0,0.0,0.0
35.690165519714355,0.283,-0.456,2.523,-0.372,0.905,0.0,0.0,0.0
35.69997024536133,0.327,-0.629,2.266,-0.394,0.904,0.0,0.0,0.0
35.710123777389526,0.086,-0.511,2.22,-0.086,0.878,0.0,0.0,0.0
35.720035552978516,0.283,-0.444,2.58,-0.27,0.892,0.0,0.0,0.0
35.73003602027893,0.502,-0.364,2.203,-0.244,0.933,0.0,0.0,0.0
35.74011993408203,0.327,-0.52,2.351,-0.213,0.916,0.0,0.0,0.0
35.75009107589722,0.327,-0.348,2.479,-0.105,0.919,0.0,0.0,0.0
35.76001977920532,0.294,-0.439,2.512,-0.315,0.92,0.0,0.0,0.0
35.76992726325989,0.502,-0.563,2.243,-0.249,0.939,0.0,0.0,0.0
35.78086447715759,0.327,-0.426,2.449,-0.38,0.921,-0.001,0.0,0.0
35.790714502334595,0.316,-0.363,2.459,-0.467,0.859,0.0,0.0,0.0
35.800833225250244,0.108,-0.349,2.412,-0.308,0.91,0.0,0.0,0.0
35.80981183052063,0.524,-0.524,2.29,0.212,0.844,0.0,0.0,0.0
35.820823669433594,0.305,-0.537,2.337,0.047,0.854,0.0,0.0,0.0
35.830636501312256,0.097,-0.252,2.544,-0.359,0.868,0.0,0.0,0.0
35.839961767196655,0.316,-0.264,2.516,-0.316,0.905,0.0,0.0,0.0
35.84989070892334,0.513,-0.545,2.358,-0.138,0.898,0.0,0.0,0.0
35.86070537567139,0.119,-0.565,2.364,-0.175,0.938,0.0,0.0,0.0
35.86997413635254,0.316,-0.496,2.606,-0.252,0.985,0.0,0.0,0.0
35.879838705062866,0.535,-0.449,2.114,-0.196,0.932,0.0,0.0,0.0
35.89094257354736,0.316,-0.694,2.289,-0.238,0.935,0.0,0.0,0.0
35.90072250366211,0.316,-0.441,2.52,0.025,0.984,0.0,0.0,0.0
35.91067361831665,0.546,-0.413,2.463,-0.278,0.98,0.0,0.0,0.0
35.920751094818115,0.327,-0.371,2.495,-0.583,0.941,0.0,0.0,0.0
35.93019700050354,0.108,-0.382,2.334,-0.408,0.958,0.0,0.0,0.0
35.94095492362976,0.327,-0.477,2.417,-0.202,0.98,0.0,0.0,0.0
35.95038843154907,0.524,-0.298,2.376,-0.365,0.981,0.0,0.0,0.0
35.96021342277527,0.119,-0.144,2.553,-0.28,0.956,0.0,0.0,0.0
35.969929218292236,0.535,-0.276,2.446,-0.318,0.956,0.0,0.0,0.0
35.97997164726257,0.327,-0.443,2.555,-0.448,0.922,0.0,0.0,0.0
35.99027156829834,0.13,-0.358,2.462,-0.299,0.954,0.0,0.0,0.0
36.00006699562073,0.546,-0.554,2.604,-0.287,0.943,0.0,0.0,0.0
36.01007413864136,0.305,-0.488,2.346,-0.359,0.945,0.0,0.0,0.0
36.019869327545166,0.119,-0.479,2.305,-0.208,0.961,0.0,0.0,0.0
36.03062629699707,0.327,-0.704,2.492,-0.094,0.978,0.0,0.0,0.0
36.03984498977661,0.316,-0.262,2.536,-0.321,1.009,0.0,0.0,0.0
36.05034112930298,0.327,-0.563,2.327,-0.05,0.976,0.0,0.0,0.0
36.06011986732483,0.119,-0.239,2.593,-0.468,1.03,0.0,0.0,0.0
36.06993126869202,0.513,-0.368,2.636,-0.291,0.972,0.0,0.0,0.0
36.07987141609192,0.316,-0.503,2.162,-0.263,1.017,0.0,0.0,0.0
36.09005856513977,0.327,-0.467,2.346,-0.081,0.983,0.0,0.0,0.0
36.09990930557251,0.513,-0.566,2.249,-0.321,0.99,0.0,0.0,0.0
36.11000084877014,0.13,-0.383,2.241,-0.215,0.971,0.0,0.0,0.0
36.119677782058716,0.119,-0.355,2.219,-0.113,0.948,0.0,0.0,0.0
36.12990164756775,0.294,-0.428,2.153,-0.06,0.942,0.0,0.0,0.0
36.13979887962341,0.535,-0.428,2.212,-0.125,0.964,0.0,0.0,0.0
36.15013027191162,0.108,-0.502,2.157,0.055,0.965,0.0,0.0,0.0
36.16134476661682,0.502,-0.517,2.296,-0.38,0.94,0.0,0.0,0.0
36.17029023170471,0.108,-0.511,2.85,-0.018,0.92,0.0,0.0,0.0
36.18020534515381,0.305,-0.547,2.614,-0.439,1.02,0.0,0.0,0.0
36.190720081329346,0.305,-0.527,2.567,-0.356,1.003,0.0,-0.002,-0.002
36.20006465911865,0.535,-0.026,2.578,-0.192,1.029,0.0,0.0,0.0
36.209914445877075,0.108,-0.449,2.575,-0.104,1.002,0.0,0.0,0.0
36.21987318992615,0.502,-0.221,2.409,-0.424,1.037,0.0,0.0,0.0
36.23091769218445,0.338,-0.485,2.498,-0.399,1.025,0.0,0.0,0.0
36.2399697303772,0.119,-0.474,2.501,-0.314,1.023,0.0,0.0,0.0
36.24974322319031,0.491,-0.308,2.264,-0.087,1.02,0.0,0.0,0.0
36.26097345352173,0.316,-0.617,2.036,0.057,1.033,0.0,0.0,0.0
36.270440101623535,0.338,-0.688,2.549,-0.207,0.983,0.0,0.0,0.0
36.280014753341675,0.535,-0.151,2.436,-0.287,1.008,0.0,0.0,0.0
36.29001259803772,0.327,-0.523,2.55,-0.164,1.007,0.0,0.0,0.0
36.300633907318115,0.327,-0.327,2.421,-0.241,0.99,0.0,0.0,0.0
36.310521602630615,0.327,-0.28,2.45,-0.235,1.023,0.0,0.0,0.0
36.31976103782654,0.327,-0.623,2.58,-0.215,0.99,0.0,0.0,0.0
36.33017373085022,0.36,-0.709,2.11,0.012,0.98,0.0,0.0,0.0
36.33979678153992,0.524,-0.371,2.699,-0.086,1.028,0.0,0.0,0.0
36.3497519493103,0.13,-0.512,2.137,-0.061,1.036,0.0,0.0,0.0
36.36027932167053,0.557,-0.306,2.175,-0.149,1.009,0.0,0.0,0.0
36.37091279029846,0.13,-0.441,2.602,-0.395,1.054,0.0,0.0,0.0
36.37981176376343,0.349,-0.465,2.484,-0.409,1.031,0.0,0.0,0.0
36.38980007171631,0.327,-0.533,2.187,-0.235,0.991,0.0,0.0,0.0
36.400739669799805,0.557,-0.491,2.145,-0.089,1.006,-0.001,0.0,0.0
36.40986442565918,0.141,-0.481,2.304,-0.259,1.01,0.0,0.0,0.0
36.419835567474365,0.535,-0.357,2.139,0.023,0.962,0.0,0.0,0.0
36.43007826805115,0.141,-0.388,2.295,0.021,1.001,0.0,0.0,0.0
36.439955949783325,0.546,-0.421,2.36,-0.233,0.966,0.0,0.0,0.0
36.449830055236816,0.349,-0.454,2.348,-0.14,0.97,0.0,0.0,0.0
36.46032738685608,0.36,-0.445,2.251,-0.062,0.974,0.0,0.0,0.0
36.47077560424805,0.579,-0.525,2.738,-0.507,1.002,0.0,0.0,0.0
36.48005557060242,0.36,-0.26,2.542,-0.386,1.002,0.0,0.0,0.0
36.48975968360901,0.36,-0.427,2.609,-0.196,0.99,-0.001,0.0,0.0
36.499863147735596,0.382,-0.513,2.362,0.02,0.995,0.0,0.0,0.0
36.51102375984192,0.349,-0.283,2.173,0.042,0.986,0.0,0.0,0.0
36.51977753639221,0.36,-0.413,2.588,-0.374,1.021,0.0,0.0,0.0
36.53025794029236,0.36,-0.431,2.569,-0.156,1.015,0.0,0.0,0.0
36.54017376899719,0.36,-0.089,2.411,-0.246,1.053,0.0,0.0,0.0
36.54987144470215,0.382,-0.398,2.483,-0.411,1.052,0.0,0.0,0.0
36.56027388572693,0.568,-0.471,2.47,-0.345,1.031,0.0,0.0,0.0
36.570310831069946,0.173,-0.609,2.428,-0.274,1.048,0.0,0.0,0.0
36.579869508743286,0.59,-0.425,2.528,-0.412,1.042,0.0,0.0,0.0
36.589945793151855,0.393,-0.453,2.155,-0.029,1.027,0.0,0.0,0.0
36.59984517097473,0.393,-0.447,2.321,-0.159,1.039,0.0,0.0,0.0
36.61007905006409,0.382,-0.464,2.234,0.086,1.015,0.0,0.0,0.0
36.61977696418762,0.173,-0.47,2.484,-0.091,1.059,0.0,0.0,0.0
36.629902839660645,0.382,-0.454,2.26,0.047,1.001,0.0,0.0,0.0
36.64110469818115,0.173,-0.441,2.19,-0.209,1.007,0.0,0.0,0.0
36.649805307388306,0.59,-0.522,2.493,-0.061,1.038,-0.001,0.0,0.0
36.659790992736816,0.393,-0.365,2.467,-0.104,1.033,0.0,0.0,0.0
36.67146301269531,0.382,-0.514,2.204,0.021,1.068,0.0,0.0,0.0
36.680248737335205,0.173,-0.626,2.24,0.004,1.034,0.0,0.0,0.0
36.68986988067627,0.36,-0.445,2.357,-0.385,1.067,0.0,0.0,0.0
36.7008798122406,0.601,-0.488,2.491,-0.204,1.065,0.0,0.0,0.0
36.71091914176941,0.173,-0.577,2.592,-0.425,1.093,0.0,0.0,0.0
36.72071075439453,0.382,-0.22,2.657,-0.265,1.05,0.0,0.0,0.0
36.730679988861084,0.141,-0.111,2.437,-0.448,1.097,0.0,0.0,0.0
36.740156173706055,0.371,-0.149,2.417,-0.514,1.088,0.0,0.0,0.0
36.749969244003296,0.371,-0.43,2.594,-0.58,1.09,-0.005,0.0,0.0
36.759883880615234,0.371,-0.37,2.215,-0.263,1.062,0.0,0.0,0.0
36.770185708999634,0.152,-0.411,2.247,-0.1,1.06,0.0,0.0,0.0
36.78048777580261,0.557,-0.223,2.338,-0.179,1.021,0.0,0.0,0.0
36.789958477020264,0.371,-0.239,2.596,-0.324,1.091,0.0,0.0,0.0
36.80011987686157,0.568,-0.222,2.249,-0.135,1.029,0.0,0.0,0.0
36.81104278564453,0.173,-0.431,2.43,-0.417,1.023,0.0,0.0,0.0
36.819812297821045,0.338,-0.205,2.492,-0.365,1.0,0.0,0.0,0.0
36.82984209060669,0.371,-0.517,2.265,-0.18,1.012,0.0,0.0,0.0
36.84000325202942,0.36,-0.302,2.413,0.003,1.013,0.0,-0.004,-0.004
36.85007309913635,0.152,-0.404,2.525,-0.001,1.03,0.0,0.0,0.0
36.860135316848755,0.338,0.01,2.641,-0.41,1.02,0.0,0.0,0.0
36.87153625488281,0.568,-0.345,2.523,-0.382,1.038,0.0,0.0,0.0
36.880610942840576,0.36,-0.503,2.152,0.055,1.039,0.0,0.0,0.0
36.88980007171631,0.36,-0.269,2.523,-0.456,1.052,0.0,0.0,0.0
36.90070199966431,0.162,-0.47,2.143,-0.065,1.04,0.0,0.0,0.0
36.9099178314209,0.557,-0.116,2.473,-0.388,1.072,0.0,0.0,0.0
36.91997218132019,0.371,-0.292,2.027,-0.172,1.051,0.0,0.0,0.0
36.92973208427429,0.349,-0.331,2.196,-0.229,1.07,0.0,0.0,0.0
36.9399631023407,0.162,-0.268,2.067,-0.137,1.065,0.0,0.0,0.0
36.94985914230347,0.557,-0.509,2.448,0.028,1.072,0.0,0.0,0.0
36.96035671234131,0.141,-0.43,2.191,-0.088,1.052,0.0,0.0,0.0
36.97000575065613,0.568,-0.108,2.586,-0.49,1.083,0.0,0.0,0.0
36.97987222671509,-0.046,-0.346,2.56,-0.306,1.078,0.0,0.0,0.0
36.989909648895264,0.546,-0.392,2.254,-0.02,1.071,0.0,0.0,0.0
37.00063467025757,0.36,-0.394,2.679,-0.272,1.068,0.0,0.0,0.0
37.010088205337524,0.349,-0.462,2.552,-0.404,1.082,0.0,0.0,0.0
37.02080011367798,0.349,-0.518,2.633,-0.2,1.084,0.0,0.0,0.0
37.02994108200073,0.316,-0.198,2.412,-0.365,1.108,0.0,0.0,0.0
37.039968490600586,0.36,-0.33,2.217,-0.141,1.088,0.0,-0.002,-0.002
37.0507709980011,0.36,-0.417,2.126,-0.125,1.076,0.0,0.0,0.0
37.05983638763428,0.36,-0.266,2.419,-0.417,1.098,0.0,0.0,0.0
37.06992745399475,0.338,-0.448,2.1,-0.015,1.07,0.0,0.0,0.0
37.07988357543945,0.36,-0.389,2.459,-0.077,1.099,0.0,-0.003,-0.003
37.09016275405884,0.141,-0.466,2.344,-0.122,1.079,-0.001,0.0,0.0
37.099992752075195,0.349,-0.33,2.508,-0.58,1.087,0.0,0.0,0.0
37.109947681427,0.535,-0.393,2.478,-0.574,1.091,0.0,0.0,0.0
37.11978530883789,0.152,-0.445,2.383,-0.279,1.108,0.0,-0.001,-0.001
37.13006544113159,0.568,-0.328,2.128,-0.28,1.099,0.0,-0.002,-0.002
37.140631914138794,0.13,-0.426,2.476,-0.463,1.103,0.0,0.0,0.0
37.14981508255005,0.119,-0.249,2.413,-0.414,1.112,0.0,0.0,0.0
37.1599223613739,0.316,-0.461,2.091,-0.023,1.081,0.0,0.0,0.0
37.17026901245117,0.316,-0.381,2.07,-0.209,1.092,0.0,0.0,0.0
37.17977690696716,0.327,-0.17,2.512,-0.32,1.112,0.0,0.0,0.0
37.18988561630249,0.327,-0.422,2.099,-0.091,1.066,0.0,0.0,0.0
37.19998383522034,0.327,-0.465,2.412,-0.186,1.075,0.0,0.0,0.0
37.209859132766724,0.108,-0.365,2.17,-0.302,1.075,0.0,0.0,0.0
37.21976900100708,0.294,-0.353,2.004,-0.222,1.073,0.0,0.0,0.0
37.23017501831055,0.294,-0.361,2.259,-0.053,1.08,0.0,0.0,0.0
37.24028491973877,0.305,-0.374,2.235,-0.293,1.074,0.0,0.0,0.0
37.24980330467224,0.283,-0.371,2.345,-0.344,1.081,0.0,0.0,0.0
37.26061224937439,0.513,-0.387,2.377,-0.097,1.075,0.0,0.0,0.0
37.27018189430237,0.108,-0.11,2.357,-0.219,1.093,-0.001,0.0,0.0
37.27986812591553,0.305,-0.399,2.31,-0.28,1.081,0.0,0.0,0.0
37.28998517990112,0.305,-0.416,2.585,-0.169,1.104,0.0,0.0,0.0
37.30082845687866,0.086,-0.367,2.357,-0.426,1.094,0.0,0.0,0.0
37.31073594093323,0.283,-0.188,2.424,-0.34,1.096,0.0,0.0,0.0
37.32073402404785,0.491,-0.422,2.47,-0.409,1.104,0.0,0.0,0.0
37.33079528808594,0.294,-0.503,2.268,-0.336,1.092,0.0,0.0,0.0
37.34013223648071,0.294,-0.246,2.513,-0.361,1.105,0.0,0.0,0.0
37.34983587265015,0.283,-0.304,2.342,-0.308,1.104,0.0,0.0,0.0
37.359914779663086,0.305,-0.46,2.068,-0.169,1.112,0.0,0.0,0.0
37.37043833732605,0.48,-0.311,2.341,0.012,1.086,0.0,0.0,0.0
37.37985563278198,0.075,-0.286,2.564,-0.345,1.114,0.0,0.0,0.0
37.39000463485718,0.491,-0.333,2.097,-0.086,1.069,0.0,0.0,0.0
37.40068197250366,0.097,-0.314,2.407,-0.318,1.08,0.0,0.0,0.0
37.410693883895874,0.283,-0.219,2.284,-0.378,1.062,0.0,0.0,0.0
37.41980195045471,0.502,-0.214,2.254,-0.353,1.049,0.0,0.0,0.0
37.4299795627594,0.305,-0.255,2.428,-0.326,1.034,0.0,-0.002,-0.002
37.440144538879395,0.305,-0.159,2.483,-0.024,1.029,0.0,-0.002,-0.002
37.44981145858765,0.086,-0.384,2.413,-0.523,1.063,0.0,0.0,0.0
37.46008491516113,0.283,-0.352,2.26,-0.26,1.054,0.0,0.0,0.0
37.47183442115784,0.086,-0.363,2.405,-0.273,1.057,0.0,0.0,0.0
37.48058366775513,0.272,-0.364,2.243,-0.098,1.052,0.0,0.0,0.0
37.48984098434448,0.48,0.031,2.423,-0.417,1.051,0.0,-0.002,-0.002
37.50080442428589,0.075,-0.482,2.358,-0.125,1.051,0.0,0.0,0.0
37.51083707809448,0.261,-0.434,2.539,-0.381,1.044,0.0,0.0,0.0
37.52073287963867,0.261,-0.63,2.547,-0.561,1.039,0.0,0.0,0.0
37.53006553649902,0.48,-0.515,2.594,-0.38,1.042,0.0,0.0,0.0
37.54030728340149,0.272,-0.288,2.58,-0.309,1.042,0.0,-0.002,-0.002
37.550171852111816,0.272,-0.334,2.485,-0.46,1.026,0.0,0.0,0.0
37.56017088890076,0.064,-0.337,2.294,-0.627,1.021,0.0,0.0,0.0
37.57000708580017,0.48,-0.406,2.502,-0.479,1.021,0.0,0.0,0.0
37.579920291900635,0.272,-0.339,2.336,-0.236,1.02,0.0,0.0,0.0
37.589868783950806,0.064,-0.363,2.345,-0.217,0.993,0.0,0.0,0.0
37.59987950325012,0.667,-0.393,2.173,-0.297,0.991,0.0,0.0,0.0
37.610475301742554,0.064,-0.348,1.983,-0.175,0.994,0.0,0.0,0.0
37.620434284210205,0.272,-0.16,2.355,-0.419,0.984,0.0,0.0,0.0
37.63028073310852,0.48,-0.131,2.528,-0.42,0.985,0.0,0.0,0.0
37.639796018600464,0.261,-0.372,2.197,-0.474,0.972,0.0,0.0,0.0
37.6500780582428,0.502,-0.223,2.055,-0.01,0.965,0.0,0.0,0.0
37.65996336936951,0.075,-0.33,2.217,-0.325,0.958,0.0,0.0,0.0
37.67036700248718,0.261,-0.397,2.226,-0.509,0.935,0.0,0.0,0.0
37.680299520492554,0.272,-0.12,2.581,-0.497,0.923,0.0,0.0,0.0
37.690210819244385,0.272,-0.352,2.422,-0.283,0.915,0.0,-0.002,-0.002
37.699918270111084,0.283,-0.365,2.461,-0.385,0.906,0.0,0.0,0.0
37.71011972427368,0.272,-0.349,2.545,-0.296,0.914,0.0,0.0,0.0
37.71975874900818,0.064,-0.341,2.284,-0.591,0.901,0.0,0.0,0.0
37.729714155197144,0.261,-0.41,2.185,0.068,0.883,0.0,0.0,0.0
37.74067234992981,0.053,-0.305,2.163,-0.231,0.898,-0.007,0.0,0.0
37.75032424926758,0.25,-0.316,2.508,-0.294,0.887,0.0,-0.004,-0.004
37.76013994216919,0.25,-0.315,2.558,-0.449,0.867,-0.009,0.0,0.0
37.769829750061035,0.25,-0.313,2.54,-0.453,0.854,0.0,0.0,0.0
37.78057885169983,0.031,-0.291,2.326,-0.231,0.85,0.0,0.0,0.0
37.79005289077759,0.436,-0.376,2.508,-0.373,0.844,0.0,0.0,0.0
37.79998993873596,0.031,-0.293,2.485,-0.383,0.834,0.0,0.0,0.0
37.80981659889221,0.436,-0.349,2.077,-0.429,0.828,0.0,-0.002,-0.002
37.819822788238525,0.042,-0.321,2.366,-0.007,0.828,0.0,-0.002,-0.002
37.829811334609985,0.228,-0.371,2.194,-0.027,0.807,0.0,0.0,0.0
37.83981275558472,0.239,-0.406,2.085,-0.339,0.794,0.0,0.0,0.0
37.85032534599304,0.206,-0.417,2.016,-0.301,0.782,0.0,0.0,0.0
37.860917806625366,0.25,-0.039,2.332,-0.375,0.751,0.0,0.0,0.0
37.870084285736084,0.217,-0.376,2.283,-0.378,0.769,0.0,0.0,0.0
37.88023543357849,0.425,-0.306,2.277,0.001,0.762,0.0,-0.001,-0.001
37.890212059020996,0.217,-0.199,2.239,-0.372,0.761,0.0,0.0,0.0
37.89984393119812,-0.002,-0.347,2.413,-0.279,0.761,0.0,0.0,0.0
37.90982961654663,0.425,-0.323,1.907,-0.059,0.779,0.0,0.0,0.0
37.92002725601196,0.25,-0.321,2.305,-0.127,0.777,0.0,0.0,0.0
37.92987632751465,0.436,-0.309,2.484,-0.274,0.786,0.0,0.0,0.0
37.94003915786743,0.239,-0.349,2.207,-0.111,0.815,0.0,0.0,0.0
37.95179772377014,0.239,-0.441,2.662,-0.234,0.79,0.0,-0.002,-0.002
37.96008324623108,0.228,-0.309,2.307,-0.079,0.814,0.0,0.0,0.0
37.9698383808136,0.436,-0.398,2.656,-0.392,0.777,0.0,0.0,0.0
37.980557441711426,0.261,-0.348,2.202,-0.194,0.796,-0.001,0.0,0.0
37.990349531173706,0.239,-0.331,2.487,-0.237,0.791,0.0,0.0,0.0
37.99980425834656,0.031,-0.16,2.662,-0.42,0.832,0.0,0.0,0.0
38.00984048843384,0.458,-0.202,2.356,-0.069,0.825,0.0,-0.004,-0.004
38.020835399627686,0.228,-0.3,2.496,-0.074,0.839,0.0,-0.002,-0.002
38.030121088027954,0.053,-0.238,2.524,-0.316,0.815,0.0,0.0,0.0
38.03977394104004,0.239,-0.275,2.319,-0.38,0.794,0.0,0.0,0.0
38.05037522315979,0.239,-0.397,2.374,-0.062,0.807,0.0,0.0,0.0
38.06004285812378,0.228,-0.252,2.547,-0.343,0.764,0.0,0.0,0.0
38.06982231140137,0.239,-0.445,2.357,-0.063,0.751,0.0,0.0,0.0
38.08057355880737,0.228,-0.429,2.427,-0.071,0.761,0.0,0.0,0.0
38.09120512008667,0.239,-0.208,2.32,-0.339,0.736,0.0,0.0,0.0
38.099796772003174,0.228,-0.466,2.107,-0.327,0.737,0.0,0.0,0.0
38.11005997657776,0.447,-0.353,2.042,-0.034,0.728,0.0,0.0,0.0
38.120213747024536,0.042,-0.283,2.061,-0.208,0.696,0.0,0.0,0.0
38.13003063201904,0.436,-0.326,2.367,-0.342,0.71,0.0,0.0,0.0
38.13994741439819,0.239,-0.454,1.929,-0.369,0.711,0.0,0.0,0.0
38.15164494514465,0.458,-0.196,2.15,-0.175,0.736,0.0,0.0,0.0
38.16003084182739,0.239,-0.266,1.934,-0.093,0.774,0.0,0.0,0.0
38.16995286941528,0.261,-0.315,2.148,-0.187,0.735,0.0,0.0,0.0
38.18013548851013,0.261,-0.339,2.308,-0.406,0.748,0.0,0.0,0.0
38.190601110458374,0.48,-0.367,2.313,-0.431,0.746,0.0,0.0,0.0
38.20007038116455,0.283,-0.277,2.283,-0.401,0.753,0.0,0.0,0.0
38.21006226539612,0.458,-0.352,2.402,-0.259,0.753,0.0,0.0,0.0
38.22023391723633,0.283,-0.439,2.072,-0.337,0.726,0.0,0.0,0.0
38.230947971343994,0.283,-0.189,2.308,-0.268,0.756,0.0,0.0,0.0
38.240036964416504,0.272,-0.28,2.393,-0.08,0.821,0.0,0.0,0.0
38.249871253967285,0.502,-0.239,2.354,-0.1,0.803,0.0,0.0,0.0
38.260451555252075,0.294,-0.277,2.208,-0.157,0.852,0.0,0.0,0.0
38.269794940948486,0.513,-0.175,2.403,-0.317,0.796,0.0,-0.004,-0.004
38.27987337112427,0.305,-0.219,2.094,-0.235,0.821,0.0,-0.001,-0.001
38.2904839515686,0.316,-0.26,2.396,-0.22,0.808,0.0,0.0,0.0
38.29999256134033,0.305,-0.084,2.425,-0.183,0.75,0.0,0.0,0.0
38.310051918029785,0.305,-0.37,2.372,-0.203,0.733,0.0,0.0,0.0
38.32061839103699,0.316,-0.268,2.387,-0.255,0.806,0.0,0.0,0.0
38.330949783325195,0.524,-0.32,2.396,-0.323,0.794,0.0,-0.001,0.001
38.34006094932556,0.108,-0.323,2.084,-0.122,0.762,0.0,0.0,0.0
38.349968671798706,0.327,-0.22,2.116,-0.215,0.764,0.0,0.0,0.0
38.36066675186157,0.305,-0.171,2.16,-0.252,0.753,0.0,-0.006,-0.006
38.369805574417114,0.097,-0.156,2.221,-0.237,0.717,0.0,-0.001,0.001
38.379904985427856,0.524,-0.128,2.318,-0.374,0.703,-0.001,0.0,0.0
38.39053463935852,0.108,-0.235,2.279,-0.348,0.72,0.0,0.0,0.0
38.40002155303955,0.305,-0.111,2.169,-0.214,0.662,-0.001,0.0,0.0
38.4098584651947,0.502,-0.203,2.073,-0.296,0.669,0.0,0.0,0.0
38.419830560684204,0.108,-0.238,2.192,-0.34,0.674,0.0,0.0,0.0
38.43016791343689,0.524,-0.271,2.069,-0.208,0.677,0.0,-0.001,0.001
38.43977928161621,0.119,-0.238,2.399,-0.247,0.705,0.0,0.0,0.0
38.44995903968811,0.294,-0.224,2.002,-0.16,0.742,0.0,-0.006,-0.006
38.46037173271179,0.305,-0.328,2.247,-0.165,0.729,0.0,-0.003,-0.003
38.47036623954773,0.097,-0.211,2.42,-0.201,0.676,0.0,0.0,0.0
38.48066782951355,0.513,-0.136,2.339,-0.213,0.689,0.0,0.0,0.0
38.49076581001282,0.316,-0.172,2.377,-0.223,0.689,0.0,0.0,0.0
38.50118017196655,0.305,-0.347,2.339,-0.24,0.692,0.0,-0.002,-0.002
38.510334491729736,0.316,-0.228,2.238,-0.074,0.728,0.0,0.0,0.0
38.51974368095398,0.305,-0.297,2.293,-0.297,0.695,0.0,0.0,0.0
38.53029274940491,0.316,-0.375,2.261,-0.136,0.733,0.0,0.0,0.0
38.53981113433838,0.316,-0.177,2.277,-0.25,0.711,0.0,0.0,0.0
38.54968190193176,0.732,-0.28,2.076,-0.134,0.712,0.0,-0.002,-0.002
38.56075620651245,0.327,-0.347,2.128,0.042,0.749,0.0,-0.002,-0.002
38.57046437263489,0.349,-0.245,2.283,-0.207,0.735,0.0,0.0,0.0
38.57974863052368,0.349,-0.186,2.411,-0.133,0.685,0.0,-0.004,-0.004
38.590792179107666,0.327,-0.327,2.162,-0.029,0.719,0.0,0.0,0.0
38.60063076019287,0.568,-0.199,2.127,-0.252,0.674,0.0,0.0,0.0
38.6099169254303,0.36,-0.246,2.25,-0.135,0.67,0.0,0.0,0.0
38.619789838790894,0.141,-0.3,2.093,-0.156,0.677,0.0,0.0,0.0
38.629849910736084,0.568,-0.319,2.081,-0.106,0.682,0.0,0.0,0.0
38.63979697227478,0.371,-0.27,2.096,-0.136,0.66,0.0,0.0,0.0
38.64988970756531,0.371,-0.336,2.121,-0.141,0.701,0.0,0.0,0.0
38.66118121147156,0.36,-0.351,2.028,-0.133,0.713,0.0,0.0,0.0
38.67030358314514,0.59,-0.426,2.174,-0.118,0.724,0.0,0.0,0.0
38.6798529624939,0.371,-0.351,2.098,-0.225,0.66,0.0,0.0,0.0
38.69010782241821,0.184,-0.257,2.118,-0.156,0.663,0.0,0.0,0.0
38.700767278671265,0.59,-0.194,2.277,-0.174,0.672,-0.001,-0.002,-0.002
38.70985198020935,0.393,-0.312,2.286,-0.178,0.661,0.0,0.0,0.0
38.71966767311096,0.184,-0.272,2.217,-0.085,0.673,0.0,0.0,0.0
38.72990942001343,0.59,-0.256,2.112,-0.068,0.655,0.0,0.0,0.0
38.74018979072571,0.393,-0.131,2.132,-0.16,0.647,0.0,0.0,0.0
38.74994134902954,0.612,-0.298,2.229,-0.191,0.587,0.0,0.0,0.0
38.760111570358276,0.184,-0.29,2.257,-0.125,0.593,0.0,0.0,0.0
38.770543575286865,0.612,-0.14,2.256,-0.181,0.574,0.0,0.0,0.0
38.77978801727295,0.404,-0.148,2.326,-0.15,0.599,0.0,0.0,0.0
38.79042434692383,0.414,-0.217,2.296,-0.141,0.669,0.0,0.0,0.0
38.799800634384155,0.425,-0.133,2.28,-0.21,0.619,0.0,0.0,0.0
38.809935092926025,0.425,-0.254,2.164,-0.12,0.651,0.0,0.0,0.0
38.819721937179565,0.414,-0.245,2.192,-0.133,0.606,0.0,0.0,0.0
38.82990288734436,0.414,-0.354,2.144,-0.125,0.63,0.0,0.0,0.0
38.84003520011902,0.425,-0.274,2.274,-0.17,0.641,0.0,0.0,0.0
38.850037574768066,0.414,-0.179,2.2,-0.192,0.586,0.0,0.0,0.0
38.860588788986206,0.195,-0.229,2.147,-0.15,0.604,0.0,-0.004,-0.004
38.87054085731506,0.393,-0.094,2.262,-0.18,0.583,0.0,0.0,0.0
38.87992262840271,0.195,-0.164,2.255,-0.15,0.563,0.0,0.0,0.0
38.88990902900696,0.404,-0.226,2.164,-0.155,0.603,0.0,0.0,0.0
38.90075945854187,0.404,-0.26,2.1,-0.124,0.607,0.0,-0.003,-0.003
38.910128355026245,0.195,-0.314,2.261,-0.128,0.608,0.0,-0.003,-0.001
38.919740438461304,0.382,-0.265,2.192,-0.111,0.622,0.0,0.0,0.0
38.929880142211914,0.414,-0.254,2.131,-0.092,0.635,0.0,0.0,0.0
38.939756870269775,0.206,-0.329,2.197,-0.087,0.558,0.0,0.0,0.0
38.95063090324402,0.382,-0.239,2.085,-0.059,0.635,0.0,0.0,0.0
38.960023641586304,0.393,-0.195,2.194,-0.088,0.609,0.0,0.0,0.0
38.97002077102661,0.162,-0.225,2.167,-0.075,0.615,0.0,0.0,0.0
38.980255126953125,0.382,-0.223,2.175,-0.068,0.615,0.0,0.0,0.0
38.99071907997131,0.382,-0.206,2.189,-0.07,0.618,0.0,0.0,0.0
39.000160217285156,0.152,-0.207,2.218,-0.065,0.6,0.0,-0.002,-0.002
39.00977921485901,0.338,-0.256,2.21,-0.055,0.562,0.0,0.0,0.0
39.02081489562988,0.349,-0.227,2.154,-0.057,0.606,0.0,-0.001,0.001
39.03013491630554,0.349,-0.197,2.222,-0.029,0.577,0.0,0.0,0.0
39.03997492790222,0.568,-0.17,2.242,-0.027,0.518,0.0,0.0,0.0
39.05023908615112,0.173,-0.19,2.213,-0.016,0.574,0.0,0.0,0.0
39.060052156448364,0.36,-0.131,2.166,-0.001,0.56,0.0,-0.004,-0.004
39.06995105743408,0.36,-0.178,2.145,0.004,0.624,0.0,0.0,0.0
39.07996082305908,0.36,-0.196,2.066,0.017,0.624,0.0,0.0,0.0
39.089975357055664,0.36,-0.197,2.116,0.042,0.625,0.0,0.0,0.0
39.099865198135376,0.349,-0.15,2.066,0.053,0.589,0.0,0.0,0.0
39.1099374294281,0.141,-0.164,2.08,0.076,0.653,0.0,0.0,0.0
39.12044668197632,0.371,-0.179,2.021,0.12,0.565,0.0,-0.003,-0.003
39.129868507385254,0.349,-0.126,2.06,0.171,0.526,0.0,0.0,0.0
39.13974189758301,0.349,-0.168,2.024,0.168,0.579,0.0,0.0,0.0
39.149837017059326,0.349,-0.168,2.022,0.168,0.6,0.0,-0.001,0.001
39.16016960144043,0.349,-0.178,2.042,0.189,0.639,0.0,0.0,0.0
39.169973850250244,0.349,-0.129,2.099,0.26,0.568,0.0,0.0,0.0
39.180657386779785,0.338,-0.156,2.067,0.181,0.583,0.0,0.0,0.0
39.190651178359985,0.36,-0.124,2.071,0.281,0.571,0.0,0.0,0.0
39.20074772834778,0.36,-0.154,2.076,0.29,0.593,0.0,0.0,0.0
39.20992588996887,0.36,-0.206,2.084,0.287,0.696,0.0,0.0,0.0
39.21970295906067,0.338,-0.17,2.079,0.251,0.67,0.0,0.0,0.0
39.23015069961548,0.36,-0.198,2.084,0.268,0.655,0.0,0.0,0.0
39.239747762680054,0.349,-0.217,2.092,0.207,0.602,0.0,0.0,0.0
39.24981236457825,0.327,-0.258,2.075,0.212,0.68,0.0,0.0,0.0
39.26055192947388,0.338,-0.204,2.105,0.305,0.715,0.0,0.0,0.0
39.27008652687073,0.371,-0.214,2.098,0.204,0.561,0.0,0.0,0.0
39.28069472312927,0.349,-0.224,2.092,0.255,0.63,0.0,0.0,0.0
39.29084515571594,0.349,-0.19,2.086,0.337,0.596,0.0,0.0,0.0
39.30089998245239,0.36,-0.176,2.092,0.318,0.601,0.0,0.0,0.0
39.31071758270264,0.338,-0.229,2.079,0.307,0.715,0.0,0.0,0.0
39.319684743881226,0.349,-0.239,2.086,0.352,0.713,0.0,0.0,0.0
39.32998561859131,0.349,-0.206,2.065,0.342,0.698,0.0,0.0,0.0
39.340336561203,0.327,-0.209,2.057,0.359,0.587,0.0,-0.001,0.001
39.34969687461853,0.327,-0.185,2.054,0.351,0.607,0.0,0.0,0.0
39.36043095588684,0.349,-0.237,2.041,0.397,0.581,0.006,0.0,0.0
39.37144994735718,0.349,-0.268,2.038,0.273,0.623,0.0,0.0,0.0
39.38024544715881,0.338,-0.243,2.025,0.293,0.723,0.0,0.0,0.0
39.39001822471619,0.349,-0.212,2.026,0.38,0.591,0.0,0.0,0.0
39.40029740333557,0.349,-0.224,1.994,0.307,0.584,0.001,0.0,0.0
39.410616874694824,0.382,-0.187,1.983,0.354,0.586,0.0,0.0,0.0
39.420570611953735,0.349,-0.175,1.984,0.449,0.612,0.0,0.0,0.0
39.429872035980225,0.349,-0.155,1.974,0.398,0.586,0.0,0.0,0.0
39.44015884399414,0.568,-0.208,1.938,0.347,0.693,0.0,0.0,0.0
39.44986343383789,0.36,-0.183,1.918,0.376,0.632,0.0,0.0,0.0
39.45981788635254,0.36,-0.175,1.903,0.335,0.672,0.0,0.0,0.0
39.47030711174011,0.59,-0.191,1.887,0.313,0.676,0.0,0.0,0.0
39.48057675361633,0.382,-0.185,1.838,0.401,0.574,0.0,0.0,0.0
39.4903678894043,0.382,-0.203,1.815,0.465,0.593,0.0,0.0,0.0
39.500794649124146,0.59,-0.146,1.756,0.495,0.514,0.008,0.0,0.0
39.51014828681946,0.404,-0.189,1.726,0.494,0.571,0.0,0.0,0.0
39.52027344703674,0.612,-0.184,1.709,0.493,0.563,0.0,0.0,0.0
39.529847860336304,0.414,-0.177,1.628,0.528,0.546,0.009,0.0,0.0
39.54022145271301,0.634,-0.173,1.612,0.393,0.635,0.0,0.0,0.0
39.549745321273804,0.436,-0.182,1.53,0.364,0.551,0.0,0.0,0.0
39.55977654457092,0.645,-0.192,1.58,0.301,0.654,0.0,0.0,0.0
39.5701744556427,0.458,-0.151,1.489,0.407,0.599,0.001,0.0,0.0
39.58001732826233,0.667,-0.187,1.437,0.414,0.666,0.0,0.0,0.0
39.590150594711304,0.469,-0.174,1.417,0.371,0.584,0.0,0.0,0.0
39.59982633590698,0.677,-0.186,1.391,0.534,0.555,0.0,0.0,0.0
39.61049151420593,0.48,-0.175,1.399,0.343,0.665,0.0,0.0,0.0
39.61974620819092,0.699,-0.175,1.411,0.578,0.564,0.0,0.0,0.0
39.62977385520935,0.732,-0.149,1.422,0.405,0.656,0.001,0.0,0.0
39.64084839820862,0.513,-0.145,1.404,0.375,0.603,0.0,0.0,0.0
39.6497917175293,0.732,-0.172,1.389,0.529,0.631,0.0,0.0,0.0
39.6599555015564,0.524,-0.162,1.43,0.331,0.7,0.0,0.0,0.0
39.67098927497864,0.765,-0.192,1.433,0.312,0.578,0.0,0.0,0.0
39.68050742149353,0.557,-0.184,1.419,0.454,0.686,0.0,0.0,0.0
39.69006371498108,0.776,-0.189,1.423,0.564,0.608,0.0,0.0,0.0
39.699891805648804,0.798,-0.194,1.454,0.54,0.635,0.0,0.0,0.0
39.71075391769409,0.59,-0.134,1.403,0.315,0.741,0.0,-0.001,-0.001
39.71979808807373,0.82,-0.117,1.425,0.503,0.59,0.0,0.0,0.0
39.729756355285645,0.831,-0.189,1.483,0.328,0.717,0.0,0.0,0.0
39.74046730995178,0.634,-0.18,1.459,0.329,0.681,0.0,0.0,0.0
39.751036643981934,0.853,-0.18,1.467,0.446,0.554,0.0,0.0,0.0
39.7598717212677,0.864,-0.189,1.48,0.488,0.762,0.0,0.0,0.0
39.769919872283936,0.688,-0.193,1.48,0.482,0.688,0.0,0.0,0.0
39.77992916107178,0.897,-0.18,1.444,0.328,0.617,0.0,0.0,0.0
39.7901496887207,0.919,-0.184,1.442,0.398,0.662,0.0,0.0,0.0
39.79980158805847,0.951,-0.185,1.416,0.584,0.546,0.0,0.0,0.0
39.810399770736694,0.951,-0.189,1.388,0.467,0.653,0.0,0.0,0.0
39.8201105594635,0.973,-0.186,1.375,0.606,0.543,0.0,0.0,0.0
39.82983708381653,0.995,-0.166,1.416,0.637,0.581,0.0,0.0,0.0
39.8398540019989,0.809,-0.167,1.424,0.471,0.614,0.0,0.0,0.0
39.849995136260986,1.028,-0.171,1.462,0.404,0.627,0.0,0.0,0.0
39.85979628562927,1.039,-0.175,1.378,0.337,0.413,0.0,-0.001,0.001
39.870020389556885,1.072,-0.171,1.462,0.397,0.639,0.0,0.0,0.0
39.8812530040741,1.105,-0.175,1.333,0.45,0.533,0.0,0.0,0.0
39.890013217926025,1.105,-0.167,1.466,0.354,0.675,0.0,0.0,0.0
39.900776386260986,1.127,-0.175,1.374,0.419,0.578,0.0,0.0,0.0
39.910759925842285,1.149,-0.162,1.388,0.59,0.475,0.0,0.0,0.0
39.92076539993286,1.16,-0.166,1.39,0.545,0.532,0.0,0.0,0.0
39.93059682846069,1.203,-0.17,1.368,0.535,0.531,0.0,0.0,0.0
39.939932346343994,1.214,-0.158,1.367,0.585,0.52,0.0,0.0,0.0
39.950408935546875,1.28,-0.17,1.408,0.384,0.629,0.0,0.0,0.0
39.959818840026855,1.269,-0.154,1.346,0.571,0.48,0.0,0.0,0.0
39.97021269798279,1.291,-0.158,1.391,0.296,0.649,0.0,0.0,0.0
39.98118305206299,1.346,-0.157,1.395,0.349,0.472,0.0,0.0,0.0
39.99050259590149,1.335,-0.153,1.454,0.325,0.721,0.0,0.0,0.0
40.00114059448242,1.368,-0.14,1.413,0.417,0.542,0.0,0.0,0.0
40.010454416275024,1.609,-0.148,1.457,0.24,0.749,0.0,0.0,0.0
40.02006673812866,1.434,-0.144,1.366,0.321,0.464,0.0,0.0,0.0
40.02980303764343,1.466,-0.136,1.351,0.265,0.485,0.0,0.0,0.0
40.03977870941162,1.466,-0.139,1.423,0.407,0.661,0.0,0.0,0.0
40.05128860473633,1.521,-0.13,1.398,0.357,0.621,0.0,0.0,0.0
40.06006741523743,1.773,-0.122,1.39,0.27,0.642,0.0,0.0,0.0
40.0700523853302,1.576,-0.13,1.394,0.385,0.499,0.0,0.0,0.0
40.08052468299866,1.598,-0.125,1.38,0.485,0.454,0.0,0.0,0.0
40.090410470962524,1.653,-0.121,1.345,0.429,0.471,0.0,0.0,0.0
40.099791288375854,1.894,-0.109,1.379,0.462,0.607,0.001,0.0,0.0
40.11017823219299,1.696,-0.113,1.345,0.349,0.585,0.0,0.0,0.0
40.11981511116028,1.718,-0.108,1.313,0.463,0.467,0.0,0.0,0.0
40.1297721862793,1.554,-0.099,1.439,0.326,0.687,0.0,0.0,0.0
40.14009070396423,1.981,-0.096,1.455,0.409,0.623,0.0,0.0,0.0
40.150110960006714,1.806,-0.095,1.42,0.378,0.583,0.0,0.0,0.0
40.15977239608765,1.642,-0.091,1.457,0.357,0.612,0.0,0.0,0.0
40.16985845565796,2.08,-0.098,1.423,0.288,0.708,0.0,0.0,0.0
40.180991411209106,1.916,-0.083,1.429,0.357,0.513,0.0,0.0,0.0
40.191001415252686,1.938,-0.072,1.441,0.381,0.658,0.0,0.0,0.0
40.1998450756073,1.762,-0.077,1.403,0.331,0.852,0.0,0.0,0.0
40.21045660972595,1.981,-0.065,1.438,0.251,0.658,0.0,0.0,0.0
40.22017526626587,1.587,-0.056,1.359,0.58,0.486,0.0,0.0,0.0
40.22977614402771,2.036,-0.055,1.359,0.54,0.556,0.001,0.0,0.0
40.24003314971924,1.609,-0.051,1.322,0.26,0.589,0.0,0.0,0.0
40.250463008880615,1.828,-0.05,1.387,0.474,0.547,0.0,0.0,0.0
40.261011362075806,1.872,-0.046,1.317,0.51,0.462,0.0,0.0,0.0
40.2697548866272,1.642,-0.037,1.315,0.295,0.51,0.0,0.0,0.0
40.2814154624939,1.894,-0.033,1.342,0.367,0.751,0.0,0.0,0.0
40.29039645195007,1.653,-0.032,1.464,0.246,0.702,0.0,-0.001,0.001
40.30078053474426,1.675,-0.028,1.331,0.58,0.535,0.0,0.0,0.0
40.31066107749939,1.696,-0.023,1.283,0.558,0.451,0.0,0.0,0.0
40.32098054885864,1.883,-0.015,1.348,0.498,0.462,0.0,0.0,0.0
40.3306679725647,1.664,-0.011,1.291,0.521,0.455,0.0,0.0,0.0
40.33972382545471,1.686,-0.011,1.296,0.475,0.491,0.0,0.0,0.0
40.350412130355835,1.696,-0.002,1.359,0.237,0.613,0.0,0.0,0.0
40.36039757728577,1.948,-0.003,1.289,0.509,0.414,0.0,0.0,0.0
40.369640588760376,1.499,0.007,1.289,0.599,0.44,0.0,0.0,0.0
40.37990474700928,1.675,0.008,1.453,0.403,0.597,0.0,0.0,0.0
40.390934228897095,1.894,-0.047,1.416,0.381,0.545,0.0,0.0,0.0
40.39989376068115,1.762,0.003,1.251,0.423,0.434,0.0,0.0,0.0
40.40984392166138,1.477,0.008,1.405,0.364,0.562,0.0,0.0,0.0
40.419827938079834,1.477,0.003,1.429,0.428,0.742,0.0,0.0,0.0
40.42984390258789,1.894,0.008,1.403,0.348,0.633,0.0,0.0,0.0
40.44003868103027,1.751,-0.046,1.352,0.632,0.584,0.0,0.0,0.0
40.45104193687439,1.477,-0.032,1.298,0.626,0.332,0.0,0.0,0.0
40.460511207580566,1.664,-0.006,1.371,0.546,0.631,0.0,0.0,0.0
40.47008228302002,1.675,-0.002,1.251,0.586,0.342,0.0,0.0,0.0
40.48028230667114,1.696,0.017,1.33,0.402,0.445,0.0,0.0,0.0
40.49103569984436,1.675,0.02,1.371,0.455,0.464,0.0,0.0,0.0
40.499915599823,1.675,0.005,1.337,0.25,0.662,0.0,0.0,0.0
40.51006603240967,1.631,0.024,1.307,0.506,0.49,0.0,0.0,0.0
40.52002668380737,1.696,0.02,1.33,0.464,0.183,0.0,-0.001,0.001
40.52998661994934,1.653,0.021,1.289,0.381,0.412,0.0,0.0,0.0
40.53988718986511,1.828,0.03,1.257,0.236,0.357,0.0,0.0,0.0
40.55067205429077,1.686,0.025,1.448,0.233,0.628,0.0,0.0,0.0
40.56034231185913,1.653,0.019,1.243,0.534,0.438,0.0,0.0,0.0
40.56983971595764,1.444,0.028,1.238,0.644,0.445,0.0,-0.001,0.001
40.58024048805237,1.883,0.039,1.51,0.484,0.64,0.0,0.0,0.0
40.59018278121948,1.631,0.017,1.317,0.486,0.481,0.0,0.0,0.0
40.600255250930786,1.631,0.05,1.435,0.603,0.367,0.0,0.0,0.0
40.6103892326355,1.631,0.009,1.27,0.483,0.438,0.0,0.0,0.0
40.62014675140381,1.664,0.014,1.236,0.616,0.499,0.0,0.0,0.0
40.63017916679382,1.631,0.014,1.337,0.453,0.614,0.0,0.0,0.0
40.63991928100586,1.631,0.013,1.44,0.549,0.415,0.0,0.0,0.0
40.649850845336914,1.85,0.028,1.359,0.316,0.552,0.0,0.0,0.0
40.66072750091553,1.598,0.017,1.395,0.26,0.496,0.0,0.0,0.0
40.6704957485199,1.806,0.024,1.357,0.501,0.497,0.0,0.0,0.0
40.67991924285889,1.872,0.008,1.336,0.651,0.445,0.0,0.0,0.0
40.69060802459717,1.609,0.015,1.319,0.436,0.422,0.0,0.0,0.0
40.700854778289795,1.806,0.025,1.331,0.635,0.475,0.0,-0.001,0.001
40.70991659164429,1.609,0.02,1.384,0.633,0.441,0.0,-0.001,0.001
40.72011923789978,1.828,0.02,1.388,0.563,0.432,0.0,0.0,0.0
40.73015880584717,1.653,0.014,1.287,0.686,0.351,0.0,0.0,0.0
40.73998475074768,1.839,0.019,1.292,0.644,0.389,0.0,0.0,0.0
40.75072479248047,1.828,0.029,1.251,0.49,0.605,0.0,0.0,0.0
40.760056257247925,1.653,0.018,1.324,0.624,0.363,0.006,0.0,0.0
40.77043843269348,1.817,0.021,1.405,0.426,0.539,0.0,0.0,0.0
40.78070425987244,1.62,0.029,1.24,0.694,0.331,0.0,0.0,0.0
40.79017949104309,1.642,0.031,1.385,0.582,0.431,0.0,0.0,0.0
40.79987549781799,1.62,0.039,1.291,0.491,0.484,0.0,0.0,0.0
40.809869050979614,1.806,0.034,1.391,0.358,0.67,0.0,0.0,0.0
40.819791078567505,1.795,0.025,1.33,0.553,0.579,0.0,0.0,0.0
40.82983136177063,1.631,0.027,1.416,0.425,0.431,0.0,0.0,0.0
40.84011387825012,1.368,0.035,1.399,0.613,0.817,0.0,0.0,0.0
40.85010361671448,2.003,0.035,1.382,0.623,0.431,0.0,0.0,0.0
40.85981559753418,1.642,0.029,1.371,0.469,0.367,0.0,0.0,0.0
40.87041139602661,2.025,0.026,1.493,0.45,0.505,0.0,0.0,0.0
40.880845069885254,1.609,0.038,1.313,0.617,0.288,0.0,0.0,0.0
40.89083814620972,1.839,0.032,1.335,0.594,0.448,0.0,0.0,0.0
40.90043640136719,1.598,0.041,1.313,0.709,0.351,0.0,0.0,0.0
40.909995794296265,1.795,0.04,1.258,0.669,0.473,0.001,0.0,0.0
40.92068600654602,1.806,0.034,1.53,0.539,0.384,0.0,0.0,0.0
40.92976355552673,1.85,0.036,1.306,0.635,0.506,0.0,0.0,0.0
40.940178632736206,1.587,0.037,1.424,0.441,0.654,0.0,0.0,0.0
40.95035910606384,1.368,0.046,1.456,0.702,0.414,0.0,0.0,0.0
40.95981788635254,1.992,0.045,1.336,0.542,0.418,0.0,0.0,0.0
40.970211029052734,1.62,0.046,1.414,0.442,0.767,0.0,0.0,0.0
40.98088455200195,1.773,0.043,1.318,0.552,0.46,0.0,0.0,0.0
40.99079966545105,1.554,0.043,1.339,0.597,0.465,0.0,0.0,0.0
41.000643730163574,1.729,0.037,1.279,0.528,0.77,0.0,0.0,0.0
41.00986981391907,1.62,0.036,1.266,0.632,0.382,0.0,0.0,0.0
41.020024061203,1.751,0.046,1.491,0.424,0.433,0.0,0.0,0.0
41.029794692993164,1.981,0.05,1.328,0.51,0.502,0.0,0.0,0.0
41.04006218910217,1.609,0.044,1.337,0.403,0.552,0.0,0.0,0.0
41.04997491836548,1.554,0.041,1.315,0.509,0.277,0.0,0.0,0.0
41.06043291091919,1.751,0.048,1.309,0.613,0.559,0.0,0.0,0.0
41.06970691680908,1.587,0.028,1.305,0.756,0.337,0.0,0.0,0.0
41.08002829551697,1.751,0.019,1.4,0.305,0.643,0.0,0.0,0.0
41.09035658836365,1.762,0.043,1.33,0.708,0.416,0.0,0.0,0.0
41.09991812705994,1.784,0.038,1.239,0.655,0.36,0.0,0.0,0.0
41.110090017318726,1.543,0.042,1.324,0.496,0.713,0.0,0.0,0.0
41.12106442451477,1.729,0.04,1.241,0.509,0.259,0.0,0.0,0.0
41.12991189956665,1.938,0.034,1.389,0.699,0.658,0.0,0.0,0.0
41.139984130859375,1.598,0.04,1.265,0.353,0.58,0.0,-0.001,0.001
41.15069580078125,1.532,0.03,1.279,0.382,0.546,0.0,0.0,0.0
41.16024732589722,1.729,0.038,1.213,0.726,0.342,0.0,0.0,0.0
41.169881105422974,1.521,0.035,1.23,0.707,0.492,0.0,0.0,0.0
41.179964542388916,1.773,0.035,1.371,0.358,0.662,0.0,0.0,0.0
41.190277099609375,1.938,0.033,1.315,0.461,0.485,0.0,-0.001,0.001
41.19995832443237,1.499,0.036,1.181,0.645,0.3,0.0,0.0,0.0
41.20985174179077,1.762,0.033,1.213,0.478,0.601,0.0,0.0,0.0
41.220030784606934,1.718,0.038,1.344,0.433,0.462,0.0,0.0,0.0
41.22986912727356,1.707,0.041,1.245,0.54,0.337,0.0,0.0,0.0
41.23974680900574,1.981,0.04,1.351,0.516,0.26,0.0,0.0,0.0
41.25007200241089,1.521,0.025,1.374,0.408,0.458,0.0,0.0,0.0
41.26042413711548,1.751,0.032,1.272,0.768,0.348,0.0,0.0,0.0
41.2698130607605,1.927,0.036,1.183,0.726,0.342,0.001,0.0,0.0
41.27990436553955,1.565,0.031,1.484,0.462,0.579,0.0,0.0,0.0
41.290449142456055,1.729,0.04,1.255,0.491,0.661,0.0,0.0,0.0
41.30039691925049,1.729,0.04,1.22,0.628,0.379,0.0,-0.001,0.001
41.309922218322754,1.718,0.038,1.282,0.648,0.231,0.0,0.0,0.0
41.31973648071289,1.751,0.038,1.393,0.61,0.596,0.0,0.0,0.0
41.33022737503052,1.554,0.035,1.417,0.411,0.718,0.0,0.0,0.0
41.33987021446228,1.784,0.041,1.372,0.69,0.48,0.0,0.0,0.0
41.35016107559204,1.718,0.04,1.295,0.587,0.448,0.0,0.0,0.0
41.359896659851074,1.521,0.031,1.292,0.559,0.389,0.001,0.0,0.0
41.3707549571991,1.905,0.036,1.459,0.559,0.468,0.0,0.0,0.0
41.37995195388794,1.554,0.037,1.218,0.532,0.444,0.0,0.0,0.0
41.39004182815552,1.718,0.036,1.278,0.671,0.53,0.0,0.0,0.0
41.399863719940186,1.718,-0.008,1.21,0.575,0.328,0.0,0.0,0.0
41.409822940826416,1.905,0.0,1.402,0.459,0.59,0.0,0.0,0.0
41.4197211265564,1.565,0.03,1.386,0.461,0.589,0.0,0.0,0.0
41.43036699295044,1.718,0.029,1.46,0.539,0.669,0.0,0.0,0.0
41.44003343582153,1.707,0.029,1.196,0.64,0.498,0.0,0.0,0.0
41.45023798942566,1.718,0.028,1.286,0.57,0.432,0.0,0.0,0.0
41.46001648902893,1.466,0.038,1.059,0.611,0.533,0.0,0.0,0.0
41.47003149986267,1.97,0.036,1.389,0.591,0.307,0.0,-0.001,0.001
41.4798538684845,1.302,0.029,1.179,0.738,0.449,0.0,0.0,0.0
41.49068522453308,1.686,0.024,1.353,0.476,0.575,0.0,0.0,0.0
41.50062298774719,1.686,0.035,1.272,0.703,0.311,0.0,0.0,0.0
41.50993084907532,1.751,0.025,1.318,0.711,0.359,0.0,0.0,0.0
41.5197331905365,1.905,0.035,1.375,0.431,0.523,0.0,0.0,0.0
41.53023910522461,1.488,0.036,1.395,0.512,0.41,0.0,-0.001,0.001
41.5407612323761,1.905,0.038,1.479,0.633,0.272,0.0,0.0,0.0
41.54997539520264,1.74,0.035,1.211,0.695,0.315,0.0,0.0,0.0
41.5609028339386,1.718,0.043,1.169,0.651,0.583,0.0,0.0,0.0
41.57050442695618,1.488,0.03,1.315,0.744,0.751,0.0,0.0,0.0
41.57983326911926,1.927,0.036,1.332,0.682,0.368,0.0,-0.001,0.001
41.589943170547485,1.751,0.036,1.383,0.439,0.571,0.0,0.0,0.0
41.6006715297699,1.707,0.04,1.273,0.54,0.411,0.0,0.0,0.0
41.61028337478638,1.488,0.043,1.167,0.71,0.252,0.0,0.0,0.0
41.619884967803955,1.883,0.043,1.294,0.739,0.417,0.0,0.0,0.0
41.62999510765076,1.762,0.038,1.254,0.781,0.335,0.0,0.0,0.0
41.64004349708557,1.751,0.028,1.374,0.705,0.471,0.0,0.0,0.0
41.64983940124512,1.696,0.034,1.178,0.585,0.339,0.0,0.0,0.0
41.66020941734314,1.916,0.038,1.184,0.53,0.31,0.0,0.0,0.0
41.670785903930664,1.707,0.045,1.297,0.897,0.447,0.0,0.0,0.0
41.68068790435791,1.773,0.038,1.249,0.769,0.439,0.0,0.0,0.0
41.69062066078186,1.959,0.03,1.189,0.88,0.275,0.0,0.0,0.0
41.70078921318054,1.521,0.041,1.239,0.857,0.439,0.0,0.0,0.0
41.71003484725952,1.938,0.031,1.241,0.619,0.433,0.0,0.0,0.0
41.719817876815796,1.751,0.028,1.243,0.747,0.346,0.0,0.0,0.0
41.72984433174133,1.587,0.04,1.366,0.507,0.506,0.0,0.0,0.0
41.74060797691345,1.981,0.038,1.479,0.666,0.428,0.0,0.0,0.0
41.74988269805908,1.773,0.038,1.199,0.78,0.308,0.0,0.0,0.0
41.760032653808594,1.521,0.036,1.271,0.655,0.446,0.0,-0.004,0.004
41.770503520965576,1.718,0.038,1.229,0.494,0.452,0.0,0.0,0.0
41.78076672554016,1.499,0.04,1.257,0.742,0.443,0.0,0.0,0.0
41.79062366485596,1.707,0.041,1.315,0.844,0.76,0.0,0.0,0.0
41.80080580711365,1.916,0.039,1.305,0.877,0.362,0.0,-0.001,0.001
41.810850620269775,1.543,0.038,1.329,0.767,0.367,0.0,0.0,0.0
41.82006120681763,2.003,0.038,1.299,0.768,0.605,0.0,0.0,0.0
41.82984447479248,1.532,0.041,1.18,0.767,0.424,0.0,0.0,0.0
41.84043836593628,1.707,0.043,1.286,0.65,0.398,0.0,0.0,0.0
41.84984469413757,1.499,0.032,1.215,0.745,0.297,0.0,0.0,0.0
41.86009645462036,1.916,0.035,1.429,0.474,0.337,0.0,0.0,0.0
41.87009310722351,1.686,0.034,1.277,0.606,0.229,0.0,0.0,0.0
41.88075137138367,1.51,0.04,1.237,0.733,0.392,0.0,-0.001,0.001
41.88987350463867,1.751,0.039,1.183,0.738,0.304,0.0,0.0,0.0
41.9000289440155,1.707,0.037,1.293,0.609,0.521,0.0,0.0,0.0
41.910014152526855,1.707,0.042,1.152,0.507,0.271,0.0,0.0,0.0
41.92012548446655,1.718,0.047,1.374,0.586,0.323,0.0,0.0,0.0
41.92977690696716,1.707,0.042,1.262,0.725,0.272,0.0,0.0,0.0
41.94008731842041,1.718,0.046,1.47,0.565,0.635,0.0,-0.001,0.001
41.9503960609436,1.74,0.045,1.182,0.575,0.471,0.0,0.0,0.0
41.9599027633667,1.916,0.044,1.223,0.67,0.429,0.0,0.0,0.0
41.97076106071472,1.718,0.048,1.313,0.944,0.3,0.0,0.0,0.0
41.980974435806274,1.718,0.048,1.244,0.793,0.352,0.0,0.0,0.0
41.989967346191406,1.981,0.051,1.331,0.782,0.328,0.0,0.0,0.0
42.00079083442688,1.718,0.048,1.417,0.718,0.448,0.0,0.0,0.0
42.010828495025635,1.74,0.048,1.236,0.457,0.391,0.0,0.0,0.0
42.02070879936218,1.927,0.049,1.377,0.882,0.403,0.0,0.0,0.0
42.03064489364624,1.751,0.041,1.264,0.825,0.361,0.0,0.0,0.0
42.04025602340698,1.707,0.034,1.235,0.793,0.395,0.0,0.0,0.0
42.04984998703003,1.773,0.046,1.306,0.722,0.427,0.0,0.0,0.0
42.05986428260803,1.795,0.038,1.287,0.449,0.704,0.0,-0.002,0.002
42.07039952278137,1.587,0.05,1.475,0.579,0.401,0.0,-0.003,0.003
42.08103919029236,1.751,0.042,1.181,0.892,0.272,0.0,0.0,0.0
42.090654611587524,1.74,0.031,1.269,0.75,0.4,0.0,0.0,0.0
42.10074019432068,1.959,0.039,1.229,0.842,0.184,0.0,0.0,0.0
42.110286712646484,1.532,0.042,1.247,0.8,0.264,0.0,0.0,0.0
42.11998891830444,1.938,0.044,1.064,0.739,0.275,0.0,0.0,0.0
42.12991404533386,1.718,0.041,1.345,0.638,0.267,0.0,0.0,0.0
42.14003229141235,1.565,0.039,1.454,0.512,0.243,0.0,0.0,0.0
42.1498167514801,1.773,0.041,1.216,0.764,0.236,0.0,-0.001,0.001
42.159849405288696,1.795,0.039,1.36,0.455,0.314,0.0,0.0,0.0
42.171396255493164,1.828,0.041,1.272,0.726,0.422,0.0,-0.008,0.008
42.1806902885437,1.762,0.038,1.419,0.52,0.656,0.0,0.0,0.0
42.19010782241821,1.598,0.044,1.079,0.9,0.228,0.0,0.0,0.0
42.19986915588379,1.773,0.04,1.147,0.767,0.416,0.0,0.0,0.0
42.209991216659546,1.938,0.033,1.156,0.581,0.397,0.0,-0.004,0.004
42.2198748588562,1.74,0.042,1.468,0.653,0.315,0.0,0.0,0.0
42.2297523021698,1.532,0.044,1.282,0.529,0.317,0.0,0.0,0.0
42.240495443344116,1.948,0.041,1.612,0.39,0.528,0.0,0.0,0.0
42.250571966171265,1.729,0.036,1.137,0.808,0.213,0.0,0.0,0.0
42.25995206832886,1.729,0.03,1.139,0.762,0.332,0.0,0.0,0.0
42.270368337631226,2.025,0.044,1.321,0.541,0.301,0.0,0.0,0.0
42.28020739555359,1.817,0.042,1.224,0.879,0.462,0.0,0.0,0.0
42.28987765312195,1.62,0.038,1.097,0.962,0.334,0.0,0.0,0.0
42.300591468811035,1.773,0.038,1.394,0.662,0.398,0.0,0.0,0.0
42.31040406227112,2.036,0.042,1.132,0.777,0.382,0.0,0.0,0.0
42.320759296417236,1.587,0.045,1.199,0.969,0.371,0.0,0.0,0.0
42.33060145378113,1.784,0.039,1.305,0.921,0.323,0.0,0.0,0.0
42.34071588516235,1.74,0.041,1.103,0.887,0.315,0.0,0.0,0.0
42.35090231895447,1.751,0.036,1.281,0.913,0.29,0.0,0.0,0.0
42.35980534553528,1.751,0.039,1.172,0.905,0.713,0.0,0.0,0.0
42.37000560760498,1.751,0.041,1.433,0.69,0.656,0.001,0.0,0.0
42.38021278381348,1.938,0.032,1.248,0.844,0.25,0.0,0.0,0.0
42.39019799232483,1.773,0.033,1.191,0.662,0.251,0.0,0.0,0.0
42.399887800216675,1.565,0.036,1.165,0.718,0.11,0.0,0.0,0.0
42.40991187095642,1.74,0.034,1.42,0.759,0.319,0.0,0.0,0.0
42.42118859291077,1.784,0.039,1.33,0.624,0.262,0.001,0.0,0.0
42.42982316017151,1.762,0.033,1.363,0.472,0.584,0.0,0.0,0.0
42.43999433517456,2.014,0.035,1.33,0.55,0.329,0.0,0.0,0.0
42.45112156867981,1.795,0.036,1.231,0.629,0.431,0.0,0.0,0.0
42.459834814071655,1.751,0.039,1.421,0.499,0.566,0.0,0.0,0.0
42.47006130218506,1.806,0.036,1.475,0.79,0.357,0.0,0.0,0.0
42.48076128959656,1.806,0.035,1.232,0.727,0.276,0.0,-0.001,0.001
42.489869356155396,1.751,0.042,1.21,0.882,0.399,0.0,0.0,0.0
42.49989342689514,1.828,0.041,1.271,0.695,0.538,0.0,0.0,0.0
42.51072430610657,1.828,0.036,1.461,0.6,0.491,0.0,-0.001,0.001
42.52021241188049,1.795,0.039,1.11,0.894,0.401,0.0,0.0,0.0
42.530105113983154,1.817,0.034,1.441,0.8,0.408,0.0,0.0,0.0
42.54069519042969,1.587,0.037,1.192,0.884,0.302,0.0,-0.002,0.002
42.55099654197693,1.74,0.038,1.36,0.769,0.39,0.0,0.0,0.0
42.56003451347351,1.762,0.039,1.352,0.768,0.624,0.0,0.0,0.0
42.56997561454773,1.751,0.04,1.026,0.77,0.23,0.0,0.0,0.0
42.58091711997986,1.773,0.044,1.246,0.681,0.357,0.0,0.0,0.0
42.59087538719177,1.762,0.046,1.153,0.539,0.324,0.0,0.0,0.0
42.60068321228027,1.751,0.039,1.318,0.748,0.667,0.0,0.0,0.0
42.61074376106262,1.762,0.039,1.13,0.872,0.341,0.0,0.0,0.0
42.62068724632263,1.74,0.017,1.19,1.022,0.389,0.0,0.0,0.0
42.630715131759644,1.543,0.036,1.215,0.897,0.321,0.0,0.0,0.0
42.63965439796448,1.773,0.033,1.153,0.767,0.269,0.0,0.0,0.0
42.64996933937073,1.74,0.039,1.368,0.472,0.604,0.0,0.0,0.0
42.660139083862305,1.729,0.039,1.377,0.497,0.293,0.0,0.0,0.0
42.670347452163696,1.521,0.036,1.197,0.853,0.27,0.0,0.0,0.0
42.680505990982056,1.532,0.034,1.065,0.923,0.316,0.0,0.0,0.0
42.690080404281616,1.718,0.033,1.144,0.796,0.21,0.0,0.0,0.0
42.69987940788269,1.707,0.031,1.227,0.928,0.232,0.0,0.0,0.0
42.70999884605408,1.959,0.033,1.172,0.761,0.727,0.0,0.0,0.0
42.71995162963867,1.74,0.032,1.146,0.842,0.482,0.0,0.0,0.0
42.72986435890198,1.729,0.029,1.216,0.897,0.197,0.0,0.0,0.0
42.739766120910645,1.729,0.039,1.413,0.522,0.258,0.0,0.0,0.0
42.750147581100464,1.74,0.028,1.187,0.979,0.265,0.0,0.0,0.0
42.759970903396606,1.718,0.036,1.18,0.913,0.133,0.0,0.0,0.0
42.76997661590576,1.74,0.036,1.145,0.812,0.298,0.0,0.0,0.0
42.78031039237976,1.729,0.032,1.492,0.717,0.19,0.0,0.0,0.0
42.78977108001709,1.729,0.034,1.182,0.96,0.141,0.0,-0.001,0.001
42.800036668777466,1.51,0.032,1.497,0.739,0.551,0.0,-0.001,0.001
42.80997681617737,1.718,0.035,1.243,0.673,0.381,0.0,-0.004,0.004
42.819796562194824,1.707,0.026,1.323,0.934,0.257,0.0,0.0,0.0
42.8298454284668,1.718,0.034,1.423,0.707,0.609,0.0,0.0,0.0
42.83982276916504,1.718,0.032,1.493,0.598,0.303,0.0,0.0,0.0
42.849958181381226,1.718,0.036,1.5,0.87,0.37,0.0,0.0,0.0
42.85988259315491,1.718,0.037,1.303,0.921,0.387,0.0,-0.002,0.002
42.8704514503479,1.948,0.036,1.243,0.822,0.508,0.0,0.0,0.0
42.87988996505737,1.729,0.025,1.136,0.844,0.287,0.0,0.0,0.0
42.89017343521118,1.74,0.021,1.235,0.554,0.213,0.0,0.0,0.0
42.90084147453308,1.784,0.033,1.289,0.786,0.258,0.0,0.0,0.0
42.91086959838867,1.565,0.03,1.3,0.596,0.256,0.0,0.0,0.0
42.92071056365967,1.773,0.033,1.259,0.613,0.282,0.0,0.0,0.0
42.93067693710327,1.773,0.033,0.982,0.999,0.273,0.0,0.0,0.0
42.9404091835022,1.97,0.031,0.973,0.967,0.234,0.0,0.0,0.0
42.950347661972046,1.751,0.034,1.166,1.04,0.182,0.0,0.0,0.0
42.960052490234375,1.784,0.028,1.089,0.995,0.129,0.0,0.0,0.0
42.97073984146118,1.762,0.027,1.199,0.941,0.219,0.0,0.0,0.0
42.98101878166199,1.521,0.024,1.022,1.028,0.21,0.0,0.0,0.0
42.990570306777954,1.707,0.031,1.268,1.008,0.228,0.0,0.0,0.0
43.00070357322693,1.718,0.033,1.203,0.976,0.338,0.0,0.0,0.0
43.00989866256714,1.718,0.032,1.144,1.036,0.323,0.0,0.0,0.0
43.020145893096924,1.927,0.036,1.377,0.733,0.387,0.0,-0.002,0.002
43.03012013435364,1.499,0.03,1.191,1.007,0.197,0.0,0.0,0.0
43.04011678695679,1.718,0.029,1.123,0.955,0.272,0.0,-0.001,0.001
43.050469398498535,1.499,0.037,0.94,0.973,0.248,0.0,0.0,0.0
43.059818744659424,1.927,0.027,1.187,0.823,0.339,0.0,-0.001,0.001
43.06990385055542,1.718,0.028,1.5,0.65,0.56,0.0,-0.002,0.002
43.080774784088135,1.718,0.031,1.454,0.642,0.256,0.0,0.0,0.0
43.089975118637085,1.729,0.035,1.21,0.877,0.261,0.0,0.0,0.0
43.1007661819458,1.729,0.028,1.521,0.71,0.347,0.0,0.0,0.0
43.11069416999817,1.696,0.026,1.098,1.012,0.278,0.0,-0.001,-0.001
43.12112903594971,1.51,0.03,1.314,0.883,0.626,0.0,0.0,0.0
43.13097262382507,1.696,0.037,1.403,0.769,0.492,0.0,0.0,0.0
43.14078998565674,1.696,-0.02,1.191,0.975,0.567,0.0,0.0,0.0
43.15062975883484,1.916,-0.031,1.201,0.966,0.217,0.0,0.0,0.0
43.15987515449524,1.718,0.018,1.268,0.941,0.179,0.0,0.0,0.0
43.169827938079834,1.718,0.026,1.261,0.734,0.383,0.0,0.0,0.0
43.18078947067261,1.729,0.018,1.541,0.808,0.433,0.0,0.0,0.0
43.19090294837952,1.718,0.016,1.386,0.945,0.249,0.0,0.0,0.0
43.20005488395691,1.718,0.015,1.164,0.911,0.243,0.0,0.0,0.0
43.20989799499512,1.707,0.019,1.3,0.79,0.268,0.0,0.0,0.0
43.220250606536865,1.938,0.021,1.494,0.908,0.286,0.0,0.0,0.0
43.22984433174133,1.729,0.024,1.272,0.914,0.188,0.0,-0.004,0.004
43.23977470397949,1.729,0.02,1.378,0.718,0.348,0.0,0.0,0.0
43.25080060958862,1.729,0.023,1.513,0.734,0.279,0.0,0.0,0.0
43.25996708869934,1.773,0.029,1.176,0.888,0.331,0.0,0.0,0.0
43.26992130279541,1.795,0.02,1.33,0.805,0.426,0.0,0.0,0.0
43.28013277053833,1.565,0.024,1.201,0.942,0.313,0.0,0.0,0.0
43.290045976638794,2.025,0.026,1.079,1.038,0.139,0.0,-0.003,0.003
43.30045127868652,1.817,0.02,1.333,0.773,0.222,0.0,0.0,0.0
43.30997633934021,1.806,0.025,1.105,0.952,0.223,0.0,0.0,0.0
43.3207848072052,1.795,0.031,1.204,0.889,0.202,0.0,0.0,0.0
43.329854011535645,2.003,0.022,1.112,1.048,0.252,0.0,0.0,0.0
43.339749813079834,1.806,0.019,1.359,0.805,0.493,0.0,0.0,0.0
43.34980082511902,1.817,0.026,1.313,0.671,0.553,0.0,0.0,0.0
43.360557079315186,1.992,0.024,1.451,0.562,0.382,0.0,0.0,0.0
43.370790243148804,1.532,0.023,1.516,0.903,0.298,0.0,0.0,0.0
43.380064249038696,1.729,0.029,1.335,0.95,0.542,0.0,0.0,0.0
43.39025282859802,1.74,0.027,1.206,0.852,0.343,0.0,0.0,0.0
43.400463342666626,1.729,0.018,1.109,1.019,0.054,0.0,0.0,0.0
43.409817934036255,1.543,0.021,1.122,1.08,0.144,0.0,0.0,0.0
43.42079019546509,1.718,0.028,1.462,0.734,0.274,0.0,0.0,0.0
43.429831981658936,1.795,0.029,1.115,0.967,0.132,0.0,0.0,0.0
43.43985152244568,1.959,0.031,1.331,0.699,0.205,0.0,0.0,0.0
43.450316429138184,1.587,0.028,1.563,0.689,0.294,0.0,0.0,0.0
43.45997905731201,1.938,0.028,1.142,0.889,0.036,0.0,0.0,0.0
43.46981120109558,1.729,0.021,1.309,0.951,0.278,0.0,-0.002,0.002
43.48014283180237,1.543,0.03,1.355,0.686,0.348,0.0,-0.002,0.002
43.49044966697693,1.729,0.024,1.198,1.082,0.107,0.0,0.0,0.0
43.49987816810608,1.718,0.024,1.293,1.143,0.135,0.0,0.0,0.0
43.5099081993103,1.51,0.029,1.475,0.768,0.531,0.0,0.0,0.0
43.51970839500427,1.938,0.034,1.315,0.934,0.552,0.0,0.0,0.0
43.52996230125427,1.74,0.032,1.579,0.792,0.622,0.0,-0.002,0.002
43.539796590805054,1.74,0.034,1.373,1.03,0.08,0.0,0.0,0.0
43.549999713897705,1.992,0.028,1.483,0.933,0.504,0.0,0.0,0.0
43.561115026474,1.576,0.031,1.037,0.996,0.436,0.0,0.0,0.0
43.57090353965759,1.751,0.028,1.239,0.736,0.639,0.0,0.0,0.0
43.579866886138916,1.97,0.026,1.27,1.046,0.213,0.0,0.0,0.0
43.59002065658569,1.773,0.032,1.376,0.946,0.317,0.0,0.0,0.0
43.60019373893738,1.74,0.023,1.357,0.828,0.201,0.0,-0.004,0.004
43.610177993774414,1.751,0.033,1.201,0.985,0.347,0.0,0.0,0.0
43.61976766586304,1.762,0.02,1.34,1.011,0.181,0.0,0.0,0.0
43.629899978637695,1.751,0.021,1.457,0.81,0.367,0.0,0.0,0.0
43.63981485366821,1.959,0.028,1.461,0.857,0.387,0.0,-0.001,0.001
43.65007281303406,1.74,0.033,1.409,0.962,0.384,0.0,-0.002,0.002
43.66085338592529,1.751,0.028,1.211,1.085,0.195,0.0,0.0,0.0
43.671019315719604,1.992,0.028,1.13,1.063,0.169,0.0,0.0,0.0
43.67986559867859,1.795,-0.017,1.381,0.746,0.398,0.0,0.0,0.0
43.689993143081665,1.554,0.011,1.33,0.803,0.351,0.0,0.0,0.0
43.699846029281616,1.97,0.018,1.11,1.044,0.338,0.0,-0.002,0.002
43.71024513244629,1.992,0.018,1.117,0.846,0.288,0.0,-0.003,0.003
43.720649003982544,1.554,0.024,1.151,1.037,0.184,0.0,0.0,0.0
43.73067378997803,1.981,0.023,1.163,1.159,0.151,0.0,0.0,0.0
43.7402560710907,1.587,0.018,1.089,1.067,0.102,0.0,0.0,0.0
43.749823808670044,2.003,0.023,1.067,1.141,0.049,0.0,0.0,0.0
43.76013946533203,1.795,0.021,1.346,0.667,0.301,0.0,-0.004,0.004
43.770116329193115,2.014,0.021,1.258,1.014,0.237,0.0,0.0,0.0
43.779932737350464,1.85,0.018,1.158,0.897,0.123,0.0,-0.001,0.001
43.78987097740173,1.642,0.02,1.116,0.944,0.186,0.0,0.0,0.0
43.80035972595215,2.102,0.028,1.178,0.688,0.172,0.001,-0.002,0.002
43.81003737449646,1.773,0.03,1.254,0.979,0.046,0.0,0.0,0.0
43.81975531578064,1.598,0.025,1.308,0.852,0.174,0.0,0.0,0.0
43.83006763458252,2.014,0.023,1.346,0.836,0.462,0.001,0.0,0.0
43.83988404273987,1.587,0.014,1.007,1.071,0.185,0.0,0.0,0.0
43.85012173652649,1.817,0.023,1.214,0.896,0.264,0.0,-0.001,0.001
43.860464096069336,1.916,0.018,1.21,1.14,0.288,0.0,0.0,0.0
43.870063066482544,1.85,0.026,1.075,1.106,0.295,0.0,0.0,0.0
43.87990069389343,1.565,0.028,1.166,1.124,0.181,0.0,0.0,0.0
43.89007258415222,2.014,0.026,1.258,1.17,0.161,0.0,-0.001,0.001
43.90090775489807,1.806,0.026,1.133,0.838,0.157,0.0,-0.001,0.001
43.910765647888184,1.653,0.018,1.165,0.986,0.163,0.0,0.0,0.0
43.91976499557495,1.872,0.026,1.154,1.094,0.291,0.0,0.0,0.0
43.93032884597778,1.773,0.026,1.388,0.645,0.538,0.0,0.0,0.0
43.93991184234619,1.784,0.028,1.07,1.174,0.18,0.0,0.0,0.0
43.9498085975647,1.587,0.033,1.448,0.78,0.135,0.0,0.0,0.0
43.96015691757202,1.587,0.029,1.214,0.819,0.384,0.0,-0.003,0.003
43.97006583213806,2.08,0.028,1.153,1.109,0.147,0.0,0.0,0.0
43.97988772392273,1.565,0.033,1.056,1.124,0.12,0.0,0.0,0.0
43.98997902870178,1.784,0.034,1.205,0.814,0.178,0.0,0.0,0.0
43.9997935295105,1.762,0.033,1.305,1.054,-0.021,0.0,0.0,0.0
44.01003551483154,1.346,0.033,1.607,0.946,0.251,0.0,-0.002,0.002
44.01979470252991,2.003,0.031,1.206,1.061,0.13,0.0,-0.002,0.002
44.029852628707886,1.642,0.031,1.383,1.022,0.26,0.0,0.0,0.0
44.04009795188904,1.806,0.036,1.343,0.883,0.177,0.0,0.0,0.0
44.04998779296875,1.751,0.033,1.103,1.118,0.153,0.0,0.0,0.0
44.059842348098755,1.762,0.029,1.251,0.861,0.109,0.0,0.0,0.0
44.07023811340332,1.74,0.033,1.296,0.855,0.279,0.0,0.0,0.0
44.07991600036621,1.74,0.033,0.843,1.08,0.131,0.0,-0.002,0.002
44.089985609054565,1.729,0.041,1.144,0.806,0.281,0.0,0.0,0.0
44.100590467453,1.521,0.038,1.101,0.899,0.439,0.0,0.0,0.0
44.1104040145874,1.959,0.036,1.071,1.22,0.103,0.006,0.0,0.0
44.11971068382263,1.762,0.036,1.11,1.08,-0.003,0.0,0.0,0.0
44.13073754310608,1.74,0.036,1.27,0.907,0.312,0.0,0.0,0.0
44.14032292366028,1.839,0.041,1.076,1.081,0.137,0.0,0.0,0.0
44.149850368499756,1.795,-0.015,1.05,1.05,0.081,0.0,0.0,0.0
44.16100072860718,1.784,-0.015,1.391,0.919,0.106,0.0,0.0,0.0
44.17034125328064,1.959,0.033,1.21,1.177,0.118,0.0,-0.001,0.001
44.17982602119446,1.751,0.029,1.103,1.192,0.106,0.0,-0.001,-0.001
44.19022727012634,1.762,0.033,1.043,0.926,0.408,0.0,0.0,0.0
44.20025897026062,1.751,0.031,1.128,1.1,0.134,0.0,0.0,0.0
44.21044850349426,1.981,0.026,1.083,1.21,0.117,0.0,0.0,0.0
44.219958782196045,1.773,0.036,1.003,0.971,0.078,0.0,0.0,0.0
44.230326652526855,1.554,0.034,1.27,0.948,0.09,0.001,-0.001,0.001
44.240570306777954,1.97,0.033,1.266,1.175,0.065,0.0,0.0,0.0
44.250125885009766,1.981,0.034,1.179,1.19,0.19,0.0,0.0,0.0
44.259772062301636,1.587,0.039,1.322,1.215,0.12,0.0,0.0,0.0
44.27096223831177,1.839,0.041,1.375,0.886,0.132,0.0,-0.01,0.01
44.280452728271484,1.817,0.041,1.188,0.801,0.176,0.0,0.0,0.0
44.28986406326294,1.806,0.036,1.121,1.258,0.133,0.0,-0.002,0.002
44.30078601837158,1.981,0.033,1.141,0.692,0.444,0.0,0.0,0.0
44.310545682907104,1.762,0.036,1.217,1.15,0.077,0.0,0.0,0.0
44.3202064037323,1.773,0.036,1.101,1.082,0.112,0.0,0.0,0.0
44.32980799674988,1.576,0.041,0.986,1.008,-0.038,0.0,-0.001,0.001
44.340221643447876,1.795,0.046,1.213,1.044,0.189,0.0,-0.005,0.005
44.34994888305664,2.08,0.041,1.11,1.197,0.093,0.0,0.0,0.0
44.35998201370239,1.631,0.044,1.344,1.153,0.294,0.0,0.0,0.0
44.37056756019592,1.784,0.044,1.358,0.811,0.132,0.0,0.0,0.0
44.3805513381958,1.784,0.046,1.073,1.226,0.045,0.0,0.0,0.0
44.38992118835449,1.543,0.039,1.282,1.15,0.074,0.0,0.0,0.0
44.40076947212219,1.97,0.044,1.191,1.137,0.044,0.0,-0.004,0.004
44.41014838218689,1.598,0.046,1.071,1.161,0.198,0.0,0.0,0.0
44.419883012771606,2.069,0.038,1.215,1.174,0.009,0.0,-0.001,0.001
44.42976760864258,1.631,0.051,1.108,0.966,0.192,0.0,0.0,0.0
44.43991422653198,1.795,0.051,1.305,0.952,0.185,0.0,-0.01,0.01
44.44985032081604,1.543,0.051,1.288,1.196,0.053,0.0,-0.001,0.001
44.45990967750549,1.959,0.049,1.259,0.825,0.2,0.0,0.0,0.0
44.4708137512207,1.762,0.044,1.066,1.157,0.04,0.0,-0.002,0.002
44.48023748397827,1.543,0.054,1.029,1.192,0.072,0.0,0.0,0.0
44.48996138572693,1.751,0.041,1.045,1.061,0.012,0.0,-0.003,0.003
44.50004768371582,1.762,0.041,0.984,0.761,0.033,0.0,-0.008,0.008
44.50997996330261,1.981,0.046,0.953,1.007,-0.043,0.0,-0.003,0.003
44.519763231277466,1.762,0.049,1.226,0.744,0.144,0.0,0.0,0.0
44.52979850769043,1.762,0.049,1.491,0.735,0.29,0.0,0.0,0.0
44.53991651535034,1.861,0.054,1.081,1.149,0.133,0.0,0.0,0.0
44.54996371269226,1.839,0.049,1.359,0.824,0.221,0.0,-0.001,0.001
44.55971908569336,1.795,0.051,0.871,0.978,0.05,0.0,0.0,0.0
44.57018733024597,1.817,0.051,1.437,1.025,0.431,0.0,0.0,0.0
44.58005714416504,1.762,0.044,1.146,1.278,0.076,0.0,0.0,0.0
44.589876890182495,1.773,0.059,0.93,1.082,0.175,0.0,-0.001,0.001
44.60085415840149,1.773,0.051,1.302,0.869,0.257,0.0,0.0,0.0
44.610756635665894,1.773,0.054,1.083,1.288,0.006,0.0,0.0,0.0
44.620680809020996,1.773,0.051,1.18,1.272,0.164,0.0,0.0,0.0
44.63072156906128,1.992,0.051,1.179,1.246,0.078,0.0,-0.001,0.001
44.64003944396973,1.784,0.046,1.28,1.075,0.055,0.0,0.0,0.0
44.65036725997925,1.784,0.057,1.046,1.132,0.018,0.0,0.0,0.0
44.66009879112244,2.069,0.051,1.271,1.197,0.072,0.0,0.0,0.0
44.67056202888489,1.653,0.049,1.142,1.067,0.085,0.0,0.0,0.0
44.68075084686279,1.784,0.054,1.106,1.231,0.013,0.0,-0.001,0.001
44.69077444076538,1.784,0.054,1.053,1.196,0.442,0.0,0.0,0.0
44.700278759002686,1.784,0.031,1.134,1.236,0.392,0.0,0.0,0.0
44.70983004570007,2.003,0.015,1.08,1.257,-0.017,0.0,0.0,0.0
44.71968650817871,1.784,0.044,1.367,0.906,0.226,0.0,0.0,0.0
44.72987914085388,1.784,0.046,1.415,1.053,0.076,0.0,0.0,0.0
44.74030065536499,1.795,0.039,1.206,0.973,0.155,0.0,0.0,0.0
44.75008249282837,1.817,0.041,1.139,1.308,0.073,0.0,0.0,0.0
44.760220766067505,1.839,0.046,1.108,1.224,0.128,0.0,0.0,0.0
44.770031690597534,1.872,-0.028,1.187,1.19,0.055,0.0,0.0,0.0
44.780704736709595,1.872,-0.005,1.517,1.04,0.058,0.0,-0.001,0.001
44.79066777229309,2.003,0.036,1.122,1.195,0.043,0.0,0.0,0.0
44.80077505111694,1.587,0.034,1.005,1.198,0.164,0.0,0.0,0.0
44.81046485900879,2.036,0.034,1.053,1.04,0.074,0.0,0.0,0.0
44.81970715522766,1.839,0.034,0.922,1.133,0.09,0.0,0.0,0.0
44.83000707626343,2.025,0.031,1.28,0.932,0.378,0.0,0.0,0.0
44.83990526199341,1.609,0.033,1.051,0.954,0.143,0.0,0.0,0.0
44.849894523620605,1.609,0.036,1.423,0.978,0.308,0.0,-0.001,0.001
44.859943866729736,1.817,0.034,1.355,0.973,0.364,0.0,0.0,0.0
44.87027859687805,2.003,0.033,1.111,1.063,0.03,0.0,0.0,0.0
44.87993001937866,1.817,0.026,1.015,1.251,-0.157,0.0,0.0,0.0
44.890175104141235,1.828,0.031,1.055,1.251,-0.028,0.0,0.0,0.0
44.90024161338806,1.916,0.026,1.016,1.215,-0.039,0.0,0.0,0.0
44.910075664520264,1.861,0.026,1.114,1.177,-0.079,0.0,0.0,0.0
44.91979765892029,1.839,0.028,1.324,1.28,-0.045,0.0,0.0,0.0
44.92974019050598,1.839,0.031,1.317,0.896,0.243,0.0,-0.001,0.001
44.940242528915405,1.598,0.028,1.463,1.088,0.295,0.0,-0.002,0.002
44.94987154006958,1.806,0.031,1.232,1.229,0.002,0.0,-0.001,0.001
44.959946393966675,1.828,0.031,1.456,1.009,0.067,0.001,0.0,0.0
44.97063326835632,1.894,0.031,1.336,1.247,0.161,0.0,-0.003,0.003
44.98024272918701,1.85,0.031,1.09,1.278,-0.076,0.0,0.0,0.0
44.98994493484497,1.576,0.033,0.937,1.166,-0.018,0.0,0.0,0.0
45.00018072128296,1.795,0.026,1.142,1.097,-0.061,0.0,-0.006,0.006
45.010072469711304,1.795,0.034,1.153,1.266,0.038,0.0,0.0,0.0
45.01986384391785,1.784,0.031,1.058,1.229,-0.182,0.0,0.0,0.0
45.0298547744751,1.576,0.026,1.261,1.09,-0.006,0.0,-0.001,0.001
45.03994011878967,1.806,0.028,1.265,1.016,0.193,0.0,-0.001,0.001
45.04996037483215,1.872,0.028,1.345,0.96,0.229,0.0,-0.001,0.001
45.060091733932495,1.653,0.031,1.559,1.087,0.033,0.0,0.0,0.0
45.0708544254303,2.069,0.031,1.142,1.23,0.019,0.0,-0.001,0.001
45.07995104789734,1.872,0.029,1.228,1.18,0.008,0.001,0.0,0.0
45.08981204032898,1.839,0.031,1.051,1.162,0.021,0.0,-0.004,0.004
45.10006546974182,1.861,0.028,1.352,0.98,0.153,0.0,-0.004,0.004
45.11070013046265,2.036,0.033,1.153,1.059,0.042,0.0,-0.004,0.004
45.11983633041382,1.576,0.031,1.079,1.339,0.004,0.0,0.0,0.0
45.12979531288147,1.784,0.029,1.234,1.021,0.125,0.0,-0.004,0.004
45.140040159225464,1.806,0.033,1.353,1.005,0.098,0.0,-0.005,0.005
45.15004801750183,1.784,0.034,1.216,1.289,0.014,0.0,0.0,0.0
45.1598265171051,1.554,0.028,1.076,1.293,0.026,0.0,-0.001,0.001
45.17029666900635,1.981,0.036,1.227,0.988,0.041,0.0,-0.003,0.003
45.181309938430786,1.795,0.033,1.158,1.368,-0.036,0.0,-0.002,0.002
45.18991494178772,1.598,0.028,1.174,0.987,0.32,0.0,0.0,0.0
45.19995427131653,1.762,0.026,1.205,1.34,0.276,0.0,0.0,0.0
45.20991897583008,2.003,0.036,1.173,1.269,-0.012,0.0,-0.008,0.008
45.21986675262451,2.08,0.034,1.085,1.107,0.223,0.0,0.0,0.0
45.23079872131348,1.455,0.031,1.42,1.053,0.015,0.0,0.0,0.0
45.23972988128662,1.981,0.039,1.141,1.194,0.312,0.0,0.0,0.0
45.25021767616272,1.609,0.033,1.203,1.161,0.142,0.0,0.0,0.0
45.25978064537048,1.97,0.036,1.248,1.238,-0.102,0.0,0.0,0.0
45.27025008201599,1.565,0.031,1.303,0.947,0.02,0.0,-0.011,0.011
45.28086566925049,1.773,0.031,0.906,1.342,-0.202,0.0,0.0,0.0
45.289790868759155,1.773,0.033,1.092,1.351,-0.049,0.0,0.0,0.0
45.30002975463867,1.762,0.033,1.044,1.159,0.149,0.0,-0.001,0.001
45.309791564941406,1.981,0.033,1.255,1.283,-0.025,0.0,0.0,0.0
45.31990432739258,1.828,0.031,1.281,1.033,0.28,0.0,-0.004,0.004
45.33025288581848,1.653,0.031,1.319,1.208,-0.078,0.0,0.0,0.0
45.339741945266724,2.047,0.036,0.884,1.127,-0.176,0.0,-0.003,0.003
45.35073971748352,1.762,0.034,1.506,1.053,0.165,0.0,-0.003,0.003
45.360249757766724,1.565,0.031,1.049,1.369,-0.018,0.0,0.0,0.0
45.36981225013733,2.025,0.039,0.977,1.37,-0.123,0.0,0.0,0.0
45.38124203681946,1.784,0.028,1.323,1.025,0.314,0.0,0.0,0.0
45.39018797874451,1.587,0.039,1.143,0.981,0.151,0.0,0.0,0.0
45.39986181259155,1.773,0.041,1.122,1.072,-0.019,0.0,0.0,0.0
45.40986204147339,1.751,0.036,1.45,0.897,0.013,0.0,0.0,0.0
45.42022514343262,1.992,0.036,1.285,0.89,-0.019,0.0,-0.004,0.004
45.429892778396606,1.554,0.036,1.281,1.365,-0.106,0.0,0.0,0.0
45.439826250076294,1.751,0.033,1.412,1.127,0.015,0.0,0.0,0.0
45.450140953063965,1.773,0.036,1.325,0.989,-0.006,0.0,-0.007,0.007
45.46068739891052,1.784,0.036,1.281,1.355,-0.116,0.0,0.0,0.0
45.46993398666382,1.839,0.038,0.986,1.39,-0.094,0.0,0.0,0.0
45.480814695358276,1.861,0.038,1.14,1.082,-0.057,0.0,-0.005,0.005
45.49088144302368,1.861,0.038,1.077,1.286,-0.091,0.0,-0.007,0.007
45.50073504447937,1.795,0.039,1.002,1.241,0.13,0.0,0.0,0.0
45.510366916656494,1.773,0.039,1.036,1.376,-0.083,0.0,0.0,0.0
45.52085757255554,1.85,0.041,1.226,1.361,-0.12,0.001,-0.005,0.005
45.53002715110779,1.773,0.034,1.058,1.288,0.134,0.0,0.0,0.0
45.53987741470337,1.784,0.036,1.246,1.225,-0.071,0.0,0.0,0.0
45.550355195999146,1.598,0.036,1.218,1.131,-0.199,0.0,0.0,0.0
45.560425996780396,1.74,0.036,1.182,1.39,-0.122,0.0,-0.003,0.003
45.57006525993347,1.751,0.041,1.014,1.349,-0.102,0.0,0.0,0.0
45.580801010131836,1.74,0.044,1.216,1.4,-0.234,0.0,-0.002,0.002
45.58984923362732,1.762,0.036,0.933,1.219,-0.164,0.0,0.0,0.0
45.60005164146423,1.762,0.034,1.261,1.052,0.137,0.0,-0.001,0.001
45.61014175415039,1.762,0.036,0.908,1.138,-0.207,0.0,0.0,0.0
45.62061858177185,1.97,0.041,1.062,1.284,-0.081,0.0,0.0,0.0
45.62985348701477,1.565,0.044,1.006,1.262,-0.05,0.0,0.0,0.0
45.639755725860596,1.959,0.049,1.282,1.246,0.307,0.0,-0.003,0.003
45.65024256706238,1.773,0.041,1.468,1.03,0.206,0.0,-0.007,0.007
45.65998935699463,1.773,0.039,1.052,1.453,-0.009,0.0,0.0,0.0
45.66986322402954,1.762,0.044,1.203,1.065,-0.048,0.0,0.0,0.0
45.67984175682068,1.543,0.044,1.439,1.159,0.161,0.0,-0.001,0.001
45.690797090530396,1.751,0.044,1.323,1.018,0.035,0.0,-0.005,0.005
45.70002818107605,1.729,0.044,0.994,1.289,-0.19,0.0,0.0,0.0
45.71008086204529,1.773,0.044,1.118,1.127,0.095,0.0,0.0,0.0
45.7201189994812,1.97,0.049,1.272,1.295,-0.098,0.0,-0.005,0.005
45.72996425628662,1.97,0.038,0.796,1.411,-0.255,0.001,-0.005,0.005
45.73987030982971,1.762,0.034,1.205,1.28,-0.001,0.0,-0.002,0.002
45.74999237060547,1.565,0.044,1.355,1.233,-0.019,0.0,0.0,0.0
45.76010060310364,1.762,0.033,1.311,1.297,-0.1,0.0,-0.004,0.004
45.7698814868927,1.773,0.036,1.046,1.404,-0.021,0.0,0.0,0.0
45.77980375289917,1.74,0.035,1.107,1.046,0.079,0.0,-0.002,0.002
45.79021716117859,1.762,0.039,1.515,1.23,0.01,0.0,-0.004,0.004
45.79991579055786,1.74,0.041,1.074,1.345,-0.141,0.0,-0.001,0.001
45.80975675582886,1.543,0.046,1.186,0.977,-0.081,0.001,-0.004,0.004
45.819756507873535,1.729,0.044,1.224,1.277,0.192,0.0,-0.004,0.004
45.830639600753784,1.729,0.044,1.205,1.159,0.12,0.0,-0.004,0.004
45.83973431587219,1.948,0.051,1.112,1.35,-0.108,0.0,0.0,0.0
45.849759101867676,1.751,0.044,1.51,1.144,0.093,0.0,-0.004,0.004
45.861104249954224,1.773,0.046,1.356,1.267,0.128,0.001,-0.002,0.002
45.870171546936035,1.762,0.046,1.242,1.081,0.228,0.0,0.0,0.0
45.88073801994324,1.97,0.044,0.94,1.38,-0.096,0.0,0.0,0.0
45.89076781272888,1.784,0.041,1.016,1.428,-0.128,0.0,0.0,0.0
45.90071249008179,1.762,0.046,0.989,1.371,-0.096,0.0,0.0,0.0
45.91009306907654,1.543,0.046,0.928,1.338,-0.113,0.0,0.0,0.0
45.91982913017273,1.751,0.048,1.072,1.556,-0.021,0.0,-0.004,0.004
45.92993497848511,1.762,0.046,1.012,1.244,-0.056,0.0,-0.005,0.005
45.939722776412964,1.762,0.041,1.1,1.033,0.208,0.0,-0.001,0.001
45.949745416641235,1.981,0.044,0.977,1.206,0.141,0.0,-0.001,0.001
45.96006965637207,1.784,0.044,1.323,1.19,0.166,0.0,-0.001,0.001
45.96986651420593,1.565,0.041,0.936,1.329,-0.067,0.0,-0.004,0.004
45.98000717163086,1.74,0.046,1.307,0.958,0.023,0.0,0.0,0.0
45.9904580116272,1.74,0.049,1.259,1.327,-0.185,0.0,-0.001,0.001
46.00003266334534,1.762,0.044,0.913,1.319,-0.269,0.0,0.0,0.0
46.00986170768738,2.025,0.046,0.899,1.109,-0.124,0.0,0.0,0.0
46.019689083099365,1.839,0.047,1.431,1.086,0.048,0.0,-0.001,0.001
46.03014612197876,1.839,0.041,1.302,1.068,0.054,0.0,-0.003,0.003
46.03973340988159,1.861,0.046,0.91,1.419,-0.066,0.0,-0.007,0.007
46.05000638961792,1.85,0.039,1.319,1.222,0.124,0.0,-0.002,0.002
46.06058931350708,1.642,0.049,1.068,1.303,-0.261,0.0,0.0,0.0
46.070287466049194,1.839,0.041,1.166,1.37,-0.258,0.0,0.0,0.0
46.079877614974976,1.85,0.044,1.077,1.415,-0.275,0.0,-0.001,0.001
46.09086012840271,1.806,0.049,1.231,1.205,0.166,0.0,-0.002,0.002
46.10115456581116,1.828,0.046,1.082,1.518,-0.299,0.0,0.0,0.0
46.10984396934509,2.047,0.043,1.189,1.005,0.173,0.0,0.0,0.0
46.11978888511658,1.773,0.046,1.095,1.357,-0.136,0.001,-0.001,0.001
46.130757570266724,1.784,0.044,1.434,1.308,0.129,0.0,-0.002,0.002
46.13989543914795,1.828,0.046,1.124,1.281,0.196,0.0,0.0,0.0
46.149874448776245,1.554,0.047,1.204,1.26,0.039,0.0,0.0,0.0
46.1602418422699,1.773,0.044,1.286,1.118,-0.063,0.0,-0.004,0.004
46.16997194290161,1.762,0.044,1.138,1.395,-0.151,0.0,-0.005,0.005
46.17987608909607,1.543,0.047,1.117,1.19,-0.114,0.0,0.0,0.0
46.19063973426819,1.751,0.052,1.314,1.155,-0.118,0.0,-0.004,0.004
46.20056772232056,1.74,0.044,1.003,1.455,-0.079,0.0,0.0,0.0
46.20982265472412,1.74,0.049,1.067,1.42,-0.217,0.0,-0.001,0.001
46.219730377197266,1.74,0.041,1.072,1.149,0.064,0.0,-0.004,0.004
46.23006319999695,1.938,0.031,1.348,1.26,-0.013,0.0,-0.002,0.002
46.239739179611206,1.74,0.039,1.323,1.238,-0.258,0.0,0.0,0.0
46.25010681152344,1.762,0.035,0.887,1.494,-0.281,0.0,0.0,0.0
46.2603235244751,1.817,0.039,0.914,1.472,-0.124,0.0,0.0,0.0
46.270549058914185,1.795,-0.044,0.809,1.251,-0.187,0.0,0.0,0.0
46.28073072433472,1.795,-0.033,1.012,1.311,-0.184,0.0,-0.007,0.007
46.29080510139465,1.981,0.023,1.078,1.37,0.138,0.0,0.0,0.0
46.30083107948303,1.554,0.024,1.051,1.416,0.119,0.0,0.0,0.0
46.310707569122314,1.751,0.021,0.962,1.381,0.116,0.0,0.0,0.0
46.319767236709595,1.729,0.016,1.026,1.327,0.087,0.0,0.0,0.0
46.329989433288574,1.981,0.024,0.98,1.066,-0.04,0.0,0.0,0.0
46.3400821685791,1.773,0.026,0.948,1.315,-0.191,0.0,-0.001,0.001
46.349770069122314,1.773,0.019,0.883,1.402,-0.247,0.0,0.0,0.0
46.36121106147766,1.576,0.026,1.134,1.142,0.127,0.0,0.0,0.0
46.37021732330322,2.014,0.024,1.022,1.035,-0.021,0.0,0.0,0.0
46.38073921203613,1.795,0.021,0.892,1.501,-0.313,0.008,-0.004,0.004
46.39083766937256,1.795,0.018,0.92,1.454,-0.211,0.0,0.0,0.0
46.40079402923584,1.773,0.017,0.939,1.526,-0.277,0.0,0.0,0.0
46.410109758377075,1.981,0.015,1.117,1.376,0.158,0.0,0.0,0.0
46.419800758361816,1.992,0.016,0.978,1.384,-0.25,0.0,0.0,0.0
46.430805683135986,1.543,0.015,0.894,1.113,-0.164,0.0,-0.005,0.005
46.44037127494812,1.762,0.016,1.155,1.39,-0.216,0.0,0.0,0.0
46.450024366378784,1.587,0.01,0.985,1.586,-0.141,0.0,-0.001,0.001
46.46027445793152,2.058,0.009,1.256,1.346,-0.205,0.0,-0.002,0.002
46.4704954624176,1.85,0.008,1.023,1.491,-0.299,0.0,-0.003,0.003
46.47998547554016,1.784,0.013,0.994,1.388,-0.279,0.0,0.0,0.0
46.48997926712036,1.784,0.008,1.213,1.333,-0.141,0.0,-0.001,0.001
46.50057768821716,1.784,0.005,1.12,1.27,-0.033,0.0,-0.002,0.002
46.50992512702942,1.992,0.008,1.175,1.54,-0.198,0.0,-0.003,0.003
46.51978635787964,1.576,0.009,1.139,1.336,0.104,0.0,0.0,0.0
46.530476570129395,2.069,0.007,1.111,1.368,-0.017,0.0,0.0,0.0
46.53985285758972,1.839,0.01,1.063,1.484,-0.195,0.0,-0.003,0.003
46.549938917160034,1.598,0.008,1.409,1.112,0.128,0.0,-0.001,0.001
46.560163497924805,2.003,0.005,1.06,1.329,-0.165,0.0,0.0,0.0
46.570363998413086,1.576,0.01,1.0,1.335,-0.151,0.0,0.0,0.0
46.579957485198975,1.784,0.008,1.012,1.502,-0.363,0.0,-0.004,0.004
46.58978033065796,1.762,0.005,1.124,1.264,-0.215,0.0,0.0,0.0
46.599772930145264,1.795,0.003,1.108,1.153,-0.032,0.0,-0.002,0.002
46.61033058166504,1.784,0.005,1.291,1.188,0.077,0.0,-0.002,0.002
46.62070608139038,1.576,0.0,1.026,1.505,-0.298,0.0,-0.005,0.005
46.63006234169006,1.992,0.002,1.029,1.502,-0.211,0.0,0.0,0.0
46.63991951942444,1.62,0.0,1.169,1.227,-0.231,0.0,-0.007,0.007
46.651129961013794,1.981,-0.002,1.052,1.18,-0.008,0.0,-0.001,0.001
46.659908056259155,1.587,0.003,1.053,1.192,0.246,0.0,0.0,0.0
46.67002773284912,1.784,-0.002,1.057,1.412,-0.061,0.0,0.0,0.0
46.67995858192444,1.762,-0.008,0.898,1.412,-0.271,0.0,0.0,0.0
46.69041705131531,1.762,-0.007,1.061,1.279,-0.258,0.0,-0.003,0.003
46.70055103302002,1.861,-0.005,0.817,1.464,-0.262,0.0,0.0,0.0
46.71006751060486,1.62,-0.008,1.067,1.393,-0.256,0.0,-0.001,0.001
46.720294713974,1.981,-0.005,1.139,1.34,-0.16,0.0,0.0,0.0
46.730191230773926,1.543,-0.01,0.989,1.557,-0.345,0.0,-0.001,0.001
46.73997664451599,1.751,-0.005,1.052,1.442,-0.321,0.0,0.0,0.0
46.750094413757324,1.74,-0.01,1.017,1.184,-0.15,0.0,-0.003,0.003
46.76003861427307,1.817,-0.014,0.889,1.465,-0.293,0.0,-0.004,0.004
46.77036452293396,1.762,-0.005,0.994,1.459,-0.27,0.0,0.0,0.0
46.78063106536865,1.762,-0.005,0.899,1.484,-0.311,0.0,0.0,0.0
46.79019021987915,1.97,-0.01,0.949,1.31,-0.283,0.0,-0.002,0.002
46.80078935623169,1.74,-0.012,1.132,1.466,-0.458,0.001,-0.003,0.003
46.80998969078064,1.85,-0.008,0.916,1.39,-0.271,0.0,0.0,0.0
46.81976366043091,1.762,-0.01,1.028,1.066,-0.053,0.0,-0.004,0.004
46.82986664772034,1.751,-0.013,1.199,1.406,-0.117,0.0,0.0,0.0
46.83970665931702,1.97,-0.013,1.031,1.145,-0.063,0.0,-0.001,0.001
46.84983515739441,1.576,-0.013,1.134,1.135,-0.139,0.0,0.0,0.0
46.859896183013916,1.74,-0.013,1.282,1.368,-0.043,0.0,0.0,0.0
46.86980080604553,1.817,-0.012,1.018,1.323,-0.086,0.0,-0.002,0.002
46.87983417510986,1.828,-0.018,1.206,1.197,-0.053,0.0,-0.002,0.002
46.890188694000244,1.598,-0.018,1.176,1.433,-0.19,0.0,0.0,0.0
46.900768756866455,1.97,-0.012,1.196,1.474,-0.31,0.0,0.0,0.0
46.910712003707886,1.565,-0.023,0.985,1.439,-0.259,0.0,0.0,0.0
46.91972088813782,1.959,-0.023,0.969,1.466,-0.179,0.0,0.0,0.0
46.93032503128052,1.806,-0.024,1.183,1.253,-0.017,0.0,0.0,0.0
46.94000196456909,1.817,-0.017,1.022,1.411,-0.068,0.0,0.0,0.0
46.949697971343994,1.992,-0.02,1.31,1.149,-0.17,0.0,0.0,0.0
46.9607298374176,1.554,-0.02,1.244,1.146,-0.013,0.0,0.0,0.0
46.97006797790527,1.554,-0.025,0.938,1.393,-0.301,0.0,0.0,0.0
46.97982978820801,1.773,-0.023,1.138,1.094,-0.182,0.0,0.0,0.0
46.9900598526001,1.751,-0.029,1.062,1.316,-0.15,0.0,0.0,0.0
47.00001311302185,2.069,-0.023,1.237,1.103,-0.145,0.0,0.0,0.0
47.010326862335205,1.357,-0.023,1.196,1.354,-0.029,0.0,-0.003,0.003
47.01971912384033,1.74,-0.025,1.122,1.581,-0.272,0.0,0.0,0.0
47.029728174209595,1.959,-0.023,1.345,1.321,0.191,0.0,0.0,0.0
47.04003715515137,1.751,-0.015,1.265,1.27,0.085,0.001,-0.002,0.002
47.0497841835022,1.587,-0.024,1.231,1.415,-0.236,0.0,0.0,0.0
47.059855937957764,1.554,-0.026,1.333,1.306,-0.096,0.0,-0.001,0.001
47.071096658706665,1.718,-0.025,1.055,1.424,-0.109,0.0,-0.001,0.001
47.080657958984375,1.927,-0.033,1.075,1.146,-0.162,0.0,0.0,0.0
47.08993220329285,1.74,-0.025,1.116,1.507,-0.119,0.0,0.0,0.0
47.09984517097473,1.729,-0.036,1.219,1.441,-0.195,0.0,0.0,0.0
47.10990643501282,2.014,-0.03,1.154,1.333,-0.103,0.0,0.0,0.0
47.119781732559204,1.762,-0.028,1.019,1.454,-0.087,0.0,0.0,0.0
47.129788637161255,1.74,-0.036,1.094,1.326,-0.228,0.0,0.0,0.0
47.140246868133545,1.74,-0.031,1.198,1.176,0.134,0.0,0.0,0.0
47.14994835853577,1.751,-0.038,1.046,1.403,-0.337,0.0,-0.001,0.001
47.16001653671265,1.565,-0.036,1.187,1.165,-0.317,0.0,-0.001,0.001
47.17095685005188,1.74,-0.039,1.246,1.364,-0.377,0.0,0.0,0.0
47.1800582408905,1.729,-0.039,1.06,1.535,0.013,0.0,0.0,0.0
47.1902129650116,1.762,-0.041,0.845,1.45,-0.198,0.0,0.0,0.0
47.19987654685974,1.751,-0.033,0.902,1.514,-0.355,0.002,0.0,0.0
47.210362911224365,1.74,-0.041,0.912,1.226,-0.009,0.0,-0.002,0.002
47.2203164100647,1.97,-0.044,1.019,1.453,-0.303,0.0,0.0,0.0
47.2298219203949,1.762,-0.036,0.939,1.471,-0.369,0.0,-0.001,0.001
47.240927934646606,1.532,-0.044,1.177,1.363,-0.025,0.0,-0.001,0.001
47.250349044799805,1.927,-0.038,0.95,1.454,-0.269,0.0,0.0,0.0
47.25996398925781,1.751,-0.045,0.975,1.625,-0.177,0.0,0.0,0.0
47.27127718925476,1.729,-0.033,1.024,1.632,-0.365,0.0,0.0,0.0
47.28034591674805,2.014,-0.044,1.21,1.241,-0.095,0.0,0.0,0.0
47.29000210762024,1.74,-0.046,0.825,1.269,-0.377,0.0,0.0,0.0
47.29988193511963,1.565,-0.042,1.019,1.25,-0.292,0.0,0.0,0.0
47.31011390686035,2.222,-0.04,1.063,1.108,-0.13,0.0,-0.007,0.007
47.32015013694763,1.598,-0.051,1.182,1.376,-0.239,0.0,0.0,0.0
47.32978177070618,1.784,-0.052,1.006,1.384,-0.236,0.0,0.0,0.0
47.34021258354187,1.751,-0.046,1.066,1.141,-0.122,0.0,0.0,0.0
47.350836992263794,1.554,-0.051,0.812,1.397,-0.294,0.0,0.0,0.0
47.35994482040405,1.806,-0.052,0.989,1.46,-0.256,0.0,0.0,0.0
47.37056803703308,1.74,-0.051,0.854,1.532,-0.216,0.0,0.0,0.0
47.38011169433594,1.751,-0.046,1.021,1.527,-0.295,0.0,-0.005,0.005
47.389906883239746,1.795,-0.054,0.978,1.177,-0.22,0.0,0.0,0.0
47.40084218978882,1.543,-0.048,1.313,1.342,-0.09,0.0,0.0,0.0
47.41079330444336,1.938,-0.056,0.993,1.487,-0.11,0.0,0.0,0.0
47.420753955841064,2.003,-0.059,1.107,1.538,-0.184,0.0,0.0,0.0
47.430643796920776,1.543,-0.054,1.04,1.458,-0.277,0.0,0.0,0.0
47.43993639945984,1.938,-0.057,1.124,1.527,-0.247,0.0,-0.004,0.004
47.45074486732483,1.773,-0.062,1.234,1.325,-0.154,0.0,-0.001,0.001
47.45987939834595,1.751,-0.054,1.072,1.477,-0.294,0.0,-0.001,0.001
47.470341205596924,1.751,-0.059,1.166,1.394,-0.137,0.0,-0.004,0.004
47.48023295402527,1.587,-0.059,0.902,1.499,-0.317,0.0,0.0,0.0
47.490479469299316,1.729,-0.057,1.039,1.479,-0.191,0.0,-0.01,0.01
47.49978184700012,1.948,-0.057,1.086,1.471,-0.284,0.0,0.0,0.0
47.51091766357422,1.762,-0.061,1.345,1.17,-0.172,0.0,-0.007,0.007
47.52032542228699,1.609,-0.062,1.085,1.453,-0.069,0.0,0.0,0.0
47.5298912525177,1.762,-0.057,1.05,1.447,-0.263,0.0,-0.002,0.002
47.540345430374146,1.521,-0.061,1.212,1.381,-0.089,0.0,-0.001,0.001
47.55020546913147,1.762,-0.059,0.921,1.586,-0.223,0.0,-0.004,0.004
47.55984830856323,1.74,-0.062,1.021,1.418,-0.234,0.0,0.0,0.0
47.570160150527954,1.521,-0.07,1.244,1.283,-0.112,0.0,0.0,0.0
47.58096146583557,1.97,-0.062,1.035,1.39,-0.205,0.0,0.0,0.0
47.590996742248535,1.751,-0.064,1.14,1.453,-0.064,0.0,0.0,0.0
47.600534439086914,1.905,-0.069,0.997,1.542,-0.074,0.0,0.0,0.0
47.60978889465332,1.532,-0.066,0.944,1.423,-0.288,0.0,-0.004,0.004
47.62080216407776,1.718,-0.065,1.023,1.275,-0.093,0.0,-0.001,0.001
47.62973713874817,1.74,-0.072,1.033,1.51,-0.141,0.0,0.0,0.0
47.640048027038574,1.938,-0.069,1.1,1.209,-0.12,0.0,0.0,0.0
47.65091848373413,1.784,-0.072,1.028,1.488,-0.256,0.0,0.0,0.0
47.66045546531677,1.521,-0.067,1.112,1.411,-0.188,0.0,0.0,0.0
47.66994500160217,1.707,-0.072,0.989,1.602,-0.267,0.0,0.0,0.0
47.68025279045105,1.751,-0.07,1.129,1.25,-0.172,0.0,-0.007,0.007
47.69104027748108,1.729,-0.078,1.018,1.43,-0.37,0.0,0.0,0.0
47.6998188495636,1.675,-0.074,1.178,1.356,-0.112,0.0,0.0,0.0
47.71033477783203,1.707,-0.074,1.021,1.225,-0.082,0.0,0.0,0.0
47.72084283828735,1.51,-0.075,0.873,1.488,-0.311,0.0,-0.002,0.002
47.73066854476929,1.762,-0.076,1.043,1.304,-0.126,0.0,0.0,0.0
47.7396981716156,1.707,-0.075,0.994,1.436,-0.277,0.0,0.0,0.0
47.75005030632019,1.959,-0.075,1.099,1.154,-0.075,0.0,0.0,0.0
47.760618686676025,1.521,-0.08,1.08,1.396,-0.314,0.0,0.0,0.0
47.769912004470825,1.948,-0.081,1.125,1.468,-0.274,0.0,0.0,0.0
47.78025770187378,1.729,-0.079,0.962,1.43,-0.214,0.0,0.0,0.0
47.79014873504639,1.762,-0.076,1.073,1.526,-0.283,0.0,0.0,0.0
47.7999062538147,1.927,-0.073,1.08,1.32,-0.294,0.0,-0.004,0.004
47.810091972351074,1.729,-0.077,1.164,1.216,-0.163,0.0,0.0,0.0
47.8204448223114,1.729,-0.085,0.976,1.436,-0.229,0.0,-0.004,0.004
47.8299880027771,1.938,-0.079,1.015,1.436,-0.244,0.0,0.0,0.0
47.839781522750854,1.905,-0.082,0.895,1.302,-0.177,0.0,-0.004,0.004
47.84983706474304,1.762,-0.079,1.129,1.216,-0.107,0.001,-0.001,0.001
47.86045432090759,1.729,-0.085,1.239,1.206,-0.108,0.0,-0.003,0.003
47.86987018585205,1.762,-0.079,1.078,1.549,-0.162,0.0,0.0,0.0
47.880131006240845,1.74,-0.084,0.993,1.388,-0.12,0.0,-0.005,0.005
47.890334367752075,1.981,-0.087,0.981,1.379,-0.265,0.0,-0.002,0.002
47.899863481521606,1.576,-0.087,0.894,1.485,-0.253,0.0,-0.004,0.004
47.90998983383179,1.773,-0.087,1.068,1.222,-0.254,0.0,-0.003,0.003
47.91999530792236,1.762,-0.085,1.15,1.312,-0.205,0.0,0.0,0.0
47.93002533912659,2.014,-0.092,1.077,1.253,-0.158,0.0,-0.003,0.003
47.93984842300415,1.773,-0.085,1.2,1.347,-0.226,0.0,0.0,0.0
47.950504779815674,1.795,-0.09,1.196,1.321,-0.185,0.0,0.0,0.0
47.96038627624512,1.576,-0.094,1.06,1.527,-0.269,0.0,0.0,0.0
47.969966650009155,1.773,-0.095,1.049,1.449,-0.309,0.0,0.0,0.0
47.979981899261475,1.762,-0.09,1.029,1.479,-0.25,0.0,0.0,0.0
47.99056887626648,1.773,-0.088,1.144,1.288,-0.224,0.0,0.0,0.0
48.00005578994751,1.762,-0.098,1.038,1.508,-0.178,0.0,0.0,0.0
48.009843587875366,2.025,-0.095,1.219,1.278,-0.231,0.0,0.0,0.0
48.019935846328735,1.565,-0.096,1.226,1.262,-0.177,0.0,-0.002,0.002
48.02978253364563,2.047,-0.092,1.206,1.339,-0.216,0.0,0.0,0.0
48.039803981781006,1.784,-0.095,1.264,1.148,-0.128,0.0,-0.004,0.004
48.05089068412781,1.587,-0.103,1.294,1.395,-0.123,0.0,0.0,0.0
48.06043791770935,1.762,-0.103,1.16,1.436,-0.161,0.0,0.0,0.0
48.070013999938965,1.762,-0.101,1.129,1.451,-0.205,0.0,-0.003,0.003
48.08001160621643,1.762,-0.102,1.177,1.298,-0.106,0.0,0.0,0.0
48.09040355682373,1.992,-0.1,1.176,1.492,-0.164,0.0,0.0,0.0
48.09980034828186,1.368,-0.097,1.134,1.454,-0.188,0.0,0.0,0.0
48.110039472579956,1.981,-0.101,1.187,1.283,-0.153,0.0,0.0,0.0
48.12018060684204,1.707,-0.1,1.06,1.34,-0.173,0.0,0.0,0.0
48.13075566291809,1.762,-0.1,1.035,1.411,-0.184,0.0,0.0,0.0
48.139766454696655,1.543,-0.102,1.05,1.353,-0.204,0.0,0.0,0.0
48.15007019042969,1.751,-0.103,1.2,1.2,-0.131,0.0,-0.002,0.002
48.16012740135193,1.718,-0.104,1.107,1.484,-0.147,0.0,0.0,0.0
48.16985750198364,1.762,-0.099,1.219,1.441,-0.184,0.0,0.0,0.0
48.1798996925354,1.532,-0.105,1.119,1.274,-0.164,0.0,0.0,0.0
48.19009470939636,1.74,-0.105,1.093,1.272,-0.156,0.001,0.0,0.0
48.199854135513306,1.718,-0.108,0.984,1.476,-0.19,0.0,0.0,0.0
48.20990490913391,1.532,-0.11,1.142,1.322,-0.119,0.0,0.0,0.0
48.21992349624634,1.718,-0.105,1.032,1.371,-0.18,0.0,-0.001,0.001
48.2298858165741,1.751,-0.103,1.159,1.371,-0.138,0.0,0.0,0.0
48.239739656448364,1.959,-0.107,1.08,1.373,-0.121,0.0,0.0,0.0
48.24985098838806,1.532,-0.106,1.185,1.221,-0.142,0.0,-0.003,0.003
48.26091766357422,1.718,-0.107,1.272,1.228,-0.106,0.0,0.0,0.0
48.26987552642822,1.927,-0.105,1.102,1.502,-0.073,0.0,0.0,0.0
48.27984380722046,1.521,-0.113,1.118,1.202,-0.146,0.0,0.0,0.0
48.290605545043945,1.927,-0.108,1.154,1.21,-0.149,0.0,0.0,0.0
48.30071759223938,1.729,-0.11,1.088,1.47,-0.188,0.0,-0.004,0.004
48.30978178977966,1.948,-0.102,0.993,1.472,-0.195,0.0,0.0,0.0
48.31993770599365,1.784,-0.108,0.958,1.325,-0.123,0.0,0.0,0.0
48.33076214790344,1.74,-0.107,1.118,1.239,-0.11,0.0,0.0,0.0
48.33977198600769,1.762,-0.114,0.962,1.545,-0.186,0.0,0.0,0.0
48.35005164146423,1.521,-0.116,1.153,1.285,-0.113,0.0,0.0,0.0
48.36040997505188,1.948,-0.114,1.041,1.382,-0.15,0.0,0.0,0.0
48.3704195022583,1.587,-0.11,1.044,1.394,-0.162,0.0,0.0,0.0
48.37987971305847,1.729,-0.112,0.967,1.483,-0.15,0.0,0.0,0.0
48.39017963409424,1.751,-0.114,1.038,1.284,-0.13,0.0,0.0,0.0
48.40009880065918,1.762,-0.111,1.049,1.338,-0.166,0.0,0.0,0.0
48.40992712974548,1.532,-0.113,0.989,1.305,-0.143,0.0,0.0,0.0
48.41979265213013,1.718,-0.121,1.016,1.238,-0.128,0.0,0.0,0.0
48.429768085479736,1.729,-0.11,1.194,1.325,-0.132,0.0,0.0,0.0
48.43998980522156,1.762,-0.117,1.078,1.196,-0.117,0.0,0.0,0.0
48.449896574020386,1.718,-0.113,0.98,1.561,-0.152,0.0,0.0,0.0
48.460216760635376,1.477,-0.118,1.08,1.39,-0.149,0.0,0.0,0.0
48.47074842453003,1.477,-0.116,1.043,1.431,-0.135,0.0,0.0,0.0
48.480090379714966,1.905,-0.113,1.066,1.458,-0.17,0.0,0.0,0.0
48.490583658218384,1.51,-0.115,1.106,1.46,-0.125,0.0,0.0,0.0
48.500699043273926,1.686,-0.115,1.01,1.354,-0.133,0.0,0.0,0.0
48.51081609725952,1.905,-0.122,1.061,1.405,-0.099,0.0,0.0,0.0
48.51976728439331,1.466,-0.126,1.049,1.5,-0.063,0.0,0.0,0.0
48.530022859573364,1.707,-0.113,1.129,1.255,-0.135,0.0,0.0,0.0
48.539907455444336,1.675,-0.118,1.083,1.473,-0.135,0.0,0.0,0.0
48.55031991004944,1.707,-0.123,1.061,1.206,-0.071,0.0,0.0,0.0
48.56035375595093,1.686,-0.123,0.991,1.385,-0.141,0.0,0.0,0.0
48.57036828994751,1.894,-0.12,1.048,1.366,-0.174,0.0,0.0,0.0
48.57994890213013,1.707,-0.128,1.006,1.354,-0.098,0.0,0.0,0.0
48.59043765068054,1.696,-0.126,1.08,1.148,-0.118,0.0,0.0,0.0
48.59986901283264,1.905,-0.123,0.998,1.333,-0.116,0.0,0.0,0.0
48.60999298095703,1.718,-0.121,1.085,1.387,-0.122,0.0,0.0,0.0
48.61985158920288,1.718,-0.124,1.047,1.109,-0.162,0.0,0.0,0.0
48.629855155944824,1.916,-0.12,1.18,1.183,-0.177,0.0,0.0,0.0
48.63974475860596,1.718,-0.123,1.179,1.206,-0.125,0.0,0.0,0.0
48.65055704116821,1.938,-0.12,1.147,1.196,-0.169,0.001,0.0,0.0
48.66032576560974,1.729,-0.123,1.119,1.486,-0.112,0.0,0.0,0.0
48.669930934906006,1.959,-0.118,1.073,1.49,-0.122,0.0,0.0,0.0
48.680731534957886,1.981,-0.12,1.06,1.468,-0.11,0.0,0.0,0.0
48.6904079914093,1.554,-0.123,1.127,1.528,-0.122,0.0,0.0,0.0
48.70069456100464,1.74,-0.123,1.156,1.515,-0.073,0.0,0.0,0.0
48.710705518722534,1.762,-0.129,1.154,1.484,-0.081,0.0,0.0,0.0
48.72089862823486,1.751,-0.126,1.079,1.422,-0.075,0.0,0.0,0.0
48.73072004318237,1.959,-0.123,1.111,1.473,-0.088,0.0,0.0,0.0
48.73990225791931,1.97,-0.123,1.13,1.355,-0.099,0.0,-0.001,0.001
48.74999761581421,1.806,-0.123,1.184,1.443,-0.093,0.0,0.0,0.0
48.76007890701294,1.751,-0.126,1.192,1.495,-0.084,0.0,0.0,0.0
48.770671129226685,1.565,-0.128,1.185,1.445,-0.078,0.0,0.0,0.0
48.77968192100525,1.762,-0.13,1.104,1.461,-0.084,0.0,0.0,0.0
48.79089641571045,1.981,-0.131,1.246,1.179,-0.07,0.0,0.0,0.0
48.800732374191284,2.003,-0.131,1.145,1.514,-0.07,0.0,0.0,0.0
48.80985760688782,1.565,-0.123,1.103,1.461,-0.055,0.0,0.0,0.0
48.82058548927307,1.576,-0.118,1.148,1.419,-0.052,0.0,0.0,0.0
48.830689668655396,1.981,-0.119,1.086,1.503,-0.03,0.0,0.0,0.0
48.839773416519165,1.784,-0.128,1.146,1.388,-0.006,0.0,0.0,0.0
48.84991526603699,1.795,-0.124,1.248,1.326,-0.014,0.0,0.0,0.0
48.860512018203735,1.773,-0.126,1.252,1.352,0.03,0.0,0.0,0.0
48.86992120742798,1.795,-0.124,1.199,1.396,0.071,0.0,-0.001,0.001
48.88027548789978,1.773,-0.125,1.179,1.374,0.089,0.0,0.0,0.0
48.89071607589722,1.39,-0.123,1.155,1.406,0.076,0.0,0.0,0.0
48.89999461174011,1.97,-0.128,1.153,1.502,0.094,0.0,0.0,0.0
48.90984535217285,1.784,-0.126,1.102,1.309,0.108,0.0,0.0,0.0
48.92061519622803,1.773,-0.126,1.224,1.289,0.1,0.0,0.0,0.0
48.930715560913086,1.795,-0.128,1.142,1.42,0.105,0.0,0.0,0.0
48.940064668655396,1.565,-0.126,1.143,1.401,0.111,0.0,0.0,0.0
48.94975662231445,1.784,-0.133,1.114,1.443,0.117,0.0,0.0,0.0
48.960216760635376,1.762,-0.123,1.14,1.286,0.12,0.0,0.0,0.0
48.969905853271484,1.532,-0.126,1.033,1.357,0.138,0.0,0.0,0.0
48.97991466522217,1.762,-0.128,1.013,1.418,0.156,0.0,0.0,0.0
48.98992562294006,1.335,-0.123,1.083,1.265,0.125,0.0,0.0,0.0
48.99992656707764,1.938,-0.128,1.059,1.328,0.154,0.0,0.0,0.0
49.009897232055664,1.521,-0.128,1.12,1.361,0.194,0.001,0.0,0.0
49.02032279968262,1.74,-0.123,1.182,1.326,0.112,0.0,0.0,0.0
49.03013205528259,1.51,-0.121,1.106,1.425,0.171,0.0,0.0,0.0
49.0400767326355,1.707,-0.128,1.105,1.514,0.16,0.0,0.0,0.0
49.050004959106445,1.686,-0.126,1.079,1.269,0.15,0.0,0.0,0.0
49.05982041358948,1.499,-0.128,1.146,1.404,0.178,0.0,0.0,0.0
49.07076406478882,1.707,-0.13,1.156,1.223,0.127,0.0,0.0,0.0
49.08073830604553,1.675,-0.128,1.071,1.49,0.211,0.0,0.0,0.0
49.09015512466431,1.499,-0.123,1.113,1.49,0.209,0.0,0.0,0.0
49.10041904449463,1.883,-0.131,1.039,1.344,0.206,0.0,0.0,0.0
49.11004185676575,1.686,-0.126,1.047,1.445,0.219,0.0,0.0,0.0
49.11981439590454,1.707,-0.123,1.142,1.408,0.208,0.0,0.0,0.0
49.13031578063965,1.686,-0.128,1.159,1.325,0.135,0.0,0.0,0.0
49.14012813568115,1.696,-0.123,1.055,1.353,0.225,0.0,-0.001,0.001
49.14992022514343,1.686,-0.13,1.069,1.219,0.258,0.0,0.0,0.0
49.159735441207886,1.686,-0.128,1.148,1.291,0.201,0.0,0.0,0.0
49.17043995857239,1.905,-0.123,1.135,1.224,0.215,0.0,0.0,0.0
49.17980766296387,1.686,-0.123,1.105,1.424,0.279,0.0,0.0,0.0
49.18998456001282,1.696,-0.134,1.107,1.308,0.216,0.0,0.0,0.0
49.20080852508545,1.696,-0.128,1.103,1.307,0.286,0.0,0.0,0.0
49.21085453033447,1.686,-0.128,1.122,1.365,0.259,0.0,0.0,0.0
49.22023129463196,1.675,-0.125,1.115,1.403,0.269,0.0,0.0,0.0
49.2300078868866,1.686,-0.128,1.085,1.438,0.266,0.0,0.0,0.0
49.239827394485474,1.696,-0.123,1.089,1.262,0.294,0.0,0.0,0.0
49.2497820854187,1.686,-0.131,1.172,1.289,0.228,0.0,0.0,0.0
49.26001596450806,1.686,-0.123,1.119,1.295,0.239,0.0,0.0,0.0
49.270610094070435,1.686,-0.133,1.071,1.344,0.265,0.0,0.0,0.0
49.279963970184326,1.686,-0.126,1.082,1.395,0.289,0.0,0.0,0.0
49.289974212646484,1.686,-0.126,1.113,1.329,0.293,0.0,0.0,0.0
49.29997682571411,1.686,-0.123,1.131,1.415,0.244,0.0,0.0,0.0
49.31060266494751,1.707,-0.131,1.138,1.446,0.332,0.0,0.0,0.0
49.319947242736816,1.686,-0.12,1.101,1.457,0.284,0.0,-0.001,0.001
49.329729080200195,1.675,-0.126,1.136,1.293,0.253,0.0,0.0,0.0
49.33981919288635,1.686,-0.123,1.11,1.262,0.203,0.0,0.0,0.0
49.34977841377258,1.653,-0.128,1.107,1.372,0.159,0.0,0.0,0.0
49.35994052886963,1.675,-0.12,1.108,1.419,0.281,0.0,0.0,0.0
49.370787382125854,1.675,-0.125,1.117,1.394,0.268,0.0,0.0,0.0
49.37983989715576,1.664,-0.126,1.103,1.374,0.182,0.0,0.0,0.0
49.390429973602295,1.675,-0.126,1.14,1.445,0.104,0.0,0.0,0.0
49.40047478675842,1.675,-0.126,1.121,1.461,0.311,0.0,0.0,0.0
49.41051483154297,1.664,-0.12,1.117,1.3,0.339,0.0,0.0,0.0
49.419824838638306,1.455,-0.126,1.073,1.416,0.302,0.0,0.0,0.0
49.42998766899109,1.653,-0.13,1.111,1.321,0.239,0.0,0.0,0.0
49.440704345703125,1.642,-0.123,1.106,1.214,0.349,0.0,0.0,0.0
49.44979476928711,1.664,-0.123,1.102,1.371,0.34,0.0,0.0,0.0
49.459943771362305,1.631,-0.121,1.106,1.272,0.125,0.0,0.0,0.0
49.47112703323364,1.444,-0.126,1.111,1.24,0.418,0.0,0.0,0.0
49.48000121116638,1.631,-0.128,1.128,1.287,0.107,0.0,0.0,0.0
49.48975896835327,1.642,-0.124,1.104,1.432,0.296,0.0,0.0,0.0
49.49993658065796,1.434,-0.12,1.099,1.304,0.161,0.0,0.0,0.0
49.51016306877136,1.62,-0.121,1.094,1.281,0.263,0.0,0.0,0.0
49.51979064941406,1.423,-0.117,1.116,1.373,0.401,0.0,0.0,0.0
49.529786586761475,1.609,-0.123,1.126,1.355,0.339,0.0,0.0,0.0
49.54085063934326,1.368,-0.127,1.136,1.418,0.205,0.0,0.0,0.0
49.54986882209778,1.587,-0.126,1.115,1.395,0.163,0.0,0.0,0.0
49.56032681465149,1.368,-0.123,1.143,1.264,0.179,0.0,0.0,0.0
49.56989502906799,1.346,-0.126,1.117,1.396,0.384,0.0,0.0,0.0
49.58015251159668,1.543,-0.126,1.126,1.329,0.226,0.0,-0.002,-0.002
49.589967250823975,1.335,-0.118,1.14,1.267,0.243,0.0,0.0,0.0
49.599833965301514,1.324,-0.128,1.129,1.34,0.35,0.0,0.0,0.0
49.61013317108154,1.51,-0.123,1.157,1.315,0.121,0.0,0.0,0.0
49.61988353729248,1.291,-0.126,1.172,1.241,0.361,0.0,0.0,0.0
49.629868030548096,1.269,-0.117,1.211,1.202,0.228,0.0,0.0,0.0
49.6405348777771,1.258,-0.123,1.247,1.231,0.279,0.0,0.0,0.0
49.649858236312866,1.236,-0.126,1.284,1.335,0.311,0.0,0.0,0.0
49.65992593765259,1.203,-0.12,1.286,1.305,0.282,0.0,0.0,0.0
49.670605421066284,1.192,-0.123,1.337,1.239,0.344,0.0,0.0,0.0
49.67991900444031,1.181,-0.113,1.358,1.334,0.323,0.0,-0.001,-0.001
49.690067768096924,1.171,-0.123,1.367,1.31,0.291,0.0,0.0,0.0
49.699979066848755,1.138,-0.125,1.42,1.262,0.282,0.0,0.0,0.0
49.7105028629303,1.127,-0.124,1.474,1.229,0.272,0.0,0.0,0.0
49.71987533569336,1.105,-0.121,1.512,1.345,0.364,0.0,0.0,0.0
49.729692459106445,1.072,-0.123,1.511,1.201,0.362,0.0,-0.002,-0.002
49.74019527435303,1.061,-0.123,1.538,1.255,0.259,0.0,0.0,0.0
49.75014805793762,0.82,-0.12,1.65,1.292,0.257,0.0,0.0,0.0
49.75991702079773,1.017,-0.123,1.619,1.321,0.376,0.0,0.0,0.0
49.76995897293091,0.984,-0.118,1.685,1.326,0.229,0.0,0.0,0.0
49.780157804489136,0.973,-0.12,1.652,1.304,0.224,0.0,0.0,0.0
49.79007577896118,0.94,-0.12,1.689,1.357,0.378,0.0,-0.002,-0.002
49.800187826156616,0.929,-0.118,1.718,1.357,0.302,0.0,0.0,0.0
49.810712814331055,0.688,-0.118,1.758,1.352,0.208,0.0,-0.006,-0.006
49.81990647315979,0.853,-0.121,1.733,1.388,0.414,0.0,-0.007,-0.007
49.82977604866028,0.842,-0.124,1.666,1.332,0.293,0.0,-0.005,-0.005
49.83978343009949,0.809,-0.112,1.733,1.308,0.242,0.0,-0.005,-0.005
49.85031986236572,0.568,-0.116,1.745,1.333,0.238,0.0,0.0,0.0
49.85977005958557,0.754,-0.12,1.699,1.321,0.352,0.0,-0.002,-0.002
49.87044095993042,0.721,-0.118,1.66,1.253,0.128,0.0,0.0,0.0
49.880181312561035,0.48,-0.126,1.782,1.297,0.476,0.0,0.0,0.0
49.88981485366821,0.667,-0.116,1.69,1.256,0.369,0.0,-0.001,-0.001
49.90076398849487,0.634,-0.123,1.632,1.234,0.289,0.0,0.0,0.0
49.910653591156006,0.393,-0.118,1.695,1.288,0.436,0.0,0.0,0.0
49.92082142829895,0.568,-0.115,1.69,1.296,0.352,0.0,-0.006,-0.006
49.93069863319397,0.316,-0.115,1.735,1.281,0.394,0.0,-0.002,-0.002
49.939899921417236,0.48,-0.121,1.736,1.285,0.348,0.0,-0.001,-0.001
49.95006966590881,0.239,-0.121,1.715,1.247,0.462,0.0,-0.002,-0.002
49.959702491760254,0.217,-0.115,1.833,1.285,0.497,0.0,0.0,0.0
49.970011711120605,0.59,-0.118,1.665,1.261,0.163,0.0,0.0,0.0
49.979920387268066,0.141,-0.118,1.9,1.221,0.421,0.0,0.0,0.0
49.98992323875427,0.316,-0.118,1.745,1.241,0.301,0.0,0.0,0.0
50.000264167785645,0.075,-0.118,1.767,1.248,0.414,0.0,-0.003,-0.003
50.01013946533203,0.261,-0.118,1.81,1.265,0.451,0.0,0.0,0.0
50.01998996734619,0.425,-0.116,1.811,1.292,0.351,0.0,0.0,0.0
50.02982473373413,-0.013,-0.115,1.881,1.206,0.309,0.0,0.0,0.0
50.03975820541382,0.173,-0.115,1.736,1.201,0.226,0.0,0.0,0.0
50.05096459388733,0.119,-0.12,1.817,1.175,0.212,0.0,0.0,0.0
50.0597505569458,0.108,-0.115,1.771,1.205,0.238,0.0,0.0,0.0
50.070032596588135,0.305,-0.113,1.724,1.213,0.221,0.0,0.0,0.0
50.08096408843994,0.261,-0.113,1.719,1.218,0.334,0.0,0.0,0.0
50.09003663063049,0.042,-0.118,1.727,1.236,0.219,0.0,0.0,0.0
50.099853515625,0.217,-0.105,1.795,1.214,0.322,0.0,0.0,0.0
50.110398292541504,0.206,-0.118,1.693,1.225,0.263,0.0,0.0,0.0
50.11998271942139,0.195,-0.12,1.903,1.221,0.364,0.0,0.0,0.0
50.129884481430054,0.349,-0.118,1.851,1.212,0.225,0.0,0.0,0.0
50.13978338241577,0.152,-0.115,1.871,1.213,0.227,0.0,0.0,0.0
50.150028228759766,0.141,-0.112,1.955,1.208,0.268,0.0,0.0,0.0
50.159770488739014,0.305,-0.118,1.873,1.191,0.45,0.0,0.0,0.0
50.17030930519104,0.338,-0.113,1.834,1.207,0.185,0.0,-0.002,-0.002
50.180493116378784,0.371,-0.116,2.034,1.23,0.427,0.0,0.0,0.0
50.189958810806274,0.108,-0.115,2.027,1.215,0.499,0.0,0.0,0.0
50.19992780685425,0.075,-0.113,1.996,1.227,0.189,0.0,0.0,0.0
50.21046566963196,0.524,-0.107,1.948,1.213,0.449,0.0,0.001,-0.001
50.21994233131409,0.316,-0.108,1.935,1.218,0.409,0.0,0.0,0.0
50.23027944564819,0.316,-0.11,1.884,1.208,0.429,0.0,0.0,0.0
50.24015235900879,0.502,-0.11,2.017,1.203,0.479,0.0,-0.002,-0.002
50.250091552734375,0.086,-0.108,1.926,1.221,0.424,0.0,0.0,0.0
50.26049852371216,0.272,-0.11,1.906,1.195,0.4,0.0,0.0,0.0
50.26996994018555,0.469,-0.11,1.828,1.199,0.39,0.0,0.0,0.0
50.28015494346619,0.491,-0.105,1.742,1.199,0.386,0.0,0.0,0.0
50.290037631988525,0.316,-0.11,1.91,1.191,0.482,0.0,0.0,0.0
50.300283908843994,0.316,-0.108,1.797,1.183,0.341,0.0,0.0,0.0
50.30982828140259,0.557,-0.105,1.972,1.167,0.542,0.0,0.0,0.0
50.31997299194336,0.349,-0.108,1.838,1.17,0.339,0.0,0.0,0.0
50.33034014701843,0.338,-0.108,1.757,1.168,0.39,0.0,0.0,0.0
50.33977961540222,0.568,-0.108,1.968,1.146,0.45,0.0,0.0,0.0
50.34990358352661,0.13,-0.111,1.74,1.156,0.174,0.0,0.0,0.0
50.359840393066406,0.316,-0.108,1.916,1.12,0.269,0.0,0.0,0.0
50.36988568305969,0.338,-0.108,1.855,1.114,0.247,0.0,0.0,0.0
50.38090443611145,0.546,-0.105,1.952,1.095,0.293,0.0,-0.001,0.001
50.39065480232239,0.568,-0.107,1.966,1.064,0.467,0.0,0.0,0.0
50.40018033981323,0.152,-0.105,1.946,1.057,0.512,0.0,-0.005,-0.005
50.40987014770508,0.579,-0.107,2.064,1.031,0.612,0.0,-0.007,-0.007
50.419790506362915,0.404,-0.105,1.738,1.03,0.366,0.0,0.0,0.0
50.43007826805115,0.184,-0.102,1.745,0.991,0.164,0.0,0.001,-0.001
50.43976950645447,0.623,-0.102,2.062,0.934,0.534,0.0,0.0,0.0
50.450172424316406,0.393,-0.103,1.793,0.927,0.317,0.0,0.0,0.0
50.460044145584106,0.382,-0.105,1.992,0.861,0.491,0.0,0.0,0.0
50.470632553100586,0.195,-0.102,1.969,0.876,0.362,0.0,0.0,0.0
50.48064637184143,0.393,-0.105,1.918,0.779,0.442,0.0,0.0,0.0
50.49017286300659,0.404,-0.108,1.924,0.776,0.454,0.0,0.0,0.0
50.50080132484436,0.425,-0.103,1.973,0.744,0.438,0.0,0.0,0.0
50.51077222824097,0.217,-0.105,1.961,0.727,0.336,0.0,0.0,0.0
50.52070164680481,0.414,-0.101,1.991,0.696,0.307,0.0,0.0,0.0
50.53061652183533,0.436,-0.105,1.887,0.717,0.592,0.0,0.0,0.0
50.53986120223999,0.195,-0.105,2.029,0.66,0.458,0.0,0.0,0.0
50.55009984970093,0.404,-0.1,1.906,0.688,0.483,0.0,0.0,0.0
50.56011080741882,0.217,-0.097,1.97,0.634,0.317,0.0,0.001,-0.001
50.57019639015198,0.645,-0.099,1.918,0.642,0.331,0.0,0.0,0.0
50.581239223480225,0.458,-0.099,1.934,0.643,0.664,0.0,0.001,-0.001
50.59061050415039,0.239,-0.097,1.916,0.674,0.154,0.0,0.0,0.0
50.60067176818848,0.425,-0.103,2.021,0.681,0.234,0.0,-0.005,-0.005
50.61064124107361,0.217,-0.097,1.975,0.684,0.449,0.0,0.0,0.0
50.62098264694214,0.239,-0.097,2.023,0.68,0.38,0.0,-0.002,-0.002
50.629836320877075,0.436,-0.092,2.001,0.745,0.23,0.0,0.0,0.0
50.63993167877197,0.217,-0.103,2.046,0.727,0.146,0.0,-0.004,-0.004
50.65121531486511,0.239,-0.1,2.116,0.757,0.464,0.0,0.0,0.0
50.66004180908203,0.239,-0.098,2.009,0.675,0.614,0.0,0.0,0.0
50.670902729034424,0.458,-0.098,1.979,0.647,0.62,0.0,0.0,0.0
50.67996287345886,0.447,-0.095,2.039,0.613,0.214,0.0,0.0,0.0
50.69029712677002,0.469,-0.095,2.032,0.717,0.594,0.0,-0.006,-0.006
50.7002170085907,0.469,-0.098,2.211,0.653,0.5,0.0,0.0,0.0
50.70997714996338,0.02,-0.094,2.067,0.642,0.596,0.0,0.001,-0.001
50.7198269367218,0.414,-0.095,2.183,0.738,0.601,0.0,0.0,0.0
50.72978091239929,0.228,-0.095,1.759,0.708,0.347,0.0,0.0,0.0
50.74123501777649,0.436,-0.091,2.036,0.684,0.291,0.0,0.0,0.0
50.750202894210815,0.239,-0.092,2.036,0.7,0.257,0.0,0.0,0.0
50.76058626174927,0.447,-0.092,1.928,0.621,0.496,0.0,-0.006,-0.006
50.77003502845764,0.228,-0.089,1.997,0.555,0.598,0.0,0.0,0.0
50.78037095069885,0.239,-0.093,2.031,0.63,0.336,0.0,-0.005,-0.005
50.79088735580444,0.458,-0.092,2.126,0.534,0.651,0.0,0.0,0.0
50.799851417541504,0.228,-0.084,1.954,0.531,0.476,0.0,0.0,0.0
50.809834718704224,0.458,-0.098,1.8,0.596,0.337,0.0,-0.004,-0.004
50.82062125205994,0.491,-0.09,1.762,0.673,0.446,0.0,0.0,0.0
50.829835414886475,0.283,-0.092,1.969,0.607,0.607,0.0,0.0,0.0
50.83974862098694,0.502,-0.087,1.655,0.592,0.439,0.0,0.0,0.0
50.85053825378418,0.502,-0.087,1.794,0.66,0.098,0.0,0.0,0.0
50.85985088348389,0.097,-0.092,2.107,0.538,0.506,0.0,0.0,0.0
50.86976099014282,0.513,-0.092,2.015,0.652,0.561,0.0,0.0,0.0
50.8813259601593,0.502,-0.085,1.788,0.637,0.273,0.0,0.0,0.0
50.89101719856262,0.086,-0.085,1.77,0.654,0.284,0.0,0.0,0.0
50.900726079940796,0.502,-0.095,1.967,0.675,0.277,0.0,0.0,0.0
50.909748554229736,0.075,-0.085,2.019,0.579,0.446,0.0,-0.004,-0.004
50.92023849487305,0.272,0.201,2.1,0.628,0.431,0.0,-0.005,-0.005
50.93072509765625,0.469,0.085,1.956,0.592,0.654,0.0,0.0,0.0
50.939789056777954,0.491,0.423,2.079,0.627,0.486,0.0,0.0,0.0
50.94976210594177,0.294,0.287,1.736,0.669,0.386,0.0,0.001,-0.001
50.96127915382385,0.491,0.358,1.848,0.752,0.569,0.0,0.001,-0.001
50.970078468322754,0.097,0.553,1.787,0.697,0.142,0.0,0.0,0.0
50.97992992401123,0.535,0.406,2.147,0.581,0.574,0.0,0.0,0.0
50.99042367935181,0.327,0.524,2.035,0.567,0.511,0.0,0.0,0.0
51.00009489059448,0.108,0.426,2.03,0.624,0.549,0.0,0.0,0.0
51.01020908355713,0.524,0.41,1.988,0.676,0.411,0.0,-0.001,-0.001
51.02077555656433,0.327,0.401,2.243,0.598,0.479,0.0,-0.004,-0.004
51.02974462509155,0.108,0.529,2.191,0.602,0.472,0.0,0.0,0.0
51.03967833518982,0.502,0.383,1.852,0.671,0.228,0.0,0.0,0.0
51.05007028579712,0.25,0.509,1.923,0.707,0.025,0.0,0.0,0.0
51.06099724769592,0.283,0.452,2.104,0.696,0.33,0.0,0.0,0.0
51.07048058509827,0.097,0.538,2.106,0.65,0.132,0.0,0.0,0.0
51.080769777297974,0.699,0.251,2.099,0.654,0.485,0.0,-0.005,-0.005
51.09080100059509,0.283,0.313,2.159,0.656,0.503,0.0,-0.004,-0.004
51.101019620895386,-0.111,0.376,2.198,0.643,0.678,0.0,0.0,0.0
51.11057901382446,0.491,0.364,2.048,0.744,0.322,0.0,-0.003,-0.003
51.11971426010132,0.272,0.185,2.111,0.552,0.79,0.0,-0.005,-0.005
51.13020730018616,0.261,0.159,1.84,0.732,0.418,0.0,0.0,0.0
51.139811992645264,0.261,0.145,2.154,0.685,0.798,0.0,0.0,0.0
51.14976668357849,0.272,0.176,1.892,0.652,0.595,0.0,0.0,0.0
51.16100811958313,0.458,0.182,2.115,0.747,0.644,0.0,-0.004,-0.004
51.17000985145569,0.294,0.261,1.963,0.556,0.367,0.0,0.0,0.0
51.179816246032715,0.294,0.16,2.09,0.595,0.535,0.0,-0.002,-0.002
51.190340757369995,0.283,0.18,1.989,0.67,0.665,0.0,0.0,0.0
51.20062851905823,0.294,0.064,2.01,0.627,0.739,0.0,0.001,-0.001
51.20981693267822,0.294,0.014,2.103,0.601,0.648,0.0,0.0,0.0
51.2197699546814,0.491,0.12,1.973,0.726,0.462,0.0,0.0,0.0
51.22991418838501,0.294,0.117,1.963,0.645,0.603,0.0,0.0,0.0
51.239696741104126,0.283,0.237,1.918,0.666,0.639,0.0,-0.004,-0.004
51.24976921081543,0.305,0.322,1.951,0.713,0.382,0.0,0.001,-0.001
51.260743379592896,0.086,0.352,2.006,0.656,0.498,0.0,0.0,0.0
51.2700457572937,0.075,0.266,2.186,0.568,0.607,0.0,0.0,0.0
51.28009295463562,0.491,0.356,2.069,0.639,0.461,0.0,0.0,0.0
51.290284156799316,0.305,0.309,2.167,0.71,0.713,0.0,0.0,0.0
51.29998588562012,0.064,0.423,2.364,0.592,0.503,0.0,0.0,0.0
51.30998611450195,0.48,0.442,2.114,0.659,0.486,0.0,0.001,-0.001
51.31978106498718,0.239,0.389,1.86,0.587,0.387,0.0,0.0,0.0
51.33030104637146,0.469,0.455,2.236,0.71,0.364,0.0,-0.004,-0.004
51.339884519577026,0.261,0.369,2.255,0.48,0.59,0.0,0.0,0.0
51.34990477561951,0.042,0.393,2.23,0.697,0.188,-0.001,0.0,0.0
51.36019968986511,0.48,0.371,2.142,0.671,0.39,0.0,0.0,0.0
51.369905948638916,0.502,0.353,2.155,0.522,0.604,0.0,0.0,0.0
51.37985372543335,0.108,0.302,1.965,0.704,0.313,0.0,0.0,0.0
51.39001798629761,0.305,0.307,1.934,0.547,0.225,0.0,-0.005,-0.005
51.400649547576904,0.469,0.321,2.012,0.576,0.47,0.0,0.0,0.0
51.41071939468384,0.042,0.439,2.117,0.441,0.542,0.0,0.0,0.0
51.42002296447754,0.48,0.23,2.077,0.44,0.601,0.0,-0.001,-0.001
51.43052816390991,0.48,0.237,2.182,0.503,0.526,0.0,0.0,0.0
51.44027280807495,0.327,0.267,2.048,0.398,0.681,0.0,0.0,0.0
51.44993472099304,0.108,0.236,2.076,0.499,0.693,0.0,0.0,0.0
51.4606397151947,0.316,0.28,1.915,0.592,0.505,-0.001,0.0,0.0
51.47027945518494,0.502,0.11,2.026,0.494,0.638,0.0,0.0,0.0
51.479816913604736,0.075,0.186,2.055,0.503,0.658,0.0,0.0,0.0
51.48989725112915,0.458,0.251,2.026,0.673,0.454,0.0,0.0,0.0
51.50052547454834,0.064,0.226,2.056,0.672,0.853,0.0,0.0,0.0
51.51025748252869,0.524,0.141,2.094,0.619,0.722,0.0,0.0,0.0
51.519826889038086,0.546,0.129,2.147,0.529,0.707,0.0,0.0,0.0
51.530415058135986,0.108,0.254,1.924,0.598,0.26,0.0,0.0,0.0
51.53999590873718,0.283,-0.055,2.272,0.476,0.864,0.0,0.0,0.0
51.550222396850586,0.491,0.236,2.062,0.638,0.486,0.0,0.0,0.0
51.55993437767029,0.064,0.336,2.303,0.692,0.647,0.0,0.0,0.0
51.57057237625122,0.283,0.376,1.963,0.724,0.51,0.0,0.0,0.0
51.5798704624176,0.327,0.072,2.43,0.496,0.696,0.0,0.0,0.0
51.59003949165344,0.338,0.277,2.225,0.687,0.45,0.0,0.0,0.0
51.600690603256226,0.513,0.338,2.042,0.527,0.633,0.0,0.0,0.0
51.61001229286194,0.075,0.028,2.289,0.5,0.619,0.0,0.0,0.0
51.619781494140625,0.283,0.44,2.304,0.682,0.577,0.0,0.0,0.0
51.630624532699585,0.524,0.501,2.048,0.626,0.401,0.0,0.0,0.0
51.639938831329346,0.327,0.212,2.334,0.461,0.583,0.0,0.0,0.0
51.64993119239807,0.108,0.449,1.935,0.552,0.562,0.0,0.0,0.0
51.660128593444824,0.272,0.341,2.07,0.536,0.363,0.0,-0.003,-0.003
51.67106342315674,0.261,0.411,2.135,0.445,0.569,0.0,0.0,0.0
51.67988348007202,0.294,0.57,2.094,0.514,0.496,0.0,0.0,0.0
51.68999409675598,0.546,0.504,2.109,0.443,0.645,0.0,-0.004,-0.004
51.7006459236145,0.119,0.417,2.098,0.577,0.31,0.0,-0.007,-0.007
51.710373401641846,0.053,0.111,2.078,0.526,0.672,0.0,0.0,0.0
51.71981644630432,0.469,0.176,2.165,0.536,0.582,0.0,0.0,0.0
51.729859828948975,0.294,0.488,2.222,0.53,0.283,0.0,0.0,0.0
51.74024200439453,0.305,0.21,1.774,0.484,0.511,0.0,0.0,0.0
51.7498881816864,0.272,0.286,2.229,0.578,0.746,0.0,0.0,0.0
51.76009678840637,0.064,0.379,2.152,0.557,0.583,0.0,0.0,0.0
51.77024960517883,0.25,0.295,2.22,0.537,0.824,0.0,0.0,0.0
51.78053045272827,0.502,0.301,2.166,0.428,0.794,0.0,0.0,0.0
51.789955139160156,0.064,0.412,2.286,0.528,0.495,0.0,0.0,0.0
51.80029225349426,0.25,0.318,2.36,0.467,0.836,0.0,-0.002,-0.002
51.81006598472595,0.283,0.066,2.345,0.581,0.784,0.0,0.0,0.0
51.81981134414673,0.491,0.248,2.413,0.748,0.797,0.0,0.0,0.0
51.829874992370605,0.272,0.112,2.053,0.611,0.444,0.0,0.0,0.0
51.84020781517029,0.25,0.176,1.98,0.643,0.681,0.0,0.0,0.0
51.84988737106323,0.305,0.082,2.37,0.689,0.742,0.0,0.0,0.0
51.86010026931763,0.294,0.255,2.167,0.52,0.767,0.0,0.0,0.0
51.871575593948364,0.272,0.291,2.12,0.743,0.755,0.0,0.0,0.0
51.879907846450806,0.283,0.374,1.895,0.754,0.443,0.0,0.0,0.0
51.889968156814575,0.294,0.317,1.965,0.67,0.376,0.0,0.0,0.0
51.89984488487244,0.042,0.414,2.239,0.491,0.533,0.0,0.0,0.0
51.910858392715454,0.436,0.309,1.775,0.745,0.681,0.0,0.0,0.0
51.919787883758545,0.294,0.442,2.173,0.476,0.688,0.0,-0.001,0.001
51.929770946502686,0.48,0.35,1.978,0.408,0.47,0.0,-0.003,-0.003
51.939960956573486,0.25,0.441,1.923,0.516,0.603,0.0,0.0,0.0
51.94986844062805,0.075,0.39,1.968,0.531,0.558,0.0,0.0,0.0
51.960819482803345,0.502,0.413,1.917,0.583,0.622,0.0,0.0,0.0
51.97084188461304,0.064,0.309,2.2,0.549,0.624,0.0,0.0,0.0
51.98076152801514,0.283,0.67,2.216,0.586,0.753,0.0,0.001,-0.001
51.9909393787384,0.502,0.509,2.19,0.368,0.302,0.0,0.0,0.0
52.00054931640625,0.042,0.673,2.224,0.45,0.329,0.0,0.0,0.0
52.010618925094604,0.272,0.337,2.18,0.436,0.81,0.0,-0.001,-0.003
52.01977777481079,0.513,0.314,2.306,0.399,0.648,0.0,0.0,0.0
52.02973175048828,0.294,0.515,2.025,0.505,0.54,0.0,0.0,0.0
52.040018796920776,0.261,0.505,1.934,0.622,0.463,0.0,0.001,-0.001
52.050827741622925,0.064,0.557,2.213,0.435,0.632,0.0,0.0,0.0
52.059892892837524,0.491,0.47,2.179,0.517,0.647,0.0,0.0,0.0
52.070194721221924,0.272,0.572,2.095,0.628,0.553,0.0,0.0,0.0
52.08032584190369,0.064,0.441,2.547,0.51,0.886,0.0,0.0,0.0
52.09007501602173,0.294,0.148,2.472,0.505,0.693,0.0,0.0,0.0
52.09992051124573,0.283,0.475,2.508,0.565,0.76,0.0,0.0,0.0
52.11026620864868,0.239,0.443,2.146,0.538,0.69,0.0,0.0,0.0
52.11977195739746,0.283,0.141,2.299,0.409,0.818,0.0,0.0,0.0
52.129759073257446,0.283,0.429,2.199,0.66,0.451,0.0,0.0,0.0
52.140711307525635,0.239,0.192,2.345,0.565,0.491,0.0,0.0,0.0
52.1499137878418,0.064,0.177,2.149,0.34,0.772,0.0,0.0,0.0
52.15993094444275,0.502,0.355,2.368,0.544,0.532,0.0,0.0,0.0
52.170443058013916,0.239,0.583,1.737,0.597,0.548,0.0,0.0,0.0
52.18078136444092,0.053,0.179,2.143,0.439,0.792,0.0,0.0,0.0
52.19067454338074,0.48,0.34,2.129,0.436,0.742,0.0,0.001,-0.001
52.20062589645386,0.228,0.377,2.261,0.433,0.759,0.0,0.001,-0.001
52.21077084541321,0.064,0.23,2.343,0.32,0.842,0.0,0.0,0.0
52.220672845840454,0.436,0.53,2.256,0.33,0.787,0.0,0.0,0.0
52.22978162765503,0.217,0.383,2.38,0.443,0.791,0.0,0.0,0.0
52.24032759666443,0.272,0.461,2.19,0.563,0.683,0.0,0.0,0.0
52.24987983703613,0.228,0.413,2.494,0.464,0.724,0.0,0.0,0.0
52.260082483291626,0.239,0.314,2.204,0.71,0.763,0.0,0.0,0.0
52.27078819274902,0.491,0.54,2.218,0.385,0.638,0.0,0.0,0.0
52.28084635734558,0.053,0.258,2.364,0.494,0.72,0.0,0.0,0.0
52.29066205024719,0.524,0.549,2.416,0.451,0.537,0.0,0.0,0.0
52.30062532424927,0.25,0.266,2.288,0.444,0.71,0.0,0.0,0.0
52.31011128425598,0.053,0.192,2.411,0.418,0.686,0.0,0.0,0.0
52.31976294517517,0.513,0.488,2.336,0.617,0.805,0.0,0.0,0.0
52.32978558540344,0.031,0.494,2.236,0.598,0.558,0.0,0.0,0.0
52.340023040771484,0.283,0.568,1.964,0.666,0.657,0.0,-0.005,-0.005
52.35004281997681,0.436,0.496,2.176,0.489,0.709,0.0,0.0,0.0
52.360161781311035,0.272,0.467,2.215,0.575,0.641,0.0,0.0,0.0
52.37013268470764,0.491,0.602,2.304,0.318,0.691,0.0,0.0,0.0
52.3798725605011,0.053,0.37,2.145,0.421,0.757,0.0,0.0,0.0
52.389965772628784,0.272,0.448,1.818,0.435,0.873,0.0,0.0,0.0
52.40110659599304,0.25,0.554,2.015,0.38,0.777,0.0,0.0,0.0
52.41038966178894,0.283,0.549,2.359,0.588,0.515,0.0,0.0,0.0
52.41979098320007,0.075,0.223,2.296,0.264,0.839,0.0,0.0,0.0
52.4303982257843,0.447,0.394,2.219,0.424,0.649,0.0,-0.004,-0.004
52.439905405044556,-0.144,0.261,2.312,0.358,0.917,0.0,0.0,0.0
52.45026683807373,0.436,0.396,2.34,0.622,0.883,0.0,0.0,0.0
52.45980381965637,0.48,0.278,2.294,0.326,0.958,0.0,0.0,0.0
52.47049951553345,0.272,0.264,2.348,0.443,0.674,0.0,-0.003,-0.003
52.479894399642944,0.261,0.163,2.275,0.26,0.922,0.0,0.0,0.0
52.48996925354004,0.305,0.192,2.399,0.599,0.818,0.0,0.0,0.0
52.500194787979126,0.228,0.395,2.21,0.349,0.572,0.0,0.0,0.0
52.510778188705444,-0.144,0.083,2.325,0.258,0.869,0.0,0.0,0.0
52.520848751068115,0.425,0.435,2.395,0.566,0.584,0.0,-0.003,-0.003
52.52980184555054,0.272,0.156,2.238,0.303,1.014,0.0,0.0,0.0
52.53984355926514,0.228,0.255,1.978,0.634,0.615,0.0,-0.006,-0.006
52.549822092056274,0.272,0.414,2.067,0.395,0.602,0.0,0.0,0.0
52.56007385253906,0.228,0.305,2.16,0.517,0.529,0.0,0.0,0.0
52.57026553153992,0.447,0.457,2.027,0.368,0.916,0.0,0.0,0.0
52.57977247238159,0.239,0.49,2.231,0.337,0.931,0.0,0.0,0.0
52.58985233306885,0.031,0.425,2.019,0.361,0.743,0.0,-0.003,-0.003
52.60015249252319,0.272,0.566,1.989,0.632,0.628,0.0,0.0,0.0
52.61093020439148,0.228,0.464,2.345,0.304,0.757,0.0,0.0,0.0
52.61975336074829,0.239,0.467,2.392,0.544,0.842,0.0,0.0,0.0
52.62993669509888,0.217,0.476,1.896,0.373,0.503,0.0,0.0,0.0
52.640493392944336,0.469,0.528,2.106,0.273,0.65,0.0,0.0,0.0
52.64998245239258,0.02,0.136,2.389,0.31,0.827,0.0,0.0,0.0
52.66066598892212,0.491,0.649,2.108,0.332,0.511,0.0,0.0,0.0
52.670320987701416,0.031,0.348,2.403,0.307,0.81,0.0,0.0,0.0
52.68063998222351,0.283,0.588,2.438,0.275,0.833,0.0,0.0,0.0
52.68980073928833,0.228,0.363,2.36,0.405,0.949,0.0,0.001,-0.001
52.699952840805054,0.261,0.207,2.383,0.415,0.775,0.0,0.001,-0.001
52.710315227508545,0.217,0.481,2.26,0.332,0.87,0.0,-0.003,-0.003
52.71999526023865,0.469,0.636,2.357,0.275,0.875,0.0,0.0,0.0
52.73002076148987,0.239,0.393,2.33,0.426,0.653,0.0,0.0,0.0
52.74026584625244,0.283,0.445,2.259,0.347,0.873,0.0,0.0,0.0
52.750489711761475,0.228,0.265,2.394,0.414,0.791,0.0,0.0,0.0
52.760239362716675,0.228,0.134,2.27,0.371,0.755,0.0,0.0,0.0
52.769896268844604,0.25,0.245,2.303,0.448,0.846,0.0,0.0,0.0
52.78011727333069,0.261,0.451,2.211,0.563,0.865,0.0,-0.001,-0.001
52.79075527191162,0.239,0.381,2.057,0.454,0.844,0.0,0.0,0.0
52.79979157447815,0.217,0.407,2.233,0.262,0.919,0.0,0.0,0.0
52.810022830963135,0.228,0.5,2.004,0.551,0.671,0.0,0.0,0.0
52.82005715370178,0.261,0.351,2.614,0.377,0.971,0.0,0.0,0.0
52.82986664772034,0.031,0.209,2.219,0.403,0.937,0.0,0.0,0.0
52.83978867530823,0.436,0.489,2.204,0.59,0.77,0.0,0.0,0.0
52.8504958152771,0.261,0.375,2.386,0.487,0.658,0.0,0.0,0.0
52.85981583595276,0.217,0.153,2.432,0.247,0.949,0.0,0.0,0.0
52.870112657547,0.261,0.556,2.181,0.569,0.939,0.0,0.0,0.0
52.880587100982666,0.228,0.307,2.484,0.453,0.967,0.0,0.0,0.0
52.89098238945007,0.272,0.123,2.373,0.214,0.977,0.0,0.0,0.0
52.899946212768555,0.228,0.413,2.526,0.545,0.609,0.0,0.0,0.0
52.90983700752258,0.261,0.575,2.368,0.293,0.861,0.0,0.0,0.0
52.919989585876465,0.228,0.185,2.455,0.328,0.94,0.0,0.0,0.0
52.930278301239014,0.239,0.522,2.44,0.329,0.863,0.0,0.0,0.0
52.93988490104675,0.228,0.613,2.336,0.327,0.935,0.0,0.0,0.0
52.95109963417053,0.261,0.537,2.263,0.372,0.942,0.0,-0.002,-0.002
52.95989370346069,0.414,0.611,2.399,0.615,0.701,0.0,0.0,0.0
52.9700186252594,0.042,0.44,2.173,0.354,0.533,0.0,-0.006,-0.006
52.97994923591614,0.239,0.551,1.912,0.415,1.002,0.0,0.001,-0.001
52.989893674850464,0.053,0.394,2.211,0.285,0.865,0.0,0.0,0.0
52.999839067459106,0.414,0.48,2.312,0.611,0.796,0.0,0.0,0.0
53.00992560386658,0.042,0.517,2.009,0.467,0.544,0.0,0.0,0.0
53.02005648612976,0.404,0.415,2.357,0.439,0.821,0.0,0.0,0.0
53.029884576797485,0.272,0.549,2.422,0.473,0.966,0.0,0.001,-0.001
53.03974461555481,0.206,0.444,2.073,0.291,0.569,0.0,0.001,-0.001
53.05047059059143,0.272,0.338,2.507,0.599,0.871,0.0,0.0,0.0
53.0607750415802,0.02,0.477,2.784,0.262,0.985,0.0,0.0,0.0
53.069830656051636,0.239,0.406,2.417,0.182,0.959,0.0,0.0,0.0
53.080129623413086,0.414,0.398,2.111,0.507,0.636,0.0,0.0,0.0
53.08986806869507,0.02,0.628,2.231,0.357,0.928,0.0,0.0,0.0
53.100149154663086,0.25,0.543,2.392,0.341,0.958,0.0,0.0,0.0
53.11012673377991,0.414,0.503,2.266,0.195,0.988,0.0,0.001,-0.001
53.12073469161987,0.272,0.407,2.352,0.401,1.033,0.0,0.0,0.0
53.12995958328247,0.042,0.158,2.256,0.148,0.95,0.0,0.0,0.0
53.13987946510315,0.436,0.639,2.431,0.53,0.8,0.0,0.0,0.0
53.149993658065796,0.261,0.478,2.399,0.683,0.991,0.0,0.0,0.0
53.16069507598877,-0.024,0.338,2.399,0.489,1.019,0.0,0.0,0.0
53.169837951660156,0.436,0.279,2.607,0.238,1.063,0.0,0.0,0.0
53.17994999885559,0.425,0.351,2.063,0.633,0.693,0.0,0.001,-0.001
53.190269231796265,0.02,0.329,2.646,0.338,0.884,0.0,-0.004,-0.004
53.200167655944824,0.261,0.352,2.16,0.276,1.042,0.0,0.0,0.0
53.20979642868042,0.414,0.432,2.38,0.261,1.003,0.0,0.0,0.0
53.22081470489502,0.064,0.496,2.014,0.394,0.647,0.0,-0.002,-0.002
53.229878187179565,0.272,0.391,2.354,0.191,0.967,0.0,0.0,0.0
53.240408420562744,0.217,0.534,2.313,0.491,0.886,0.0,0.0,0.0
53.24983882904053,0.272,0.198,2.159,0.137,0.887,0.0,0.0,0.0
53.260223627090454,0.195,0.512,2.143,0.424,0.782,0.0,0.0,0.0
53.26983428001404,0.667,0.544,2.281,0.182,0.987,0.0,0.0,0.0
53.280216693878174,0.042,0.518,1.866,0.406,0.673,-0.002,0.0,0.0
53.29018974304199,0.217,0.542,2.411,0.219,0.943,0.0,0.0,0.0
53.300711154937744,0.075,0.474,2.362,0.321,1.042,0.0,0.0,0.0
53.3099148273468,0.425,0.445,2.309,0.178,1.118,0.0,0.0,0.0
53.320491313934326,0.053,0.484,2.091,0.39,0.977,0.0,-0.002,-0.002
53.329970836639404,0.458,0.263,2.306,0.105,0.888,0.0,0.0,0.0
53.339792013168335,0.009,0.445,2.245,0.403,1.032,0.0,0.0,0.0
53.35012149810791,0.272,0.669,2.435,0.186,0.99,0.0,0.0,0.0
53.360629081726074,0.195,0.523,2.527,0.251,0.971,0.0,0.0,0.0
53.36996364593506,0.436,0.495,2.563,0.214,0.917,0.0,0.0,0.0
53.379770278930664,0.283,0.648,2.368,0.278,0.974,0.0,0.0,0.0
53.389949321746826,0.217,0.52,2.16,0.468,0.825,0.0,0.0,0.0
53.400081634521484,0.469,0.461,2.429,0.22,1.039,0.0,0.001,-0.001
53.410075664520264,0.042,0.483,2.47,0.124,1.073,0.0,0.0,0.0
53.41985011100769,0.228,0.446,2.446,0.339,1.067,0.0,0.0,0.0
53.43040752410889,0.283,0.549,2.246,0.407,0.872,0.0,0.0,0.0
53.43974423408508,0.228,0.393,2.422,0.221,1.101,0.0,0.0,0.0
53.449692249298096,0.053,0.33,2.129,0.49,0.853,0.0,0.0,0.0
53.460540533065796,0.48,0.465,2.107,0.452,0.786,0.0,0.0,0.0
53.47007608413696,0.217,0.19,2.251,0.218,1.121,0.0,0.0,0.0
53.47995638847351,0.469,0.396,2.332,0.307,1.057,0.0,0.0,0.0
53.49022126197815,0.25,0.549,2.394,0.19,0.95,0.0,0.0,0.0
53.5007643699646,-0.188,0.411,2.335,0.274,1.102,-0.001,0.0,0.0
53.50992488861084,0.261,0.354,2.388,0.368,1.127,0.0,0.0,0.0
53.519805908203125,0.436,0.402,2.381,0.517,0.728,0.0,0.0,0.0
53.53019094467163,0.217,0.525,2.26,0.593,0.782,0.0,0.0,0.0
53.539785623550415,0.042,0.422,2.287,0.26,1.171,0.0,0.0,0.0
53.549846172332764,0.393,0.428,2.373,0.386,0.776,0.0,0.001,-0.001
53.56034326553345,0.469,0.635,2.301,0.406,0.603,0.0,0.0,0.0
53.569983959198,0.042,0.447,2.542,0.245,1.105,0.0,0.0,0.0
53.580756425857544,0.425,0.726,2.16,0.181,0.899,0.0,0.0,0.0
53.5906617641449,0.086,0.372,2.453,0.099,1.1,0.0,0.0,0.0
53.60059118270874,0.064,-0.065,2.414,0.128,1.07,0.0,0.0,0.0
53.61044788360596,0.404,0.101,2.392,0.11,1.075,0.0,0.001,-0.001
53.62062335014343,0.261,0.288,2.411,0.082,0.971,0.0,0.001,-0.001
53.63016223907471,0.272,0.204,2.298,0.287,1.039,0.0,0.0,0.0
53.639780044555664,0.206,0.421,2.355,0.169,1.129,-0.002,0.0,0.0
53.649749994277954,0.491,0.711,2.226,0.486,0.768,0.0,0.0,0.0
53.660173654556274,0.042,0.425,2.468,0.419,0.903,0.0,0.001,-0.001
53.67032814025879,0.447,0.456,2.321,0.079,0.947,0.0,0.0,0.0
53.68073487281799,0.283,0.61,2.643,0.154,1.004,0.0,0.0,0.0
53.690741300582886,0.239,0.192,2.328,0.106,1.146,0.0,0.0,0.0
53.70099997520447,0.239,0.493,2.427,0.127,0.77,0.0,0.0,0.0
53.70998764038086,0.305,0.392,2.323,0.396,0.706,0.0,0.0,0.0
53.719966173172,0.02,0.598,2.37,0.411,0.754,0.0,0.0,0.0
53.73074650764465,0.064,0.513,2.389,0.283,0.898,0.0,0.0,0.0
53.73980474472046,0.469,0.479,2.361,0.184,1.117,0.0,0.0,0.0
53.749871015548706,0.436,0.516,2.051,0.387,0.878,0.0,0.0,0.0
53.75997066497803,0.086,0.603,2.141,0.108,0.783,0.0,0.0,0.0
53.77034878730774,0.25,0.348,2.612,0.317,1.047,0.0,0.0,0.0
53.7806658744812,0.414,0.517,2.333,0.156,1.099,0.0,0.0,0.0
53.79077696800232,0.294,0.362,2.303,0.028,1.019,-0.001,0.0,0.0
53.80068516731262,0.239,0.513,2.459,0.057,1.08,0.0,0.0,0.0
53.80999493598938,0.25,0.057,2.465,0.075,1.148,0.0,0.0,0.0
53.820053577423096,0.064,0.472,2.434,0.105,1.179,0.0,0.001,-0.001
53.82999324798584,0.206,0.612,2.325,0.226,1.368,0.0,0.0,0.0
53.8399133682251,0.272,0.491,2.298,0.362,0.956,0.0,0.0,0.0
53.850056171417236,0.491,0.476,2.023,0.198,0.717,0.0,0.0,0.0
53.85991168022156,0.228,0.454,2.302,0.218,0.839,0.0,0.0,0.0
53.870386838912964,0.064,0.559,2.085,0.357,0.983,0.0,0.0,0.0
53.88070869445801,0.491,0.26,2.271,0.035,1.141,0.0,0.0,0.0
53.890716552734375,0.02,0.223,2.164,0.157,1.184,0.0,0.0,0.0
53.90074443817139,0.25,0.242,2.375,0.175,0.937,0.0,0.0,0.0
53.9103741645813,0.491,0.374,2.319,0.045,1.145,-0.001,0.0,0.0
53.920021533966064,0.031,0.512,2.196,-0.028,1.123,0.0,0.0,0.0
53.930280685424805,0.294,0.535,2.314,0.134,0.926,0.0,0.0,0.0
53.940351247787476,0.25,0.447,2.434,0.039,1.042,-0.001,0.0,0.0
53.950170040130615,0.206,0.61,2.355,0.009,1.031,0.0,0.0,0.0
53.960522413253784,0.272,0.475,2.401,0.008,1.126,0.0,0.0,0.0
53.970322132110596,0.491,0.349,2.24,0.03,0.936,0.0,0.0,0.0
53.98074150085449,0.239,0.402,2.42,0.099,1.201,0.0,0.0,0.0
53.99062180519104,0.239,0.362,2.299,0.148,0.908,0.0,0.0,0.0
54.00067663192749,0.086,0.194,2.243,0.148,1.084,0.0,0.001,-0.001
54.010435342788696,0.425,0.45,2.295,0.058,1.112,0.0,0.0,0.0
54.02073311805725,0.053,0.433,2.328,-0.055,1.043,0.0,0.001,-0.001
54.03060007095337,0.283,0.163,2.418,0.259,1.007,0.0,0.0,0.0
54.03987503051758,0.436,0.211,2.254,0.061,1.124,0.0,0.0,0.0
54.05010271072388,0.261,0.546,2.296,0.082,1.103,0.0,0.001,-0.001
54.06080436706543,0.086,0.741,2.447,0.18,1.114,0.0,0.0,0.0
54.07065749168396,0.48,0.339,2.34,0.125,0.876,0.0,0.0,0.0
54.08072590827942,0.458,0.132,2.393,-0.028,1.212,0.0,0.0,0.0
54.09081292152405,0.097,0.305,2.261,0.164,1.076,-0.001,0.0,0.0
54.10060238838196,0.261,0.44,2.242,0.385,1.072,0.0,0.0,0.0
54.11079978942871,0.217,0.181,2.353,-0.01,1.075,0.0,0.0,0.0
54.11984658241272,0.086,0.393,2.558,0.059,0.74,0.0,0.0,0.0
54.12986469268799,0.436,0.447,2.297,0.464,1.121,0.0,0.0,0.0
54.13999938964844,0.261,0.572,2.023,0.233,1.001,0.0,0.0,0.0
54.14982771873474,0.064,0.46,2.29,0.32,1.089,0.0,0.0,0.0
54.16021680831909,0.404,0.411,2.135,0.376,0.904,0.0,0.0,0.0
54.170082330703735,0.491,0.499,2.247,0.101,1.0,0.0,0.0,0.0
54.18070960044861,0.097,0.648,2.133,0.054,1.327,0.0,0.0,0.0
54.19060492515564,0.469,0.341,2.57,0.134,1.062,0.0,0.0,0.0
54.20070123672485,0.25,0.535,2.304,0.02,1.003,0.0,0.0,0.0
54.209962129592896,0.097,0.201,2.294,0.077,1.158,0.0,0.0,0.0
54.21975779533386,0.239,0.407,2.268,0.279,1.066,0.0,0.0,0.0
54.22989010810852,0.075,0.526,2.185,0.342,0.923,0.0,0.0,0.0
54.239869356155396,0.491,0.505,2.111,0.43,0.964,0.0,0.0,0.0
54.24985909461975,0.228,0.589,1.957,0.108,1.062,0.0,0.0,0.0
54.26000165939331,0.305,0.634,1.957,0.275,0.942,0.0,0.0,0.0
54.27109932899475,0.272,0.547,2.341,0.156,1.301,0.0,0.0,0.0
54.28070902824402,0.228,0.508,2.588,0.34,0.816,0.0,0.0,0.0
54.29072403907776,0.097,0.497,2.154,0.035,1.149,0.0,0.0,0.0
54.3006706237793,0.261,0.432,2.229,0.015,1.227,0.0,0.0,0.0
54.30977916717529,0.228,0.5,2.232,0.123,1.189,0.0,0.0,0.0
54.32048964500427,0.064,0.556,2.254,0.329,0.882,0.0,0.0,0.0
54.329726696014404,0.447,0.362,2.381,-0.086,1.212,0.0,0.0,0.0
54.339842081069946,0.239,0.457,2.209,0.48,0.85,0.0,0.001,-0.001
54.35015273094177,0.513,0.517,1.989,0.114,0.754,0.0,0.0,0.0
54.3604633808136,0.053,0.557,2.359,0.045,1.164,0.0,0.0,0.0
54.369812965393066,0.458,0.238,2.357,-0.005,1.219,0.0,0.0,0.0
54.379807233810425,0.086,0.602,1.941,0.211,0.936,0.0,0.0,0.0
54.39023780822754,0.239,0.667,2.318,0.437,0.94,0.0,0.0,0.0
54.39982986450195,0.228,0.161,2.293,0.171,1.228,0.0,0.0,0.0
54.40996837615967,0.294,0.608,1.896,0.325,0.881,0.0,0.0,0.0
54.419865131378174,0.414,0.524,2.248,0.3,1.258,0.0,0.0,0.0
54.43005180358887,0.261,0.558,2.229,0.294,0.775,0.0,0.0,0.0
54.439876317977905,0.075,0.706,2.225,0.154,0.984,0.0,0.0,0.0
54.44971966743469,0.228,0.478,1.893,0.268,1.113,0.0,0.0,0.0
54.46018362045288,0.272,0.478,1.954,0.249,0.788,0.0,0.001,-0.001
54.47019362449646,0.283,0.7,2.257,0.132,1.284,0.0,0.0,0.0
54.47975778579712,0.217,0.312,2.224,0.127,1.251,0.0,0.0,0.0
54.49002933502197,0.294,0.487,2.296,0.394,0.81,0.0,0.0,0.0
54.50077819824219,0.25,0.277,2.336,0.111,1.145,0.0,0.0,0.0
54.51066875457764,0.02,0.259,2.189,-0.03,1.267,0.0,0.0,0.0
54.52060508728027,0.48,0.544,2.221,-0.062,1.11,0.0,0.0,0.0
54.53087139129639,0.053,0.081,2.213,-0.062,1.226,0.0,0.0,0.0
54.53976535797119,0.195,0.392,2.348,-0.036,1.277,0.0,0.0,0.0
54.54977250099182,0.053,0.698,1.963,0.4,1.147,0.0,0.0,0.0
54.56052017211914,0.656,0.466,2.046,0.237,1.383,0.0,0.0,0.0
54.57078409194946,0.031,0.283,2.317,-0.09,1.171,0.0,0.001,-0.001
54.57975244522095,0.458,0.687,2.256,0.011,1.19,0.0,0.0,0.0
54.58992314338684,0.239,0.684,1.867,0.099,0.97,0.0,0.001,-0.001
54.60070013999939,0.031,0.597,2.226,0.144,0.899,0.0,0.0,0.0
54.61014795303345,0.042,0.392,2.199,-0.111,1.14,0.0,0.0,0.0
54.619715452194214,0.875,0.523,2.289,-0.065,1.402,0.0,0.0,0.0
54.630637645721436,0.031,0.629,2.141,0.38,0.86,0.0,0.0,0.0
54.639891147613525,0.272,0.24,2.366,0.031,1.157,0.0,0.0,0.0
54.649914264678955,0.042,0.651,2.029,-0.121,0.703,0.0,0.001,-0.001
54.660202741622925,0.447,0.654,1.852,0.162,0.98,0.0,0.0,0.0
54.67049527168274,0.283,0.438,2.204,-0.125,1.19,0.0,0.0,0.0
54.68003034591675,0.261,0.365,2.561,-0.126,1.139,0.0,0.0,0.0
54.69010543823242,0.217,0.694,2.162,-0.002,1.123,0.0,0.0,0.0
54.70011782646179,0.053,0.598,2.275,0.327,1.221,0.0,0.0,0.0
54.71037530899048,0.228,0.531,2.229,-0.028,1.033,-0.001,0.0,0.0
54.72059631347656,0.425,0.212,2.291,-0.086,1.171,0.0,0.0,0.0
54.73060345649719,0.086,0.334,2.238,-0.085,1.182,0.0,0.0,0.0
54.74075794219971,0.25,0.052,2.237,-0.022,1.276,0.0,0.0,0.0
54.7499475479126,0.414,0.143,2.285,-0.088,0.846,0.0,0.0,0.0
54.759828329086304,0.097,0.491,2.027,0.248,0.985,0.0,0.001,-0.001
54.77058458328247,0.239,0.561,1.934,0.239,0.948,0.0,0.0,0.0
54.780338525772095,0.206,0.195,2.306,0.029,1.275,0.0,0.0,0.0
54.78990340232849,0.48,0.411,2.374,0.008,1.231,0.0,0.0,0.0
54.79988217353821,0.458,0.496,2.144,0.135,1.051,0.0,0.001,-0.001
54.81027936935425,0.042,0.544,1.979,0.128,1.098,0.0,0.0,0.0
54.819788217544556,0.294,0.485,2.273,-0.048,1.245,0.0,0.001,-0.001
54.82978653907776,0.48,0.425,1.829,0.304,1.101,0.0,0.0,0.0
54.840781927108765,0.053,0.542,1.966,0.189,0.796,0.0,0.0,0.0
54.85103416442871,0.239,0.431,2.184,-0.15,1.235,0.0,0.001,-0.001
54.85981225967407,0.524,0.475,2.395,0.017,0.894,0.0,0.0,0.0
54.871211528778076,0.239,0.594,2.17,0.086,0.931,0.0,0.0,0.0
54.88098859786987,0.228,0.352,2.472,0.241,0.808,0.0,0.0,0.0
54.89083290100098,0.086,0.395,2.331,0.239,0.724,0.0,0.0,0.0
54.90066981315613,0.502,0.24,2.31,-0.058,1.21,0.0,0.0,0.0
54.910374879837036,0.031,0.484,2.183,-0.172,1.181,0.0,0.0,0.0
54.919766902923584,0.425,0.169,2.257,-0.141,1.15,0.0,0.0,0.0
54.92972922325134,0.283,0.894,1.877,0.186,0.941,0.0,0.0,0.0
54.93977236747742,0.436,0.464,2.264,0.144,0.833,0.0,0.0,0.0
54.95017099380493,0.272,0.631,1.941,0.27,1.115,0.0,0.0,0.0
54.96027183532715,0.316,0.569,2.34,-0.072,1.193,0.0,0.0,0.0
54.970000982284546,0.458,0.171,2.292,-0.106,1.231,0.0,0.0,0.0
54.98029637336731,0.316,0.522,1.819,0.058,1.18,0.0,0.0,0.0
54.98997950553894,0.086,0.713,2.257,-0.034,1.23,0.0,0.0,0.0
55.00068759918213,0.261,0.544,2.096,0.229,1.314,0.0,0.0,0.0
55.00996255874634,0.305,0.287,2.212,-0.112,1.303,0.0,0.0,0.0
55.0199658870697,0.064,0.632,2.048,0.204,0.943,0.0,0.0,0.0
55.02975559234619,0.48,0.709,2.258,0.104,1.217,0.0,0.0,0.0
55.039759159088135,0.108,0.515,2.033,0.286,0.792,0.0,0.0,0.0
55.05057215690613,0.436,0.503,2.212,0.172,0.921,0.0,0.0,0.0
55.059792041778564,0.283,0.417,2.271,-0.09,1.269,0.0,0.0,0.0
55.07008934020996,0.294,0.747,1.966,0.0,0.949,0.0,0.0,0.0
55.080270528793335,0.053,0.441,2.157,-0.091,1.218,0.0,0.0,0.0
55.090782165527344,0.086,0.401,2.293,-0.135,1.257,0.0,0.0,0.0
55.10075855255127,0.458,0.263,2.144,-0.052,0.9,0.0,0.0,0.0
55.110708713531494,0.283,0.401,2.243,0.005,1.151,0.0,0.0,0.0
55.12072539329529,0.075,0.235,2.275,-0.036,1.286,0.0,0.0,0.0
55.130687952041626,0.261,0.341,2.18,-0.074,1.274,-0.001,0.0,0.0
55.13998246192932,0.283,0.17,2.23,0.042,1.223,-0.002,0.0,0.0
55.149908781051636,0.25,0.532,2.064,0.0,1.271,0.0,0.0,0.0
55.1599497795105,0.283,0.443,1.942,0.059,1.1,0.0,0.0,0.0
55.170106172561646,0.031,0.409,1.9,0.205,1.174,0.0,0.0,0.0
55.18118619918823,0.283,-0.043,2.101,-0.212,1.057,-0.001,0.0,0.0
55.19059729576111,0.239,0.505,1.735,0.153,0.856,0.0,0.0,0.0
55.20079731941223,0.075,0.512,2.08,-0.138,1.186,0.0,0.0,0.0
55.21095895767212,0.239,0.495,2.307,0.066,0.806,0.0,0.0,0.0
55.221054792404175,-0.013,0.577,2.36,0.105,0.901,0.0,0.0,0.0
55.23073768615723,0.239,0.399,2.04,-0.243,0.852,0.0,0.001,-0.001
55.24043250083923,-0.013,0.377,1.915,-0.175,1.23,0.0,0.0,0.0
55.25031089782715,0.228,0.18,2.147,-0.181,1.232,0.0,0.0,0.0
55.25997471809387,0.195,0.474,2.142,-0.006,1.263,0.0,0.0,0.0
55.27015209197998,0.228,0.503,2.185,0.171,0.959,0.0,0.0,0.0
55.27982831001282,-0.024,0.736,2.16,0.026,1.271,0.0,0.0,0.0
55.2901394367218,0.425,0.657,1.946,0.057,1.005,0.0,0.0,0.0
55.30003094673157,0.162,0.643,2.014,0.014,1.293,0.0,0.0,0.0
55.30980372428894,-0.002,0.501,2.263,0.086,1.197,0.0,0.0,0.0
55.32055592536926,0.173,0.474,1.87,0.233,1.207,0.0,0.0,0.0
55.329819679260254,-0.046,0.108,2.623,-0.153,1.157,0.0,0.0,0.0
55.339720249176025,-0.046,0.589,1.818,0.113,1.074,0.0,0.0,0.0
55.350895166397095,0.108,0.39,1.813,0.22,1.228,0.0,0.0,0.0
55.3600640296936,-0.057,0.525,2.13,0.013,1.226,0.0,0.0,0.0
55.36991333961487,0.349,0.664,2.142,-0.024,1.338,0.0,0.0,0.0
55.38033604621887,0.338,0.48,2.281,0.177,1.234,0.0,0.0,0.0
55.39000368118286,0.184,0.177,2.306,-0.269,1.399,0.0,0.0,0.0
55.39984369277954,0.141,0.518,2.124,-0.047,1.168,0.0,0.0,0.0
55.409908056259155,0.404,0.114,1.875,0.153,0.836,0.0,0.0,0.0
55.42099976539612,-0.013,0.449,2.171,0.17,0.974,0.0,0.0,0.0
55.429771184921265,0.36,0.457,2.473,-0.116,0.891,0.0,0.0,0.0
55.43977642059326,0.371,0.613,2.042,0.204,1.058,0.0,0.0,0.0
55.451528549194336,-0.002,0.587,2.131,0.113,0.848,0.0,0.0,0.0
55.460083961486816,0.195,0.422,1.818,0.135,0.937,0.0,0.0,0.0
55.46975779533386,0.568,0.508,2.095,-0.181,1.219,0.0,0.0,0.0
55.48130989074707,0.239,0.492,1.792,0.065,0.953,0.0,0.0,0.0
55.490968465805054,-0.002,0.48,2.034,0.127,0.949,0.0,0.001,-0.001
55.500089168548584,0.568,0.424,2.286,-0.172,0.911,0.0,0.0,0.0
55.50989508628845,0.447,0.531,2.159,-0.142,1.224,0.0,0.0,0.0
55.51984262466431,0.206,0.532,2.244,-0.152,1.363,0.0,0.0,0.0
55.52981472015381,0.184,0.418,2.089,0.13,0.955,0.0,0.0,0.0
55.539626359939575,0.48,0.576,1.683,-0.075,0.995,0.0,0.0,0.0
55.550386905670166,0.425,0.489,1.728,0.041,0.951,0.0,0.0,0.0
55.56004023551941,0.217,0.148,1.982,-0.21,1.291,0.0,0.0,0.0
55.569825649261475,0.053,0.569,2.234,-0.049,1.401,0.0,0.0,0.0
55.57990908622742,0.447,0.396,1.783,0.064,0.924,0.0,0.0,0.0
55.589940547943115,0.425,0.378,1.824,0.137,1.035,0.0,0.001,-0.001
55.600239992141724,0.283,0.394,1.895,0.026,1.067,-0.001,0.0,0.0
55.61002254486084,0.239,0.566,2.142,-0.077,1.289,0.0,0.0,0.0
55.619921922683716,0.48,0.613,2.098,-0.035,1.122,0.0,0.0,0.0
55.629915952682495,0.283,0.569,2.214,0.099,1.057,0.0,0.0,0.0
55.63990569114685,0.031,0.615,2.119,-0.151,1.223,0.0,0.0,0.0
55.651121854782104,0.535,0.547,2.18,-0.264,1.174,0.0,0.0,0.0
55.66016960144043,0.294,0.508,2.279,0.168,0.954,0.0,0.0,0.0
55.67003560066223,0.491,0.632,2.264,-0.044,1.357,0.0,0.0,0.0
55.68006229400635,0.097,0.666,2.068,-0.197,1.24,0.0,0.0,0.0
55.68988752365112,0.25,0.582,2.116,-0.153,1.267,0.0,0.0,0.0
55.6999146938324,0.524,0.531,2.184,-0.071,1.012,0.0,0.0,0.0
55.709892988204956,0.053,0.434,1.97,-0.157,0.907,0.0,0.0,0.0
55.7201247215271,0.469,0.459,2.059,0.064,0.867,0.0,0.0,0.0
55.73007607460022,0.327,0.581,2.082,-0.208,1.287,0.0,0.0,0.0
55.73988127708435,0.48,0.42,2.076,-0.122,1.19,0.0,0.0,0.0
55.75048828125,0.119,0.336,2.022,-0.16,1.123,0.0,0.0,0.0
55.759926080703735,0.305,0.52,2.11,-0.17,1.055,0.0,0.0,0.0
55.77012658119202,0.513,0.616,2.193,-0.116,1.203,-0.001,0.0,0.0
55.77985334396362,0.316,0.528,2.048,-0.222,1.322,0.0,0.0,0.0
55.79087710380554,0.086,0.47,2.027,0.166,0.954,0.0,0.0,0.0
55.80072903633118,0.338,0.221,2.23,-0.207,1.154,0.0,0.0,0.0
55.81061053276062,0.48,0.448,2.332,-0.146,1.377,0.0,0.0,0.0
55.820738554000854,0.557,-0.04,2.403,-0.284,1.163,0.0,0.0,0.0
55.830806016922,-0.1,0.319,2.063,-0.305,1.217,0.0,0.0,0.0
55.83979558944702,0.524,0.296,2.133,-0.182,0.931,0.0,0.0,0.0
55.85021138191223,0.283,0.533,1.749,0.063,1.077,0.0,0.0,0.0
55.86055302619934,0.316,0.415,2.17,-0.467,1.294,0.0,0.0,0.0
55.87010955810547,0.13,0.6,2.022,-0.11,1.219,0.0,0.0,0.0
55.88079810142517,0.513,0.572,2.078,-0.153,1.259,0.0,0.001,-0.001
55.890634059906006,0.152,0.627,2.068,-0.159,1.245,0.0,0.0,0.0
55.90081000328064,0.502,0.281,2.001,-0.304,1.279,0.0,0.0,0.0
55.91069531440735,0.141,0.36,1.965,-0.238,1.237,0.0,0.0,0.0
55.919939041137695,0.502,0.46,1.833,-0.25,1.077,0.0,0.001,-0.001
55.930357217788696,0.349,0.647,2.152,-0.111,1.37,0.0,0.0,0.0
55.93976402282715,0.075,0.509,2.163,-0.323,1.3,0.0,0.0,0.0
55.949721574783325,0.36,0.58,1.898,0.06,1.01,0.0,0.0,0.0
55.96132206916809,0.469,0.524,2.063,0.013,0.87,0.0,0.0,0.0
55.970226764678955,0.327,0.624,1.786,0.156,0.973,0.0,0.0,0.0
55.979804277420044,0.305,0.565,2.274,-0.351,1.316,0.0,0.0,0.0
55.99043917655945,0.371,0.736,2.107,-0.032,0.994,0.0,0.0,0.0
56.0009446144104,0.097,0.556,1.954,-0.264,1.245,0.0,0.0,0.0
56.00990557670593,0.579,0.294,2.044,-0.156,1.361,0.0,0.0,0.0
56.019877195358276,0.316,0.438,2.024,0.03,1.063,0.0,0.0,0.0
56.03074669837952,-0.068,0.675,1.633,0.046,1.152,0.0,0.0,0.0
56.03978490829468,0.272,0.436,2.155,-0.202,1.246,0.0,0.0,0.0
56.05040264129639,0.557,0.418,2.171,0.073,0.901,0.0,0.0,0.0
56.060794830322266,0.513,0.132,2.152,-0.287,1.259,0.0,0.0,0.0
56.070011377334595,0.162,0.364,1.982,-0.221,1.269,0.0,0.0,0.0
56.07980537414551,0.338,0.429,2.108,0.102,1.166,0.0,0.0,0.0
56.08999037742615,0.327,0.458,1.901,-0.105,1.111,0.0,0.0,0.0
56.10031294822693,0.349,0.287,1.972,0.019,1.275,0.0,0.0,0.0
56.11009478569031,0.502,0.489,2.255,-0.284,1.25,0.0,0.0,0.0
56.119702100753784,0.152,0.463,2.151,-0.153,1.26,0.0,0.0,0.0
56.130101442337036,0.327,0.484,2.079,0.097,1.099,0.0,0.0,0.0
56.13981008529663,0.108,0.525,2.022,-0.171,1.271,0.0,0.0,0.0
56.149815797805786,0.338,0.63,1.863,-0.065,0.992,0.0,0.0,0.0
56.16061472892761,0.305,0.619,1.638,-0.022,0.903,0.0,0.0,0.0
56.169708013534546,0.338,0.33,1.845,-0.227,1.216,0.0,0.0,0.0
56.1803195476532,0.13,0.634,1.911,0.089,0.949,0.0,0.0,0.0
56.19002151489258,0.316,0.768,2.156,-0.283,1.39,0.0,0.0,0.0
56.19985318183899,0.13,0.467,2.159,-0.225,0.939,0.0,0.0,0.0
56.20999264717102,0.305,0.423,1.935,0.035,1.132,0.0,0.0,0.0
56.220717668533325,0.075,0.675,2.202,-0.077,1.129,0.0,0.0,0.0
56.230262756347656,0.502,0.302,1.957,-0.167,1.251,0.0,0.0,0.0
56.23991370201111,0.064,0.077,1.98,-0.298,1.128,0.0,0.0,0.0
56.25057601928711,0.294,0.782,1.894,-0.185,0.987,0.0,0.0,0.0
56.260029554367065,0.075,0.532,1.888,-0.263,1.193,0.0,0.0,0.0
56.27034664154053,0.261,0.432,1.971,-0.046,1.158,0.0,0.0,0.0
56.28086853027344,0.491,0.182,2.222,-0.283,1.113,0.0,0.0,0.0
56.290764808654785,0.283,0.381,2.147,-0.279,1.163,0.0,0.0,0.0
56.30069065093994,0.086,0.421,1.999,-0.307,1.154,0.0,0.0,0.0
56.31006693840027,0.261,0.495,2.067,0.052,1.171,0.0,0.0,0.0
56.32000494003296,0.305,-0.04,1.993,-0.239,1.239,0.0,0.0,0.0
56.330448150634766,0.239,0.501,1.966,0.009,1.0,0.0,0.001,-0.001
56.33972907066345,0.283,0.326,2.053,-0.245,1.199,0.0,0.0,0.0
56.35013508796692,0.283,0.597,1.679,0.115,0.935,0.0,0.0,0.0
56.361016511917114,0.48,0.454,1.824,-0.082,1.182,0.0,0.0,0.0
56.3700385093689,0.283,0.377,2.097,0.068,0.823,0.0,0.0,0.0
56.37995004653931,0.25,0.553,1.876,-0.118,1.019,0.0,0.0,0.0
56.39074897766113,0.086,0.363,1.779,-0.079,1.03,0.0,0.0,0.0
56.40055537223816,0.272,0.503,2.062,-0.173,1.174,0.0,0.001,-0.001
56.409857749938965,0.48,0.358,1.899,-0.211,1.35,0.0,0.0,0.0
56.419909954071045,0.305,0.489,1.869,-0.061,1.31,0.0,0.0,0.0
56.430747270584106,0.075,0.41,1.576,0.008,1.037,0.0,0.0,0.0
56.43978810310364,0.097,0.164,2.106,-0.193,1.22,0.0,0.0,0.0
56.450095653533936,0.469,0.437,1.807,0.085,1.021,0.0,0.0,0.0
56.46013021469116,0.48,0.552,1.988,-0.006,1.193,0.0,0.0,0.0
56.4698052406311,0.294,0.471,1.956,-0.223,1.344,0.0,0.0,0.0
56.48009133338928,0.261,0.716,1.708,-0.199,0.954,0.0,0.001,-0.001
56.49065113067627,0.294,0.473,1.8,-0.215,1.092,-0.001,0.0,0.0
56.50036883354187,0.272,0.398,2.028,-0.299,1.192,0.0,0.0,0.0
56.509745597839355,0.261,0.39,1.824,-0.349,1.348,0.0,0.0,0.0
56.51968455314636,0.294,0.515,1.527,-0.116,1.019,0.0,0.0,0.0
56.53085136413574,0.064,0.578,1.873,0.014,0.965,0.0,0.0,0.0
56.53967499732971,0.48,0.327,1.824,-0.15,0.818,0.0,0.0,0.0
56.54986619949341,0.305,0.541,1.626,0.029,0.823,0.0,0.0,0.0
56.56047439575195,0.261,0.624,1.686,-0.049,1.141,0.0,0.0,0.0
56.57027769088745,0.075,0.348,2.068,-0.164,1.106,0.0,0.0,0.0
56.57978296279907,0.502,0.552,1.98,-0.231,1.266,0.0,0.0,0.0
56.58996510505676,0.261,0.471,1.923,0.044,0.957,0.0,0.0,0.0
56.60050392150879,0.064,0.547,1.914,-0.173,1.092,0.0,0.0,0.0
56.609951972961426,0.502,0.491,2.07,-0.189,1.216,0.0,0.0,0.0
56.61970067024231,0.272,0.68,2.074,-0.155,1.195,0.0,0.0,0.0
56.63008165359497,0.086,0.481,1.805,-0.076,0.977,0.0,0.0,0.0
56.63981914520264,0.502,0.425,2.19,-0.131,1.269,0.0,0.0,0.0
56.64976453781128,0.48,0.406,2.14,0.098,1.189,0.0,0.001,-0.001
56.66016626358032,0.305,0.356,1.653,0.092,0.998,0.0,0.0,0.0
56.669950008392334,0.097,0.206,2.124,-0.194,1.234,0.0,0.0,0.0
56.67980599403381,0.272,0.264,2.141,0.011,1.12,0.0,0.0,0.0
56.68984293937683,0.502,0.35,1.985,0.051,1.091,0.0,0.0,0.0
56.700440883636475,0.119,0.309,1.869,-0.143,0.885,0.0,0.0,0.0
56.71101522445679,0.272,0.458,1.959,-0.299,1.21,0.0,0.0,0.0
56.71973395347595,0.305,0.662,1.886,-0.197,0.935,0.0,0.0,0.0
56.73013949394226,0.513,0.327,1.685,-0.033,1.012,0.0,0.0,0.0
56.739914417266846,0.075,0.438,1.654,-0.103,1.258,0.0,0.0,0.0
56.74985933303833,0.261,0.534,1.845,0.113,0.849,0.0,0.0,0.0
56.75986099243164,0.283,0.648,1.558,-0.061,0.794,0.0,0.0,0.0
56.770894050598145,0.305,0.414,1.556,-0.1,0.942,0.0,0.0,0.0
56.780954122543335,0.261,0.457,1.907,-0.217,1.07,0.0,0.0,0.0
56.79023742675781,0.261,0.326,1.772,-0.117,1.089,0.0,0.0,0.0
56.80078887939453,0.316,0.141,1.87,-0.326,1.202,0.0,0.0,0.0
56.81078290939331,0.053,0.556,1.956,-0.215,0.876,0.0,0.001,-0.001
56.820724964141846,0.458,0.604,1.887,-0.309,1.291,0.0,0.0,0.0
56.8306987285614,0.294,0.284,1.891,-0.226,1.28,0.0,0.0,0.0
56.84088730812073,0.294,0.374,1.94,-0.221,1.088,0.0,0.0,0.0
56.84982132911682,0.272,0.349,2.034,-0.211,1.074,0.0,0.0,0.0
56.86013841629028,0.261,0.625,1.65,0.041,0.911,0.0,0.0,0.0
56.87140870094299,0.316,0.466,2.075,-0.276,1.155,0.0,0.0,0.0
56.880067348480225,0.272,0.524,1.667,-0.04,0.878,0.0,0.0,0.0
56.88991022109985,0.48,0.535,1.974,-0.296,1.197,0.0,0.0,0.0
56.90000677108765,0.064,0.322,1.877,-0.006,1.086,0.0,0.0,0.0
56.90995693206787,0.305,0.271,1.851,-0.149,1.045,0.0,0.0,0.0
56.91977381706238,0.535,0.507,1.885,-0.171,1.226,0.0,0.0,0.0
56.92988348007202,0.283,0.474,1.514,-0.134,0.791,0.0,0.0,0.0
56.94047164916992,0.261,0.516,1.699,0.067,0.976,0.0,0.0,0.0
56.949828147888184,0.086,0.324,1.862,-0.243,1.188,0.0,0.0,0.0
56.9599928855896,0.535,0.366,1.672,-0.139,0.851,0.0,0.0,0.0
56.97153568267822,0.097,0.477,1.82,-0.313,1.181,0.0,0.001,-0.001
56.97973442077637,0.25,0.469,1.504,-0.023,0.853,0.0,0.0,0.0
56.990095138549805,0.272,0.376,1.478,0.0,0.69,0.0,0.0,0.0
57.000354290008545,0.086,0.501,1.646,-0.13,1.118,0.0,0.0,0.0
57.00993466377258,0.305,0.222,1.739,-0.209,1.182,0.0,0.0,0.0
57.01990985870361,0.502,0.327,1.379,0.05,0.744,0.0,0.0,0.0
57.029788970947266,0.053,0.434,1.616,-0.113,0.871,0.0,0.0,0.0
57.039949893951416,0.272,0.353,1.487,-0.119,1.075,0.0,0.0,0.0
57.04991388320923,0.283,0.475,1.66,-0.224,1.26,0.0,0.0,0.0
57.0601589679718,0.502,0.506,1.754,0.019,1.024,0.0,0.0,0.0
57.07040190696716,0.294,0.509,2.038,-0.245,1.225,0.0,0.0,0.0
57.07976746559143,0.261,0.388,1.892,-0.209,1.073,0.0,0.0,0.0
57.090433835983276,0.053,0.549,1.675,0.009,0.991,0.0,0.0,0.0
57.099858045578,0.294,0.338,1.956,-0.276,1.206,0.0,0.0,0.0
57.110289096832275,0.294,0.554,1.997,0.096,1.303,0.0,0.0,0.0
57.1197772026062,0.261,0.607,2.013,-0.242,1.257,0.0,0.0,0.0
57.129735469818115,0.239,0.444,1.952,0.05,0.964,0.0,0.0,0.0
57.14024877548218,0.502,0.506,1.927,0.064,0.908,0.0,0.0,0.0
57.150020599365234,0.338,0.269,1.888,-0.124,1.235,0.0,0.0,0.0
57.15971493721008,0.283,0.468,1.631,-0.008,0.979,0.0,0.0,0.0
57.170650005340576,0.064,0.513,1.599,-0.007,0.776,0.0,0.0,0.0
57.17989778518677,0.261,0.101,1.954,-0.152,1.037,0.0,0.001,-0.001
57.18995022773743,0.491,0.448,1.749,-0.035,1.044,0.0,0.001,-0.001
57.200714349746704,0.316,0.595,1.328,-0.243,0.785,0.0,0.0,0.0
57.21083927154541,0.272,0.475,1.811,-0.108,1.109,0.0,0.0,0.0
57.22069764137268,0.458,0.418,1.461,0.003,1.084,0.0,0.0,0.0
57.230568408966064,0.097,0.446,1.616,-0.372,1.086,0.0,0.0,0.0
57.24090576171875,0.305,0.172,1.654,-0.335,0.967,0.0,0.0,0.0
57.24985861778259,0.524,0.149,1.647,-0.317,0.908,0.0,0.0,0.0
57.25977110862732,0.316,0.453,1.504,-0.2,1.167,0.0,0.0,0.0
57.26977324485779,0.316,0.208,1.348,-0.278,0.898,0.0,0.001,-0.001
57.280787229537964,0.064,0.377,1.281,-0.078,0.783,0.0,0.0,0.0
57.290738105773926,0.491,0.412,1.656,-0.258,1.044,0.0,0.0,0.0
57.300548791885376,0.316,0.509,1.896,-0.273,1.095,0.0,0.0,0.0
57.31007957458496,0.294,0.037,1.743,-0.307,1.265,0.0,0.0,0.0
57.32001185417175,0.316,-0.152,1.742,-0.18,1.106,0.0,0.0,0.0
57.32989001274109,0.327,0.426,1.897,-0.215,1.093,0.0,0.0,0.0
57.33982706069946,0.524,0.407,1.447,-0.032,0.856,0.0,0.0,0.0
57.35008788108826,0.327,0.409,1.728,0.08,0.91,0.0,0.0,0.0
57.359684467315674,0.075,0.289,1.777,-0.229,1.168,0.0,0.0,0.0
57.37030601501465,0.294,0.441,1.962,0.028,0.884,0.0,0.0,0.0
57.380774974823,0.491,0.324,1.93,-0.232,1.112,0.0,0.001,-0.001
57.390621185302734,0.086,0.61,1.849,-0.29,1.202,0.0,0.0,0.0
57.40061640739441,0.294,0.359,1.869,-0.318,1.17,0.0,0.0,0.0
57.41003894805908,0.305,0.348,1.862,-0.157,1.098,0.0,0.0,0.0
57.41981077194214,0.294,0.32,1.862,-0.035,0.959,0.0,0.0,0.0
57.42977333068848,0.294,0.532,1.514,-0.039,0.745,0.0,0.0,0.0
57.440353870391846,0.524,0.109,1.804,-0.343,1.161,0.0,0.001,-0.001
57.44996166229248,0.327,0.381,1.695,-0.243,1.042,0.0,0.0,0.0
57.459874868392944,0.349,0.543,1.509,-0.191,0.867,0.0,0.0,0.0
57.47008657455444,0.327,0.449,1.58,-0.207,0.828,0.0,0.0,0.0
57.480629444122314,0.119,0.448,1.58,-0.255,0.872,0.0,0.0,0.0
57.490413665771484,0.524,0.257,1.589,-0.273,1.095,0.0,0.0,0.0
57.4998459815979,-0.1,0.409,1.658,-0.422,0.967,0.0,0.0,0.0
57.51012635231018,0.283,0.527,1.226,-0.118,0.749,0.0,0.0,0.0
57.52062964439392,0.294,0.399,1.619,-0.197,1.063,0.0,0.0,0.0
57.529792070388794,0.305,0.101,1.768,-0.237,1.003,0.0,0.0,0.0
57.539835929870605,0.502,0.33,1.446,-0.154,0.953,0.0,0.0,0.0
57.55045485496521,0.316,0.376,1.562,-0.231,0.913,0.0,0.0,0.0
57.5600700378418,0.316,0.168,1.725,-0.28,1.089,0.0,0.0,0.0
57.5699667930603,0.305,0.412,1.535,-0.26,1.148,0.0,0.0,0.0
57.58014678955078,0.316,0.376,1.775,0.002,0.899,0.0,0.001,-0.001
57.589977741241455,0.119,0.337,1.852,-0.225,1.156,0.0,0.0,0.0
57.59993505477905,0.283,0.348,1.727,0.085,1.125,0.0,0.0,0.0
57.61011505126953,0.305,0.295,1.671,-0.159,0.938,0.0,0.0,0.0
57.62005877494812,0.294,0.382,1.895,-0.278,1.115,0.0,0.0,0.0
57.63055229187012,0.491,0.353,1.508,-0.165,1.106,0.0,0.0,0.0
57.63975667953491,0.294,0.336,1.89,-0.272,1.102,0.0,0.0,0.0
57.65011668205261,0.305,0.436,1.631,0.029,0.95,0.0,0.0,0.0
57.65978813171387,0.075,0.309,1.667,-0.109,0.899,0.0,0.0,0.0
57.66987490653992,0.294,0.312,1.488,-0.142,0.886,0.0,0.001,-0.001
57.68014931678772,0.283,0.462,1.615,-0.123,0.651,0.0,0.0,0.0
57.68984127044678,0.491,0.456,1.72,-0.17,0.947,0.0,0.0,0.0
57.699809074401855,0.294,0.446,1.592,-0.229,0.925,0.0,0.0,0.0
57.7099392414093,0.294,0.521,1.658,-0.146,0.712,0.0,0.001,-0.001
57.720019817352295,0.305,0.512,1.62,-0.163,0.767,0.0,0.0,0.0
57.729833126068115,0.294,0.402,1.533,-0.021,0.959,0.0,0.0,0.0
57.73991084098816,0.305,0.567,1.741,-0.107,0.813,0.0,0.0,0.0
57.750000953674316,0.108,0.122,1.565,-0.223,0.945,0.0,0.001,-0.001
57.76075053215027,0.513,0.264,1.642,-0.135,0.98,0.0,0.0,0.0
57.770084381103516,0.327,0.167,1.611,-0.358,1.018,0.0,0.0,0.0
57.77982449531555,0.119,0.297,1.7,-0.258,1.11,0.0,0.0,0.0
57.790324449539185,0.535,0.459,1.413,-0.009,0.875,0.0,0.0,0.0
57.79994583129883,0.327,0.298,1.436,-0.242,1.138,0.0,0.0,0.0
57.809805154800415,0.327,0.25,1.833,-0.155,1.04,0.0,0.001,-0.001
57.81985306739807,0.513,0.42,1.42,-0.038,0.819,0.0,0.0,0.0
57.829930782318115,0.097,0.2,1.568,-0.06,1.019,0.0,0.0,0.0
57.839966773986816,0.294,0.202,1.29,-0.241,0.896,0.0,0.0,0.0
57.850476026535034,0.316,0.291,1.544,-0.185,0.928,0.0,0.0,0.0
57.85977339744568,0.327,0.356,1.606,-0.266,1.019,0.0,0.0,0.0
57.87005138397217,0.316,0.27,1.463,-0.059,1.026,0.0,0.0,0.0
57.8799843788147,0.316,0.27,1.432,-0.081,1.044,0.0,0.0,0.0
57.89027452468872,0.097,0.277,1.45,-0.225,0.908,0.0,0.001,-0.001
57.899797201156616,0.283,0.409,1.639,-0.175,0.915,0.0,0.0,0.0
57.90973091125488,0.283,0.428,1.452,-0.163,0.923,0.0,0.0,0.0
57.92081809043884,0.305,0.288,1.344,-0.149,0.905,0.0,0.0,0.0
57.92986083030701,0.294,0.443,1.496,-0.349,0.984,0.0,0.0,0.0
57.93979787826538,0.316,0.39,1.432,-0.175,0.874,0.0,0.0,0.0
57.95092153549194,0.513,0.431,1.388,0.014,0.871,0.0,0.0,0.0
57.960073709487915,0.316,0.517,1.432,-0.178,0.939,0.0,0.0,0.0
57.96996593475342,0.283,0.401,1.485,-0.185,0.824,0.0,0.0,0.0
57.98023557662964,0.305,0.47,1.432,-0.248,0.978,0.0,0.0,0.0
57.99088907241821,0.097,0.397,1.647,-0.223,0.948,0.0,0.001,-0.001
58.00070405006409,0.305,0.563,1.424,-0.28,0.905,0.0,0.0,0.0
58.01067328453064,0.513,0.191,1.521,-0.25,0.96,0.0,0.001,-0.001
58.02067232131958,0.086,0.521,1.55,-0.184,1.05,0.0,0.0,0.0
58.030155420303345,0.294,0.324,1.543,-0.286,0.943,0.0,0.0,0.0
58.03981304168701,0.316,0.31,1.38,-0.133,1.094,0.0,0.0,0.0
58.05008673667908,0.316,0.467,1.37,-0.061,0.864,0.0,0.0,0.0
58.06027960777283,0.283,0.3,1.531,-0.146,1.0,0.0,0.0,0.0
58.0699360370636,0.305,0.25,1.473,-0.339,1.12,0.0,0.0,0.0
58.080793619155884,0.513,0.339,1.449,-0.169,0.874,0.0,0.001,-0.001
58.09083080291748,0.338,0.114,1.592,-0.252,1.054,0.0,0.001,-0.001
58.100674867630005,0.327,0.407,1.548,-0.169,0.948,0.0,0.0,0.0
58.10991406440735,0.294,0.391,1.588,-0.277,1.111,0.0,0.0,0.0
58.12057065963745,0.108,0.391,1.46,-0.079,0.942,0.0,0.0,0.0
58.12985849380493,0.305,0.301,1.559,-0.251,1.051,0.0,0.0,0.0
58.139878034591675,0.502,0.272,1.439,-0.109,0.971,0.0,0.0,0.0
58.150755405426025,0.097,0.372,1.454,-0.041,0.821,0.0,0.0,0.0
58.16013431549072,0.294,0.302,1.632,-0.267,0.932,0.0,-0.001,-0.001
58.17046809196472,0.524,0.291,1.417,-0.272,1.077,0.0,0.0,0.0
58.18085527420044,0.108,0.265,1.623,-0.211,1.033,0.0,0.0,0.0
58.19060969352722,0.316,0.292,1.527,-0.221,0.872,0.0,0.0,0.0
58.19973945617676,0.316,0.401,1.582,-0.249,0.986,0.0,0.0,0.0
58.210155963897705,0.305,0.429,1.322,-0.089,0.744,0.0,0.0,0.0
58.22022104263306,0.283,0.286,1.511,-0.224,0.896,0.0,0.0,0.0
58.22997498512268,0.535,0.393,1.414,-0.21,0.963,0.0,0.0,0.0
58.24092197418213,0.327,0.292,1.546,-0.228,0.906,0.0,0.0,0.0
58.249945640563965,0.316,0.406,1.536,-0.318,0.916,0.0,0.0,0.0
58.25993847846985,0.097,0.307,1.49,-0.015,0.768,0.0,0.001,-0.001
58.27008032798767,0.524,0.289,1.577,-0.195,0.939,0.0,0.0,0.0
58.27978563308716,0.327,0.26,1.525,-0.16,0.919,0.0,0.0,0.0
58.28988814353943,0.097,0.421,1.4,-0.058,0.831,0.0,0.0,0.0
58.30016303062439,0.535,0.356,1.602,-0.085,0.837,0.0,0.0,0.0
58.31006121635437,0.305,0.27,1.5,-0.322,0.89,0.0,0.0,0.0
58.32026934623718,0.108,0.442,1.326,-0.157,0.997,0.0,0.0,0.0
58.33001446723938,0.535,0.327,1.454,-0.191,0.969,0.0,0.0,0.0
58.34060740470886,0.316,0.122,1.365,-0.375,0.97,0.0,0.0,0.0
58.350703954696655,0.097,0.215,1.393,-0.272,0.93,0.0,0.0,0.0
58.35988926887512,0.535,0.397,1.373,-0.332,0.963,0.0,0.0,0.0
58.37001872062683,0.097,0.223,1.3,-0.154,0.883,0.0,0.0,0.0
58.38039231300354,0.524,0.255,1.279,-0.231,0.946,0.0,0.0,0.0
58.39023041725159,0.108,0.236,1.267,-0.268,1.019,0.0,0.0,0.0
58.40080714225769,0.491,0.383,1.276,-0.13,0.822,0.0,0.0,0.0
58.41082406044006,0.327,0.102,1.22,-0.288,0.968,0.0,0.001,-0.001
58.42092537879944,0.349,0.144,1.217,-0.224,0.885,0.0,0.0,0.0
58.430660009384155,0.305,0.468,1.24,-0.188,0.871,0.0,0.0,0.0
58.43972134590149,0.546,0.25,1.222,-0.31,0.845,0.0,0.0,0.0
58.450766801834106,0.349,0.323,1.176,-0.088,0.757,0.0,0.0,0.0
58.45975852012634,0.108,0.443,1.168,-0.165,0.895,0.0,0.001,-0.001
58.46984553337097,0.546,0.371,1.213,-0.113,0.81,0.0,0.0,0.0
58.48017907142639,0.338,0.347,1.192,-0.144,0.861,0.0,0.0,0.0
58.490453481674194,0.152,0.346,1.196,-0.192,0.925,0.0,0.0,0.0
58.499807834625244,0.524,0.247,1.182,-0.256,0.987,0.0,0.001,-0.001
58.50994682312012,0.36,0.367,1.174,-0.098,1.011,0.0,0.0,0.0
58.52061986923218,0.338,0.033,1.163,-0.167,0.89,0.0,0.0,0.0
58.529804706573486,0.119,0.205,1.155,-0.207,0.934,0.0,0.001,-0.001
58.539769649505615,0.535,0.427,1.155,-0.045,0.877,0.0,0.0,0.0
58.55046272277832,0.13,0.45,1.138,-0.026,0.931,0.0,0.0,0.0
58.55988693237305,0.568,0.133,1.133,-0.184,1.007,0.0,0.0,0.0
58.570207357406616,0.349,0.123,1.118,-0.234,1.045,0.0,0.0,0.0
58.579898834228516,0.141,0.199,1.117,-0.189,0.99,0.0,0.001,-0.001
58.59085774421692,0.524,0.387,1.101,-0.12,0.908,0.0,0.0,0.0
58.59989809989929,0.371,0.24,1.085,-0.202,0.916,0.0,0.0,0.0
58.610166788101196,0.338,0.298,1.073,-0.131,0.752,0.0,0.0,0.0
58.61997604370117,0.338,0.373,1.068,-0.18,0.887,-0.001,0.0,0.0
58.63073229789734,0.338,0.351,1.062,-0.159,0.799,0.0,0.0,0.0
58.63970708847046,0.338,0.459,1.042,-0.196,0.888,0.0,0.0,0.0
58.649696826934814,0.349,0.315,1.035,-0.095,0.767,0.0,0.0,0.0
58.6604642868042,0.327,0.388,1.024,-0.095,0.776,0.0,0.0,0.0
58.67008948326111,0.338,0.206,1.007,-0.218,0.98,-0.003,0.0,0.0
58.679893016815186,0.338,0.329,0.996,-0.205,0.953,0.0,0.0,0.0
58.69019365310669,0.327,0.34,0.996,-0.123,0.923,0.0,0.0,0.0
58.700806617736816,0.36,0.202,0.992,-0.11,0.942,0.0,0.0,0.0
58.710055112838745,0.36,0.475,0.993,-0.266,0.978,0.0,0.0,0.0
58.719817876815796,0.141,0.274,0.993,-0.083,0.848,0.0,0.0,0.0
58.730058431625366,0.349,0.218,1.006,-0.143,0.852,0.0,0.0,0.0
58.74040675163269,0.327,0.263,0.991,-0.075,0.905,0.0,0.0,0.0
58.75001001358032,0.327,0.152,0.973,-0.162,0.929,0.0,0.0,0.0
58.76003289222717,0.557,0.381,0.983,-0.132,0.879,0.0,0.0,0.0
58.77124571800232,0.13,0.116,0.973,-0.114,0.94,0.0,0.0,0.0
58.77998685836792,0.349,0.367,0.946,-0.053,0.845,0.0,0.0,0.0
58.7904052734375,0.546,0.315,0.958,-0.073,0.804,0.0,0.0,0.0
58.79985070228577,0.316,0.157,0.941,-0.161,0.899,0.0,0.0,0.0
58.809868574142456,0.579,0.302,0.929,-0.063,0.91,0.0,0.0,0.0
58.82059645652771,0.152,0.315,0.952,-0.038,0.903,0.0,0.0,0.0
58.830713748931885,0.546,0.343,0.969,-0.097,0.868,0.0,0.0,0.0
58.8402156829834,0.152,0.163,0.954,-0.096,0.86,0.0,0.0,0.0
58.85002946853638,0.579,0.418,0.931,-0.108,0.886,0.0,0.0,0.0
58.86095213890076,0.371,0.334,0.966,-0.099,0.788,0.0,0.0,0.0
58.87049603462219,0.162,0.292,0.953,-0.147,0.841,0.0,0.0,0.0
58.87986516952515,0.568,0.113,0.957,-0.149,0.866,0.0,0.0,0.0
58.890143394470215,0.393,0.191,0.955,-0.097,0.766,0.0,0.0,0.0
58.90080809593201,0.152,0.27,0.948,-0.172,0.845,0.0,0.001,-0.001
58.910704374313354,0.568,0.294,0.97,-0.129,0.837,0.0,0.0,0.0
58.920589208602905,0.382,0.18,0.978,-0.202,0.801,0.0,0.0,0.0
58.930912017822266,0.371,0.379,0.925,-0.139,0.821,0.0,0.0,0.0
58.93979287147522,0.59,0.204,0.935,-0.069,0.823,0.0,0.0,0.0
58.95081400871277,0.382,0.301,0.925,-0.065,0.743,0.0,0.0,0.0
58.95996308326721,0.382,0.31,0.931,-0.145,0.836,0.0,-0.001,-0.001
58.970640420913696,0.173,0.203,0.983,-0.134,0.759,0.0,0.0,0.0
58.979819774627686,0.382,0.219,0.983,-0.189,0.859,0.0,0.0,0.0
58.98991513252258,0.36,0.258,0.931,-0.036,0.812,0.0,0.0,0.0
59.000755310058594,0.184,0.252,0.932,-0.098,0.81,0.0,0.001,-0.001
59.01074957847595,0.371,0.114,0.923,-0.127,0.82,0.0,0.0,0.0
59.0206401348114,0.371,0.309,0.922,-0.123,0.845,0.0,0.0,0.0
59.03099489212036,0.371,0.396,0.924,-0.145,0.842,0.0,0.0,0.0
59.040019273757935,0.152,0.371,0.919,-0.127,0.816,0.0,0.0,0.0
59.04982113838196,0.349,0.232,0.933,-0.102,0.778,0.0,0.0,0.0
59.0601761341095,0.338,0.238,0.937,-0.073,0.756,0.0,0.0,0.0
59.07018685340881,0.152,0.34,0.932,-0.13,0.811,0.0,0.0,0.0
59.07993674278259,0.327,0.294,0.934,-0.152,0.826,0.0,0.0,0.0
59.08983898162842,0.349,0.306,0.941,-0.106,0.757,0.0,0.0,0.0
59.100234031677246,0.557,0.202,0.938,-0.105,0.766,0.0,0.001,-0.001
59.110034704208374,0.152,0.316,0.968,-0.124,0.805,0.0,0.0,0.0
59.11967134475708,0.305,0.2,0.973,-0.109,0.803,0.0,0.0,0.0
59.129967212677,0.119,0.361,0.937,-0.068,0.753,-0.001,0.0,0.0
59.140007972717285,0.338,0.251,0.94,-0.101,0.756,0.0,0.0,0.0
59.14993453025818,0.349,0.128,0.92,-0.145,0.764,0.0,0.0,0.0
59.16011714935303,0.535,0.218,0.932,-0.124,0.797,0.0,0.0,0.0
59.17176365852356,0.119,0.139,0.928,-0.158,0.81,0.0,0.0,0.0
59.17975950241089,0.305,0.263,0.927,-0.1,0.774,0.0,0.0,0.0
59.19006085395813,0.097,0.197,0.936,-0.18,0.761,0.0,0.0,0.0
59.199843883514404,0.765,0.158,0.932,-0.202,0.771,0.0,0.0,0.0
59.210262060165405,0.13,0.109,0.926,-0.125,0.786,0.0,0.0,0.0
59.21997880935669,0.327,0.182,0.935,-0.143,0.806,0.0,0.0,0.0
59.23052215576172,0.546,0.273,0.918,-0.138,0.791,0.0,0.0,0.0
59.23980736732483,0.141,0.193,0.918,-0.143,0.791,0.0,0.0,0.0
59.249836683273315,0.557,0.213,0.913,-0.093,0.765,0.0,0.0,0.0
59.25991725921631,0.13,0.182,0.908,-0.112,0.751,0.0,0.0,0.0
59.27168154716492,0.557,0.284,0.909,-0.123,0.742,0.0,0.0,0.0
59.27989220619202,0.338,0.225,0.95,-0.102,0.729,0.0,0.0,0.0
59.29007315635681,0.546,0.268,0.89,-0.145,0.73,0.0,0.0,0.0
59.300719022750854,0.349,0.278,0.918,-0.142,0.721,0.0,0.0,0.0
59.3100049495697,0.119,0.233,0.904,-0.127,0.754,0.0,0.0,0.0
59.319884061813354,0.546,0.3,0.908,-0.121,0.741,0.0,0.0,0.0
59.32976937294006,0.579,0.29,0.797,-0.107,0.716,0.0,0.0,0.0
59.34055471420288,0.152,0.283,0.895,-0.116,0.7,0.0,0.0,0.0
59.34984612464905,0.557,0.238,0.707,-0.138,0.69,0.0,0.0,0.0
59.360063791275024,0.36,0.301,0.736,-0.12,0.709,0.0,0.0,0.0
59.370863914489746,0.141,0.343,0.73,-0.12,0.663,0.0,0.0,0.0
59.380943059921265,0.36,0.349,0.655,-0.138,0.706,0.0,0.0,0.0
59.38988137245178,0.36,0.4,0.788,-0.129,0.681,0.0,0.0,0.0
59.40004587173462,0.349,0.294,0.794,-0.156,0.688,0.0,0.0,0.0
59.410475969314575,0.36,0.215,0.814,-0.131,0.681,0.0,0.0,0.0
59.41983890533447,0.36,0.24,0.814,-0.148,0.668,0.0,0.0,0.0
59.429933309555054,0.349,0.085,0.74,-0.145,0.673,0.0,0.0,0.0
59.44144606590271,0.36,0.206,0.729,-0.119,0.657,0.0,0.0,0.0
59.44988560676575,0.371,0.236,0.853,-0.1,0.66,0.0,0.0,0.0
59.459972620010376,0.59,0.209,0.9,-0.107,0.645,0.0,0.0,0.0
59.47116541862488,0.382,0.23,0.772,-0.13,0.631,0.0,0.0,0.0
59.480825662612915,0.382,0.187,1.008,-0.112,0.624,0.0,0.0,0.0
59.49060869216919,0.371,0.224,0.892,-0.087,0.631,0.0,0.0,0.0
59.49978232383728,0.382,0.233,0.772,-0.112,0.614,0.0,0.0,0.0
59.51093506813049,0.371,0.233,0.89,-0.122,0.619,0.0,0.0,0.0
59.519758462905884,0.382,0.215,0.803,-0.119,0.601,-0.001,0.001,0.001
59.530102491378784,0.382,0.199,0.893,-0.112,0.619,0.0,0.0,0.0
59.540576457977295,0.59,0.238,0.661,-0.105,0.64,0.0,0.0,0.0
59.549824237823486,0.382,0.189,0.712,-0.098,0.643,0.0,0.001,-0.001
59.56018805503845,0.393,0.248,0.834,-0.102,0.597,0.0,0.0,0.0
59.57052445411682,0.393,0.208,0.714,-0.107,0.599,0.0,0.0,0.0
59.58008885383606,0.601,0.281,0.759,-0.102,0.582,0.0,0.0,0.0
59.58982968330383,0.436,0.247,0.672,-0.1,0.566,0.0,0.0,0.0
59.59992480278015,0.414,0.241,0.592,-0.095,0.576,0.0,0.0,0.0
59.61035680770874,0.393,0.154,0.7,-0.066,0.563,0.0,0.0,0.0
59.6207001209259,0.645,0.222,0.832,-0.055,0.558,0.0,0.0,0.0
59.62973976135254,0.436,0.244,0.713,-0.033,0.545,0.0,0.0,0.0
59.64015460014343,0.447,0.282,0.869,-0.031,0.542,0.0,0.0,0.0
59.650556325912476,0.425,0.336,0.803,0.009,0.552,0.0,0.0,0.0
59.659945487976074,0.645,0.258,0.761,0.046,0.554,0.0,0.0,0.0
59.67115545272827,0.447,0.212,0.754,0.093,0.535,0.0,0.0,0.0
59.68089461326599,0.458,0.291,0.815,0.066,0.532,0.0,0.0,0.0
59.68990516662598,0.677,0.26,0.769,0.172,0.532,0.0,0.0,0.0
59.69993996620178,0.458,0.189,0.76,0.181,0.556,0.0,0.0,0.0
59.710442781448364,0.699,0.202,0.7,0.236,0.55,0.0,0.0,0.0
59.71974015235901,0.48,0.254,0.772,0.218,0.527,0.0,0.0,0.0
59.729690074920654,0.48,0.218,0.985,0.179,0.514,0.0,0.0,0.0
59.74005079269409,0.721,0.215,0.647,0.196,0.527,0.0,0.0,0.0
59.75059533119202,0.502,0.206,0.811,0.28,0.538,0.0,0.0,0.0
59.76064848899841,0.732,0.197,0.619,0.296,0.525,0.0,0.0,0.0
59.77012896537781,0.513,0.194,0.69,0.309,0.515,0.0,0.0,0.0
59.78057146072388,0.743,0.226,0.735,0.278,0.525,0.0,0.0,0.0
59.789865016937256,0.524,0.131,0.646,0.329,0.52,0.0,0.0,0.0
59.799827337265015,0.776,0.318,0.603,0.276,0.499,0.0,0.0,0.0
59.809855222702026,0.787,0.26,0.752,0.257,0.502,0.0,0.0,0.0
59.820176124572754,0.568,0.298,0.566,0.286,0.512,0.0,0.0,0.0
59.829779624938965,0.798,0.216,0.628,0.256,0.499,0.0,0.0,0.0
59.84006977081299,0.809,0.302,0.74,0.256,0.494,0.0,0.0,0.0
59.85034537315369,0.612,0.271,0.732,0.291,0.494,0.0,-0.001,0.001
59.859715700149536,0.842,0.266,0.632,0.357,0.492,0.0,0.0,0.0
59.87025213241577,0.864,0.29,0.822,0.261,0.491,0.0,0.0,0.0
59.88058567047119,0.667,0.283,0.796,0.353,0.489,0.0,0.0,0.0
59.89041495323181,0.886,0.182,0.63,0.393,0.492,0.0,0.0,0.0
59.90069365501404,0.897,0.234,0.695,0.385,0.482,0.0,0.0,0.0
59.91028022766113,0.919,0.245,0.672,0.391,0.482,0.0,0.0,0.0
59.92039346694946,0.951,0.247,0.858,0.362,0.482,0.0,0.0,0.0
59.93034791946411,0.743,0.184,0.676,0.407,0.492,0.0,0.0,0.0
59.93990874290466,0.951,0.236,0.747,0.42,0.466,0.0,0.0,0.0
59.95001435279846,0.995,0.158,0.758,0.388,0.469,0.0,0.0,0.0
59.959914207458496,1.028,0.254,0.802,0.405,0.484,0.0,0.0,0.0
59.97011470794678,1.017,0.239,0.873,0.364,0.494,0.0,0.0,0.0
59.98060846328735,1.039,0.135,0.797,0.485,0.479,0.0,0.0,0.0
59.99064636230469,1.072,0.229,0.715,0.387,0.479,0.0,0.0,0.0
59.99989700317383,1.094,0.219,0.745,0.464,0.476,0.0,0.0,0.0
60.01007413864136,1.116,0.204,0.874,0.427,0.456,0.0,0.0,0.0
60.01995921134949,1.138,0.101,0.768,0.501,0.446,0.0,0.0,0.0
60.03019690513611,1.149,0.29,0.904,0.274,0.463,0.0,0.0,0.0
60.039894104003906,1.181,0.092,0.593,0.484,0.466,0.0,0.001,0.001
60.04999876022339,1.203,0.176,0.846,0.28,0.475,0.0,0.0,0.0
60.06003785133362,1.236,0.227,0.853,0.348,0.512,0.0,0.0,0.0
60.069875955581665,1.247,0.229,0.677,0.516,0.495,0.0,0.0,0.0
60.079895973205566,1.269,0.207,0.848,0.352,0.485,0.0,0.0,0.0
60.08983635902405,1.302,0.285,0.83,0.427,0.487,0.0,0.0,0.0
60.10002398490906,1.543,0.154,0.692,0.452,0.499,0.0,0.0,0.0
60.11032319068909,1.149,0.27,0.689,0.353,0.502,0.0,0.0,0.0
60.11974239349365,1.379,0.211,0.742,0.418,0.494,0.0,0.0,0.0
60.130096197128296,1.401,0.254,1.068,0.408,0.489,0.0,0.0,0.0
60.139827251434326,1.412,0.158,0.928,0.412,0.512,0.003,0.0,0.0
60.150031089782715,1.642,0.303,0.9,0.537,0.509,0.0,0.0,0.0
60.16016912460327,1.499,0.245,0.916,0.467,0.515,0.0,0.0,0.0
60.17086172103882,1.532,0.241,0.687,0.472,0.523,0.0,0.0,0.0
60.18076944351196,1.751,0.331,0.751,0.453,0.538,0.0,0.0,0.0
60.19080710411072,1.587,0.261,0.726,0.476,0.538,0.0,0.0,0.0
60.20005941390991,1.598,0.168,0.808,0.489,0.518,0.0,0.0,0.0
60.2101309299469,1.839,0.238,0.764,0.349,0.544,0.0,0.0,0.0
60.21979904174805,1.455,0.215,0.78,0.441,0.551,0.0,0.0,0.0
60.22985243797302,1.905,0.308,0.896,0.196,0.553,0.0,0.0,0.0
60.24014735221863,1.74,0.29,0.883,0.32,0.544,0.0,0.0,0.0
60.249871492385864,1.554,0.211,0.661,0.398,0.566,0.0,0.0,0.0
60.259865283966064,1.992,0.274,0.972,0.367,0.564,0.0,0.0,0.0
60.271050453186035,1.631,0.236,0.81,0.353,0.558,0.0,0.0,0.0
60.28129982948303,1.839,0.289,0.744,0.248,0.571,0.0,0.0,0.0
60.28988337516785,1.664,0.279,0.737,0.268,0.581,0.0,0.0,0.0
60.299800872802734,1.883,0.241,0.647,0.442,0.568,0.0,0.0,0.0
60.310099601745605,2.113,0.248,0.683,0.357,0.586,0.0,0.0,0.0
60.31989049911499,1.521,0.254,0.734,0.476,0.592,0.0,0.0,0.0
60.32992696762085,1.948,0.284,0.82,0.327,0.598,0.0,0.0,0.0
60.340505838394165,1.773,0.278,0.706,0.417,0.598,0.0,0.0,0.0
60.35032844543457,2.003,0.147,0.665,0.589,0.605,0.0,0.0,0.0
60.35975766181946,1.817,0.225,0.668,0.468,0.603,0.0,0.0,0.0
60.371400117874146,1.861,0.245,0.958,0.297,0.608,0.0,0.0,0.0
60.38058423995972,1.85,0.287,0.841,0.387,0.611,0.0,0.0,0.0
60.389923334121704,1.916,0.109,0.744,0.509,0.619,0.0,0.0,0.0
60.399763107299805,1.696,0.186,0.781,0.446,0.636,0.0,0.0,0.0
60.410205364227295,1.927,0.199,0.876,0.412,0.642,0.0,0.0,0.0
60.41979241371155,1.686,0.226,0.79,0.542,0.661,0.0,0.0,0.0
60.42977809906006,1.466,0.272,0.847,0.341,0.654,0.0,0.0,0.0
60.43975329399109,1.938,0.255,0.811,0.461,0.67,0.0,0.0,0.0
60.450419187545776,1.686,0.32,0.786,0.381,0.672,0.0,0.0,0.0
60.45976734161377,1.488,0.192,0.83,0.402,0.689,0.0,0.0,0.0
60.470200061798096,1.664,0.247,0.96,0.317,0.708,0.0,0.0,0.0
60.480910301208496,1.729,0.232,0.717,0.516,0.702,0.001,0.0,0.0
60.49090099334717,1.686,0.26,0.82,0.414,0.72,0.0,0.0,0.0
60.49976396560669,1.675,0.304,0.759,0.502,0.712,0.0,0.0,0.0
60.509864807128906,1.466,0.255,0.775,0.187,0.724,0.0,0.0,0.0
60.51992845535278,1.686,0.267,0.849,0.22,0.725,0.0,0.0,0.0
60.52977538108826,1.707,0.218,0.912,0.336,0.754,0.0,0.0,0.0
60.53964877128601,1.653,0.2,0.952,0.297,0.734,0.0,0.0,0.0
60.551254749298096,1.642,0.215,0.86,0.31,0.725,0.0,0.0,0.0
60.56087136268616,1.653,0.263,0.846,0.388,0.738,0.0,0.0,0.0
60.56972146034241,1.718,0.269,0.774,0.535,0.745,0.0,0.0,0.0
60.58000659942627,1.214,0.248,0.862,0.433,0.739,0.0,0.0,0.0
60.590227127075195,1.85,0.287,0.644,0.457,0.714,0.0,0.0,0.0
60.599815368652344,1.653,0.243,0.903,0.555,0.729,0.0,0.0,0.0
60.60998010635376,1.444,0.223,0.993,0.353,0.742,0.0,0.0,0.0
60.61998009681702,1.642,0.265,0.94,0.421,0.762,0.0,0.0,0.0
60.62980675697327,1.598,0.229,0.732,0.456,0.754,0.0,0.0,0.0
60.63973307609558,1.368,0.236,0.757,0.35,0.762,0.0,0.0,0.0
60.65041947364807,1.576,0.228,0.888,0.346,0.739,0.0,0.0,0.0
60.65976905822754,1.554,0.145,0.933,0.65,0.734,0.003,0.0,0.0
60.67007756233215,1.642,0.21,1.037,0.619,0.749,0.0,0.0,0.0
60.68029308319092,1.368,0.267,0.801,0.571,0.773,0.0,0.0,0.0
60.69001817703247,1.543,0.278,0.779,0.555,0.781,0.0,0.0,0.0
60.7002534866333,1.773,0.208,0.739,0.448,0.75,0.002,0.0,0.0
60.70986723899841,1.576,0.262,0.821,0.445,0.782,0.008,0.0,0.0
60.72061109542847,1.543,0.259,0.932,0.214,0.763,0.0,0.0,0.0
60.730077505111694,1.74,0.242,0.71,0.726,0.765,0.0,0.0,0.0
60.740111351013184,1.587,0.245,0.924,0.507,0.769,0.0,0.0,0.0
60.749879598617554,1.554,0.252,0.729,0.308,0.753,0.0,0.0,0.0
60.7606041431427,1.532,0.277,0.679,0.456,0.761,0.0,0.0,0.0
60.7697651386261,1.718,0.205,0.661,0.544,0.749,0.003,0.0,0.0
60.77989482879639,1.368,0.275,0.77,0.316,0.742,0.0,0.0,0.0
60.79032802581787,1.51,0.192,0.653,0.321,0.75,0.0,0.0,0.0
60.79980158805847,1.718,0.203,0.891,0.607,0.769,0.0,0.0,0.0
60.80979037284851,1.74,0.226,0.714,0.41,0.727,0.006,0.0,0.0
60.81983399391174,1.543,0.294,0.831,0.341,0.742,0.0,0.0,0.0
60.83006834983826,1.696,0.203,0.702,0.55,0.747,0.0,0.0,0.0
60.83992624282837,1.269,0.246,0.702,0.653,0.756,0.0,0.0,0.0
60.8499014377594,1.729,0.211,0.818,0.472,0.776,0.0,0.0,0.0
60.860233783721924,1.696,0.178,0.682,0.585,0.737,0.0,0.0,0.0
60.86977815628052,1.466,0.24,0.561,0.614,0.761,0.0,0.0,0.0
60.8802547454834,1.959,0.238,0.869,0.41,0.757,0.0,0.0,0.0
60.89061689376831,1.521,0.22,0.635,0.609,0.747,0.0,0.0,0.0
60.90123796463013,1.707,0.237,0.743,0.583,0.774,0.0,0.0,0.0
60.909903049468994,1.686,0.278,0.763,0.299,0.775,0.0,0.0,0.0
60.92069435119629,1.74,0.297,0.618,0.371,0.777,0.0,0.0,0.0
60.93008780479431,1.488,0.161,0.778,0.712,0.77,0.0,0.0,0.0
60.94042921066284,1.477,0.232,0.712,0.651,0.775,0.0,0.0,0.0
60.949695348739624,1.477,0.253,0.765,0.635,0.792,0.0,0.0,0.0
60.96123790740967,1.729,0.245,1.067,0.397,0.764,0.0,0.0,0.0
60.97008156776428,1.51,0.273,0.842,0.585,0.755,0.0,0.0,0.0
60.97978138923645,1.686,0.188,0.908,0.384,0.764,0.0,0.0,0.0
60.990483045578,1.477,0.278,0.814,0.471,0.771,0.0,0.0,0.0
61.00077962875366,1.696,0.133,0.739,0.68,0.77,0.0,0.0,0.0
61.010682582855225,1.466,0.141,0.717,0.681,0.757,0.0,0.0,0.0
61.02065348625183,1.444,0.24,0.826,0.623,0.772,0.0,0.0,0.0
61.03086853027344,1.828,0.222,0.996,0.75,0.76,0.0,0.0,0.0
61.03978633880615,1.664,0.277,0.798,0.599,0.754,0.0,0.0,0.0
61.05000066757202,1.444,0.248,0.988,0.561,0.739,0.0,0.0,0.0
61.06042122840881,1.916,0.262,0.906,0.298,0.758,0.0,0.0,0.0
61.069907426834106,1.477,0.163,0.816,0.703,0.776,0.0,0.0,0.0
61.07999396324158,1.444,0.193,0.883,0.372,0.774,0.0,0.0,0.0
61.090012550354004,1.894,0.28,0.821,0.372,0.769,0.0,0.0,0.0
61.099947929382324,1.653,0.197,0.967,0.439,0.765,0.0,0.0,0.0
61.11002850532532,1.444,0.173,1.012,0.377,0.777,0.0,0.0,0.0
61.12034869194031,1.653,0.231,0.695,0.708,0.781,0.0,0.0,0.0
61.13073134422302,1.455,0.233,0.836,0.77,0.753,0.0,0.0,0.0
61.14003324508667,1.653,0.272,0.809,0.696,0.777,0.0,0.0,0.0
61.1506564617157,1.434,0.273,0.944,0.6,0.791,0.0,0.0,0.0
61.16022706031799,1.631,0.171,0.769,0.778,0.806,0.0,0.0,0.0
61.17050361633301,1.927,0.233,0.831,0.755,0.786,0.0,0.0,0.0
61.18060803413391,1.423,0.217,0.811,0.591,0.808,0.0,0.0,0.0
61.19065856933594,1.631,0.196,0.767,0.778,0.795,0.001,0.0,0.0
61.20055294036865,1.696,0.199,0.679,0.665,0.785,0.0,0.0,0.0
61.21025371551514,1.861,0.247,0.732,0.588,0.783,0.0,0.0,0.0
61.22071313858032,1.653,0.308,0.674,0.622,0.783,0.0,0.0,0.0
61.23076343536377,1.675,0.281,0.726,0.624,0.805,0.0,0.0,0.0
61.23983454704285,1.444,0.345,0.775,0.696,0.791,0.0,0.0,0.0
61.25019979476929,1.686,0.274,0.595,0.296,0.791,0.0,0.0,0.0
61.26035451889038,1.861,0.267,0.678,0.636,0.8,0.0,0.0,0.0
61.27016353607178,1.51,0.265,0.709,0.746,0.804,0.0,0.0,0.0
61.27984929084778,1.653,0.249,0.747,0.651,0.794,0.0,0.0,0.0
61.290143966674805,1.653,0.271,0.892,0.395,0.785,0.0,0.0,0.0
61.30064558982849,1.642,0.275,0.842,0.67,0.803,0.0,0.0,0.0
61.31009292602539,1.642,0.184,0.77,0.687,0.793,0.0,0.0,0.0
61.31973075866699,1.696,0.245,0.855,0.446,0.786,0.0,0.0,0.0
61.330156326293945,1.455,0.248,0.918,0.494,0.777,0.0,0.0,0.0
61.339974880218506,1.642,0.243,0.847,0.535,0.804,0.001,0.0,0.0
61.349801540374756,1.631,0.268,0.842,0.557,0.782,0.0,0.0,0.0
61.360191106796265,1.609,0.255,0.937,0.44,0.772,0.0,0.0,0.0
61.370158672332764,1.686,0.228,0.923,0.691,0.777,0.0,0.0,0.0
61.37991213798523,1.642,0.253,0.65,0.762,0.794,0.0,0.0,0.0
61.389808177948,1.423,0.246,0.709,0.338,0.754,0.0,0.0,0.0
61.40083146095276,1.828,0.268,0.99,0.335,0.745,0.0,0.0,0.0
61.40981721878052,1.466,0.258,0.771,0.705,0.794,0.0,0.0,0.0
61.41973829269409,1.62,0.222,1.064,0.246,0.772,0.0,0.0,0.0
61.43086004257202,1.631,0.29,1.196,0.31,0.741,0.0,0.0,0.0
61.43977379798889,1.642,0.233,0.864,0.648,0.754,0.0,0.0,0.0
61.45002579689026,1.631,0.208,0.78,0.592,0.785,0.0,0.0,0.0
61.46029758453369,1.444,0.237,0.715,0.536,0.777,0.0,0.0,0.0
61.471043825149536,1.686,0.238,0.68,0.642,0.781,0.0,0.0,0.0
61.47987365722656,1.455,0.28,0.919,0.382,0.786,0.0,0.0,0.0
61.490283727645874,1.609,0.173,1.009,0.597,0.786,0.0,0.0,0.0
61.5006308555603,1.62,0.259,0.82,0.764,0.781,0.0,0.0,0.0
61.509788513183594,1.85,0.185,0.837,0.862,0.759,0.0,0.0,0.0
61.51972198486328,1.434,0.311,0.899,0.404,0.755,0.0,0.0,0.0
61.53022480010986,1.828,0.248,1.13,0.387,0.786,0.0,0.0,0.0
61.5403094291687,1.62,0.228,0.892,0.613,0.778,0.0,0.0,0.0
61.55008316040039,1.62,0.198,0.929,0.584,0.774,0.0,0.0,0.0
61.56024718284607,1.675,0.25,0.873,0.647,0.756,0.0,0.0,0.0
61.57005167007446,1.62,0.197,0.699,0.761,0.762,0.0,0.0,0.0
61.57977271080017,1.401,0.198,0.907,0.507,0.745,0.0,0.0,0.0
61.58997130393982,1.631,0.206,1.171,0.529,0.756,0.0,0.0,0.0
61.600515365600586,1.795,0.245,0.947,0.591,0.751,0.0,0.0,0.0
61.610008239746094,1.444,0.249,0.717,0.675,0.745,0.0,0.0,0.0
61.61980652809143,1.653,0.25,1.106,0.498,0.737,0.0,0.0,0.0
61.629843950271606,1.423,0.223,0.93,0.293,0.742,0.0,0.0,0.0
61.640427350997925,1.817,0.287,1.033,0.285,0.746,0.0,0.0,0.0
61.6498384475708,1.62,0.29,0.793,0.908,0.72,0.0,0.0,0.0
61.66015839576721,1.609,0.299,0.96,0.419,0.706,0.0,0.0,0.0
61.67037487030029,1.434,0.296,0.936,0.919,0.729,0.0,0.0,0.0
61.68074131011963,1.861,0.262,0.713,0.696,0.734,0.0,0.0,0.0
61.68985319137573,1.62,0.307,0.721,0.697,0.742,0.0,0.0,0.0
61.700796365737915,1.401,0.347,0.748,0.601,0.732,0.0,0.0,0.0
61.709858417510986,1.817,0.243,0.701,0.697,0.747,0.0,0.0,0.0
61.71976590156555,1.642,0.275,0.775,0.381,0.725,0.001,0.0,0.0
61.730504274368286,1.455,0.282,1.043,0.292,0.738,0.0,0.0,0.0
61.73988103866577,1.916,0.328,0.963,0.8,0.733,0.0,0.0,0.0
61.74985957145691,1.423,0.276,0.773,0.666,0.708,0.0,0.0,0.0
61.759767293930054,1.839,0.359,0.652,0.362,0.734,0.0,0.0,0.0
61.77018761634827,1.401,0.289,0.885,0.468,0.729,0.0,0.0,0.0
61.78080463409424,1.828,0.249,0.93,0.585,0.729,0.0,0.0,0.0
61.7905957698822,1.62,0.18,0.761,0.484,0.726,0.008,0.001,0.001
61.80068111419678,1.401,0.226,0.806,0.663,0.718,0.0,0.0,0.0
61.81066966056824,1.894,0.294,0.68,0.688,0.721,0.0,0.0,0.0
61.81972932815552,1.686,0.233,0.686,0.63,0.718,0.0,0.0,0.0
61.829749584198,1.62,0.238,0.961,0.736,0.732,0.0,0.0,0.0
61.84011769294739,1.62,0.267,0.906,0.465,0.714,0.0,0.0,0.0
61.849902629852295,1.653,0.214,0.895,0.766,0.731,0.001,0.0,0.0
61.85998225212097,1.631,0.26,0.778,0.615,0.719,0.0,0.0,0.0
61.870664834976196,1.609,0.129,1.072,0.507,0.723,0.0,0.0,0.0
61.880810260772705,1.631,0.23,0.908,0.709,0.723,0.0,0.0,0.0
61.890703201293945,1.664,0.247,0.842,0.722,0.74,0.0,0.0,0.0
61.900925159454346,1.664,0.263,0.856,0.626,0.732,0.0,0.0,0.0
61.910908937454224,1.905,0.226,0.971,0.617,0.735,0.0,0.0,0.0
61.92059803009033,1.434,0.166,1.008,0.776,0.735,0.0,0.0,0.0
61.92973780632019,1.631,0.12,0.844,0.688,0.735,0.0,0.0,0.0
61.939796924591064,1.85,0.162,1.102,0.392,0.736,0.007,0.0,0.0
61.949854612350464,1.642,0.246,1.014,0.481,0.724,0.0,0.0,0.0
61.9601788520813,1.642,0.144,0.967,0.694,0.733,0.0,0.0,0.0
61.970972776412964,1.664,0.262,0.807,0.671,0.746,0.0,0.0,0.0
61.980138540267944,1.675,0.229,0.909,0.434,0.746,0.0,0.0,0.0
61.99109148979187,1.686,0.201,0.879,0.581,0.733,0.0,0.0,0.0
62.00000071525574,1.488,0.302,1.1,0.397,0.746,0.0,0.0,0.0
62.009848833084106,1.85,0.268,0.644,0.499,0.745,0.0,0.0,0.0
62.02004384994507,1.642,0.221,1.059,0.447,0.743,0.0,0.0,0.0
62.02981424331665,1.653,0.278,0.83,0.593,0.749,0.0,0.0,0.0
62.039918184280396,1.434,0.27,1.016,0.433,0.74,0.0,0.0,0.0
62.04992151260376,1.642,0.238,0.683,0.393,0.759,0.0,0.0,0.0
62.060588121414185,1.412,0.264,0.9,0.68,0.729,0.0,0.0,0.0
62.06996774673462,1.828,0.154,0.879,0.79,0.743,0.0,0.0,0.0
62.079882860183716,1.62,0.313,1.059,0.647,0.722,0.0,0.0,0.0
62.0906708240509,1.631,0.297,1.14,0.299,0.719,0.0,0.0,0.0
62.100255727767944,1.631,0.264,0.8,0.827,0.726,0.0,0.0,0.0
62.109912395477295,1.62,0.217,0.803,0.869,0.729,0.0,0.0,0.0
62.11969494819641,1.434,0.275,0.947,0.697,0.726,0.0,0.0,0.0
62.1298828125,1.598,0.262,1.066,0.428,0.718,0.0,0.0,0.0
62.13988995552063,1.62,0.234,1.041,0.56,0.706,0.0,0.001,0.001
62.15000128746033,1.587,0.264,0.829,0.567,0.704,0.0,0.0,0.0
62.16075348854065,1.368,0.257,0.843,0.684,0.731,0.0,0.0,0.0
62.17046594619751,1.609,0.223,0.899,0.794,0.706,0.0,0.0,0.0
62.179853200912476,1.861,0.253,0.754,0.946,0.712,0.0,0.0,0.0
62.19023299217224,1.686,0.281,0.966,0.477,0.717,0.0,0.0,0.0
62.2000150680542,1.696,0.259,0.758,0.632,0.71,0.0,0.0,0.0
62.20989799499512,1.664,0.218,1.001,0.697,0.711,0.0,0.0,0.0
62.21969652175903,1.423,0.187,0.702,0.606,0.706,0.0,0.0,0.0
62.23010587692261,1.806,0.243,1.155,0.453,0.711,0.0,0.0,0.0
62.24004673957825,1.62,0.3,0.713,0.692,0.701,0.0,0.0,0.0
62.24977898597717,1.609,0.238,0.949,0.65,0.666,0.0,0.0,0.0
62.26008200645447,1.609,0.245,0.971,0.289,0.666,0.0,0.0,0.0
62.270907402038574,1.609,0.232,0.883,0.643,0.689,0.0,0.0,0.0
62.28065061569214,1.62,0.282,0.861,0.71,0.688,0.0,0.0,0.0
62.28985929489136,1.828,0.193,0.691,0.828,0.684,0.0,0.0,0.0
62.30050706863403,1.62,0.224,1.224,0.495,0.693,0.0,0.0,0.0
62.31068396568298,1.631,0.235,0.776,0.801,0.679,0.0,0.0,0.0
62.319788694381714,1.631,0.246,0.95,0.78,0.684,0.0,0.0,0.0
62.33000159263611,1.631,0.22,1.026,0.906,0.676,0.0,0.0,0.0
62.340778827667236,1.631,0.237,1.066,0.73,0.678,0.0,0.0,0.0
62.3502402305603,1.642,0.277,0.846,0.809,0.678,0.0,0.0,0.0
62.35978412628174,1.85,0.233,0.948,0.775,0.671,0.0,0.0,0.0
62.37040638923645,1.653,0.195,0.93,0.506,0.649,0.0,0.0,0.0
62.379806995391846,1.642,0.236,1.095,0.794,0.666,0.0,0.0,0.0
62.38985276222229,1.423,0.26,0.877,0.455,0.681,0.0,0.0,0.0
62.399890422821045,1.631,0.217,0.818,0.865,0.654,0.0,0.0,0.0
62.41019558906555,1.85,0.235,1.065,0.665,0.657,0.0,0.0,0.0
62.419904947280884,1.444,0.174,0.981,0.744,0.654,0.0,0.0,0.0
62.43004894256592,1.839,0.184,1.01,0.563,0.652,0.0,0.0,0.0
62.43998408317566,1.642,0.252,0.824,0.551,0.657,0.0,0.0,0.0
62.450663805007935,1.861,0.231,0.942,0.697,0.644,0.0,0.0,0.0
62.45986223220825,1.653,0.177,0.797,0.746,0.644,0.0,0.0,0.0
62.47000551223755,1.466,0.253,0.791,0.425,0.647,0.0,0.0,0.0
62.47998118400574,1.642,0.266,0.896,0.605,0.64,0.0,0.0,0.0
62.49014663696289,1.653,0.266,0.992,0.688,0.625,0.0,0.0,0.0
62.49994444847107,1.653,0.21,0.749,0.696,0.629,0.0,0.0,0.0
62.510719537734985,1.642,0.231,0.997,0.555,0.624,0.0,0.0,0.0
62.52096128463745,1.62,0.233,0.811,0.68,0.624,0.0,0.0,0.0
62.52991437911987,1.653,0.219,0.982,0.542,0.629,0.0,0.0,0.0
62.53982877731323,1.664,0.255,0.957,0.475,0.62,0.0,0.0,0.0
62.55012917518616,1.861,0.226,0.97,0.676,0.617,0.0,0.0,0.0
62.559879541397095,1.653,0.24,0.833,0.825,0.615,0.0,0.0,0.0
62.570430755615234,1.664,0.236,0.951,0.716,0.597,0.0,0.0,0.0
62.58096957206726,1.434,0.206,0.876,0.829,0.615,0.0,0.0,0.0
62.59028244018555,1.653,0.157,0.926,0.774,0.596,0.001,0.0,0.0
62.599791288375854,1.642,0.251,0.676,0.747,0.59,0.0,0.0,0.0
62.61009860038757,1.872,0.288,0.763,0.368,0.586,0.0,0.0,0.0
62.61991238594055,1.664,0.19,0.714,0.813,0.599,0.0,0.0,0.0
62.62978482246399,1.686,0.234,0.93,0.46,0.599,0.0,0.0,0.0
62.63971304893494,1.686,0.223,1.192,0.553,0.595,0.0,0.0,0.0
62.650534868240356,1.762,0.306,1.087,0.55,0.578,0.0,0.0,0.0
62.659767150878906,1.532,0.243,0.76,0.552,0.587,0.0,0.0,0.0
62.67022776603699,1.762,0.251,1.225,0.488,0.585,0.0,0.0,0.0
62.68006992340088,1.927,0.304,0.714,0.704,0.563,0.0,0.0,0.0
62.689876317977905,1.707,0.258,0.935,0.696,0.555,0.0,0.0,0.0
62.70072150230408,1.466,0.251,0.881,0.532,0.556,0.0,0.0,0.0
62.70986008644104,1.905,0.326,0.864,0.769,0.545,0.0,0.0,0.0
62.71981358528137,1.686,0.174,1.132,0.527,0.538,0.0,0.0,0.0
62.72972321510315,1.686,0.317,0.921,0.491,0.531,0.0,0.0,0.0
62.73991060256958,1.444,0.307,1.125,0.558,0.526,0.0,0.0,0.0
62.75065088272095,1.455,0.317,0.873,0.696,0.508,0.0,0.0,0.0
62.76046299934387,1.894,0.248,0.854,0.778,0.498,0.0,0.0,0.0
62.76991152763367,1.74,0.183,0.837,0.859,0.477,0.0,0.0,0.0
62.78059458732605,1.773,0.237,1.061,0.417,0.494,0.0,0.0,0.0
62.790629386901855,1.751,0.229,0.891,0.681,0.471,0.0,0.0,0.0
62.799912214279175,1.664,0.183,0.824,0.72,0.466,0.0,0.0,0.0
62.809887170791626,1.686,0.319,1.15,0.657,0.452,0.0,0.0,0.0
62.82067561149597,1.631,0.191,1.002,0.504,0.451,0.0,0.0,0.0
62.83000111579895,1.686,0.215,0.839,0.727,0.439,0.0,0.0,0.0
62.84007906913757,1.653,0.217,0.952,0.76,0.449,0.0,0.0,0.0
62.85087060928345,1.455,0.254,0.904,0.464,0.442,0.0,0.0,0.0
62.85976719856262,1.883,0.252,1.022,0.78,0.421,0.0,0.0,0.0
62.87003564834595,1.444,0.224,1.109,0.353,0.414,0.0,0.0,0.0
62.881447076797485,1.686,0.276,0.915,0.793,0.45,0.0,0.0,0.0
62.88991451263428,1.959,0.235,1.212,0.437,0.461,0.0,0.0,0.0
62.899832010269165,1.751,0.216,0.749,0.757,0.437,0.0,0.0,0.0
62.90979766845703,1.521,0.222,0.872,0.703,0.437,0.0,0.0,0.0
62.91979718208313,1.959,0.156,0.99,0.744,0.422,0.0,0.0,0.0
62.9296989440918,1.707,0.132,1.015,0.5,0.406,0.0,0.0,0.0
62.93968868255615,1.455,0.22,1.094,0.515,0.426,0.0,0.0,0.0
62.95094585418701,1.872,0.215,1.036,0.453,0.425,0.0,0.0,0.0
62.96015524864197,1.675,0.256,0.878,0.374,0.433,0.0,0.001,0.001
62.96996808052063,1.675,0.238,0.896,0.726,0.419,0.0,0.0,0.0
62.98112726211548,1.664,0.216,0.915,0.489,0.418,0.0,0.0,0.0
62.99094295501709,1.729,0.285,0.944,0.764,0.423,0.0,0.0,0.0
63.00066685676575,1.773,0.294,0.864,0.817,0.435,0.0,0.0,0.0
63.00985598564148,1.762,0.298,1.02,0.691,0.422,0.0,0.0,0.0
63.02066230773926,1.762,0.187,0.975,0.826,0.413,0.0,0.0,0.0
63.02984285354614,1.894,0.173,0.775,0.746,0.417,0.0,0.0,0.0
63.03977346420288,1.499,0.243,0.756,0.447,0.426,0.0,0.0,0.0
63.05048680305481,1.477,0.242,0.757,0.697,0.417,0.0,0.0,0.0
63.06036734580994,1.883,0.175,0.867,0.745,0.426,0.0,0.0,0.0
63.06979990005493,1.532,0.213,0.7,0.844,0.426,0.0,0.0,0.0
63.08101534843445,1.74,0.214,0.873,0.715,0.421,0.0,0.0,0.0
63.09103178977966,1.686,0.241,1.077,0.45,0.426,0.0,0.0,0.0
63.10127139091492,1.664,0.306,0.945,0.75,0.422,0.0,0.0,0.0
63.11074090003967,1.675,0.275,0.841,0.428,0.421,0.0,0.0,0.0
63.120851039886475,1.664,0.244,0.909,0.732,0.457,0.0,0.0,0.0
63.13070249557495,1.773,0.281,0.942,0.888,0.452,0.0,0.0,0.0
63.14061427116394,1.466,0.234,1.06,0.799,0.408,0.0,0.0,0.0
63.149805784225464,1.664,0.23,0.888,0.919,0.4,0.0,0.0,0.0
63.16058611869812,1.664,0.268,1.157,0.383,0.443,0.0,0.0,0.0
63.169881105422974,1.653,0.254,0.906,0.699,0.399,0.0,0.0,0.0
63.179784297943115,1.642,0.28,0.891,0.669,0.395,0.0,0.0,0.0
63.19059491157532,1.434,0.325,1.099,0.47,0.44,0.0,0.0,0.0
63.19985842704773,1.948,0.232,0.882,0.684,0.427,0.0,0.0,0.0
63.20978856086731,1.751,0.255,1.043,0.68,0.387,0.0,0.0,0.0
63.220542669296265,1.532,0.294,1.031,0.456,0.391,0.0,0.0,0.0
63.22984981536865,1.916,0.241,0.786,0.841,0.379,0.0,0.0,0.0
63.23977780342102,1.729,0.28,0.945,0.263,0.383,0.0,0.0,0.0
63.249918937683105,1.839,0.269,0.935,0.492,0.385,0.0,0.0,0.0
63.26049304008484,1.653,0.243,0.934,0.506,0.398,0.0,0.0,0.0
63.269917726516724,1.675,0.199,0.731,0.74,0.377,0.0,0.0,0.0
63.279993772506714,1.444,0.206,1.071,0.787,0.398,0.0,0.0,0.0
63.290308475494385,1.872,0.233,1.016,0.546,0.382,0.0,0.0,0.0
63.29985570907593,1.488,0.24,0.876,0.834,0.354,0.0,0.0,0.0
63.30981183052063,1.959,0.212,0.97,0.73,0.361,0.0,0.0,0.0
63.31971454620361,1.543,0.251,1.096,0.476,0.389,0.0,0.0,0.0
63.330617904663086,1.894,0.206,0.807,0.84,0.311,0.0,0.0,0.0
63.33985185623169,1.444,0.284,0.839,0.999,0.374,0.0,0.0,0.0
63.349987506866455,1.664,0.218,1.137,0.784,0.38,0.0,0.0,0.0
63.3605318069458,1.883,0.254,0.803,0.573,0.362,0.0,0.0,0.0
63.36980605125427,1.675,0.204,0.846,0.846,0.35,0.0,0.0,0.0
63.37998175621033,1.455,0.212,0.759,0.47,0.358,0.0,0.0,0.0
63.390448331832886,1.883,0.169,0.816,0.742,0.341,0.0,0.0,0.0
63.40014410018921,1.74,0.238,0.899,0.793,0.327,0.0,0.0,0.0
63.40989851951599,1.718,0.192,0.789,0.764,0.306,0.0,0.0,0.0
63.42068338394165,1.718,0.304,0.89,0.541,0.314,0.0,0.0,0.0
63.43039655685425,1.686,0.237,1.058,0.769,0.317,0.001,0.0,0.0
63.4406898021698,1.894,0.233,0.874,0.954,0.317,0.0,0.0,0.0
63.44964623451233,1.653,0.133,0.748,0.806,0.3,0.0,0.0,0.0
63.45983171463013,1.675,0.23,1.077,0.579,0.295,0.0,0.0,0.0
63.47004961967468,1.455,0.19,1.009,0.316,0.322,0.0,0.0,0.0
63.48081946372986,1.938,0.215,0.842,0.779,0.299,0.0,0.0,0.0
63.49091172218323,1.532,0.218,0.896,0.764,0.285,0.0,0.0,0.0
63.50062274932861,1.883,0.256,0.966,0.852,0.306,0.0,0.0,0.0
63.5099561214447,1.707,0.193,1.031,0.844,0.297,0.0,0.0,0.0
63.51988935470581,1.894,0.171,0.981,0.724,0.335,0.0,0.0,0.0
63.530044078826904,1.269,0.223,1.089,0.715,0.319,0.0,0.0,0.0
63.540053367614746,1.959,0.19,1.03,0.752,0.298,0.0,0.0,0.0
63.55003046989441,1.532,0.228,0.858,0.625,0.298,0.0,0.0,0.0
63.560771226882935,1.894,0.236,0.961,0.616,0.3,0.0,0.0,0.0
63.570767641067505,1.488,0.229,0.995,0.726,0.287,0.0,0.0,0.0
63.58025121688843,1.686,0.267,0.918,0.81,0.285,0.0,0.0,0.0
63.58982443809509,1.696,0.225,0.969,0.871,0.288,0.0,0.0,0.0
63.60018062591553,1.773,0.215,0.796,0.464,0.298,0.0,0.0,0.0
63.6100869178772,1.686,0.247,0.918,0.685,0.265,0.0,0.0,0.0
63.61975073814392,1.686,0.216,0.943,0.778,0.276,0.0,0.0,0.0
63.630629777908325,1.466,0.229,1.29,0.324,0.273,0.0,0.0,0.0
63.63994026184082,1.696,0.247,0.738,0.718,0.278,0.0,0.0,0.0
63.65019464492798,1.948,0.213,0.967,0.817,0.275,0.0,0.0,0.0
63.660301208496094,1.729,0.257,0.938,0.843,0.259,0.0,0.0,0.0
63.670737504959106,1.696,0.208,0.937,0.888,0.263,0.0,0.0,0.0
63.67974781990051,1.675,0.237,0.983,0.729,0.251,0.0,0.0,0.0
63.69038963317871,1.664,0.243,1.114,0.453,0.283,0.0,0.0,0.0
63.70090126991272,1.707,0.243,0.83,0.798,0.257,0.0,0.0,0.0
63.71091151237488,1.938,0.28,0.945,0.824,0.267,0.0,0.0,0.0
63.71983766555786,1.499,0.297,0.889,0.878,0.253,0.0,0.0,0.0
63.73023080825806,1.696,0.246,0.739,0.473,0.256,0.0,0.0,0.0
63.74021553993225,1.883,0.225,0.941,0.775,0.256,0.0,0.0,0.0
63.75073289871216,1.499,0.235,0.865,0.802,0.242,0.0,0.0,0.0
63.76017475128174,1.751,0.255,0.865,1.008,0.241,0.0,0.0,0.0
63.770280838012695,1.642,0.25,0.905,0.753,0.27,0.0,0.0,0.0
63.779868364334106,1.718,0.294,0.877,0.871,0.248,0.0,0.0,0.0
63.790011405944824,1.916,0.254,0.983,0.842,0.249,0.0,0.0,0.0
63.799882888793945,1.477,0.267,1.036,0.542,0.248,0.0,0.0,0.0
63.81004047393799,1.729,0.221,0.923,0.52,0.262,0.0,0.0,0.0
63.81978893280029,1.718,0.278,0.982,0.775,0.252,0.0,0.0,0.0
63.83058452606201,1.664,0.19,1.05,0.943,0.26,0.0,0.0,0.0
63.83980464935303,1.675,0.227,0.8,0.896,0.237,0.0,0.0,0.0
63.85002684593201,1.905,0.259,0.982,0.587,0.242,0.0,0.0,0.0
63.859745264053345,1.28,0.243,0.892,0.569,0.259,0.0,0.0,0.0
63.87025260925293,2.168,0.258,0.899,0.513,0.25,0.0,0.0,0.0
63.87981843948364,1.499,0.216,0.908,0.797,0.232,0.0,0.0,0.0
63.88980984687805,1.686,0.228,0.872,0.749,0.245,0.0,0.0,0.0
63.90014982223511,1.455,0.237,1.047,0.351,0.25,0.0,0.0,0.0
63.91055965423584,1.762,0.211,0.861,0.666,0.233,0.0,0.0,0.0
63.91972255706787,1.718,0.216,0.82,0.823,0.234,0.0,0.0,0.0
63.93043351173401,1.883,0.2,1.223,0.64,0.229,0.0,0.0,0.0
63.93984317779541,1.686,0.153,1.003,0.762,0.222,0.0,0.0,0.0
63.950119972229004,1.488,0.212,1.022,0.506,0.252,0.0,0.0,0.0
63.959813594818115,1.762,0.25,0.944,0.618,0.244,0.0,0.0,0.0
63.97016215324402,1.729,0.226,1.081,0.799,0.263,0.0,0.0,0.0
63.98040246963501,1.466,0.208,0.84,0.811,0.259,0.0,0.0,0.0
63.98993992805481,1.85,0.152,1.085,0.794,0.243,0.0,0.0,0.0
64.00076794624329,1.675,0.227,1.143,0.627,0.25,0.0,0.0,0.0
64.01056265830994,1.74,0.237,0.821,0.834,0.242,0.0,0.0,0.0
64.02088594436646,1.455,0.147,1.145,0.918,0.225,0.0,0.0,0.0
64.03072762489319,1.653,0.289,0.952,0.943,0.252,0.0,0.0,0.0
64.03971529006958,1.861,0.179,0.912,0.862,0.233,0.0,0.0,0.0
64.05011177062988,1.444,0.202,1.24,0.703,0.246,0.0,0.0,0.0
64.05981469154358,1.959,0.193,0.911,0.746,0.207,0.0,0.0,0.0
64.0700752735138,1.477,0.206,0.96,0.749,0.228,0.0,0.0,0.0
64.08034014701843,1.444,0.233,0.906,0.773,0.223,0.0,0.0,0.0
64.09040307998657,1.642,0.168,0.96,0.847,0.22,0.0,0.0,0.0
64.1000566482544,1.85,0.243,0.881,0.834,0.21,0.0,0.0,0.0
64.1100172996521,1.729,0.214,1.038,0.917,0.24,0.0,0.0,0.0
64.12027621269226,1.707,0.198,0.852,0.681,0.217,0.0,0.0,0.0
64.12981057167053,1.434,0.229,0.914,0.864,0.202,0.0,0.0,0.0
64.1397614479065,1.861,0.25,0.99,0.837,0.228,0.002,0.0,0.0
64.1499252319336,1.653,0.246,1.136,0.848,0.228,0.0,0.0,0.0
64.16014170646667,1.696,0.24,1.06,0.775,0.218,0.0,0.0,0.0
64.16987180709839,1.488,0.238,0.835,0.783,0.206,0.0,0.0,0.0
64.18002843856812,1.839,0.223,1.018,0.603,0.222,0.0,0.0,0.0
64.19031810760498,1.653,0.183,0.985,0.667,0.207,0.0,0.0,0.0
64.20018076896667,1.664,0.233,0.733,0.898,0.181,0.0,0.0,0.0
64.20994305610657,1.488,0.229,1.003,0.839,0.192,0.0,0.0,0.0
64.21992444992065,1.696,0.242,0.886,0.899,0.185,0.0,0.0,0.0
64.2300477027893,1.861,0.241,0.869,0.921,0.2,0.0,0.0,0.0
64.23986434936523,1.653,0.248,0.867,0.696,0.206,0.0,0.0,0.0
64.24979567527771,1.861,0.262,1.185,0.485,0.205,0.0,0.0,0.0
64.26007628440857,1.455,0.239,1.152,0.575,0.22,0.0,0.0,0.0
64.269944190979,1.948,0.23,0.955,0.82,0.198,0.0,0.0,0.0
64.28024077415466,1.455,0.267,0.953,0.929,0.208,0.0,0.0,0.0
64.29004192352295,1.653,0.215,0.868,0.947,0.198,0.0,0.0,0.0
64.3010847568512,1.861,0.235,0.841,0.598,0.18,0.0,0.0,0.0
64.30980896949768,1.74,0.283,0.899,1.003,0.215,0.0,0.0,0.0
64.31971287727356,1.751,0.217,0.896,0.776,0.202,0.0,0.0,0.0
64.33004927635193,1.696,0.241,0.947,0.552,0.229,0.0,0.0,0.0
64.33982586860657,1.675,0.227,0.964,0.777,0.219,0.0,0.0,0.0
64.34984731674194,1.872,0.249,1.188,0.442,0.224,0.0,0.0,0.0
64.3598849773407,1.258,0.299,0.928,0.511,0.217,0.0,0.0,0.0
64.37095594406128,1.938,0.261,1.184,0.787,0.239,0.0,0.0,0.0
64.37975764274597,1.675,0.274,0.997,0.915,0.189,0.0,0.0,0.0
64.39000391960144,1.664,0.273,1.287,0.813,0.225,0.0,0.0,0.0
64.40075016021729,1.664,0.251,1.068,0.582,0.216,0.0,0.0,0.0
64.41078495979309,1.707,0.247,0.993,0.879,0.186,0.0,0.0,0.0
64.4206268787384,1.707,0.246,1.005,0.789,0.184,0.0,0.0,0.0
64.43075227737427,1.664,0.223,1.002,0.942,0.169,0.0,0.0,0.0
64.44012093544006,1.675,0.25,1.032,0.879,0.151,0.001,0.0,0.0
64.44977641105652,1.872,0.226,0.846,0.964,0.174,0.0,0.0,0.0
64.46031665802002,1.653,0.23,1.017,0.437,0.176,0.0,0.0,0.0
64.47034502029419,1.554,0.123,1.008,0.901,0.164,0.0,0.0,0.0
64.48132872581482,1.686,0.211,0.999,0.743,0.148,0.0,0.0,0.0
64.49004006385803,1.696,0.243,1.041,0.372,0.169,0.0,0.0,0.0
64.5007073879242,1.664,0.242,1.211,0.897,0.158,0.0,0.0,0.0
64.50989270210266,1.653,0.21,0.844,0.86,0.145,0.0,0.0,0.0
64.51981520652771,1.664,0.223,1.132,0.505,0.158,0.0,0.0,0.0
64.5298399925232,1.718,0.233,1.16,0.633,0.201,0.0,0.0,0.0
64.53992509841919,1.751,0.224,1.016,0.688,0.183,0.0,0.0,0.0
64.54978132247925,1.959,0.157,0.968,0.525,0.184,0.0,0.0,0.0
64.56035304069519,1.686,0.199,1.117,0.511,0.182,0.0,0.0,0.0
64.57105231285095,1.718,0.185,0.829,0.994,0.15,0.0,0.0,0.0
64.57995104789734,1.894,0.21,0.997,0.482,0.203,0.0,0.0,0.0
64.58990120887756,1.894,0.217,0.847,0.633,0.193,0.0,0.0,0.0
64.5998694896698,1.696,0.225,0.977,0.802,0.152,0.0,0.0,0.0
64.61039328575134,1.784,0.233,1.183,0.653,0.167,0.0,0.0,0.0
64.61977791786194,1.543,0.196,0.903,0.74,0.135,0.0,0.0,0.0
64.62999749183655,1.905,0.237,1.206,0.758,0.157,0.0,0.0,0.0
64.6410973072052,1.499,0.208,1.054,0.609,0.143,0.0,0.0,0.0
64.65051579475403,1.905,0.296,1.004,0.466,0.138,0.0,0.0,0.0
64.65973830223083,1.905,0.227,0.893,0.92,0.134,0.0,0.0,0.0
64.67076826095581,1.521,0.276,1.123,0.623,0.16,0.0,0.0,0.0
64.6806263923645,1.97,0.224,1.168,0.775,0.191,0.0,0.0,0.0
64.68997979164124,1.806,0.176,0.913,0.792,0.12,0.0,0.0,0.0
64.69981741905212,1.576,0.248,0.906,0.444,0.147,0.001,0.0,0.0
64.71003007888794,2.135,0.156,1.024,0.624,0.17,0.0,0.0,0.0
64.7198052406311,1.521,0.19,0.958,0.609,0.156,0.0,0.0,0.0
64.73005390167236,1.74,0.177,1.203,0.569,0.144,0.0,0.0,0.0
64.74077939987183,1.587,0.221,1.092,0.737,0.139,0.0,0.0,0.0
64.75042176246643,1.773,0.209,1.205,0.827,0.13,0.0,0.0,0.0
64.760005235672,1.916,0.152,0.977,0.84,0.13,0.0,0.0,0.0
64.77017259597778,1.751,0.227,1.066,0.844,0.159,0.0,0.0,0.0
64.78018188476562,1.959,0.238,1.09,0.968,0.141,0.0,0.0,0.0
64.79053688049316,1.751,0.214,0.908,0.824,0.178,0.0,0.0,0.0
64.80003499984741,1.62,0.181,1.082,0.769,0.163,0.0,0.0,0.0
64.81029391288757,1.839,0.259,1.194,0.795,0.148,0.0,0.0,0.0
64.8203854560852,1.959,0.2,1.206,1.027,0.137,0.0,0.0,0.0
64.83048462867737,1.762,0.179,0.944,1.029,0.166,0.0,0.0,0.0
64.84055709838867,1.773,0.144,1.088,0.884,0.132,0.0,0.0,0.0
64.85006713867188,1.883,0.159,1.075,0.955,0.146,0.0,0.0,0.0
64.86004519462585,1.773,0.202,1.032,0.684,0.133,0.0,0.0,0.0
64.8700749874115,1.762,0.181,1.085,0.855,0.174,0.0,0.0,0.0
64.88017058372498,1.554,0.189,0.888,0.582,0.17,0.0,0.0,0.0
64.89011406898499,1.762,0.22,0.847,0.725,0.161,0.0,0.0,0.0
64.89982199668884,1.817,0.231,1.022,0.781,0.138,0.0,0.0,0.0
64.91034841537476,1.762,0.197,1.182,0.622,0.184,0.0,0.0,0.0
64.92013478279114,1.74,0.195,1.022,0.869,0.14,0.0,0.0,0.0
64.93025279045105,1.828,0.215,1.116,0.99,0.159,0.0,0.002,0.002
64.94014811515808,1.554,0.235,1.099,0.857,0.144,0.0,0.0,0.0
64.95002913475037,1.959,0.19,1.229,0.926,0.167,0.0,0.0,0.0
64.95978665351868,1.543,0.214,1.05,0.723,0.153,0.0,0.0,0.0
64.97005724906921,1.762,0.182,0.968,0.525,0.168,0.0,0.0,0.0
64.9808657169342,1.74,0.169,0.972,0.679,0.14,0.0,0.0,0.0
64.99068665504456,1.773,0.185,1.048,0.804,0.142,0.0,0.001,0.001
64.99979209899902,1.532,0.224,1.032,0.774,0.124,0.0,0.0,0.0
65.01038908958435,1.74,0.213,1.178,0.742,0.179,0.0,0.0,0.0
65.01982402801514,2.003,0.175,0.997,0.898,0.124,0.0,0.0,0.0
65.02990365028381,1.762,0.203,0.943,0.817,0.122,0.0,0.0,0.0
65.03986692428589,1.521,0.221,0.904,1.013,0.147,0.0,0.0,0.0
65.05104994773865,1.532,0.203,0.939,0.843,0.153,0.0,0.0,0.0
65.05987596511841,1.795,0.241,1.02,0.982,0.146,0.0,0.0,0.0
65.06990504264832,1.795,0.228,1.064,0.751,0.13,0.0,0.0,0.0
65.08054733276367,1.532,0.245,0.947,0.699,0.128,0.0,0.0,0.0
65.08996105194092,1.948,0.231,1.001,0.839,0.095,0.0,0.001,0.001
65.1007719039917,1.499,0.216,0.954,0.599,0.125,0.0,0.0,0.0
65.11068320274353,1.927,0.23,0.874,0.902,0.072,0.0,0.0,0.0
65.120769739151,1.806,0.207,0.961,0.914,0.085,0.0,0.0,0.0
65.1306381225586,1.773,0.229,1.015,1.07,0.079,0.0,0.0,0.0
65.13977098464966,1.729,0.156,0.791,0.868,0.076,0.0,0.0,0.0
65.15023493766785,1.948,0.221,0.975,0.617,0.129,0.0,0.0,0.0
65.15980076789856,1.51,0.216,1.036,0.953,0.096,0.0,0.0,0.0
65.16999387741089,1.729,0.221,1.045,0.853,0.106,0.0,0.0,0.0
65.1810188293457,1.51,0.205,0.919,0.771,0.113,0.0,0.0,0.0
65.18984389305115,2.025,0.227,1.017,0.411,0.09,0.0,0.0,0.0
65.1999158859253,1.817,0.188,1.043,0.862,0.131,0.0,0.0,0.0
65.21010375022888,1.806,0.211,1.05,0.744,0.109,0.0,0.0,0.0
65.22010397911072,1.938,0.224,1.076,0.732,0.084,0.001,-0.001,0.001
65.22997498512268,1.543,0.211,1.118,0.73,0.07,0.0,0.0,0.0
65.23972678184509,1.959,0.193,1.089,0.461,0.079,0.0,0.0,0.0
65.25086736679077,1.521,0.224,1.31,0.679,0.118,0.0,0.0,0.0
65.25976252555847,1.751,0.219,1.039,0.906,0.08,0.0,0.0,0.0
65.26974964141846,1.74,0.233,1.301,0.585,0.149,0.0,0.0,0.0
65.28019332885742,1.948,0.194,1.179,0.519,0.125,0.0,0.0,0.0
65.29026961326599,2.036,0.217,1.052,0.833,0.077,0.0,0.0,0.0
65.2999222278595,1.565,0.228,1.11,0.778,0.118,0.0,0.0,0.0
65.30982065200806,1.751,0.209,1.111,0.489,0.142,0.0,0.0,0.0
65.32011795043945,1.948,0.215,1.233,0.598,0.124,0.0,0.0,0.0
65.32984280586243,1.554,0.224,1.043,0.711,0.101,0.0,0.0,0.0
65.33969712257385,1.762,0.201,1.36,0.547,0.096,0.0,0.0,0.0
65.35072445869446,1.631,0.221,1.18,0.809,0.067,0.0,0.0,0.0
65.3600914478302,1.938,0.24,1.144,0.926,0.055,0.0,0.0,0.0
65.3698468208313,1.762,0.22,1.111,0.682,0.059,0.0,0.0,0.0
65.38110375404358,1.74,0.233,1.009,0.566,0.134,0.0,0.001,0.001
65.39083957672119,1.762,0.252,1.13,0.627,0.186,0.0,0.0,0.0
65.39973497390747,1.554,0.188,1.01,0.778,0.15,0.0,0.0,0.0
65.40975284576416,2.047,0.219,1.018,0.609,0.146,0.0,0.0,0.0
65.42066025733948,1.806,0.222,1.176,0.505,0.192,0.0,0.0,0.0
65.42986917495728,1.751,0.196,1.05,0.877,0.108,0.0,0.0,0.0
65.4397349357605,1.74,0.186,1.078,0.703,0.162,0.0,0.0,0.0
65.4505078792572,1.335,0.208,1.24,0.511,0.109,0.0,0.0,0.0
65.46050238609314,2.047,0.19,0.909,0.827,0.064,0.0,0.0,0.0
65.46986103057861,2.058,0.18,0.95,0.743,0.054,0.0,0.0,0.0
65.48033785820007,1.62,0.188,1.051,0.791,0.045,0.0,0.0,0.0
65.4902753829956,1.948,0.183,0.958,0.841,0.035,0.0,0.0,0.0
65.49982452392578,1.751,0.197,0.999,0.797,0.06,0.0,0.0,0.0
65.50979614257812,1.773,0.212,1.058,0.494,0.072,0.0,0.0,0.0
65.51984071731567,1.762,0.216,1.342,0.498,0.051,0.0,0.0,0.0
65.52987337112427,1.773,0.196,1.187,0.862,0.085,0.0,0.0,0.0
65.53980660438538,1.631,0.213,1.045,0.7,0.075,0.0,0.0,0.0
65.55091524124146,1.806,0.223,1.177,0.78,0.113,0.006,0.0,0.0
65.56109762191772,1.751,0.229,1.11,0.888,0.007,0.0,0.0,0.0
65.56985998153687,1.948,0.216,1.077,0.614,0.056,0.0,0.0,0.0
65.57986092567444,1.762,0.174,1.156,0.866,0.043,0.0,0.0,0.0
65.59040570259094,1.554,0.177,1.023,0.738,0.074,0.001,0.0,0.0
65.60076022148132,2.014,0.181,0.983,0.812,-0.016,0.0,0.0,0.0
65.61066150665283,1.784,0.206,1.091,0.843,0.01,0.0,0.0,0.0
65.62081956863403,1.554,0.172,0.904,0.751,-0.008,0.0,0.0,0.0
65.6307213306427,1.74,0.223,1.036,0.696,0.01,0.0,0.0,0.0
65.64071822166443,1.948,0.178,1.236,0.741,0.005,0.0,0.0,0.0
65.64988541603088,1.554,0.191,0.981,0.874,0.04,0.0,0.0,0.0
65.66035270690918,1.762,0.19,1.2,0.71,0.047,0.0,0.0,0.0
65.66973900794983,1.828,0.185,0.97,0.866,0.033,0.0,0.0,0.0
65.67985963821411,1.839,0.212,1.269,0.629,0.084,0.0,0.0,0.0
65.68986439704895,1.828,0.198,1.1,0.508,0.081,0.0,0.0,0.0
65.70057368278503,1.948,0.189,1.183,0.54,0.043,0.0,0.0,0.0
65.7098503112793,1.565,0.198,1.109,0.872,0.039,0.0,0.0,0.0
65.72037291526794,1.751,0.206,1.179,0.861,0.067,0.0,0.0,0.0
65.73032832145691,1.762,0.226,1.18,0.941,0.008,0.0,0.0,0.0
65.740234375,1.543,0.213,1.031,1.013,0.041,0.0,0.0,0.0
65.75003862380981,1.981,0.202,1.116,0.927,0.015,0.0,0.0,0.0
65.76087737083435,1.828,0.173,1.092,0.993,-0.002,0.0,0.0,0.0
65.77005434036255,1.784,0.226,1.167,0.925,0.038,0.0,0.0,0.0
65.77997660636902,1.784,0.174,1.026,0.689,0.024,0.0,0.0,0.0
65.79024815559387,1.543,0.213,1.102,0.841,0.055,0.0,0.0,0.0
65.80069327354431,1.959,0.216,1.244,0.813,-0.002,0.008,0.0,0.0
65.80992865562439,1.773,0.204,1.052,0.804,-0.016,0.0,0.0,0.0
65.81981492042542,1.981,0.207,1.066,0.509,-0.018,0.0,0.0,0.0
65.83076119422913,1.565,0.228,1.23,0.387,0.037,0.0,0.0,0.0
65.8397467136383,1.981,0.217,1.133,0.83,0.0,0.0,0.0,0.0
65.84974002838135,1.543,0.216,1.126,0.521,0.044,0.0,0.0,0.0
65.8600115776062,1.806,0.225,1.261,0.627,0.019,0.0,0.0,0.0
65.87122225761414,1.861,0.21,1.099,0.842,-0.001,0.0,0.0,0.0
65.88022923469543,1.751,0.246,1.175,0.517,0.031,0.0,0.0,0.0
65.88998317718506,1.762,0.211,1.024,0.807,-0.002,0.0,0.0,0.0
65.90076208114624,1.74,0.227,1.138,0.843,0.054,0.0,0.0,0.0
65.90989518165588,1.74,0.213,1.137,0.92,-0.018,0.0,0.0,0.0
65.92067193984985,1.773,0.241,1.16,0.451,0.024,0.0,0.0,0.0
65.93003916740417,1.751,0.249,1.187,0.908,-0.04,0.0,0.0,0.0
65.93987655639648,1.751,0.214,1.16,0.627,-0.009,0.0,0.0,0.0
65.94978475570679,1.751,0.226,1.152,0.606,-0.022,0.0,0.0,0.0
65.96004676818848,1.751,0.217,1.294,0.653,-0.005,0.0,0.0,0.0
65.97023391723633,1.839,0.213,1.256,0.779,-0.023,0.0,0.0,0.0
65.98004007339478,1.609,0.179,1.166,0.873,-0.055,0.0,0.0,0.0
65.98997449874878,1.762,0.204,1.143,0.713,-0.008,0.0,0.0,0.0
65.99986982345581,1.992,0.205,1.088,0.813,0.019,0.0,0.0,0.0
66.01055407524109,1.543,0.211,1.338,0.646,0.009,0.0,0.0,0.0
66.02014565467834,1.751,0.166,1.14,0.804,-0.06,0.0,0.0,0.0
66.03068137168884,1.74,0.198,1.031,0.82,-0.04,0.0,0.0,0.0
66.03973293304443,1.97,0.189,0.932,0.77,-0.088,0.0,0.0,0.0
66.05008959770203,1.751,0.192,1.186,0.734,-0.009,0.0,0.0,0.0
66.06028652191162,1.532,0.186,1.092,0.847,-0.069,0.0,0.0,0.0
66.06990003585815,1.762,0.208,1.022,0.984,-0.076,0.0,0.0,0.0
66.08006477355957,1.74,0.19,0.993,0.772,-0.06,0.0,0.0,0.0
66.08998703956604,1.828,0.158,1.068,0.878,-0.04,0.0,0.0,0.0
66.09979033470154,1.598,0.203,1.076,0.774,-0.02,0.0,0.0,0.0
66.1105387210846,1.806,0.216,1.127,0.809,-0.025,0.0,0.0,0.0
66.11978006362915,1.751,0.168,1.135,0.991,-0.087,0.0,0.0,0.0
66.12995862960815,2.036,0.222,1.282,0.605,-0.039,0.0,0.0,0.0
66.13974595069885,1.74,0.191,1.105,0.854,-0.034,0.0,0.0,0.0
66.15105986595154,1.521,0.22,1.207,0.501,-0.025,0.0,0.0,0.0
66.16065716743469,1.718,0.244,1.12,0.536,-0.028,0.0,0.0,0.0
66.16982841491699,1.718,0.225,1.016,0.882,-0.1,0.0,0.0,0.0
66.18037533760071,1.521,0.236,1.178,0.731,-0.074,0.001,0.0,0.0
66.19028735160828,1.938,0.192,1.242,0.764,-0.116,0.0,0.0,0.0
66.19982314109802,1.729,0.216,1.189,0.789,-0.113,0.0,0.0,0.0
66.2098217010498,1.521,0.241,1.272,0.533,-0.084,0.0,0.0,0.0
66.2199022769928,1.729,0.243,1.254,0.683,-0.077,0.0,0.0,0.0
66.22991943359375,1.718,0.278,1.284,0.708,-0.072,0.0,0.0,0.0
66.23975586891174,1.718,0.236,1.165,0.784,-0.06,0.0,0.0,0.0
66.2503273487091,1.718,0.225,1.125,0.485,-0.092,0.0,0.0,0.0
66.26107168197632,1.97,0.256,1.055,0.906,-0.14,0.0,0.0,0.0
66.26983046531677,1.795,0.228,1.079,0.789,-0.087,0.001,0.0,0.0
66.27987813949585,1.576,0.235,1.03,0.651,-0.146,0.0,0.0,0.0
66.29085612297058,1.784,0.228,1.29,0.651,-0.1,0.0,0.0,0.0
66.30067849159241,1.707,0.245,1.27,0.919,-0.096,0.0,0.0,0.0
66.30980587005615,1.729,0.213,1.09,0.845,-0.131,0.0,0.0,0.0
66.319828748703,1.499,0.211,1.228,0.616,-0.092,0.0,0.0,0.0
66.33023929595947,1.894,0.199,1.232,0.779,-0.022,0.0,0.0,0.0
66.33993101119995,1.696,0.179,1.385,0.807,-0.141,0.0,0.0,0.0
66.35030770301819,1.488,0.178,0.98,0.693,-0.096,0.0,0.0,0.0
66.3603835105896,1.675,0.192,1.062,0.889,-0.136,0.0,0.0,0.0
66.36983919143677,2.157,0.178,1.069,0.846,-0.162,0.0,0.0,0.0
66.3800036907196,1.718,0.196,1.28,0.613,-0.05,0.0,0.0,0.0
66.39042592048645,1.521,0.177,1.232,0.97,-0.152,0.0,0.0,0.0
66.39994740486145,1.696,0.167,1.179,0.778,-0.118,0.0,0.0,0.0
66.40991401672363,1.686,0.148,1.106,0.588,-0.097,0.0,0.0,0.0
66.41968846321106,1.707,0.176,1.163,0.783,-0.075,0.0,0.0,0.0
66.43084192276001,1.696,0.163,1.256,0.681,-0.091,0.0,0.0,0.0
66.4397201538086,1.718,0.156,1.223,0.795,-0.154,0.0,0.0,0.0
66.44993448257446,1.696,0.156,1.377,0.566,-0.082,0.0,0.0,0.0
66.46106553077698,1.707,0.173,1.154,0.728,-0.092,0.0,0.0,0.0
66.47003531455994,1.707,0.182,1.195,0.799,-0.124,0.0,0.0,0.0
66.48014974594116,1.718,0.159,1.146,0.841,-0.164,0.0,0.0,0.0
66.48992133140564,2.003,0.178,1.122,0.736,-0.194,0.0,0.0,0.0
66.50071430206299,1.773,0.162,1.363,0.631,-0.162,0.0,0.0,0.0
66.510089635849,1.751,0.171,1.093,0.827,-0.174,0.0,0.0,0.0
66.51983642578125,1.773,0.163,1.152,0.685,-0.195,0.0,0.0,0.0
66.53029942512512,1.554,0.172,1.062,0.506,-0.141,0.0,0.0,0.0
66.54001450538635,1.938,0.171,1.107,0.925,-0.138,0.0,0.0,0.0
66.54978322982788,1.554,0.198,1.222,0.648,-0.121,0.0,0.0,0.0
66.56050872802734,1.718,0.194,1.273,0.645,-0.089,0.0,0.0,0.0
66.57061386108398,1.707,0.181,1.061,0.845,-0.174,0.0,0.0,0.0
66.5799572467804,1.762,0.168,1.038,1.042,-0.201,0.0,0.0,0.0
66.5898003578186,1.74,0.198,1.1,0.932,-0.106,0.0,0.0,0.0
66.59995198249817,1.905,0.179,1.304,0.603,-0.127,0.0,0.0,0.0
66.61009883880615,1.718,0.173,1.167,0.952,-0.129,0.0,0.0,0.0
66.61976766586304,1.499,0.171,1.08,0.926,-0.132,0.0,0.0,0.0
66.63007950782776,1.696,0.191,1.283,0.599,-0.083,0.0,0.0,0.0
66.6399838924408,1.707,0.172,1.163,0.991,-0.172,0.0,0.0,0.0
66.64973306655884,1.905,0.179,1.213,0.797,-0.1,0.0,0.0,0.0
66.65978217124939,1.499,0.195,1.33,0.621,-0.085,0.001,0.0,0.0
66.67096304893494,1.696,0.173,1.126,0.559,-0.081,0.0,0.0,0.0
66.67988348007202,1.905,0.166,1.139,0.752,-0.151,0.0,0.0,0.0
66.69007110595703,1.499,0.165,1.042,0.729,-0.146,0.0,0.0,0.0
66.70052814483643,1.718,0.17,1.074,0.885,-0.163,0.0,0.0,0.0
66.71092128753662,1.981,0.163,1.115,0.917,-0.181,0.0,0.0,0.0
66.71972799301147,1.565,0.167,1.087,0.867,-0.146,0.0,0.0,0.0
66.7299497127533,1.916,0.174,1.201,0.581,-0.095,0.001,0.0,0.0
66.73999691009521,1.707,0.177,1.198,0.882,-0.094,0.0,0.0,0.0
66.7498254776001,1.916,0.159,1.188,0.959,-0.138,0.0,0.0,0.0
66.75992155075073,1.521,0.169,1.232,0.654,-0.08,0.0,0.0,0.0
66.77057337760925,1.916,0.18,1.191,0.814,-0.126,0.0,0.0,0.0
66.78070855140686,1.499,0.179,1.148,1.077,-0.15,0.001,0.0,0.0
66.78984665870667,1.696,0.182,1.143,0.853,-0.182,0.0,0.0,0.0
66.80078935623169,1.97,0.179,1.129,0.673,-0.13,0.0,0.0,0.0
66.81089544296265,1.554,0.189,1.137,0.882,-0.111,0.0,0.0,0.0
66.82068467140198,1.762,0.182,1.183,0.935,-0.058,0.0,0.0,0.0
66.83073544502258,1.773,0.223,1.118,0.865,-0.165,0.0,0.0,0.0
66.8407244682312,1.707,0.206,1.142,0.939,-0.175,0.001,0.0,0.0
66.84978723526001,1.718,0.189,1.183,0.855,-0.169,0.0,0.0,0.0
66.85975551605225,1.916,0.185,1.221,0.606,-0.079,0.0,0.0,0.0
66.87115859985352,1.707,0.202,1.138,0.625,-0.096,0.0,0.0,0.0
66.88033866882324,1.707,0.202,1.269,0.523,-0.084,0.0,0.0,0.0
66.8898503780365,1.51,0.206,1.174,1.068,-0.192,0.0,0.0,0.0
66.90066051483154,1.762,0.202,1.151,0.477,-0.08,0.0,0.0,0.0
66.90991592407227,1.959,0.201,1.209,1.019,-0.184,0.0,0.0,0.0
66.91976952552795,1.576,0.202,1.28,0.829,-0.079,0.0,0.0,0.0
66.9298141002655,1.762,0.18,1.286,0.546,-0.139,0.0,0.0,0.0
66.94034457206726,1.718,0.17,1.236,0.623,-0.112,0.0,0.0,0.0
66.94982314109802,1.718,0.188,1.145,0.818,-0.144,0.0,0.0,0.0
66.96004891395569,1.488,0.203,1.284,0.725,-0.116,0.0,0.0,0.0
66.97060680389404,1.916,0.179,1.163,0.848,-0.134,0.0,0.0,0.0
66.98077178001404,1.696,0.166,1.207,0.965,-0.208,0.0,0.0,0.0
66.99061369895935,1.981,0.246,1.191,0.917,-0.181,0.0,0.0,0.0
67.00050139427185,1.521,0.167,1.166,0.916,-0.189,0.0,0.0,0.0
67.01058220863342,1.927,0.166,1.17,0.836,-0.2,0.0,0.0,0.0
67.01985311508179,1.718,0.151,1.214,0.951,-0.261,0.0,0.0,0.0
67.02988338470459,1.74,0.199,1.189,0.794,-0.033,0.0,0.0,0.0
67.04014992713928,1.992,0.172,1.201,0.909,-0.121,0.0,0.0,0.0
67.04988551139832,1.532,0.216,1.143,0.921,-0.113,0.0,0.0,0.0
67.06005334854126,1.729,0.158,1.277,0.565,-0.07,0.0,0.0,0.0
67.07047724723816,1.938,0.227,1.199,0.823,-0.163,0.0,0.0,0.0
67.08076906204224,1.521,0.168,1.191,0.844,-0.197,0.0,0.0,0.0
67.09058022499084,1.729,0.18,1.201,0.846,-0.166,0.0,0.0,0.0
67.10060739517212,2.025,0.182,1.166,1.0,-0.208,0.0,0.0,0.0
67.11060905456543,1.751,0.169,1.113,0.932,-0.184,0.0,0.0,0.0
67.11976885795593,1.74,0.161,1.181,0.952,-0.172,0.0,0.0,0.0
67.12989234924316,1.981,0.19,1.169,0.622,-0.108,0.0,0.0,0.0
67.1403603553772,1.773,0.167,1.195,0.669,-0.128,0.0,0.0,0.0
67.1501693725586,1.762,0.193,1.198,0.908,-0.18,0.0,0.0,0.0
67.1599588394165,1.751,0.141,1.208,0.902,-0.189,0.0,0.0,0.0
67.17001605033875,2.036,0.146,1.071,0.698,-0.176,0.0,0.0,0.0
67.18002200126648,2.003,0.167,1.158,0.738,-0.142,0.0,0.0,0.0
67.1903338432312,1.587,0.18,1.198,0.739,-0.168,0.0,0.0,0.0
67.1998085975647,1.981,0.18,1.202,0.986,-0.258,0.0,0.0,0.0
67.21000170707703,2.058,0.185,1.269,0.935,-0.089,0.0,0.0,0.0
67.22073984146118,1.817,0.196,1.283,0.618,-0.114,0.0,0.0,0.0
67.2299132347107,1.587,0.18,1.223,0.799,-0.212,0.0,0.0,0.0
67.24070835113525,1.773,0.178,1.215,0.875,-0.134,0.0,0.0,0.0
67.2501745223999,2.003,0.183,1.194,0.825,-0.257,0.0,0.0,0.0
67.25979828834534,1.861,0.176,1.195,0.798,-0.196,0.0,0.0,0.0
67.27018666267395,1.598,0.173,1.268,0.705,-0.151,0.0,0.0,0.0
67.28074312210083,1.992,0.174,1.197,0.956,-0.185,0.0,0.0,0.0
67.29019498825073,1.806,0.129,1.169,0.896,-0.181,0.0,0.0,0.0
67.30022239685059,1.828,0.119,1.043,0.844,-0.223,0.005,0.0,0.0
67.31016159057617,1.861,0.163,1.112,0.92,-0.182,0.0,0.0,0.0
67.32026386260986,1.817,0.156,1.221,0.941,-0.147,0.0,0.0,0.0
67.33021879196167,1.609,0.141,1.194,0.824,-0.191,0.0,0.0,0.0
67.3399031162262,1.806,0.143,1.164,0.996,-0.184,0.0,0.0,0.0
67.35079288482666,2.025,0.123,1.148,0.532,-0.114,0.0,0.0,0.0
67.35981631278992,1.861,0.138,1.171,0.961,-0.204,0.0,0.0,0.0
67.36981916427612,1.598,0.115,1.311,0.668,-0.13,0.0,0.0,0.0
67.37986874580383,1.806,0.116,1.232,0.615,-0.142,0.001,0.0,0.0
67.39030194282532,1.598,0.101,1.238,0.852,-0.124,0.0,0.0,0.0
67.39979267120361,1.784,0.1,1.21,1.016,-0.186,0.0,0.0,0.0
67.41019701957703,1.795,0.089,1.282,0.592,-0.206,0.0,0.0,0.0
67.4202983379364,1.576,0.084,1.19,0.963,-0.222,0.0,0.0,0.0
67.42977118492126,1.861,0.077,1.182,0.961,-0.224,0.0,0.0,0.0
67.44014143943787,1.773,0.048,1.246,0.646,-0.178,0.0,0.0,0.0
67.45002841949463,1.784,0.042,1.137,0.899,-0.212,0.0,0.0,0.0
67.45979237556458,1.795,0.031,1.269,0.82,-0.155,0.0,0.0,0.0
67.47004389762878,1.839,0.02,1.264,0.74,-0.163,0.0,0.0,0.0
67.48095917701721,1.576,0.045,1.087,0.718,-0.237,0.0,0.0,0.0
67.49062418937683,1.762,0.05,1.187,0.476,-0.203,0.0,0.0,0.0
67.50066351890564,1.773,-0.017,1.163,0.972,-0.233,0.0,0.0,0.0
67.50998878479004,1.773,0.009,1.115,1.027,-0.278,0.0,0.0,0.0
67.51990270614624,1.828,-0.012,1.19,0.622,-0.208,0.0,0.0,0.0
67.52995276451111,1.576,-0.01,1.137,0.521,-0.165,0.0,0.0,0.0
67.53984355926514,1.751,-0.021,1.181,0.709,-0.149,0.0,0.0,0.0
67.55022525787354,1.335,-0.029,1.165,0.421,-0.161,0.0,0.0,0.0
67.55988121032715,1.729,-0.033,1.059,0.904,-0.327,0.0,0.0,0.0
67.56975507736206,2.014,-0.047,1.167,0.672,-0.189,0.0,0.0,0.0
67.58018732070923,1.532,-0.06,1.171,0.637,-0.169,0.0,0.0,0.0
67.5908088684082,1.74,-0.07,1.092,0.75,-0.228,0.0,0.0,0.0
67.59988021850586,1.959,-0.056,1.1,0.982,-0.195,0.0,0.0,0.0
67.61033797264099,1.532,-0.052,1.193,0.963,-0.218,0.0,0.0,0.0
67.62016177177429,1.729,-0.075,1.144,0.847,-0.249,0.0,0.0,0.0
67.62983536720276,1.718,-0.073,1.12,0.967,-0.249,0.0,0.0,0.0
67.63976979255676,1.751,-0.075,1.242,0.625,-0.167,0.0,0.0,0.0
67.6501133441925,1.729,-0.079,1.25,0.607,-0.157,0.0,0.0,0.0
67.66009092330933,1.521,-0.076,1.242,0.915,-0.243,0.0,0.0,0.0
67.66995429992676,1.696,-0.074,1.237,0.874,-0.295,0.0,0.0,0.0
67.68057775497437,2.003,-0.077,1.302,0.558,-0.256,0.0,0.0,0.0
67.69064593315125,1.532,-0.064,1.258,0.928,-0.359,0.0,0.0,0.0
67.70071864128113,1.499,-0.069,1.225,0.805,-0.296,0.0,0.0,0.0
67.71071481704712,1.938,-0.094,1.287,0.951,-0.3,0.0,0.0,0.0
67.72092938423157,1.707,-0.106,1.274,0.865,-0.273,0.0,0.0,0.0
67.73074698448181,1.488,-0.075,1.252,0.556,-0.293,0.0,0.0,0.0
67.7397849559784,1.959,-0.078,1.24,0.793,-0.368,0.0,0.0,0.0
67.75066685676575,1.718,-0.082,1.296,0.828,-0.198,0.0,0.0,0.0
67.75981116294861,1.916,-0.055,1.204,0.847,-0.326,0.0,0.0,0.0
67.76986050605774,1.74,-0.073,1.282,0.509,-0.223,0.0,0.0,0.0
67.7799174785614,1.696,-0.086,1.262,0.753,-0.261,0.0,0.0,0.0
67.79006838798523,1.938,-0.086,1.265,0.624,-0.245,0.0,0.0,0.0
67.80059719085693,1.51,-0.089,1.258,0.809,-0.339,0.0,0.0,0.0
67.81007122993469,1.762,-0.097,1.207,0.87,-0.324,0.0,0.0,0.0
67.81973814964294,1.718,-0.094,1.234,0.658,-0.261,0.0,-0.001,0.001
67.82993507385254,1.696,-0.083,1.287,0.689,-0.181,0.0,0.0,0.0
67.83984184265137,1.938,-0.09,1.27,0.65,-0.267,0.0,0.0,0.0
67.85001182556152,1.521,-0.101,1.269,0.611,-0.166,0.0,0.0,0.0
67.85972714424133,1.729,-0.096,1.243,0.6,-0.3,0.0,0.0,0.0
67.87069320678711,1.51,-0.105,1.214,0.754,-0.302,0.001,0.0,0.0
67.88010621070862,1.905,-0.115,1.28,0.632,-0.289,0.0,0.0,0.0
67.88991141319275,1.707,-0.126,1.208,0.502,-0.285,0.0,0.0,0.0
67.899827003479,1.488,-0.106,1.32,0.755,-0.222,0.0,0.0,0.0
67.91000652313232,1.959,-0.13,1.307,0.594,-0.217,0.0,0.0,0.0
67.91973209381104,1.718,-0.116,1.33,0.625,-0.191,0.0,0.0,0.0
67.92982268333435,1.773,-0.133,1.323,0.463,-0.243,0.0,0.0,0.0
67.94077920913696,1.729,-0.124,1.312,0.719,-0.233,0.0,0.0,0.0
67.95040512084961,1.762,-0.129,1.242,0.887,-0.239,0.0,0.0,0.0
67.9601697921753,1.916,-0.093,1.227,0.958,-0.335,0.0,0.0,0.0
67.97158336639404,1.938,-0.113,1.215,0.739,-0.331,0.0,0.0,0.0
67.98050856590271,1.532,-0.1,1.345,0.58,-0.147,0.0,0.0,0.0
67.98981213569641,1.938,-0.042,1.233,0.907,-0.288,0.0,0.0,0.0
67.99986004829407,1.938,-0.129,1.272,0.555,-0.145,0.0,0.0,0.0
68.01083660125732,1.751,-0.114,1.3,0.687,-0.146,0.0,0.0,0.0
68.01988887786865,2.003,-0.101,1.275,0.758,-0.261,0.0,0.0,0.0
68.02977681159973,1.554,-0.089,1.299,0.692,-0.216,0.0,0.0,0.0
68.0403413772583,2.222,-0.124,1.241,0.75,-0.197,0.0,0.0,0.0
68.05025458335876,1.565,-0.065,1.238,0.784,-0.248,0.0,0.0,0.0
68.05980730056763,1.981,-0.101,1.314,0.864,-0.276,0.0,0.0,0.0
68.0699291229248,1.576,-0.08,1.355,0.697,-0.22,0.0,0.0,0.0
68.08118319511414,1.959,-0.072,1.293,0.779,-0.233,0.0,0.0,0.0
68.09086012840271,1.839,-0.101,1.308,0.754,-0.264,0.0,0.0,0.0
68.10045528411865,1.554,-0.09,1.32,0.778,-0.26,0.0,0.0,0.0
68.1100127696991,1.773,-0.073,1.307,0.897,-0.379,0.0,0.0,0.0
68.12012577056885,1.784,-0.099,1.327,0.684,-0.198,0.0,0.0,0.0
68.12972903251648,1.762,-0.087,1.309,0.603,-0.174,0.0,0.0,0.0
68.13972020149231,1.609,-0.09,1.405,0.491,-0.19,0.0,0.0,0.0
68.14998173713684,1.762,-0.11,1.381,0.688,-0.187,0.0,0.0,0.0
68.15999031066895,1.784,-0.092,1.336,0.751,-0.283,0.0,0.0,0.0
68.17033195495605,1.554,-0.077,1.313,0.778,-0.226,0.0,0.0,0.0
68.18104124069214,1.981,-0.081,1.276,0.829,-0.245,0.0,0.0,0.0
68.19079279899597,1.565,-0.13,1.314,0.62,-0.129,0.0,0.0,0.0
68.2007110118866,1.992,-0.122,1.292,0.845,-0.31,0.0,0.0,0.0
68.20992279052734,1.784,-0.14,1.308,0.853,-0.378,0.0,0.0,0.0
68.220876455307,1.806,-0.127,1.32,0.631,-0.107,0.0,0.0,0.0
68.22984766960144,1.773,-0.137,1.252,0.796,-0.283,0.0,0.0,0.0
68.23971843719482,1.795,-0.157,1.37,0.583,-0.143,0.0,0.0,0.0
68.25125288963318,1.543,-0.133,1.315,0.68,-0.243,0.0,0.0,0.0
68.25974941253662,1.795,-0.172,1.318,0.618,-0.172,0.001,0.0,0.0
68.26980948448181,1.751,-0.161,1.285,0.647,-0.225,0.0,0.0,0.0
68.28030467033386,1.74,-0.159,1.313,0.672,-0.2,0.0,0.0,0.0
68.29012799263,1.74,-0.144,1.261,0.842,-0.328,0.0,0.0,0.0
68.30045676231384,1.74,-0.13,1.291,0.833,-0.241,0.0,0.0,0.0
68.30983114242554,1.729,-0.149,1.301,0.815,-0.302,0.0,0.0,0.0
68.32111144065857,1.751,-0.144,1.343,0.773,-0.249,0.0,0.0,0.0
68.33095741271973,1.532,-0.172,1.363,0.734,-0.221,0.0,0.0,0.0
68.33970189094543,1.751,-0.179,1.362,0.819,-0.276,0.0,0.0,0.0
68.35013389587402,1.74,-0.109,1.376,0.635,-0.183,0.0,0.0,0.0
68.35999488830566,1.74,-0.137,1.336,0.622,-0.353,0.0,0.0,0.0
68.36999821662903,1.532,-0.115,1.338,0.532,-0.256,0.0,0.0,0.0
68.37979936599731,1.729,-0.091,1.334,0.749,-0.276,0.0,0.0,0.0
68.39010405540466,1.981,-0.123,1.352,0.64,-0.172,0.0,0.0,0.0
68.40114188194275,1.521,-0.11,1.322,0.692,-0.339,0.0,0.0,0.0
68.4107186794281,1.74,-0.134,1.314,0.528,-0.217,0.0,0.0,0.0
68.42080187797546,1.499,-0.152,1.281,0.561,-0.309,0.0,0.0,0.0
68.43068933486938,1.938,-0.144,1.279,0.673,-0.393,0.0,0.0,0.0
68.4397337436676,1.948,-0.136,1.253,0.666,-0.332,0.0,0.0,0.0
68.44982504844666,1.488,-0.114,1.282,0.51,-0.231,0.0,0.0,0.0
68.46095371246338,1.927,-0.097,1.269,0.585,-0.269,0.0,0.0,0.0
68.469895362854,1.992,-0.125,1.251,0.588,-0.226,0.0,0.0,0.0
68.48077249526978,1.543,-0.095,1.243,0.715,-0.292,0.0,0.0,0.0
68.49102330207825,1.948,-0.127,1.236,0.789,-0.377,0.0,0.0,0.0
68.50068163871765,1.51,-0.122,1.252,0.757,-0.373,0.0,0.0,0.0
68.51003503799438,1.74,-0.123,1.251,0.737,-0.357,0.0,0.0,0.0
68.5198085308075,1.718,-0.102,1.26,0.756,-0.346,0.0,0.0,0.0
68.53005743026733,1.686,-0.141,1.268,0.661,-0.286,0.0,0.0,0.0
68.53979444503784,1.729,-0.103,1.277,0.696,-0.333,0.0,0.0,0.0
68.54990863800049,1.97,-0.148,1.288,0.636,-0.281,0.0,0.0,0.0
68.56071066856384,1.532,-0.14,1.294,0.757,-0.231,0.0,0.0,0.0
68.56983757019043,1.499,-0.18,1.269,0.805,-0.358,0.0,0.0,0.0
68.57989621162415,1.718,-0.135,1.281,0.653,-0.27,0.0,0.0,0.0
68.5899543762207,1.707,-0.169,1.28,0.732,-0.288,0.0,0.0,0.0
68.60066723823547,1.948,-0.156,1.295,0.619,-0.309,0.0,0.0,0.0
68.60981583595276,1.521,-0.163,1.268,0.742,-0.298,0.0,0.0,0.0
68.61976647377014,1.718,-0.161,1.274,0.713,-0.306,0.0,0.0,0.0
68.62992286682129,1.521,-0.186,1.275,0.626,-0.26,0.0,0.0,0.0
68.63982892036438,1.905,-0.183,1.238,0.629,-0.332,0.0,0.0,0.0
68.64991307258606,1.488,-0.198,1.26,0.624,-0.307,0.0,0.0,0.0
68.66060447692871,1.696,-0.19,1.239,0.698,-0.259,0.0,0.0,0.0
68.67004442214966,1.488,-0.108,1.222,0.77,-0.356,0.0,0.0,0.0
68.68079257011414,1.696,-0.119,1.214,0.736,-0.363,0.0,0.0,0.0
68.69056105613708,1.696,-0.095,1.226,0.738,-0.291,0.004,0.0,0.0
68.70063376426697,1.905,-0.107,1.221,0.723,-0.298,0.0,0.0,0.0
68.70991444587708,1.488,-0.199,1.216,0.753,-0.34,0.0,0.0,0.0
68.7197437286377,1.686,-0.124,1.242,0.66,-0.333,0.0,0.0,0.0
68.7303991317749,1.653,-0.164,1.251,0.654,-0.281,0.0,0.0,0.0
68.7403392791748,1.696,-0.141,1.269,0.668,-0.338,0.0,0.0,0.0
68.75052404403687,1.664,-0.11,1.289,0.737,-0.34,0.0,0.0,0.0
68.760427236557,1.894,-0.101,1.293,0.705,-0.327,0.0,0.0,0.0
68.76996350288391,1.718,-0.153,1.284,0.737,-0.394,0.0,0.0,0.0
68.78021836280823,1.686,-0.13,1.31,0.66,-0.227,0.0,0.0,0.0
68.78995776176453,1.861,-0.117,1.341,0.675,-0.42,0.0,0.0,0.0
68.800865650177,1.707,-0.119,1.367,0.625,-0.247,0.0,0.0,0.0
68.80979537963867,1.905,-0.149,1.35,0.691,-0.221,0.0,0.0,0.0
68.81976342201233,1.927,-0.131,1.383,0.632,-0.322,0.0,0.0,0.0
68.83048748970032,1.729,-0.152,1.389,0.578,-0.181,0.0,0.0,0.0
68.83993005752563,1.938,-0.123,1.4,0.681,-0.368,0.0,0.0,0.0
68.84992957115173,1.948,-0.176,1.377,0.666,-0.274,0.0,0.0,0.0
68.86056876182556,1.981,-0.15,1.4,0.629,-0.294,0.0,0.0,0.0
68.87015295028687,1.981,-0.144,1.413,0.662,-0.333,0.0,0.001,0.001
68.87988543510437,1.992,-0.169,1.427,0.646,-0.365,0.0,0.0,0.0
68.8899359703064,2.014,-0.164,1.423,0.628,-0.196,0.0,0.0,0.0
68.90077447891235,2.036,-0.151,1.432,0.665,-0.203,0.0,0.0,0.0
68.90982294082642,2.047,-0.108,1.445,0.667,-0.373,0.0,0.0,0.0
68.91971445083618,1.85,-0.17,1.436,0.662,-0.206,0.0,0.0,0.0
68.93032956123352,1.828,-0.168,1.44,0.648,-0.109,0.0,0.0,0.0
68.93980050086975,1.642,-0.146,1.458,0.678,-0.336,0.0,0.001,0.001
68.94987535476685,2.058,-0.163,1.467,0.645,-0.177,0.0,0.0,0.0
68.96033692359924,1.85,-0.181,1.463,0.632,-0.226,0.0,0.0,0.0
68.97082328796387,2.058,-0.098,1.494,0.621,-0.367,0.0,0.0,0.0
68.97984194755554,1.642,-0.177,1.484,0.621,-0.387,0.0,0.0,0.0
68.9902663230896,1.861,-0.183,1.49,0.605,-0.172,0.0,0.001,0.001
69.00006461143494,1.872,-0.114,1.516,0.63,-0.365,0.0,0.0,0.0
69.00992155075073,1.653,-0.175,1.531,0.602,-0.273,0.0,0.0,0.0
69.0197343826294,2.069,-0.153,1.547,0.594,-0.161,0.0,0.0,0.0
69.0303246974945,1.664,-0.165,1.534,0.591,-0.198,0.0,0.0,0.0
69.0400493144989,1.828,-0.156,1.579,0.622,-0.394,0.0,0.0,0.0
69.04981708526611,1.653,-0.117,1.57,0.615,-0.339,0.0,0.0,0.0
69.06021690368652,1.861,-0.181,1.592,0.625,-0.227,0.0,0.0,0.0
69.07017803192139,1.85,-0.16,1.596,0.622,-0.356,0.0,0.0,0.0
69.07995390892029,1.828,-0.136,1.65,0.596,-0.317,0.0,0.0,0.0
69.0898871421814,1.653,-0.13,1.647,0.599,-0.333,0.0,0.0,0.0
69.09993290901184,1.839,-0.162,1.673,0.586,-0.356,0.0,0.0,0.0
69.11017346382141,1.631,-0.128,1.686,0.597,-0.202,0.0,0.0,0.0
69.11974453926086,1.839,-0.149,1.749,0.584,-0.408,0.0,0.0,0.0
69.12989020347595,1.817,-0.164,1.769,0.586,-0.25,0.0,0.0,0.0
69.14059162139893,1.412,-0.18,1.76,0.556,-0.276,0.001,0.0,0.0
69.14983940124512,1.806,-0.174,1.794,0.553,-0.37,0.0,0.0,0.0
69.16004204750061,1.817,-0.193,1.793,0.55,-0.207,0.0,0.0,0.0
69.17087125778198,1.587,-0.189,1.844,0.514,-0.45,0.0,0.0,0.0
69.1798644065857,1.587,-0.196,1.812,0.479,-0.333,0.0,0.0,0.0
69.18988156318665,1.565,-0.19,1.841,0.494,-0.208,0.0,0.0,0.0
69.20082449913025,1.959,-0.212,1.792,0.445,-0.171,0.0,0.001,0.001
69.21083617210388,1.565,-0.177,1.825,0.409,-0.318,0.0,0.0,0.0
69.22069525718689,1.554,-0.16,1.839,0.363,-0.357,0.0,0.0,0.0
69.23067355155945,1.74,-0.239,1.792,0.322,-0.337,0.0,0.0,0.0
69.24058794975281,1.97,-0.176,1.823,0.276,-0.418,0.0,0.0,0.0
69.24981760978699,1.554,-0.171,1.774,0.24,-0.417,0.0,0.0,0.0
69.26004791259766,1.543,-0.2,1.775,0.261,-0.213,0.0,0.0,0.0
69.27035331726074,1.521,-0.228,1.786,0.223,-0.424,0.0,0.0,0.0
69.27997636795044,1.729,-0.183,1.781,0.204,-0.368,-0.001,0.0,0.0
69.28980278968811,1.499,-0.242,1.781,0.137,-0.389,0.0,0.0,0.0
69.30077052116394,1.696,-0.211,1.783,0.183,-0.267,0.0,0.0,0.0
69.31049752235413,1.696,-0.228,1.752,0.117,-0.344,0.0,0.0,0.0
69.31973719596863,1.718,-0.251,1.779,0.165,-0.449,0.0,0.0,0.0
69.32976293563843,1.477,-0.219,1.764,0.187,-0.267,-0.001,0.0,0.0
69.34006261825562,1.696,-0.231,1.787,0.166,-0.21,0.0,0.0,0.0
69.35065984725952,1.466,-0.188,1.829,0.157,-0.247,0.0,0.0,0.0
69.3597137928009,1.444,-0.182,1.824,0.134,-0.265,0.0,0.0,0.0
69.37045240402222,1.653,-0.212,1.829,0.142,-0.287,0.0,0.0,0.0
69.3804669380188,1.653,-0.181,1.85,0.091,-0.351,0.0,0.0,0.0
69.38979935646057,1.653,-0.173,1.842,0.117,-0.288,0.0,0.0,0.0
69.40004825592041,1.642,-0.178,1.808,0.192,-0.123,0.0,0.0,0.0
69.41039419174194,1.642,-0.156,1.837,0.212,-0.272,0.0,0.0,0.0
69.41978716850281,1.642,-0.187,1.883,0.157,-0.385,0.0,0.0,0.0
69.42979621887207,1.642,-0.177,1.861,0.184,-0.142,0.0,0.0,0.0
69.43992495536804,1.39,-0.142,1.867,0.264,-0.193,0.0,0.0,0.0
69.44989585876465,1.609,-0.144,1.907,0.209,-0.358,0.0,0.0,0.0
69.45980381965637,1.62,-0.161,1.873,0.256,-0.194,0.0,0.0,0.0
69.47040390968323,1.62,-0.126,1.865,0.233,-0.257,0.0,0.0,0.0
69.47999906539917,1.39,-0.132,1.901,0.111,-0.385,0.0,0.0,0.0
69.4898464679718,1.598,-0.132,1.916,0.211,-0.336,-0.002,0.0,0.0
69.50021886825562,1.598,-0.149,1.88,0.228,-0.217,0.0,0.0,0.0
69.50990772247314,1.357,-0.159,1.895,0.166,-0.354,0.0,0.0,0.0
69.5198004245758,1.587,-0.165,1.887,0.154,-0.289,0.0,0.0,0.0
69.52970814704895,1.587,-0.182,1.867,0.202,-0.254,0.0,0.0,0.0
69.53985404968262,1.335,-0.21,1.864,0.153,-0.251,0.0,0.0,0.0
69.54998922348022,1.554,-0.196,1.912,0.244,-0.122,0.0,0.0,0.0
69.55979800224304,1.532,-0.165,1.897,0.18,-0.311,0.0,0.0,0.0
69.5703399181366,1.313,-0.183,1.931,0.154,-0.167,0.0,0.0,0.0
69.57982802391052,1.532,-0.127,1.948,0.081,-0.266,0.0,0.0,0.0
69.59033513069153,1.51,-0.222,1.927,0.132,-0.171,0.0,0.0,0.0
69.59978747367859,1.28,-0.195,1.966,0.043,-0.299,0.0,0.0,0.0
69.61061549186707,1.499,-0.2,1.954,0.287,-0.136,0.0,0.0,0.0
69.61987853050232,1.499,-0.245,1.97,0.174,-0.289,0.0,0.0,0.0
69.62991261482239,1.258,-0.149,1.967,0.167,-0.133,0.0,0.0,0.0
69.63999152183533,1.466,-0.109,1.967,0.268,-0.235,0.0,0.0,0.0
69.65014743804932,1.466,-0.171,1.959,0.163,-0.188,0.0,0.001,-0.001
69.65986609458923,1.247,-0.224,1.976,0.163,-0.253,-0.002,0.0,0.0
69.67094659805298,1.455,-0.194,1.955,0.233,-0.205,0.0,0.0,0.0
69.67986369132996,1.444,-0.215,1.915,0.152,-0.139,0.0,0.0,0.0
69.69071578979492,1.225,-0.193,1.895,0.189,-0.194,0.0,0.0,0.0
69.69989800453186,1.423,-0.255,1.919,0.051,-0.304,0.0,0.0,0.0
69.71060872077942,1.203,-0.204,1.897,0.11,-0.205,0.0,0.0,0.0
69.71989870071411,1.401,-0.205,1.894,0.036,-0.339,0.0,0.0,0.0
69.72995662689209,1.401,-0.105,1.847,0.096,-0.181,0.0,0.0,0.0
69.73998403549194,1.16,-0.206,1.835,0.098,-0.107,0.0,0.0,0.0
69.75009346008301,1.368,-0.144,1.85,0.14,-0.226,0.0,0.0,0.0
69.75984120368958,1.149,-0.177,1.843,0.091,-0.214,0.0,0.0,0.0
69.77027630805969,1.346,-0.149,1.82,0.157,-0.193,0.0,0.0,0.0
69.77984309196472,1.127,-0.151,1.827,0.192,-0.318,0.0,0.0,0.0
69.79060244560242,1.335,-0.161,1.836,0.204,-0.216,0.0,0.0,0.0
69.80054569244385,1.335,-0.08,1.86,0.065,-0.329,0.0,0.0,0.0
69.81033563613892,1.083,-0.057,1.782,0.022,-0.317,0.0,0.0,0.0
69.81974077224731,1.291,-0.117,1.794,0.044,-0.266,0.0,0.0,0.0
69.83072876930237,1.072,-0.172,1.839,0.141,-0.117,0.0,0.0,0.0
69.83990836143494,1.247,-0.234,1.804,0.033,-0.305,0.0,0.001,-0.001
69.84978175163269,1.028,-0.22,1.795,0.119,-0.249,0.0,0.001,-0.001
69.86040925979614,1.225,-0.234,1.819,0.117,-0.213,0.0,0.0,0.0
69.8703875541687,0.995,-0.13,1.797,0.117,-0.233,0.0,0.0,0.0
69.87998867034912,1.203,-0.233,1.819,0.029,-0.27,0.0,0.0,0.0
69.88978362083435,0.973,-0.216,1.829,0.169,-0.217,0.0,0.0,0.0
69.89993739128113,1.181,-0.201,1.832,0.122,-0.182,0.0,0.0,0.0
69.91059851646423,0.94,-0.214,1.824,0.144,-0.136,0.0,0.0,0.0
69.91974949836731,1.16,-0.142,1.821,0.116,-0.307,0.0,0.0,0.0
69.93024945259094,0.908,-0.2,1.789,0.269,-0.21,0.0,0.0,0.0
69.94013595581055,1.138,-0.259,1.755,0.111,-0.356,0.0,0.0,0.0
69.94978284835815,0.875,-0.236,1.805,0.109,-0.301,0.0,0.0,0.0
69.9599597454071,1.094,-0.253,1.801,0.179,-0.28,-0.004,0.0,0.0
69.97036457061768,0.875,-0.214,1.728,0.167,-0.164,0.0,0.0,0.0
69.98007249832153,0.842,-0.227,1.719,0.131,-0.276,0.0,0.0,0.0
69.99025273323059,1.028,-0.23,1.776,0.03,-0.254,0.0,0.0,0.0
70.00069260597229,0.831,-0.132,1.771,0.053,-0.314,0.0,0.001,-0.001
70.0101227760315,0.798,-0.172,1.77,0.043,-0.306,0.0,0.0,0.0
70.01985430717468,0.995,-0.168,1.775,0.109,-0.327,0.0,0.0,0.0
70.02979302406311,0.754,-0.205,1.778,0.282,-0.228,0.0,0.0,0.0
70.04064345359802,0.721,-0.22,1.77,0.263,-0.226,0.0,0.0,0.0
70.04985690116882,0.94,-0.164,1.774,0.006,-0.293,0.0,0.0,0.0
70.05979704856873,0.699,-0.205,1.777,0.157,-0.216,0.0,0.0,0.0
70.07095098495483,0.677,-0.193,1.777,0.209,-0.197,0.0,0.0,0.0
70.08059096336365,0.656,-0.171,1.777,-0.049,-0.221,0.0,0.0,0.0
70.08980441093445,0.853,-0.249,1.748,0.006,-0.287,0.0,0.0,0.0
70.0999391078949,0.601,-0.229,1.765,0.156,-0.212,0.0,0.0,0.0
70.11005306243896,0.59,-0.211,1.756,0.069,-0.213,0.0,0.0,0.0
70.11982083320618,0.579,-0.106,1.729,0.028,-0.208,0.0,0.0,0.0
70.1298758983612,0.546,-0.188,1.724,0.241,-0.236,0.0,0.0,0.0
70.14092922210693,0.524,-0.169,1.729,0.084,-0.198,0.0,0.0,0.0
70.15002083778381,0.71,-0.166,1.728,0.072,-0.199,0.0,0.0,0.0
70.15996265411377,0.469,-0.164,1.706,0.04,-0.201,0.0,0.0,0.0
70.17005586624146,0.667,-0.157,1.697,0.179,-0.239,0.0,0.0,0.0
70.17992568016052,0.436,-0.181,1.673,0.083,-0.202,0.0,0.0,0.0
70.18983006477356,0.404,-0.191,1.664,0.171,-0.216,0.0,0.0,0.0
70.20078945159912,0.601,-0.141,1.665,0.168,-0.189,0.0,0.0,0.0
70.21072936058044,0.371,-0.23,1.65,0.054,-0.173,0.0,0.0,0.0
70.22081923484802,0.349,-0.135,1.637,0.076,-0.118,0.0,0.0,0.0
70.2306501865387,0.316,-0.226,1.616,0.092,-0.262,0.0,0.0,0.0
70.240154504776,0.294,-0.156,1.595,0.035,-0.228,0.0,0.0,0.0
70.25106692314148,0.25,-0.199,1.595,0.149,-0.25,0.0,0.0,0.0
70.26062250137329,0.239,-0.23,1.563,0.171,-0.24,0.0,0.001,-0.001
70.26990008354187,0.645,-0.174,1.56,0.071,-0.243,0.0,0.0,0.0
70.28146052360535,0.206,-0.213,1.523,0.154,-0.117,0.0,0.0,0.0
70.29054307937622,0.184,-0.218,1.543,0.218,-0.062,0.0,0.0,0.0
70.3004674911499,0.152,-0.229,1.486,0.056,-0.147,0.0,0.0,0.0
70.30984807014465,0.349,-0.158,1.454,0.16,-0.2,0.0,0.0,0.0
70.31993865966797,0.119,-0.202,1.451,0.208,-0.187,0.0,0.0,0.0
70.33002233505249,0.086,-0.257,1.505,0.242,-0.162,-0.001,0.0,0.0
70.33980774879456,0.283,-0.216,1.342,0.121,-0.268,0.0,0.0,0.0
70.35012245178223,0.272,-0.218,1.38,0.131,-0.256,0.0,0.0,0.0
70.35982203483582,0.239,-0.187,1.355,0.066,-0.246,0.0,0.0,0.0
70.36988234519958,0.217,-0.205,1.369,0.137,-0.3,0.0,0.0,0.0
70.37995910644531,0.206,-0.231,1.378,0.11,-0.245,0.0,0.0,0.0
70.38998460769653,0.184,-0.202,1.318,0.135,-0.215,0.0,0.0,0.0
70.39982008934021,0.184,-0.229,1.314,0.127,-0.222,0.0,0.0,0.0
70.40986394882202,0.382,-0.188,1.333,-0.115,-0.131,0.0,0.0,0.0
70.42076992988586,0.382,-0.201,1.315,0.153,-0.126,0.0,0.0,0.0
70.42983365058899,0.371,-0.181,1.309,0.081,-0.171,0.0,0.0,0.0
70.4397714138031,0.173,-0.173,1.322,0.072,-0.156,0.0,0.0,0.0
70.45074915885925,0.371,-0.269,1.323,0.238,-0.156,0.0,0.0,0.0
70.4598319530487,0.382,-0.19,1.298,-0.038,-0.183,0.0,0.0,0.0
70.47010803222656,0.141,-0.188,1.318,0.116,-0.113,0.0,0.0,0.0
70.48058605194092,0.13,-0.222,1.289,0.088,-0.208,0.0,0.001,-0.001
70.48980402946472,0.13,-0.272,1.328,-0.073,-0.219,0.0,0.0,0.0
70.50072741508484,0.546,-0.252,1.35,0.069,-0.131,0.0,0.0,0.0
70.51066994667053,0.119,-0.284,1.319,0.079,-0.166,0.0,0.0,0.0
70.52097392082214,0.535,-0.164,1.367,0.077,-0.174,0.0,0.001,-0.001
70.53074550628662,0.141,-0.255,1.343,0.074,-0.093,0.0,0.001,-0.001
70.5406858921051,0.338,-0.136,1.359,-0.021,-0.16,0.0,0.0,0.0
70.54992723464966,0.327,-0.115,1.356,-0.051,-0.159,0.0,0.0,0.0
70.55990695953369,0.349,-0.088,1.35,0.277,-0.136,0.0,0.0,0.0
70.5698504447937,0.327,-0.216,1.372,0.106,-0.191,0.0,0.0,0.0
70.58051800727844,0.338,-0.185,1.376,0.198,-0.142,0.0,0.0,0.0
70.59088325500488,0.327,-0.127,1.344,0.016,-0.193,0.0,0.0,0.0
70.59982705116272,0.546,-0.263,1.338,0.005,-0.156,0.0,0.0,0.0
70.60986232757568,0.36,-0.22,1.354,0.179,-0.088,-0.002,0.0,0.0
70.62096118927002,0.36,-0.243,1.355,0.108,-0.108,0.0,0.0,0.0
70.63037705421448,0.371,-0.187,1.319,0.064,-0.09,0.0,0.001,-0.001
70.63976168632507,0.382,-0.194,1.31,-0.055,-0.154,-0.001,0.0,0.0
70.6501293182373,0.568,-0.235,1.317,0.127,-0.103,0.0,0.0,0.0
70.66013503074646,0.162,-0.217,1.265,0.06,-0.123,0.0,0.0,0.0
70.66987204551697,0.382,-0.187,1.306,0.122,-0.109,0.0,0.0,0.0
70.68000268936157,0.612,-0.192,1.271,0.193,-0.111,0.0,0.0,0.0
70.6910150051117,0.184,-0.152,1.262,0.169,-0.136,0.0,0.0,0.0
70.70055031776428,0.404,-0.182,1.273,-0.048,-0.177,0.0,0.0,0.0
70.71003222465515,0.184,-0.188,1.255,0.019,-0.185,0.0,0.0,0.0
70.72046756744385,0.623,-0.174,1.249,0.173,-0.144,0.0,0.001,-0.001
70.72996592521667,0.206,-0.144,1.235,0.006,-0.152,0.0,0.0,0.0
70.7399160861969,0.436,-0.171,1.27,0.257,-0.144,0.0,0.0,0.0
70.75055408477783,0.414,-0.201,1.242,0.171,-0.09,0.0,0.0,0.0
70.76003503799438,0.217,-0.175,1.268,0.001,-0.133,0.0,0.0,0.0
70.76981735229492,0.404,-0.189,1.265,0.224,-0.125,0.0,0.0,0.0
70.7798867225647,0.645,-0.2,1.255,0.19,-0.104,0.0,0.0,0.0
70.7902295589447,0.414,-0.141,1.287,0.31,-0.083,0.0,0.0,0.0
70.79999828338623,0.239,-0.159,1.262,0.039,-0.115,0.0,0.0,0.0
70.81003427505493,0.436,-0.186,1.252,0.139,-0.124,0.0,0.0,0.0
70.8206717967987,0.458,-0.234,1.299,0.167,-0.136,0.0,0.0,0.0
70.83032155036926,0.447,-0.167,1.237,0.124,-0.146,0.0,0.0,0.0
70.83977842330933,0.272,-0.196,1.221,-0.028,-0.151,0.0,0.0,0.0
70.8498306274414,0.469,-0.189,1.237,0.2,-0.098,0.0,0.0,0.0
70.86017608642578,0.48,-0.222,1.236,0.151,-0.131,0.0,0.0,0.0
70.87035393714905,0.48,-0.2,1.263,0.036,-0.126,-0.002,0.0,0.0
70.87986993789673,0.283,-0.168,1.221,-0.021,-0.129,0.0,0.0,0.0
70.89070296287537,0.502,-0.213,1.296,0.326,-0.102,0.0,0.0,0.0
70.90065932273865,0.491,-0.14,1.264,-0.144,-0.125,0.0,0.0,0.0
70.90982937812805,0.502,-0.264,1.23,0.013,-0.13,0.0,0.0,0.0
70.91981148719788,0.097,-0.227,1.257,0.181,-0.098,0.0,0.0,0.0
70.93089580535889,0.283,-0.177,1.268,-0.03,-0.101,0.0,0.0,0.0
70.93976473808289,0.502,-0.194,1.247,0.103,-0.134,0.0,0.0,0.0
70.9498975276947,0.513,-0.224,1.256,0.18,-0.106,0.0,0.0,0.0
70.96016812324524,0.327,-0.231,1.299,0.074,-0.137,0.0,0.0,0.0
70.96984887123108,0.305,-0.222,1.274,0.07,-0.142,0.0,0.0,0.0
70.97984457015991,0.086,-0.255,1.243,0.312,-0.146,-0.003,0.0,0.0
70.99066972732544,0.502,-0.179,1.262,0.251,-0.132,0.0,0.0,0.0
71.00012397766113,0.513,-0.297,1.25,0.111,-0.141,0.0,0.0,0.0
71.01027178764343,0.294,-0.175,1.252,-0.053,-0.145,0.0,0.0,0.0
71.01973628997803,0.305,-0.244,1.241,-0.112,-0.15,0.0,0.0,0.0
71.0311906337738,0.305,-0.231,1.287,-0.069,-0.112,-0.004,0.0,0.0
71.03975892066956,0.524,-0.269,1.262,0.246,-0.087,0.0,0.0,0.0
71.04978966712952,0.305,-0.188,1.299,0.286,-0.121,0.0,0.001,-0.001
71.06030654907227,0.316,-0.15,1.268,0.022,-0.082,0.0,0.0,0.0
71.06992220878601,0.305,-0.177,1.228,0.035,-0.097,0.0,0.0,0.0
71.07996034622192,0.502,-0.217,1.255,0.121,-0.091,0.0,0.0,0.0
71.090252161026,0.338,-0.209,1.268,0.154,-0.111,0.0,0.0,0.0
71.10020565986633,0.524,-0.205,1.204,0.033,-0.114,0.0,0.0,0.0
71.11005854606628,0.13,-0.251,1.194,0.014,-0.081,0.0,0.0,0.0
71.11975455284119,0.294,-0.17,1.193,0.147,-0.099,0.0,0.0,0.0
71.1306049823761,0.524,-0.213,1.217,0.029,-0.094,-0.004,0.0,0.0
71.13980484008789,0.108,-0.178,1.205,0.011,-0.08,0.0,0.0,0.0
71.14994144439697,0.535,-0.209,1.275,0.042,-0.073,0.0,0.0,0.0
71.16130328178406,0.316,-0.204,1.197,0.309,-0.063,0.0,0.0,0.0
71.16989207267761,0.316,-0.232,1.25,0.304,-0.069,0.0,0.0,0.0
71.1797399520874,0.535,-0.229,1.273,0.339,-0.072,0.0,0.001,-0.001
71.19006848335266,0.316,-0.25,1.265,0.105,-0.072,0.0,0.0,0.0
71.20056581497192,0.108,-0.163,1.224,-0.027,-0.063,-0.001,0.0,0.0
71.20976948738098,0.502,-0.188,1.224,0.012,-0.07,-0.004,0.0,0.0
71.21973872184753,0.327,-0.197,1.297,0.318,-0.07,0.0,0.0,0.0
71.22993230819702,0.316,-0.213,1.269,0.283,-0.063,0.0,0.0,0.0
71.23974275588989,0.316,-0.189,1.211,0.153,-0.063,0.0,0.0,0.0
71.24978971481323,0.513,-0.268,1.203,0.194,-0.073,0.0,0.0,0.0
71.26074695587158,0.349,-0.235,1.259,0.257,-0.068,-0.003,0.0,0.0
71.2714478969574,0.119,-0.25,1.19,-0.023,-0.06,-0.002,0.0,0.0
71.2799563407898,0.535,-0.261,1.252,0.309,-0.055,0.0,0.0,0.0
71.29017949104309,0.327,-0.136,1.153,-0.153,-0.062,-0.002,0.0,0.0
71.30020332336426,0.327,-0.248,1.15,-0.101,-0.062,0.0,0.0,0.0
71.31004977226257,0.316,-0.211,1.213,0.04,-0.065,0.0,0.0,0.0
71.3197910785675,0.524,-0.243,1.209,0.061,-0.065,0.0,0.0,0.0
71.33008360862732,0.327,-0.265,1.195,0.163,-0.063,0.0,0.0,0.0
71.33982014656067,0.338,-0.262,1.197,0.046,-0.014,0.0,0.0,0.0
71.34976959228516,0.327,-0.26,1.203,0.18,-0.001,0.0,0.0,0.0
71.35996389389038,0.338,-0.239,1.267,0.3,-0.047,0.0,0.0,0.0
71.37029123306274,0.327,-0.267,1.238,0.113,-0.05,0.0,0.0,0.0
71.37985014915466,0.535,-0.223,1.16,0.019,-0.055,0.0,0.0,0.0
71.38991403579712,0.316,-0.246,1.234,0.131,-0.047,0.0,0.0,0.0
71.39981460571289,0.316,-0.233,1.248,0.017,-0.037,0.0,0.001,-0.001
71.41003227233887,0.338,-0.255,1.303,0.158,-0.034,0.0,0.0,0.0
71.41976237297058,0.546,-0.279,1.211,0.087,-0.032,0.0,0.0,0.0
71.42990851402283,0.327,-0.308,1.305,0.193,-0.029,0.0,0.0,0.0
71.4402403831482,0.349,-0.271,1.287,0.029,-0.021,-0.002,0.0,0.0
71.44978976249695,0.327,-0.216,1.229,-0.193,-0.014,-0.001,0.0,0.0
71.45984244346619,0.568,-0.275,1.355,0.172,-0.011,0.0,0.0,0.0
71.47046828269958,0.36,-0.288,1.284,0.182,-0.006,0.0,0.0,0.0
71.48000741004944,0.152,-0.175,1.261,-0.111,0.012,0.0,0.0,0.0
71.48992776870728,0.13,-0.308,1.276,0.068,0.017,0.0,0.001,-0.001
71.5000011920929,0.513,-0.271,1.36,0.223,0.022,0.0,0.0,0.0
71.5099778175354,0.338,-0.255,1.285,0.019,0.053,0.0,0.0,0.0
71.51981472969055,0.327,-0.248,1.229,-0.003,0.055,-0.002,0.0,0.0
71.52983093261719,0.13,-0.192,1.282,-0.071,0.071,0.0,0.0,0.0
71.53983998298645,0.535,-0.186,1.229,0.164,0.081,0.0,0.0,0.0
71.54981517791748,0.36,-0.173,1.214,0.05,0.097,0.0,0.0,0.0
71.55990958213806,0.524,-0.2,1.224,0.2,0.12,0.0,0.0,0.0
71.57016921043396,0.13,-0.172,1.267,0.087,0.14,0.0,0.0,0.0
71.57987713813782,0.349,-0.238,1.228,0.221,0.181,0.0,0.0,0.0
71.58999681472778,0.36,-0.225,1.257,0.126,0.181,0.0,0.0,0.0
71.59989213943481,0.316,-0.217,1.205,0.174,0.199,-0.001,0.0,0.0
71.61090087890625,0.349,-0.21,1.226,0.357,0.161,0.0,0.0,0.0
71.61972904205322,0.546,-0.248,1.241,0.0,0.289,0.0,0.0,0.0
71.63003349304199,0.338,-0.187,1.249,0.139,0.197,0.0,0.0,0.0
71.63972687721252,0.546,-0.18,1.257,-0.02,0.237,0.0,0.0,0.0
71.65041780471802,0.162,-0.194,1.376,0.067,0.24,0.0,-0.001,0.001
71.65969514846802,0.327,-0.226,1.328,-0.052,0.237,0.0,0.0,0.0
71.67016696929932,0.349,-0.2,1.318,0.186,0.223,-0.002,0.0,0.0
71.68036389350891,0.557,-0.251,1.208,-0.218,0.252,0.0,0.0,0.0
71.69001984596252,0.152,-0.157,1.259,-0.135,0.271,0.0,0.0,0.0
71.69998288154602,0.557,-0.19,1.353,0.095,0.223,0.0,0.0,0.0
71.70982670783997,0.152,-0.174,1.345,0.104,0.226,0.0,0.0,0.0
71.71989393234253,0.338,-0.208,1.336,0.117,0.229,0.0,0.0,0.0
71.73009157180786,0.338,-0.183,1.317,0.017,0.228,0.0,-0.001,0.001
71.73977088928223,0.349,-0.193,1.219,-0.092,0.242,0.0,0.0,0.0
71.75072622299194,0.36,-0.264,1.365,0.018,0.202,0.0,-0.001,0.001
71.76009798049927,0.338,-0.245,1.244,-0.046,0.254,0.0,0.0,0.0
71.77002000808716,0.579,-0.254,1.248,0.013,0.258,0.0,0.0,0.0
71.77981352806091,0.141,-0.258,1.263,0.113,0.283,0.0,0.0,0.0
71.78989315032959,0.349,-0.239,1.231,0.253,0.245,0.0,0.0,0.0
71.80073833465576,0.327,-0.211,1.21,-0.162,0.265,0.0,0.0,0.0
71.8098075389862,0.36,-0.178,1.216,-0.078,0.288,-0.001,0.0,0.0
71.82002234458923,0.36,-0.223,1.264,0.063,0.249,0.0,0.0,0.0
71.83023118972778,0.349,-0.234,1.201,-0.051,0.287,0.0,0.0,0.0
71.83981156349182,0.371,-0.285,1.227,0.0,0.285,0.0,0.0,0.0
71.85004210472107,0.338,-0.193,1.331,0.199,0.244,0.0,0.0,0.0
71.86159467697144,0.36,-0.23,1.305,0.216,0.308,0.0,0.0,0.0
71.87021923065186,0.568,-0.257,1.319,0.202,0.282,0.0,0.0,0.0
71.8798348903656,0.338,-0.205,1.241,-0.086,0.322,0.0,0.0,0.0
71.89004158973694,0.579,-0.245,1.343,0.201,0.299,0.0,0.0,0.0
71.90080046653748,-0.046,-0.205,1.249,0.131,0.311,0.0,0.0,0.0
71.90983891487122,0.776,-0.277,1.267,-0.047,0.325,0.0,0.0,0.0
71.91982316970825,0.371,-0.229,1.306,0.2,0.306,-0.007,0.0,0.0
71.92997121810913,0.371,-0.262,1.325,0.085,0.274,0.0,0.0,0.0
71.93988275527954,0.162,-0.204,1.294,0.139,0.302,0.0,0.0,0.0
71.9500093460083,0.59,-0.244,1.337,-0.061,0.307,0.0,-0.001,0.001
71.96078538894653,0.162,-0.06,1.233,0.015,0.307,-0.002,0.0,0.0
71.97081542015076,0.349,-0.277,1.239,-0.016,0.292,0.0,0.0,0.0
71.97981858253479,0.349,-0.223,1.216,0.005,0.323,0.0,0.0,0.0
71.98988723754883,0.349,-0.164,1.337,0.191,0.289,-0.004,0.0,0.0
72.00063705444336,0.371,-0.213,1.285,0.058,0.278,0.0,-0.001,0.001
72.00998330116272,0.371,-0.095,1.284,-0.007,0.317,0.0,0.0,0.0
72.01980924606323,0.152,-0.18,1.309,-0.031,0.297,0.0,0.0,0.0
72.03012371063232,0.557,-0.189,1.232,0.253,0.28,-0.001,0.0,0.0
72.04070782661438,0.152,-0.145,1.3,0.089,0.321,0.0,0.0,0.0
72.0499427318573,0.546,-0.143,1.254,-0.084,0.324,0.0,0.0,0.0
72.06024193763733,0.36,-0.22,1.321,0.285,0.334,0.0,-0.001,0.001
72.07006192207336,0.36,-0.23,1.226,-0.116,0.352,0.0,-0.001,-0.001
72.07987308502197,0.162,-0.176,1.263,0.185,0.327,-0.001,0.0,0.0
72.09026288986206,0.316,-0.207,1.242,-0.046,0.345,0.0,0.0,0.0
72.10091209411621,0.557,-0.192,1.234,-0.214,0.382,-0.005,0.0,0.0
72.11053705215454,0.36,-0.252,1.227,-0.091,0.346,0.0,0.0,0.0
72.11990571022034,0.36,-0.196,1.191,-0.115,0.356,-0.002,0.0,0.0
72.13014531135559,0.371,-0.17,1.161,-0.193,0.334,0.0,0.0,0.0
72.14030456542969,0.371,-0.191,1.23,-0.08,0.317,0.0,0.0,0.0
72.14981532096863,0.371,-0.171,1.206,-0.147,0.366,0.0,0.0,0.0
72.15994811058044,0.371,-0.164,1.279,0.2,0.3,0.0,0.0,0.0
72.1701328754425,0.371,-0.184,1.275,-0.079,0.341,-0.003,0.0,0.0
72.17984890937805,0.13,-0.207,1.244,0.037,0.352,0.0,0.0,0.0
72.1898729801178,0.338,-0.197,1.243,0.22,0.308,0.0,0.0,0.0
72.19980049133301,0.349,-0.25,1.229,0.062,0.325,0.0,0.0,0.0
72.21038699150085,0.568,-0.139,1.317,0.13,0.314,0.0,0.0,0.0
72.22004055976868,0.152,-0.141,1.168,-0.1,0.407,0.0,0.0,0.0
72.22983121871948,0.557,-0.203,1.177,0.084,0.313,0.0,0.0,0.0
72.2407820224762,0.141,-0.237,1.288,0.193,0.318,-0.008,0.0,0.0
72.25016498565674,0.141,-0.229,1.142,-0.118,0.339,0.0,0.0,0.0
72.25997138023376,0.338,-0.222,1.195,-0.068,0.34,0.0,-0.001,0.001
72.2699122428894,0.546,-0.207,1.208,0.034,0.376,0.0,0.0,0.0
72.27996039390564,0.338,-0.146,1.275,0.175,0.319,-0.002,0.0,0.0
72.28983759880066,0.349,-0.164,1.216,0.079,0.37,0.0,0.0,0.0
72.30036425590515,0.557,-0.236,1.307,0.148,0.34,0.0,-0.001,0.001
72.30986022949219,0.349,-0.143,1.205,-0.204,0.38,-0.004,0.0,0.0
72.32086968421936,0.13,-0.236,1.227,0.081,0.371,-0.004,0.0,0.0
72.32985949516296,0.327,-0.238,1.207,-0.048,0.4,0.0,0.0,0.0
72.34077572822571,0.349,-0.169,1.307,-0.167,0.324,-0.004,-0.001,0.001
72.3497588634491,0.338,-0.255,1.283,0.012,0.404,0.0,0.0,0.0
72.35969829559326,0.36,-0.204,1.29,0.099,0.338,0.0,0.0,0.0
72.37031316757202,0.327,-0.21,1.18,0.139,0.341,0.0,-0.001,0.001
72.38078498840332,0.36,-0.278,1.179,-0.079,0.422,-0.005,0.0,0.0
72.39022374153137,0.557,-0.262,1.139,-0.034,0.412,0.0,0.0,0.0
72.39979267120361,0.338,-0.219,1.127,-0.086,0.407,0.0,-0.001,0.001
72.41082286834717,0.141,-0.27,1.263,0.13,0.372,0.0,0.0,0.0
72.41975283622742,0.338,-0.206,1.179,-0.132,0.406,0.0,0.0,0.0
72.42985677719116,0.557,-0.254,1.295,0.312,0.352,0.0,0.0,0.0
72.43974614143372,0.13,-0.29,1.271,-0.026,0.357,0.0,0.0,0.0
72.44993138313293,0.349,-0.286,1.344,0.14,0.373,-0.002,0.0,0.0
72.45985674858093,0.557,-0.257,1.138,0.022,0.406,0.0,0.0,0.0
72.4701476097107,0.152,-0.278,1.295,0.094,0.339,0.0,0.0,0.0
72.48060369491577,0.327,-0.225,1.24,-0.135,0.452,0.0,0.0,0.0
72.49066829681396,0.338,-0.21,1.254,-0.145,0.416,0.0,-0.001,0.001
72.50037050247192,0.568,-0.195,1.255,0.039,0.43,0.0,0.0,0.0
72.510000705719,0.141,-0.309,1.208,-0.122,0.45,0.0,0.0,0.0
72.51988506317139,0.338,-0.148,1.279,0.003,0.35,-0.004,0.0,0.0
72.52992987632751,0.108,-0.234,1.265,0.31,0.368,-0.004,0.0,0.0
72.54075121879578,0.546,-0.186,1.386,0.323,0.387,0.0,0.0,0.0
72.5499324798584,0.349,-0.18,1.256,0.088,0.456,0.0,0.0,0.0
72.56002640724182,0.546,-0.194,1.254,-0.142,0.372,-0.002,0.0,0.0
72.57038187980652,0.141,-0.203,1.23,-0.023,0.402,-0.004,0.0,0.0
72.58062815666199,0.557,-0.194,1.28,-0.055,0.462,0.0,0.0,0.0
72.59035754203796,0.349,-0.177,1.193,-0.027,0.396,-0.002,0.0,0.0
72.60102343559265,0.371,-0.22,1.22,-0.056,0.422,0.0,0.0,0.0
72.61082100868225,0.36,-0.242,1.215,0.215,0.422,0.0,0.0,0.0
72.62090110778809,0.36,-0.212,1.267,0.261,0.384,0.0,0.0,0.0
72.63066577911377,0.327,-0.219,1.253,-0.06,0.386,0.0,0.0,0.0
72.6397316455841,0.36,-0.249,1.233,-0.222,0.417,0.0,0.0,0.0
72.65035581588745,0.349,-0.233,1.363,0.237,0.333,0.0,0.0,0.0
72.6599748134613,0.141,-0.124,1.154,-0.031,0.451,0.0,0.0,0.0
72.66990065574646,0.557,-0.181,1.243,-0.128,0.398,0.0,0.0,0.0
72.68150401115417,0.327,-0.149,1.292,0.191,0.419,0.0,0.0,0.0
72.69053936004639,0.36,-0.209,1.343,0.417,0.345,-0.001,0.0,0.0
72.70003604888916,0.546,-0.198,1.252,-0.208,0.384,0.0,0.0,0.0
72.70999813079834,0.162,-0.223,1.206,-0.058,0.432,0.0,0.0,0.0
72.7205262184143,0.338,-0.203,1.312,0.016,0.323,0.0,-0.001,0.001
72.72978806495667,0.36,-0.205,1.29,-0.066,0.405,0.0,0.0,0.0
72.73988628387451,0.141,-0.197,1.353,0.238,0.283,0.0,0.0,0.0
72.75073742866516,0.327,-0.224,1.329,0.2,0.371,0.0,0.0,0.0
72.76010370254517,0.546,-0.205,1.277,-0.045,0.434,0.0,0.0,0.0
72.77006936073303,0.13,-0.273,1.314,0.099,0.462,0.0,0.0,0.0
72.78022241592407,0.349,-0.201,1.213,0.074,0.488,0.0,0.0,0.0
72.79060745239258,0.338,-0.197,1.158,-0.092,0.488,0.0,-0.001,0.001
72.79989194869995,0.327,-0.241,1.151,-0.17,0.448,-0.007,0.0,0.0
72.80990624427795,0.557,-0.217,1.163,0.082,0.426,0.0,0.0,0.0
72.82067108154297,0.338,-0.18,1.299,0.199,0.41,0.0,0.0,0.0
72.82986569404602,0.36,-0.261,1.247,-0.064,0.419,0.0,0.0,0.0
72.83981943130493,0.36,-0.242,1.325,0.222,0.367,0.0,0.0,0.0
72.85080361366272,0.13,-0.215,1.331,0.197,0.382,0.0,-0.001,0.001
72.86008954048157,0.338,-0.192,1.312,-0.053,0.444,0.0,0.0,0.0
72.86980032920837,0.108,-0.162,1.183,-0.02,0.407,0.0,0.0,0.0
72.88123798370361,0.546,-0.211,1.336,0.109,0.404,0.0,0.0,0.0
72.89011216163635,0.305,-0.306,1.315,0.151,0.388,0.0,0.0,0.0
72.89992761611938,0.305,-0.212,1.252,-0.328,0.409,0.0,0.0,0.0
72.90980076789856,0.557,-0.21,1.28,0.211,0.406,0.0,0.0,0.0
72.92052102088928,0.108,-0.185,1.37,-0.062,0.4,-0.002,0.0,0.0
72.92997527122498,0.546,-0.153,1.237,-0.128,0.47,-0.001,0.0,0.0
72.9399139881134,0.141,-0.19,1.338,0.14,0.383,-0.003,0.0,0.0
72.95108389854431,0.546,-0.239,1.335,-0.1,0.333,-0.003,-0.001,0.001
72.96071028709412,0.141,-0.226,1.305,-0.103,0.44,0.0,0.0,0.0
72.96985197067261,0.557,-0.184,1.259,-0.107,0.457,-0.002,0.0,0.0
72.98123621940613,0.119,-0.24,1.321,-0.054,0.38,0.0,0.0,0.0
72.99093079566956,0.765,-0.24,1.329,0.261,0.355,-0.002,0.0,0.0
73.00069785118103,0.152,-0.2,1.304,-0.114,0.417,-0.004,0.0,0.0
73.00984287261963,0.535,-0.251,1.208,-0.092,0.445,-0.001,0.0,0.0
73.0200126171112,0.173,-0.239,1.199,-0.114,0.39,-0.005,0.0,0.0
73.02988481521606,0.546,-0.149,1.309,0.12,0.435,-0.007,0.0,0.0
73.03974413871765,0.36,-0.206,1.216,0.086,0.393,-0.007,0.0,0.0
73.05031394958496,0.371,-0.216,1.273,0.186,0.48,0.0,0.0,0.0
73.06000661849976,0.349,-0.24,1.228,0.004,0.471,-0.003,0.0,0.0
73.06994867324829,0.36,-0.218,1.237,0.215,0.338,-0.002,-0.001,0.001
73.08012533187866,0.349,-0.23,1.142,0.122,0.419,-0.004,0.0,0.0
73.09066247940063,0.371,-0.207,1.176,-0.005,0.453,0.0,0.0,0.0
73.09985542297363,0.36,-0.279,1.185,-0.05,0.453,-0.005,0.0,0.0
73.11008048057556,0.349,-0.295,1.274,0.142,0.389,-0.003,-0.001,0.001
73.12053966522217,0.152,-0.249,1.258,-0.211,0.489,-0.004,0.0,0.0
73.13025736808777,0.557,-0.266,1.201,-0.105,0.497,-0.006,0.0,0.0
73.13996601104736,0.371,-0.189,1.137,-0.075,0.492,-0.004,0.0,0.0
73.15015077590942,0.382,-0.228,1.24,0.079,0.469,-0.008,0.0,0.0
73.16037726402283,0.371,-0.268,1.205,-0.108,0.431,0.0,0.0,0.0
73.16982388496399,0.36,-0.186,1.231,-0.071,0.508,-0.007,0.0,0.0
73.17983222007751,0.382,-0.24,1.279,0.06,0.461,0.0,0.0,0.0
73.19044089317322,0.371,-0.204,1.248,0.219,0.37,-0.006,0.0,0.0
73.20046854019165,0.36,-0.168,1.224,-0.006,0.567,-0.003,0.0,0.0
73.20976448059082,0.557,-0.211,1.183,0.053,0.507,-0.002,0.0,0.0
73.22075819969177,0.162,-0.189,1.175,0.148,0.357,-0.004,0.0,0.0
73.23075866699219,0.371,-0.229,1.121,-0.135,0.577,-0.001,0.0,0.0
73.23990988731384,0.152,-0.176,1.212,-0.116,0.457,-0.004,0.0,0.0
73.25003480911255,0.579,-0.224,1.276,0.132,0.343,-0.002,-0.001,0.001
73.26028847694397,0.36,-0.108,1.185,-0.071,0.496,-0.001,0.0,0.0
73.27062392234802,0.349,-0.208,1.149,-0.255,0.434,0.0,0.0,0.0
73.28018021583557,0.371,-0.233,1.194,-0.251,0.463,0.0,0.0,0.0
73.29018974304199,0.152,-0.195,1.277,-0.179,0.467,0.0,0.0,0.0
73.29997491836548,0.59,-0.193,1.199,-0.072,0.48,-0.002,0.0,0.0
73.31015515327454,0.141,-0.169,1.232,-0.146,0.489,-0.002,0.0,0.0
73.32094097137451,0.568,-0.216,1.297,-0.192,0.495,0.0,0.0,0.0
73.33076429367065,0.162,-0.252,1.337,0.213,0.506,-0.004,0.0,0.0
73.33979773521423,0.349,-0.229,1.2,-0.04,0.525,-0.002,0.0,0.0
73.35006213188171,0.579,-0.265,1.269,0.084,0.414,-0.002,0.0,0.0
73.36012148857117,0.36,-0.212,1.323,-0.022,0.479,-0.001,0.0,0.0
73.37065529823303,0.371,-0.239,1.329,-0.041,0.446,-0.003,0.0,0.0
73.37993693351746,0.162,-0.29,1.303,0.008,0.523,-0.004,-0.001,0.001
73.39071536064148,0.546,-0.234,1.207,0.206,0.46,-0.006,0.0,0.0
73.40116500854492,0.371,-0.25,1.269,-0.107,0.532,-0.002,0.0,0.0
73.41037964820862,0.371,-0.237,1.329,-0.039,0.495,-0.001,0.0,0.0
73.42002606391907,0.152,-0.221,1.23,-0.121,0.564,0.0,0.0,0.0
73.43054366111755,0.36,-0.313,1.276,0.019,0.491,-0.007,0.0,0.0
73.43985986709595,0.36,-0.234,1.275,-0.329,0.463,-0.004,0.0,0.0
73.44990944862366,0.152,-0.303,1.149,0.03,0.464,0.0,0.0,0.0
73.4599437713623,0.557,-0.303,1.392,0.264,0.395,0.0,0.0,0.0
73.4707419872284,0.141,-0.239,1.311,-0.011,0.474,-0.001,0.0,0.0
73.47985577583313,0.557,-0.235,1.272,-0.048,0.575,0.0,0.0,0.0
73.49086046218872,0.338,-0.292,1.35,0.197,0.407,0.0,0.0,0.0
73.50005531311035,0.338,-0.32,1.186,-0.2,0.545,-0.001,0.0,0.0
73.50993704795837,0.349,-0.262,1.269,0.339,0.493,-0.003,0.0,0.0
73.5198016166687,0.327,-0.267,1.415,0.103,0.49,-0.007,0.0,0.0
73.53012084960938,0.371,-0.232,1.247,0.265,0.489,-0.007,0.0,0.0
73.53992986679077,0.13,-0.217,1.262,-0.055,0.561,-0.002,0.0,0.0
73.54988741874695,0.338,-0.217,1.38,0.033,0.499,-0.002,0.0,0.0
73.5609838962555,0.349,-0.09,1.229,0.092,0.362,-0.004,0.0,0.0
73.56990599632263,0.535,-0.229,1.301,0.273,0.53,0.0,0.0,0.0
73.57989358901978,0.141,-0.225,1.397,0.312,0.453,-0.005,0.0,0.0
73.590172290802,0.568,-0.176,1.185,0.055,0.436,-0.003,0.0,0.0
73.60058069229126,0.327,-0.207,1.26,-0.094,0.496,0.0,0.0,0.0
73.60990166664124,0.152,-0.15,1.265,-0.079,0.537,0.0,0.0,0.0
73.61974096298218,0.557,-0.208,1.295,0.287,0.434,-0.006,0.0,0.0
73.63066816329956,0.152,-0.193,1.514,0.105,0.425,-0.004,0.0,0.0
73.63988852500916,0.36,-0.209,1.232,-0.002,0.554,0.0,0.0,0.0
73.64988803863525,0.338,-0.212,1.35,0.122,0.451,-0.005,0.0,0.0
73.6602110862732,0.327,-0.22,1.299,0.366,0.437,-0.002,0.0,0.0
73.67173171043396,0.338,-0.213,1.203,-0.065,0.558,0.0,0.0,0.0
73.67978811264038,0.557,-0.239,1.356,0.062,0.427,0.0,0.0,0.0
73.68989181518555,0.13,-0.192,1.203,0.152,0.45,-0.005,0.0,0.0
73.69981026649475,0.327,-0.154,1.373,0.183,0.526,-0.005,0.0,0.0
73.71021938323975,0.097,-0.12,1.368,0.129,0.477,0.0,0.0,0.0
73.71983122825623,0.535,-0.189,1.216,-0.143,0.489,0.0,0.0,0.0
73.73013019561768,0.557,-0.124,1.33,0.061,0.469,0.0,0.0,0.0
73.74066042900085,0.36,-0.134,1.276,0.0,0.535,-0.003,0.0,0.0
73.74993872642517,0.36,-0.105,1.255,0.025,0.547,0.0,0.0,0.0
73.75989174842834,0.371,-0.181,1.42,0.248,0.482,-0.004,0.0,0.0
73.77007412910461,0.119,-0.188,1.266,0.164,0.546,0.0,0.0,0.0
73.77998995780945,0.546,-0.153,1.224,0.004,0.511,-0.004,0.0,0.0
73.79009628295898,0.141,-0.235,1.362,-0.078,0.6,-0.002,0.0,0.0
73.7998833656311,0.546,-0.206,1.314,-0.054,0.393,-0.002,0.0,0.0
73.80985140800476,0.141,-0.238,1.422,0.109,0.518,-0.004,0.0,0.0
73.82007241249084,0.535,-0.211,1.25,0.21,0.509,-0.004,0.0,0.0
73.82994318008423,0.141,-0.241,1.206,0.041,0.575,0.0,0.0,0.0
73.83981704711914,0.568,-0.182,1.392,-0.036,0.423,-0.003,-0.001,0.001
73.85013175010681,0.327,-0.268,1.32,-0.206,0.379,-0.005,0.0,0.0
73.86004185676575,0.13,-0.253,1.238,0.002,0.516,-0.002,0.0,0.0
73.86979413032532,0.568,-0.132,1.412,0.013,0.526,-0.002,0.0,0.0
73.88143110275269,0.36,-0.219,1.24,0.186,0.517,-0.003,0.0,0.0
73.89001989364624,0.349,-0.277,1.343,0.38,0.43,-0.002,0.0,0.0
73.90006113052368,0.36,-0.142,1.206,0.021,0.474,-0.008,0.0,0.0
73.9098916053772,0.349,-0.172,1.122,-0.07,0.574,-0.007,0.0,0.0
73.92014908790588,0.349,-0.173,1.281,0.213,0.482,-0.004,0.0,0.0
73.93004512786865,0.36,-0.202,1.213,0.004,0.566,0.0,0.0,0.0
73.9398512840271,0.338,-0.204,1.366,0.029,0.495,-0.002,0.0,0.0
73.95008945465088,0.349,-0.233,1.398,0.113,0.444,-0.004,0.0,0.0
73.96040391921997,0.36,-0.18,1.15,-0.39,0.572,-0.004,0.0,0.0
73.96987724304199,0.327,-0.203,1.184,-0.243,0.585,0.0,0.0,0.0
73.97992324829102,0.557,-0.194,1.402,0.142,0.425,-0.009,0.0,0.0
73.99084877967834,0.119,-0.218,1.291,0.274,0.427,-0.001,0.0,0.0
74.0000205039978,0.349,-0.178,1.235,-0.183,0.512,0.0,0.0,0.0
74.00985789299011,0.36,-0.153,1.229,-0.045,0.382,-0.006,0.0,0.0
74.01974940299988,0.349,-0.212,1.135,0.164,0.422,-0.005,0.0,0.0
74.0304696559906,0.141,-0.219,1.411,0.062,0.457,-0.002,0.0,0.0
74.03982639312744,0.327,-0.133,1.093,-0.019,0.593,-0.008,0.0,0.0
74.04987096786499,0.316,-0.196,1.374,0.358,0.444,-0.007,0.0,0.0
74.06071448326111,0.327,-0.207,1.196,-0.048,0.46,-0.006,0.0,0.0
74.0705726146698,0.557,-0.155,1.253,-0.261,0.604,-0.003,0.0,0.0
74.0798511505127,0.13,-0.241,1.289,-0.147,0.62,-0.009,0.0,0.0
74.09002089500427,0.546,-0.219,1.409,0.183,0.414,-0.007,0.0,0.0
74.10075187683105,0.13,-0.268,1.314,0.092,0.407,0.0,0.0,0.0
74.10985946655273,0.338,-0.154,1.301,-0.057,0.541,-0.002,0.0,0.0
74.11975622177124,0.36,-0.226,1.232,0.129,0.544,0.0,0.0,0.0
74.13071894645691,0.327,-0.216,1.382,0.224,0.464,-0.006,0.0,0.0
74.13980793952942,0.546,-0.234,1.231,-0.188,0.569,-0.004,0.0,0.0
74.15006899833679,0.13,-0.257,1.286,0.311,0.474,-0.004,-0.001,0.001
74.16030192375183,0.327,-0.228,1.252,-0.11,0.586,0.0,0.0,0.0
74.1703736782074,0.349,-0.212,1.186,-0.091,0.625,-0.007,-0.001,0.001
74.17985105514526,0.535,-0.155,1.223,0.007,0.689,-0.002,0.0,0.0
74.18992519378662,0.141,-0.217,1.382,0.023,0.492,-0.005,0.0,0.0
74.20083570480347,0.338,-0.168,1.343,-0.234,0.609,0.0,0.0,0.0
74.21018934249878,0.327,-0.185,1.368,-0.053,0.531,-0.004,0.0,0.0
74.2198371887207,0.119,-0.195,1.204,-0.209,0.583,-0.009,0.0,0.0
74.2298653125763,0.524,-0.21,1.269,0.283,0.459,-0.004,0.0,0.0
74.24000072479248,0.327,-0.192,1.426,0.254,0.52,-0.008,0.0,0.0
74.25001931190491,0.546,-0.223,1.209,0.024,0.615,-0.001,0.0,0.0
74.25987386703491,0.13,-0.175,1.331,0.029,0.662,-0.006,0.0,0.0
74.27092480659485,0.327,-0.129,1.18,0.143,0.592,-0.002,0.0,0.0
74.28008770942688,0.338,-0.233,1.278,0.224,0.462,-0.006,0.0,0.0
74.29020094871521,0.316,-0.172,1.434,0.064,0.61,-0.002,0.0,0.0
74.30056023597717,0.327,-0.252,1.275,-0.175,0.61,-0.008,0.0,0.0
74.31005382537842,0.338,-0.215,1.367,-0.14,0.627,-0.003,0.0,0.0
74.31979203224182,0.557,-0.207,1.291,-0.161,0.478,-0.004,0.0,0.0
74.32977938652039,0.119,-0.227,1.216,-0.121,0.548,-0.005,0.0,0.0
74.3400068283081,0.557,-0.192,1.438,0.289,0.47,-0.006,0.0,0.0
74.34974336624146,0.338,-0.214,1.274,-0.235,0.627,-0.003,0.0,0.0
74.36015844345093,0.338,-0.205,1.411,0.173,0.47,-0.005,0.0,0.0
74.37127470970154,0.349,-0.217,1.316,0.037,0.625,-0.008,0.0,0.0
74.38006854057312,0.141,-0.248,1.286,0.294,0.542,-0.002,0.0,0.0
74.39016509056091,0.338,-0.073,1.276,-0.079,0.69,-0.007,0.0,0.0
74.40113663673401,0.316,-0.245,1.205,-0.026,0.713,-0.002,0.0,0.0
74.41073489189148,0.097,-0.247,1.296,0.368,0.509,-0.004,0.0,0.0
74.41969895362854,0.535,-0.24,1.199,-0.061,0.638,-0.001,0.0,0.0
74.42996597290039,0.546,-0.238,1.171,-0.127,0.493,-0.008,0.0,0.0
74.44007968902588,0.13,-0.23,1.319,-0.006,0.602,-0.004,-0.001,0.001
74.45005989074707,0.316,-0.277,1.211,0.128,0.57,-0.002,0.0,0.0
74.45990109443665,0.327,-0.239,1.257,-0.261,0.643,-0.006,0.0,0.0
74.47070550918579,0.327,-0.221,1.423,-0.238,0.556,-0.007,0.0,0.0
74.47998094558716,0.349,-0.154,1.238,-0.242,0.655,-0.001,0.0,0.0
74.48997831344604,0.316,-0.245,1.21,-0.066,0.6,0.0,0.0,0.0
74.50002098083496,0.546,-0.225,1.222,-0.016,0.641,-0.007,0.0,0.0
74.51018333435059,0.119,-0.242,1.245,-0.152,0.517,-0.003,0.0,0.0
74.52086639404297,0.535,-0.176,1.155,-0.03,0.666,0.0,0.0,0.0
74.53061199188232,0.349,-0.219,1.238,-0.118,0.644,-0.005,0.0,0.0
74.54012823104858,0.119,-0.248,1.239,-0.162,0.615,-0.005,0.0,0.0
74.54996418952942,0.535,-0.216,1.248,-0.102,0.641,-0.005,0.0,0.0
74.5599160194397,0.13,-0.215,1.202,-0.085,0.701,-0.004,0.0,0.0
74.57073664665222,0.535,-0.282,1.346,-0.143,0.524,-0.005,0.0,0.0
74.57994389533997,0.119,-0.273,1.241,-0.293,0.672,0.0,0.0,0.0
74.58985614776611,0.557,-0.142,1.261,0.253,0.496,0.0,0.0,0.0
74.60074782371521,0.13,-0.224,1.13,0.274,0.567,-0.004,0.0,0.0
74.61092472076416,0.119,-0.264,1.236,0.007,0.685,0.0,0.0,0.0
74.62076449394226,0.524,-0.185,1.186,-0.114,0.633,0.0,0.0,0.0
74.63070607185364,0.316,-0.223,1.267,-0.149,0.644,-0.006,0.0,0.0
74.64097023010254,0.535,-0.194,1.218,-0.085,0.687,-0.003,0.0,0.0
74.64995265007019,0.13,-0.168,1.271,-0.058,0.626,0.0,0.0,0.0
74.65975427627563,0.305,-0.17,1.457,0.18,0.568,-0.005,0.0,0.0
74.67043399810791,0.327,-0.205,1.43,0.163,0.483,-0.005,-0.001,0.001
74.68087363243103,0.327,-0.15,1.304,-0.159,0.669,0.0,0.0,0.0
74.69067668914795,0.294,-0.204,1.285,-0.007,0.536,-0.004,0.0,0.0
74.70069527626038,0.546,-0.202,1.252,-0.018,0.669,-0.004,0.0,0.0
74.71049451828003,0.316,-0.246,1.306,-0.033,0.677,-0.005,0.0,0.0
74.71983623504639,0.119,-0.14,1.299,-0.016,0.708,-0.002,0.0,0.0
74.72978639602661,0.316,-0.242,1.376,0.199,0.441,-0.004,0.0,0.0
74.74010848999023,0.327,-0.184,1.468,0.257,0.664,-0.003,0.0,0.0
74.75034356117249,0.327,-0.176,1.322,-0.121,0.591,-0.002,0.0,0.0
74.76042437553406,0.327,-0.132,1.231,-0.083,0.648,-0.008,0.0,0.0
74.77025294303894,0.305,-0.175,1.234,-0.027,0.669,-0.005,-0.001,0.001
74.78066372871399,0.119,-0.146,1.259,-0.029,0.719,-0.004,0.0,0.0
74.79053521156311,0.119,-0.209,1.281,0.031,0.662,-0.003,0.0,0.0
74.79978942871094,0.513,-0.13,1.194,-0.01,0.7,-0.005,0.0,0.0
74.81094264984131,0.294,-0.199,1.445,0.144,0.539,-0.006,0.0,0.0
74.81982827186584,0.305,-0.208,1.24,-0.038,0.517,-0.003,0.0,0.0
74.82981419563293,0.305,-0.167,1.418,-0.078,0.487,-0.007,0.0,0.0
74.84067916870117,0.502,-0.188,1.256,-0.097,0.728,-0.006,0.0,0.0
74.84993958473206,0.108,-0.187,1.301,-0.098,0.691,-0.005,0.0,0.0
74.85977959632874,0.524,-0.185,1.275,0.068,0.531,-0.004,0.0,0.0
74.8701581954956,0.305,-0.19,1.435,0.263,0.632,-0.002,0.0,0.0
74.88092470169067,0.086,-0.179,1.319,-0.322,0.664,0.0,0.0,0.0
74.89006471633911,0.524,-0.243,1.329,-0.005,0.7,-0.007,0.0,0.0
74.90083265304565,0.305,-0.168,1.273,0.023,0.662,-0.007,0.0,0.0
74.91060829162598,0.327,-0.201,1.171,-0.221,0.683,-0.001,0.0,0.0
74.92053580284119,0.316,-0.18,1.271,-0.288,0.652,-0.005,0.0,0.0
74.92985153198242,0.524,-0.115,1.307,-0.229,0.747,-0.007,0.0,0.0
74.94028615951538,0.13,-0.266,1.483,0.141,0.519,-0.011,0.0,0.0
74.95036101341248,0.108,-0.179,1.296,-0.035,0.685,-0.002,0.0,0.0
74.95976662635803,0.513,-0.151,1.283,-0.228,0.764,-0.009,0.0,0.0
74.9701018333435,0.097,-0.181,1.401,0.047,0.502,-0.008,-0.001,0.001
74.98005437850952,0.513,-0.207,1.314,-0.138,0.664,-0.009,0.0,0.0
74.9899787902832,0.294,-0.169,1.349,-0.023,0.599,-0.004,0.0,0.0
75.0003387928009,0.546,-0.169,1.261,0.221,0.593,-0.004,0.0,0.0
75.0104706287384,0.13,-0.145,1.273,-0.209,0.746,0.0,0.0,0.0
75.02080154418945,0.513,-0.115,1.215,-0.027,0.727,-0.007,0.0,0.0
75.02978110313416,0.108,-0.192,1.218,0.249,0.717,-0.006,0.0,0.0
75.04012656211853,0.305,-0.189,1.368,0.16,0.615,-0.007,0.0,0.0
75.05083703994751,0.502,-0.194,1.269,-0.074,0.803,-0.004,0.0,0.0
75.06001710891724,0.327,-0.217,1.273,-0.163,0.705,-0.002,0.0,0.0
75.0702862739563,0.338,-0.194,1.384,-0.01,0.648,0.0,-0.001,0.001
75.08020997047424,0.305,-0.184,1.154,-0.234,0.735,0.0,0.0,0.0
75.09038376808167,0.535,-0.18,1.227,-0.224,0.747,-0.009,0.0,0.0
75.09984111785889,0.13,-0.146,1.245,-0.086,0.778,-0.006,0.0,0.0
75.10994911193848,0.535,-0.175,1.447,0.101,0.557,-0.005,0.0,0.0
75.1198878288269,0.13,-0.216,1.314,0.106,0.689,-0.001,0.0,0.0
75.12989521026611,0.305,-0.219,1.333,0.197,0.488,-0.004,0.0,0.0
75.13966989517212,0.316,-0.224,1.362,0.023,0.603,-0.003,0.0,0.0
75.15027594566345,0.316,-0.237,1.434,0.136,0.557,-0.005,0.0,0.0
75.15980672836304,0.349,-0.153,1.205,-0.075,0.703,-0.006,0.0,0.0
75.16980457305908,0.327,-0.22,1.355,0.183,0.689,-0.005,0.0,0.0
75.17988967895508,0.338,-0.219,1.444,0.236,0.617,-0.004,0.0,0.0
75.19110441207886,0.316,-0.226,1.29,-0.037,0.66,-0.002,0.0,0.0
75.19974517822266,0.316,-0.269,1.305,-0.003,0.772,-0.002,0.0,0.0
75.21002388000488,0.305,-0.221,1.43,0.066,0.548,-0.006,0.0,0.0
75.22053647041321,0.097,-0.229,1.474,-0.19,0.557,-0.006,0.0,0.0
75.22979164123535,0.524,-0.127,1.295,-0.033,0.685,-0.005,0.0,0.0
75.24068188667297,0.316,-0.194,1.246,0.257,0.591,-0.002,0.0,0.0
75.2500810623169,0.338,-0.114,1.265,-0.206,0.686,0.0,0.0,0.0
75.26005339622498,0.119,-0.186,1.238,-0.253,0.729,-0.008,0.0,0.0
75.26978826522827,0.513,-0.222,1.41,-0.135,0.55,-0.006,0.0,0.0
75.28051781654358,0.327,-0.229,1.428,-0.039,0.657,-0.005,0.0,0.0
75.29068183898926,0.108,-0.147,1.229,-0.213,0.76,-0.005,0.0,0.0
75.30069088935852,0.316,-0.158,1.256,-0.282,0.669,-0.005,0.0,0.0
75.30977773666382,0.327,-0.225,1.222,-0.185,0.747,-0.003,0.0,0.0
75.32003378868103,0.524,-0.207,1.359,0.097,0.548,-0.012,0.0,0.0
75.32991862297058,0.13,-0.207,1.252,-0.03,0.568,-0.002,0.0,0.0
75.33975958824158,0.294,-0.219,1.424,0.029,0.598,0.0,0.0,0.0
75.3499984741211,0.294,-0.207,1.323,0.161,0.5,-0.004,0.0,0.0
75.36020731925964,0.524,-0.218,1.219,0.06,0.691,-0.009,0.0,0.0
75.36981296539307,0.349,-0.164,1.162,-0.063,0.676,-0.003,0.0,0.0
75.38144302368164,0.316,-0.195,1.523,0.108,0.576,-0.002,0.0,0.0
75.38998365402222,0.316,-0.207,1.431,0.187,0.531,0.0,0.0,0.0
75.40098905563354,0.108,-0.175,1.288,-0.017,0.771,-0.005,0.0,0.0
75.41065835952759,0.502,-0.222,1.456,-0.148,0.777,0.0,0.0,0.0
75.42097163200378,0.316,-0.092,1.335,-0.108,0.73,-0.005,-0.001,0.001
75.43006491661072,0.546,-0.206,1.305,-0.055,0.728,-0.004,0.0,0.0
75.44071698188782,0.338,-0.116,1.285,-0.017,0.637,-0.005,0.0,0.0
75.45078229904175,0.327,-0.137,1.163,-0.146,0.752,-0.007,0.0,0.0
75.4597418308258,0.546,-0.213,1.355,0.022,0.582,-0.003,0.0,0.0
75.46985411643982,0.13,-0.227,1.402,0.26,0.639,-0.006,0.0,0.0
75.47990131378174,0.557,-0.199,1.463,-0.129,0.635,-0.002,0.0,0.0
75.49077248573303,0.13,-0.202,1.352,0.074,0.638,-0.004,0.0,0.0
75.49984955787659,0.338,-0.22,1.358,-0.205,0.697,0.0,0.0,0.0
75.51082992553711,0.568,-0.181,1.359,0.144,0.71,-0.002,0.0,0.0
75.51996088027954,0.13,-0.29,1.427,-0.203,0.653,-0.007,0.0,0.0
75.53029227256775,0.546,-0.192,1.262,-0.296,0.533,-0.004,0.0,0.0
75.53976440429688,0.36,-0.208,1.213,-0.234,0.674,-0.007,-0.001,0.001
75.55009865760803,0.141,-0.213,1.496,0.071,0.61,-0.002,0.0,0.0
75.56019711494446,0.557,-0.172,1.284,0.077,0.709,-0.001,-0.001,0.001
75.56988286972046,0.371,-0.214,1.33,-0.233,0.773,0.0,0.0,0.0
75.57980871200562,0.371,-0.216,1.299,0.053,0.724,-0.004,0.0,0.0
75.59070587158203,0.173,-0.217,1.344,0.074,0.741,-0.003,0.0,0.0
75.60043287277222,0.557,-0.248,1.288,-0.163,0.688,-0.002,0.0,0.0
75.6098563671112,0.36,-0.164,1.286,-0.36,0.683,-0.003,0.0,0.0
75.61978316307068,0.36,-0.21,1.481,0.149,0.636,-0.004,0.0,0.0
75.62974524497986,0.36,-0.216,1.415,-0.072,0.565,-0.008,0.0,0.0
75.63978481292725,0.371,-0.211,1.501,-0.157,0.574,-0.002,0.0,0.0
75.6501214504242,0.568,-0.222,1.506,0.207,0.643,-0.004,0.0,0.0
75.66023778915405,0.162,-0.226,1.257,-0.041,0.739,-0.001,0.0,0.0
75.67037749290466,0.371,-0.175,1.318,-0.163,0.852,-0.006,0.0,0.0
75.68056678771973,0.36,-0.196,1.172,-0.067,0.812,-0.008,0.0,0.0
75.69063639640808,0.382,-0.234,1.362,-0.274,0.785,-0.004,0.0,0.0
75.69980216026306,0.36,-0.251,1.244,-0.141,0.757,-0.004,0.0,0.0
75.71028757095337,0.36,-0.184,1.463,0.313,0.639,-0.003,0.0,0.0
75.71979284286499,0.59,-0.154,1.297,0.018,0.789,-0.002,0.0,0.0
75.7300021648407,0.371,-0.219,1.431,0.15,0.693,-0.008,0.0,0.0
75.74063396453857,0.36,-0.219,1.384,-0.07,0.717,-0.006,0.0,0.0
75.75028872489929,0.393,-0.188,1.26,-0.29,0.83,-0.002,0.0,0.0
75.76038312911987,0.557,-0.207,1.28,-0.22,0.85,-0.01,0.0,0.0
75.7707211971283,0.393,-0.219,1.196,-0.243,0.808,-0.012,0.0,0.0
75.78079390525818,0.184,-0.261,1.255,-0.102,0.889,-0.007,0.0,0.0
75.79060387611389,0.59,-0.24,1.394,-0.262,0.767,-0.004,0.0,0.0
75.80032134056091,0.184,-0.211,1.243,-0.347,0.758,-0.009,0.0,0.0
75.81056642532349,0.393,-0.255,1.181,-0.115,0.703,-0.007,0.0,0.0
75.82039046287537,0.601,-0.231,1.242,-0.088,0.79,-0.001,0.0,0.0
75.82989931106567,0.195,-0.142,1.148,-0.123,0.811,-0.009,0.0,0.0
75.83996558189392,0.382,-0.192,1.428,0.087,0.661,-0.008,0.0,0.0
75.85102558135986,0.393,-0.229,1.334,0.276,0.766,-0.008,0.0,0.0
75.8606767654419,0.173,-0.251,1.292,0.206,0.766,-0.002,0.0,0.0
75.86994481086731,0.59,-0.234,1.318,-0.118,0.804,-0.007,0.0,0.0
75.87991333007812,0.393,-0.176,1.22,-0.062,0.789,-0.008,0.0,0.0
75.8901743888855,0.162,-0.207,1.34,-0.093,0.877,-0.005,-0.001,0.001
75.90074753761292,0.371,-0.168,1.304,-0.029,0.795,-0.006,0.0,0.0
75.91067600250244,0.382,-0.243,1.236,-0.278,0.75,-0.002,0.0,0.0
75.91993141174316,0.382,-0.119,1.193,-0.131,0.747,-0.005,0.0,0.0
75.93011975288391,0.173,-0.208,1.232,-0.345,0.612,-0.01,0.0,0.0
75.940682888031,0.59,-0.202,1.262,-0.283,0.83,-0.004,0.0,0.0
75.95002961158752,0.393,-0.192,1.158,0.017,0.813,-0.002,0.0,0.0
75.95989394187927,0.393,-0.222,1.221,-0.164,0.698,-0.007,0.0,0.0
75.96998572349548,0.184,-0.222,1.29,0.069,0.717,-0.006,0.0,0.0
75.98013925552368,0.327,-0.212,1.385,-0.121,0.839,-0.007,0.0,0.0
75.99076461791992,0.36,-0.194,1.298,-0.155,0.752,-0.002,0.0,0.0
76.00070214271545,0.36,-0.17,1.352,-0.009,0.79,-0.004,0.0,0.0
76.01061987876892,0.162,-0.192,1.378,-0.256,0.814,-0.007,0.0,0.0
76.02084851264954,0.36,-0.173,1.284,-0.013,0.851,-0.008,0.0,0.0
76.03067350387573,0.349,-0.219,1.273,-0.095,0.749,-0.005,0.0,0.0
76.03968811035156,0.579,-0.176,1.245,-0.267,0.828,-0.008,0.0,0.0
76.0497829914093,0.371,-0.15,1.462,-0.042,0.608,-0.006,0.0,0.0
76.06062364578247,0.162,-0.155,1.449,0.041,0.705,-0.005,0.0,0.0
76.06975245475769,0.349,-0.134,1.336,-0.17,0.929,-0.007,0.0,0.0
76.07975721359253,0.36,-0.202,1.477,0.108,0.682,-0.006,0.0,0.0
76.08988094329834,0.568,-0.178,1.465,-0.032,0.703,-0.004,0.0,0.0
76.10075163841248,0.162,-0.146,1.471,0.259,0.748,-0.004,0.0,0.0
76.11073970794678,0.557,-0.193,1.367,-0.205,0.64,-0.005,0.0,0.0
76.12076592445374,0.162,-0.103,1.358,-0.274,0.817,-0.004,0.0,0.0
76.13088178634644,0.36,-0.189,1.294,-0.111,0.843,-0.003,0.0,0.0
76.14055228233337,0.152,-0.213,1.268,-0.285,0.833,-0.009,-0.001,0.001
76.14984941482544,0.327,-0.143,1.262,-0.325,0.86,-0.006,0.0,0.0
76.16131639480591,0.36,-0.203,1.344,-0.095,0.675,-0.009,0.0,0.0
76.16997218132019,0.535,-0.237,1.457,0.065,0.698,-0.005,0.0,0.0
76.17993211746216,0.152,-0.206,1.241,-0.319,0.712,-0.008,0.0,0.0
76.19089937210083,0.349,-0.224,1.308,0.014,0.829,-0.004,0.0,0.0
76.19996857643127,0.349,-0.16,1.326,-0.112,0.817,-0.006,0.0,0.0
76.2107675075531,0.349,-0.209,1.429,-0.313,0.837,-0.005,0.0,0.0
76.22016978263855,0.349,-0.238,1.348,-0.081,0.856,-0.006,0.0,0.0
76.22992897033691,0.141,-0.232,1.36,-0.084,0.906,-0.007,0.0,0.0
76.23989081382751,0.546,-0.174,1.334,-0.231,0.761,-0.002,0.0,0.0
76.2497329711914,0.141,-0.187,1.464,-0.046,0.868,-0.007,0.0,0.0
76.26110672950745,0.305,-0.209,1.488,0.097,0.772,-0.008,0.0,0.0
76.27106976509094,0.327,-0.173,1.435,-0.056,0.874,-0.005,0.0,0.0
76.28118467330933,0.546,-0.241,1.349,0.159,0.734,-0.005,0.0,0.0
76.29003953933716,0.13,-0.222,1.353,0.132,0.826,-0.009,0.0,0.0
76.29991555213928,0.316,-0.207,1.405,-0.188,0.914,-0.012,0.0,0.0
76.31108045578003,0.097,-0.167,1.294,-0.278,0.837,-0.002,0.0,0.0
76.3195812702179,0.524,-0.188,1.409,0.096,0.667,-0.009,0.0,0.0
76.33098125457764,0.524,-0.202,1.516,0.052,0.805,-0.007,-0.001,-0.001
76.33984851837158,0.13,-0.213,1.282,-0.236,0.87,0.0,0.0,0.0
76.34982347488403,0.327,-0.198,1.304,0.227,0.782,-0.004,0.0,0.0
76.36025071144104,0.108,-0.169,1.473,-0.083,0.742,-0.007,0.0,0.0
76.37037825584412,0.502,-0.17,1.357,-0.283,1.029,-0.007,0.0,0.0
76.3798041343689,0.305,-0.142,1.257,-0.15,0.81,0.0,0.0,0.0
76.38993716239929,0.097,-0.203,1.292,0.061,0.833,-0.004,0.0,0.0
76.40066146850586,0.294,-0.18,1.374,0.051,0.726,-0.005,0.0,0.0
76.40996766090393,0.305,-0.209,1.303,-0.243,0.912,-0.004,0.0,0.0
76.41986727714539,0.305,-0.162,1.279,-0.02,0.913,-0.002,0.0,0.0
76.43065881729126,0.524,-0.206,1.38,0.104,0.828,-0.005,0.0,0.0
76.43997550010681,0.305,-0.249,1.388,-0.262,0.874,-0.006,0.0,0.0
76.44993495941162,0.316,-0.19,1.452,-0.092,0.698,-0.005,0.0,0.0
76.46037530899048,0.305,-0.221,1.385,-0.049,0.788,-0.003,0.0,0.0
76.4700186252594,0.316,-0.149,1.385,-0.123,0.91,-0.009,0.0,0.0
76.47987341880798,0.305,-0.182,1.248,0.023,0.756,-0.005,0.0,0.0
76.48995566368103,0.305,-0.201,1.416,0.125,0.808,-0.001,0.0,0.0
76.50078010559082,0.305,-0.201,1.348,-0.257,0.794,-0.002,0.0,0.0
76.51070141792297,0.294,-0.209,1.302,-0.317,0.854,-0.003,0.0,0.0
76.51980876922607,0.524,-0.198,1.325,-0.212,0.83,-0.004,0.0,0.0
76.53019046783447,0.108,-0.246,1.283,-0.098,0.697,-0.002,0.0,0.0
76.54067778587341,0.075,-0.207,1.322,-0.112,0.93,-0.004,0.0,0.0
76.54963827133179,0.294,-0.161,1.291,-0.291,0.871,-0.001,0.0,0.0
76.56052565574646,0.71,-0.209,1.447,0.183,0.659,0.0,0.0,0.0
76.57042860984802,0.108,-0.178,1.306,-0.222,0.891,0.0,0.0,0.0
76.57996320724487,0.086,-0.152,1.383,-0.318,0.813,-0.004,0.0,0.0
76.59009957313538,0.502,-0.195,1.284,0.097,0.749,-0.01,0.0,0.0
76.60009551048279,-0.133,-0.205,1.256,-0.278,0.828,-0.01,0.0,0.0
76.60983490943909,0.283,-0.147,1.353,0.115,0.814,-0.006,0.0,0.0
76.61977100372314,0.272,-0.233,1.39,-0.077,0.683,-0.007,0.0,0.0
76.63011932373047,0.283,-0.219,1.446,0.042,0.698,-0.004,0.0,0.0
76.64081764221191,0.283,-0.21,1.355,-0.231,0.755,-0.004,0.0,0.0
76.64993166923523,0.25,-0.195,1.445,-0.213,0.708,-0.004,0.0,0.0
76.66056489944458,0.272,-0.173,1.176,-0.273,0.688,-0.005,0.0,0.0
76.67073488235474,0.25,-0.171,1.347,-0.351,0.873,-0.004,0.0,0.0
76.68028593063354,0.283,-0.186,1.345,-0.266,0.882,-0.005,0.0,0.0
76.69002413749695,0.25,-0.163,1.262,-0.108,0.865,-0.008,0.0,0.0
76.70063805580139,0.261,-0.155,1.255,0.003,0.665,-0.01,0.0,0.0
76.7105622291565,0.272,-0.157,1.354,-0.282,0.872,-0.004,0.0,0.0
76.7207715511322,0.25,-0.135,1.361,-0.251,0.796,-0.001,0.0,0.0
76.73073148727417,0.261,-0.23,1.331,-0.246,0.869,-0.005,0.0,0.0
76.74110388755798,0.064,-0.219,1.285,-0.282,0.891,-0.009,0.0,0.0
76.74984622001648,0.469,-0.236,1.37,-0.15,0.698,-0.007,0.0,0.0
76.75978946685791,0.48,-0.19,1.426,-0.027,0.756,-0.01,0.0,0.0
76.77070999145508,0.053,-0.202,1.453,0.094,0.667,-0.01,0.0,0.0
76.78047966957092,0.469,-0.189,1.366,-0.08,0.86,-0.004,-0.001,0.001
76.78983926773071,0.272,-0.164,1.313,-0.182,0.863,-0.005,0.0,0.0
76.80068588256836,0.469,-0.194,1.485,-0.179,0.738,-0.014,0.0,0.0
76.80994272232056,0.064,-0.196,1.362,-0.186,0.793,-0.01,0.0,0.0
76.81984686851501,0.042,-0.194,1.326,-0.07,0.719,-0.011,0.0,0.0
76.82983684539795,0.239,-0.208,1.375,0.019,0.682,-0.007,0.0,0.0
76.84065842628479,0.25,-0.187,1.394,0.174,0.742,-0.01,0.0,0.0
76.84980297088623,0.261,-0.213,1.428,-0.143,0.854,-0.004,0.0,0.0
76.85997867584229,0.02,-0.198,1.315,0.103,0.764,-0.006,0.0,0.0
76.87116885185242,0.239,-0.223,1.347,0.25,0.845,-0.01,0.0,0.0
76.88021993637085,0.239,-0.198,1.388,-0.164,0.911,-0.006,0.0,0.0
76.88978981971741,0.239,-0.185,1.34,-0.237,0.91,-0.011,0.0,0.0
76.90048861503601,0.228,-0.201,1.509,0.087,0.817,-0.01,0.0,0.0
76.91022968292236,0.009,-0.178,1.391,-0.275,0.871,-0.007,0.0,0.0
76.92104387283325,0.436,-0.217,1.332,-0.276,0.856,-0.012,0.0,0.0
76.9298243522644,0.228,-0.208,1.382,0.089,0.715,-0.006,0.0,0.0
76.94010376930237,0.25,-0.186,1.378,0.05,0.869,-0.011,0.0,0.0
76.95015573501587,0.217,-0.179,1.406,-0.203,0.869,-0.007,0.0,0.0
76.95990347862244,0.447,-0.195,1.437,-0.211,0.853,-0.009,0.0,0.0
76.9705023765564,0.239,-0.175,1.431,-0.012,0.754,-0.01,0.0,0.0
76.98090887069702,0.228,-0.166,1.215,-0.186,0.948,-0.002,0.0,0.0
76.99079608917236,0.217,-0.198,1.315,0.146,0.86,-0.011,0.0,0.0
77.00048756599426,0.228,-0.163,1.301,-0.178,0.832,-0.012,0.0,0.0
77.01096320152283,0.239,-0.157,1.34,-0.387,0.844,-0.009,0.0,0.0
77.01984596252441,0.447,-0.241,1.394,-0.036,0.869,0.0,0.0,0.0
77.02983117103577,0.239,-0.179,1.311,-0.178,0.815,-0.003,0.0,0.0
77.0399112701416,0.25,-0.194,1.407,0.089,0.7,-0.006,0.0,0.0
77.05013275146484,0.031,-0.175,1.383,0.12,0.825,-0.007,0.0,0.0
77.05980372428894,0.228,-0.192,1.358,-0.145,0.765,-0.006,0.0,0.0
77.07076930999756,0.436,-0.21,1.468,-0.094,0.764,-0.01,0.0,0.0
77.08024525642395,0.239,-0.203,1.328,-0.295,0.843,-0.006,0.0,0.0
77.08982610702515,0.02,-0.171,1.41,-0.102,0.931,-0.001,0.0,0.0
77.09981989860535,0.228,-0.204,1.451,0.085,0.918,0.0,0.0,0.0
77.11072254180908,0.217,-0.181,1.459,-0.149,0.762,-0.004,0.0,0.0
77.1199095249176,0.206,-0.212,1.336,-0.212,0.941,-0.008,0.0,0.0
77.12977147102356,0.217,-0.195,1.469,-0.193,0.784,-0.007,-0.001,0.001
77.14037442207336,0.195,-0.22,1.387,0.053,0.752,-0.002,0.0,0.0
77.14995265007019,0.217,-0.212,1.381,-0.169,0.915,-0.011,0.0,0.0
77.15989208221436,0.447,-0.201,1.302,0.03,0.818,-0.007,0.0,0.0
77.1704752445221,0.217,-0.218,1.299,-0.168,0.823,-0.006,0.0,0.0
77.17990612983704,0.228,-0.214,1.295,-0.344,0.91,-0.004,0.0,0.0
77.18986988067627,0.425,-0.243,1.323,0.069,0.75,-0.008,0.0,0.0
77.19984269142151,0.217,-0.226,1.414,-0.044,0.768,-0.008,0.0,0.0
77.21010518074036,0.25,-0.214,1.436,-0.104,0.812,-0.006,0.0,0.0
77.2207350730896,0.217,-0.208,1.381,-0.216,0.888,-0.003,0.0,0.0
77.22971963882446,0.677,-0.172,1.344,-0.344,0.957,-0.009,0.0,0.0
77.23992252349854,0.272,-0.226,1.332,0.022,0.674,-0.011,0.0,0.0
77.25033259391785,0.272,-0.217,1.468,-0.307,0.849,-0.004,0.0,0.0
77.25987434387207,0.261,-0.2,1.319,-0.221,0.863,-0.003,0.0,0.0
77.27058267593384,0.48,-0.215,1.474,-0.147,0.708,-0.002,0.0,0.0
77.27990102767944,0.064,-0.156,1.275,-0.466,0.873,-0.007,0.0,0.0
77.28992199897766,0.458,-0.201,1.407,-0.169,0.864,-0.004,-0.001,0.001
77.29987812042236,0.272,-0.202,1.303,0.158,0.903,-0.004,0.0,0.0
77.30989789962769,0.261,-0.17,1.471,-0.156,0.703,-0.011,0.0,0.0
77.31997013092041,0.283,-0.176,1.374,0.117,0.789,-0.009,0.0,0.0
77.32981824874878,0.283,-0.177,1.294,-0.032,0.809,-0.006,0.0,0.0
77.33983588218689,0.283,-0.195,1.41,-0.163,0.773,-0.006,0.0,0.0
77.35002279281616,0.272,-0.171,1.465,-0.056,0.787,-0.006,0.0,0.0
77.35973286628723,0.283,-0.179,1.311,-0.002,0.882,-0.006,0.0,0.0
77.37015199661255,0.513,-0.185,1.494,-0.019,0.768,-0.005,-0.001,0.001
77.38018417358398,0.294,-0.188,1.469,-0.154,0.856,-0.005,0.0,0.0
77.38981080055237,0.075,-0.214,1.312,-0.24,0.794,-0.009,0.0,0.0
77.39980673789978,0.502,-0.196,1.517,0.112,0.82,-0.01,0.0,0.0
77.41058588027954,0.316,-0.191,1.498,0.018,0.844,-0.007,0.0,0.0
77.4208014011383,0.502,-0.146,1.288,-0.244,0.914,-0.005,0.0,0.0
77.42980813980103,0.316,-0.18,1.329,-0.197,0.829,-0.002,0.0,0.0
77.43979144096375,0.108,-0.187,1.465,-0.034,0.824,-0.003,0.0,0.0
77.4508171081543,0.48,-0.203,1.403,-0.003,0.814,-0.006,0.0,0.0
77.45972657203674,0.316,-0.192,1.459,-0.034,0.874,-0.003,0.0,0.0
77.47007155418396,0.524,-0.209,1.503,0.095,0.793,-0.007,0.0,0.0
77.48040866851807,0.327,-0.231,1.288,0.024,0.928,-0.009,0.0,0.0
77.49005627632141,0.546,-0.199,1.359,-0.165,0.953,-0.006,0.0,0.0
77.50045895576477,0.119,-0.187,1.319,-0.157,0.823,-0.004,0.0,0.0
77.51080441474915,0.546,-0.187,1.345,-0.126,0.968,-0.005,0.0,0.0
77.51967692375183,0.349,-0.189,1.453,-0.153,0.89,-0.003,0.0,0.0
77.53027033805847,0.338,-0.22,1.479,0.126,0.816,-0.009,0.0,0.0
77.53983354568481,0.338,-0.194,1.365,-0.315,0.898,-0.009,0.0,0.0
77.54991579055786,0.36,-0.135,1.308,-0.149,0.885,-0.011,0.0,0.0
77.5608160495758,0.557,-0.205,1.371,-0.291,0.861,-0.007,0.0,0.0
77.5699553489685,0.371,-0.165,1.458,-0.293,0.802,-0.002,0.0,0.0
77.58024048805237,0.173,-0.184,1.354,-0.019,0.824,-0.004,0.0,0.0
77.58986210823059,0.557,-0.214,1.391,-0.219,0.859,-0.003,0.0,0.0
77.600430727005,0.173,-0.154,1.316,0.024,0.824,-0.005,0.0,0.0
77.61016845703125,0.371,-0.128,1.43,-0.284,0.959,-0.005,0.0,0.0
77.61973977088928,0.36,-0.167,1.337,-0.255,0.867,-0.004,0.0,0.0
77.6301326751709,0.349,-0.187,1.591,-0.094,0.836,-0.004,0.0,0.0
77.63985919952393,0.152,-0.168,1.458,0.042,0.898,-0.003,0.0,0.0
77.64983987808228,0.579,-0.195,1.429,-0.021,0.798,-0.004,0.0,0.0
77.6600272655487,0.36,-0.181,1.505,0.074,0.886,-0.004,0.0,0.0
77.6710615158081,0.371,-0.172,1.358,0.075,0.877,-0.006,0.0,0.0
77.6799795627594,0.59,-0.191,1.431,-0.108,0.81,-0.002,0.0,0.0
77.68993282318115,0.162,-0.144,1.403,-0.133,0.919,-0.003,0.0,0.0
77.7007896900177,0.59,-0.16,1.408,0.068,0.904,-0.007,-0.001,0.001
77.71081948280334,0.195,-0.167,1.407,-0.243,0.887,-0.007,0.0,0.0
77.72070360183716,0.601,-0.123,1.385,-0.188,0.883,0.0,0.0,0.0
77.73064136505127,0.59,-0.17,1.38,-0.392,0.942,-0.009,0.0,0.0
77.73992609977722,0.184,-0.174,1.349,-0.26,0.928,-0.007,0.0,0.0
77.74984216690063,0.404,-0.174,1.457,0.054,0.918,-0.006,0.0,0.0
77.75981020927429,0.601,-0.17,1.377,-0.099,0.824,-0.002,-0.001,0.001
77.77029347419739,0.195,-0.184,1.551,0.067,0.753,-0.002,0.0,0.0
77.78030753135681,0.393,-0.196,1.394,-0.146,0.858,-0.003,0.0,0.0
77.78994798660278,0.393,-0.152,1.349,-0.168,0.874,-0.009,0.0,0.0
77.80026006698608,0.393,-0.187,1.29,-0.097,0.829,-0.005,0.0,0.0
77.81049013137817,0.404,-0.184,1.271,-0.196,0.861,-0.001,0.0,0.0
77.81978917121887,0.404,-0.148,1.326,-0.173,0.936,-0.005,0.0,0.0
77.82989239692688,0.404,-0.191,1.426,-0.022,0.781,-0.007,0.0,0.0
77.84089851379395,0.425,-0.185,1.323,-0.066,0.78,-0.005,0.0,0.0
77.84997224807739,0.425,-0.226,1.382,-0.169,0.856,-0.004,0.0,0.0
77.85975909233093,0.404,-0.184,1.453,-0.103,0.833,-0.004,0.0,0.0
77.87082648277283,0.436,-0.19,1.434,0.034,0.901,-0.007,0.0,0.0
77.8807852268219,0.404,-0.19,1.413,-0.145,0.898,-0.003,0.0,0.0
77.89012479782104,0.425,-0.168,1.365,-0.213,1.047,-0.004,0.0,0.0
77.89972615242004,0.206,-0.169,1.291,-0.203,0.963,-0.007,0.0,0.0
77.91053009033203,0.634,-0.167,1.346,-0.036,0.807,-0.011,0.0,0.0
77.91993498802185,0.425,-0.161,1.418,-0.234,0.954,-0.008,0.0,0.0
77.92984223365784,-0.013,-0.171,1.52,-0.1,0.833,-0.008,0.0,0.0
77.93979787826538,0.404,-0.153,1.486,-0.198,0.762,-0.004,0.0,0.0
77.95051598548889,0.623,-0.155,1.481,-0.079,0.769,-0.005,0.0,0.0
77.96013760566711,0.404,-0.12,1.278,-0.285,0.898,-0.005,0.0,0.0
77.97063660621643,0.195,-0.114,1.296,-0.214,0.905,-0.008,0.0,0.0
77.98157691955566,0.195,-0.091,1.298,-0.237,0.903,-0.007,0.0,0.0
77.99004697799683,0.601,-0.16,1.405,-0.019,0.783,-0.002,0.0,0.0
78.00098204612732,0.393,-0.113,1.328,-0.28,0.867,-0.008,0.0,0.0
78.01078414916992,0.414,-0.173,1.28,-0.215,0.891,-0.007,0.0,0.0
78.0207028388977,-0.024,-0.144,1.302,-0.188,0.852,-0.007,0.0,0.0
78.02970504760742,0.612,-0.135,1.306,-0.292,0.842,-0.004,0.0,0.0
78.03984117507935,0.382,-0.129,1.378,0.07,0.77,-0.011,0.0,0.0
78.0499758720398,0.404,-0.151,1.371,-0.003,0.797,-0.008,0.0,0.0
78.06029510498047,0.623,-0.122,1.391,-0.161,0.812,-0.007,0.0,0.0
78.07003736495972,0.404,-0.151,1.33,-0.273,0.888,-0.005,0.0,0.0
78.08028745651245,0.195,-0.121,1.348,-0.202,0.886,-0.008,0.0,0.0
78.09089756011963,0.634,-0.136,1.277,-0.328,0.877,-0.011,0.0,0.0
78.10010099411011,0.414,-0.181,1.371,-0.144,0.892,-0.01,0.0,0.0
78.11013770103455,0.414,-0.172,1.448,-0.138,0.756,-0.01,0.0,0.0
78.12080216407776,0.414,-0.202,1.434,-0.254,0.876,-0.005,0.0,0.0
78.13033843040466,0.404,-0.193,1.379,-0.291,0.847,-0.007,0.0,0.0
78.1401014328003,0.436,-0.197,1.45,-0.234,0.913,-0.003,0.0,0.0
78.15028119087219,0.425,-0.198,1.356,-0.16,0.892,-0.009,0.0,0.0
78.15997695922852,-0.013,-0.176,1.389,-0.287,0.92,-0.007,0.0,0.0
78.17002439498901,0.623,-0.204,1.337,-0.13,0.848,-0.004,0.0,0.0
78.18071913719177,0.414,-0.203,1.304,0.05,0.857,-0.013,0.0,0.0
78.19088673591614,0.425,-0.209,1.305,-0.186,0.902,-0.008,0.0,0.0
78.20072484016418,0.184,-0.21,1.321,-0.187,0.867,-0.007,0.0,0.0
78.20998430252075,0.612,-0.225,1.401,-0.203,0.903,-0.006,0.0,0.0
78.22039318084717,0.217,-0.207,1.318,0.067,0.779,-0.005,-0.001,0.001
78.23062467575073,0.612,-0.204,1.379,-0.116,0.913,-0.004,0.0,0.0
78.23985385894775,0.184,-0.181,1.352,-0.19,0.833,-0.005,0.0,0.0
78.25047183036804,0.634,-0.172,1.325,-0.177,0.71,-0.008,0.0,0.0
78.25996541976929,0.195,-0.172,1.35,-0.151,0.896,-0.01,0.0,0.0
78.27022671699524,0.184,-0.162,1.426,-0.113,0.778,-0.008,0.0,0.0
78.28012108802795,0.568,-0.175,1.497,-0.273,0.92,-0.01,0.0,0.0
78.29068160057068,0.404,-0.175,1.427,-0.135,0.886,-0.01,0.0,0.0
78.3001058101654,0.414,-0.159,1.48,-0.015,0.881,-0.005,0.0,0.0
78.30994391441345,0.404,-0.148,1.441,-0.159,0.914,-0.005,0.0,0.0
78.32016968727112,0.612,-0.167,1.365,-0.145,0.811,-0.006,0.0,0.0
78.3300633430481,0.195,-0.124,1.369,-0.153,0.913,-0.011,0.0,0.0
78.33980655670166,0.414,-0.119,1.405,0.015,0.905,-0.006,0.0,0.0
78.34999418258667,0.404,-0.113,1.415,0.017,0.918,-0.008,0.0,0.0
78.36027002334595,0.623,-0.123,1.434,0.002,0.804,-0.002,0.0,0.0
78.36997151374817,0.447,-0.114,1.37,-0.222,0.884,-0.005,0.0,0.0
78.37983202934265,0.217,-0.118,1.373,-0.071,0.838,-0.007,0.0,0.0
78.39083003997803,0.404,-0.109,1.484,0.026,0.787,-0.009,0.0,0.0
78.40070652961731,0.195,-0.131,1.39,-0.187,0.875,-0.006,-0.001,0.001
78.40983772277832,0.393,-0.132,1.363,-0.24,0.92,-0.002,0.0,0.0
78.42094779014587,0.393,-0.124,1.313,-0.368,0.935,-0.002,0.0,0.0
78.42991805076599,0.404,-0.144,1.384,0.063,0.884,-0.005,0.0,0.0
78.43992447853088,0.393,-0.119,1.374,-0.151,0.814,-0.004,0.0,0.0
78.45003962516785,0.393,-0.137,1.377,-0.031,0.773,-0.005,0.0,0.0
78.46003341674805,0.393,-0.149,1.358,-0.214,0.789,-0.004,0.0,0.0
78.47030138969421,0.173,-0.157,1.378,-0.153,0.795,0.0,0.0,0.0
78.48004364967346,0.382,-0.144,1.439,-0.053,0.923,-0.005,0.0,0.0
78.49030137062073,0.623,-0.172,1.451,0.028,0.784,-0.008,0.0,0.0
78.500159740448,0.173,-0.174,1.385,-0.139,0.946,-0.01,0.0,0.0
78.51001358032227,0.371,-0.167,1.436,-0.221,0.842,-0.007,0.0,0.0
78.51984453201294,0.382,-0.172,1.441,-0.197,0.868,-0.003,0.0,0.0
78.5300464630127,0.601,-0.168,1.425,0.151,0.857,-0.001,0.0,0.0
78.53977918624878,0.414,-0.184,1.539,-0.22,0.83,-0.003,0.0,0.0
78.5497567653656,0.404,-0.181,1.603,-0.025,0.861,-0.005,0.0,0.0
78.56051230430603,0.404,-0.191,1.588,-0.016,0.836,-0.007,0.0,0.0
78.57009148597717,0.393,-0.145,1.421,-0.111,0.984,-0.006,0.0,0.0
78.57985854148865,0.404,-0.186,1.447,0.102,0.968,0.0,0.0,0.0
78.59012842178345,0.612,-0.195,1.551,-0.137,0.859,-0.007,0.0,0.0
78.6002721786499,0.436,-0.157,1.454,-0.087,0.95,-0.007,0.0,0.0
78.60990118980408,0.414,-0.157,1.412,-0.203,0.948,-0.004,0.0,0.0
78.61979961395264,0.425,-0.146,1.421,0.057,0.776,-0.003,0.0,0.0
78.6307487487793,0.623,-0.164,1.479,0.006,0.837,-0.001,0.0,0.0
78.63977098464966,0.425,-0.137,1.411,-0.172,0.913,-0.004,-0.001,0.001
78.6499388217926,0.425,-0.128,1.479,0.165,0.903,-0.005,0.0,0.0
78.66140937805176,0.425,-0.128,1.365,-0.208,0.874,-0.007,0.0,0.0
78.67010569572449,0.425,-0.146,1.437,0.086,0.786,-0.004,0.0,0.0
78.67986345291138,0.239,-0.129,1.375,0.045,0.928,-0.002,-0.001,0.001
78.68992137908936,0.634,-0.149,1.408,-0.151,0.79,-0.007,0.0,0.0
78.70071959495544,0.228,-0.104,1.394,0.076,0.811,-0.008,0.0,0.0
78.71004247665405,0.404,-0.114,1.399,-0.095,0.903,-0.005,0.0,0.0
78.7197813987732,0.436,-0.125,1.404,-0.042,0.855,-0.005,0.0,0.0
78.73080205917358,0.425,-0.108,1.474,0.122,0.898,-0.005,0.0,0.0
78.73979568481445,0.404,-0.083,1.495,-0.143,0.871,-0.003,0.0,0.0
78.74983263015747,0.425,-0.078,1.481,-0.107,0.895,-0.005,-0.001,0.001
78.76036715507507,0.206,-0.135,1.457,-0.156,0.877,-0.005,0.0,0.0
78.76997566223145,0.414,-0.088,1.46,-0.091,0.908,-0.005,0.0,0.0
78.77985429763794,0.195,-0.131,1.436,-0.144,0.794,-0.006,0.0,0.0
78.78995299339294,0.404,-0.139,1.413,-0.086,0.913,-0.001,0.0,0.0
78.80062437057495,0.173,-0.13,1.423,-0.037,0.822,-0.002,-0.001,0.001
78.81072235107422,0.382,-0.126,1.432,-0.102,0.931,-0.006,0.0,0.0
78.81973123550415,0.173,-0.139,1.397,-0.18,0.921,-0.007,0.0,0.0
78.83011507987976,0.371,-0.171,1.418,-0.137,0.867,-0.004,0.0,0.0
78.83997583389282,0.36,-0.167,1.425,-0.145,0.934,-0.002,0.0,0.0
78.84985280036926,0.152,-0.188,1.404,-0.089,0.889,0.0,0.0,0.0
78.8601884841919,0.349,-0.179,1.509,-0.2,0.882,0.0,0.0,0.0
78.87140989303589,0.371,-0.179,1.385,-0.15,0.851,-0.001,0.0,0.0
78.88031554222107,0.349,-0.188,1.407,-0.075,0.877,-0.004,0.0,0.0
78.89009261131287,0.338,-0.179,1.341,-0.279,0.975,-0.005,0.0,0.0
78.9006679058075,0.338,-0.198,1.343,-0.33,0.999,-0.002,0.0,0.0
78.91042709350586,0.557,-0.204,1.395,-0.099,0.897,0.0,0.0,0.0
78.91992831230164,0.349,-0.19,1.331,-0.278,0.925,-0.003,0.0,0.0
78.93000650405884,0.162,-0.194,1.461,-0.081,0.9,-0.007,0.0,0.0
78.93994235992432,0.349,-0.197,1.406,-0.192,0.865,-0.005,0.0,0.0
78.94971942901611,0.546,-0.187,1.47,-0.068,0.888,-0.001,0.0,0.0
78.96056032180786,0.141,-0.171,1.474,-0.027,0.884,0.0,0.0,0.0
78.97025275230408,0.349,-0.174,1.426,-0.233,0.951,-0.005,0.0,0.0
78.97984266281128,0.338,-0.158,1.374,-0.201,0.914,-0.002,0.0,0.0
78.98982501029968,0.13,-0.161,1.467,-0.163,0.929,-0.002,0.0,0.0
79.00001358985901,0.327,-0.132,1.457,-0.114,0.92,-0.006,0.0,0.0
79.00998139381409,0.546,-0.159,1.377,-0.016,0.914,-0.003,0.0,0.0
79.0197765827179,0.13,-0.115,1.373,-0.182,0.902,-0.003,0.0,0.0
79.0305118560791,0.546,-0.146,1.388,-0.063,0.84,0.0,0.0,0.0
79.04016184806824,0.338,-0.139,1.388,-0.146,0.868,0.0,0.0,0.0
79.04986381530762,0.338,-0.127,1.366,-0.133,0.895,-0.006,0.0,0.0
79.06041979789734,0.338,-0.142,1.413,-0.09,0.811,-0.005,0.0,0.0
79.07025909423828,0.568,-0.131,1.419,-0.182,0.889,0.0,0.0,0.0
79.0798659324646,0.579,-0.113,1.347,-0.153,0.931,0.0,0.0,0.0
79.0898175239563,0.162,-0.134,1.452,-0.013,0.858,0.0,0.0,0.0
79.10036897659302,0.338,-0.116,1.406,-0.01,0.827,0.0,0.0,0.0
79.11023330688477,0.557,-0.124,1.388,-0.118,0.898,-0.002,0.0,0.0
79.11973738670349,0.579,-0.157,1.372,-0.158,0.895,-0.002,0.0,0.0
79.1297812461853,0.173,-0.144,1.453,-0.03,0.794,-0.005,0.0,0.0
79.14006423950195,0.371,-0.157,1.419,-0.031,0.884,-0.002,0.0,0.0
79.14996314048767,0.798,-0.16,1.382,-0.142,0.881,0.0,0.0,0.0
79.15989303588867,0.393,-0.126,1.475,-0.101,0.899,-0.003,0.0,0.0
79.17071485519409,0.382,-0.124,1.506,-0.042,0.836,-0.007,0.0,0.0
79.18008160591125,0.404,-0.165,1.451,-0.171,0.953,-0.005,-0.001,0.001
79.19000744819641,0.393,-0.157,1.407,-0.118,0.955,-0.008,0.0,0.0
79.200448513031,0.579,-0.17,1.416,-0.176,0.929,-0.002,0.0,0.0
79.21029424667358,0.393,-0.165,1.429,-0.158,0.935,0.0,0.0,0.0
79.2198224067688,0.634,-0.175,1.417,-0.207,0.975,0.0,0.0,0.0
79.22998094558716,0.195,-0.195,1.443,-0.017,0.877,0.0,0.0,0.0
79.24000811576843,0.414,-0.154,1.412,-0.003,0.89,0.0,0.0,0.0
79.24980735778809,0.404,-0.172,1.4,-0.058,0.953,-0.007,0.0,0.0
79.25974607467651,0.404,-0.162,1.438,0.085,0.778,-0.003,0.0,0.0
79.27032661437988,0.404,-0.185,1.471,0.03,0.842,-0.004,0.0,0.0
79.28099536895752,0.414,-0.172,1.364,-0.143,0.917,0.0,0.0,0.0
79.29036331176758,0.414,-0.17,1.362,-0.094,0.885,0.0,0.0,0.0
79.30096364021301,0.195,-0.162,1.392,-0.192,0.915,0.0,0.0,0.0
79.31074047088623,0.404,-0.168,1.373,-0.136,0.887,0.0,0.0,0.0
79.31975841522217,0.393,-0.152,1.372,-0.168,0.928,-0.007,0.0,0.0
79.3301727771759,0.404,-0.142,1.357,-0.01,0.874,-0.01,-0.001,0.001
79.34072422981262,0.393,-0.122,1.395,-0.148,0.857,-0.002,0.0,0.0
79.35022974014282,0.393,-0.125,1.375,-0.149,0.889,0.0,0.0,0.0
79.35989141464233,0.404,-0.125,1.381,-0.066,0.905,-0.002,0.0,0.0
79.3702335357666,0.393,-0.103,1.435,-0.124,0.835,-0.008,0.0,0.0
79.38063359260559,0.393,-0.13,1.429,-0.063,0.906,-0.008,0.0,0.0
79.3911657333374,0.404,-0.127,1.397,-0.015,0.873,-0.004,0.0,0.0
79.40067172050476,0.393,-0.135,1.429,-0.064,0.845,-0.005,0.0,0.0
79.4097695350647,0.404,-0.143,1.4,-0.05,0.897,-0.004,0.0,0.0
79.41986346244812,0.382,-0.129,1.441,0.054,0.837,-0.007,0.0,0.0
79.43016719818115,0.404,-0.14,1.421,0.023,0.858,-0.007,0.0,0.0
79.44009184837341,0.393,-0.154,1.428,-0.07,0.894,-0.007,0.0,0.0
79.4501600265503,0.612,-0.13,1.427,-0.01,0.898,-0.01,0.0,0.0
79.46012234687805,0.414,-0.135,1.437,-0.077,0.906,-0.01,0.0,0.0
79.47011709213257,0.425,-0.146,1.433,-0.018,0.92,-0.006,0.001,-0.001
79.48070168495178,0.645,-0.124,1.44,-0.025,0.918,-0.001,0.0,0.0
79.49020051956177,0.425,-0.138,1.452,-0.09,0.915,-0.003,0.0,0.0
79.50080704689026,0.436,-0.121,1.419,-0.1,0.917,0.0,0.0,0.0
79.5106520652771,0.667,-0.127,1.434,-0.041,0.918,0.0,0.0,0.0
79.52061533927917,0.447,-0.145,1.436,-0.047,0.931,-0.005,0.0,0.0
79.53084564208984,0.436,-0.14,1.424,-0.096,0.892,-0.005,0.0,0.0
79.53976583480835,0.667,-0.14,1.429,-0.077,0.882,-0.008,0.0,0.0
79.5499701499939,0.469,-0.127,1.428,0.062,0.869,-0.004,0.0,0.0
79.56024694442749,0.469,-0.146,1.402,0.08,0.883,-0.001,0.0,0.0
79.57005262374878,0.688,-0.14,1.441,-0.04,0.874,0.0,0.001,-0.001
79.57977366447449,0.502,-0.139,1.415,-0.088,0.872,-0.002,0.0,0.0
79.58989334106445,0.469,-0.135,1.452,0.046,0.889,-0.006,0.0,0.0
79.59998440742493,0.48,-0.145,1.511,-0.043,0.854,-0.002,0.0,0.0
79.61016941070557,0.699,-0.11,1.545,0.005,0.855,-0.005,0.0,0.0
79.619797706604,0.502,-0.127,1.405,-0.119,0.877,-0.007,0.0,0.0
79.6300916671753,0.491,-0.137,1.502,-0.016,0.873,-0.007,0.0,0.0
79.6398572921753,0.502,-0.139,1.446,-0.077,0.864,-0.007,0.0,0.0
79.65005922317505,0.513,-0.14,1.41,-0.041,0.852,-0.004,0.0,0.0
79.66031551361084,0.502,-0.156,1.427,-0.095,0.838,-0.002,0.0,0.0
79.67033171653748,0.732,-0.132,1.381,-0.111,0.823,-0.002,0.0,0.0
79.67996454238892,0.513,-0.176,1.409,-0.089,0.814,0.0,0.0,0.0
79.68981099128723,0.557,-0.173,1.39,-0.024,0.818,0.0,0.0,0.0
79.70000743865967,0.546,-0.156,1.438,-0.042,0.799,-0.004,0.0,0.0
79.71010422706604,0.754,-0.177,1.444,-0.06,0.782,-0.004,0.0,0.0
79.7196934223175,0.535,-0.165,1.397,-0.072,0.741,-0.005,0.0,0.0
79.73000764846802,0.568,-0.148,1.472,-0.039,0.747,-0.004,0.0,0.0
79.74080491065979,0.568,-0.171,1.467,-0.092,0.721,-0.002,0.0,0.0
79.74996328353882,0.765,-0.168,1.452,-0.096,0.646,-0.006,0.0,0.0
79.76001930236816,0.59,-0.151,1.453,-0.053,0.609,-0.008,0.0,0.0
79.7703104019165,0.579,-0.133,1.468,-0.13,0.599,-0.006,0.0,0.0
79.78006911277771,0.809,-0.175,1.441,-0.061,0.541,-0.004,0.0,0.0
79.78999781608582,0.601,-0.166,1.46,-0.063,0.491,-0.002,0.0,0.0
79.7998435497284,0.82,-0.185,1.526,-0.036,0.505,0.0,0.0,0.0
79.81087875366211,0.623,-0.177,1.548,0.018,0.487,0.0,0.0,0.0
79.81979870796204,0.842,-0.192,1.482,-0.064,0.437,-0.002,0.0,0.0
79.83000469207764,0.645,-0.177,1.53,-0.023,0.493,0.0,0.0,0.0
79.83991694450378,0.875,-0.16,1.517,-0.021,0.466,-0.006,0.0,0.0
79.84982514381409,0.875,-0.161,1.516,-0.033,0.47,-0.006,0.0,0.0
79.86026573181152,0.688,-0.136,1.539,-0.017,0.469,0.0,0.0,0.0
79.87122368812561,0.897,-0.157,1.462,-0.133,0.401,0.0,0.0,0.0
79.88041257858276,0.71,-0.176,1.461,-0.034,0.452,0.0,0.0,0.0
79.88984394073486,0.919,-0.143,1.478,-0.175,0.365,-0.004,0.0,0.0
79.89987993240356,0.951,-0.152,1.503,-0.029,0.4,-0.008,0.0,0.0
79.91006994247437,0.962,-0.169,1.415,-0.061,0.4,-0.011,0.0,0.0
79.91982793807983,0.765,-0.165,1.406,-0.096,0.405,-0.006,0.0,0.0
79.92978119850159,0.995,-0.164,1.464,-0.11,0.354,0.0,0.0,0.0
79.94020438194275,1.017,-0.165,1.449,-0.025,0.407,0.0,0.0,0.0
79.95043396949768,0.809,-0.169,1.44,-0.088,0.365,0.0,0.0,0.0
79.9598925113678,1.028,-0.116,1.434,-0.076,0.304,0.0,0.0,0.0
79.97089576721191,1.05,-0.119,1.562,-0.005,0.386,0.0,0.0,0.0
79.9799792766571,1.061,-0.164,1.5,-0.044,0.337,0.0,0.0,0.0
79.98991537094116,0.886,-0.169,1.554,0.004,0.348,-0.003,0.0,0.0
79.99988317489624,1.105,-0.177,1.553,0.016,0.314,0.0,0.0,0.0
80.01089525222778,1.116,-0.173,1.503,0.015,0.299,-0.003,0.001,-0.001
80.01981163024902,0.919,-0.19,1.539,-0.019,0.486,0.0,0.0,0.0
80.03085613250732,1.149,-0.173,1.585,0.036,0.459,0.0,0.0,0.0
80.03984117507935,1.171,-0.191,1.547,0.04,0.486,0.0,0.0,0.0
80.0503613948822,0.973,-0.213,1.495,-0.053,0.42,0.0,0.0,0.0
80.06002354621887,0.984,-0.186,1.477,-0.03,0.324,-0.001,0.0,0.0
80.0704345703125,1.214,-0.204,1.455,0.002,0.328,-0.002,0.0,0.0
80.08076739311218,1.225,-0.182,1.449,-0.076,0.311,0.0,0.0,0.0
80.09002304077148,1.258,-0.275,1.435,-0.058,0.352,0.0,0.0,0.0
80.0999002456665,1.05,-0.19,1.406,0.008,0.325,0.0,0.0,0.0
80.11058402061462,1.291,-0.213,1.391,-0.009,0.4,0.0,0.0,0.0
80.1197259426117,1.302,-0.218,1.4,-0.068,0.356,0.0,0.0,0.0
80.12980341911316,1.335,-0.215,1.455,-0.008,0.443,-0.003,0.001,-0.001
80.13968825340271,1.357,-0.207,1.451,-0.007,0.412,-0.003,0.0,0.0
80.15003871917725,1.16,-0.179,1.473,0.0,0.417,0.0,0.0,0.0
80.16020512580872,1.39,-0.195,1.381,-0.043,0.351,0.0,0.0,0.0
80.1698431968689,1.412,-0.176,1.394,-0.031,0.381,0.0,0.0,0.0
80.18119049072266,1.434,-0.162,1.466,0.01,0.426,0.0,0.0,0.0
80.19074511528015,1.466,-0.185,1.444,-0.039,0.473,0.0,0.0,0.0
80.19995450973511,1.258,-0.153,1.417,-0.056,0.326,-0.003,0.0,0.0
80.20995116233826,1.51,-0.195,1.42,-0.015,0.413,-0.003,0.0,0.0
80.21979856491089,1.499,-0.165,1.497,-0.029,0.442,0.0,0.0,0.0
80.23090076446533,1.554,-0.146,1.511,0.021,0.421,-0.002,0.0,0.0
80.23972916603088,1.587,-0.124,1.47,0.012,0.345,0.0,0.0,0.0
80.25018644332886,1.609,-0.151,1.544,0.021,0.456,0.0,0.0,0.0
80.25997400283813,1.631,-0.158,1.473,-0.005,0.308,0.0,0.0,0.0
80.26988577842712,1.434,-0.13,1.559,0.021,0.306,-0.004,0.0,0.0
80.28023791313171,1.642,-0.135,1.532,-0.001,0.295,0.0,0.0,0.0
80.29029679298401,1.675,-0.13,1.443,-0.046,0.263,0.0,0.0,0.0
80.30081510543823,1.696,-0.135,1.437,-0.018,0.292,0.0,0.0,0.0
80.3107602596283,1.729,-0.155,1.432,-0.023,0.426,-0.001,0.0,0.0
80.32072281837463,1.543,-0.119,1.402,-0.051,0.252,0.0,0.0,0.0
80.33071637153625,1.751,-0.104,1.401,-0.047,0.437,0.0,0.0,0.0
80.34065222740173,1.806,-0.143,1.37,-0.019,0.28,0.0,0.0,0.0
80.35037446022034,1.828,-0.15,1.39,-0.001,0.242,0.0,0.0,0.0
80.35988426208496,1.642,-0.181,1.398,-0.01,0.437,0.0,0.0,0.0
80.36985182762146,1.872,-0.14,1.444,0.001,0.256,0.0,0.0,0.0
80.38021111488342,1.653,-0.188,1.459,0.02,0.511,0.0,0.0,0.0
80.39011836051941,1.707,-0.165,1.412,-0.004,0.463,0.0,0.001,-0.001
80.3999285697937,1.927,-0.188,1.427,0.021,0.317,0.0,0.0,0.0
80.4098653793335,1.74,-0.114,1.457,0.008,0.425,0.0,0.0,0.0
80.42028999328613,1.751,-0.204,1.458,0.008,0.326,0.0,0.0,0.0
80.4299373626709,1.565,-0.156,1.436,0.006,0.26,0.0,0.0,0.0
80.43981432914734,1.773,-0.195,1.509,0.013,0.398,0.0,0.0,0.0
80.45004534721375,1.773,-0.193,1.506,0.036,0.446,0.0,0.0,0.0
80.46051025390625,1.576,-0.195,1.435,0.028,0.293,0.0,0.0,0.0
80.46999382972717,1.795,-0.17,1.433,0.018,0.261,0.0,0.0,0.0
80.48022556304932,1.74,-0.205,1.481,0.011,0.36,0.0,0.0,0.0
80.48997783660889,1.598,-0.181,1.432,0.05,0.23,0.0,0.0,0.0
80.49987816810608,1.598,-0.181,1.402,0.034,0.491,0.0,0.0,0.0
80.5101728439331,1.609,-0.164,1.418,0.036,0.323,0.0,0.0,0.0
80.5199203491211,1.39,-0.182,1.438,0.031,0.39,0.0,0.0,0.0
80.53031301498413,2.036,-0.177,1.396,0.035,0.098,0.0,0.0,0.0
80.54025197029114,1.423,-0.154,1.386,0.039,0.174,0.0,0.0,0.0
80.55042028427124,1.817,-0.167,1.384,0.031,0.376,0.0,0.0,0.0
80.56000399589539,1.401,-0.154,1.387,0.037,0.318,0.0,0.0,0.0
80.57017612457275,1.817,-0.189,1.408,0.043,0.322,0.0,0.0,0.0
80.58083128929138,1.609,-0.163,1.318,0.033,0.199,0.0,0.0,0.0
80.59071803092957,1.85,-0.176,1.355,0.043,0.27,0.0,0.0,0.0
80.60064148902893,1.423,-0.176,1.392,0.054,0.247,0.0,0.0,0.0
80.6101348400116,1.631,-0.175,1.385,0.059,0.156,0.0,0.0,0.0
80.62069463729858,1.806,-0.172,1.351,0.037,0.307,0.0,0.0,0.0
80.62994718551636,1.598,-0.155,1.365,0.052,0.207,0.0,0.0,0.0
80.63984870910645,1.39,-0.183,1.491,0.043,0.354,0.0,0.0,0.0
80.6505675315857,1.598,-0.173,1.45,0.043,0.305,0.0,0.0,0.0
80.6603889465332,1.434,-0.175,1.376,0.056,0.356,0.0,0.0,0.0
80.66982531547546,1.806,-0.174,1.442,0.075,0.134,0.0,0.0,0.0
80.68029808998108,1.598,-0.175,1.429,0.118,0.184,0.0,0.0,0.0
80.69111609458923,1.357,-0.163,1.353,0.117,0.237,0.0,0.0,0.0
80.69999957084656,1.554,-0.2,1.447,0.079,0.464,0.0,0.0,0.0
80.71014666557312,1.806,-0.202,1.445,0.096,0.351,0.0,0.0,0.0
80.72070527076721,1.335,-0.21,1.36,0.092,0.315,0.0,0.0,0.0
80.73104405403137,1.565,-0.208,1.469,0.101,0.44,0.0,0.0,0.0
80.73993682861328,1.532,-0.227,1.459,0.1,0.531,0.0,0.0,0.0
80.75017237663269,1.532,-0.182,1.396,0.095,0.409,0.0,0.0,0.0
80.75988793373108,1.521,-0.204,1.355,0.119,0.265,0.0,0.0,0.0
80.76991200447083,1.97,-0.201,1.434,0.113,0.19,0.0,0.0,0.0
80.77986454963684,1.532,-0.219,1.39,0.113,0.48,0.0,0.0,0.0
80.78995060920715,1.773,-0.196,1.43,0.128,0.276,0.0,0.0,0.0
80.8000807762146,1.543,-0.18,1.414,0.121,0.244,0.0,0.0,0.0
80.80982851982117,1.565,-0.204,1.36,0.127,0.173,0.0,0.0,0.0
80.81974029541016,1.74,-0.172,1.361,0.137,0.658,0.0,0.0,0.0
80.8304991722107,1.532,-0.159,1.427,0.16,0.616,0.0,0.0,0.0
80.83971118927002,1.718,-0.169,1.382,0.172,0.312,0.0,0.0,0.0
80.85004091262817,1.543,-0.184,1.446,0.173,0.478,0.0,0.0,0.0
80.86022114753723,1.51,-0.164,1.382,0.194,0.095,0.0,0.0,0.0
80.86986446380615,1.51,-0.175,1.431,0.207,0.261,0.0,0.0,0.0
80.87986660003662,1.696,-0.178,1.484,0.206,0.492,0.0,0.0,0.0
80.89045119285583,1.51,-0.152,1.438,0.22,0.513,0.0,0.0,0.0
80.90121603012085,1.707,-0.159,1.42,0.276,0.182,0.0,0.0,0.0
80.90977907180786,1.718,-0.148,1.43,0.264,0.523,0.0,0.0,0.0
80.91990804672241,1.302,-0.167,1.386,0.293,0.581,0.0,0.0,0.0
80.93082356452942,1.686,-0.141,1.351,0.312,0.461,0.0,0.0,0.0
80.93976879119873,1.729,-0.142,1.418,0.352,0.143,0.0,0.0,0.0
80.94996452331543,1.466,-0.146,1.387,0.352,0.449,0.0,0.0,0.0
80.96029877662659,1.718,-0.143,1.362,0.386,0.248,0.0,0.0,0.0
80.96997165679932,1.477,-0.161,1.403,0.357,0.058,0.0,0.0,0.0
80.97989559173584,1.718,-0.144,1.44,0.375,0.22,0.0,0.0,0.0
80.99071455001831,1.466,-0.143,1.417,0.425,0.449,0.0,0.0,0.0
81.00068211555481,1.729,-0.129,1.43,0.441,0.162,0.0,0.0,0.0
81.0097439289093,1.664,-0.139,1.37,0.441,0.237,0.0,0.0,0.0
81.01976943016052,1.696,-0.154,1.431,0.422,0.313,0.0,0.0,0.0
81.02997660636902,1.664,-0.15,1.517,0.393,0.307,0.0,0.0,0.0
81.03975534439087,1.696,-0.142,1.445,0.423,0.289,-0.001,0.0,0.0
81.04996705055237,1.488,-0.155,1.47,0.411,0.301,0.0,0.0,0.0
81.05996370315552,1.686,-0.136,1.473,0.434,0.086,0.0,0.0,0.0
81.07024908065796,1.905,-0.167,1.44,0.43,0.465,0.0,0.0,0.0
81.07990312576294,1.477,-0.128,1.463,0.444,0.149,0.0,0.0,0.0
81.09018874168396,1.707,-0.153,1.491,0.398,0.25,0.0,0.0,0.0
81.10097074508667,1.696,-0.176,1.424,0.442,0.199,0.0,0.0,0.0
81.1098279953003,1.51,-0.193,1.451,0.454,0.238,0.0,0.0,0.0
81.1196916103363,1.696,-0.172,1.554,0.447,0.424,0.0,0.0,0.0
81.13069725036621,1.707,-0.17,1.518,0.458,0.582,0.0,0.0,0.0
81.1397750377655,1.258,-0.175,1.44,0.487,0.113,0.0,0.0,0.0
81.14975905418396,1.675,-0.207,1.428,0.427,0.532,0.0,0.0,0.0
81.16069769859314,1.686,-0.185,1.393,0.47,0.574,0.0,0.0,0.0
81.17048954963684,1.455,-0.189,1.451,0.483,0.202,0.0,0.0,0.0
81.18096113204956,1.664,-0.184,1.416,0.48,0.254,0.0,0.0,0.0
81.19079732894897,1.653,-0.209,1.438,0.436,0.347,-0.001,0.0,0.0
81.20087575912476,1.444,-0.194,1.436,0.446,0.138,-0.002,0.0,0.0
81.21000289916992,1.455,-0.185,1.416,0.45,0.129,0.0,0.0,0.0
81.21978187561035,1.85,-0.206,1.432,0.452,0.091,0.0,0.0,0.0
81.23009085655212,1.455,-0.192,1.422,0.44,0.366,0.0,0.0,0.0
81.24029994010925,1.653,-0.185,1.445,0.403,0.242,0.0,0.0,0.0
81.24976062774658,1.686,-0.171,1.384,0.452,0.176,0.0,0.0,0.0
81.26079106330872,1.631,-0.175,1.461,0.417,0.502,0.0,0.0,0.0
81.27056884765625,1.872,-0.157,1.443,0.464,0.238,0.0,0.0,0.0
81.28019785881042,1.686,-0.162,1.446,0.472,0.183,0.0,0.0,0.0
81.28985667228699,1.664,-0.189,1.464,0.488,0.157,0.0,0.001,0.001
81.29985785484314,1.631,-0.163,1.582,0.469,0.476,0.0,0.0,0.0
81.30994629859924,1.444,-0.145,1.602,0.459,0.344,0.0,0.0,0.0
81.32050132751465,1.872,-0.176,1.542,0.478,0.364,0.0,0.0,0.0
81.32978630065918,1.642,-0.139,1.514,0.531,0.047,0.0,0.0,0.0
81.33971524238586,1.444,-0.193,1.483,0.481,0.363,0.0,0.0,0.0
81.35030126571655,1.894,-0.174,1.552,0.504,0.531,0.0,0.0,0.0
81.36068034172058,1.642,-0.167,1.473,0.539,0.156,0.0,0.0,0.0
81.37002682685852,1.466,-0.17,1.477,0.552,0.179,0.0,0.0,0.0
81.38059210777283,1.653,-0.194,1.518,0.544,0.209,0.0,0.0,0.0
81.38984632492065,1.686,-0.187,1.489,0.573,0.17,0.0,0.0,0.0
81.39990139007568,1.675,-0.18,1.538,0.515,0.458,0.0,0.0,0.0
81.40985536575317,1.686,-0.18,1.563,0.497,0.203,0.0,0.0,0.0
81.42002892494202,1.664,-0.177,1.515,0.569,0.364,0.0,0.0,0.0
81.43004631996155,1.258,-0.21,1.482,0.511,0.159,0.0,0.0,0.0
81.43973898887634,1.642,-0.203,1.549,0.535,0.253,0.0,0.0,0.0
81.45043683052063,1.642,-0.193,1.545,0.53,0.468,0.0,0.0,0.0
81.45991826057434,1.675,-0.192,1.449,0.55,0.145,-0.005,0.0,0.0
81.46994972229004,1.883,-0.206,1.437,0.516,0.47,0.0,0.0,0.0
81.4801766872406,1.675,-0.226,1.456,0.524,0.482,0.0,0.0,0.0
81.4899959564209,1.718,-0.208,1.464,0.575,0.154,-0.008,0.0,0.0
81.50034713745117,1.675,-0.192,1.489,0.547,0.386,0.0,0.0,0.0
81.51023530960083,1.872,-0.216,1.462,0.558,0.175,0.0,0.0,0.0
81.51980185508728,1.686,-0.174,1.413,0.557,0.212,0.0,0.0,0.0
81.53046679496765,1.686,-0.206,1.526,0.474,0.328,0.0,0.0,0.0
81.53974413871765,1.948,-0.198,1.405,0.566,0.162,0.0,0.0,0.0
81.54975438117981,1.686,-0.204,1.496,0.474,0.473,0.0,0.0,0.0
81.56054425239563,1.477,-0.207,1.441,0.473,0.468,0.0,0.0,0.0
81.56994962692261,1.872,-0.193,1.396,0.527,0.077,0.0,0.0,0.0
81.57999920845032,1.707,-0.177,1.446,0.453,0.424,0.0,0.0,0.0
81.58998489379883,1.686,-0.179,1.375,0.491,0.209,0.0,0.0,0.0
81.60084772109985,1.916,-0.177,1.345,0.49,0.08,0.0,0.0,0.0
81.60986113548279,1.455,-0.181,1.352,0.532,0.152,0.0,0.0,0.0
81.61984443664551,1.696,-0.183,1.459,0.49,0.275,0.0,0.0,0.0
81.6307156085968,1.718,-0.189,1.481,0.536,0.406,0.0,0.0,0.0
81.63972568511963,1.916,-0.187,1.475,0.523,0.07,0.0,0.0,0.0
81.64990067481995,1.269,-0.183,1.402,0.462,0.41,0.0,0.0,0.0
81.66038250923157,1.948,-0.194,1.421,0.471,0.013,0.0,0.0,0.0
81.67018246650696,1.696,-0.157,1.446,0.572,0.158,0.0,0.0,0.0
81.67978429794312,1.51,-0.185,1.421,0.557,0.218,0.0,0.0,0.0
81.69005274772644,1.696,-0.192,1.503,0.506,0.195,0.008,0.0,0.0
81.69988417625427,1.499,-0.184,1.512,0.517,0.371,0.0,0.0,0.0
81.71025824546814,1.729,-0.182,1.5,0.5,0.228,0.0,0.0,0.0
81.71981120109558,1.696,-0.194,1.476,0.563,0.151,0.0,0.0,0.0
81.73012447357178,1.729,-0.192,1.504,0.435,0.156,-0.007,0.0,0.0
81.74037170410156,1.707,-0.191,1.442,0.528,0.244,0.0,0.0,0.0
81.75012922286987,1.762,-0.196,1.428,0.532,0.133,0.001,0.0,0.0
81.7602322101593,1.696,-0.172,1.415,0.507,0.14,0.0,0.0,0.0
81.77020788192749,1.696,-0.193,1.392,0.563,0.163,0.0,0.0,0.0
81.78013396263123,1.686,-0.209,1.372,0.483,0.094,0.0,0.0,0.0
81.79025030136108,2.124,-0.201,1.362,0.546,0.12,0.0,0.0,0.0
81.80032086372375,1.718,-0.198,1.356,0.546,0.153,0.0,0.0,0.0
81.8101749420166,1.707,-0.197,1.348,0.558,0.109,0.0,0.0,0.0
81.81991744041443,1.521,-0.198,1.417,0.535,0.189,0.0,0.0,0.0
81.83017301559448,1.948,-0.194,1.343,0.484,0.224,0.008,0.0,0.0
81.84021329879761,1.51,-0.204,1.384,0.495,0.321,0.0,0.0,0.0
81.84981083869934,1.773,-0.181,1.37,0.545,0.07,0.0,0.0,0.0
81.85992693901062,1.916,-0.208,1.493,0.459,0.436,0.0,0.0,0.0
81.8703944683075,1.762,-0.19,1.39,0.537,0.104,0.0,0.0,0.0
81.87995862960815,1.532,-0.154,1.377,0.599,0.229,0.0,0.0,0.0
81.88990616798401,1.499,-0.209,1.389,0.549,0.49,0.0,0.0,0.0
81.90014362335205,1.784,-0.151,1.408,0.588,0.132,0.0,0.0,0.0
81.91037321090698,1.916,-0.169,1.392,0.59,0.298,0.0,0.0,0.0
81.92084503173828,1.51,-0.183,1.369,0.645,0.032,0.0,0.0,0.0
81.93034982681274,1.543,-0.167,1.402,0.641,0.113,0.0,0.0,0.0
81.93995881080627,1.696,-0.141,1.405,0.638,0.149,0.0,0.0,0.0
81.94982767105103,1.751,-0.137,1.454,0.547,0.317,0.0,0.0,0.0
81.95998883247375,1.718,-0.119,1.484,0.565,0.372,0.006,0.0,0.0
81.97137546539307,1.686,-0.061,1.453,0.581,0.026,0.0,0.0,0.0
81.97972822189331,1.751,-0.144,1.486,0.538,0.468,0.0,0.0,0.0
81.99005699157715,1.51,-0.082,1.44,0.575,0.197,0.0,0.0,0.0
82.000070810318,1.707,-0.1,1.358,0.632,0.339,0.0,0.0,0.0
82.01074314117432,1.927,-0.227,1.378,0.632,0.03,0.0,0.0,0.0
82.01976418495178,1.532,-0.104,1.326,0.632,0.199,0.0,0.0,0.0
82.02983808517456,1.905,-0.153,1.405,0.564,0.404,0.0,0.0,0.0
82.04067873954773,1.773,-0.174,1.483,0.611,-0.13,0.0,0.0,0.0
82.05067157745361,1.521,-0.185,1.354,0.558,0.057,0.0,0.0,0.0
82.06012034416199,1.675,-0.173,1.476,0.637,0.079,0.0,0.0,0.0
82.07036089897156,1.696,-0.128,1.431,0.648,0.051,0.0,0.0,0.0
82.08015584945679,1.707,-0.111,1.387,0.67,-0.027,0.0,0.0,0.0
82.0899920463562,1.74,-0.205,1.42,0.58,0.055,0.0,0.0,0.0
82.09985399246216,1.707,-0.117,1.37,0.597,0.019,0.0,0.0,0.0
82.1101005077362,1.434,-0.181,1.477,0.572,0.334,0.0,0.0,0.0
82.11980509757996,1.686,-0.147,1.467,0.651,-0.039,0.009,0.0,0.0
82.12981724739075,1.466,-0.185,1.506,0.593,0.456,0.0,0.0,0.0
82.13990688323975,1.696,-0.176,1.395,0.618,0.298,0.0,0.0,0.0
82.1499719619751,1.872,-0.184,1.372,0.622,0.307,0.0,0.0,0.0
82.15973591804504,1.718,-0.156,1.402,0.675,0.128,0.0,0.0,0.0
82.17070031166077,1.466,-0.143,1.483,0.532,0.453,0.0,0.0,0.0
82.18146181106567,1.675,-0.135,1.366,0.641,0.181,0.0,0.0,0.0
82.19052720069885,1.905,-0.158,1.418,0.579,0.407,0.008,0.0,0.0
82.2007212638855,1.916,-0.223,1.353,0.673,-0.014,0.0,0.0,0.0
82.21071481704712,1.477,-0.193,1.335,0.666,0.128,0.0,0.0,0.0
82.2198657989502,1.894,-0.135,1.369,0.629,0.149,0.0,0.0,0.0
82.22990322113037,1.718,-0.146,1.323,0.561,0.326,0.0,0.0,0.0
82.2405617237091,1.488,-0.166,1.36,0.525,0.037,0.0,0.0,0.0
82.24986505508423,1.729,-0.11,1.396,0.595,0.022,0.0,0.0,0.0
82.25984191894531,1.477,-0.154,1.42,0.594,0.02,0.0,0.0,0.0
82.27034735679626,1.894,-0.114,1.455,0.676,0.307,0.004,0.0,0.0
82.28119277954102,1.696,-0.149,1.381,0.606,-0.104,0.004,0.0,0.0
82.29076528549194,1.477,-0.176,1.517,0.529,0.567,0.0,0.0,0.0
82.30077815055847,1.916,-0.157,1.469,0.641,0.536,0.0,0.0,0.0
82.31038212776184,1.696,-0.181,1.439,0.648,0.398,0.0,0.0,0.0
82.31992244720459,1.653,-0.128,1.408,0.651,-0.111,0.0,0.0,0.0
82.32987833023071,1.74,-0.163,1.476,0.618,0.344,0.0,0.0,0.0
82.34001851081848,1.477,-0.166,1.486,0.616,0.362,0.0,0.0,0.0
82.35017776489258,1.412,-0.178,1.419,0.617,0.063,0.0,0.0,0.0
82.3597424030304,1.894,-0.17,1.421,0.624,0.177,0.0,0.0,0.0
82.37023162841797,1.488,-0.187,1.425,0.565,0.353,0.0,0.0,0.0
82.38026452064514,1.675,-0.179,1.393,0.704,0.11,0.0,0.0,0.0
82.38987445831299,1.883,-0.189,1.396,0.624,0.035,0.0,0.0,0.0
82.39997339248657,1.707,-0.191,1.375,0.601,0.19,0.0,0.0,0.0
82.41019916534424,1.905,-0.197,1.354,0.614,-0.067,0.0,0.0,0.0
82.42001700401306,1.751,-0.175,1.382,0.699,0.233,0.0,0.0,0.0
82.4298095703125,1.696,-0.185,1.395,0.658,-0.057,0.0,0.0,0.0
82.44008135795593,1.959,-0.18,1.408,0.771,0.264,0.0,0.0,0.0
82.45080327987671,1.696,-0.174,1.34,0.664,0.22,0.0,0.0,0.0
82.45978093147278,1.696,-0.226,1.434,0.794,0.209,0.0,0.0,0.0
82.46999907493591,1.707,-0.18,1.422,0.697,0.284,0.0,0.0,0.0
82.47998690605164,1.499,-0.177,1.422,0.76,0.38,0.0,0.0,0.0
82.48983645439148,1.959,-0.182,1.45,0.768,0.007,0.0,0.001,0.001
82.49985408782959,1.707,-0.177,1.444,0.66,0.406,0.0,0.0,0.0
82.50980734825134,1.664,-0.173,1.508,0.642,0.163,0.0,0.0,0.0
82.52031373977661,1.762,-0.173,1.508,0.712,0.154,0.0,0.0,0.0
82.52973937988281,1.499,-0.174,1.48,0.77,-0.012,0.0,0.0,0.0
82.5396339893341,1.696,-0.163,1.534,0.581,0.346,0.0,0.0,0.0
82.55054497718811,1.521,-0.152,1.557,0.596,0.217,0.0,0.0,0.0
82.55986714363098,1.696,-0.141,1.426,0.648,0.129,0.0,0.0,0.0
82.56999516487122,1.477,-0.149,1.456,0.651,-0.088,0.0,0.0,0.0
82.58039259910583,1.959,-0.141,1.456,0.726,-0.119,0.0,0.0,0.0
82.5900809764862,1.905,-0.093,1.392,0.779,-0.057,0.0,0.0,0.0
82.59989213943481,1.477,-0.119,1.404,0.669,0.001,0.0,0.0,0.0
82.60994553565979,1.686,-0.138,1.477,0.692,0.351,0.0,0.0,0.0
82.61992597579956,1.686,-0.095,1.41,0.687,0.243,0.0,0.0,0.0
82.6298406124115,1.97,-0.124,1.469,0.653,0.027,0.0,0.0,0.0
82.63991713523865,1.488,-0.127,1.422,0.753,0.145,0.0,0.0,0.0
82.6505913734436,1.894,-0.133,1.444,0.661,0.174,0.0,0.0,0.0
82.66001486778259,1.532,-0.137,1.474,0.771,-0.045,0.0,0.0,0.0
82.66976499557495,1.905,-0.155,1.499,0.684,0.023,0.0,0.0,0.0
82.68061995506287,1.696,-0.15,1.582,0.626,0.292,0.0,0.0,0.0
82.68999767303467,1.696,-0.149,1.488,0.695,0.123,0.0,0.0,0.0
82.69985222816467,1.488,-0.176,1.443,0.654,0.303,0.0,0.0,0.0
82.70999264717102,1.905,-0.193,1.458,0.58,0.199,0.0,0.0,0.0
82.72019147872925,1.686,-0.215,1.517,0.7,0.417,0.0,0.0,0.0
82.72983574867249,1.488,-0.193,1.457,0.686,0.094,0.0,0.0,0.0
82.74067091941833,1.927,-0.212,1.408,0.698,0.283,0.0,0.0,0.0
82.75019001960754,1.51,-0.261,1.44,0.766,0.226,0.0,0.0,0.0
82.76005053520203,1.696,-0.222,1.415,0.658,0.066,0.0,0.0,0.0
82.77000856399536,1.696,-0.266,1.371,0.674,0.336,0.0,0.0,0.0
82.77994084358215,1.696,-0.233,1.356,0.461,0.234,0.0,0.0,0.0
82.79100179672241,1.883,-0.214,1.425,0.546,-0.132,0.0,0.0,0.0
82.79978680610657,1.521,-0.235,1.341,0.674,0.596,0.0,0.0,0.0
82.81023836135864,1.916,-0.211,1.422,0.592,0.522,0.0,0.0,0.0
82.82018566131592,1.686,-0.182,1.34,0.706,-0.115,0.0,0.0,0.0
82.83007335662842,1.707,-0.198,1.301,0.571,0.021,0.001,0.0,0.0
82.83974552154541,1.488,-0.221,1.343,0.693,0.126,0.0,0.0,0.0
82.85006356239319,1.927,-0.201,1.383,0.649,0.16,0.0,0.0,0.0
82.85999798774719,1.488,-0.179,1.335,0.721,0.142,0.0,0.0,0.0
82.86993384361267,1.686,-0.156,1.37,0.735,0.293,0.0,0.0,0.0
82.8814857006073,1.707,-0.196,1.464,0.806,0.196,0.0,0.0,0.0
82.89097785949707,1.675,-0.18,1.469,0.671,0.171,0.0,0.0,0.0
82.89978790283203,1.894,-0.194,1.418,0.8,0.008,0.0,0.0,0.0
82.9098150730133,1.521,-0.159,1.461,0.669,0.31,0.0,0.0,0.0
82.91994905471802,1.905,-0.144,1.534,0.747,0.105,0.0,0.0,0.0
82.92991304397583,1.499,-0.15,1.478,0.742,-0.023,0.0,0.0,0.0
82.94070363044739,1.729,-0.168,1.49,0.67,-0.056,0.0,0.0,0.0
82.95044159889221,1.696,-0.12,1.391,0.897,0.008,0.0,0.0,0.0
82.96018648147583,1.872,-0.135,1.389,0.816,0.045,0.0,0.0,0.0
82.96982264518738,1.696,-0.172,1.305,0.829,0.195,0.0,0.0,0.0
82.98005795478821,1.488,-0.128,1.392,0.688,0.072,0.0,0.0,0.0
82.99069690704346,1.981,-0.149,1.393,0.782,0.282,0.0,0.0,0.0
82.99986934661865,1.905,-0.123,1.321,0.833,0.009,0.0,0.0,0.0
83.00985908508301,1.707,-0.133,1.335,0.704,0.262,0.0,0.0,0.0
83.02032327651978,1.707,-0.138,1.26,0.632,0.474,0.0,0.0,0.0
83.03059458732605,1.718,-0.136,1.336,0.786,0.044,0.0,0.0,0.0
83.03981041908264,1.718,-0.138,1.263,0.789,-0.04,0.0,0.0,0.0
83.05039310455322,1.729,-0.169,1.403,0.714,0.124,0.0,0.0,0.0
83.06062030792236,1.718,-0.186,1.344,0.943,0.019,0.0,0.0,0.0
83.06991648674011,1.488,-0.207,1.337,0.762,0.153,0.0,0.0,0.0
83.07990598678589,1.762,-0.207,1.275,0.75,0.006,0.0,0.0,0.0
83.09010100364685,1.927,-0.192,1.458,0.697,0.249,0.0,0.0,0.0
83.09988045692444,1.28,-0.228,1.289,0.797,0.077,0.0,0.0,0.0
83.11055731773376,1.938,-0.25,1.464,0.602,0.22,0.0,0.0,0.0
83.11986947059631,1.751,-0.193,1.378,0.857,0.061,0.0,0.0,0.0
83.13007020950317,1.499,-0.291,1.357,0.705,0.355,0.0,0.0,0.0
83.13978052139282,1.861,-0.247,1.297,0.735,0.044,0.0,0.0,0.0
83.15021562576294,1.729,-0.239,1.449,0.633,0.291,0.0,0.0,0.0
83.15993428230286,1.499,-0.213,1.325,0.775,0.028,0.0,0.0,0.0
83.17005586624146,1.905,-0.233,1.381,0.662,0.042,0.0,0.0,0.0
83.17971992492676,1.696,-0.263,1.347,0.831,0.398,0.0,0.0,0.0
83.18994450569153,1.718,-0.236,1.397,0.62,0.347,0.0,0.0,0.0
83.19986605644226,1.653,-0.242,1.3,0.719,0.352,0.0,0.0,0.0
83.20978045463562,1.773,-0.257,1.365,0.717,0.304,0.0,0.0,0.0
83.22021865844727,1.718,-0.196,1.415,0.6,0.375,0.001,0.0,0.0
83.2297580242157,1.488,-0.175,1.37,0.822,-0.019,0.0,0.0,0.0
83.24005341529846,1.74,-0.219,1.369,0.528,0.139,0.0,0.0,0.0
83.25028204917908,1.686,-0.185,1.314,0.873,0.069,0.0,0.0,0.0
83.25993847846985,1.488,-0.193,1.294,0.899,-0.1,0.0,0.0,0.0
83.27175855636597,1.916,-0.196,1.415,0.774,0.262,0.001,0.0,0.0
83.27980971336365,1.751,-0.182,1.421,0.737,0.074,0.0,0.0,0.0
83.29024004936218,1.466,-0.182,1.355,0.94,0.018,0.0,0.0,0.0
83.30105352401733,1.664,-0.146,1.322,0.965,0.032,0.0,0.0,0.0
83.31085729598999,1.959,-0.218,1.361,0.761,0.339,0.0,0.0,0.0
83.32073473930359,1.477,-0.208,1.38,0.933,-0.038,0.0,0.0,0.0
83.3305914402008,1.916,-0.142,1.33,0.949,0.35,0.0,0.0,0.0
83.33993005752563,1.707,-0.132,1.299,0.921,-0.011,0.0,0.0,0.0
83.35050630569458,1.883,-0.162,1.328,0.742,0.23,0.0,0.0,0.0
83.3597800731659,1.762,-0.132,1.327,0.882,-0.019,0.0,0.0,0.0
83.37031698226929,1.707,-0.187,1.401,0.725,0.337,0.0,0.0,0.0
83.38001990318298,1.916,-0.135,1.327,0.909,0.12,0.0,0.0,0.0
83.39019322395325,1.729,-0.191,1.32,0.946,0.155,0.0,0.0,0.0
83.39980673789978,1.51,-0.175,1.31,0.926,0.113,0.0,0.0,0.0
83.41051745414734,1.948,-0.219,1.331,0.745,0.382,0.0,0.0,0.0
83.41999459266663,1.784,-0.18,1.352,0.933,0.003,0.0,0.0,0.0
83.42997431755066,1.729,-0.227,1.386,0.851,-0.002,0.0,0.0,0.0
83.4398980140686,1.521,-0.205,1.328,0.895,-0.05,0.0,0.0,0.0
83.45014977455139,1.74,-0.239,1.456,0.833,-0.194,0.0,0.0,0.0
83.45978283882141,1.762,-0.25,1.321,0.833,-0.081,0.0,0.0,0.0
83.47005844116211,1.696,-0.239,1.457,0.712,0.45,0.0,0.0,0.0
83.48099660873413,1.729,-0.234,1.309,0.726,0.277,0.0,0.0,0.0
83.48997378349304,1.74,-0.26,1.357,0.933,0.553,0.0,0.0,0.0
83.50055289268494,1.718,-0.257,1.347,0.894,-0.01,0.0,0.0,0.0
83.51011276245117,1.729,-0.222,1.353,0.927,0.053,0.0,0.0,0.0
83.52062964439392,1.773,-0.249,1.381,0.78,0.021,0.0,0.0,0.0
83.52988624572754,1.729,-0.232,1.365,0.815,0.013,0.0,0.0,0.0
83.53972363471985,1.718,-0.246,1.448,0.611,0.081,0.0,0.0,0.0
83.55128288269043,1.992,-0.252,1.452,0.709,0.381,0.0,0.0,0.0
83.56031894683838,1.784,-0.26,1.394,0.645,0.372,0.0,0.0,0.0
83.56986951828003,1.532,-0.221,1.416,0.888,0.007,0.0,0.0,0.0
83.58012509346008,1.499,-0.245,1.446,0.699,0.069,0.0,0.0,0.0
83.59001731872559,1.938,-0.209,1.338,0.873,0.065,0.0,0.0,0.0
83.599937915802,1.565,-0.222,1.408,0.785,-0.001,0.0,0.0,0.0
83.61013007164001,1.696,-0.24,1.453,0.883,0.028,0.0,0.0,0.0
83.62002921104431,1.696,-0.179,1.335,0.938,-0.03,0.0,0.0,0.0
83.63041996955872,1.521,-0.149,1.357,0.837,-0.06,0.0,0.0,0.0
83.63971138000488,1.718,-0.177,1.345,0.957,-0.121,0.0,0.0,0.0
83.65029573440552,1.675,-0.146,1.475,0.733,0.189,0.0,0.0,0.0
83.66058778762817,1.707,-0.159,1.345,0.965,-0.107,0.001,0.0,0.0
83.66978549957275,1.686,-0.137,1.364,0.925,-0.07,0.0,0.0,0.0
83.68006324768066,1.927,-0.154,1.44,0.703,0.359,0.0,0.0,0.0
83.6907730102539,1.762,-0.202,1.387,0.947,0.196,0.0,0.0,0.0
83.69991660118103,1.707,-0.13,1.4,0.89,0.034,0.0,0.0,0.0
83.70994257926941,1.927,-0.156,1.411,0.809,0.3,0.0,0.0,0.0
83.71970701217651,1.51,-0.16,1.485,0.9,0.054,0.0,0.001,-0.001
83.72989869117737,1.707,-0.161,1.487,0.805,0.211,0.0,0.0,0.0
83.73974442481995,1.97,-0.155,1.438,0.784,0.041,0.0,0.0,0.0
83.74983406066895,1.51,-0.193,1.512,0.815,0.165,0.0,0.0,0.0
83.76008796691895,1.707,-0.201,1.381,0.94,-0.002,0.0,0.0,0.0
83.76990723609924,1.948,-0.176,1.475,0.848,0.071,0.0,0.0,0.0
83.78089451789856,1.927,-0.191,1.536,0.83,-0.036,0.0,0.0,0.0
83.79088544845581,1.291,-0.223,1.425,0.937,0.351,0.0,0.0,0.0
83.800785779953,1.872,-0.213,1.45,0.81,-0.052,0.0,0.0,0.0
83.81020426750183,1.773,-0.218,1.47,0.783,0.301,0.0,0.0,0.0
83.81987428665161,1.718,-0.213,1.428,0.897,0.02,0.0,0.0,0.0
83.82994771003723,1.718,-0.213,1.429,0.812,0.326,0.0,0.0,0.0
83.84016227722168,1.565,-0.233,1.417,0.871,0.164,0.0,0.0,0.0
83.85002422332764,1.916,-0.228,1.471,0.851,0.081,0.0,0.0,0.0
83.86102938652039,1.707,-0.224,1.391,0.91,0.163,0.0,0.0,0.0
83.87001729011536,1.762,-0.22,1.4,0.689,0.38,0.0,0.0,0.0
83.88075089454651,1.729,-0.23,1.435,0.941,0.093,0.001,0.0,0.0
83.89076709747314,1.905,-0.256,1.304,1.003,-0.023,0.0,0.0,0.0
83.90075516700745,1.795,-0.231,1.326,0.906,0.0,0.0,0.001,-0.001
83.91081047058105,1.74,-0.212,1.342,1.011,-0.031,0.0,0.0,0.0
83.92067217826843,1.938,-0.245,1.362,0.979,-0.06,0.0,0.001,-0.001
83.93107795715332,1.806,-0.247,1.361,1.042,-0.119,0.0,0.0,0.0
83.94072008132935,1.773,-0.244,1.354,1.03,0.387,0.0,0.0,0.0
83.94983243942261,1.521,-0.222,1.282,1.036,-0.124,0.0,0.0,0.0
83.95996713638306,1.762,-0.169,1.339,0.916,0.429,0.0,0.0,0.0
83.97039246559143,1.795,-0.186,1.301,0.861,0.054,0.0,0.0,0.0
83.98004817962646,1.74,-0.201,1.351,0.962,0.041,0.0,0.0,0.0
83.98999309539795,1.543,-0.21,1.318,0.908,0.017,0.0,0.0,0.0
84.00004744529724,1.959,-0.222,1.368,0.964,-0.233,0.0,0.0,0.0
84.0100908279419,1.773,-0.203,1.487,0.821,-0.044,0.0,0.0,0.0
84.0197958946228,1.751,-0.185,1.405,0.773,-0.116,0.0,0.0,0.0
84.0300030708313,1.543,-0.203,1.356,0.957,-0.067,0.0,0.0,0.0
84.04000401496887,1.773,-0.17,1.325,0.862,-0.065,0.0,0.0,0.0
84.04993224143982,1.948,-0.183,1.306,1.023,0.126,0.0,0.0,0.0
84.06057596206665,1.729,-0.206,1.259,1.025,-0.037,0.0,0.001,-0.001
84.07027959823608,1.773,-0.224,1.272,1.005,0.005,0.0,0.0,0.0
84.0799949169159,1.751,-0.198,1.36,0.931,-0.154,0.0,0.0,0.0
84.09011912345886,1.751,-0.195,1.288,0.899,-0.086,0.0,0.0,0.0
84.10078763961792,1.762,-0.185,1.362,0.92,0.095,0.0,0.0,0.0
84.10993790626526,1.751,-0.197,1.371,0.915,0.362,0.0,0.0,0.0
84.11986041069031,1.817,-0.195,1.307,0.992,0.166,0.0,0.001,-0.001
84.12995743751526,1.74,-0.212,1.336,0.808,0.029,0.0,0.0,0.0
84.13999938964844,1.543,-0.194,1.32,0.859,0.029,0.0,0.0,0.0
84.14979839324951,1.74,-0.202,1.284,0.953,0.186,0.0,0.001,-0.001
84.15992856025696,1.718,-0.217,1.386,0.788,-0.277,0.0,0.0,0.0
84.17010307312012,1.806,-0.215,1.353,0.941,0.171,0.0,0.0,0.0
84.18048596382141,1.74,-0.228,1.312,0.778,0.009,0.0,0.0,0.0
84.1900110244751,1.532,-0.184,1.289,0.904,0.07,0.0,0.0,0.0
84.20057129859924,1.707,-0.188,1.293,0.984,-0.083,0.006,0.0,0.0
84.21003794670105,1.773,-0.165,1.29,0.896,-0.05,0.0,0.0,0.0
84.21985602378845,1.729,-0.234,1.265,0.826,0.093,0.0,0.0,0.0
84.23033738136292,1.707,-0.242,1.32,0.791,0.326,0.0,0.0,0.0
84.2399172782898,1.762,-0.191,1.272,1.019,0.005,0.0,0.0,0.0
84.24998712539673,1.718,-0.229,1.375,0.836,-0.445,0.0,0.0,0.0
84.26036715507507,1.521,-0.194,1.311,1.003,-0.063,0.0,0.0,0.0
84.27065062522888,1.686,-0.192,1.302,1.055,-0.156,0.0,0.0,0.0
84.27987289428711,1.74,-0.196,1.279,0.925,-0.166,0.0,0.0,0.0
84.28995156288147,1.707,-0.15,1.365,0.865,-0.024,0.0,0.0,0.0
84.30052399635315,1.686,-0.212,1.338,0.986,0.111,0.0,0.0,0.0
84.31032276153564,1.927,-0.195,1.287,0.985,-0.139,0.0,0.0,0.0
84.32073473930359,1.543,-0.168,1.285,1.049,-0.403,0.0,0.0,0.0
84.33074235916138,1.488,-0.185,1.251,1.053,-0.023,0.0,0.0,0.0
84.34080910682678,1.905,-0.206,1.29,1.029,-0.077,0.0,0.0,0.0
84.35075974464417,1.718,-0.2,1.27,1.035,0.19,0.0,0.0,0.0
84.35970449447632,1.707,-0.186,1.339,1.046,-0.052,0.0,0.0,0.0
84.37080764770508,1.477,-0.155,1.306,0.861,0.132,0.0,0.0,0.0
84.3799102306366,1.872,-0.2,1.252,1.001,-0.212,0.0,0.0,0.0
84.3899998664856,1.729,-0.195,1.308,0.905,-0.231,0.0,0.0,0.0
84.39996433258057,1.696,-0.207,1.373,1.027,-0.068,0.0,0.0,0.0
84.41068005561829,1.696,-0.172,1.256,0.932,-0.034,0.0,0.0,0.0
84.4197998046875,1.488,-0.124,1.282,1.124,0.032,0.0,0.0,0.0
84.42974090576172,1.696,-0.167,1.373,1.009,-0.088,0.0,0.0,0.0
84.4398603439331,1.696,-0.17,1.23,0.953,0.148,0.0,0.0,0.0
84.44982528686523,1.664,-0.16,1.337,0.787,-0.019,0.003,0.0,0.0
84.46019959449768,1.729,-0.158,1.353,0.772,0.263,0.0,0.0,0.0
84.47111439704895,1.466,-0.155,1.265,0.807,-0.031,0.0,0.0,0.0
84.48002338409424,1.664,-0.194,1.321,0.757,0.306,0.0,0.0,0.0
84.48992228507996,1.905,-0.182,1.251,0.887,0.014,0.0,0.0,0.0
84.50005292892456,1.696,-0.214,1.222,0.955,-0.101,0.0,0.0,0.0
84.51060652732849,1.675,-0.15,1.289,0.998,0.036,0.0,0.0,0.0
84.51976203918457,1.653,-0.206,1.319,0.856,-0.085,0.0,0.0,0.0
84.52973985671997,1.675,-0.21,1.326,0.901,0.113,0.0,0.0,0.0
84.53992581367493,1.686,-0.186,1.362,0.828,0.151,0.0,0.0,0.0
84.54991364479065,1.872,-0.176,1.386,1.044,-0.012,0.0,0.0,0.0
84.56046557426453,1.696,-0.18,1.253,1.068,-0.07,0.0,0.0,0.0
84.57066559791565,1.477,-0.158,1.311,1.058,-0.147,0.0,0.0,0.0
84.58002161979675,1.675,-0.136,1.291,1.107,-0.035,0.0,0.0,0.0
84.58994698524475,1.74,-0.175,1.264,1.064,-0.159,0.0,0.0,0.0
84.60072541236877,1.883,-0.161,1.374,1.057,-0.137,0.0,0.0,0.0
84.61082983016968,1.488,-0.141,1.285,1.118,-0.094,0.0,0.0,0.0
84.62067437171936,1.861,-0.193,1.34,1.021,-0.01,0.0,0.0,0.0
84.63059306144714,1.521,-0.16,1.311,1.057,-0.057,0.0,0.0,0.0
84.64078164100647,1.675,-0.148,1.307,1.023,-0.109,0.0,0.0,0.0
84.64982962608337,1.675,-0.142,1.308,1.112,-0.101,0.0,0.0,0.0
84.65992069244385,1.729,-0.166,1.534,0.929,0.082,0.0,0.0,0.0
84.67036414146423,1.883,-0.153,1.317,0.886,-0.103,0.0,0.0,0.0
84.68085598945618,1.686,-0.158,1.318,1.158,-0.154,0.001,0.0,0.0
84.69064974784851,1.74,-0.179,1.31,0.993,-0.115,0.004,0.0,0.0
84.70068836212158,1.686,-0.144,1.297,1.071,-0.226,0.0,0.0,0.0
84.71074485778809,1.872,-0.217,1.297,1.124,-0.209,0.0,0.0,0.0
84.71978163719177,1.74,-0.124,1.254,1.005,-0.174,0.0,0.0,0.0
84.72977328300476,1.707,-0.141,1.302,0.897,0.091,0.0,0.0,0.0
84.740229845047,1.916,-0.153,1.435,0.853,0.227,0.0,0.0,0.0
84.75105595588684,1.565,-0.154,1.317,0.958,-0.282,0.0,0.0,0.0
84.76007199287415,1.707,-0.178,1.353,0.837,0.22,0.0,0.0,0.0
84.77017831802368,1.696,-0.152,1.246,0.999,-0.074,0.0,0.0,0.0
84.77992677688599,1.729,-0.17,1.201,1.035,-0.163,0.0,0.0,0.0
84.79072546958923,1.773,-0.161,1.379,0.934,-0.067,0.0,0.0,0.0
84.79977560043335,1.51,-0.156,1.315,1.041,-0.232,0.0,0.0,0.0
84.81009149551392,1.455,-0.167,1.432,0.903,0.096,0.0,0.0,0.0
84.82081627845764,1.927,-0.16,1.32,1.018,-0.107,0.0,0.0,0.0
84.82973837852478,1.74,-0.147,1.361,1.061,-0.199,0.0,0.0,0.0
84.83980441093445,1.477,-0.181,1.482,0.877,0.003,0.0,0.0,0.0
84.85010552406311,1.664,-0.174,1.45,1.012,0.198,0.0,0.0,0.0
84.86000990867615,1.905,-0.154,1.362,1.144,-0.034,0.0,0.0,0.0
84.87029504776001,1.686,-0.161,1.319,1.054,0.03,0.0,0.0,0.0
84.8809597492218,1.861,-0.172,1.313,1.168,-0.051,0.0,0.001,-0.001
84.89013981819153,1.751,-0.207,1.338,1.132,-0.247,0.0,0.0,0.0
84.89980101585388,1.466,-0.184,1.401,1.113,-0.174,0.0,0.0,0.0
84.90992426872253,1.653,-0.171,1.421,0.965,0.233,0.0,0.0,0.0
84.92033338546753,1.959,-0.158,1.36,0.887,-0.113,0.0,0.001,-0.001
84.9298951625824,1.696,-0.147,1.389,1.143,-0.228,0.0,0.0,0.0
84.94014167785645,1.696,-0.21,1.429,0.938,0.193,0.0,0.0,0.0
84.95027446746826,1.477,-0.207,1.365,0.992,-0.07,0.0,0.0,0.0
84.95988059043884,1.675,-0.13,1.333,1.16,-0.265,0.0,0.001,-0.001
84.96991991996765,1.686,-0.182,1.442,0.943,-0.097,0.0,0.0,0.0
84.98018312454224,1.675,-0.165,1.324,0.958,-0.153,0.0,0.0,0.0
84.99084782600403,1.729,-0.218,1.287,1.089,0.024,0.0,0.0,0.0
84.99991989135742,1.477,-0.187,1.357,1.171,0.21,0.0,0.0,0.0
85.01054000854492,1.894,-0.177,1.292,1.006,-0.114,0.0,0.0,0.0
85.02016043663025,1.74,-0.155,1.327,1.174,-0.171,0.0,0.0,0.0
85.02980971336365,1.883,-0.154,1.281,1.036,-0.357,0.0,0.001,-0.001
85.03983759880066,1.686,-0.169,1.35,0.981,0.133,0.0,0.0,0.0
85.05006980895996,1.751,-0.15,1.37,0.946,0.145,0.0,0.0,0.0
85.06008839607239,1.707,-0.153,1.292,1.052,-0.138,0.0,0.0,0.0
85.07000780105591,1.664,-0.149,1.269,1.108,-0.229,0.0,0.001,-0.001
85.07999324798584,1.751,-0.149,1.293,1.158,-0.125,0.0,0.0,0.0
85.08998990058899,1.905,-0.186,1.332,1.151,-0.06,0.0,0.0,0.0
85.10072708129883,1.729,-0.14,1.205,0.961,-0.049,0.0,0.0,0.0
85.11068964004517,1.51,-0.174,1.319,1.075,-0.059,0.0,0.0,0.0
85.12068843841553,1.696,-0.157,1.279,1.202,-0.179,0.0,0.0,0.0
85.13067078590393,1.696,-0.117,1.3,1.243,-0.189,0.0,0.0,0.0
85.13966464996338,1.696,-0.182,1.297,1.037,-0.237,0.0,0.0,0.0
85.15002775192261,1.992,-0.167,1.355,1.036,0.14,0.0,0.0,0.0
85.16011071205139,1.488,-0.159,1.195,1.208,-0.146,0.0,0.0,0.0
85.17013311386108,1.707,-0.127,1.275,1.248,-0.164,0.0,0.0,0.0
85.17989587783813,1.675,-0.142,1.254,1.298,-0.087,0.0,0.0,0.0
85.18999910354614,1.707,-0.157,1.269,0.996,0.012,0.0,0.0,0.0
85.20076608657837,1.696,-0.137,1.246,1.051,-0.1,0.0,0.0,0.0
85.21077227592468,1.883,-0.118,1.272,1.111,-0.103,0.0,0.0,0.0
85.22072434425354,1.543,-0.173,1.272,1.245,0.166,0.0,0.0,0.0
85.23080348968506,1.696,-0.122,1.256,1.259,-0.234,0.0,0.0,0.0
85.24094247817993,1.916,-0.154,1.204,1.044,-0.224,0.0,0.0,0.0
85.25072073936462,1.773,-0.189,1.246,0.943,0.193,0.0,0.0,0.0
85.25972318649292,1.718,-0.13,1.205,1.228,-0.159,0.0,0.001,-0.001
85.2705066204071,1.894,-0.175,1.322,1.044,0.189,0.0,0.001,-0.001
85.28104066848755,1.543,-0.153,1.191,1.261,-0.126,0.0,0.0,0.0
85.29070568084717,1.718,-0.189,1.245,0.974,0.191,0.0,0.0,0.0
85.3008131980896,1.499,-0.189,1.197,1.225,-0.154,0.0,0.0,0.0
85.31013751029968,1.696,-0.183,1.234,1.206,-0.51,0.0,0.0,0.0
85.31982111930847,1.97,-0.216,1.218,1.121,-0.104,0.0,0.0,0.0
85.32988810539246,1.499,-0.191,1.305,0.977,-0.163,0.0,0.0,0.0
85.34006476402283,1.696,-0.195,1.286,0.976,-0.015,0.0,0.0,0.0
85.34980630874634,1.729,-0.193,1.308,1.114,-0.117,0.0,0.0,0.0
85.35995864868164,1.707,-0.188,1.342,1.043,0.031,0.0,0.0,0.0
85.37006878852844,1.696,-0.187,1.163,1.009,-0.073,0.0,0.0,0.0
85.38081741333008,1.872,-0.22,1.247,1.153,-0.158,0.0,0.0,0.0
85.3898503780365,1.565,-0.253,1.199,1.084,-0.099,0.0,0.0,0.0
85.40012693405151,1.696,-0.197,1.258,1.082,0.024,0.0,0.0,0.0
85.40991735458374,1.894,-0.183,1.166,1.206,-0.134,0.0,0.001,-0.001
85.42048597335815,1.773,-0.218,1.227,0.997,-0.15,0.0,0.0,0.0
85.43006801605225,1.51,-0.2,1.147,1.121,-0.497,0.0,0.0,0.0
85.4402539730072,1.488,-0.177,1.139,1.037,-0.119,0.0,0.0,0.0
85.45067834854126,1.707,-0.186,1.151,1.203,-0.146,0.0,0.0,0.0
85.46004748344421,1.696,-0.148,1.168,1.121,-0.245,0.0,0.0,0.0
85.47028613090515,1.686,-0.186,1.214,1.135,0.046,0.0,0.0,0.0
85.48072147369385,1.861,-0.19,1.158,1.063,-0.234,0.0,0.0,0.0
85.49021553993225,1.543,-0.196,1.224,1.197,-0.266,0.0,0.0,0.0
85.4998517036438,1.696,-0.162,1.24,1.005,-0.116,0.0,0.001,-0.001
85.5102310180664,1.686,-0.191,1.278,0.975,-0.119,0.0,0.0,0.0
85.52009749412537,1.466,-0.132,1.197,1.214,-0.334,0.0,0.0,0.0
85.52982807159424,1.664,-0.173,1.222,1.29,-0.448,0.0,0.0,0.0
85.53993797302246,1.642,-0.184,1.312,0.933,0.14,0.0,0.0,0.0
85.55018353462219,1.905,-0.163,1.3,1.02,0.19,0.0,0.0,0.0
85.56005930900574,1.696,-0.174,1.22,1.256,-0.291,0.0,0.0,0.0
85.56990814208984,1.948,-0.16,1.213,1.162,-0.213,0.0,0.0,0.0
85.58023715019226,1.675,-0.17,1.22,1.232,0.027,0.0,0.0,0.0
85.59030151367188,1.938,-0.168,1.243,1.121,-0.166,0.0,0.0,0.0
85.59982633590698,1.729,-0.159,1.203,1.257,-0.263,0.0,0.0,0.0
85.60983085632324,1.686,-0.154,1.241,1.033,-0.225,0.0,0.0,0.0
85.61999487876892,1.927,-0.189,1.223,0.931,-0.041,0.0,0.0,0.0
85.62985396385193,1.729,-0.203,1.173,1.14,-0.215,0.0,0.0,0.0
85.6397602558136,1.521,-0.188,1.224,0.969,0.18,0.0,0.0,0.0
85.6504054069519,1.938,-0.205,1.296,1.05,0.018,0.0,0.0,0.0
85.65983581542969,1.729,-0.162,1.255,1.212,-0.143,0.0,0.0,0.0
85.66986536979675,1.729,-0.187,1.422,0.99,-0.018,0.0,0.0,0.0
85.67980027198792,1.762,-0.218,1.218,1.057,0.178,0.0,0.0,0.0
85.6910080909729,1.718,-0.196,1.254,1.253,-0.229,0.0,0.001,-0.001
85.7000093460083,1.521,-0.219,1.221,0.996,-0.28,0.0,0.0,0.0
85.70986461639404,1.927,-0.196,1.208,1.261,-0.262,0.0,0.001,-0.001
85.72075009346008,1.74,-0.2,1.32,1.085,0.149,0.0,0.0,0.0
85.73075032234192,1.97,-0.16,1.184,1.176,-0.524,0.0,0.0,0.0
85.73984551429749,1.762,-0.185,1.189,1.325,-0.314,0.0,0.0,0.0
85.75013041496277,1.762,-0.2,1.335,1.102,0.119,0.0,0.0,0.0
85.75989961624146,1.97,-0.201,1.167,1.266,-0.212,0.0,0.0,0.0
85.77001929283142,1.532,-0.186,1.269,0.983,0.019,0.0,0.0,0.0
85.78020668029785,1.97,-0.194,1.232,1.014,-0.238,0.0,0.0,0.0
85.79073786735535,1.981,-0.209,1.207,1.162,-0.331,0.0,0.0,0.0
85.7999312877655,1.839,-0.194,1.215,1.244,-0.139,0.0,0.0,0.0
85.80985856056213,1.795,-0.168,1.22,1.084,0.032,0.0,0.0,0.0
85.82034182548523,1.992,-0.155,1.234,1.094,0.124,0.0,0.0,0.0
85.83055329322815,1.861,-0.153,1.176,1.041,-0.184,0.0,0.0,0.0
85.83984971046448,1.795,-0.123,1.291,1.278,-0.098,0.0,0.0,0.0
85.85003161430359,1.795,-0.166,1.344,1.036,0.038,0.0,0.0,0.0
85.86055374145508,1.85,-0.157,1.227,1.151,-0.194,0.0,0.0,0.0
85.8697862625122,1.598,-0.119,1.246,1.173,-0.278,0.0,0.0,0.0
85.88028764724731,1.992,-0.168,1.335,1.068,-0.127,0.0,0.0,0.0
85.89112305641174,1.839,-0.149,1.205,1.233,-0.036,0.0,0.0,0.0
85.90114331245422,1.883,-0.189,1.248,1.039,-0.273,0.0,0.0,0.0
85.90992546081543,1.609,-0.169,1.278,1.051,-0.148,0.0,0.0,0.0
85.919837474823,1.959,-0.21,1.242,1.098,-0.368,0.0,0.001,-0.001
85.93075108528137,1.839,-0.217,1.351,0.973,-0.027,0.0,0.0,0.0
85.93978452682495,1.609,-0.191,1.272,1.221,-0.234,0.0,0.001,-0.001
85.9500675201416,1.784,-0.186,1.369,1.171,-0.029,0.0,0.0,0.0
85.9602472782135,1.861,-0.212,1.228,1.077,-0.135,0.0,0.0,0.0
85.97017741203308,1.806,-0.197,1.172,1.199,-0.289,0.0,0.0,0.0
85.98018002510071,1.795,-0.17,1.223,1.195,-0.268,0.0,0.0,0.0
85.99042081832886,1.653,-0.206,1.216,1.291,-0.338,0.0,0.0,0.0
86.00002789497375,2.014,-0.185,1.251,1.387,-0.246,0.0,0.0,0.0
86.01005673408508,1.609,-0.204,1.286,1.223,0.002,0.0,0.0,0.0
86.01979088783264,1.806,-0.228,1.262,1.289,-0.288,0.0,0.0,0.0
86.02987766265869,1.861,-0.214,1.38,1.137,-0.124,0.0,0.0,0.0
86.0397379398346,1.587,-0.21,1.272,1.15,0.162,0.0,0.0,0.0
86.04988694190979,1.554,-0.224,1.399,0.989,-0.038,0.0,0.0,0.0
86.06042790412903,1.74,-0.203,1.4,1.109,-0.164,0.0,0.0,0.0
86.06997871398926,1.839,-0.203,1.286,1.241,-0.19,0.0,0.0,0.0
86.08063554763794,1.784,-0.193,1.291,1.074,-0.236,0.0,0.0,0.0
86.09014916419983,1.554,-0.194,1.266,1.277,-0.401,0.0,0.0,0.0
86.10097551345825,2.047,-0.236,1.229,1.408,-0.22,0.0,0.0,0.0
86.11068940162659,1.565,-0.225,1.246,1.064,0.053,0.0,0.0,0.0
86.12059807777405,1.959,-0.174,1.233,1.235,-0.52,0.0,0.0,0.0
86.13078761100769,1.554,-0.154,1.209,1.299,-0.513,0.0,0.0,0.0
86.14069271087646,1.762,-0.216,1.188,1.262,-0.002,0.0,0.0,0.0
86.1497552394867,1.938,-0.216,1.194,1.234,-0.278,0.0,0.0,0.0
86.1610791683197,1.565,-0.171,1.309,1.118,-0.087,0.0,0.0,0.0
86.16992330551147,1.751,-0.203,1.178,1.093,0.065,0.0,0.0,0.0
86.17975211143494,1.532,-0.163,1.255,1.086,-0.379,0.0,0.0,0.0
86.18997144699097,1.598,-0.149,1.227,1.115,-0.21,0.0,0.0,0.0
86.20084953308105,1.948,-0.184,1.179,1.255,0.022,0.0,0.0,0.0
86.2106819152832,1.543,-0.202,1.205,1.261,-0.234,0.0,0.0,0.0
86.22064304351807,1.686,-0.139,1.176,1.303,-0.356,0.0,0.0,0.0
86.23079013824463,1.587,-0.179,1.214,1.309,-0.131,0.0,0.0,0.0
86.24071884155273,1.718,-0.22,1.193,1.274,-0.389,0.0,0.0,0.0
86.24969744682312,1.499,-0.164,1.193,1.186,-0.424,0.0,0.0,0.0
86.26062440872192,1.905,-0.202,1.253,1.049,-0.005,0.0,0.0,0.0
86.27012777328491,1.51,-0.168,1.195,1.345,-0.215,0.0,0.0,0.0
86.27986240386963,1.959,-0.193,1.237,1.308,-0.287,0.0,0.0,0.0
86.29004502296448,1.51,-0.219,1.238,1.226,-0.286,0.0,0.0,0.0
86.29993391036987,1.707,-0.228,1.156,1.295,-0.183,0.0,0.0,0.0
86.31004118919373,1.938,-0.23,1.252,1.34,-0.275,0.0,0.0,0.0
86.31971263885498,1.488,-0.226,1.24,1.08,-0.194,0.0,0.0,0.0
86.32997488975525,1.74,-0.229,1.244,1.214,0.009,0.0,0.0,0.0
86.33998131752014,1.686,-0.218,1.263,1.139,-0.239,0.0,0.0,0.0
86.34990191459656,1.686,-0.219,1.219,1.185,-0.138,0.0,0.0,0.0
86.36044192314148,1.751,-0.205,1.192,1.139,-0.184,0.0,0.0,0.0
86.37003993988037,1.686,-0.2,1.113,1.332,-0.301,0.0,0.0,0.0
86.3807144165039,1.675,-0.196,1.186,1.177,-0.32,0.0,0.001,-0.001
86.39072728157043,1.773,-0.204,1.176,1.338,-0.195,0.0,0.0,0.0
86.40071868896484,1.696,-0.219,1.133,1.368,-0.272,0.0,0.0,0.0
86.41071343421936,1.642,-0.228,1.17,1.307,-0.179,0.0,0.0,0.0
86.41972017288208,1.466,-0.217,1.164,1.263,-0.384,0.0,0.0,0.0
86.4303183555603,1.696,-0.209,1.19,1.216,0.172,0.0,0.0,0.0
86.44001364707947,1.707,-0.216,1.201,1.35,-0.195,0.0,0.0,0.0
86.44983887672424,1.905,-0.246,1.234,1.135,-0.258,0.0,0.0,0.0
86.46000576019287,1.707,-0.205,1.233,1.105,-0.212,0.0,0.0,0.0
86.4707248210907,1.894,-0.173,1.231,1.27,-0.225,0.0,0.0,0.0
86.47982048988342,1.74,-0.209,1.151,1.276,-0.29,0.0,0.0,0.0
86.49009728431702,1.696,-0.152,1.185,1.224,-0.195,0.0,0.0,0.0
86.5000786781311,1.959,-0.166,1.126,1.219,-0.192,0.0,0.001,-0.001
86.51019024848938,1.729,-0.164,1.128,1.144,-0.209,0.0,0.001,-0.001
86.51978302001953,1.981,-0.146,1.115,1.269,-0.343,0.0,0.0,0.0
86.53053593635559,1.718,-0.173,1.174,1.156,-0.047,0.0,0.0,0.0
86.54001975059509,1.927,-0.155,1.083,1.324,-0.421,0.0,0.0,0.0
86.55017018318176,1.532,-0.178,1.149,1.175,-0.233,0.0,0.0,0.0
86.5602159500122,1.532,-0.165,1.11,1.256,-0.348,0.0,0.001,-0.001
86.57069444656372,1.992,-0.154,1.082,1.292,-0.208,0.0,0.0,0.0
86.58070611953735,1.729,-0.178,1.11,1.26,-0.465,0.0,0.0,0.0
86.58983111381531,1.894,-0.21,1.177,1.331,-0.309,0.0,0.0,0.0
86.60013747215271,1.521,-0.217,1.198,1.216,-0.128,0.0,0.001,-0.001
86.61038517951965,1.521,-0.194,1.126,1.259,-0.156,0.0,0.0,0.0
86.6198799610138,1.97,-0.158,1.187,1.407,-0.418,0.0,0.0,0.0
86.63055348396301,1.521,-0.188,1.212,1.177,-0.363,0.0,0.0,0.0
86.64051508903503,1.686,-0.181,1.147,1.342,-0.418,0.0,0.0,0.0
86.64982318878174,1.948,-0.155,1.197,1.305,-0.235,0.0,0.0,0.0
86.65986824035645,1.521,-0.194,1.236,1.164,0.071,0.0,0.0,0.0
86.67045378684998,1.927,-0.22,1.177,1.206,-0.165,0.0,0.0,0.0
86.68044805526733,1.729,-0.168,1.146,1.266,-0.14,0.0,0.0,0.0
86.68993616104126,1.938,-0.169,1.126,1.343,-0.267,0.0,0.0,0.0
86.70018482208252,1.51,-0.184,1.227,1.316,-0.119,0.0,0.0,0.0
86.71031951904297,2.157,-0.173,1.12,1.144,-0.259,0.0,0.0,0.0
86.7202935218811,1.751,-0.159,1.103,1.365,-0.376,0.0,0.0,0.0
86.73063707351685,1.773,-0.172,1.098,1.398,-0.493,0.0,0.0,0.0
86.74088454246521,1.543,-0.171,1.127,1.394,-0.385,0.0,0.0,0.0
86.74984884262085,1.948,-0.203,1.127,1.299,0.047,0.0,0.0,0.0
86.75990295410156,1.762,-0.186,1.193,1.195,0.043,0.0,0.0,0.0
86.77007484436035,1.806,-0.161,1.192,1.178,-0.308,0.0,0.0,0.0
86.7800726890564,1.762,-0.162,1.181,1.272,-0.576,0.0,0.0,0.0
86.79000520706177,1.784,-0.19,1.143,1.222,-0.157,0.0,0.0,0.0
86.80012607574463,1.762,-0.155,1.151,1.217,-0.238,0.0,0.0,0.0
86.81050753593445,1.729,-0.151,1.136,1.224,-0.25,0.0,0.001,-0.001
86.81986784934998,1.806,-0.164,1.199,1.305,-0.217,0.0,0.0,0.0
86.82989168167114,1.543,-0.14,1.149,1.298,0.064,0.0,0.0,0.0
86.84062170982361,2.014,-0.145,1.178,1.248,-0.238,0.0,0.0,0.0
86.8498387336731,1.554,-0.124,1.138,1.358,-0.453,0.0,0.001,0.001
86.85990619659424,1.762,-0.145,1.157,1.415,-0.159,0.0,0.0,0.0
86.87070870399475,1.762,-0.135,1.125,1.28,-0.207,0.0,0.0,0.0
86.88054656982422,1.554,-0.17,1.258,1.265,-0.293,0.0,0.0,0.0
86.88983917236328,1.795,-0.137,1.155,1.391,-0.312,0.0,0.001,-0.001
86.9008412361145,1.959,-0.178,1.175,1.274,0.02,0.0,0.0,0.0
86.91087174415588,1.806,-0.187,1.132,1.343,-0.411,0.0,0.0,0.0
86.92071199417114,1.762,-0.2,1.165,1.306,-0.314,0.0,0.0,0.0
86.93065738677979,1.795,-0.211,1.15,1.408,-0.438,0.0,0.0,0.0
86.94038391113281,1.751,-0.2,1.142,1.212,-0.108,0.0,0.0,0.0
86.94993805885315,2.003,-0.231,1.121,1.325,-0.436,0.0,0.0,0.0
86.95982336997986,1.773,-0.187,1.129,1.207,-0.137,0.0,0.0,0.0
86.97085094451904,1.806,-0.218,1.237,1.225,-0.209,0.0,0.0,0.0
86.98040413856506,1.773,-0.219,1.16,1.308,-0.312,0.0,0.0,0.0
86.98984694480896,1.751,-0.163,1.14,1.379,-0.433,0.0,0.0,0.0
86.99994850158691,1.565,-0.184,1.194,1.168,-0.108,0.0,0.001,-0.001
87.01064133644104,1.718,-0.192,1.163,1.243,-0.183,0.0,0.0,0.0
87.01997709274292,1.751,-0.161,1.16,1.324,-0.383,0.0,0.0,0.0
87.02972388267517,1.543,-0.178,1.231,1.205,-0.274,0.001,0.0,0.0
87.04019808769226,1.806,-0.147,1.253,1.171,-0.074,0.0,0.0,0.0
87.05005860328674,1.74,-0.142,1.191,1.327,-0.234,0.0,0.0,0.0
87.06001329421997,1.795,-0.132,1.147,1.238,-0.368,0.0,0.0,0.0
87.07035326957703,1.532,-0.117,1.161,1.202,-0.371,0.0,0.0,0.0
87.07999420166016,1.751,-0.105,1.138,1.321,-0.463,0.0,0.0,0.0
87.09031867980957,1.74,-0.129,1.223,1.112,-0.397,0.0,0.0,0.0
87.09974074363708,1.751,-0.153,1.139,1.379,-0.387,0.0,0.0,0.0
87.11007237434387,1.938,-0.15,1.2,1.16,-0.05,0.0,0.0,0.0
87.12026453018188,1.959,-0.14,1.137,1.329,-0.359,0.001,0.0,0.0
87.12985515594482,1.543,-0.158,1.155,1.143,-0.507,0.0,0.0,0.0
87.13990640640259,1.97,-0.127,1.274,1.139,-0.123,0.0,0.0,0.0
87.14981746673584,1.543,-0.161,1.235,1.211,-0.409,0.0,0.0,0.0
87.16028618812561,1.718,-0.166,1.208,1.24,-0.19,0.0,0.0,0.0
87.17034673690796,1.74,-0.131,1.182,1.338,-0.356,0.0,0.0,0.0
87.17989134788513,1.696,-0.162,1.185,1.344,-0.419,0.0,0.0,0.0
87.18998622894287,1.762,-0.171,1.243,1.217,-0.185,0.0,0.0,0.0
87.19988703727722,1.718,-0.181,1.172,1.325,-0.279,0.0,0.0,0.0
87.21019506454468,1.729,-0.214,1.259,1.226,-0.294,0.0,0.0,0.0
87.21973729133606,1.532,-0.208,1.158,1.418,-0.394,0.0,0.0,0.0
87.23065829277039,1.74,-0.202,1.272,1.209,-0.122,0.0,0.0,0.0
87.24022126197815,1.751,-0.169,1.158,1.335,-0.343,0.0,0.0,0.0
87.25001883506775,1.784,-0.192,1.168,1.355,-0.287,0.0,0.0,0.0
87.26142764091492,1.74,-0.219,1.167,1.361,-0.12,0.0,0.0,0.0
87.27009463310242,1.905,-0.226,1.253,1.216,-0.025,0.0,0.0,0.0
87.27989387512207,1.74,-0.197,1.166,1.415,-0.372,0.0,0.0,0.0
87.28994512557983,1.477,-0.198,1.144,1.328,0.048,0.0,0.0,0.0
87.29981184005737,1.729,-0.184,1.143,1.169,0.062,0.0,0.0,0.0
87.31074094772339,1.521,-0.188,1.224,1.162,-0.02,0.0,0.001,-0.001
87.31970596313477,1.916,-0.199,1.123,1.423,-0.261,0.0,0.0,0.0
87.33044195175171,1.499,-0.171,1.174,1.219,-0.012,0.0,0.0,0.0
87.34088134765625,1.916,-0.146,1.084,1.473,-0.487,0.0,0.0,0.0
87.35010242462158,1.751,-0.165,1.11,1.306,-0.35,0.0,0.0,0.0
87.36008763313293,1.729,-0.172,1.101,1.305,-0.235,0.0,0.0,0.0
87.37179160118103,1.981,-0.141,1.139,1.371,-0.274,0.0,0.0,0.0
87.3798656463623,1.74,-0.145,1.173,1.237,-0.061,0.0,0.001,-0.001
87.39006519317627,1.74,-0.15,1.143,1.374,-0.533,0.0,0.0,0.0
87.400808095932,1.729,-0.158,1.026,1.305,-0.414,0.0,0.0,0.0
87.41077399253845,1.948,-0.129,1.109,1.394,-0.432,0.0,0.0,0.0
87.4205629825592,1.521,-0.096,1.152,1.526,-0.311,0.0,0.0,0.0
87.43084359169006,1.751,-0.117,1.109,1.486,-0.502,0.0,0.0,0.0
87.44009232521057,1.981,-0.134,1.132,1.404,-0.406,0.0,0.0,0.0
87.44989132881165,1.773,-0.128,1.134,1.353,-0.289,0.0,0.0,0.0
87.46019172668457,1.806,-0.093,1.187,1.239,-0.306,0.0,0.0,0.0
87.4703471660614,1.554,-0.099,1.161,1.276,-0.306,0.0,0.0,0.0
87.48007035255432,1.795,-0.082,1.11,1.343,-0.491,0.0,0.0,0.0
87.48984956741333,1.74,-0.141,1.158,1.266,-0.431,0.0,0.0,0.0
87.49985885620117,1.784,-0.136,1.089,1.223,-0.304,0.0,0.0,0.0
87.51034164428711,1.543,-0.158,1.17,1.208,-0.369,0.0,0.0,0.0
87.52017068862915,1.784,-0.154,1.046,1.457,-0.435,0.0,0.0,0.0
87.5298159122467,1.729,-0.159,1.095,1.285,-0.278,0.0,0.0,0.0
87.54032969474792,1.74,-0.164,1.079,1.188,-0.35,0.0,0.0,0.0
87.5501070022583,1.532,-0.182,1.082,1.388,-0.382,0.0,0.0,0.0
87.55985236167908,1.938,-0.186,1.045,1.393,-0.317,0.0,0.0,0.0
87.57048845291138,1.696,-0.205,1.1,1.208,-0.013,0.0,0.0,0.0
87.5798614025116,1.74,-0.184,1.082,1.436,-0.499,0.0,0.0,0.0
87.5898187160492,1.532,-0.189,1.215,1.265,-0.141,0.0,0.0,0.0
87.59983897209167,1.927,-0.192,1.127,1.196,-0.007,0.0,0.0,0.0
87.61000537872314,1.729,-0.204,1.088,1.232,-0.186,0.0,0.0,0.0
87.61987042427063,1.729,-0.17,1.044,1.368,-0.292,0.0,0.001,-0.001
87.63016486167908,1.718,-0.215,1.14,1.247,-0.298,0.0,0.0,0.0
87.63983249664307,1.927,-0.172,1.094,1.438,-0.204,0.0,0.0,0.0
87.64993619918823,1.718,-0.164,1.088,1.301,-0.166,0.001,0.0,0.0
87.66008353233337,1.751,-0.169,1.145,1.333,-0.156,0.0,0.0,0.0
87.67026424407959,1.97,-0.155,1.062,1.258,-0.244,0.0,0.0,0.0
87.68094277381897,1.543,-0.14,1.082,1.341,-0.367,0.0,0.0,0.0
87.69007349014282,1.948,-0.169,1.065,1.227,-0.099,0.0,0.0,0.0
87.70074653625488,1.981,-0.151,1.07,1.294,-0.273,0.0,0.0,0.0
87.71064305305481,1.554,-0.105,0.985,1.377,-0.501,0.0,0.0,0.0
87.71983408927917,1.806,-0.154,1.027,1.366,-0.464,0.0,0.0,0.0
87.72995829582214,1.762,-0.152,1.149,1.204,-0.065,0.0,0.0,0.0
87.74022793769836,1.532,-0.132,1.071,1.23,-0.379,0.0,0.0,0.0
87.75022101402283,1.938,-0.163,1.106,1.378,-0.473,0.0,0.0,0.0
87.76012563705444,1.554,-0.14,1.074,1.344,-0.47,0.0,0.0,0.0
87.7701666355133,1.981,-0.172,1.081,1.208,-0.258,0.0,0.0,0.0
87.78027081489563,1.751,-0.151,1.052,1.239,-0.348,0.0,0.0,0.0
87.78993630409241,1.784,-0.123,1.029,1.284,-0.52,0.0,0.0,0.0
87.7999894618988,1.532,-0.158,1.104,1.294,-0.233,0.0,0.001,-0.001
87.81002998352051,1.762,-0.148,1.047,1.272,-0.352,0.0,0.0,0.0
87.82092261314392,1.729,-0.182,1.029,1.264,-0.254,0.0,0.0,0.0
87.82993578910828,1.729,-0.175,1.077,1.3,-0.404,0.0,0.0,0.0
87.8399167060852,1.675,-0.171,1.179,1.231,-0.327,0.0,0.0,0.0
87.85095429420471,1.762,-0.205,1.078,1.272,-0.237,0.0,0.0,0.0
87.85989809036255,1.762,-0.214,1.046,1.282,-0.229,0.0,0.0,0.0
87.87013339996338,1.751,-0.196,1.155,1.188,-0.069,0.0,0.0,0.0
87.88071322441101,1.729,-0.195,1.023,1.289,-0.236,0.0,0.0,0.0
87.89017868041992,1.74,-0.217,1.054,1.302,-0.304,0.0,0.0,0.0
87.8998498916626,1.751,-0.208,1.025,1.371,-0.367,0.0,0.0,0.0
87.91025495529175,1.97,-0.209,1.103,1.291,-0.223,0.0,0.0,0.0
87.92063093185425,2.222,-0.197,1.117,1.379,-0.385,0.0,0.0,0.0
87.93017101287842,1.587,-0.203,1.015,1.393,-0.485,0.0,0.0,0.0
87.93981456756592,1.992,-0.205,1.128,1.347,-0.192,0.0,0.0,0.0
87.95120668411255,1.992,-0.207,1.103,1.449,-0.363,0.0,0.0,0.0
87.96072888374329,1.565,-0.184,1.169,1.313,-0.138,0.002,0.0,0.0
87.97004556655884,2.003,-0.168,1.133,1.45,-0.241,0.0,0.0,0.0
87.98020124435425,1.806,-0.168,1.024,1.527,-0.468,0.0,0.0,0.0
87.99027442932129,2.036,-0.142,1.072,1.478,-0.342,0.001,0.0,0.0
88.00067925453186,1.806,-0.145,1.093,1.487,-0.545,0.0,0.0,0.0
88.01068258285522,1.609,-0.136,1.125,1.439,-0.429,0.0,0.0,0.0
88.0208740234375,2.058,-0.125,1.096,1.395,-0.407,0.0,0.0,0.0
88.03067803382874,1.828,-0.143,1.085,1.241,-0.522,0.0,0.0,0.0
88.0397720336914,1.62,-0.14,1.102,1.332,-0.315,0.0,0.0,0.0
88.05032014846802,2.036,-0.127,1.206,1.09,-0.137,0.0,0.0,0.0
88.06015133857727,1.828,-0.106,1.067,1.346,-0.292,0.0,0.0,0.0
88.06980657577515,1.631,-0.122,1.086,1.268,-0.298,0.0,0.0,0.0
88.08092284202576,1.85,-0.126,1.088,1.251,-0.032,0.0,0.0,0.0
88.09113478660583,1.806,-0.155,1.074,1.418,-0.457,0.0,0.0,0.0
88.0999207496643,1.817,-0.151,1.11,1.246,-0.112,0.0,0.0,0.0
88.11012125015259,1.62,-0.118,1.122,1.264,-0.343,0.0,0.0,0.0
88.11996841430664,1.806,-0.159,1.089,1.392,-0.241,0.0,0.0,0.0
88.13002133369446,2.058,-0.131,1.149,1.353,-0.032,0.0,0.0,0.0
88.13978362083435,1.62,-0.172,1.086,1.359,-0.283,0.0,0.0,0.0
88.15038204193115,1.598,-0.181,1.184,1.256,-0.145,0.0,0.0,0.0
88.15978288650513,1.806,-0.154,1.099,1.357,-0.386,0.0,0.0,0.0
88.16989874839783,1.784,-0.203,1.19,1.268,0.023,0.0,0.001,-0.001
88.18078780174255,1.795,-0.185,1.145,1.272,0.01,0.0,0.0,0.0
88.19097352027893,1.806,-0.217,1.098,1.411,-0.309,0.0,0.0,0.0
88.20069575309753,1.587,-0.2,1.078,1.26,-0.203,0.0,0.0,0.0
88.21072363853455,1.97,-0.185,1.131,1.369,-0.457,0.0,0.0,0.0
88.22023797035217,1.795,-0.219,1.125,1.396,-0.321,0.0,0.0,0.0
88.229825258255,1.587,-0.207,1.107,1.306,-0.289,0.0,0.0,0.0
88.23969841003418,2.003,-0.21,1.229,1.141,-0.288,0.0,0.0,0.0
88.25036644935608,1.806,-0.202,1.197,1.198,-0.077,0.0,0.0,0.0
88.26011157035828,1.806,-0.197,1.146,1.284,-0.389,0.0,0.0,0.0
88.26981854438782,1.795,-0.19,1.085,1.275,-0.352,0.002,0.0,0.0
88.2803041934967,2.222,-0.192,1.074,1.359,-0.353,0.0,0.0,0.0
88.29068422317505,1.839,-0.156,1.065,1.311,-0.402,0.001,0.0,0.0
88.2999632358551,1.85,-0.16,1.089,1.321,-0.253,0.0,0.0,0.0
88.31007194519043,2.047,-0.175,1.198,1.252,-0.153,0.002,0.0,0.0
88.31994366645813,1.85,-0.18,1.213,1.255,-0.31,0.0,0.0,0.0
88.33094024658203,1.861,-0.148,1.154,1.262,-0.303,0.0,0.001,-0.001
88.33971238136292,2.08,-0.152,1.167,1.355,0.046,0.0,0.0,0.0
88.34972596168518,1.872,-0.136,1.221,1.255,-0.12,0.0,0.0,0.0
88.36052942276001,1.872,-0.13,1.25,1.351,-0.154,0.0,0.0,0.0
88.3698205947876,1.861,-0.116,1.154,1.459,-0.257,0.0,0.0,0.0
88.3797926902771,1.872,-0.116,1.202,1.332,-0.115,0.0,0.001,-0.001
88.38999128341675,1.872,-0.117,1.256,1.351,-0.217,0.0,0.0,0.0
88.40080571174622,2.091,-0.112,1.154,1.359,-0.285,0.0,0.0,0.0
88.41073489189148,1.905,-0.133,1.158,1.391,-0.287,0.002,0.0,0.0
88.42075419425964,1.675,-0.151,1.108,1.379,-0.396,0.0,0.0,0.0
88.43097972869873,1.894,-0.137,1.09,1.38,-0.308,0.0,0.0,0.0
88.4397542476654,1.905,-0.159,1.113,1.164,-0.14,0.0,0.0,0.0
88.45023036003113,1.664,-0.124,1.185,1.24,-0.039,0.0,0.0,0.0
88.46025276184082,1.664,-0.146,1.077,1.354,-0.361,0.0,0.0,0.0
88.46990466117859,1.62,-0.141,1.117,1.244,-0.27,0.0,0.0,0.0
88.47982859611511,1.839,-0.159,1.108,1.271,-0.161,0.0,0.0,0.0
88.49075102806091,1.894,-0.15,1.167,1.098,-0.088,0.0,0.0,0.0
88.50104260444641,1.631,-0.151,1.083,1.322,-0.286,0.0,0.0,0.0
88.51071572303772,1.664,-0.168,1.077,1.344,-0.046,0.0,0.0,0.0
88.52065086364746,1.609,-0.164,1.056,1.376,-0.377,0.0,0.0,0.0
88.53041243553162,1.576,-0.191,1.093,1.306,-0.272,0.0,0.0,0.0
88.53980565071106,1.576,-0.149,1.079,1.377,-0.306,0.0,0.0,0.0
88.54999685287476,1.773,-0.17,1.14,1.305,-0.174,0.0,0.0,0.0
88.56047821044922,1.587,-0.152,1.134,1.242,-0.402,0.0,0.0,0.0
88.57019114494324,1.554,-0.153,1.122,1.412,-0.386,0.0,0.0,0.0
88.57985997200012,1.784,-0.156,1.076,1.256,-0.31,0.0,0.0,0.0
88.5899429321289,1.477,-0.15,1.146,1.273,-0.094,0.0,0.0,0.0
88.60021376609802,1.74,-0.152,1.072,1.248,-0.154,0.0,0.0,0.0
88.61021280288696,1.729,-0.159,1.053,1.309,-0.323,0.0,0.0,0.0
88.61973929405212,1.74,-0.144,1.085,1.346,-0.298,0.0,0.0,0.0
88.6299877166748,1.729,-0.16,1.061,1.303,-0.15,0.0,0.0,0.0
88.63988637924194,1.499,-0.155,1.022,1.251,-0.242,0.0,0.0,0.0
88.64978003501892,1.74,-0.158,1.09,1.229,-0.239,0.0,0.0,0.0
88.66060876846313,1.927,-0.166,1.135,1.18,-0.14,0.0,0.0,0.0
88.67099618911743,1.938,-0.125,1.025,1.318,-0.33,0.0,0.0,0.0
88.67989611625671,1.74,-0.127,1.096,1.259,-0.293,0.0,0.0,0.0
88.69008827209473,1.729,-0.12,0.978,1.29,-0.213,0.0,0.0,0.0
88.70103979110718,1.74,-0.149,1.086,1.305,-0.397,0.0,0.0,0.0
88.70992827415466,1.959,-0.137,1.072,1.194,-0.297,0.0,0.0,0.0
88.71964597702026,1.751,-0.133,1.06,1.229,-0.317,0.0,0.0,0.0
88.73019170761108,2.003,-0.106,1.029,1.221,-0.08,0.0,0.0,0.0
88.74030685424805,1.335,-0.123,1.008,1.282,-0.244,0.0,0.001,-0.001
88.74993133544922,1.938,-0.131,1.015,1.3,-0.242,0.0,0.0,0.0
88.76010632514954,1.74,-0.11,1.093,1.203,-0.13,0.0,0.0,0.0
88.77023458480835,1.74,-0.153,1.053,1.251,-0.198,0.0,0.0,0.0
88.77992987632751,1.959,-0.149,1.069,1.234,-0.311,0.0,0.0,0.0
88.78986501693726,1.543,-0.144,1.039,1.251,-0.193,0.0,0.0,0.0
88.79995965957642,1.729,-0.144,1.084,1.229,-0.194,0.001,0.0,0.0
88.80979466438293,1.74,-0.162,1.051,1.278,-0.208,0.0,0.0,0.0
88.81975674629211,1.74,-0.148,1.057,1.24,-0.11,0.0,0.0,0.0
88.82995247840881,1.948,-0.153,1.049,1.242,-0.137,0.0,0.0,0.0
88.84016942977905,1.543,-0.144,1.063,1.2,-0.11,0.0,0.0,0.0
88.84991121292114,1.938,-0.153,0.964,1.252,-0.223,0.0,0.0,0.0
88.8599967956543,1.543,-0.162,1.001,1.22,-0.178,0.0,0.0,0.0
88.87023758888245,1.729,-0.18,1.102,1.234,-0.138,0.0,0.0,0.0
88.8798475265503,1.488,-0.172,1.019,1.292,-0.229,0.0,0.0,0.0
88.88986611366272,1.729,-0.186,1.037,1.3,-0.099,0.001,0.0,0.0
88.9001100063324,1.521,-0.16,1.105,1.295,-0.146,0.0,0.0,0.0
88.9108259677887,1.938,-0.174,1.013,1.382,-0.172,0.0,0.0,0.0
88.91966390609741,1.74,-0.188,1.028,1.385,-0.214,0.0,0.0,0.0
88.92983913421631,1.686,-0.184,1.099,1.311,-0.098,0.0,0.0,0.0
88.93973183631897,1.521,-0.154,1.109,1.407,-0.149,0.0,0.0,0.0
88.94975543022156,1.707,-0.167,1.182,1.332,-0.153,0.0,0.0,0.0
88.96023392677307,1.894,-0.177,1.078,1.275,-0.174,0.0,0.0,0.0
88.97050642967224,1.291,-0.169,1.093,1.365,-0.239,0.0,0.0,0.0
88.98101735115051,1.872,-0.16,1.012,1.395,-0.209,0.0,0.0,0.0
88.99021244049072,1.696,-0.164,1.027,1.33,-0.163,0.0,0.0,0.0
89.0008897781372,1.488,-0.173,1.007,1.411,-0.24,0.0,0.0,0.0
89.01069831848145,1.883,-0.181,1.014,1.404,-0.241,0.0,-0.001,0.001
89.02079200744629,1.696,-0.169,1.058,1.408,-0.201,0.0,-0.001,0.001
89.03075075149536,1.477,-0.185,1.027,1.376,-0.237,0.0,0.0,0.0
89.0398154258728,1.894,-0.162,1.0,1.317,-0.221,0.0,0.0,0.0
89.05058741569519,1.477,-0.159,1.013,1.301,-0.152,0.0,0.0,0.0
89.05983877182007,1.675,-0.149,1.066,1.355,-0.22,0.0,0.0,0.0
89.07038474082947,1.653,-0.169,1.108,1.266,-0.114,0.0,0.0,0.0
89.07994818687439,1.653,-0.163,1.023,1.326,-0.192,0.0,0.0,0.0
89.0912766456604,1.675,-0.165,0.958,1.305,-0.169,0.0,0.0,0.0
89.10072588920593,1.675,-0.167,1.114,1.256,-0.163,0.0,0.0,0.0
89.11077857017517,1.664,-0.162,1.035,1.348,-0.207,0.006,0.0,0.0
89.1208963394165,1.653,-0.169,1.022,1.349,-0.238,0.0,0.0,0.0
89.13075184822083,1.653,-0.169,1.044,1.359,-0.208,0.0,0.0,0.0
89.13979434967041,1.883,-0.142,1.04,1.358,-0.217,0.0,0.0,0.0
89.1498556137085,1.455,-0.148,1.064,1.316,-0.16,0.0,0.0,0.0
89.15994596481323,1.872,-0.154,1.07,1.31,-0.155,0.0,0.0,0.0
89.1703269481659,1.686,-0.17,1.044,1.308,-0.196,0.0,0.0,0.0
89.17976903915405,1.642,-0.154,1.026,1.313,-0.174,0.0,0.0,0.0
89.19039273262024,1.872,-0.157,1.109,1.3,-0.182,0.0,0.0,0.0
89.20057559013367,1.675,-0.133,1.052,1.382,-0.204,0.0,0.0,0.0
89.20985674858093,1.883,-0.184,1.04,1.408,-0.196,0.0,0.0,0.0
89.21986031532288,1.696,-0.165,1.146,1.326,-0.199,0.0,0.0,0.0
89.2299554347992,1.675,-0.15,1.144,1.341,-0.174,0.0,0.0,0.0
89.23975801467896,1.916,-0.144,1.119,1.364,-0.171,0.0,0.0,0.0
89.24995708465576,1.696,-0.155,1.12,1.336,-0.14,0.0,0.0,0.0
89.26023888587952,1.707,-0.15,1.08,1.385,-0.166,0.0,0.0,0.0
89.26993560791016,1.916,-0.149,1.002,1.385,-0.163,0.0,0.0,0.0
89.28012943267822,1.729,-0.149,1.079,1.316,-0.148,0.0,0.0,0.0
89.29049301147461,1.696,-0.163,1.091,1.367,-0.165,0.0,0.0,0.0
89.30082321166992,1.927,-0.141,1.066,1.318,-0.149,0.0,0.0,0.0
89.31076383590698,1.718,-0.14,1.062,1.321,-0.143,0.0,0.0,0.0
89.320631980896,1.696,-0.133,1.04,1.361,-0.133,0.0,0.0,0.0
89.3307785987854,1.718,-0.153,1.072,1.36,-0.115,0.0,0.0,0.0
89.33979535102844,1.729,-0.083,1.069,1.36,-0.103,0.0,0.0,0.0
89.35006022453308,1.718,-0.083,1.146,1.304,-0.133,0.0,0.0,0.0
89.36053228378296,1.948,-0.164,1.06,1.349,-0.115,0.0,0.0,0.0
89.37095546722412,1.729,-0.14,1.043,1.338,-0.132,0.0,0.0,0.0
89.37976098060608,1.729,-0.151,1.069,1.285,-0.112,0.0,0.0,0.0
89.39002633094788,1.751,-0.157,1.114,1.29,-0.12,0.0,0.0,0.0
89.39980983734131,1.74,-0.169,1.104,1.282,-0.115,0.0,0.0,0.0
89.40992617607117,1.729,-0.164,1.085,1.268,-0.094,0.0,0.0,0.0
89.41977119445801,1.751,-0.162,1.085,1.249,-0.063,0.004,0.0,0.0
89.42981743812561,1.773,-0.17,1.17,1.263,-0.058,0.0,0.0,0.0
89.44073677062988,1.74,-0.174,1.19,1.283,-0.034,0.0,0.0,0.0
89.44987726211548,1.729,-0.174,1.094,1.28,0.024,0.0,0.0,0.0
89.46035361289978,1.74,-0.196,1.193,1.261,0.021,0.0,0.0,0.0
89.47047185897827,1.729,-0.162,1.078,1.301,0.092,0.0,0.0,0.0
89.48098611831665,1.751,-0.174,1.092,1.284,0.119,0.0,0.0,0.0
89.4903028011322,1.751,-0.191,1.102,1.302,0.117,0.0,0.0,0.0
89.49987077713013,1.751,-0.185,1.112,1.293,0.129,0.0,0.0,0.0
89.51015210151672,1.751,-0.183,1.168,1.25,0.068,0.0,0.0,0.0
89.51984882354736,1.74,-0.174,1.138,1.289,0.123,0.0,0.0,0.0
89.53061819076538,1.74,-0.186,1.165,1.243,0.092,0.0,0.0,0.0
89.54062223434448,1.729,-0.176,1.123,1.318,0.167,0.0,0.0,0.0
89.54988741874695,1.751,-0.171,1.132,1.313,0.165,0.0,0.0,0.0
89.5597333908081,1.74,-0.164,1.144,1.295,0.116,0.0,0.0,0.0
89.57068657875061,1.751,-0.164,1.179,1.282,0.118,0.0,0.0,0.0
89.57984280586243,1.729,-0.151,1.085,1.321,0.167,0.0,0.0,0.0
89.58986520767212,1.751,-0.149,1.161,1.288,0.111,0.0,0.0,0.0
89.59985780715942,1.74,-0.155,1.199,1.295,0.131,0.0,0.0,0.0
89.6101188659668,1.51,-0.157,1.123,1.292,0.166,0.0,0.0,0.0
89.62010145187378,1.729,-0.158,1.201,1.28,0.176,0.0,0.0,0.0
89.62984085083008,1.751,-0.154,1.126,1.286,0.171,0.0,0.0,0.0
89.64012694358826,1.729,-0.145,1.168,1.259,0.113,0.0,0.0,0.0
89.64994072914124,1.718,-0.144,1.091,1.272,0.233,0.0,0.0,0.0
89.65995645523071,1.521,-0.139,1.097,1.294,0.205,0.002,0.0,0.0
89.67054653167725,1.729,-0.141,1.199,1.285,0.229,0.0,0.0,0.0
89.68014025688171,1.718,-0.133,1.089,1.307,0.242,0.0,0.0,0.0
89.69002938270569,1.718,-0.092,1.067,1.268,0.259,0.0,0.0,0.0
89.699942111969,1.499,-0.164,1.05,1.301,0.239,0.0,0.0,0.0
89.71028661727905,1.707,-0.123,1.095,1.246,0.197,0.0,0.0,0.0
89.71984958648682,1.707,-0.11,1.055,1.265,0.301,0.0,0.0,0.0
89.7299370765686,1.477,-0.11,1.058,1.239,0.172,0.0,0.0,0.0
89.740305185318,1.675,-0.12,1.113,1.246,0.172,0.0,0.0,0.0
89.74980330467224,1.696,-0.115,1.017,1.27,0.282,0.0,0.0,0.0
89.75979208946228,1.466,-0.115,1.077,1.25,0.223,0.0,0.0,0.0
89.7701187133789,1.686,-0.115,0.998,1.258,0.196,0.0,0.0,0.0
89.7803246974945,1.653,-0.11,1.036,1.268,0.194,0.001,0.0,0.0
89.79137372970581,1.477,-0.11,1.079,1.279,0.284,0.0,0.0,0.0
89.79975128173828,1.642,-0.097,1.105,1.261,0.244,0.0,0.0,0.0
89.81071734428406,1.653,-0.1,1.164,1.278,0.218,0.0,0.0,0.0
89.82005047798157,1.434,-0.092,1.049,1.3,0.296,0.0,0.0,0.0
89.82995986938477,1.62,-0.092,1.037,1.29,0.23,0.004,0.0,0.0
89.84007143974304,1.62,-0.087,1.033,1.288,0.321,0.0,0.0,0.0
89.85040211677551,1.39,-0.082,1.044,1.306,0.324,0.0,0.0,0.0
89.85970449447632,1.62,-0.079,1.004,1.309,0.313,0.0,-0.001,0.001
89.87005996704102,1.62,-0.064,1.108,1.287,0.222,0.0,0.0,0.0
89.88039875030518,1.379,-0.064,1.007,1.287,0.167,0.0,0.0,0.0
89.89078116416931,1.598,-0.059,1.012,1.287,0.236,0.0,0.0,0.0
89.90077710151672,1.576,-0.043,1.034,1.296,0.296,0.0,0.0,0.0
89.91083884239197,1.379,-0.046,1.036,1.285,0.296,0.0,-0.001,0.001
89.92090797424316,1.554,-0.031,1.002,1.275,0.355,0.0,0.0,0.0
89.93063068389893,1.357,-0.02,1.041,1.271,0.26,0.0,0.0,0.0
89.94061589241028,1.554,-0.013,1.021,1.275,0.332,0.0,0.0,0.0
89.95081639289856,1.335,-0.005,1.036,1.258,0.348,0.0,0.0,0.0
89.9597384929657,1.521,0.005,1.003,1.259,0.355,0.0,0.0,0.0
89.9701771736145,1.302,0.013,1.102,1.275,0.169,0.0,0.0,0.0
89.98140144348145,1.521,0.034,1.024,1.273,0.292,0.0,-0.001,0.001
89.99009537696838,1.291,0.039,1.086,1.283,0.156,0.0,0.0,0.0
89.99989366531372,1.499,0.049,0.975,1.263,0.233,0.0,0.0,0.0
90.01043462753296,1.28,0.054,0.99,1.269,0.146,0.0,0.0,0.0
90.01996302604675,1.247,0.049,1.042,1.269,0.314,0.0,0.0,0.0
90.0298421382904,1.466,0.048,1.023,1.261,0.218,0.0,0.0,0.0
90.03981280326843,1.236,0.045,1.202,1.209,0.178,0.0,0.0,0.0
90.05006551742554,1.214,0.063,1.096,1.213,0.206,0.0,0.0,0.0
90.05998396873474,1.423,0.071,1.079,1.236,0.37,0.0,0.0,0.0
90.07041144371033,1.181,0.075,1.074,1.232,0.35,0.0,0.0,0.0
90.08158135414124,1.171,0.073,1.032,1.221,0.307,0.0,0.0,0.0
90.09038877487183,1.16,0.066,1.15,1.231,0.192,0.0,0.0,0.0
90.09976124763489,1.116,0.063,0.978,1.203,0.312,0.0,0.0,0.0
90.11017560958862,1.335,0.07,1.151,1.211,0.179,0.0,0.0,0.0
90.12044048309326,1.116,0.079,0.977,1.205,0.307,0.0,0.0,0.0
90.12972474098206,1.094,0.061,0.936,1.164,0.244,0.0,0.0,0.0
90.14010787010193,1.05,0.079,1.001,1.173,0.116,0.0,0.0,0.0
90.15116095542908,1.039,0.101,0.912,1.135,0.248,0.0,0.0,0.0
90.15987014770508,1.028,0.052,0.9,1.149,0.253,0.0,0.0,0.0
90.16987442970276,1.006,0.069,0.981,1.123,0.191,0.0,0.0,0.0
90.18031716346741,1.192,0.087,0.943,1.103,0.165,0.0,0.0,0.0
90.19022965431213,0.973,0.085,1.012,1.068,0.281,0.0,0.0,0.0
90.20004343986511,0.94,0.087,0.901,1.045,0.36,0.0,0.0,0.0
90.2104845046997,0.929,0.094,0.933,1.026,0.326,0.0,0.0,0.0
90.22097110748291,0.919,0.082,0.973,1.001,0.347,0.0,0.0,0.0
90.22978019714355,0.875,0.1,0.98,0.975,0.157,0.0,0.0,0.0
90.23978304862976,0.864,0.073,1.124,0.953,-0.078,0.0,0.0,0.0
90.24993658065796,0.831,0.086,1.06,0.917,0.27,0.0,0.0,0.0
90.25997352600098,0.82,0.109,1.073,0.887,0.282,0.0,0.0,0.0
90.26983165740967,0.809,0.144,1.202,0.854,0.259,0.0,0.0,0.0
90.28017926216125,0.776,0.113,1.141,0.821,0.127,0.0,0.0,0.0
90.29015612602234,0.743,0.117,1.084,0.833,0.224,0.0,0.0,0.0
90.30008554458618,0.721,0.117,1.001,0.797,0.16,0.0,0.0,0.0
90.31009984016418,0.721,0.123,0.967,0.757,0.185,0.0,0.0,0.0
90.32045531272888,0.677,0.141,1.099,0.729,0.215,0.0,0.0,0.0
90.32982850074768,0.656,0.108,0.963,0.669,0.317,0.0,0.0,0.0
90.33988332748413,0.414,0.135,1.046,0.679,0.227,0.0,0.0,0.0
90.35033631324768,0.568,0.127,0.959,0.685,0.123,0.0,0.0,0.0
90.36001467704773,0.557,0.151,1.024,0.623,0.385,0.0,0.0,0.0
90.37046718597412,0.743,0.125,1.051,0.636,0.289,0.0,0.0,0.0
90.37974572181702,0.502,0.133,1.022,0.603,0.528,0.0,0.0,0.0
90.3906741142273,0.48,0.108,1.07,0.641,0.179,0.0,0.0,0.0
90.3999137878418,0.447,0.135,1.026,0.606,0.386,0.0,0.0,0.0
90.4098379611969,0.436,0.14,1.039,0.681,0.144,0.0,0.0,0.0
90.41987466812134,0.404,0.142,1.162,0.696,0.319,0.0,0.0,0.0
90.42988872528076,0.371,0.128,1.092,0.74,0.172,0.0,0.0,0.0
90.43977284431458,0.338,0.148,1.125,0.683,0.208,0.0,0.0,0.0
90.44988989830017,0.086,0.147,1.177,0.678,0.124,0.0,0.0,0.0
90.46026349067688,0.272,0.14,1.1,0.707,0.302,0.0,0.0,0.0
90.46979451179504,0.261,0.128,1.014,0.742,0.388,0.0,0.0,0.0
90.48085427284241,0.228,0.156,1.088,0.677,0.309,0.0,0.0,0.0
90.49104070663452,0.393,0.116,1.06,0.643,0.401,0.0,0.0,0.0
90.50073027610779,0.195,0.159,1.082,0.622,0.196,0.0,-0.001,-0.001
90.51064920425415,0.152,0.126,1.078,0.615,0.412,0.0,0.0,0.0
90.51982498168945,-0.111,0.163,1.003,0.615,0.449,0.0,0.0,0.0
90.5300452709198,0.305,0.106,1.041,0.654,0.239,0.0,0.0,0.0
90.53976440429688,0.283,0.134,1.148,0.611,0.326,0.0,0.0,0.0
90.55034232139587,0.053,0.159,1.131,0.653,0.213,0.0,0.0,0.0
90.56103444099426,0.217,0.146,1.048,0.598,0.355,0.0,0.0,0.0
90.56996822357178,-0.002,0.151,1.018,0.68,0.451,0.0,0.0,0.0
90.57992267608643,0.393,0.134,1.133,0.656,0.028,0.0,0.0,0.0
90.59007120132446,0.173,0.165,1.088,0.659,0.291,0.0,0.0,0.0
90.60077428817749,-0.057,0.161,1.149,0.666,0.392,0.0,0.0,0.0
90.61067318916321,0.349,0.186,1.186,0.585,0.359,0.0,0.0,0.0
90.62087559700012,0.349,0.142,1.11,0.675,0.484,0.0,0.0,0.0
90.63070964813232,0.338,0.159,1.077,0.665,0.477,0.0,0.0,0.0
90.63968300819397,0.108,0.141,1.083,0.674,0.454,0.0,0.0,0.0
90.64995074272156,0.327,0.163,1.185,0.685,0.239,0.0,0.0,0.0
90.66022229194641,0.097,0.149,1.105,0.693,0.375,0.0,0.0,0.0
90.66990327835083,0.524,0.145,1.084,0.673,0.49,0.0,0.0,0.0
90.67997336387634,0.305,0.172,1.143,0.651,0.39,0.0,0.0,0.0
90.68990898132324,0.097,0.168,1.195,0.67,0.166,0.0,0.0,0.0
90.70082139968872,0.491,0.181,1.17,0.662,0.259,0.0,0.0,0.0
90.70983171463013,0.097,0.179,1.121,0.649,0.368,0.0,0.0,0.0
90.72058129310608,0.283,0.196,1.136,0.722,0.268,0.0,0.0,0.0
90.73013830184937,0.075,0.159,1.061,0.677,0.42,0.0,0.0,0.0
90.7399308681488,0.491,0.163,1.058,0.686,0.365,0.0,0.0,0.0
90.75008296966553,0.305,0.175,1.189,0.722,0.031,0.0,0.0,0.0
90.76005744934082,0.491,0.189,1.077,0.687,0.238,0.0,0.0,0.0
90.76993489265442,0.316,0.167,1.013,0.663,0.291,0.0,0.0,0.0
90.78061294555664,0.305,0.203,1.079,0.708,0.349,0.0,0.0,0.0
90.79016733169556,0.513,0.166,1.009,0.63,0.424,0.0,0.0,0.0
90.80081033706665,0.327,0.163,1.01,0.635,0.349,0.0,0.0,0.0
90.81069707870483,0.305,0.199,0.999,0.659,0.37,0.0,0.0,0.0
90.82075357437134,0.108,0.197,1.105,0.636,0.432,0.0,0.0,0.0
90.83087038993835,0.743,0.177,1.099,0.631,0.129,0.0,0.0,0.0
90.83975076675415,0.13,0.222,1.062,0.628,0.461,0.0,0.0,0.0
90.84978604316711,0.535,0.151,1.109,0.657,0.04,0.0,0.0,0.0
90.86020302772522,0.141,0.195,1.152,0.722,0.248,0.0,0.0,0.0
90.87032651901245,0.546,0.175,1.03,0.659,0.604,0.0,0.0,0.0
90.87981224060059,0.13,0.153,0.948,0.685,0.545,0.0,0.0,0.0
90.88995170593262,0.568,0.151,1.038,0.753,0.179,0.0,0.0,0.0
90.89986419677734,0.36,0.186,1.041,0.708,0.327,0.0,0.0,0.0
90.91002106666565,0.13,0.152,1.119,0.736,0.091,0.0,0.0,0.0
90.91993045806885,0.371,0.174,1.018,0.659,0.407,0.0,0.0,0.0
90.92983889579773,0.152,0.161,1.061,0.703,0.231,0.0,0.0,0.0
90.94052386283875,0.59,0.183,1.135,0.713,0.312,0.0,0.0,0.0
90.9498884677887,0.393,0.131,1.003,0.626,0.504,0.0,0.0,0.0
90.95982122421265,0.382,0.162,1.041,0.673,0.41,0.0,0.0,0.0
90.97056770324707,0.404,0.178,1.111,0.615,0.108,0.0,0.0,0.0
90.97980809211731,0.173,0.14,1.047,0.603,0.482,0.0,0.0,0.0
90.98997092247009,0.612,0.15,1.065,0.711,0.099,0.0,0.0,0.0
90.99978399276733,0.195,0.176,0.929,0.689,0.401,0.0,0.0,0.0
91.00989413261414,0.173,0.167,1.134,0.736,0.302,0.0,0.0,0.0
91.01994705200195,0.612,0.148,1.075,0.733,0.301,0.0,0.0,0.0
91.0297303199768,0.404,0.157,1.016,0.727,0.342,0.0,0.0,0.0
91.03974986076355,0.206,0.153,0.979,0.72,0.261,0.0,0.0,0.0
91.05038642883301,0.425,0.14,1.125,0.743,0.053,0.0,0.0,0.0
91.06004476547241,0.414,0.12,0.95,0.693,0.405,0.0,0.0,0.0
91.07031202316284,0.228,0.145,1.069,0.674,0.243,0.0,0.0,0.0
91.0799777507782,0.414,0.161,1.022,0.668,0.459,0.0,0.0,0.0
91.09027290344238,0.239,0.149,0.953,0.684,0.508,0.0,0.0,0.0
91.09979891777039,0.217,0.173,1.044,0.658,0.412,0.0,0.0,0.0
91.11019921302795,0.195,0.193,1.126,0.743,0.096,0.0,0.0,0.0
91.12051820755005,0.656,0.115,1.012,0.659,0.315,0.0,0.0,0.0
91.12977433204651,0.414,0.157,1.038,0.635,0.538,0.0,0.0,0.0
91.13978219032288,0.239,0.145,1.138,0.725,0.24,0.0,0.0,0.0
91.15015149116516,0.217,0.198,1.003,0.718,0.351,0.0,0.0,0.0
91.15993046760559,0.228,0.198,1.012,0.632,0.601,0.0,0.0,0.0
91.16989827156067,0.469,0.206,1.079,0.642,0.151,0.0,0.0,0.0
91.18012833595276,0.436,0.188,1.094,0.596,0.27,0.0,-0.001,0.001
91.19058799743652,0.261,0.184,1.104,0.601,0.61,0.0,0.0,0.0
91.1998519897461,0.469,0.184,0.979,0.575,0.441,0.0,0.0,0.0
91.2098183631897,0.228,0.163,0.988,0.62,0.286,0.0,0.0,0.0
91.2203540802002,0.239,0.162,1.15,0.664,0.273,0.0,0.0,0.0
91.22992968559265,0.458,0.158,0.997,0.576,0.424,0.0,0.0,0.0
91.23977518081665,0.261,0.149,1.121,0.621,0.342,0.0,0.0,0.0
91.2502064704895,0.677,0.207,1.126,0.596,0.114,0.0,0.0,0.0
91.26047492027283,0.283,0.158,0.963,0.558,0.393,0.0,0.0,0.0
91.2698392868042,0.25,0.168,0.984,0.47,0.602,0.0,0.0,0.0
91.28012180328369,0.272,0.178,1.061,0.556,0.273,0.0,-0.001,0.001
91.29014110565186,0.228,0.174,1.021,0.542,0.498,0.0,0.0,0.0
91.30076241493225,0.283,0.194,0.977,0.495,0.454,0.0,0.0,0.0
91.30987596511841,0.239,0.196,0.996,0.568,0.594,0.0,0.0,0.0
91.3198971748352,0.261,0.199,1.072,0.707,0.297,0.0,0.0,0.0
91.3299252986908,0.491,0.159,1.036,0.593,0.616,0.0,0.0,0.0
91.33985424041748,0.25,0.153,1.144,0.555,0.515,0.0,0.0,0.0
91.35017323493958,0.261,0.21,1.034,0.555,0.484,0.0,0.0,0.0
91.36006546020508,0.458,0.183,1.032,0.547,0.504,0.0,0.0,0.0
91.36992168426514,0.272,0.161,1.031,0.594,0.483,0.0,0.0,0.0
91.37982439994812,0.294,0.184,1.112,0.62,0.385,0.0,0.0,0.0
91.3904161453247,0.491,0.176,1.07,0.593,0.335,0.0,0.0,0.0
91.40051007270813,0.294,0.15,1.161,0.526,0.393,0.0,0.0,0.0
91.40987968444824,0.502,0.119,1.027,0.521,0.483,0.0,0.0,0.0
91.42080783843994,0.294,0.153,1.104,0.673,0.458,0.0,0.0,0.0
91.43052411079407,0.513,0.217,1.155,0.564,0.586,0.0,0.0,0.0
91.4405734539032,0.064,0.136,1.047,0.466,0.568,0.0,0.0,0.0
91.44992923736572,0.294,0.154,1.021,0.489,0.558,0.0,0.0,0.0
91.46015667915344,0.491,0.161,1.178,0.669,0.314,0.0,0.0,0.0
91.46997785568237,0.305,0.181,1.16,0.588,0.468,0.0,0.0,0.0
91.47987461090088,0.316,0.198,1.081,0.619,0.407,0.0,0.0,0.0
91.4908037185669,0.294,0.192,1.134,0.521,0.119,0.0,0.0,0.0
91.5006411075592,0.294,0.184,1.137,0.566,0.586,0.0,0.0,0.0
91.51073813438416,0.283,0.171,1.141,0.562,0.472,0.0,0.0,0.0
91.52062582969666,0.513,0.197,1.096,0.558,0.442,0.0,0.0,0.0
91.53066563606262,0.305,0.248,1.088,0.529,0.611,0.0,0.0,0.0
91.54094791412354,0.086,0.171,1.125,0.53,0.481,0.0,0.0,0.0
91.55021166801453,0.502,0.208,1.17,0.559,0.456,0.0,0.0,0.0
91.56068134307861,0.502,0.198,1.132,0.556,0.551,0.0,0.0,0.0
91.57008242607117,0.316,0.181,1.086,0.464,0.478,0.0,0.0,0.0
91.58084440231323,0.108,0.214,1.176,0.582,0.486,0.0,0.0,0.0
91.59059476852417,0.502,0.242,1.089,0.606,0.473,0.0,0.0,0.0
91.60072469711304,0.535,0.181,1.11,0.559,0.403,0.0,0.0,0.0
91.61065006256104,0.327,0.181,1.113,0.557,0.452,0.0,0.0,0.0
91.61978554725647,0.097,0.172,1.067,0.537,0.609,0.0,0.0,0.0
91.63009738922119,0.524,0.2,1.184,0.631,0.178,0.0,0.0,0.0
91.64031791687012,0.535,0.206,1.136,0.617,0.264,0.0,0.0,0.0
91.64989423751831,0.327,0.183,1.042,0.508,0.658,0.0,0.0,0.0
91.66011548042297,0.316,0.204,1.075,0.59,0.225,0.0,0.0,0.0
91.67015433311462,0.119,0.204,0.952,0.541,0.424,0.0,0.0,0.0
91.68028807640076,0.535,0.2,1.066,0.59,0.415,0.0,0.0,0.0
91.68999767303467,0.327,0.213,1.13,0.469,0.504,0.0,0.0,0.0
91.70031762123108,0.13,0.212,1.163,0.582,0.282,0.0,0.0,0.0
91.70993041992188,0.546,0.215,1.012,0.468,0.505,0.0,0.0,0.0
91.71981763839722,0.305,0.184,1.062,0.582,0.372,0.0,0.0,0.0
91.73001790046692,0.13,0.21,1.072,0.586,0.219,0.0,0.0,0.0
91.74000525474548,0.524,0.221,1.122,0.58,0.644,0.0,0.0,0.0
91.75055193901062,0.338,0.225,1.05,0.563,0.152,0.0,0.0,0.0
91.7602596282959,0.316,0.23,1.011,0.489,0.577,0.0,0.0,0.0
91.77075862884521,0.338,0.234,1.012,0.538,0.529,0.0,0.0,0.0
91.78047180175781,0.349,0.192,1.045,0.454,0.516,0.0,0.0,0.0
91.78982305526733,0.338,0.208,0.98,0.485,0.555,0.0,0.0,0.0
91.80027532577515,0.546,0.244,1.117,0.614,0.232,0.0,0.0,0.0
91.81031012535095,0.152,0.19,0.966,0.542,0.569,0.0,0.0,0.0
91.8197374343872,0.327,0.2,1.056,0.631,0.612,0.0,0.0,0.0
91.82975435256958,0.557,0.224,1.044,0.649,0.246,0.0,0.0,0.0
91.84009838104248,0.338,0.236,1.125,0.635,0.134,0.0,0.0,0.0
91.84983420372009,0.338,0.186,1.098,0.727,0.522,0.0,-0.001,0.001
91.85984683036804,0.36,0.203,0.947,0.661,0.213,0.0,0.0,0.0
91.87123131752014,0.557,0.172,1.11,0.586,0.297,0.0,0.0,0.0
91.88005638122559,0.152,0.203,1.025,0.693,0.167,0.0,-0.001,0.001
91.89000487327576,0.327,0.209,0.975,0.513,0.412,0.0,0.0,0.0
91.89995265007019,0.338,0.196,0.971,0.536,0.502,0.0,0.0,0.0
91.91071653366089,0.349,0.231,1.081,0.624,0.507,0.0,0.0,0.0
91.91965293884277,0.338,0.207,1.013,0.52,0.503,0.0,0.0,0.0
91.92981266975403,0.13,0.2,1.112,0.655,0.166,0.0,0.0,0.0
91.94002628326416,0.513,0.212,1.071,0.605,0.363,-0.001,0.0,0.0
91.95011615753174,0.13,0.167,1.07,0.619,0.479,0.0,0.0,0.0
91.95994210243225,0.557,0.197,1.076,0.558,0.513,0.0,0.0,0.0
91.97043108940125,0.557,0.222,1.118,0.59,0.549,0.0,0.0,0.0
91.98003196716309,0.152,0.206,1.022,0.542,0.432,0.0,0.0,0.0
91.98989057540894,0.349,0.199,1.152,0.499,0.676,0.0,0.0,0.0
92.00074434280396,0.141,0.209,1.034,0.658,0.248,0.0,0.0,0.0
92.01076126098633,0.546,0.246,1.069,0.529,0.417,0.0,-0.001,0.001
92.02073645591736,0.349,0.223,1.081,0.52,0.405,0.0,0.0,0.0
92.0306007862091,0.338,0.219,1.015,0.57,0.511,0.0,0.0,0.0
92.04017400741577,0.349,0.192,0.96,0.539,0.505,0.0,0.0,0.0
92.0500168800354,0.349,0.212,1.019,0.603,0.615,0.0,0.0,0.0
92.05985283851624,0.568,0.227,1.135,0.658,0.378,0.0,0.0,0.0
92.07057118415833,0.141,0.233,1.044,0.646,0.21,0.0,0.0,0.0
92.08027338981628,0.349,0.185,1.029,0.539,0.42,0.0,-0.001,0.001
92.09011673927307,0.349,0.214,1.039,0.491,0.583,0.0,0.0,0.0
92.09981751441956,0.119,0.22,1.185,0.512,0.322,0.0,0.0,0.0
92.11050724983215,0.568,0.202,1.132,0.573,0.211,0.0,0.0,0.0
92.11979842185974,0.119,0.168,0.997,0.49,0.574,0.0,0.0,0.0
92.12971377372742,0.557,0.221,1.145,0.605,0.333,0.0,0.0,0.0
92.13990712165833,0.349,0.245,1.187,0.542,0.276,0.0,0.0,0.0
92.14985847473145,0.13,0.202,1.098,0.513,0.53,0.0,0.0,0.0
92.15988230705261,0.546,0.233,1.073,0.531,0.418,0.0,0.0,0.0
92.17055535316467,0.108,0.238,1.164,0.546,0.293,0.0,0.0,0.0
92.18023943901062,0.327,0.19,1.09,0.455,0.496,0.0,0.0,0.0
92.18987607955933,0.349,0.188,1.043,0.43,0.428,0.0,0.0,0.0
92.19984364509583,0.316,0.269,1.154,0.503,0.492,0.0,0.0,0.0
92.21000957489014,0.557,0.16,1.198,0.531,0.143,0.0,0.0,0.0
92.21992015838623,0.13,0.16,1.154,0.525,0.203,0.0,0.0,0.0
92.22980332374573,0.316,0.204,1.293,0.578,0.455,0.0,0.0,0.0
92.2409291267395,0.546,0.206,1.146,0.532,0.299,0.0,0.0,0.0
92.25014925003052,0.13,0.223,1.105,0.486,0.713,0.0,0.0,0.0
92.25990128517151,0.316,0.202,1.108,0.565,0.43,0.0,0.0,0.0
92.2703206539154,0.327,0.212,1.067,0.508,0.303,0.0,0.0,0.0
92.2804217338562,0.327,0.188,1.14,0.522,0.742,0.0,0.0,0.0
92.28976917266846,0.097,0.178,1.105,0.429,0.437,0.0,0.0,0.0
92.30047678947449,0.568,0.232,1.234,0.544,0.365,0.0,0.0,0.0
92.30991315841675,0.338,0.184,1.121,0.469,0.434,0.0,0.0,0.0
92.31991696357727,0.108,0.215,1.117,0.623,0.624,0.0,0.0,0.0
92.32984161376953,0.546,0.205,1.102,0.654,0.517,0.0,0.0,0.0
92.34014916419983,0.327,0.209,1.22,0.659,0.667,0.0,0.0,0.0
92.3513388633728,0.097,0.177,1.132,0.403,0.493,0.0,0.0,0.0
92.35968542098999,0.327,0.204,1.218,0.54,0.139,-0.001,0.0,0.0
92.37038564682007,0.524,0.228,1.232,0.537,0.255,0.0,0.0,0.0
92.38010907173157,0.316,0.238,1.071,0.379,0.655,0.0,0.0,0.0
92.3898675441742,0.327,0.196,1.167,0.579,0.655,0.0,0.0,0.0
92.39992952346802,0.349,0.224,1.18,0.643,0.34,0.0,0.0,0.0
92.40991568565369,0.349,0.215,1.194,0.585,0.359,0.0,0.0,0.0
92.42052173614502,0.316,0.212,1.031,0.643,0.435,0.0,-0.001,0.001
92.42980122566223,0.338,0.176,1.098,0.393,0.655,0.0,0.0,0.0
92.44108700752258,0.327,0.251,1.217,0.589,0.322,0.0,0.0,0.0
92.45003819465637,0.316,0.237,1.102,0.557,0.234,0.0,0.0,0.0
92.45979571342468,0.316,0.209,1.092,0.405,0.62,0.0,0.0,0.0
92.47029638290405,0.338,0.189,1.042,0.384,0.617,0.0,0.0,0.0
92.48011445999146,0.305,0.157,1.002,0.392,0.686,0.0,0.0,0.0
92.49014115333557,0.316,0.18,1.022,0.414,0.59,0.0,0.0,0.0
92.49980330467224,0.327,0.211,0.996,0.302,0.657,0.0,0.0,0.0
92.5101957321167,0.294,0.208,1.11,0.511,0.403,0.0,0.0,0.0
92.52003145217896,0.305,0.214,1.072,0.413,0.547,0.0,0.0,0.0
92.5299174785614,0.338,0.224,1.143,0.535,0.366,0.0,0.0,0.0
92.54005098342896,0.338,0.206,1.206,0.436,0.539,0.0,0.0,0.0
92.55010533332825,0.327,0.202,1.05,0.562,0.687,0.0,0.0,0.0
92.55976963043213,0.305,0.197,1.138,0.376,0.45,0.0,0.0,0.0
92.56999611854553,0.327,0.177,1.254,0.471,0.36,0.0,0.0,0.0
92.58023643493652,0.316,0.172,1.163,0.398,0.52,0.0,0.0,0.0
92.5903148651123,0.721,0.163,1.057,0.424,0.437,0.0,0.0,0.0
92.60079336166382,0.13,0.139,1.012,0.429,0.503,0.0,0.0,0.0
92.61073064804077,0.338,0.237,1.021,0.43,0.649,0.0,0.0,0.0
92.6208848953247,0.338,0.172,0.949,0.449,0.487,0.0,0.0,0.0
92.63069701194763,0.108,0.22,1.03,0.61,0.192,-0.001,-0.001,0.001
92.64067363739014,0.305,0.188,1.062,0.399,0.582,0.0,0.0,0.0
92.65013432502747,0.338,0.178,0.957,0.4,0.682,0.0,0.0,0.0
92.65991473197937,0.305,0.198,1.003,0.531,0.644,0.0,0.0,0.0
92.66992235183716,0.316,0.181,1.014,0.556,0.617,0.0,0.0,0.0
92.68038249015808,0.349,0.196,1.102,0.562,0.442,0.0,0.0,0.0
92.69051671028137,0.327,0.145,1.093,0.38,0.709,0.0,0.0,0.0
92.6999294757843,0.316,0.16,1.044,0.588,0.642,0.0,0.0,0.0
92.71071481704712,0.305,0.216,1.053,0.546,0.551,0.0,0.0,0.0
92.72007465362549,0.294,0.218,1.012,0.437,0.631,0.0,0.0,0.0
92.73013401031494,0.327,0.213,1.243,0.534,0.416,0.0,0.0,0.0
92.74034905433655,0.535,0.26,1.104,0.485,0.77,0.0,0.0,0.0
92.75049901008606,0.305,0.191,1.002,0.537,0.557,0.0,0.0,0.0
92.760329246521,0.327,0.211,1.039,0.591,0.455,0.0,0.0,0.0
92.76986527442932,0.557,0.233,1.068,0.536,0.592,0.0,0.0,0.0
92.78079128265381,0.13,0.214,1.179,0.601,0.297,0.0,0.0,0.0
92.79013848304749,0.316,0.258,1.038,0.461,0.634,0.0,0.0,0.0
92.79996967315674,0.338,0.24,1.029,0.531,0.525,0.0,0.0,0.0
92.81018376350403,0.327,0.198,1.063,0.642,0.32,0.0,0.0,0.0
92.82044816017151,0.108,0.206,0.997,0.467,0.503,0.0,0.0,0.0
92.83064341545105,0.535,0.159,1.051,0.38,0.769,0.0,0.0,0.0
92.84067511558533,0.349,0.217,0.996,0.36,0.521,0.0,0.0,0.0
92.85005354881287,0.327,0.191,1.055,0.426,0.558,0.0,0.0,0.0
92.85999321937561,0.119,0.201,1.088,0.417,0.694,0.0,-0.002,-0.002
92.87031102180481,0.327,0.163,1.233,0.396,0.744,0.0,0.0,0.0
92.88075518608093,0.546,0.159,1.078,0.411,0.748,0.0,0.0,0.0
92.89081144332886,0.327,0.157,1.054,0.343,0.659,0.0,0.0,0.0
92.90068912506104,0.097,0.273,1.029,0.276,0.546,0.0,0.0,0.0
92.9109034538269,0.524,0.191,1.075,0.266,0.635,0.0,0.0,0.0
92.91974568367004,0.338,0.186,1.112,0.374,0.322,0.0,0.0,0.0
92.93058156967163,0.349,0.215,1.154,0.45,0.235,0.0,0.0,0.0
92.94014835357666,0.327,0.161,1.101,0.351,0.81,0.0,0.0,0.0
92.94974780082703,0.349,0.204,1.193,0.557,0.707,0.0,0.0,0.0
92.95998430252075,0.579,0.202,1.137,0.437,0.275,0.0,0.0,0.0
92.97023963928223,0.338,0.198,1.223,0.512,0.597,0.0,0.0,0.0
92.98042488098145,0.13,0.158,1.14,0.371,0.682,0.0,0.0,0.0
92.98992967605591,0.338,0.175,1.158,0.458,0.65,0.0,0.0,0.0
92.99996995925903,0.349,0.152,1.14,0.385,0.492,0.0,-0.001,-0.001
93.01028490066528,0.316,0.161,1.033,0.476,0.507,0.0,0.0,0.0
93.01976823806763,0.316,0.189,1.062,0.362,0.558,0.0,0.0,0.0
93.02985715866089,0.338,0.197,1.161,0.467,0.063,0.0,0.0,0.0
93.0399386882782,0.338,0.22,1.283,0.513,0.439,0.0,0.0,0.0
93.05010628700256,0.108,0.171,1.189,0.436,0.233,0.0,0.0,0.0
93.06022644042969,0.294,0.215,1.101,0.38,0.529,-0.001,0.0,0.0
93.07026624679565,0.316,0.139,1.067,0.311,0.652,0.0,0.0,0.0
93.08025979995728,0.535,0.192,1.062,0.33,0.624,0.0,0.0,0.0
93.08989667892456,0.327,0.188,0.999,0.341,0.788,0.0,0.0,0.0
93.10049891471863,0.327,0.207,1.231,0.411,0.777,0.0,0.0,0.0
93.10987520217896,0.327,0.181,1.114,0.378,0.763,0.0,0.0,0.0
93.1206636428833,0.338,0.238,1.304,0.475,0.352,0.0,0.0,0.0
93.12976837158203,0.327,0.267,1.162,0.397,0.68,0.0,0.0,0.0
93.14044189453125,0.108,0.231,1.335,0.575,0.207,0.0,0.0,0.0
93.1499035358429,0.513,0.201,1.085,0.332,0.774,0.0,0.0,0.0
93.15993666648865,0.119,0.214,1.163,0.512,0.799,0.0,0.0,0.0
93.17054080963135,0.327,0.219,1.25,0.525,0.564,0.0,-0.001,0.001
93.17996764183044,0.305,0.165,1.195,0.269,0.574,0.0,0.0,0.0
93.19012665748596,0.305,0.174,1.138,0.371,0.619,0.0,0.0,0.0
93.20009446144104,0.305,0.139,1.123,0.362,0.622,0.0,-0.001,-0.001
93.21078372001648,0.535,0.19,1.053,0.333,0.553,0.0,0.0,0.0
93.22089099884033,0.327,0.243,1.066,0.279,0.646,0.0,0.0,0.0
93.23066663742065,0.316,0.162,1.093,0.325,0.205,0.0,0.0,0.0
93.23974752426147,0.316,0.18,1.074,0.409,0.518,0.0,0.0,0.0
93.25050783157349,0.338,0.223,1.189,0.402,0.527,0.0,0.0,0.0
93.25978970527649,0.36,0.221,1.039,0.252,0.517,-0.001,0.0,0.0
93.26995038986206,0.316,0.241,1.042,0.385,0.624,0.0,0.0,0.0
93.2812807559967,0.316,0.208,1.092,0.363,0.6,0.0,0.0,0.0
93.29011988639832,0.327,0.253,1.146,0.485,0.157,0.0,0.0,0.0
93.30042862892151,0.327,0.248,0.977,0.449,0.516,0.0,0.0,0.0
93.30987572669983,0.316,0.215,1.085,0.445,0.504,0.0,0.0,0.0
93.32065606117249,0.108,0.201,1.177,0.505,0.458,0.0,0.0,0.0
93.32983565330505,0.327,0.207,1.099,0.356,0.64,0.0,0.0,0.0
93.33968782424927,0.546,0.234,1.146,0.583,0.462,0.0,-0.003,-0.003
93.35053253173828,0.36,0.277,1.16,0.596,0.491,0.0,0.0,0.0
93.36043214797974,0.546,0.252,1.17,0.417,0.454,0.0,-0.005,-0.005
93.3698034286499,0.108,0.254,1.011,0.392,0.842,0.0,0.0,0.0
93.38019585609436,0.524,0.258,1.14,0.577,0.376,0.0,-0.003,-0.003
93.39051461219788,0.36,0.297,1.125,0.373,0.802,0.0,-0.002,-0.002
93.3998064994812,0.36,0.296,1.115,0.387,0.629,0.0,-0.002,-0.002
93.41064310073853,0.338,0.277,1.08,0.643,0.323,0.0,0.0,0.0
93.42040395736694,0.108,0.276,1.056,0.382,0.769,0.0,-0.006,-0.006
93.43072509765625,0.349,0.214,0.974,0.427,0.569,0.0,0.0,0.0
93.43971681594849,0.349,0.174,1.08,0.314,0.593,0.0,0.0,0.0
93.44975233078003,0.535,0.252,1.19,0.491,0.172,0.0,-0.006,-0.006
93.4600613117218,0.13,0.273,1.075,0.423,0.076,-0.001,0.0,0.0
93.46998286247253,0.327,0.177,1.012,0.433,0.573,0.0,0.0,0.0
93.48160362243652,0.349,0.191,1.121,0.368,0.598,0.0,-0.001,0.001
93.49070930480957,0.338,0.225,1.165,0.594,0.219,0.0,0.0,0.0
93.50092077255249,0.546,0.246,1.045,0.243,0.534,0.0,0.0,0.0
93.51064348220825,0.119,0.272,1.092,0.355,0.637,0.0,0.0,0.0
93.51976919174194,0.316,0.212,1.076,0.296,0.598,0.0,0.0,0.0
93.5302848815918,0.524,0.207,1.114,0.402,0.349,0.0,0.0,0.0
93.53983283042908,0.36,0.202,1.051,0.373,0.57,0.0,0.0,0.0
93.5497214794159,0.119,0.2,1.192,0.543,0.617,0.0,0.0,0.0
93.56046986579895,0.316,0.249,1.193,0.503,0.33,0.0,0.0,0.0
93.57015180587769,0.327,0.261,1.047,0.427,0.685,0.0,0.0,0.0
93.57987761497498,0.327,0.194,1.199,0.276,0.571,0.0,0.0,0.0
93.58999729156494,0.579,0.223,1.227,0.444,0.578,0.0,0.0,0.0
93.60088467597961,0.141,0.206,1.076,0.234,0.873,0.0,0.0,0.0
93.60994815826416,0.338,0.226,1.088,0.351,0.494,-0.002,0.0,0.0
93.61983633041382,0.305,0.207,1.039,0.29,0.461,0.0,0.0,0.0
93.62989377975464,0.557,0.232,1.047,0.314,0.406,0.0,-0.002,-0.002
93.63980913162231,0.36,0.175,1.116,0.433,0.427,0.0,-0.003,-0.003
93.65025234222412,0.371,0.213,1.18,0.402,0.353,0.0,0.0,0.0
93.66171383857727,0.568,0.134,1.113,0.347,0.789,0.0,-0.002,-0.002
93.66998243331909,-0.068,0.241,1.279,0.478,0.396,0.0,0.0,0.0
93.6799578666687,0.546,0.223,1.201,0.34,0.632,0.0,0.0,0.0
93.69002962112427,0.338,0.272,1.081,0.225,0.554,0.0,0.0,0.0
93.70089101791382,0.141,0.238,1.14,0.396,0.432,0.0,0.0,0.0
93.71093583106995,0.743,0.223,1.101,0.303,0.711,0.0,0.0,0.0
93.72067260742188,-0.09,0.249,1.056,0.287,0.758,-0.003,0.0,0.0
93.73076891899109,0.338,0.212,1.124,0.31,0.662,0.0,0.0,0.0
93.74067831039429,0.568,0.155,1.136,0.363,0.669,0.0,0.0,0.0
93.75048184394836,0.141,0.172,1.124,0.309,0.806,0.0,0.0,0.0
93.76023054122925,0.316,0.252,1.184,0.223,0.831,0.0,0.0,0.0
93.77093434333801,0.327,0.233,1.109,0.343,0.572,0.0,-0.001,-0.001
93.77977728843689,0.546,0.251,1.159,0.464,0.332,0.0,0.0,0.0
93.79004335403442,0.36,0.222,1.142,0.392,0.544,0.0,-0.005,-0.005
93.800776720047,0.152,0.201,1.275,0.304,0.852,-0.002,0.0,0.0
93.80983257293701,0.316,0.197,1.225,0.274,0.661,0.0,-0.006,-0.006
93.8197193145752,0.305,0.228,1.325,0.375,0.633,0.0,0.0,0.0
93.83011484146118,0.535,0.251,1.098,0.369,0.28,0.0,-0.005,-0.005
93.84020733833313,0.141,0.186,1.247,0.218,0.612,0.0,-0.003,-0.003
93.85003924369812,0.338,0.245,1.22,0.264,0.718,0.0,-0.001,0.001
93.86094784736633,0.513,0.214,1.161,0.391,0.449,0.0,0.0,0.0
93.87017035484314,-0.1,0.219,1.146,0.302,0.684,0.0,0.0,0.0
93.88057899475098,0.524,0.206,1.151,0.293,0.781,0.0,0.0,0.0
93.88984394073486,0.338,0.151,1.22,0.157,0.582,0.0,0.0,0.0
93.9000358581543,0.119,0.22,1.402,0.43,0.303,0.0,0.0,0.0
93.90983033180237,0.546,0.223,1.158,0.234,0.569,0.0,0.0,0.0
93.92004036903381,0.108,0.199,1.301,0.485,0.286,0.0,0.0,0.0
93.93016600608826,0.327,0.221,1.194,0.493,0.388,0.0,0.0,0.0
93.94009494781494,0.316,0.204,1.169,0.303,0.516,0.0,-0.001,0.001
93.9498188495636,0.546,0.236,1.272,0.42,0.832,0.0,0.0,0.0
93.9599711894989,0.152,0.244,1.228,0.581,0.327,0.0,-0.002,-0.002
93.97023725509644,0.535,0.215,1.131,0.392,0.442,0.0,0.0,0.0
93.97984671592712,0.316,0.136,1.051,0.366,0.765,0.0,0.0,0.0
93.98994135856628,0.108,0.252,1.206,0.512,0.363,0.0,0.0,0.0
94.00046396255493,0.524,0.237,1.2,0.462,0.627,0.0,0.0,0.0
94.01083421707153,0.13,0.216,1.069,0.268,0.688,0.0,0.0,0.0
94.01977324485779,0.327,0.263,1.111,0.257,0.768,0.0,0.0,0.0
94.02981781959534,0.546,0.281,1.191,0.418,0.418,0.0,0.0,0.0
94.03997111320496,0.119,0.245,1.186,0.448,0.607,0.0,-0.004,-0.004
94.04987382888794,0.305,0.146,1.123,0.412,0.861,0.0,0.0,0.0
94.05987763404846,0.535,0.175,1.205,0.444,0.434,0.0,0.0,0.0
94.07030034065247,0.13,0.181,1.166,0.434,0.541,0.0,0.0,0.0
94.07997846603394,0.338,0.227,1.109,0.399,0.621,0.0,0.0,0.0
94.09000205993652,0.535,0.211,1.147,0.438,0.63,0.0,0.0,0.0
94.1000189781189,0.316,0.223,1.199,0.39,0.699,0.0,0.0,0.0
94.1104474067688,0.316,0.224,1.205,0.439,0.644,0.0,-0.002,-0.002
94.11971735954285,0.327,0.189,1.171,0.21,0.641,0.0,0.0,0.0
94.13012170791626,0.316,0.238,1.329,0.421,0.23,0.0,0.0,0.0
94.14002251625061,0.36,0.173,1.139,0.309,0.763,0.0,0.0,0.0
94.14975380897522,0.338,0.205,1.166,0.371,0.694,0.0,0.0,0.0
94.16045594215393,0.524,0.235,1.247,0.416,0.285,0.0,0.0,0.0
94.17038631439209,-0.09,0.153,1.073,0.14,0.601,-0.001,-0.002,-0.002
94.17981004714966,0.535,0.224,1.096,0.281,0.746,0.0,0.0,0.0
94.1897943019867,0.338,0.281,1.22,0.447,0.266,0.0,0.0,0.0
94.20025515556335,0.141,0.219,1.16,0.552,0.708,0.0,-0.003,-0.003
94.2104423046112,0.535,0.152,1.114,0.219,0.723,0.0,0.0,0.0
94.22016739845276,0.338,0.114,1.054,0.217,0.553,0.0,0.0,0.0
94.23035216331482,0.316,0.185,1.076,0.276,0.582,0.0,0.0,0.0
94.24114918708801,0.338,0.129,1.118,0.24,0.611,0.0,0.0,0.0
94.25001096725464,0.13,0.233,1.162,0.266,0.244,0.0,0.0,0.0
94.2600929737091,0.535,0.18,1.065,0.35,0.625,0.0,0.0,0.0
94.27043581008911,0.327,0.221,1.097,0.207,0.519,0.0,0.0,0.0
94.28008437156677,0.316,0.182,1.131,0.225,0.844,0.0,0.0,0.0
94.2901542186737,0.316,0.208,1.065,0.381,0.644,0.0,0.0,0.0
94.29992604255676,0.349,0.234,1.148,0.268,0.69,-0.001,0.0,0.0
94.30993890762329,0.305,0.228,1.12,0.428,0.57,0.0,-0.004,-0.004
94.31977701187134,0.086,0.231,1.132,0.351,0.485,0.0,0.0,0.0
94.32991409301758,0.557,0.238,1.196,0.457,0.468,0.0,0.0,0.0
94.3402111530304,0.349,0.236,1.191,0.386,0.633,0.0,0.0,0.0
94.34983015060425,0.327,0.231,1.119,0.326,0.691,0.0,-0.004,-0.004
94.3598222732544,0.316,0.261,1.141,0.351,0.4,0.0,0.0,0.0
94.37048268318176,0.119,0.237,1.092,0.39,0.375,0.0,0.0,0.0
94.38022494316101,0.316,0.262,1.05,0.239,0.923,0.0,0.0,0.0
94.38989400863647,0.557,0.261,1.042,0.209,0.97,0.0,0.0,0.0
94.40076327323914,0.327,0.3,1.125,0.289,0.603,0.0,-0.002,-0.002
94.41099238395691,0.108,0.204,1.08,0.189,0.63,-0.001,-0.003,-0.003
94.42072319984436,0.294,0.346,1.113,0.379,0.365,0.0,-0.001,-0.001
94.43062329292297,0.502,0.268,1.124,0.19,0.735,0.0,-0.001,0.001
94.43976044654846,0.141,0.257,1.183,0.202,0.682,0.0,-0.004,-0.004
94.44994235038757,0.327,0.275,1.227,0.393,0.31,0.0,0.0,0.0
94.45993685722351,0.097,0.193,1.049,0.351,0.339,0.0,0.0,0.0
94.47089147567749,0.283,0.196,1.179,0.361,0.74,0.0,-0.004,-0.004
94.48094034194946,0.502,0.207,1.084,0.124,0.699,0.0,0.0,0.0
94.49000763893127,0.316,0.288,1.16,0.407,0.263,0.0,0.0,0.0
94.49998378753662,0.316,0.307,1.283,0.283,0.87,0.0,0.0,0.0
94.5106520652771,0.338,0.226,1.247,0.328,0.474,0.0,0.0,0.0
94.51984095573425,0.097,0.227,1.092,0.232,0.659,0.0,0.0,0.0
94.52984094619751,0.283,0.246,1.123,0.34,0.566,0.0,0.0,0.0
94.53978705406189,0.48,0.237,1.22,0.319,0.588,0.0,0.0,0.0
94.5498960018158,0.097,0.215,1.209,0.373,0.522,0.0,-0.007,-0.007
94.56006860733032,0.535,0.262,1.332,0.311,0.375,0.0,0.0,0.0
94.57105469703674,0.535,0.232,1.279,0.399,0.48,0.0,0.0,0.0
94.58010911941528,0.338,0.304,1.189,0.401,0.39,0.0,0.0,0.0
94.58995938301086,0.097,0.238,1.216,0.388,0.716,0.0,0.0,0.0
94.5998215675354,0.305,0.239,1.169,0.425,0.572,0.0,0.0,0.0
94.60977625846863,0.097,0.239,1.285,0.401,0.595,0.0,-0.007,-0.007
94.62055349349976,0.535,0.271,1.325,0.521,0.364,0.0,0.0,0.0
94.6298131942749,0.316,0.181,1.165,0.283,0.599,0.0,0.0,0.0
94.6409649848938,0.524,0.219,1.192,0.364,0.38,0.0,0.0,0.0
94.64994812011719,0.108,0.252,1.197,0.144,0.83,0.0,-0.004,-0.004
94.65974688529968,0.305,0.264,1.233,0.314,0.465,0.0,-0.002,-0.002
94.67048120498657,0.097,0.243,1.269,0.396,0.366,0.0,0.0,0.0
94.68099975585938,0.502,0.188,1.224,0.263,0.91,0.0,0.0,0.0
94.69087815284729,0.316,0.286,1.27,0.285,0.438,0.0,0.0,0.0
94.70060563087463,0.327,0.224,1.245,0.275,0.842,0.0,-0.002,-0.002
94.70998859405518,0.294,0.155,1.213,0.224,0.655,0.0,0.0,0.0
94.72023296356201,0.086,0.242,1.204,0.345,0.588,0.0,0.0,0.0
94.73006248474121,0.502,0.288,1.22,0.224,0.926,0.0,-0.001,0.001
94.74046492576599,0.338,0.225,1.205,0.23,0.566,0.0,0.0,0.0
94.75018811225891,0.535,0.196,1.151,0.271,0.955,0.0,0.0,0.0
94.75979685783386,0.097,0.294,1.226,0.161,0.746,0.0,0.0,0.0
94.77015042304993,0.086,0.298,1.23,0.33,0.304,0.0,0.0,0.0
94.78000688552856,0.491,0.243,1.174,0.263,0.897,0.0,-0.004,-0.004
94.79022216796875,0.316,0.218,1.179,0.233,0.632,0.0,0.0,0.0
94.8007001876831,0.535,0.175,1.084,0.048,0.699,0.0,0.0,0.0
94.81070899963379,0.119,0.147,1.08,0.089,0.754,0.0,-0.004,-0.004
94.8207221031189,0.316,0.224,1.068,0.137,0.736,0.0,0.0,0.0
94.83068323135376,0.283,0.279,1.063,0.11,0.732,0.0,0.0,0.0
94.84004807472229,0.283,0.181,1.103,0.081,0.913,0.0,0.0,0.0
94.84994435310364,0.305,0.219,1.167,0.182,0.658,0.0,0.0,0.0
94.86114406585693,0.535,0.223,1.191,0.289,0.711,0.0,-0.001,0.001
94.8697817325592,0.327,0.314,1.157,0.284,0.393,0.0,0.0,0.0
94.87981009483337,0.305,0.228,1.113,0.236,0.4,0.0,0.0,0.0
94.88996505737305,0.316,0.233,1.23,0.249,0.474,0.0,0.0,0.0
94.90080738067627,0.13,0.227,1.136,0.251,0.643,0.0,0.0,0.0
94.91056990623474,0.546,0.169,1.264,0.143,0.847,0.0,0.0,0.0
94.9197051525116,0.305,0.173,1.131,0.117,0.786,0.0,-0.005,-0.005
94.92998886108398,0.097,0.241,1.254,0.234,0.433,0.0,0.0,0.0
94.93980073928833,0.513,0.256,1.176,0.31,0.676,0.0,-0.001,0.001
94.94980573654175,0.327,0.178,1.166,0.281,0.55,0.0,0.0,0.0
94.96001410484314,0.327,0.228,1.225,0.315,0.348,0.0,-0.002,-0.002
94.97039675712585,0.305,0.282,1.137,0.162,0.512,0.0,0.0,0.0
94.98074078559875,0.064,0.239,1.092,0.118,0.61,0.0,0.0,0.0
94.99084186553955,0.502,0.27,1.153,0.183,0.741,0.0,-0.002,-0.002
95.00086498260498,0.086,0.301,1.158,0.178,0.647,0.0,0.0,0.0
95.01025605201721,0.535,0.294,1.122,0.196,0.833,0.0,0.0,0.0
95.01975059509277,0.305,0.269,1.071,0.213,0.707,0.0,0.0,0.0
95.03024506568909,0.305,0.245,1.156,0.316,0.687,0.0,0.0,0.0
95.0402238368988,0.086,0.257,1.053,0.136,0.862,0.0,0.0,0.0
95.05028653144836,0.524,0.253,1.042,0.211,0.761,0.0,0.0,0.0
95.05984044075012,0.327,0.207,1.018,0.268,0.56,0.0,0.0,0.0
95.07022547721863,0.108,0.264,1.196,0.281,0.757,0.0,-0.002,-0.002
95.08057713508606,0.294,0.243,1.137,0.185,0.743,0.0,0.0,0.0
95.09031391143799,0.075,0.283,1.11,0.125,0.878,0.0,0.0,0.0
95.09993696212769,0.48,0.263,1.047,0.039,0.866,0.0,-0.002,-0.002
95.11069989204407,0.294,0.205,1.05,0.173,0.774,-0.001,-0.002,-0.002
95.11979222297668,0.316,0.186,1.145,0.149,0.916,0.0,0.0,0.0
95.13011527061462,0.305,0.255,1.266,0.222,0.383,0.0,-0.003,-0.003
95.14035701751709,0.502,0.21,1.116,0.247,0.761,0.0,0.0,0.0
95.14977812767029,0.075,0.256,1.19,0.212,0.999,0.0,0.0,0.0
95.16074252128601,0.294,0.223,1.286,0.268,0.506,0.0,-0.002,-0.002
95.1703896522522,0.305,0.099,1.094,0.183,0.775,0.0,0.0,0.0
95.18016624450684,0.316,0.217,1.147,0.223,0.827,0.0,0.0,0.0
95.1898877620697,0.283,0.215,1.015,0.189,0.815,0.0,-0.001,-0.001
95.20079946517944,0.283,0.253,1.173,0.227,0.646,0.0,-0.007,-0.007
95.21080040931702,0.283,0.167,1.158,0.182,0.751,0.0,0.0,0.0
95.22078776359558,0.294,0.208,1.143,0.167,0.796,0.0,0.0,0.0
95.230712890625,0.513,0.297,1.091,0.18,0.846,0.0,0.0,0.0
95.24077320098877,0.316,0.157,1.1,0.074,0.969,0.0,-0.003,-0.003
95.25000238418579,0.316,0.208,1.166,0.204,0.821,0.0,0.0,0.0
95.25982904434204,0.327,0.204,1.114,0.187,0.537,0.0,-0.002,-0.002
95.27037334442139,0.305,0.196,1.153,0.262,0.544,0.0,-0.005,-0.005
95.28015518188477,0.283,0.183,1.179,0.226,0.756,0.0,0.0,0.0
95.28998255729675,0.524,0.235,1.169,0.303,0.698,0.0,0.0,0.0
95.30027985572815,0.327,0.148,1.224,0.196,0.716,0.0,0.0,0.0
95.3104088306427,0.557,0.222,1.115,0.202,0.934,0.0,0.0,0.0
95.32031965255737,0.13,0.205,1.136,0.18,0.734,0.0,0.0,0.0
95.3300256729126,0.316,0.13,1.133,0.079,0.714,0.0,0.0,0.0
95.33978700637817,0.316,0.244,1.238,0.289,0.663,0.0,-0.005,-0.005
95.35058879852295,0.349,0.235,1.231,0.177,0.461,0.0,-0.003,-0.003
95.35982990264893,0.557,0.212,1.191,0.139,0.789,0.0,0.0,0.0
95.37019872665405,0.338,0.243,1.276,0.211,0.566,0.0,0.0,0.0
95.3802900314331,0.108,0.253,1.242,0.188,0.651,0.0,-0.004,-0.004
95.39004921913147,0.316,0.239,1.184,0.238,0.871,0.0,-0.005,-0.003
95.40097236633301,0.327,0.284,1.216,0.338,0.558,0.0,0.0,0.0
95.40978598594666,0.36,0.275,1.207,0.317,0.759,0.0,-0.002,-0.002
95.42003583908081,0.557,0.221,1.2,0.293,0.659,-0.001,-0.004,-0.004
95.42990016937256,0.327,0.269,1.142,0.121,0.76,0.0,0.0,0.0
95.43976616859436,0.327,0.261,1.321,0.221,0.354,0.0,-0.007,-0.007
95.44988894462585,0.557,0.264,1.29,0.264,0.412,0.0,0.0,0.0
95.45979285240173,0.371,0.233,1.263,0.22,0.41,0.0,0.0,0.0
95.4703917503357,0.371,0.243,1.305,0.235,0.524,0.0,-0.002,-0.002
95.47996068000793,0.535,0.196,1.16,0.087,0.702,0.0,-0.002,-0.002
95.48999524116516,0.141,0.254,1.278,0.148,0.684,-0.001,0.0,0.0
95.50003910064697,0.59,0.236,1.245,0.097,0.522,0.0,-0.003,-0.003
95.51019835472107,0.184,0.251,1.247,0.199,0.638,0.0,-0.006,-0.006
95.51988291740417,0.371,0.221,1.311,0.1,0.887,0.0,0.0,0.0
95.53020334243774,0.338,0.221,1.356,0.229,0.588,0.0,-0.005,-0.005
95.53976464271545,0.371,0.26,1.221,0.094,0.831,0.0,-0.003,-0.003
95.55069327354431,0.371,0.267,1.245,0.269,0.439,0.0,-0.01,-0.01
95.56024765968323,0.382,0.208,1.245,0.088,0.728,0.0,0.0,0.0
95.56979084014893,0.579,0.266,1.217,0.148,0.666,0.0,0.0,0.0
95.58001399040222,0.162,0.199,1.285,0.259,0.63,0.0,-0.007,-0.007
95.59018158912659,0.36,0.252,1.283,0.151,0.685,0.0,0.0,0.0
95.60075521469116,0.59,0.267,1.254,0.091,0.887,0.0,0.0,0.0
95.61067414283752,0.36,0.263,1.283,0.1,0.871,0.0,-0.008,-0.008
95.6207447052002,0.162,0.192,1.283,0.104,0.938,-0.001,0.0,0.0
95.6307020187378,0.382,0.2,1.274,0.183,0.782,0.0,0.0,0.0
95.63972616195679,0.162,0.171,1.261,0.23,0.799,0.0,0.0,0.0
95.65031361579895,0.13,0.288,1.306,0.329,0.499,0.0,0.0,0.0
95.6602532863617,0.36,0.24,1.231,0.13,0.827,0.0,0.0,0.0
95.6700050830841,0.568,0.222,1.225,0.229,0.931,0.0,0.0,0.0
95.68030548095703,0.546,0.211,1.207,0.195,0.817,0.0,0.0,0.0
95.69030690193176,-0.057,0.247,1.215,0.069,0.76,0.0,0.0,0.0
95.70050191879272,0.36,0.242,1.201,0.087,0.696,0.0,0.0,0.0
95.70976185798645,0.36,0.21,1.22,0.057,0.834,0.0,-0.004,-0.004
95.7209403514862,0.338,0.24,1.175,0.177,0.48,0.0,-0.003,-0.003
95.73002099990845,0.36,0.187,1.158,0.11,0.941,0.0,0.0,0.0
95.73991513252258,0.338,0.208,1.225,0.182,0.617,0.0,-0.002,-0.002
95.75070381164551,0.349,0.24,1.22,0.111,0.679,0.0,0.0,0.0
95.76042437553406,0.13,0.272,1.182,0.111,0.761,0.0,0.0,0.0
95.76993656158447,0.557,0.297,1.092,0.081,0.87,0.0,0.0,0.0
95.77981948852539,0.349,0.255,1.231,0.205,0.336,0.0,-0.008,-0.008
95.7904543876648,-0.068,0.197,1.316,0.207,0.71,0.0,0.0,0.0
95.79986453056335,0.316,0.152,1.168,0.074,0.705,0.0,0.0,0.0
95.81010437011719,0.546,0.235,1.198,0.207,0.669,0.0,-0.007,-0.007
95.82082772254944,0.13,0.198,1.185,0.168,0.745,0.0,0.0,0.0
95.83086824417114,0.535,0.26,1.231,0.033,0.866,0.0,-0.001,0.001
95.84066796302795,0.108,0.258,1.192,0.243,0.781,0.0,0.0,0.0
95.84977579116821,0.327,0.183,1.262,0.045,0.858,0.0,0.0,0.0
95.86033725738525,0.338,0.186,1.209,0.123,0.913,0.0,0.0,0.0
95.87005543708801,0.546,0.112,1.273,0.114,0.664,0.0,0.0,0.0
95.87995386123657,0.108,0.216,1.179,0.121,0.662,0.0,-0.002,-0.002
95.8902199268341,0.535,0.239,1.157,0.163,0.78,0.0,0.0,0.0
95.90062522888184,0.349,0.184,1.147,0.219,0.78,0.0,0.0,0.0
95.90981268882751,0.338,0.23,1.16,0.085,0.843,0.0,-0.003,-0.001
95.91982674598694,0.108,0.209,1.268,0.239,0.449,0.0,-0.006,-0.006
95.9302806854248,0.327,0.242,1.299,0.173,0.502,0.0,0.0,0.0
95.93984293937683,0.338,0.276,1.153,0.188,0.888,0.0,0.0,0.0
95.95011186599731,0.316,0.174,1.16,0.225,0.641,0.0,-0.003,-0.003
95.96062850952148,0.119,0.209,1.099,0.18,0.824,0.0,0.0,0.0
95.97018074989319,0.305,0.206,1.129,0.098,0.735,0.0,0.0,0.0
95.97979140281677,0.316,0.223,1.109,0.1,0.893,0.0,0.0,0.0
95.99023485183716,0.283,0.228,1.251,0.233,0.612,0.0,-0.004,-0.004
96.00063180923462,0.283,0.251,1.149,0.131,0.78,0.0,-0.001,0.001
96.00979685783386,0.316,0.254,1.114,0.189,0.844,0.0,0.0,0.0
96.02002573013306,0.305,0.218,1.167,0.205,0.643,0.0,-0.006,-0.006
96.03001761436462,0.283,0.272,1.191,0.128,1.067,0.0,0.0,0.0
96.03977274894714,0.294,0.288,1.134,0.207,0.521,0.0,0.0,0.0
96.04997181892395,0.305,0.261,1.255,0.268,0.744,0.0,0.0,0.0
96.06071853637695,0.305,0.283,1.172,0.147,0.652,0.0,0.0,0.0
96.06995940208435,0.272,0.169,1.146,0.103,0.891,0.0,0.0,0.0
96.079833984375,0.535,0.245,1.142,0.198,0.659,0.0,0.0,0.0
96.09021425247192,0.108,0.264,1.181,0.256,0.537,0.0,-0.015,-0.015
96.09998869895935,0.294,0.048,1.161,0.2,0.736,0.0,0.0,0.0
96.1101586818695,0.305,0.195,1.151,0.272,0.605,0.0,0.0,0.0
96.11970853805542,0.086,0.282,1.153,0.069,0.776,0.0,-0.008,-0.008
96.12996792793274,0.283,0.25,1.254,0.221,0.535,0.0,-0.011,-0.011
96.13980150222778,0.272,0.272,1.181,0.204,0.696,0.0,0.0,0.0
96.14971232414246,0.086,0.264,1.207,0.292,0.412,0.0,0.0,0.0
96.16025710105896,0.25,0.255,1.221,0.208,0.58,0.0,0.0,0.0
96.17027044296265,0.239,0.26,1.18,0.155,0.756,0.0,0.0,0.0
96.17980456352234,0.48,0.141,1.178,0.186,0.904,0.0,-0.01,-0.01
96.19054675102234,0.064,0.213,1.204,0.168,0.644,-0.001,-0.011,-0.011
96.2004451751709,0.272,0.163,1.208,0.124,0.857,0.0,0.0,0.0
96.2098741531372,0.25,0.176,1.166,0.122,0.777,0.0,-0.001,0.001
96.21977949142456,0.25,0.206,1.226,0.148,0.546,-0.001,-0.004,-0.004
96.23034119606018,0.031,0.277,1.22,0.229,0.531,0.0,-0.008,-0.008
96.23989510536194,0.239,0.136,1.138,0.153,0.862,0.0,0.0,0.0
96.24981188774109,0.677,0.276,1.154,0.22,0.517,0.0,-0.002,-0.002
96.26011276245117,0.261,0.228,1.178,0.176,0.533,0.0,0.0,0.0
96.2701804637909,0.042,0.212,1.212,0.089,0.87,0.0,0.0,0.0
96.27987051010132,0.25,0.235,1.202,0.095,0.857,0.0,0.0,0.0
96.29014039039612,0.042,0.249,1.233,0.103,0.505,0.0,0.0,0.0
96.30079460144043,0.239,0.194,1.191,0.075,0.771,0.0,0.0,0.0
96.31070041656494,0.469,0.196,1.226,0.075,0.833,0.0,0.0,0.0
96.32071042060852,0.02,0.192,1.196,0.091,0.82,0.0,-0.002,-0.002
96.33102345466614,0.042,0.276,1.235,0.034,0.496,0.0,-0.007,-0.007
96.34109354019165,0.217,0.223,1.219,0.133,0.547,0.0,-0.007,-0.007
96.34980773925781,-0.002,0.247,1.226,0.069,0.851,0.0,-0.003,-0.003
96.36030054092407,0.645,0.256,1.224,0.127,0.553,0.0,-0.002,-0.002
96.37058472633362,0.02,0.228,1.205,0.053,0.988,0.0,-0.001,0.001
96.37977170944214,0.206,0.191,1.228,0.065,0.836,0.0,-0.003,-0.003
96.3898754119873,0.436,0.286,1.322,0.136,0.494,0.0,-0.009,-0.009
96.40094089508057,0.261,0.189,1.227,0.111,0.51,0.0,0.0,0.0
96.41070675849915,0.217,0.237,1.29,0.134,0.717,0.0,-0.001,0.001
96.42065668106079,-0.013,0.158,1.279,0.055,0.913,0.0,0.0,0.0
96.43078541755676,0.425,0.174,1.234,0.006,0.789,0.0,-0.004,-0.004
96.44093108177185,0.206,0.316,1.237,0.029,0.97,0.0,0.0,0.0
96.45061016082764,0.206,0.293,1.228,0.129,0.772,0.0,0.0,0.0
96.459805727005,0.02,0.212,1.251,0.04,0.819,0.0,-0.001,0.001
96.4706711769104,0.195,0.223,1.288,0.142,0.61,0.0,-0.007,-0.007
96.4798800945282,0.195,0.17,1.26,0.095,0.838,0.0,0.0,0.0
96.4898328781128,0.206,0.259,1.323,0.144,0.64,0.0,-0.005,-0.005
96.50086832046509,0.404,0.338,1.326,0.097,0.605,0.0,0.0,0.0
96.5107798576355,-0.024,0.209,1.279,0.052,0.83,0.0,0.0,0.0
96.52066588401794,0.184,0.238,1.251,0.066,0.816,0.0,0.0,0.0
96.53065490722656,0.414,0.241,1.255,0.094,0.953,0.0,-0.005,-0.005
96.54080772399902,0.195,0.267,1.278,0.099,0.978,0.0,-0.004,-0.004
96.54981184005737,0.206,0.214,1.264,0.139,0.751,0.0,0.0,0.0
96.56020712852478,0.414,0.216,1.304,0.143,0.513,0.0,-0.004,-0.004
96.57030987739563,0.206,0.243,1.311,0.072,0.856,-0.001,0.0,0.0
96.57999086380005,-0.013,0.266,1.322,0.135,0.773,0.0,-0.002,-0.002
96.58994841575623,0.623,0.253,1.316,0.132,0.844,0.0,-0.005,-0.005
96.59991908073425,0.239,0.278,1.383,0.119,0.825,0.0,0.0,0.0
96.61067700386047,0.447,0.236,1.395,0.11,0.507,0.0,0.0,0.0
96.61975860595703,0.02,0.295,1.333,0.066,0.85,0.0,0.0,0.0
96.62995100021362,0.228,0.183,1.393,0.182,0.553,0.0,-0.007,-0.007
96.64006876945496,0.425,0.274,1.37,0.091,0.805,0.0,0.0,0.0
96.6498498916626,0.02,0.256,1.312,0.111,0.869,0.0,0.0,0.0
96.66009449958801,0.447,0.206,1.345,0.113,0.654,0.0,0.0,0.0
96.67022967338562,0.239,0.257,1.324,0.053,0.787,0.0,0.0,0.0
96.68055558204651,0.436,0.22,1.281,0.101,0.806,0.0,-0.001,0.001
96.6898992061615,0.25,0.174,1.264,0.085,0.839,0.0,0.0,0.0
96.70066165924072,0.272,0.225,1.362,0.202,0.715,0.0,-0.009,-0.009
96.70986008644104,0.469,0.252,1.254,0.07,0.826,0.0,0.0,0.0
96.71986627578735,0.042,0.239,1.359,0.178,0.521,0.0,0.0,0.0
96.73003959655762,0.677,0.238,1.291,0.162,0.653,0.0,-0.001,0.001
96.73996877670288,0.305,0.242,1.327,0.193,0.801,0.0,0.0,0.0
96.750816822052,0.48,0.226,1.383,0.182,0.495,0.0,0.0,0.0
96.76003885269165,0.064,0.235,1.326,0.114,0.756,0.0,0.0,0.0
96.77011442184448,0.491,0.254,1.316,0.104,0.948,0.0,-0.008,-0.008
96.77976393699646,0.294,0.251,1.293,0.135,0.834,0.0,0.0,0.0
96.79003572463989,0.502,0.296,1.358,0.154,0.691,0.0,0.0,0.0
96.80001664161682,0.327,0.255,1.299,0.105,0.786,0.0,0.0,0.0
96.80982446670532,0.316,0.297,1.325,0.112,0.754,0.0,-0.001,0.001
96.82000708580017,0.283,0.257,1.375,0.168,0.754,0.0,0.0,0.0
96.82992959022522,0.535,0.25,1.3,0.145,0.822,0.0,0.0,0.0
96.83983850479126,0.338,0.263,1.323,0.1,0.628,0.0,0.0,0.0
96.85031604766846,0.305,0.275,1.313,0.11,0.518,0.0,0.0,0.0
96.86086535453796,0.535,0.211,1.25,0.07,0.797,0.0,0.0,0.0
96.86995553970337,0.36,0.231,1.237,0.07,0.769,0.0,-0.001,0.001
96.87986397743225,0.316,0.269,1.194,0.117,0.494,0.0,-0.009,-0.009
96.89037847518921,0.349,0.253,1.256,0.139,0.643,0.0,0.0,0.0
96.90071606636047,0.338,0.152,1.237,0.069,0.953,0.0,0.0,0.0
96.9098310470581,0.316,0.273,1.212,0.083,0.745,0.0,0.0,0.0
96.91978001594543,0.568,0.256,1.273,0.127,0.672,0.0,-0.008,-0.008
96.92999768257141,0.371,0.263,1.28,0.128,0.505,0.0,0.0,0.0
96.93976712226868,0.349,0.106,1.288,0.083,0.518,0.0,0.0,0.0
96.94981241226196,0.371,0.154,1.298,0.134,0.533,0.0,0.0,0.0
96.96052813529968,0.568,0.203,1.299,0.112,0.712,0.0,0.0,0.0
96.96997261047363,0.152,0.2,1.236,0.05,0.742,0.0,0.0,0.0
96.97983884811401,0.59,0.273,1.311,0.134,0.477,0.0,-0.006,-0.006
96.99033427238464,0.173,0.227,1.283,0.056,0.958,0.0,0.0,0.0
97.00052070617676,0.382,0.155,1.279,0.087,1.037,0.0,0.0,0.0
97.00988602638245,0.579,0.108,1.293,0.086,0.768,0.0,-0.002,-0.002
97.01977324485779,0.184,0.188,1.319,0.156,0.525,0.0,-0.006,-0.006
97.03004145622253,0.382,0.228,1.326,0.164,0.544,0.0,0.0,0.0
97.03985905647278,0.393,0.15,1.229,0.144,0.815,0.0,0.0,0.0
97.04978322982788,0.393,0.227,1.294,0.151,0.804,0.0,0.0,0.0
97.06040787696838,0.371,0.293,1.238,0.174,0.635,0.0,0.0,0.0
97.07030463218689,0.612,0.174,1.192,0.063,0.946,0.0,0.0,0.0
97.07980346679688,0.184,0.195,1.216,0.079,0.822,0.0,0.0,0.0
97.08974146842957,0.393,0.273,1.259,0.148,0.642,0.0,0.0,0.0
97.09987425804138,0.393,0.212,1.282,0.127,0.459,0.0,0.0,0.0
97.11026501655579,0.152,0.221,1.267,0.137,0.558,0.0,0.0,0.0
97.11970734596252,0.59,0.17,1.22,0.107,1.026,0.0,0.0,0.0
97.13009667396545,0.568,0.209,1.301,0.131,0.7,0.0,0.0,0.0
97.14013695716858,0.195,0.245,1.263,0.09,0.813,0.0,0.0,0.0
97.14974188804626,0.382,0.248,1.282,0.112,0.695,0.0,0.0,0.0
97.16007113456726,0.404,0.293,1.286,0.172,0.745,0.0,0.0,0.0
97.17121028900146,0.404,0.257,1.219,0.113,0.828,0.0,0.0,0.0
97.18032431602478,0.414,0.285,1.244,0.108,0.721,0.0,0.0,0.0
97.19003653526306,0.184,0.178,1.248,0.114,0.737,0.0,-0.005,-0.005
97.20012331008911,0.382,0.256,1.227,0.123,0.715,0.0,0.0,0.0
97.20981121063232,0.393,0.317,1.253,0.109,0.707,0.0,0.0,0.0
97.21984481811523,0.404,0.214,1.279,0.126,0.464,0.0,0.0,0.0
97.22980427742004,0.414,0.237,1.234,0.176,0.578,0.0,0.0,0.0
97.23993730545044,0.195,0.254,1.273,0.168,0.633,0.0,0.0,0.0
97.24983620643616,0.612,0.23,1.207,0.168,0.818,0.0,0.0,0.0
97.26090955734253,0.195,0.234,1.231,0.156,0.484,0.0,0.0,0.0
97.27034282684326,0.612,0.256,1.187,0.138,0.899,0.0,0.0,0.0
97.27993559837341,0.404,0.206,1.175,0.14,1.04,0.0,-0.007,-0.007
97.28984951972961,0.184,0.214,1.186,0.173,0.529,0.0,0.0,0.0
97.30041289329529,0.382,0.23,1.223,0.184,0.466,0.0,0.0,0.0
97.30993676185608,0.623,0.178,1.189,0.138,0.85,0.0,0.0,0.0
97.31977677345276,0.393,0.207,1.192,0.171,0.651,0.0,0.0,0.0
97.3297393321991,0.414,0.217,1.19,0.207,0.575,0.0,0.0,0.0
97.34090995788574,0.404,0.225,1.201,0.198,0.565,0.0,0.0,0.0
97.35011196136475,0.404,0.236,1.207,0.201,0.726,0.0,0.0,0.0
97.35992789268494,0.195,0.26,1.212,0.175,0.773,0.0,-0.011,-0.011
97.36993980407715,0.404,0.209,1.182,0.166,0.879,0.0,0.0,0.0
97.38012862205505,0.404,0.193,1.208,0.162,0.83,0.0,0.0,0.0
97.39041256904602,0.425,0.232,1.184,0.167,0.888,0.0,-0.001,0.001
97.39996433258057,0.393,0.138,1.196,0.137,0.941,0.0,0.0,0.0
97.41055011749268,0.404,0.071,1.206,0.146,0.839,0.0,0.0,0.0
97.41997289657593,0.371,0.194,1.206,0.156,0.897,0.0,-0.004,-0.004
97.43025231361389,0.404,0.196,1.208,0.146,0.739,0.0,-0.004,-0.004
97.44069957733154,0.393,0.219,1.194,0.13,0.857,0.0,0.0,0.0
97.45063781738281,-0.024,0.257,1.211,0.158,0.807,-0.001,0.0,0.0
97.45983958244324,0.382,0.203,1.198,0.127,0.881,0.0,0.0,0.0
97.47018265724182,0.404,0.256,1.247,0.14,0.644,0.0,-0.013,-0.013
97.48068881034851,0.601,0.227,1.205,0.145,0.735,0.0,0.0,0.0
97.49026346206665,0.404,0.19,1.184,0.121,0.92,0.0,0.0,0.0
97.50075840950012,0.349,0.25,1.171,0.105,0.879,0.0,-0.005,-0.005
97.51069450378418,0.404,0.278,1.227,0.105,0.817,0.0,0.0,0.0
97.5208740234375,0.404,0.22,1.216,0.124,0.851,0.0,-0.006,-0.006
97.53069853782654,0.404,0.274,1.205,0.121,0.557,0.0,-0.001,-0.001
97.54076266288757,0.404,0.111,1.214,0.109,0.783,0.0,-0.007,-0.007
97.55040979385376,0.404,0.212,1.216,0.096,0.782,0.0,-0.002,-0.002
97.56005668640137,0.393,0.206,1.207,0.099,0.884,0.0,-0.004,-0.004
97.57035756111145,0.404,0.28,1.226,0.124,0.655,0.0,-0.008,-0.008
97.58032965660095,0.404,0.234,1.209,0.133,0.873,0.0,0.0,0.0
97.59024238586426,0.195,0.239,1.262,0.151,0.812,0.0,0.0,0.0
97.59989786148071,0.59,0.226,1.217,0.13,0.8,0.0,-0.006,-0.006
97.61076307296753,0.404,0.198,1.23,0.166,0.529,0.0,0.0,0.0
97.62045407295227,0.612,0.162,1.242,0.111,0.76,0.0,0.0,0.0
97.62989616394043,0.228,0.215,1.231,0.151,0.788,0.0,-0.007,-0.007
97.63970375061035,0.404,0.177,1.217,0.129,0.6,0.0,-0.007,-0.007
97.65001726150513,0.195,0.212,1.25,0.163,0.607,0.0,0.0,0.0
97.65978050231934,0.393,0.218,1.224,0.163,0.391,0.0,0.0,0.0
97.67010402679443,0.612,0.244,1.236,0.154,0.816,0.0,0.0,0.0
97.68129014968872,0.414,0.274,1.193,0.159,0.893,0.0,0.0,0.0
97.69008946418762,0.195,0.302,1.245,0.145,0.569,0.0,0.0,0.0
97.70008778572083,0.414,0.249,1.217,0.141,0.612,0.0,-0.008,-0.008
97.71022343635559,0.393,0.292,1.175,0.141,0.703,0.0,0.0,0.0
97.71996831893921,0.382,0.258,1.206,0.164,0.695,0.0,0.0,0.0
97.72978830337524,0.404,0.274,1.192,0.142,0.553,0.0,0.0,0.0
97.73976135253906,0.393,0.259,1.242,0.146,0.546,0.0,0.0,0.0
97.75006294250488,0.393,0.27,1.189,0.16,0.408,0.0,0.0,0.0
97.75990724563599,0.382,0.241,1.197,0.146,0.672,0.0,0.0,0.0
97.77029824256897,0.393,0.193,1.233,0.213,0.602,0.0,0.0,0.0
97.78074264526367,0.184,0.279,1.212,0.227,0.788,0.0,0.0,0.0
97.79074716567993,0.601,0.168,1.174,0.191,0.78,0.0,0.0,0.0
97.80065155029297,0.404,0.274,1.237,0.169,0.775,0.0,-0.011,-0.011
97.81069731712341,0.404,0.231,1.242,0.16,0.79,0.0,-0.006,-0.006
97.8198459148407,0.404,0.226,1.269,0.178,0.842,-0.001,0.0,0.0
97.82991814613342,0.404,0.251,1.302,0.211,0.659,0.0,-0.005,-0.005
97.83982181549072,0.414,0.251,1.273,0.175,0.507,0.0,-0.001,0.001
97.85039043426514,0.195,0.267,1.286,0.184,0.673,0.0,0.0,0.0
97.85992193222046,0.59,0.156,1.258,0.186,0.784,0.0,0.0,0.0
97.8699860572815,0.414,0.222,1.27,0.184,0.575,0.0,0.0,0.0
97.87975883483887,0.195,0.192,1.252,0.178,0.66,0.0,0.0,0.0
97.8903923034668,0.59,0.218,1.258,0.188,0.619,0.0,0.0,0.0
97.89978122711182,0.184,0.193,1.229,0.188,0.747,0.0,0.0,0.0
97.90985488891602,0.382,0.218,1.248,0.183,0.599,-0.001,0.0,0.0
97.9199652671814,0.601,0.242,1.203,0.193,0.545,0.0,0.0,0.0
97.92990398406982,0.404,0.187,1.222,0.211,0.795,0.0,0.0,0.0
97.93970704078674,0.404,0.212,1.199,0.202,0.577,0.0,0.0,0.0
97.9512689113617,0.184,0.227,1.229,0.188,0.664,0.0,0.0,0.0
97.96033191680908,0.393,0.247,1.278,0.209,0.548,0.0,0.0,0.0
97.96980142593384,0.393,0.211,1.209,0.24,0.786,0.0,-0.002,-0.002
97.98032760620117,0.184,0.253,1.255,0.238,0.632,0.0,0.0,0.0
97.9900906085968,0.579,0.219,1.248,0.233,0.77,0.0,0.0,0.0
97.9998459815979,0.184,0.192,1.278,0.25,0.759,0.0,0.0,0.0
98.00987815856934,0.371,0.222,1.279,0.268,0.665,0.0,0.0,0.0
98.02015423774719,0.382,0.222,1.292,0.268,0.674,-0.002,0.0,0.0
98.02992749214172,0.612,0.22,1.262,0.305,0.813,0.0,0.0,0.0
98.03977584838867,0.404,0.203,1.297,0.311,0.651,0.0,0.0,0.0
98.05047535896301,0.404,0.22,1.311,0.305,0.711,-0.004,0.0,0.0
98.06038665771484,0.184,0.182,1.261,0.345,0.772,0.0,0.0,0.0
98.0697853565216,0.601,0.191,1.283,0.375,0.782,0.0,0.0,0.0
98.08001732826233,0.579,0.218,1.283,0.408,0.673,0.0,0.0,0.0
98.09020066261292,0.206,0.213,1.286,0.403,0.686,0.0,0.0,0.0
98.09985089302063,0.393,0.201,1.28,0.417,0.768,0.0,0.0,0.0
98.10987091064453,0.612,0.183,1.286,0.435,0.585,0.0,0.0,0.0
98.12014746665955,0.206,0.189,1.279,0.478,0.778,0.0,0.0,0.0
98.13010692596436,0.404,0.242,1.271,0.501,0.776,0.0,-0.004,-0.004
98.13980889320374,0.404,0.2,1.252,0.485,0.684,0.0,0.0,0.0
98.15037226676941,0.393,0.102,1.28,0.462,0.6,-0.003,0.0,0.0
98.16096210479736,0.382,0.12,1.235,0.479,0.808,0.0,0.0,0.0
98.1697735786438,0.393,0.218,1.233,0.466,0.779,0.0,0.0,0.0
98.18015766143799,0.414,0.251,1.263,0.494,0.651,0.0,-0.007,-0.007
98.19080257415771,0.393,0.267,1.253,0.489,0.711,0.0,0.0,0.0
98.20005679130554,0.404,0.212,1.224,0.521,0.742,0.0,0.0,0.0
98.20992541313171,0.404,0.205,1.29,0.532,0.686,0.0,0.0,0.0
98.22064399719238,0.393,0.219,1.26,0.497,0.625,0.0,0.0,0.0
98.22999691963196,0.404,0.212,1.255,0.496,0.729,0.0,0.0,0.0
98.23977637290955,0.404,0.252,1.263,0.444,0.635,0.0,0.0,0.0
98.25028681755066,0.382,0.325,1.305,0.441,0.582,0.0,0.0,0.0
98.26007652282715,0.195,0.311,1.269,0.507,0.697,0.0,0.0,0.0
98.27003693580627,0.382,0.236,1.275,0.511,0.694,0.0,0.0,0.0
98.28102660179138,0.623,0.238,1.273,0.525,0.705,0.0,0.0,0.0
98.2908387184143,0.195,0.269,1.277,0.528,0.637,0.0,0.0,0.0
98.30075287818909,0.393,0.302,1.3,0.527,0.72,0.0,-0.005,-0.005
98.30985760688782,0.601,0.332,1.301,0.537,0.785,0.0,0.0,0.0
98.32027506828308,0.184,0.271,1.3,0.496,0.64,0.0,-0.003,-0.003
98.33026003837585,0.184,0.183,1.306,0.55,0.636,0.0,0.0,0.0
98.33986330032349,0.36,0.182,1.314,0.566,0.682,0.0,0.0,0.0
98.35020875930786,0.601,0.227,1.312,0.558,0.665,0.0,0.0,0.0
98.36034321784973,0.393,0.298,1.303,0.561,0.745,0.0,0.0,0.0
98.37017226219177,0.393,0.235,1.301,0.557,0.735,0.0,0.0,0.0
98.37984275817871,0.612,0.201,1.324,0.569,0.723,0.0,0.0,0.0
98.38984155654907,0.184,0.169,1.319,0.518,0.602,0.0,0.0,0.0
98.40065360069275,0.393,0.181,1.327,0.57,0.654,0.0,0.0,0.0
98.41069102287292,0.404,0.225,1.322,0.613,0.702,-0.001,0.0,0.0
98.42075514793396,0.59,0.157,1.329,0.61,0.672,0.0,-0.001,0.001
98.43044900894165,0.404,0.246,1.369,0.589,0.684,0.0,-0.002,-0.002
98.43977642059326,0.623,0.154,1.303,0.582,0.693,0.0,-0.004,-0.004
98.44998502731323,0.436,0.247,1.342,0.486,0.648,0.0,0.0,0.0
98.46118593215942,0.425,0.158,1.337,0.556,0.733,0.0,0.0,0.0
98.47038125991821,0.414,0.236,1.343,0.526,0.653,0.0,0.0,0.0
98.47981905937195,0.414,0.14,1.352,0.583,0.717,0.0,-0.004,-0.004
98.49072051048279,0.425,0.205,1.348,0.517,0.652,0.0,0.0,0.0
98.4999315738678,0.425,0.223,1.356,0.605,0.664,0.0,0.0,0.0
98.50980114936829,0.447,0.242,1.338,0.539,0.624,0.0,0.0,0.0
98.51978397369385,0.425,0.238,1.369,0.553,0.59,0.0,0.0,0.0
98.5298399925232,0.414,0.202,1.369,0.526,0.613,0.0,0.0,0.0
98.53979778289795,0.425,0.223,1.351,0.498,0.621,0.0,0.0,0.0
98.54980635643005,0.425,0.228,1.356,0.512,0.632,0.0,0.0,0.0
98.5600700378418,0.414,0.245,1.374,0.489,0.614,0.0,-0.002,-0.002
98.56998252868652,0.217,0.262,1.374,0.509,0.644,0.0,0.0,0.0
98.58022952079773,0.414,0.232,1.356,0.497,0.66,0.0,0.0,0.0
98.59038972854614,0.414,0.223,1.37,0.569,0.643,0.0,0.0,0.0
98.59985208511353,0.414,0.236,1.378,0.535,0.652,0.0,0.0,0.0
98.61027193069458,0.425,0.217,1.37,0.581,0.62,0.0,0.0,0.0
98.61978220939636,0.612,0.213,1.374,0.582,0.655,0.0,0.0,0.0
98.62987565994263,0.217,0.246,1.37,0.523,0.601,0.0,0.0,0.0
98.63989186286926,0.425,0.221,1.383,0.618,0.635,0.0,0.0,0.0
98.65010190010071,0.425,0.23,1.387,0.494,0.628,0.0,0.0,0.0
98.66042566299438,0.425,0.226,1.396,0.474,0.658,0.0,0.0,0.0
98.66989731788635,0.634,0.146,1.387,0.57,0.661,0.0,-0.001,0.001
98.68096923828125,0.425,0.212,1.405,0.546,0.624,0.0,-0.002,-0.002
98.69072651863098,0.217,0.241,1.405,0.474,0.632,0.0,0.0,0.0
98.70069622993469,0.436,0.19,1.405,0.533,0.637,0.0,0.0,0.0
98.71031045913696,0.645,0.237,1.414,0.524,0.647,0.0,0.0,0.0
98.71987414360046,0.414,0.219,1.41,0.541,0.656,0.0,0.0,0.0
98.72996640205383,0.228,0.2,1.41,0.466,0.635,0.0,0.0,0.0
98.73981738090515,0.425,0.197,1.427,0.501,0.619,0.0,0.0,0.0
98.74993753433228,0.436,0.202,1.428,0.464,0.624,0.0,-0.003,-0.001
98.7601866722107,0.414,0.217,1.432,0.519,0.617,0.0,0.0,0.0
98.77031254768372,0.206,0.199,1.441,0.579,0.626,0.0,0.0,0.0
98.78071475028992,0.634,0.162,1.463,0.596,0.622,0.0,0.0,0.0
98.79098272323608,0.217,0.192,1.476,0.562,0.625,0.0,0.0,0.0
98.80063366889954,0.414,0.276,1.476,0.554,0.586,0.0,0.0,0.0
98.80988073348999,0.404,0.198,1.498,0.592,0.568,0.0,-0.003,-0.003
98.82061576843262,0.184,0.273,1.507,0.494,0.595,0.0,0.0,0.0
98.82982134819031,0.601,0.273,1.52,0.628,0.585,0.0,0.0,0.0
98.83988618850708,0.184,0.186,1.512,0.596,0.581,0.0,0.0,0.0
98.85009050369263,0.601,0.211,1.556,0.608,0.57,0.0,0.0,0.0
98.86029434204102,0.184,0.235,1.561,0.62,0.527,0.0,0.0,0.0
98.86992907524109,0.59,0.247,1.574,0.652,0.517,0.0,0.0,0.0
98.88035321235657,0.195,0.284,1.578,0.611,0.508,0.0,0.0,0.0
98.89011454582214,0.393,0.192,1.61,0.639,0.458,0.0,0.0,0.0
98.89992213249207,0.404,0.262,1.628,0.683,0.469,0.0,0.0,0.0
98.90989804267883,0.601,0.281,1.654,0.616,0.442,0.0,0.0,0.0
98.91989612579346,0.184,0.257,1.681,0.605,0.401,0.0,0.0,0.0
98.92991709709167,0.601,0.266,1.721,0.583,0.375,0.0,0.0,0.0
98.93971276283264,0.206,0.234,1.734,0.501,0.336,0.0,0.0,0.0
98.95012044906616,0.601,0.264,1.748,0.518,0.307,0.0,0.0,0.0
98.96027517318726,0.184,0.264,1.774,0.547,0.258,0.0,0.0,0.0
98.96981859207153,0.382,0.223,1.822,0.623,0.225,0.0,0.0,0.0
98.97986388206482,0.612,0.214,1.814,0.585,0.221,0.0,0.0,0.0
98.98997402191162,0.393,0.226,1.832,0.521,0.22,0.0,0.0,0.0
98.99990105628967,0.393,0.223,1.845,0.548,0.193,0.0,0.0,0.0
99.00980162620544,0.404,0.262,1.907,0.506,0.173,0.0,0.0,0.0
99.01976180076599,0.623,0.239,1.887,0.534,0.251,0.0,0.0,0.0
99.0309407711029,0.195,0.196,1.865,0.534,0.223,0.0,-0.004,-0.004
99.0396888256073,0.414,0.234,1.915,0.658,0.162,0.0,0.0,0.0
99.05014944076538,0.404,0.185,1.887,0.524,0.247,0.0,0.0,0.0
99.06123447418213,0.601,0.203,1.913,0.621,0.163,0.0,0.0,0.0
99.0701801776886,0.414,0.252,1.878,0.548,0.199,0.0,0.0,0.0
99.07986807823181,0.634,0.226,1.901,0.66,0.149,0.0,0.0,0.0
99.09016609191895,0.217,0.242,1.907,0.521,0.244,0.0,-0.002,-0.002
99.1000816822052,0.645,0.211,1.878,0.575,0.128,0.0,0.0,0.0
99.11002087593079,0.425,0.235,1.831,0.678,0.233,0.0,0.0,0.0
99.11974501609802,0.425,0.223,1.853,0.517,0.116,-0.001,-0.004,-0.002
99.13001823425293,0.645,0.243,1.828,0.517,0.198,0.0,0.0,0.0
99.13984274864197,0.447,0.229,1.843,0.558,0.178,0.0,0.0,0.0
99.14973044395447,0.458,0.222,1.833,0.484,0.198,0.0,-0.001,0.001
99.16031956672668,0.447,0.217,1.849,0.493,0.179,0.0,0.0,0.0
99.17080020904541,0.645,0.166,1.871,0.629,0.064,0.0,-0.001,0.001
99.18041825294495,0.447,0.248,1.841,0.637,0.083,0.0,0.0,0.0
99.18997502326965,0.458,0.143,1.867,0.612,0.033,0.0,0.0,0.0
99.20011377334595,0.469,0.243,1.872,0.489,0.094,0.0,0.0,0.0
99.210125207901,0.458,0.259,1.884,0.569,0.062,0.0,0.0,0.0
99.21975636482239,0.48,0.223,1.905,0.561,0.065,0.0,0.0,0.0
99.22995495796204,0.48,0.237,1.891,0.526,0.086,0.0,-0.004,-0.004
99.23994612693787,0.48,0.233,1.927,0.599,0.083,0.0,0.0,0.0
99.24992442131042,0.458,0.183,1.908,0.659,0.073,0.0,0.0,0.0
99.25999164581299,0.469,0.179,1.911,0.629,0.224,0.0,0.0,0.0
99.27078652381897,0.469,0.194,1.894,0.529,0.233,0.0,0.0,0.0
99.2801582813263,0.469,0.183,1.898,0.732,0.116,0.0,0.0,0.0
99.28999638557434,0.48,0.223,1.887,0.68,0.095,0.0,-0.001,0.001
99.3008508682251,0.48,0.214,1.862,0.682,0.147,0.0,0.0,0.0
99.31000661849976,0.469,0.194,1.841,0.731,0.069,0.0,0.0,0.0
99.3198356628418,0.48,0.222,1.828,0.623,0.278,0.0,0.0,0.0
99.33035945892334,0.48,0.234,1.788,0.545,0.227,0.0,0.0,0.0
99.33999800682068,0.491,0.221,1.81,0.634,-0.035,0.0,-0.001,0.001
99.34990215301514,0.48,0.227,1.798,0.598,0.186,0.0,0.0,0.0
99.36018824577332,0.48,0.205,1.796,0.626,0.22,0.0,0.0,0.0
99.3710868358612,0.502,0.225,1.802,0.642,0.099,0.0,0.0,0.0
99.37976956367493,0.491,0.219,1.783,0.524,0.261,0.0,0.0,0.0
99.38993072509766,0.491,0.167,1.822,0.633,0.235,0.0,0.0,0.0
99.39996576309204,0.491,0.184,1.803,0.525,0.127,0.0,0.0,0.0
99.41013216972351,0.48,0.175,1.847,0.592,0.204,0.0,0.0,0.0
99.42068457603455,0.491,0.182,1.814,0.706,0.083,-0.008,0.0,0.0
99.42971158027649,0.491,0.164,1.814,0.651,0.023,0.0,0.0,0.0
99.4400327205658,0.48,0.209,1.84,0.605,0.215,0.0,0.0,0.0
99.4499580860138,0.699,0.216,1.895,0.644,0.169,0.0,0.0,0.0
99.46037030220032,0.502,0.215,1.838,0.671,0.051,0.0,0.0,0.0
99.47183465957642,0.502,0.206,1.85,0.731,-0.003,0.0,0.0,0.0
99.47991728782654,0.502,0.237,1.874,0.567,0.208,0.0,0.0,0.0
99.49004316329956,0.721,0.203,1.901,0.524,0.165,0.0,0.0,0.0
99.50004529953003,0.535,0.213,1.888,0.474,0.191,0.0,-0.001,0.001
99.51020097732544,0.535,0.219,1.872,0.733,0.202,0.0,0.0,0.0
99.51993536949158,0.743,0.167,1.877,0.667,0.097,0.0,0.0,0.0
99.52986311912537,0.557,0.213,1.858,0.669,0.183,0.0,0.0,0.0
99.54051947593689,0.568,0.218,1.847,0.778,0.224,0.0,0.0,0.0
99.5498116016388,0.798,0.16,1.818,0.793,0.036,0.0,0.0,0.0
99.56008410453796,0.568,0.175,1.798,0.6,0.207,0.0,0.0,0.0
99.57064461708069,0.798,0.179,1.788,0.544,0.063,0.0,0.0,0.0
99.57993125915527,0.59,0.138,1.761,0.66,0.112,0.0,0.0,0.0
99.59015226364136,0.831,0.163,1.774,0.7,0.164,0.0,0.0,0.0
99.59978175163269,0.612,0.23,1.759,0.579,0.024,0.0,0.0,0.0
99.6105842590332,0.831,0.23,1.78,0.53,0.226,0.0,0.0,0.0
99.62066411972046,0.656,0.253,1.726,0.815,0.137,0.0,0.0,0.0
99.630704164505,0.853,0.217,1.741,0.894,0.086,0.0,0.0,0.0
99.63996267318726,0.656,0.27,1.716,0.764,0.085,0.0,0.0,0.0
99.65057706832886,0.864,0.194,1.703,0.671,0.054,0.0,0.0,0.0
99.65982818603516,0.677,0.196,1.691,0.811,0.066,0.0,0.0,0.0
99.67050218582153,0.897,0.163,1.684,0.528,0.279,0.0,0.0,0.0
99.679851770401,0.897,0.139,1.641,0.769,0.084,0.0,0.0,0.0
99.68987917900085,0.721,0.187,1.635,0.558,0.131,0.0,0.0,0.0
99.6998519897461,0.929,0.142,1.63,0.51,0.179,0.0,0.0,0.0
99.71055507659912,0.94,0.192,1.615,0.53,0.124,0.0,0.0,0.0
99.71983504295349,0.743,0.131,1.555,0.764,-0.027,0.0,0.0,0.0
99.72988295555115,0.951,0.164,1.564,0.666,0.22,0.0,0.0,0.0
99.74063444137573,0.984,0.187,1.491,0.746,0.225,0.0,0.0,0.0
99.75007915496826,1.006,0.2,1.476,0.74,-0.023,0.0,-0.001,-0.001
99.76018571853638,0.798,0.166,1.438,0.698,0.117,0.0,0.0,0.0
99.77048754692078,1.039,0.22,1.385,0.736,-0.054,0.0,0.0,0.0
99.78033804893494,1.05,0.207,1.358,0.605,-0.068,0.0,0.0,0.0
99.78995823860168,1.083,0.227,1.314,0.758,0.002,0.0,0.0,0.0
99.80003905296326,1.116,0.185,1.304,0.532,0.126,0.0,0.0,0.0
99.8102195262909,0.886,0.211,1.333,0.646,0.148,0.0,0.0,0.0
99.81981301307678,1.138,0.17,1.289,0.592,-0.072,0.0,0.0,0.0
99.82986307144165,1.138,0.17,1.267,0.425,0.146,0.0,0.0,0.0
99.83995795249939,1.181,0.156,1.277,0.569,0.105,0.0,0.0,0.0
99.8504991531372,1.192,0.169,1.268,0.589,0.045,0.0,0.0,0.0
99.86009788513184,0.995,0.187,1.266,0.784,-0.103,0.0,0.0,0.0
99.87023878097534,1.214,0.192,1.229,0.615,-0.026,0.0,0.0,0.0
99.88039636611938,1.236,0.187,1.286,0.709,-0.077,0.0,0.0,0.0
99.89017915725708,1.247,0.193,1.282,0.759,-0.061,0.0,0.0,0.0
99.90073227882385,1.28,0.197,1.206,0.717,-0.014,0.0,0.0,0.0
99.909832239151,1.302,0.185,1.242,0.77,-0.042,0.0,0.0,0.0
99.9200267791748,1.335,0.207,1.278,0.694,0.12,0.0,0.0,0.0
99.93049502372742,1.346,0.209,1.242,0.795,0.019,0.0,0.0,0.0
99.94011449813843,1.368,0.19,1.24,0.854,-0.028,0.0,0.0,0.0
99.95015549659729,1.412,0.211,1.213,0.867,0.086,0.0,0.0,0.0
99.96005630493164,1.412,0.184,1.251,0.717,0.038,0.0,0.0,0.0
99.96996235847473,1.434,0.184,1.221,0.663,-0.008,0.0,0.0,0.0
99.98041558265686,1.477,0.183,1.198,0.877,0.142,0.001,0.0,0.0
99.9899160861969,1.488,0.185,1.205,0.709,-0.019,0.0,0.0,0.0
99.99990153312683,1.532,0.175,1.251,0.726,0.132,0.0,0.0,0.0
100.00998997688293,1.543,0.173,1.274,0.771,0.232,0.0,0.0,0.0
100.01981329917908,1.565,0.179,1.189,0.666,0.04,0.0,0.0,0.0
100.03066802024841,1.598,0.171,1.249,0.788,0.159,0.0,0.0,0.0
100.03968787193298,1.62,0.171,1.186,0.72,-0.115,0.0,0.0,0.0
100.05070686340332,1.642,0.178,1.204,0.583,0.3,0.0,0.0,0.0
100.05975866317749,1.686,0.16,1.243,0.814,-0.067,0.0,0.0,0.0
100.07013988494873,1.916,0.17,1.246,0.614,0.176,0.0,0.0,0.0
100.08063125610352,1.521,0.163,1.269,0.799,0.01,0.0,0.0,0.0
100.08996295928955,1.773,0.165,1.221,0.724,-0.075,0.0,0.0,0.0
100.09977960586548,1.784,0.156,1.336,0.485,0.121,0.0,0.0,0.0
100.11070394515991,1.806,0.166,1.306,0.556,0.229,0.0,0.0,0.0
100.11994743347168,1.631,0.182,1.249,0.823,0.053,0.0,0.0,0.0
100.12979245185852,2.091,0.171,1.251,0.773,0.166,0.001,0.0,0.0
100.13964295387268,1.686,0.163,1.301,0.633,0.142,0.0,0.0,0.0
100.15086603164673,1.718,0.156,1.32,0.757,0.204,0.0,0.0,0.0
100.1601951122284,1.718,0.153,1.268,0.915,-0.057,0.0,0.0,0.0
100.16987657546997,2.168,0.172,1.281,0.898,-0.054,0.0,0.0,0.0
100.18023180961609,1.773,0.166,1.347,0.748,0.092,0.0,0.0,0.0
100.19038891792297,1.795,0.141,1.239,0.973,-0.005,0.0,0.0,0.0
100.19995856285095,2.003,0.138,1.189,0.925,-0.067,0.0,0.0,0.0
100.21008396148682,1.861,0.158,1.266,0.9,0.02,0.0,0.0,0.0
100.22011613845825,1.839,0.161,1.222,0.776,-0.044,0.0,0.0,0.0
100.22978639602661,1.872,0.161,1.167,0.685,0.075,0.0,0.0,0.0
100.23978304862976,1.894,0.157,1.315,0.719,0.144,0.0,0.0,0.0
100.25033473968506,1.894,0.155,1.36,0.692,0.103,0.0,0.0,0.0
100.25986695289612,1.718,0.161,1.263,0.812,-0.12,0.0,0.0,0.0
100.27007722854614,1.883,0.141,1.312,0.777,0.019,0.0,0.0,0.0
100.28030943870544,1.959,0.144,1.236,0.825,-0.01,0.0,0.0,0.0
100.29036235809326,1.499,0.146,1.262,0.92,-0.02,0.0,0.0,0.0
100.300039768219,1.905,0.136,1.272,0.849,-0.09,0.0,-0.001,0.001
100.30979466438293,1.718,0.132,1.312,0.703,-0.108,0.0,0.0,0.0
100.32093858718872,1.718,0.128,1.4,0.52,0.105,0.0,0.0,0.0
100.32980847358704,1.927,0.127,1.324,0.763,0.127,0.0,0.0,0.0
100.33972954750061,1.587,0.119,1.383,0.617,0.015,0.0,0.0,0.0
100.35036158561707,1.707,0.107,1.461,0.5,-0.031,0.0,0.0,0.0
100.36092853546143,1.718,0.097,1.258,0.776,-0.141,0.0,0.0,0.0
100.36990022659302,1.477,0.075,1.242,0.891,0.117,0.0,0.0,0.0
100.38046026229858,1.751,0.081,1.207,0.856,-0.161,0.0,0.0,0.0
100.39077663421631,1.269,0.049,1.196,0.729,-0.06,0.0,0.0,0.0
100.39982438087463,1.686,0.048,1.199,0.859,-0.139,0.0,0.0,0.0
100.40975975990295,1.861,0.04,1.326,0.692,0.014,0.001,0.0,0.0
100.41988015174866,1.751,0.024,1.296,0.718,0.042,0.0,0.0,0.0
100.42995429039001,1.455,0.013,1.163,0.57,0.03,0.0,0.0,0.0
100.43987512588501,1.444,-0.007,1.196,0.586,-0.05,0.0,0.0,0.0
100.45005011558533,1.883,-0.025,1.188,0.705,0.066,0.0,0.0,0.0
100.45997953414917,1.444,-0.046,1.16,0.662,-0.012,0.0,0.0,0.0
100.47010827064514,1.642,-0.025,1.247,0.788,-0.051,0.0,0.0,0.0
100.48073291778564,1.631,-0.052,1.007,0.739,-0.015,0.0,0.0,0.0
100.49094986915588,1.653,-0.063,1.044,0.88,-0.095,0.0,0.0,0.0
100.5005042552948,1.653,-0.084,1.196,0.868,-0.076,0.0,0.0,0.0
100.50978016853333,1.412,-0.06,1.041,0.847,-0.113,0.0,0.0,0.0
100.51986598968506,1.609,-0.078,1.25,0.656,0.13,0.0,0.0,0.0
100.53083109855652,1.62,-0.082,1.196,0.729,0.051,0.0,0.0,0.0
100.53966355323792,1.642,-0.087,1.156,0.89,-0.085,0.0,0.0,0.0
100.5503294467926,1.576,-0.088,1.409,0.633,0.134,0.0,0.0,0.0
100.5601007938385,1.565,-0.064,1.161,0.988,-0.122,0.0,0.0,0.0
100.57006216049194,1.576,-0.068,1.102,0.956,0.01,0.0,0.0,0.0
100.57994413375854,1.565,-0.098,1.049,0.774,-0.123,0.0,0.0,0.0
100.59084153175354,1.543,-0.105,1.163,0.813,0.071,0.0,0.0,0.0
100.59995913505554,1.543,-0.119,1.006,0.825,0.008,0.0,0.0,0.0
100.60986757278442,1.576,-0.102,1.171,0.895,0.044,0.0,0.0,0.0
100.61990141868591,1.51,-0.098,1.181,0.847,0.013,0.0,0.0,0.0
100.62977194786072,1.718,-0.097,1.221,0.692,0.106,0.0,0.0,0.0
100.6398253440857,1.346,-0.089,1.083,0.689,0.041,0.0,0.0,0.0
100.65069484710693,1.718,-0.089,1.113,0.558,-0.003,0.0,0.0,0.0
100.66010189056396,1.51,-0.061,1.172,0.933,-0.039,0.0,0.0,0.0
100.67024421691895,1.532,-0.089,1.053,0.866,-0.076,0.0,0.0,0.0
100.68046832084656,1.499,-0.026,1.026,0.851,-0.229,0.0,0.0,0.0
100.69024014472961,1.686,-0.044,1.042,0.968,-0.101,0.0,0.0,0.0
100.70001745223999,1.686,-0.071,1.019,0.865,-0.115,0.0,0.0,0.0
100.70988965034485,1.543,-0.04,1.103,0.851,-0.121,0.0,0.0,0.0
100.72003245353699,1.455,-0.051,1.161,0.628,0.08,0.0,0.0,0.0
100.7300374507904,1.455,-0.031,1.166,0.766,-0.04,0.0,0.0,0.0
100.74004888534546,1.718,-0.046,1.121,0.796,-0.044,0.0,0.0,0.0
100.74999141693115,1.455,-0.078,1.029,0.692,-0.15,0.0,0.0,0.0
100.75980234146118,1.631,-0.072,1.261,0.727,-0.103,0.0,0.0,0.0
100.77013325691223,1.455,-0.093,1.082,0.634,0.171,0.0,0.0,0.0
100.78056454658508,1.631,-0.119,0.971,0.751,-0.104,0.0,0.0,0.0
100.78999900817871,1.675,-0.082,1.11,0.907,-0.25,0.0,0.0,0.0
100.79979848861694,1.631,-0.129,1.194,0.976,0.039,0.0,0.0,0.0
100.80996370315552,1.412,-0.108,1.134,0.704,0.01,0.0,0.0,0.0
100.82002520561218,1.631,-0.116,1.297,0.835,-0.236,0.0,0.0,0.0
100.82977271080017,1.631,-0.124,1.249,0.734,0.002,0.0,0.0,0.0
100.83993434906006,1.653,-0.123,1.316,0.7,-0.037,0.0,-0.001,0.001
100.85009837150574,1.444,-0.149,1.213,0.947,-0.136,0.0,0.0,0.0
100.85988354682922,1.423,-0.166,1.177,0.938,-0.197,0.0,0.0,0.0
100.87015748023987,1.817,-0.17,1.111,0.728,-0.021,0.0,0.0,0.0
100.8803596496582,1.444,-0.18,1.105,1.025,-0.123,0.0,0.0,0.0
100.89088940620422,1.39,-0.14,1.117,0.927,-0.091,0.0,0.0,0.0
100.90041446685791,1.773,-0.182,1.225,0.94,-0.322,0.0,0.0,0.0
100.90986514091492,1.423,-0.138,1.254,1.001,-0.206,0.0,0.0,0.0
100.92073106765747,1.401,-0.18,1.165,0.792,-0.065,0.0,0.0,0.0
100.9297924041748,1.839,-0.165,1.162,0.787,-0.086,0.0,0.0,0.0
100.94010710716248,1.62,-0.128,1.244,0.568,-0.043,0.0,0.0,0.0
100.95000767707825,1.631,-0.172,1.279,0.756,-0.182,0.0,0.0,0.0
100.95990633964539,1.642,-0.139,1.266,0.795,0.018,0.0,0.0,0.0
100.97008538246155,1.609,-0.166,1.241,0.755,0.037,0.0,0.0,0.0
100.98094916343689,1.839,-0.151,1.174,0.837,0.021,0.0,0.0,0.0
100.99063277244568,1.39,-0.176,1.186,1.033,-0.114,0.0,0.0,0.0
100.99994611740112,1.839,-0.154,1.115,0.981,0.019,0.0,0.0,0.0
101.009929895401,1.423,-0.172,1.412,0.948,-0.117,0.0,0.0,0.0
101.01988410949707,1.631,-0.149,1.114,0.788,-0.173,0.0,0.0,0.0
101.03019762039185,1.653,-0.128,1.075,0.736,0.018,0.0,0.0,0.0
101.03978562355042,1.642,-0.146,0.998,0.859,-0.095,0.0,0.0,0.0
101.05019021034241,1.401,-0.149,1.331,0.791,0.034,0.0,0.0,0.0
101.06022500991821,1.828,-0.134,1.139,0.991,-0.152,0.0,0.0,0.0
101.07010388374329,1.434,-0.138,0.975,0.866,-0.187,0.0,0.0,0.0
101.08000469207764,1.598,-0.174,1.145,1.13,-0.005,0.0,0.0,0.0
101.09009671211243,1.598,-0.162,1.019,0.73,-0.068,0.0,0.0,0.0
101.09981560707092,1.686,-0.149,1.007,0.96,-0.247,0.0,0.0,0.0
101.10982632637024,1.631,-0.154,1.4,0.642,0.007,0.0,0.0,0.0
101.1199049949646,1.609,-0.157,1.122,0.724,-0.035,0.0,0.0,0.0
101.12992835044861,1.631,-0.145,1.109,0.674,0.006,0.0,0.0,0.0
101.13989639282227,1.412,-0.156,1.039,0.851,-0.001,0.0,0.0,0.0
101.14982748031616,1.85,-0.195,1.053,0.854,-0.13,0.0,0.0,0.0
101.16016745567322,1.62,-0.188,1.15,0.775,0.104,0.0,0.0,0.0
101.17021465301514,1.412,-0.175,1.014,0.945,-0.26,0.0,0.0,0.0
101.18072748184204,1.861,-0.17,0.992,1.041,-0.281,0.0,0.0,0.0
101.19090008735657,1.39,-0.18,0.858,0.93,-0.205,0.0,0.0,0.0
101.20058512687683,1.828,-0.199,0.953,0.64,-0.3,0.0,0.0,0.0
101.21070337295532,1.62,-0.196,0.93,0.999,-0.278,0.0,0.0,0.0
101.22027587890625,1.631,-0.201,1.044,0.842,-0.049,0.0,0.0,0.0
101.23019576072693,1.423,-0.18,0.967,0.913,-0.297,0.0,0.0,0.0
101.2398533821106,1.609,-0.183,0.994,0.939,-0.198,0.0,0.0,0.0
101.25058197975159,1.455,-0.188,1.119,0.778,-0.044,0.0,0.0,0.0
101.26039671897888,1.598,-0.165,0.93,1.055,-0.242,0.0,0.0,0.0
101.27035617828369,1.598,-0.143,0.878,1.065,-0.334,0.0,0.0,0.0
101.28080630302429,1.62,-0.176,1.023,1.113,-0.231,0.0,0.0,0.0
101.29085206985474,1.598,-0.164,1.033,0.955,-0.259,0.0,0.0,0.0
101.30080509185791,1.806,-0.186,0.944,1.014,-0.303,0.0,0.0,0.0
101.3107008934021,1.444,-0.099,1.204,0.864,-0.331,0.0,0.0,0.0
101.31972241401672,1.817,-0.166,1.042,0.939,-0.276,0.0,0.0,0.0
101.33035492897034,1.62,-0.165,1.166,0.677,-0.072,0.0,0.0,0.0
101.33983016014099,1.872,-0.066,1.033,1.126,-0.256,0.0,0.0,0.0
101.35008835792542,1.401,-0.125,1.192,0.881,-0.115,0.0,0.0,0.0
101.36099076271057,1.62,-0.155,1.061,0.898,-0.364,0.0,0.0,0.0
101.3702290058136,1.664,-0.153,1.077,0.674,-0.005,0.0,0.0,0.0
101.38072872161865,1.609,-0.156,0.928,1.028,-0.193,0.0,0.0,0.0
101.39092898368835,1.401,-0.092,1.046,0.881,-0.327,0.0,0.0,0.0
101.40071153640747,2.047,-0.153,1.106,0.721,-0.024,0.0,0.0,0.0
101.41079950332642,1.444,-0.175,1.159,1.023,-0.242,0.0,0.0,0.0
101.41970705986023,1.609,-0.163,1.077,0.961,-0.249,0.0,0.0,0.0
101.430823802948,1.609,-0.173,1.368,0.757,0.137,0.0,0.0,0.0
101.43974232673645,1.642,-0.182,0.93,0.863,-0.325,0.0,0.0,0.0
101.45013308525085,1.631,-0.186,1.347,0.723,0.039,0.0,0.0,0.0
101.46035623550415,1.412,-0.197,1.104,1.017,-0.137,0.0,0.0,0.0
101.47013974189758,2.08,-0.176,0.864,0.918,-0.252,0.0,0.0,0.0
101.4809741973877,1.434,-0.189,1.081,0.904,-0.06,0.0,0.0,0.0
101.49060845375061,1.828,-0.2,1.196,0.958,-0.265,0.0,0.0,0.0
101.50083136558533,1.675,-0.215,0.929,0.906,-0.244,0.0,0.0,0.0
101.51092100143433,1.85,-0.221,1.081,0.709,-0.005,0.0,0.0,0.0
101.5198757648468,1.872,-0.297,1.096,0.748,-0.001,0.0,0.0,0.0
101.53024435043335,1.686,-0.199,0.989,1.001,0.015,0.0,0.0,0.0
101.53999423980713,1.488,-0.168,0.805,1.017,-0.304,0.0,0.0,0.0
101.5497784614563,1.653,-0.157,1.282,0.843,-0.243,0.001,0.0,0.0
101.56040930747986,1.455,-0.17,1.15,0.937,0.028,0.001,0.0,0.0
101.57024812698364,1.861,-0.126,1.046,0.992,-0.223,0.0,0.0,0.0
101.5799355506897,1.653,-0.167,0.778,1.053,-0.342,0.0,0.0,0.0
101.59025025367737,1.51,-0.144,1.098,0.933,-0.002,0.0,0.0,0.0
101.6004114151001,1.707,-0.131,0.804,0.945,-0.251,0.0,0.0,0.0
101.61028838157654,1.653,-0.138,0.807,1.024,-0.315,0.0,0.0,0.0
101.61972713470459,1.434,-0.162,0.916,0.962,-0.306,0.0,0.0,0.0
101.63043236732483,1.883,-0.148,0.971,1.067,-0.307,0.0,0.0,0.0
101.64013624191284,1.718,-0.123,0.935,0.951,-0.343,0.0,0.0,0.0
101.64975380897522,1.861,-0.171,1.119,1.001,-0.278,0.0,0.0,0.0
101.6602075099945,1.642,-0.18,1.192,0.761,-0.055,0.0,0.0,0.0
101.67062568664551,1.664,-0.185,0.785,1.025,-0.299,0.0,0.0,0.0
101.68011665344238,1.521,-0.172,0.903,1.103,-0.315,0.0,0.0,0.0
101.69010877609253,1.664,-0.117,0.668,1.017,-0.384,0.0,0.0,0.0
101.70077610015869,1.861,-0.112,0.893,0.829,-0.141,0.0,0.0,0.0
101.71030068397522,1.455,-0.115,0.916,1.05,-0.331,0.0,0.0,0.0
101.7197470664978,1.653,-0.092,1.014,1.082,-0.503,0.0,0.0,0.0
101.72992157936096,1.675,-0.186,1.291,0.69,-0.083,0.0,0.0,0.0
101.73984289169312,1.948,-0.154,1.022,0.948,-0.264,0.0,0.0,0.0
101.7499451637268,1.532,-0.179,1.24,0.702,0.006,0.0,0.0,0.0
101.75979590415955,1.696,-0.155,1.231,0.828,-0.058,0.0,0.0,0.0
101.77060604095459,1.466,-0.154,1.151,1.015,-0.107,0.0,0.0,0.0
101.78048896789551,1.85,-0.161,0.95,1.067,-0.319,0.0,0.0,0.0
101.79002547264099,1.948,-0.098,0.969,1.079,-0.255,0.009,0.0,0.0
101.80075287818909,1.696,-0.195,1.171,0.973,-0.26,0.0,0.0,0.0
101.81008791923523,1.686,-0.228,1.11,1.003,-0.29,0.0,0.0,0.0
101.81988978385925,1.872,-0.18,0.789,0.661,-0.245,0.0,0.0,0.0
101.82977938652039,1.532,-0.189,1.036,0.799,-0.138,0.0,0.0,0.0
101.83993983268738,1.696,-0.174,1.311,0.763,0.095,0.0,0.0,0.0
101.84983611106873,1.905,-0.11,1.077,0.753,-0.033,0.0,0.0,0.0
101.85999584197998,1.686,-0.217,1.152,0.942,-0.024,0.0,0.0,0.0
101.87104845046997,1.696,-0.224,0.791,0.836,-0.147,0.0,0.0,0.0
101.8799729347229,1.488,-0.245,0.925,0.738,-0.19,0.0,0.0,0.0
101.89022040367126,1.981,-0.182,0.83,1.086,-0.123,0.0,0.0,0.0
101.90068125724792,1.543,-0.147,0.713,0.942,-0.467,0.0,0.0,0.0
101.90990734100342,1.894,-0.151,0.746,1.087,-0.348,0.0,0.0,0.0
101.91984605789185,1.477,-0.196,0.711,1.046,0.064,0.0,0.0,0.0
101.92975854873657,1.905,-0.238,0.753,0.639,-0.217,0.0,0.0,0.0
101.94010853767395,1.729,-0.184,0.969,0.686,-0.131,0.0,0.0,0.0
101.94983553886414,1.795,-0.156,0.678,0.972,-0.262,0.0,0.0,0.0
101.9598183631897,1.707,-0.161,0.828,0.858,-0.097,0.0,0.0,0.0
101.97033762931824,1.696,-0.122,1.085,0.93,-0.106,0.0,0.0,0.0
101.98007369041443,1.707,-0.089,0.782,0.91,-0.401,0.0,0.0,0.0
101.99003481864929,1.729,-0.163,1.084,1.023,-0.29,0.0,0.0,0.0
102.00004243850708,1.959,-0.181,0.99,0.898,-0.241,0.0,0.002,0.002
102.01036810874939,1.576,-0.144,1.233,1.057,-0.264,0.0,0.0,0.0
102.0198347568512,1.916,-0.148,0.847,1.122,-0.531,0.0,0.0,0.0
102.03007054328918,1.521,-0.189,0.973,0.699,-0.224,0.0,0.0,0.0
102.04002356529236,1.488,-0.171,1.022,0.902,-0.294,0.0,0.0,0.0
102.0498456954956,1.916,-0.133,0.835,0.836,-0.037,0.0,0.0,0.0
102.06010794639587,1.532,-0.16,1.175,0.897,-0.192,0.0,0.0,0.0
102.07082748413086,1.916,-0.226,1.061,1.099,-0.534,0.0,0.0,0.0
102.0799446105957,1.488,-0.141,0.95,1.09,-0.453,0.0,0.0,0.0
102.08988189697266,1.992,-0.17,0.777,0.717,-0.281,0.0,0.0,0.0
102.09989166259766,1.543,-0.18,1.182,0.849,-0.036,0.0,0.0,0.0
102.11085629463196,1.938,-0.232,0.951,0.902,-0.216,0.0,0.0,0.0
102.11999821662903,1.51,-0.171,0.99,1.012,-0.615,0.0,0.0,0.0
102.12988495826721,1.51,-0.216,1.023,0.873,-0.445,0.0,0.0,0.0
102.13993048667908,1.905,-0.216,0.972,0.728,-0.272,0.0,0.0,0.0
102.14989686012268,1.927,-0.198,0.765,0.945,-0.163,0.0,0.0,0.0
102.15988731384277,1.499,-0.238,1.011,0.651,-0.19,0.0,0.0,0.0
102.1703109741211,1.664,-0.214,1.025,0.84,-0.175,0.0,0.0,0.0
102.18047666549683,1.762,-0.258,0.714,1.144,-0.472,0.0,0.0,0.0
102.19006609916687,1.773,-0.27,0.765,1.163,-0.408,0.0,0.0,0.0
102.1998975276947,1.587,-0.186,0.893,0.935,-0.406,0.0,0.0,0.0
102.21025490760803,1.795,-0.164,0.864,0.793,-0.447,0.0,0.0,0.0
102.2199547290802,1.927,-0.221,0.58,1.187,-0.436,0.0,0.0,0.0
102.22978448867798,1.51,-0.185,0.963,1.112,-0.209,0.0,0.0,0.0
102.24059891700745,1.696,-0.208,0.809,0.666,-0.125,0.0,0.0,0.0
102.25084066390991,1.718,-0.143,0.872,1.096,-0.153,0.0,0.0,0.0
102.25972270965576,1.927,-0.186,0.787,1.07,-0.448,0.0,0.0,0.0
102.2707097530365,1.521,-0.197,0.97,0.681,-0.132,0.0,0.0,0.0
102.27987313270569,1.718,-0.253,0.881,1.16,-0.507,0.0,0.0,0.0
102.2906494140625,1.927,-0.216,0.864,0.661,-0.28,0.0,0.0,0.0
102.30039191246033,1.499,-0.184,0.802,1.103,-0.39,0.0,0.0,0.0
102.31029939651489,1.707,-0.188,0.747,0.942,-0.387,0.0,0.0,0.0
102.32005739212036,1.51,-0.227,0.81,0.974,-0.513,0.0,0.0,0.0
102.32988047599792,1.916,-0.307,0.686,0.861,-0.122,0.0,0.0,0.0
102.33987975120544,1.74,-0.036,1.176,0.898,-0.54,0.0,0.0,0.0
102.35032296180725,1.499,-0.224,1.019,0.815,-0.229,0.0,0.0,0.0
102.35977673530579,1.686,-0.243,0.948,1.221,-0.485,0.0,0.0,0.0
102.3702130317688,1.74,-0.249,1.108,0.899,-0.169,0.0,0.0,0.0
102.38065981864929,1.521,-0.257,0.738,1.148,-0.345,0.0,0.0,0.0
102.39061522483826,1.938,-0.132,0.836,1.13,-0.505,0.0,0.0,0.0
102.39990782737732,1.751,-0.239,0.908,1.072,-0.365,0.0,0.0,0.0
102.41032218933105,1.795,-0.171,0.946,1.031,-0.343,0.0,0.0,0.0
102.41993546485901,1.554,-0.135,0.937,1.087,-0.441,0.0,0.0,0.0
102.42999982833862,1.762,-0.202,1.067,0.783,-0.433,0.0,0.0,0.0
102.43979406356812,1.554,-0.223,0.806,0.738,-0.288,0.0,0.0,0.0
102.45021390914917,1.707,-0.243,1.33,0.649,-0.138,0.0,0.0,0.0
102.45988202095032,1.916,-0.251,0.867,0.944,-0.368,0.0,0.0,0.0
102.46981883049011,1.696,-0.298,0.848,0.84,-0.096,0.0,0.0,0.0
102.47996377944946,1.499,-0.25,0.994,0.822,-0.2,0.0,0.0,0.0
102.49029731750488,1.894,-0.23,1.041,0.748,-0.273,0.0,0.0,0.0
102.50074052810669,1.938,-0.135,0.786,1.127,-0.462,0.0,0.0,0.0
102.51072382926941,1.499,-0.116,0.687,1.027,-0.348,0.0,0.0,0.0
102.52078938484192,1.686,-0.146,0.714,1.037,-0.465,0.0,0.0,0.0
102.53071975708008,1.707,-0.289,0.74,1.064,-0.365,0.0,0.0,0.0
102.53963971138,1.675,-0.175,0.752,1.055,-0.621,0.0,0.0,0.0
102.55063676834106,1.773,-0.219,0.925,1.059,-0.085,0.0,0.0,0.0
102.560218334198,1.751,-0.204,0.761,1.079,-0.411,0.0,0.0,0.0
102.56982040405273,1.773,-0.128,0.581,1.043,-0.311,0.0,0.0,0.0
102.58018684387207,1.784,-0.206,0.857,0.927,-0.248,0.0,0.0,0.0
102.59014534950256,1.784,-0.078,0.783,1.095,-0.354,0.0,0.0,0.0
102.60013771057129,1.532,-0.155,0.783,1.037,-0.446,0.0,0.0,0.0
102.60989165306091,1.905,-0.154,0.608,0.84,-0.428,0.0,0.0,0.0
102.6198742389679,1.707,-0.208,1.032,0.902,-0.232,0.0,0.0,0.0
102.62979912757874,1.696,-0.164,0.783,0.777,-0.234,0.0,0.0,0.0
102.63993549346924,1.707,-0.027,0.791,1.036,-0.389,0.0,0.0,0.0
102.65014266967773,1.916,-0.172,0.653,1.19,-0.417,0.0,0.0,0.0
102.65983557701111,1.729,-0.205,0.929,1.057,-0.286,0.0,0.0,0.0
102.66986179351807,1.707,-0.264,1.051,0.701,-0.262,0.0,0.0,0.0
102.68022561073303,1.707,-0.192,0.918,0.741,-0.154,0.0,0.0,0.0
102.68988943099976,1.707,-0.187,0.823,1.105,-0.54,0.0,0.0,0.0
102.69992852210999,1.948,-0.197,1.069,1.065,-0.285,0.0,0.0,0.0
102.71065616607666,1.729,-0.234,1.252,0.833,-0.369,0.0,0.0,0.0
102.71979236602783,1.74,-0.148,0.889,1.157,-0.634,0.0,0.0,0.0
102.72997713088989,1.74,-0.217,1.043,0.772,-0.366,0.0,0.0,0.0
102.73980569839478,1.74,-0.287,1.024,0.985,-0.284,0.0,0.0,0.0
102.75050973892212,1.762,-0.205,1.063,0.738,-0.161,0.0,0.0,0.0
102.7601318359375,1.51,-0.273,0.672,0.918,-0.591,0.0,0.0,0.0
102.77073621749878,1.74,-0.25,0.566,1.065,-0.601,0.0,0.0,0.0
102.78020358085632,1.718,-0.286,0.8,1.074,-0.657,0.0,0.0,0.0
102.79007649421692,1.729,-0.057,0.849,0.949,-0.584,0.0,0.0,0.0
102.80044436454773,1.696,-0.329,0.831,0.988,-0.499,0.0,0.0,0.0
102.81005549430847,1.707,-0.2,0.806,1.168,-0.641,0.0,0.0,0.0
102.81976890563965,1.718,-0.206,0.704,1.121,-0.502,0.0,0.0,0.0
102.82973575592041,1.729,-0.234,0.788,0.803,-0.343,0.0,0.0,0.0
102.83987140655518,1.718,-0.251,1.047,0.753,-0.31,0.0,0.0,0.0
102.84988260269165,1.729,-0.198,0.769,0.801,-0.4,0.0,0.0,0.0
102.85997605323792,1.302,-0.22,0.934,0.847,-0.32,0.0,0.0,0.0
102.87070155143738,1.707,-0.243,0.912,0.907,-0.398,0.0,0.0,0.0
102.88104844093323,1.905,-0.208,0.687,1.153,-0.554,0.0,0.0,0.0
102.88976883888245,1.718,-0.219,0.749,0.829,-0.567,0.0,0.0,0.0
102.89981818199158,1.718,-0.228,0.722,0.927,-0.3,0.0,0.0,0.0
102.91051054000854,1.707,-0.217,1.181,0.853,-0.327,0.0,0.0,0.0
102.91989040374756,1.729,-0.089,0.715,1.115,-0.588,0.002,0.0,0.0
102.92974352836609,1.51,-0.158,0.98,0.971,-0.303,0.0,0.0,0.0
102.9398353099823,1.696,-0.19,1.124,0.859,-0.43,0.0,0.0,0.0
102.95027828216553,1.718,-0.206,1.066,0.94,-0.213,0.0,0.0,0.0
102.95985841751099,1.927,-0.186,0.851,1.189,-0.562,0.0,0.0,0.0
102.97062969207764,1.707,-0.228,0.823,0.855,-0.411,0.0,0.0,0.0
102.98038530349731,1.696,-0.306,0.901,1.221,-0.604,0.0,0.0,0.0
102.98997974395752,1.707,-0.128,0.872,1.094,-0.576,0.0,0.0,0.0
103.00074100494385,1.729,-0.232,1.04,1.145,-0.397,0.0,0.0,0.0
103.01083588600159,1.938,-0.301,0.876,1.229,-0.559,0.0,0.0,0.0
103.02076363563538,1.718,-0.266,0.863,0.949,-0.672,0.0,0.0,0.0
103.03063726425171,1.718,-0.35,0.875,1.134,-0.214,0.0,0.0,0.0
103.04062581062317,1.74,-0.189,0.859,1.071,-0.496,0.0,0.0,0.0
103.0505576133728,1.521,-0.332,0.797,1.167,-0.596,0.0,0.0,0.0
103.06005930900574,1.74,-0.244,0.742,1.089,-0.467,0.0,0.0,0.0
103.07024693489075,1.718,-0.292,0.658,0.76,-0.357,0.0,0.0,0.0
103.0800712108612,1.707,-0.323,0.677,1.03,-0.591,0.0,0.0,0.0
103.09053373336792,1.729,-0.263,0.774,1.103,-0.3,0.001,0.0,0.0
103.10072231292725,1.707,-0.219,0.561,1.145,-0.618,0.0,0.0,0.0
103.11071062088013,1.718,-0.263,0.689,1.087,-0.597,0.0,0.0,0.0
103.12082529067993,1.718,-0.223,0.726,1.061,-0.651,0.0,0.0,0.0
103.13073301315308,1.927,-0.268,0.836,1.031,-0.231,0.0,0.0,0.0
103.13968515396118,1.729,-0.31,0.693,1.105,-0.742,0.0,0.0,0.0
103.15132880210876,1.74,-0.293,0.734,0.649,-0.359,0.0,0.0,0.0
103.16033053398132,1.817,-0.288,0.995,0.764,-0.442,0.001,0.0,0.0
103.17016744613647,1.817,-0.266,0.652,1.061,-0.439,0.0,0.0,0.0
103.1799943447113,1.62,-0.23,0.685,0.915,-0.551,0.004,0.0,0.0
103.19026398658752,2.036,-0.238,0.651,0.961,-0.612,0.0,0.0,0.0
103.20011878013611,1.817,-0.217,0.849,1.012,-0.611,0.0,0.0,0.0
103.20982480049133,1.773,-0.225,0.673,0.899,-0.781,0.0,0.0,0.0
103.22081017494202,1.839,-0.235,1.112,0.857,-0.395,0.0,0.0,0.0
103.23035764694214,1.729,-0.159,0.807,1.158,-0.698,0.0,0.0,0.0
103.24046492576599,1.51,-0.129,0.799,1.043,-0.641,0.0,0.0,0.0
103.25152444839478,1.948,-0.27,0.722,1.069,-0.603,0.0,0.0,0.0
103.2598831653595,1.74,-0.209,0.717,1.012,-0.346,0.0,0.0,0.0
103.26994919776917,1.729,-0.164,1.157,0.948,-0.249,0.0,0.0,0.0
103.27993702888489,1.521,-0.22,1.025,1.132,-0.471,0.0,0.0,0.0
103.29002070426941,1.948,-0.191,0.899,1.084,-0.581,0.0,0.0,0.0
103.30001616477966,1.74,-0.219,0.632,0.619,-0.423,0.0,0.0,0.0
103.30978631973267,1.543,-0.219,0.685,0.955,-0.582,0.0,0.0,0.0
103.3200352191925,1.729,-0.261,1.126,1.02,-0.34,0.0,0.0,0.0
103.33104062080383,1.948,-0.278,0.427,0.98,-0.49,0.0,0.0,0.0
103.33980059623718,1.762,-0.31,0.608,1.074,-0.358,0.0,0.0,0.0
103.34996843338013,1.74,-0.319,0.71,0.592,-0.224,0.001,0.0,0.0
103.36023354530334,1.762,-0.307,0.908,0.826,-0.564,0.0,0.0,0.0
103.36996245384216,2.069,-0.248,0.427,1.09,-0.693,0.0,0.0,0.0
103.37982869148254,1.631,-0.289,0.481,0.771,-0.397,0.0,0.0,0.0
103.3905622959137,1.828,-0.26,0.692,0.808,-0.388,0.0,0.0,0.0
103.40070509910583,1.74,-0.183,0.418,1.051,-0.738,0.0,0.0,0.0
103.41021537780762,1.751,-0.241,0.668,1.144,-0.725,0.0,0.0,0.0
103.41986751556396,1.532,-0.187,0.592,1.095,-0.771,0.0,0.0,0.0
103.43014311790466,1.948,-0.246,0.714,0.957,-0.509,0.0,0.0,0.0
103.43982982635498,1.74,-0.255,0.697,1.14,-0.457,0.0,0.0,0.0
103.44979858398438,1.729,-0.211,0.89,0.924,-0.604,0.0,0.0,0.0
103.46060681343079,1.521,-0.198,0.93,0.755,-0.621,0.0,0.0,0.0
103.46996641159058,1.938,-0.065,0.801,1.05,-0.86,0.0,0.0,0.0
103.47993040084839,1.543,-0.282,0.777,0.68,-0.509,0.0,0.0,0.0
103.49045777320862,1.751,-0.154,0.792,0.91,-0.622,0.0,0.0,0.0
103.50090861320496,1.828,-0.146,0.833,1.052,-0.758,0.0,0.0,0.0
103.50992608070374,1.576,-0.122,0.806,1.132,-0.479,0.0,0.0,0.0
103.5199625492096,2.014,-0.261,1.012,1.026,-0.521,0.0,0.0,0.0
103.53063559532166,1.773,-0.245,0.838,1.086,-0.625,0.0,0.0,0.0
103.539963722229,1.74,-0.178,0.793,1.027,-0.641,0.0,0.0,0.0
103.54985737800598,1.51,-0.265,0.746,1.065,-0.462,0.0,0.0,0.0
103.56054973602295,1.938,-0.349,0.773,0.954,-0.36,0.0,0.0,0.0
103.56999897956848,1.762,-0.277,0.696,1.165,-0.865,0.0,0.0,0.0
103.5800187587738,1.729,-0.324,0.685,0.803,-0.59,0.001,0.0,0.0
103.58993911743164,1.51,-0.299,0.562,0.853,-0.472,0.0,0.0,0.0
103.60082745552063,1.729,-0.287,0.826,0.878,-0.493,0.0,0.0,0.0
103.61004900932312,1.762,-0.232,0.474,1.146,-0.608,0.0,0.0,0.0
103.62021207809448,1.784,-0.396,0.423,1.095,-0.522,0.0,0.0,0.0
103.63068675994873,2.025,-0.439,0.651,1.166,-0.677,0.0,0.0,0.0
103.63992071151733,1.598,-0.037,0.558,1.116,-0.507,0.0,0.0,0.0
103.64988160133362,1.806,-0.232,0.654,0.784,-0.488,0.0,0.0,0.0
103.66108727455139,1.97,-0.435,0.635,1.004,-0.49,0.0,0.0,0.0
103.67067885398865,1.532,-0.246,0.921,0.712,-0.399,0.0,0.0,0.0
103.67985272407532,1.74,-0.367,0.64,1.083,-0.748,0.0,0.0,0.0
103.69078993797302,1.948,-0.322,0.759,0.728,-0.393,0.0,0.0,0.0
103.69981956481934,1.729,-0.313,0.6,1.142,-0.642,0.0,0.0,0.0
103.70988440513611,1.532,-0.017,0.878,0.835,-0.51,0.0,0.0,0.0
103.71983575820923,1.773,-0.225,0.714,1.096,-0.283,0.0,0.0,0.0
103.73064661026001,1.817,-0.226,0.962,0.915,-0.584,0.0,0.0,0.0
103.74011850357056,1.729,-0.313,0.725,1.015,-0.613,0.0,0.0,0.0
103.75042605400085,1.74,-0.26,0.756,1.278,-0.855,0.0,0.0,0.0
103.76062226295471,1.521,-0.199,0.692,1.218,-0.919,0.0,0.0,0.0
103.77064681053162,1.916,-0.286,0.798,0.973,-0.48,0.0,0.0,0.0
103.78002381324768,1.499,-0.147,0.719,1.085,-0.679,0.0,0.0,0.0
103.78988003730774,1.707,-0.18,0.908,1.113,-0.554,0.0,0.0,0.0
103.80089473724365,1.729,-0.275,0.801,0.848,-0.561,0.0,0.0,0.0
103.80993318557739,1.784,-0.364,0.701,1.01,-0.647,0.0,0.0,0.0
103.82076168060303,1.74,-0.358,0.675,1.032,-0.41,0.0,0.0,0.0
103.83068633079529,1.707,-0.388,0.55,1.082,-0.83,0.0,0.0,0.0
103.83990359306335,1.74,-0.169,0.647,1.169,-0.717,0.0,0.0,0.0
103.84983015060425,1.718,-0.361,0.833,1.022,-0.411,0.0,0.0,0.0
103.8599636554718,1.718,-0.335,0.89,0.677,-0.689,0.0,0.0,0.0
103.8705644607544,1.916,-0.312,0.632,0.976,-0.468,0.0,0.0,0.0
103.87989926338196,1.51,-0.213,0.584,1.064,-0.874,0.0,0.0,0.0
103.89009928703308,1.707,-0.337,0.737,0.79,-0.299,0.0,0.0,0.0
103.90073895454407,1.477,-0.315,0.576,1.172,-0.527,0.0,0.0,0.0
103.91022157669067,1.938,-0.366,0.597,1.081,-0.706,0.0,0.0,0.0
103.91974115371704,1.762,-0.233,0.55,0.921,-0.801,0.0,0.0,0.0
103.930091381073,1.806,-0.232,1.011,0.889,-0.444,0.0,0.0,0.0
103.94009256362915,1.751,-0.228,0.395,0.971,-0.368,0.0,0.0,0.0
103.94985675811768,1.707,-0.282,0.794,0.851,-0.566,0.0,0.0,0.0
103.96046137809753,1.488,-0.215,1.224,0.682,-0.528,0.0,0.0,0.0
103.97101044654846,1.905,-0.167,0.615,1.046,-0.831,0.0,0.0,0.0
103.97983455657959,1.718,-0.352,0.712,1.123,-0.455,0.0,0.0,0.0
103.99000978469849,1.499,-0.184,0.717,0.791,-0.48,0.0,0.0,0.0
104.00088143348694,1.905,-0.194,0.605,1.102,-0.662,0.0,0.0,0.0
104.0107626914978,1.707,-0.153,0.754,1.015,-0.794,0.0,0.0,0.0
104.02069997787476,1.521,-0.279,0.688,0.959,-0.874,0.0,0.0,0.0
104.03074288368225,2.003,-0.201,0.707,1.116,-0.816,0.0,0.0,0.0
104.0401930809021,2.014,-0.165,0.66,1.117,-0.924,0.0,0.0,0.0
104.0498149394989,1.565,-0.145,0.65,1.038,-0.946,0.0,0.0,0.0
104.06037044525146,1.751,-0.092,0.979,0.817,-0.628,0.0,0.0,0.0
104.07019996643066,1.707,-0.199,0.611,1.116,-0.861,0.0,0.0,0.0
104.0799765586853,1.707,-0.287,0.544,1.138,-0.777,0.0,0.0,0.0
104.08987426757812,1.696,-0.191,0.821,0.813,-0.673,0.0,0.0,0.0
104.0998797416687,1.696,-0.261,0.704,0.882,-0.51,0.0,0.0,0.0
104.11036920547485,1.916,-0.264,0.531,0.916,-0.638,0.0,0.0,0.0
104.11976027488708,1.499,-0.267,0.526,1.232,-0.968,0.0,0.0,0.0
104.13003826141357,1.686,-0.292,0.822,0.827,-0.636,0.0,0.0,0.0
104.14017677307129,1.686,-0.339,0.482,0.876,-0.553,0.0,0.0,0.0
104.14978766441345,1.696,-0.291,0.568,1.013,-0.702,0.0,0.0,0.0
104.16000533103943,1.751,-0.296,0.725,0.723,-0.586,0.0,0.0,0.0
104.17080330848694,2.003,-0.329,0.65,1.154,-0.42,0.0,0.0,0.0
104.1798951625824,1.554,-0.374,0.564,1.148,-0.826,0.0,0.0,0.0
104.19004797935486,1.773,-0.168,0.775,0.913,-0.442,0.0,0.0,0.0
104.19996190071106,1.992,-0.332,0.665,1.133,-0.696,0.0,0.0,0.0
104.21049284934998,1.729,-0.178,0.938,0.999,-0.828,0.0,0.0,0.0
104.2202467918396,1.51,-0.141,0.637,1.062,-0.754,0.0,0.0,0.0
104.22995281219482,1.927,-0.323,0.512,1.037,-0.843,0.001,0.0,0.0
104.24099445343018,1.707,-0.233,0.694,0.902,-0.964,0.0,0.0,0.0
104.24982047080994,1.927,-0.249,0.685,1.042,-0.542,0.0,0.0,0.0
104.25987219810486,1.521,-0.182,0.58,0.795,-0.66,0.0,0.0,0.0
104.27022051811218,1.718,-0.222,0.967,1.005,-0.567,0.0,0.0,0.0
104.28113794326782,1.729,-0.175,0.642,0.869,-0.837,0.0,0.0,0.0
104.29001665115356,1.806,-0.28,1.014,0.752,-0.553,0.0,0.0,0.0
104.30034279823303,1.795,-0.275,0.485,0.661,-0.647,0.0,0.0,0.0
104.31102299690247,1.817,-0.082,0.602,1.026,-1.001,0.0,0.0,0.0
104.3197672367096,1.729,-0.318,0.561,0.73,-0.603,0.0,0.0,0.0
104.329758644104,1.817,-0.256,0.652,0.762,-0.575,0.0,0.0,0.0
104.33992719650269,1.959,-0.284,0.859,0.628,-0.458,0.0,0.0,0.0
104.34996151924133,1.521,-0.211,0.472,0.862,-0.617,0.0,0.0,0.0
104.3600025177002,1.729,-0.24,0.808,1.144,-0.668,0.0,0.0,0.0
104.37037491798401,1.707,-0.244,0.529,1.017,-0.44,0.0,0.0,0.0
104.38052439689636,1.707,-0.303,0.516,1.127,-0.852,0.0,0.0,0.0
104.38991165161133,1.74,-0.16,0.323,1.023,-0.755,0.0,0.0,0.0
104.39985775947571,1.74,-0.335,0.522,0.891,-0.466,0.0,0.0,0.0
104.41032433509827,2.025,-0.318,0.845,0.716,-0.569,0.0,0.0,0.0
104.41974472999573,1.598,-0.341,0.541,1.07,-0.977,0.0,0.0,0.0
104.4297308921814,1.806,-0.264,0.648,0.96,-0.4,0.0,0.0,0.0
104.4398877620697,2.014,-0.355,0.931,0.771,-0.558,0.0,0.0,0.0
104.45032286643982,1.696,-0.261,0.779,0.773,-0.68,0.0,0.0,0.0
104.45979690551758,1.729,-0.198,0.528,1.073,-0.828,0.0,0.0,0.0
104.47046542167664,1.751,-0.388,0.799,0.881,-0.647,0.0,0.0,0.0
104.47984957695007,1.718,-0.155,0.771,1.227,-0.785,0.0,0.0,0.0
104.48985934257507,1.927,-0.354,1.072,0.916,-0.738,0.0,0.0,0.0
104.5003514289856,1.521,-0.301,0.926,0.791,-0.61,0.0,0.0,0.0
104.50981593132019,1.981,-0.161,0.779,1.182,-0.93,0.0,0.0,0.0
104.52001094818115,1.773,-0.246,0.83,0.79,-0.598,0.0,0.0,0.0
104.52984833717346,1.85,-0.332,0.717,1.065,-0.841,0.0,0.0,0.0
104.53979682922363,1.839,-0.231,0.904,0.703,-0.633,0.0,0.0,0.0
104.55027747154236,1.828,-0.304,0.656,0.894,-0.747,0.0,0.0,0.0
104.56027579307556,2.036,-0.217,0.436,1.099,-0.865,0.0,0.0,0.0
104.57013034820557,1.85,-0.26,0.488,1.11,-0.886,0.0,0.0,0.0
104.57981252670288,2.058,-0.35,0.461,1.08,-0.983,0.0,0.0,0.0
104.59038662910461,1.85,-0.29,0.678,0.99,-0.705,0.0,0.0,0.0
104.60081458091736,1.927,-0.186,0.493,1.021,-0.992,0.0,0.0,0.0
104.61067938804626,1.631,-0.309,0.437,1.031,-0.862,0.0,0.0,0.0
104.62028217315674,1.784,-0.114,0.459,1.038,-0.95,0.009,0.0,0.0
104.6302797794342,1.97,-0.27,0.585,1.039,-0.92,0.0,0.0,0.0
104.63990545272827,1.587,-0.327,0.407,1.095,-0.895,0.0,0.0,0.0
104.64990234375,1.97,-0.288,0.516,0.784,-0.601,0.0,0.0,0.0
104.66026592254639,1.587,-0.314,0.73,0.682,-0.509,0.0,0.0,0.0
104.67073321342468,1.784,-0.29,0.308,1.035,-0.892,0.0,0.0,0.0
104.67985463142395,1.872,-0.354,0.484,1.042,-0.987,0.0,0.0,0.0
104.68998503684998,1.883,-0.269,0.574,0.761,-0.587,0.0,0.0,0.0
104.69994735717773,1.828,-0.224,0.899,1.001,-0.62,0.0,0.0,0.0
104.71027994155884,1.784,-0.224,0.623,0.958,-0.667,0.0,0.0,0.0
104.71978998184204,1.817,-0.157,0.447,1.097,-0.859,0.0,0.0,0.0
104.73051524162292,1.576,-0.278,0.77,0.783,-0.549,0.0,0.0,0.0
104.73986959457397,1.576,-0.153,0.574,1.142,-0.894,0.0,0.0,0.0
104.75044417381287,1.97,-0.284,0.772,0.772,-0.806,0.0,0.0,0.0
104.76002335548401,1.861,-0.186,0.56,1.103,-1.007,0.0,0.0,0.0
104.77021193504333,1.861,-0.188,0.573,0.924,-0.884,0.0,0.0,0.0
104.7807240486145,1.883,-0.326,0.549,1.044,-0.94,0.0,0.0,0.0
104.79004907608032,1.74,-0.185,0.559,1.075,-0.956,0.0,0.0,0.0
104.8002097606659,1.576,-0.31,0.69,0.9,-0.936,0.0,0.0,0.0
104.81080150604248,2.003,-0.234,0.536,1.083,-1.041,0.0,0.0,0.0
104.81981611251831,1.565,-0.231,0.511,1.065,-0.849,0.0,0.0,0.0
104.83046174049377,1.565,-0.267,0.872,0.79,-0.718,0.0,0.0,0.0
104.83995485305786,2.091,-0.12,0.484,1.06,-0.871,0.0,0.0,0.0
104.84976100921631,1.642,-0.194,0.439,0.84,-0.828,0.0,0.0,0.0
104.85976338386536,1.795,-0.311,0.762,0.915,-0.73,0.0,0.0,0.0
104.87058115005493,1.729,-0.172,0.712,0.968,-0.692,0.0,0.0,0.0
104.88002061843872,1.751,-0.221,0.374,1.012,-1.039,0.0,0.0,0.0
104.88984060287476,1.762,-0.225,0.476,0.704,-0.745,0.0,0.0,0.0
104.90024590492249,1.762,-0.155,0.383,1.061,-0.862,0.0,0.0,0.0
104.91022229194641,1.587,-0.202,0.491,1.032,-1.016,0.0,0.0,0.0
104.92023539543152,2.058,-0.111,0.375,1.061,-0.924,0.0,0.0,0.0
104.92990446090698,1.521,-0.16,0.381,0.926,-0.957,0.0,0.0,0.0
104.93980360031128,1.532,-0.318,0.459,0.798,-0.749,0.0,0.0,0.0
104.94986844062805,1.938,-0.29,0.882,0.704,-0.631,0.0,0.0,0.0
104.95995664596558,1.762,-0.242,0.763,0.696,-0.871,0.001,0.0,0.0
104.97017621994019,1.532,-0.211,0.46,0.638,-1.07,0.0,-0.001,0.001
104.98081088066101,1.938,-0.141,0.734,1.01,-1.097,0.001,0.0,0.0
104.99063849449158,1.521,-0.293,0.61,1.015,-1.044,0.0,0.0,0.0
105.00068020820618,1.762,-0.172,0.556,0.957,-1.119,0.0,0.0,0.0
105.01072716712952,2.025,-0.346,0.527,1.008,-0.861,0.0,-0.001,0.001
105.01983499526978,1.85,-0.186,0.546,1.103,-1.076,0.0,0.0,0.0
105.03019285202026,1.85,-0.329,0.613,0.856,-0.728,0.0,0.0,0.0
105.03991436958313,1.817,-0.267,0.465,1.129,-0.832,0.0,0.0,0.0
105.05023860931396,1.696,-0.255,0.606,0.84,-0.778,0.0,0.0,0.0
105.0598042011261,1.532,-0.243,0.547,1.101,-0.934,0.0,0.0,0.0
105.07058501243591,1.927,-0.388,0.92,0.78,-0.652,0.0,0.0,0.0
105.08139252662659,1.751,-0.309,0.422,1.117,-0.776,0.0,0.0,0.0
105.09093236923218,1.959,-0.419,0.852,0.726,-0.593,0.0,0.0,0.0
105.10069370269775,1.773,-0.496,0.482,1.192,-0.647,0.0,0.0,0.0
105.11013579368591,2.003,-0.311,0.356,1.155,-0.79,0.0,0.0,0.0
105.12006831169128,1.784,-0.293,0.51,0.849,-0.928,0.001,0.0,0.0
105.12988448143005,1.565,-0.281,0.396,0.861,-0.734,0.0,0.0,0.0
105.13968682289124,1.97,-0.28,0.471,0.942,-0.78,0.0,0.0,0.0
105.15004849433899,1.565,-0.204,0.702,0.722,-0.5,0.0,0.0,0.0
105.16029095649719,1.784,-0.213,0.356,0.957,-0.847,0.0,0.0,0.0
105.16997003555298,1.85,-0.19,0.32,0.942,-0.917,0.0,0.0,0.0
105.18023085594177,1.642,-0.19,0.663,0.999,-0.773,0.0,0.0,0.0
105.1901023387909,2.08,-0.081,0.084,1.032,-0.838,0.0,0.0,0.0
105.19981217384338,1.839,-0.168,0.348,0.726,-0.558,0.0,0.0,0.0
105.21000361442566,1.839,-0.208,0.542,0.71,-0.797,0.0,0.0,0.0
105.21989393234253,2.069,-0.152,0.334,0.928,-0.919,0.0,0.0,0.0
105.22983241081238,1.839,-0.161,0.776,0.928,-0.899,0.0,0.0,0.0
105.23971223831177,1.587,-0.154,0.678,0.677,-0.707,0.0,0.0,0.0
105.25096249580383,1.806,-0.191,0.842,0.661,-0.794,0.0,0.0,0.0
105.26029014587402,1.751,-0.138,0.535,0.695,-1.081,0.0,0.0,0.0
105.26984333992004,1.751,-0.073,0.567,1.06,-0.972,0.0,0.0,0.0
105.28054356575012,1.762,-0.203,0.628,0.85,-0.842,0.0,0.0,0.0
105.29038166999817,1.773,-0.128,0.457,0.983,-0.931,0.0,0.0,0.0
105.3003282546997,1.543,-0.265,0.398,1.056,-1.063,0.0,0.0,0.0
105.3098201751709,1.773,-0.258,0.331,1.02,-0.995,0.0,0.0,0.0
105.31998419761658,1.97,-0.203,0.683,0.688,-0.818,0.0,0.0,0.0
105.32993412017822,1.773,-0.289,0.695,0.925,-0.77,0.0,0.0,0.0
105.33967471122742,1.85,-0.332,0.532,0.985,-0.805,0.0,0.0,0.0
105.3506109714508,1.642,-0.339,0.775,0.692,-0.666,0.0,0.0,0.0
105.35994291305542,2.025,-0.227,0.311,0.955,-0.989,0.0,0.0,0.0
105.37004542350769,1.74,-0.338,0.399,0.855,-0.746,0.0,0.0,0.0
105.38023567199707,1.576,-0.393,0.576,0.95,-0.908,0.0,0.0,0.0
105.3902428150177,1.784,-0.255,0.309,0.919,-0.872,0.0,0.0,0.0
105.3999547958374,1.762,-0.355,0.336,1.035,-0.951,0.0,0.0,0.0
105.4098858833313,1.97,-0.336,0.66,0.749,-0.765,0.0,0.001,0.001
105.41988348960876,1.773,-0.251,0.663,0.784,-0.755,0.0,0.0,0.0
105.42977285385132,1.784,-0.277,0.557,1.048,-0.904,0.0,0.0,0.0
105.43972158432007,1.565,-0.315,0.571,0.894,-0.861,0.0,0.0,0.0
105.45140361785889,1.981,-0.297,0.443,0.82,-0.789,0.0,0.0,0.0
105.45981025695801,1.773,-0.294,0.748,0.719,-0.77,0.0,0.0,0.0
105.46985030174255,1.762,-0.163,0.602,0.745,-0.893,0.0,0.0,0.0
105.48096418380737,1.543,-0.24,0.559,0.859,-0.918,0.0,0.0,0.0
105.49008274078369,2.036,-0.208,0.549,0.983,-0.831,0.0,0.0,0.0
105.4999270439148,1.773,-0.234,0.498,0.802,-1.041,0.0,0.0,0.0
105.50979566574097,1.795,-0.233,0.45,0.844,-0.921,0.0,0.0,0.0
105.5205705165863,2.058,-0.258,0.413,0.895,-0.952,0.0,0.0,0.0
105.5298216342926,1.444,-0.134,0.314,0.953,-1.155,0.0,0.0,0.0
105.53971409797668,2.08,-0.231,0.502,0.765,-0.847,0.0,-0.001,0.001
105.55087685585022,1.861,-0.295,0.763,0.878,-0.882,0.0,0.0,0.0
105.56089806556702,1.806,-0.225,0.417,1.002,-1.162,0.0,0.0,0.0
105.57002711296082,1.817,-0.273,0.417,0.967,-0.698,0.0,0.0,0.0
105.57997798919678,1.795,-0.219,0.296,1.057,-1.002,0.0,0.0,0.0
105.59082674980164,2.047,-0.258,0.496,0.874,-0.953,0.0,0.0,0.0
105.60067081451416,1.598,-0.319,0.537,0.918,-1.066,0.0,0.0,0.0
105.610675573349,1.795,-0.358,0.314,0.945,-0.896,0.0,0.0,0.0
105.62072968482971,1.806,-0.383,0.416,1.103,-1.046,0.0,0.0,0.0
105.6308319568634,1.773,-0.238,0.448,0.981,-1.001,0.0,0.0,0.0
105.63973903656006,2.003,-0.306,0.228,0.995,-0.979,0.0,0.0,0.0
105.65012669563293,1.784,-0.336,0.712,0.718,-0.794,0.0,0.0,0.0
105.6601345539093,1.795,-0.319,0.344,0.881,-0.992,0.0,0.0,0.0
105.66975355148315,1.795,-0.278,0.239,0.943,-0.924,0.0,0.0,0.0
105.68019437789917,1.784,-0.342,0.395,0.719,-0.876,0.0,0.0,0.0
105.69084930419922,1.784,-0.242,0.403,0.749,-0.994,0.0,0.0,0.0
105.70017123222351,1.795,-0.273,0.368,0.928,-1.064,0.0,0.0,0.0
105.70994925498962,1.751,-0.251,0.315,0.77,-1.035,0.0,0.0,0.0
105.72064423561096,1.751,-0.198,0.347,0.951,-1.096,0.0,0.0,0.0
105.73014259338379,1.762,-0.171,0.323,0.901,-1.041,0.0,0.0,0.0
105.73980593681335,2.058,-0.223,0.367,0.702,-0.95,0.0,-0.001,0.001
105.7506639957428,1.861,-0.191,0.551,0.731,-0.784,0.0,0.0,0.0
105.75986075401306,1.85,-0.191,0.212,1.036,-1.199,0.0,0.0,0.0
105.770259141922,1.905,-0.201,0.678,0.832,-0.955,0.0,0.0,0.0
105.78000712394714,1.927,-0.195,0.421,0.987,-1.04,0.0,0.0,0.0
105.78996682167053,2.113,-0.168,0.357,0.848,-0.882,0.0,0.0,0.0
105.8007984161377,1.62,-0.118,0.611,0.761,-0.934,0.0,0.0,0.0
105.809743642807,2.124,-0.125,0.498,1.07,-1.054,0.0,0.0,0.0
105.82020878791809,1.883,-0.181,0.759,0.67,-0.862,0.0,0.0,0.0
105.8301031589508,1.707,-0.111,0.383,0.985,-1.093,0.0,0.0,0.0
105.83975481987,2.124,-0.231,0.452,0.913,-1.06,0.0,0.0,0.0
105.85030341148376,1.653,-0.176,0.316,1.107,-1.107,0.0,0.0,0.0
105.86060905456543,1.784,-0.242,0.442,1.016,-1.01,0.0,0.0,0.0
105.8698627948761,1.795,-0.293,0.414,0.983,-0.984,0.0,0.0,0.0
105.87995600700378,1.587,-0.256,0.392,0.729,-0.896,0.0,0.0,0.0
105.8907220363617,1.795,-0.266,0.37,0.72,-0.862,0.0,0.0,0.0
105.89987373352051,1.806,-0.306,0.322,0.916,-1.042,0.0,0.0,0.0
105.90992212295532,1.806,-0.254,0.359,0.743,-0.804,0.0,0.0,0.0
105.91980147361755,1.795,-0.363,0.241,0.693,-0.98,0.0,0.0,0.0
105.93102669715881,1.806,-0.298,0.457,0.665,-0.729,0.0,0.0,0.0
105.94057202339172,1.587,-0.304,0.392,1.008,-1.041,0.0,0.0,0.0
105.95003604888916,1.806,-0.222,0.251,0.977,-1.072,0.0,0.0,0.0
105.96072173118591,1.784,-0.15,0.376,0.726,-0.859,0.0,0.0,0.0
105.96989798545837,1.576,-0.149,0.131,0.923,-0.986,0.0,0.0,0.0
105.97979688644409,1.784,-0.188,0.403,0.742,-0.749,0.0,0.0,0.0
105.98990988731384,1.795,-0.216,0.643,0.604,-0.896,0.0,0.0,0.0
106.00047826766968,2.003,-0.182,0.678,0.847,-0.863,0.0,0.0,0.0
106.01023387908936,1.576,-0.125,0.059,0.943,-1.272,0.0,0.0,0.0
106.02023839950562,1.784,-0.096,0.309,0.907,-0.905,0.0,0.0,0.0
106.03038191795349,1.981,-0.251,0.423,1.026,-1.121,0.0,0.0,0.0
106.04004645347595,2.036,-0.148,0.468,0.915,-1.245,0.0,0.0,0.0
106.04991102218628,1.817,-0.131,0.446,0.914,-1.005,0.0,0.0,0.0
106.06003665924072,1.598,-0.19,0.618,0.694,-0.823,0.0,0.0,0.0
106.06989526748657,1.784,-0.102,0.603,0.719,-0.942,0.0,0.0,0.0
106.08074140548706,1.795,-0.237,0.661,0.836,-1.042,0.0,0.0,0.0
106.09096717834473,1.379,-0.24,0.543,0.915,-1.145,0.0,0.0,0.0
106.10089135169983,1.773,-0.331,0.437,0.784,-0.644,0.0,0.0,0.0
106.11030578613281,1.992,-0.39,0.446,0.967,-0.915,0.0,0.0,0.0
106.11973261833191,2.003,-0.366,0.375,0.865,-1.057,0.0,0.0,0.0
106.13012790679932,1.795,-0.262,0.355,0.857,-0.842,0.0,0.0,0.0
106.13994312286377,1.784,-0.35,0.372,0.932,-1.023,0.0,0.0,0.0
106.14976334571838,1.587,-0.25,0.633,0.999,-0.773,0.0,0.0,0.0
106.16033959388733,1.576,-0.376,0.623,0.86,-0.861,0.0,0.0,0.0
106.17039918899536,1.992,-0.268,0.235,1.025,-0.983,0.0,0.0,0.0
106.1807267665863,1.784,-0.315,0.422,0.955,-1.053,0.0,0.0,0.0
106.19077897071838,1.795,-0.36,0.389,1.011,-0.958,0.0,0.0,0.0
106.2008605003357,1.565,-0.276,0.31,0.883,-0.98,0.0,0.0,0.0
106.21000385284424,1.565,-0.299,0.232,0.92,-1.018,0.0,0.0,0.0
106.21978521347046,1.773,-0.226,0.249,0.709,-0.846,0.0,0.0,0.0
106.22997879981995,1.992,-0.228,0.431,0.713,-0.785,0.0,0.0,0.0
106.24087738990784,1.773,-0.317,0.451,0.757,-0.983,0.0,0.0,0.0
106.24981260299683,1.773,-0.057,0.365,1.005,-1.119,0.0,0.0,0.0
106.26028490066528,1.762,-0.18,0.53,0.779,-0.914,0.0,0.0,0.0
106.27029752731323,1.543,-0.043,0.272,0.926,-1.156,0.0,0.0,0.0
106.28071236610413,1.828,-0.184,0.279,0.962,-1.07,0.0,0.0,0.0
106.29057836532593,2.047,-0.091,0.333,0.932,-1.12,0.0,0.0,0.0
106.30072903633118,1.872,-0.146,0.147,0.835,-1.191,0.0,0.0,0.0
106.3108139038086,1.839,-0.14,0.29,0.968,-1.052,0.0,0.0,0.0
106.31980276107788,1.817,-0.177,0.475,0.912,-1.243,0.0,0.0,0.0
106.32989311218262,1.762,-0.15,0.415,0.857,-0.944,0.0,0.0,0.0
106.33985090255737,1.554,-0.175,0.217,0.752,-0.989,0.0,0.0,0.0
106.34995222091675,1.981,-0.266,0.685,0.561,-0.989,0.0,0.0,0.0
106.36039638519287,1.762,-0.278,0.587,0.816,-0.826,0.0,0.0,0.0
106.37041592597961,1.784,-0.175,0.296,0.997,-1.178,0.0,0.0,0.0
106.38037204742432,1.97,-0.269,0.449,0.988,-1.095,0.0,0.0,0.0
106.38991069793701,1.861,-0.272,0.449,0.864,-1.198,0.0,0.0,0.0
106.39986610412598,1.795,-0.249,0.572,0.797,-0.98,0.0,0.0,0.0
106.41067957878113,1.773,-0.367,0.654,0.807,-0.916,0.0,0.0,0.0
106.41987442970276,1.795,-0.273,0.354,0.861,-0.995,0.0,0.0,0.0
106.42993664741516,1.784,-0.362,0.403,0.787,-0.9,0.0,0.0,0.0
106.43988132476807,1.784,-0.357,0.505,0.843,-0.854,0.0,0.0,0.0
106.45001149177551,1.795,-0.188,0.61,0.725,-0.864,0.0,0.0,0.0
106.45990920066833,1.773,-0.252,0.61,0.834,-0.948,0.0,0.0,0.0
106.47030448913574,2.025,-0.216,0.246,0.736,-0.842,0.001,0.0,0.0
106.48013019561768,1.598,-0.227,0.254,0.949,-1.138,0.0,0.0,0.0
106.49091148376465,1.773,-0.334,0.167,0.821,-1.082,0.0,0.0,0.0
106.49997043609619,1.784,-0.303,0.143,0.899,-1.103,0.0,0.0,0.0
106.51012682914734,2.069,-0.197,0.412,0.771,-0.995,0.0,0.0,0.0
106.5199019908905,1.653,-0.192,-0.03,0.724,-1.066,0.0,0.0,0.0
106.53021550178528,1.861,-0.175,0.074,0.702,-0.813,0.0,0.0,0.0
106.53977012634277,1.85,-0.314,0.292,0.783,-1.158,0.0,0.0,0.0
106.55034470558167,1.609,-0.202,0.454,0.63,-1.043,0.0,0.0,0.0
106.55982780456543,2.058,-0.186,0.169,0.725,-1.159,0.0,0.0,0.0
106.56985521316528,1.784,-0.17,0.39,0.585,-1.002,0.0,0.0,0.0
106.5799994468689,1.576,-0.177,0.349,0.653,-0.828,0.0,0.0,0.0
106.59023022651672,1.773,-0.148,0.347,0.637,-0.999,0.0,0.0,0.0
106.60072755813599,1.554,-0.203,0.327,0.71,-1.223,0.0,0.0,0.0
106.61067771911621,1.751,-0.244,0.37,0.835,-1.124,0.0,0.0,0.0
106.62072587013245,1.74,-0.122,0.463,0.873,-1.09,0.0,0.0,0.0
106.63089728355408,1.773,-0.308,0.427,0.866,-1.063,0.0,0.0,0.0
106.63981580734253,1.981,-0.314,0.264,0.895,-1.145,0.0,0.0,0.0
106.64979219436646,1.62,-0.206,0.677,0.687,-0.873,0.0,0.0,0.0
106.66017961502075,1.828,-0.243,0.599,0.766,-0.879,0.0,0.0,0.0
106.66979503631592,1.74,-0.252,0.51,0.878,-1.073,0.0,0.0,0.0
106.68015003204346,1.773,-0.277,0.411,0.825,-0.882,0.0,0.0,0.0
106.69015121459961,1.554,-0.327,0.382,0.821,-1.041,0.0,0.0,0.0
106.70078921318054,1.948,-0.301,0.452,0.892,-0.93,0.0,0.0,0.0
106.71070885658264,1.729,-0.298,0.393,0.919,-1.015,0.0,0.0,0.0
106.7206482887268,1.992,-0.431,0.415,0.877,-1.047,0.0,0.0,0.0
106.73072218894958,1.62,-0.319,0.194,0.846,-1.157,0.0,0.0,0.0
106.73991322517395,1.806,-0.313,0.321,0.924,-0.991,0.0,0.0,0.0
106.74992609024048,1.773,-0.278,0.498,0.924,-0.889,0.0,0.0,0.0
106.76004433631897,1.97,-0.275,0.115,0.829,-0.937,0.001,-0.001,0.001
106.7700629234314,1.751,-0.181,0.258,0.784,-0.967,0.0,0.0,0.0
106.77982783317566,1.598,-0.164,0.284,0.642,-0.85,0.0,0.0,0.0
106.7903528213501,1.751,-0.154,0.387,0.727,-0.932,0.0,0.0,0.0
106.79997372627258,1.959,-0.095,0.072,0.833,-1.073,0.0,0.0,0.0
106.80995559692383,1.762,-0.104,0.356,0.638,-0.989,0.0,0.0,0.0
106.81971597671509,1.959,-0.182,0.468,0.68,-1.107,0.0,0.0,0.0
106.830815076828,1.576,-0.177,0.058,0.739,-0.95,0.0,0.0,0.0
106.83988928794861,1.784,-0.134,0.288,0.769,-1.064,0.0,0.0,0.0
106.84977984428406,1.806,-0.177,0.184,0.695,-0.995,0.0,0.0,0.0
106.85997796058655,1.773,-0.172,0.141,0.688,-0.98,0.0,0.0,0.0
106.87062907218933,1.762,-0.2,0.075,0.666,-1.07,0.0,0.0,0.0
106.88062739372253,1.795,-0.23,0.068,0.754,-1.154,0.0,0.0,0.0
106.88991069793701,1.784,-0.098,0.178,0.823,-1.142,0.0,0.0,0.0
106.90001726150513,1.795,-0.222,0.25,0.575,-0.868,0.0,0.0,0.0
106.90989875793457,1.806,-0.174,0.49,0.582,-0.947,0.0,0.0,0.0
106.91974997520447,1.762,-0.245,0.514,0.797,-1.035,0.0,0.0,0.0
106.92981314659119,1.762,-0.233,0.677,0.761,-0.842,0.0,0.0,0.0
106.93989396095276,1.97,-0.207,0.329,0.538,-0.866,0.0,0.0,0.0
106.94974541664124,1.554,-0.294,0.457,0.763,-0.946,0.0,0.0,0.0
106.9599084854126,1.817,-0.34,0.603,0.575,-0.919,0.0,0.0,0.0
106.97184038162231,1.565,-0.258,0.371,0.772,-0.931,0.0,0.0,0.0
106.9806261062622,1.948,-0.327,0.471,0.775,-0.93,0.0,0.0,0.0
106.99066114425659,1.762,-0.278,0.32,0.9,-1.13,0.0,0.0,0.0
107.00063943862915,1.762,-0.386,0.404,0.849,-1.066,0.0,0.0,0.0
107.01059246063232,1.773,-0.212,0.336,0.773,-1.069,0.0,0.0,0.0
107.02020740509033,1.609,-0.225,0.466,0.845,-1.127,0.0,0.0,0.0
107.02984142303467,1.948,-0.244,0.312,0.729,-1.172,0.0,0.0,0.0
107.04029655456543,1.565,-0.216,0.525,0.64,-0.994,0.0,0.0,0.0
107.04985523223877,1.916,-0.215,0.141,0.731,-1.131,0.0,0.0,0.0
107.06004023551941,1.839,-0.113,0.347,0.749,-0.929,0.0,0.0,0.0
107.07048916816711,1.784,-0.065,0.286,0.646,-1.028,0.0,0.0,0.0
107.08087682723999,1.773,-0.093,0.448,0.815,-1.073,0.0,0.0,0.0
107.09083867073059,1.762,-0.207,0.148,0.804,-1.142,0.0,0.0,0.0
107.1006247997284,1.806,-0.207,0.293,0.745,-0.969,0.0,0.0,0.0
107.11022877693176,1.74,-0.088,0.146,0.69,-1.123,0.0,0.0,0.0
107.11989116668701,1.762,-0.138,0.185,0.653,-1.164,0.0,0.0,0.0
107.1307258605957,1.773,-0.226,0.072,0.494,-1.041,0.0,0.0,0.0
107.1403398513794,1.828,-0.229,0.247,0.772,-1.099,0.0,0.0,0.0
107.15001916885376,1.751,-0.186,0.143,0.691,-1.266,0.0,0.0,0.0
107.1610176563263,1.543,-0.138,0.228,0.744,-1.087,0.0,0.0,0.0
107.17069745063782,1.762,-0.244,0.311,0.671,-0.898,0.0,0.0,0.0
107.18117904663086,1.773,-0.269,0.232,0.782,-1.168,0.0,0.0,0.0
107.19069528579712,1.817,-0.293,0.321,0.582,-1.065,0.0,0.0,0.0
107.20084381103516,1.74,-0.218,0.4,0.75,-1.164,0.0,0.0,0.0
107.21041011810303,1.74,-0.275,0.376,0.773,-0.972,0.0,0.0,0.0
107.22064805030823,1.806,-0.18,0.378,0.767,-0.971,0.0,0.0,0.0
107.23019576072693,1.74,-0.233,0.215,0.739,-1.067,0.0,0.0,0.0
107.24008750915527,1.948,-0.259,0.29,0.715,-1.11,0.0,0.0,0.0
107.25059819221497,1.762,-0.204,0.178,0.839,-0.958,0.0,0.0,0.0
107.2597713470459,1.817,-0.273,0.356,0.793,-1.16,0.0,0.0,0.0
107.27022624015808,1.74,-0.278,0.408,0.71,-0.917,0.0,0.0,0.0
107.28031158447266,1.543,-0.086,0.176,0.714,-1.094,0.0,0.0,0.0
107.29044938087463,1.916,-0.206,0.092,0.769,-1.105,0.0,0.0,0.0
107.30007696151733,1.598,-0.242,0.142,0.838,-1.157,0.0,0.0,0.0
107.31063771247864,1.729,-0.301,0.283,0.703,-1.159,0.0,0.0,0.0
107.32080578804016,1.521,-0.239,0.449,0.75,-1.066,0.0,0.0,0.0
107.32980489730835,1.883,-0.182,0.276,0.831,-1.149,0.0,0.0,0.0
107.34011888504028,1.795,-0.115,0.38,0.648,-0.977,0.0,0.0,0.0
107.34988784790039,1.729,-0.158,0.294,0.644,-1.093,0.0,0.0,0.0
107.35983443260193,1.751,-0.226,0.415,0.637,-1.083,0.0,0.0,0.0
107.36999750137329,1.784,-0.168,0.537,0.647,-0.992,0.0,0.0,0.0
107.38007879257202,1.948,-0.156,0.486,0.663,-1.056,0.0,0.0,0.0
107.38986206054688,1.729,-0.18,0.292,0.663,-1.144,0.0,0.0,0.0
107.39983415603638,1.576,-0.147,0.304,0.701,-1.124,0.0,0.0,0.0
107.41011643409729,1.948,-0.154,0.402,0.66,-1.053,0.0,0.0,0.0
107.42061495780945,1.927,-0.18,0.17,0.702,-1.141,0.0,0.0,0.0
107.42977094650269,1.828,-0.111,0.205,0.794,-1.085,0.0,0.0,0.0
107.44001770019531,1.773,-0.223,0.303,0.68,-1.059,0.0,0.0,0.0
107.45074248313904,1.751,-0.239,0.186,0.787,-1.105,0.0,0.0,0.0
107.45972776412964,1.817,-0.232,0.386,0.797,-1.192,0.0,0.0,0.0
107.47011518478394,1.532,-0.209,0.437,0.669,-0.99,0.0,0.0,0.0
107.4813506603241,1.97,-0.212,0.213,0.711,-1.179,0.0,0.0,0.0
107.49027895927429,1.751,-0.225,0.726,0.635,-0.956,0.0,0.0,0.0
107.49977898597717,1.806,-0.206,0.192,0.79,-1.208,0.0,0.0,0.0
107.51027202606201,1.74,-0.271,0.372,0.669,-0.976,0.0,0.0,0.0
107.52031588554382,1.751,-0.208,0.526,0.682,-1.023,0.0,0.0,0.0
107.52977633476257,1.817,-0.134,0.189,0.744,-1.074,0.0,0.0,0.0
107.54041767120361,1.751,-0.219,0.131,0.693,-0.961,0.0,0.0,0.0
107.55052661895752,1.74,-0.242,0.149,0.754,-1.085,0.0,0.0,0.0
107.56027436256409,2.025,-0.142,0.316,0.651,-1.076,0.0,0.0,0.0
107.56977796554565,1.554,-0.206,0.206,0.616,-1.155,0.001,0.0,0.0
107.58043026924133,2.003,-0.16,0.208,0.592,-0.977,0.0,0.0,0.0
107.58993172645569,1.773,-0.14,0.21,0.605,-1.142,0.0,0.0,0.0
107.6001889705658,1.554,-0.184,0.325,0.573,-1.001,0.0,0.0,0.0
107.61021542549133,2.036,-0.19,0.095,0.6,-1.27,0.0,0.0,0.0
107.61993074417114,1.992,-0.161,0.118,0.634,-1.153,0.0,-0.001,0.001
107.62989521026611,1.554,-0.224,0.359,0.612,-0.941,0.0,0.0,0.0
107.639723777771,1.784,-0.191,0.292,0.557,-1.022,0.002,0.0,0.0
107.65051698684692,1.762,-0.154,0.335,0.592,-0.959,0.0,0.0,0.0
107.6597728729248,1.773,-0.136,0.069,0.72,-1.151,0.0,0.0,0.0
107.66996812820435,1.839,-0.144,0.467,0.531,-0.976,0.0,0.0,0.0
107.68013906478882,1.773,-0.218,0.488,0.701,-1.047,0.0,0.0,0.0
107.68996548652649,1.773,-0.206,0.346,0.635,-1.053,0.0,0.0,0.0
107.6997754573822,1.631,-0.22,0.146,0.598,-1.039,0.0,0.0,0.0
107.71014094352722,1.74,-0.199,0.108,0.57,-0.898,0.0,0.0,0.0
107.72078609466553,1.773,-0.231,0.045,0.699,-1.137,0.0,0.0,0.0
107.72969174385071,2.014,-0.264,0.242,0.738,-1.104,0.0,0.0,0.0
107.7397952079773,1.565,-0.228,0.337,0.659,-0.871,0.0,0.0,0.0
107.75006580352783,2.003,-0.233,0.374,0.632,-0.894,0.0,0.0,0.0
107.76042079925537,1.576,-0.205,0.298,0.664,-0.943,0.0,0.0,0.0
107.76987361907959,1.948,-0.204,0.403,0.753,-1.067,0.0,0.0,0.0
107.78079032897949,1.773,-0.17,0.197,0.722,-0.931,0.0,0.0,0.0
107.79096055030823,1.565,-0.157,0.283,0.726,-1.092,0.0,0.0,0.0
107.80070948600769,2.047,-0.221,0.335,0.682,-1.113,0.0,0.0,0.0
107.81072950363159,1.784,-0.21,0.315,0.73,-1.188,0.0,0.0,0.0
107.82085657119751,2.025,-0.203,0.357,0.746,-1.054,0.0,0.0,0.0
107.83074021339417,1.598,-0.165,0.347,0.715,-0.945,0.0,0.0,0.0
107.8397159576416,1.784,-0.191,0.289,0.713,-1.093,0.0,0.0,0.0
107.85014772415161,1.784,-0.192,0.422,0.595,-0.986,0.0,0.0,0.0
107.85995388031006,1.576,-0.157,0.259,0.695,-1.036,0.0,0.0,0.0
107.86996459960938,1.773,-0.219,0.342,0.565,-0.899,0.001,0.0,0.0
107.88059568405151,1.784,-0.22,0.453,0.574,-0.866,0.0,0.0,0.0
107.890695810318,1.554,-0.232,0.304,0.622,-0.983,0.0,0.0,0.0
107.90073370933533,1.565,-0.248,0.367,0.664,-1.071,0.0,0.0,0.0
107.91073298454285,1.784,-0.214,0.326,0.64,-1.095,0.0,0.0,0.0
107.92083501815796,1.959,-0.217,0.306,0.647,-1.047,0.0,0.0,0.0
107.93070840835571,1.795,-0.254,0.299,0.666,-1.019,0.0,0.0,0.0
107.93965744972229,1.74,-0.22,0.343,0.65,-1.022,0.0,0.0,0.0
107.9505250453949,2.025,-0.183,0.254,0.619,-0.947,0.0,0.0,0.0
107.96040749549866,1.773,-0.276,0.31,0.657,-1.017,0.0,0.0,0.0
107.9701316356659,1.784,-0.17,0.387,0.665,-1.104,0.0,0.0,0.0
107.98014521598816,1.565,-0.206,0.379,0.656,-1.102,0.0,0.0,0.0
107.9907341003418,1.751,-0.193,0.351,0.685,-1.075,0.0,0.0,0.0
107.99990677833557,1.751,-0.212,0.342,0.697,-1.08,0.0,0.0,0.0
108.00994062423706,1.74,-0.213,0.317,0.682,-1.01,0.0,0.0,0.0
108.01988053321838,1.981,-0.206,0.46,0.639,-0.995,0.0,0.0,0.0
108.03024435043335,1.565,-0.216,0.494,0.656,-0.886,0.0,0.0,0.0
108.03973722457886,1.773,-0.203,0.368,0.714,-1.062,0.0,0.0,0.0
108.05065417289734,1.751,-0.217,0.357,0.602,-0.905,0.0,0.0,0.0
108.0604338645935,1.499,-0.265,0.274,0.659,-1.035,0.0,0.0,0.0
108.06975650787354,1.751,-0.208,0.203,0.643,-1.075,0.0,0.0,0.0
108.08046317100525,1.729,-0.229,0.369,0.621,-0.961,0.0,0.0,0.0
108.09017300605774,1.576,-0.169,0.166,0.634,-1.05,0.0,0.0,0.0
108.09986209869385,1.718,-0.233,0.286,0.57,-0.988,0.0,-0.001,0.001
108.11011815071106,1.773,-0.224,0.274,0.567,-0.889,0.0,0.0,0.0
108.11980509757996,1.74,-0.144,0.247,0.59,-1.031,0.0,0.0,0.0
108.13018608093262,1.762,-0.186,0.234,0.547,-0.993,0.0,0.0,0.0
108.13972687721252,1.74,-0.199,0.248,0.595,-1.08,0.0,0.0,0.0
108.15015506744385,1.938,-0.213,0.283,0.536,-1.02,0.0,0.0,0.0
108.1598870754242,1.751,-0.168,0.196,0.572,-1.091,0.0,0.0,0.0
108.16989874839783,1.74,-0.151,0.336,0.527,-1.13,0.001,0.0,0.0
108.17978382110596,1.981,-0.184,0.333,0.553,-1.045,0.0,0.0,0.0
108.19011163711548,1.751,-0.192,0.371,0.513,-1.043,0.0,0.0,0.0
108.20009112358093,1.543,-0.17,0.346,0.55,-1.067,0.0,0.0,0.0
108.20978450775146,1.927,-0.16,0.337,0.581,-1.019,0.0,0.0,0.0
108.2200882434845,1.751,-0.189,0.384,0.545,-1.035,0.0,0.0,0.0
108.2306227684021,1.981,-0.152,0.357,0.551,-1.003,0.0,0.0,0.0
108.23992204666138,1.554,-0.193,0.348,0.555,-1.057,0.0,0.0,0.0
108.25002765655518,1.762,-0.166,0.241,0.554,-1.03,0.0,0.0,0.0
108.25995635986328,1.751,-0.193,0.21,0.537,-0.978,0.0,0.0,0.0
108.2705283164978,1.751,-0.171,0.277,0.518,-0.955,0.0,0.0,0.0
108.27981686592102,1.762,-0.154,0.285,0.542,-0.97,0.0,0.0,0.0
108.29046273231506,1.959,-0.155,0.184,0.537,-1.04,0.0,0.0,0.0
108.29996633529663,1.565,-0.163,0.256,0.559,-1.053,0.0,0.0,0.0
108.30981993675232,1.729,-0.193,0.287,0.55,-0.945,0.0,0.0,0.0
108.31985449790955,1.554,-0.193,0.24,0.537,-0.964,0.0,-0.001,0.001
108.32979607582092,1.718,-0.188,0.305,0.55,-0.959,0.0,0.0,0.0
108.34054017066956,1.729,-0.225,0.413,0.547,-0.989,0.0,0.0,0.0
108.35045337677002,1.51,-0.16,0.255,0.555,-1.055,0.0,0.0,0.0
108.35975384712219,1.916,-0.165,0.264,0.559,-1.098,0.0,0.0,0.0
108.37029886245728,1.466,-0.179,0.332,0.506,-0.919,0.0,0.0,0.0
108.38060140609741,1.718,-0.149,0.344,0.562,-1.035,0.0,0.0,0.0
108.39029216766357,1.718,-0.169,0.362,0.549,-1.047,0.0,0.0,0.0
108.40071988105774,1.51,-0.205,0.313,0.535,-1.071,0.0,0.0,0.0
108.4099988937378,1.916,-0.2,0.257,0.54,-1.077,0.0,0.0,0.0
108.42084860801697,1.718,-0.187,0.335,0.53,-0.964,0.0,0.0,0.0
108.43024373054504,1.729,-0.161,0.347,0.522,-1.083,0.0,0.0,0.0
108.43987202644348,1.916,-0.194,0.3,0.517,-1.052,0.0,0.0,0.0
108.45036768913269,1.959,-0.148,0.384,0.517,-0.974,0.001,0.0,0.0
108.45969700813293,1.729,-0.157,0.315,0.529,-1.006,0.0,0.0,0.0
108.46989464759827,1.729,-0.172,0.443,0.526,-0.947,0.0,0.0,0.0
108.47989225387573,1.948,-0.183,0.358,0.516,-1.038,0.0,0.0,0.0
108.49095726013184,1.532,-0.195,0.441,0.496,-1.002,0.0,0.0,0.0
108.50034618377686,1.948,-0.244,0.39,0.503,-1.088,0.0,0.0,0.0
108.5105972290039,1.74,-0.176,0.374,0.488,-1.075,0.0,0.0,0.0
108.52088189125061,1.981,-0.151,0.399,0.484,-1.097,0.0,0.0,0.0
108.5307068824768,1.762,-0.199,0.356,0.479,-1.096,0.0,0.0,0.0
108.54067635536194,1.992,-0.183,0.338,0.468,-1.086,0.0,0.0,0.0
108.54997634887695,1.576,-0.206,0.338,0.448,-1.048,0.0,0.0,0.0
108.56025123596191,1.773,-0.197,0.41,0.44,-0.928,0.0,0.0,0.0
108.56998777389526,1.762,-0.161,0.331,0.42,-1.014,0.0,0.0,0.0
108.57997393608093,1.74,-0.187,0.423,0.412,-0.96,0.0,0.0,0.0
108.59049487113953,1.751,-0.178,0.407,0.395,-0.966,0.0,0.0,0.0
108.59979128837585,1.773,-0.148,0.366,0.349,-0.992,0.0,0.0,0.0
108.60993838310242,1.751,-0.18,0.449,0.351,-0.951,0.0,0.0,0.0
108.6198480129242,1.543,-0.156,0.354,0.299,-0.937,0.0,0.0,0.0
108.62984275817871,1.707,-0.162,0.45,0.272,-0.936,0.001,0.0,0.0
108.6397774219513,1.762,-0.169,0.44,0.268,-0.95,0.0,0.0,0.0
108.65031456947327,1.532,-0.17,0.357,0.235,-0.951,0.0,0.0,0.0
108.66016864776611,1.521,-0.2,0.384,0.268,-1.03,0.0,0.0,0.0
108.66979622840881,1.938,-0.17,0.375,0.263,-1.014,0.0,0.0,0.0
108.68012881278992,1.499,-0.163,0.449,0.159,-0.961,0.0,0.0,0.0
108.69048523902893,1.729,-0.168,0.405,0.188,-0.982,0.0,0.0,0.0
108.70047545433044,1.762,-0.15,0.415,0.124,-1.013,0.0,0.0,0.0
108.70990228652954,1.729,-0.146,0.388,0.086,-1.015,0.0,0.0,0.0
108.72041940689087,1.729,-0.136,0.412,0.095,-0.957,0.0,0.0,0.0
108.72996473312378,1.51,-0.118,0.414,0.031,-1.004,0.0,0.0,0.0
108.73989129066467,1.927,-0.156,0.469,0.096,-1.033,0.0,0.0,0.0
108.75001335144043,1.729,-0.139,0.423,0.078,-1.01,0.0,0.002,0.002
108.76071190834045,1.51,-0.166,0.455,0.045,-1.028,0.001,0.0,0.0
108.76982355117798,1.718,-0.184,0.421,-0.015,-1.067,0.0,0.0,0.0
108.78038620948792,1.718,-0.139,0.454,0.062,-0.999,0.0,0.0,0.0
108.79072690010071,1.916,-0.13,0.409,0.058,-1.088,0.0,0.0,0.0
108.79982614517212,1.707,-0.13,0.402,0.033,-1.066,0.0,0.0,0.0
108.81029009819031,1.938,-0.175,0.463,0.059,-1.004,0.0,0.0,0.0
108.81964135169983,1.74,-0.118,0.406,0.003,-1.046,0.0,0.0,0.0
108.83062672615051,1.751,-0.141,0.461,0.161,-0.984,0.0,0.0,0.0
108.83989310264587,1.74,-0.154,0.414,0.05,-1.046,0.0,0.0,0.0
108.84996438026428,1.959,-0.145,0.43,0.028,-1.007,0.0,0.0,0.0
108.86018085479736,1.74,-0.143,0.431,0.045,-0.998,0.0,0.0,0.0
108.87036633491516,1.938,-0.14,0.443,0.082,-0.99,0.0,0.0,0.0
108.87978768348694,1.773,-0.153,0.437,0.059,-1.017,0.0,0.0,0.0
108.8899495601654,1.751,-0.106,0.476,0.088,-0.954,0.0,0.0,0.0
108.89986944198608,1.554,-0.232,0.449,0.1,-0.987,0.0,0.0,0.0
108.91009593009949,1.948,-0.126,0.441,0.135,-0.991,0.0,0.0,0.0
108.91971182823181,1.762,-0.133,0.459,0.036,-1.015,0.0,0.0,0.0
108.93033599853516,1.959,-0.168,0.477,0.068,-0.971,0.0,0.0,0.0
108.94050240516663,1.784,-0.141,0.452,0.01,-1.061,0.0,0.0,0.0
108.94983720779419,1.751,-0.165,0.466,0.042,-1.054,0.0,0.0,0.0
108.96101403236389,1.554,-0.177,0.448,0.022,-1.001,0.001,0.0,0.0
108.97019386291504,1.981,-0.179,0.475,0.014,-1.02,0.0,0.0,0.0
108.97988533973694,1.762,-0.177,0.488,0.016,-1.021,0.0,0.0,0.0
108.98987054824829,1.784,-0.149,0.459,-0.028,-1.013,0.0,0.0,0.0
109.00091409683228,1.554,-0.166,0.481,0.028,-1.006,0.0,0.0,0.0
109.0106987953186,1.97,-0.13,0.482,0.018,-1.02,0.0,0.0,0.0
109.02064800262451,1.773,-0.182,0.467,0.004,-1.029,0.0,0.0,0.0
109.03107190132141,1.773,-0.139,0.458,-0.046,-1.017,0.0,0.0,0.0
109.03975486755371,1.587,-0.127,0.463,0.052,-0.993,0.0,0.0,0.0
109.04984259605408,1.751,-0.125,0.468,0.039,-0.989,0.0,0.0,0.0
109.06031799316406,1.74,-0.112,0.477,0.049,-0.999,0.0,0.0,0.0
109.0702075958252,1.543,-0.156,0.468,-0.022,-1.004,0.0,0.0,0.0
109.08013558387756,1.762,-0.14,0.486,-0.017,-1.008,0.0,0.0,0.0
109.09062433242798,1.74,-0.175,0.486,0.036,-0.996,0.0,0.0,0.0
109.10015773773193,1.51,-0.108,0.486,0.046,-1.01,0.001,0.0,0.0
109.11005640029907,1.959,-0.152,0.513,0.034,-0.995,0.0,0.0,0.0
109.11984324455261,1.499,-0.135,0.482,0.015,-0.998,0.0,0.0,0.0
109.13015007972717,1.751,-0.132,0.509,0.091,-0.99,0.0,0.0,0.0
109.13997149467468,1.696,-0.122,0.501,0.028,-0.995,0.0,0.0,0.0
109.14972400665283,1.532,-0.127,0.517,0.081,-0.981,0.0,0.0,0.0
109.16016459465027,1.718,-0.129,0.53,0.127,-0.977,0.0,0.0,0.0
109.17107629776001,1.718,-0.119,0.572,0.01,-0.998,0.0,0.0,0.0
109.17986869812012,1.313,-0.127,0.573,0.097,-0.993,0.0,0.0,0.0
109.18990731239319,1.894,-0.124,0.617,0.097,-0.977,0.0,0.0,0.0
109.20016551017761,1.488,-0.126,0.621,0.081,-0.974,0.0,0.0,0.0
109.21037602424622,1.696,-0.117,0.666,0.018,-0.969,0.0,0.0,0.0
109.21979117393494,1.696,-0.114,0.709,-0.086,-0.966,0.0,0.0,0.0
109.22982001304626,1.686,-0.083,0.672,0.043,-0.963,0.0,0.0,0.0
109.2400233745575,1.707,-0.083,0.722,0.037,-0.961,0.0,0.0,0.0
109.2497456073761,1.466,-0.077,0.736,0.027,-0.963,0.001,0.0,0.0
109.26014256477356,1.686,-0.066,0.727,0.183,-0.966,0.0,0.0,0.0
109.27130389213562,1.686,-0.032,0.774,-0.006,-0.971,0.0,0.0,0.0
109.28001666069031,1.675,-0.004,0.766,0.143,-0.964,0.0,0.0,0.0
109.28989696502686,1.455,-0.008,0.814,0.076,-0.952,0.0,0.0,0.0
109.30006790161133,1.883,0.012,0.789,0.049,-0.952,0.0,0.0,0.0
109.30995774269104,1.664,0.023,0.795,0.115,-0.947,0.0,0.0,0.0
109.31982517242432,1.664,0.05,0.789,0.189,-0.947,0.0,0.0,0.0
109.3298909664154,1.653,0.042,0.759,0.099,-0.945,0.0,0.0,0.0
109.34019160270691,1.653,0.035,0.758,0.138,-0.914,0.0,0.0,0.0
109.34981346130371,1.675,0.051,0.805,0.029,-0.911,0.0,0.0,0.0
109.35988879203796,1.664,0.071,0.746,0.103,-0.919,0.0,0.0,0.0
109.37076950073242,1.642,0.088,0.809,0.09,-0.916,0.0,0.0,0.0
109.38072109222412,1.675,0.068,0.801,-0.05,-0.904,0.0,0.0,0.0
109.38981676101685,1.653,0.089,0.799,0.082,-0.906,0.0,0.0,0.0
109.40096163749695,1.653,0.107,0.77,0.117,-0.901,0.0,0.0,0.0
109.4107813835144,1.631,0.12,0.791,-0.02,-0.873,0.0,0.0,0.0
109.42102670669556,1.653,0.13,0.775,0.094,-0.87,0.0,0.0,0.0
109.42982339859009,1.642,0.133,0.744,0.068,-0.857,0.0,0.0,0.0
109.44006943702698,1.631,0.123,0.73,0.069,-0.842,0.0,0.0,0.0
109.44978761672974,1.653,0.118,0.817,0.099,-0.827,0.0,0.0,0.0
109.46015310287476,1.631,0.127,0.821,0.095,-0.804,0.0,0.0,0.0
109.47088479995728,1.631,0.123,0.813,-0.01,-0.768,-0.008,0.0,0.0
109.48023676872253,1.631,0.142,0.821,-0.021,-0.714,0.0,0.0,0.0
109.48988842964172,1.631,0.117,0.848,0.025,-0.69,0.0,0.0,0.0
109.50078916549683,1.631,0.13,0.854,0.085,-0.686,0.0,0.0,0.0
109.51042580604553,1.631,0.129,0.805,0.059,-0.614,0.0,0.0,0.0
109.51988554000854,1.412,0.116,0.861,-0.051,-0.613,0.0,0.0,0.0
109.52973747253418,1.62,0.127,0.829,0.155,-0.655,0.0,-0.001,-0.001
109.54013681411743,1.62,0.132,0.734,0.114,-0.631,0.0,0.0,0.0
109.55069613456726,1.62,0.104,0.836,0.099,-0.592,0.0,0.0,0.0
109.5597779750824,1.39,0.122,0.91,-0.008,-0.556,0.0,0.0,0.0
109.57032704353333,1.598,0.121,0.859,0.066,-0.621,0.0,0.0,0.0
109.58002471923828,1.576,0.113,0.955,0.044,-0.517,0.0,0.0,0.0
109.59001326560974,1.379,0.108,0.767,0.054,-0.558,0.0,0.0,0.0
109.60001373291016,1.576,0.123,0.79,0.006,-0.545,0.0,0.0,0.0
109.61011958122253,1.357,0.14,0.814,0.011,-0.552,-0.007,0.0,0.0
109.62047719955444,1.565,0.115,0.92,-0.057,-0.55,0.0,0.0,0.0
109.62978267669678,1.335,0.108,0.836,-0.039,-0.53,0.0,0.0,0.0
109.6407117843628,1.532,0.13,0.752,0.06,-0.567,0.0,0.0,0.0
109.65063118934631,1.313,0.143,0.824,0.008,-0.528,-0.001,0.0,0.0
109.65986680984497,1.532,0.128,0.762,-0.045,-0.509,0.0,0.0,0.0
109.67049431800842,1.302,0.139,0.707,0.089,-0.544,0.0,0.0,0.0
109.6808853149414,1.28,0.13,0.861,-0.065,-0.497,0.0,0.0,0.0
109.69014525413513,1.455,0.173,0.816,0.138,-0.498,0.0,0.0,0.0
109.69986200332642,1.247,0.166,0.839,-0.015,-0.553,0.0,0.0,0.0
109.71029376983643,1.236,0.161,0.824,0.186,-0.495,0.0,0.0,0.0
109.71983575820923,1.225,0.171,0.914,-0.025,-0.543,0.0,0.0,0.0
109.72993230819702,1.423,0.162,0.796,0.184,-0.668,0.0,0.0,0.0
109.74066948890686,1.192,0.153,0.793,0.094,-0.547,0.0,0.0,0.0
109.7502236366272,1.181,0.174,0.866,0.003,-0.493,0.0,0.0,0.0
109.7599229812622,1.16,0.154,0.926,0.055,-0.522,0.0,0.0,0.0
109.77035999298096,1.346,0.162,0.911,-0.123,-0.552,0.0,0.0,0.0
109.7798478603363,1.127,0.125,0.915,0.004,-0.482,0.0,0.0,0.0
109.78983855247498,1.127,0.133,0.879,0.095,-0.549,0.0,0.0,0.0
109.8001925945282,1.105,0.179,0.79,0.074,-0.553,0.0,0.0,0.0
109.81040239334106,1.083,0.149,0.873,0.067,-0.466,0.0,0.0,0.0
109.82026958465576,1.05,0.116,0.887,-0.023,-0.465,-0.008,0.0,0.0
109.82991909980774,1.028,0.144,0.839,-0.192,-0.452,0.0,0.0,0.0
109.84031105041504,1.017,0.148,0.804,0.045,-0.497,0.0,0.0,0.0
109.85050392150879,0.995,0.161,0.845,-0.089,-0.46,0.0,0.0,0.0
109.85975694656372,0.962,0.125,0.853,-0.072,-0.41,0.0,0.0,0.0
109.87000727653503,1.171,0.149,0.862,0.139,-0.563,-0.001,0.0,0.0
109.88105821609497,0.929,0.158,0.887,-0.129,-0.473,0.0,0.0,0.0
109.89082622528076,0.71,0.188,0.73,0.079,-0.451,0.0,0.0,0.0
109.90067315101624,0.886,0.197,0.8,0.013,-0.444,0.0,0.0,0.0
109.91070604324341,0.864,0.137,0.962,-0.032,-0.454,0.0,0.0,0.0
109.92059850692749,0.842,0.195,0.89,-0.171,-0.616,0.0,0.0,0.0
109.92981934547424,0.82,0.158,0.88,-0.198,-0.457,0.0,0.0,0.0
109.94142961502075,0.798,0.194,0.777,0.153,-0.625,0.0,0.0,0.0
109.94985055923462,0.776,0.203,0.702,0.157,-0.563,0.0,0.0,0.0
109.95983862876892,0.743,0.2,0.68,0.156,-0.531,0.0,0.0,0.0
109.9700858592987,0.524,0.165,0.637,-0.036,-0.496,0.0,0.0,0.0
109.98031568527222,0.667,0.221,0.817,0.054,-0.457,-0.008,0.0,0.0
109.99049472808838,0.645,0.177,0.952,-0.115,-0.469,0.0,0.0,0.0
109.99983787536621,0.414,0.17,0.957,-0.076,-0.398,0.0,0.0,0.0
110.01064682006836,0.798,0.16,0.708,0.006,-0.557,0.0,0.0,0.0
110.02057433128357,0.579,0.161,0.908,0.008,-0.441,0.0,0.0,0.0
110.0299322605133,0.338,0.179,0.918,-0.057,-0.417,0.0,0.0,0.0
110.03985857963562,0.513,0.178,0.847,0.142,-0.511,0.0,0.0,0.0
110.05021476745605,0.261,0.19,0.908,0.13,-0.439,0.0,0.0,0.0
110.06037521362305,0.425,0.18,0.983,-0.045,-0.422,0.0,0.0,0.0
110.0700044631958,0.206,0.143,0.972,0.09,-0.422,0.0,0.0,0.0
110.08064341545105,0.371,0.178,1.01,-0.01,-0.411,0.0,0.0,0.0
110.09036469459534,0.13,0.127,1.056,0.079,-0.457,0.0,0.0,0.0
110.09982228279114,0.097,0.148,1.119,-0.09,-0.497,0.0,0.0,0.0
110.11012244224548,0.48,0.183,0.935,0.032,-0.558,0.0,0.0,0.0
110.12007403373718,0.031,0.16,0.932,0.003,-0.478,0.0,0.0,0.0
110.13028955459595,0.195,0.188,1.146,0.017,-0.48,0.0,0.0,0.0
110.13976883888245,0.173,0.178,1.114,-0.048,-0.501,0.0,0.0,0.0
110.15013384819031,-0.068,0.184,0.85,0.083,-0.546,0.0,0.0,0.0
110.16048645973206,0.305,0.199,0.959,0.039,-0.479,0.0,0.0,0.0
110.17015051841736,0.086,0.15,1.067,-0.13,-0.418,0.0,0.0,0.0
110.1799066066742,0.053,0.177,1.085,-0.112,-0.49,0.0,0.0,0.0
110.19000244140625,0.02,0.173,0.742,-0.135,-0.627,0.0,0.0,0.0
110.1998496055603,0.217,0.182,0.838,-0.03,-0.426,0.0,0.0,0.0
110.21025133132935,0.184,0.178,1.003,-0.065,-0.513,0.0,0.0,0.0
110.21973872184753,0.173,0.122,1.011,-0.248,-0.418,0.0,0.0,0.0
110.22992086410522,0.152,0.168,0.759,0.028,-0.588,0.0,0.0,0.0
110.24049997329712,0.141,0.166,0.837,0.053,-0.44,0.0,0.0,0.0
110.25005960464478,0.305,0.202,1.027,-0.115,-0.45,0.0,0.0,0.0
110.25992488861084,0.327,0.183,0.864,0.01,-0.495,0.0,0.0,0.0
110.27034401893616,0.305,0.178,1.044,-0.035,-0.457,0.0,0.0,0.0
110.28008508682251,0.086,0.21,1.085,0.032,-0.388,0.0,0.0,0.0
110.2899477481842,0.294,0.189,1.028,-0.01,-0.314,0.0,0.0,0.0
110.30000329017639,0.294,0.197,0.914,0.126,-0.405,0.0,0.0,0.0
110.31006693840027,0.075,0.206,0.933,0.143,-0.438,0.0,0.0,0.0
110.31979036331177,0.272,0.174,1.147,-0.008,-0.4,0.0,0.0,0.0
110.3305435180664,0.524,0.167,0.731,0.198,-0.482,0.0,0.0,0.0
110.33989667892456,0.294,0.163,0.837,-0.054,-0.303,0.0,0.0,0.0
110.34989333152771,0.042,0.169,0.644,0.208,-0.414,0.0,0.0,0.0
110.35988926887512,0.48,0.148,0.873,0.011,-0.437,0.0,0.0,0.0
110.37080097198486,0.305,0.161,0.886,0.078,-0.45,0.0,0.0,0.0
110.38048768043518,0.294,0.169,0.965,-0.061,-0.314,0.0,0.0,0.0
110.38986015319824,0.513,0.147,1.143,-0.123,-0.3,0.0,0.0,0.0
110.40002036094666,0.272,0.169,0.876,0.108,-0.437,0.0,0.0,0.0
110.4106719493866,0.053,0.173,0.9,-0.236,-0.358,0.0,0.0,0.0
110.42013430595398,0.458,0.157,0.946,-0.132,-0.303,0.0,0.0,0.0
110.4298620223999,0.294,0.183,1.002,-0.1,-0.283,0.0,0.0,0.0
110.44005942344666,0.535,0.178,0.771,0.096,-0.514,0.0,0.0,0.0
110.45071983337402,0.316,0.2,0.924,0.053,-0.354,0.0,0.0,0.0
110.45975255966187,0.524,0.112,1.007,-0.15,-0.347,0.0,0.0,0.0
110.47046184539795,0.097,0.212,0.984,0.147,-0.53,0.0,0.0,0.0
110.48012256622314,0.502,0.201,1.043,-0.163,-0.391,0.0,0.0,0.0
110.48983883857727,0.338,0.198,0.95,0.104,-0.32,0.0,0.0,0.0
110.49988150596619,0.349,0.193,0.986,0.067,-0.447,0.0,0.0,0.0
110.51022291183472,0.327,0.19,0.919,0.126,-0.554,0.0,0.0,0.0
110.51984357833862,0.338,0.177,0.98,-0.104,-0.309,0.0,-0.001,0.001
110.52978777885437,0.327,0.187,0.89,0.085,-0.51,0.0,0.0,0.0
110.54025268554688,0.546,0.17,1.074,0.231,-0.418,0.0,0.0,0.0
110.55061292648315,0.173,0.149,1.013,-0.003,-0.316,0.0,0.0,0.0
110.56001996994019,0.59,0.224,1.096,0.031,-0.318,0.0,0.0,0.0
110.56983852386475,0.152,0.168,1.16,0.099,-0.349,0.0,0.0,0.0
110.5812349319458,0.568,0.149,1.006,0.004,-0.426,0.0,0.0,0.0
110.59070682525635,-0.057,0.205,1.05,0.247,-0.448,0.0,0.0,0.0
110.60068678855896,0.568,0.144,1.137,0.08,-0.243,-0.001,0.0,0.0
110.61034750938416,0.382,0.127,1.133,-0.034,-0.111,0.0,0.0,0.0
110.62009739875793,0.404,0.137,1.313,0.033,-0.284,0.0,0.0,0.0
110.62976264953613,0.195,0.144,1.179,0.108,-0.161,0.0,0.0,0.0
110.63985681533813,0.349,0.185,1.056,0.182,-0.43,0.0,0.0,0.0
110.65136432647705,0.162,0.182,0.983,0.187,-0.421,0.0,0.0,0.0
110.66009974479675,0.371,0.216,0.857,0.055,-0.403,0.0,0.0,0.0
110.66992926597595,0.601,0.191,1.276,-0.132,-0.407,0.0,-0.001,0.001
110.68028402328491,0.206,0.214,1.22,0.14,-0.425,0.0,0.0,0.0
110.69003820419312,0.425,0.204,1.015,0.029,-0.312,0.0,0.0,0.0
110.69990110397339,0.206,0.244,0.935,0.04,-0.313,0.0,0.0,0.0
110.70988941192627,0.623,0.218,0.923,0.165,-0.407,0.0,0.0,0.0
110.7206871509552,0.425,0.242,1.087,0.081,-0.437,0.0,0.0,0.0
110.7300238609314,0.217,0.202,0.937,-0.185,-0.249,0.0,0.0,0.0
110.74019384384155,0.195,0.228,1.129,0.036,-0.252,0.0,-0.001,-0.001
110.75037407875061,0.425,0.247,1.229,-0.121,-0.276,0.0,0.0,0.0
110.76040601730347,0.458,0.228,1.12,-0.121,-0.349,0.0,0.0,0.0
110.77033162117004,0.261,0.19,1.093,-0.057,-0.231,0.0,0.0,0.0
110.7806990146637,0.458,0.181,0.972,-0.05,-0.214,0.0,0.0,0.0
110.79080438613892,0.228,0.195,1.1,-0.157,-0.293,0.0,-0.001,0.001
110.80091619491577,0.206,0.218,0.996,-0.188,-0.323,0.0,0.0,0.0
110.81060099601746,0.634,0.174,1.22,-0.052,-0.601,0.0,-0.001,0.001
110.82072353363037,0.458,0.108,1.154,-0.072,-0.295,0.0,0.0,0.0
110.82989597320557,0.272,0.186,1.007,0.033,-0.194,0.0,0.0,0.0
110.83982634544373,0.491,0.149,1.184,0.251,-0.552,0.0,-0.001,0.001
110.850426197052,0.283,0.19,1.151,0.083,-0.377,0.0,0.0,0.0
110.86051034927368,0.272,0.183,1.178,-0.016,-0.237,0.0,0.0,0.0
110.8698718547821,0.469,0.175,1.249,-0.024,-0.198,0.0,0.0,0.0
110.88076114654541,0.48,0.185,1.15,0.235,-0.461,0.0,-0.002,0.002
110.89083623886108,0.294,0.258,1.09,0.035,-0.254,0.0,0.0,0.0
110.90091562271118,0.294,0.279,1.024,-0.132,-0.3,0.0,0.0,0.0
110.91051483154297,0.502,0.246,1.127,0.195,-0.303,0.0,0.0,0.0
110.92020082473755,-0.133,0.183,1.074,-0.045,-0.214,0.0,0.0,0.0
110.92999172210693,0.469,0.158,1.049,-0.017,-0.179,0.0,0.0,0.0
110.93986439704895,0.491,0.176,1.171,0.286,-0.512,-0.001,-0.001,-0.001
110.94996643066406,0.294,0.204,1.073,0.022,-0.467,0.0,0.0,0.0
110.96001410484314,0.272,0.196,1.056,-0.087,-0.493,0.0,0.0,0.0
110.97000646591187,0.524,0.232,1.207,0.18,-0.452,0.0,0.0,0.0
110.97994446754456,0.502,0.201,0.952,0.044,-0.417,0.0,0.0,0.0
110.9905755519867,0.305,0.254,0.971,0.192,-0.426,0.0,0.0,0.0
110.99992275238037,0.283,0.161,1.325,-0.017,-0.304,0.0,0.0,0.0
111.00997710227966,0.097,0.216,1.204,0.248,-0.662,0.0,-0.001,0.001
111.02035164833069,0.491,0.249,1.178,0.0,-0.218,0.0,0.0,0.0
111.03001999855042,0.119,0.14,1.288,0.029,-0.174,0.0,0.0,0.0
111.03986239433289,0.502,0.161,1.201,0.162,-0.14,0.0,0.0,0.0
111.05000162124634,0.272,0.202,1.127,0.261,-0.368,0.0,0.0,0.0
111.06103801727295,0.064,0.181,1.018,0.113,-0.508,0.0,0.0,0.0
111.06978559494019,0.469,0.23,1.21,-0.054,-0.244,0.0,0.0,0.0
111.08006119728088,0.294,0.21,0.822,-0.073,-0.458,0.0,0.0,0.0
111.0899224281311,0.294,0.215,1.058,0.138,-0.308,0.0,0.0,0.0
111.10010933876038,0.294,0.213,0.819,0.04,-0.363,0.0,0.0,0.0
111.11029052734375,0.305,0.222,1.063,-0.071,-0.207,0.0,0.0,0.0
111.11969470977783,0.294,0.227,1.144,-0.077,-0.132,0.0,0.0,0.0
111.13009476661682,0.491,0.24,1.112,0.109,-0.372,0.0,0.0,0.0
111.13986039161682,0.294,0.225,1.124,-0.02,-0.167,0.0,0.0,0.0
111.14997029304504,0.064,0.201,1.119,0.016,-0.437,0.0,0.0,0.0
111.16064524650574,0.458,0.229,0.989,0.199,-0.173,0.0,0.0,0.0
111.17020225524902,0.064,0.173,1.192,-0.135,-0.118,0.0,0.0,0.0
111.17988061904907,0.458,0.197,1.271,-0.183,-0.201,0.0,0.0,0.0
111.18998384475708,0.261,0.245,0.944,-0.041,-0.368,0.0,0.0,0.0
111.1999192237854,0.491,0.205,0.912,-0.005,-0.267,0.0,0.0,0.0
111.20982813835144,0.272,0.213,1.27,0.145,-0.392,0.0,0.0,0.0
111.21969866752625,0.272,0.245,0.791,0.034,-0.47,0.0,0.0,0.0
111.23014903068542,0.283,0.168,0.78,0.216,-0.64,0.0,0.0,0.0
111.23982191085815,0.513,0.184,1.382,-0.083,-0.437,0.0,0.0,0.0
111.24992346763611,0.316,0.159,1.191,0.128,-0.485,0.0,0.0,0.0
111.26060795783997,0.535,0.179,0.887,0.081,-0.198,0.0,-0.003,0.003
111.27071857452393,0.108,0.208,1.268,-0.097,-0.149,0.0,0.0,0.0
111.27982926368713,0.524,0.252,1.317,0.011,-0.214,0.0,0.0,0.0
111.2900869846344,0.064,0.23,1.044,0.096,-0.443,0.0,0.0,0.0
111.29996967315674,0.272,0.252,0.987,-0.062,-0.269,0.0,0.0,0.0
111.31083154678345,0.272,0.209,1.267,0.05,-0.391,0.0,0.0,0.0
111.31967902183533,0.283,0.232,1.062,0.001,-0.105,0.0,0.0,0.0
111.32994294166565,0.491,0.245,1.232,0.238,-0.562,0.0,-0.002,0.002
111.34094905853271,0.305,0.255,1.142,0.078,-0.313,0.0,0.0,0.0
111.34992361068726,0.283,0.236,1.125,0.189,-0.201,0.0,0.0,0.0
111.36169576644897,0.491,0.167,0.978,0.047,-0.402,0.0,0.0,0.0
111.3701844215393,0.294,0.236,0.914,0.291,-0.277,0.0,0.0,0.0
111.37978863716125,0.097,0.22,1.219,0.015,-0.181,0.0,-0.005,0.005
111.38992929458618,0.283,0.212,0.987,0.184,-0.495,0.0,0.0,0.0
111.40034651756287,0.316,0.225,1.2,0.128,-0.252,0.0,0.0,0.0
111.41053080558777,0.513,0.242,1.288,0.024,-0.194,0.0,0.0,0.0
111.42061495780945,0.316,0.167,1.19,-0.01,-0.206,0.0,0.0,0.0
111.43003511428833,0.327,0.149,1.148,0.041,-0.093,0.0,0.0,0.0
111.4398901462555,0.108,0.224,0.993,-0.053,-0.288,0.0,0.0,0.0
111.44982385635376,0.305,0.236,1.188,0.158,-0.518,0.0,-0.001,0.001
111.46005153656006,0.305,0.234,1.029,-0.122,-0.477,0.0,0.0,0.0
111.4711389541626,0.305,0.258,1.146,-0.054,-0.027,0.0,0.0,0.0
111.47973227500916,0.316,0.246,1.1,0.281,-0.4,0.0,0.0,0.0
111.49000382423401,0.305,0.238,1.025,-0.004,-0.388,0.0,0.0,0.0
111.50059628486633,0.294,0.229,1.001,0.235,-0.283,0.0,0.0,0.0
111.50998306274414,0.283,0.186,1.311,-0.097,-0.026,0.0,0.0,0.0
111.51974630355835,0.283,0.239,1.173,0.22,-0.169,0.0,0.0,0.0
111.53053665161133,0.075,0.185,1.125,0.282,-0.148,0.0,-0.001,0.001
111.54091143608093,0.294,0.144,1.265,0.022,-0.01,0.0,0.0,0.0
111.54976868629456,0.294,0.248,1.206,-0.043,-0.124,0.0,0.0,0.0
111.56020021438599,0.272,0.193,1.197,0.152,-0.486,0.0,0.0,0.0
111.57044696807861,0.064,0.243,1.338,-0.1,-0.069,0.0,0.0,0.0
111.58003115653992,0.48,0.236,1.321,0.003,0.021,0.0,0.0,0.0
111.59000706672668,0.491,0.198,1.342,0.103,-0.065,0.0,0.0,0.0
111.60016989707947,0.086,0.268,1.06,-0.159,-0.323,0.0,0.0,0.0
111.61014223098755,0.272,0.228,1.206,0.047,-0.315,0.0,0.0,0.0
111.61976552009583,0.294,0.202,1.213,0.117,-0.12,-0.001,0.0,0.0
111.62996888160706,0.491,0.249,1.202,0.197,-0.559,0.0,0.0,0.0
111.64122438430786,0.283,0.228,1.061,0.219,-0.563,0.0,0.0,0.0
111.64973568916321,0.053,0.273,0.881,0.233,-0.483,0.0,0.0,0.0
111.66007280349731,0.239,0.238,1.25,-0.021,-0.409,0.0,0.0,0.0
111.67044258117676,0.25,0.251,1.002,-0.074,-0.196,0.0,-0.001,0.001
111.68106007575989,0.239,0.284,1.207,0.036,-0.267,0.0,0.0,0.0
111.69098138809204,0.425,0.275,1.125,0.199,-0.48,0.0,0.0,0.0
111.70076775550842,0.053,0.255,1.12,-0.129,-0.136,0.0,0.0,0.0
111.70996713638306,0.272,0.278,1.142,-0.039,-0.108,0.0,0.0,0.0
111.71987009048462,0.272,0.225,1.183,0.164,-0.516,0.0,0.0,0.0
111.7299451828003,0.48,0.25,1.285,0.077,-0.261,-0.001,0.0,0.0
111.7406439781189,0.261,0.191,1.247,0.172,-0.359,0.0,0.0,0.0
111.7509593963623,0.491,0.161,1.325,-0.042,-0.067,0.0,0.0,0.0
111.75985026359558,0.272,0.238,1.228,-0.014,-0.133,0.0,-0.001,0.001
111.77060174942017,0.042,0.128,1.081,0.195,-0.236,0.0,0.0,0.0
111.78097128868103,0.458,0.129,1.54,0.054,-0.111,0.0,0.0,0.0
111.79071879386902,0.053,0.148,1.42,0.333,-0.191,0.0,0.0,0.0
111.8006501197815,0.71,0.233,1.484,-0.049,-0.045,0.0,0.0,0.0
111.81066799163818,0.316,0.153,1.358,0.007,0.039,0.0,0.0,0.0
111.81979250907898,0.327,0.051,1.406,0.009,-0.056,0.0,0.0,0.0
111.83002877235413,0.097,0.184,1.027,0.125,-0.345,0.0,0.0,0.0
111.83992123603821,0.502,0.194,1.308,0.029,-0.477,0.0,0.0,0.0
111.8498854637146,0.283,0.169,1.056,0.169,-0.077,-0.001,0.0,0.0
111.85991787910461,0.48,0.157,1.486,0.012,-0.216,0.0,0.0,0.0
111.87092566490173,0.283,0.182,1.116,0.269,-0.257,0.0,-0.001,0.001
111.88061714172363,0.075,0.234,1.251,-0.075,-0.453,0.0,0.0,0.0
111.89064121246338,0.261,0.155,1.43,-0.184,-0.024,0.0,0.0,0.0
111.90065693855286,0.502,0.251,1.282,-0.112,0.067,0.0,0.0,0.0
111.91073632240295,0.097,0.24,1.142,-0.026,-0.075,0.0,0.0,0.0
111.9198522567749,0.513,0.201,1.197,-0.129,-0.04,0.0,0.0,0.0
111.92977976799011,0.108,0.273,1.016,0.011,-0.455,0.0,0.0,0.0
111.93990421295166,0.327,0.246,1.126,0.203,-0.298,0.0,0.0,0.0
111.94984316825867,0.294,0.254,1.246,0.016,-0.287,0.0,-0.002,0.002
111.9599781036377,0.272,0.316,1.185,0.142,-0.307,0.0,0.0,0.0
111.9705581665039,0.48,0.255,0.908,-0.049,-0.392,0.0,-0.002,0.002
111.98109531402588,0.064,0.349,1.158,-0.082,-0.23,0.0,-0.001,0.001
111.99103689193726,0.075,0.348,1.359,0.23,-0.425,0.0,0.0,0.0
112.00071740150452,0.283,0.365,1.318,-0.134,-0.424,0.0,0.0,0.0
112.01081109046936,0.294,0.298,1.367,-0.183,-0.01,0.0,-0.001,0.001
112.01978421211243,0.305,0.208,1.373,0.274,-0.057,0.0,0.0,0.0
112.03035998344421,0.064,0.267,1.146,0.277,-0.399,-0.001,0.0,0.0
112.03983616828918,0.425,0.191,1.315,0.042,0.047,0.0,0.0,0.0
112.05016779899597,0.239,0.266,1.375,0.268,-0.251,0.0,0.0,0.0
112.0597665309906,0.272,0.177,1.435,-0.014,-0.144,0.0,0.0,0.0
112.07045221328735,0.491,0.206,1.09,0.275,-0.236,0.0,0.0,0.0
112.07988429069519,0.086,0.12,1.454,0.004,0.181,0.0,0.0,0.0
112.0906274318695,0.48,0.13,1.3,0.267,-0.119,0.0,0.0,0.0
112.10019135475159,0.053,0.133,1.484,-0.158,-0.06,0.0,0.0,0.0
112.11024117469788,0.239,0.141,1.496,0.017,0.035,0.0,0.0,0.0
112.12002158164978,0.053,0.173,1.437,0.041,0.077,0.0,0.0,0.0
112.13005995750427,0.272,0.171,1.27,-0.075,-0.334,0.0,-0.002,0.002
112.13993740081787,0.261,0.161,1.333,-0.006,0.017,0.0,0.0,0.0
112.15012073516846,0.458,0.196,1.266,0.059,-0.02,0.0,0.0,0.0
112.16069149971008,0.25,0.213,1.308,0.021,-0.162,0.0,0.0,0.0
112.16994738578796,0.294,0.176,1.301,-0.025,-0.012,0.0,0.0,0.0
112.1799864768982,0.272,0.219,1.19,-0.05,-0.026,0.0,0.0,0.0
112.19043278694153,0.239,0.263,1.317,-0.068,-0.236,0.0,-0.001,0.001
112.2009129524231,0.228,0.228,1.37,-0.089,0.057,0.0,0.0,0.0
112.21070909500122,0.075,0.34,1.131,0.193,0.051,0.0,0.0,0.0
112.22067761421204,0.491,0.357,1.316,-0.035,-0.006,0.0,0.0,0.0
112.23087191581726,0.02,0.322,1.381,-0.179,0.024,0.0,0.0,0.0
112.24000644683838,0.436,0.318,1.347,0.216,0.019,0.0,0.0,0.0
112.2497763633728,0.261,0.345,1.047,-0.062,0.064,0.0,0.0,0.0
112.26031875610352,0.283,0.306,1.089,0.011,-0.457,0.0,0.0,0.0
112.27016520500183,0.25,0.219,1.42,-0.083,-0.036,0.0,0.0,0.0
112.28035974502563,0.447,0.201,1.524,-0.041,0.017,0.0,0.0,0.0
112.28985047340393,0.294,0.2,1.497,0.085,-0.045,0.0,0.0,0.0
112.30055332183838,0.075,0.146,1.278,0.282,-0.2,0.0,-0.002,0.002
112.31065344810486,0.217,0.17,1.396,-0.071,0.054,0.0,-0.001,0.001
112.31969547271729,0.272,0.134,1.448,-0.157,0.018,0.0,0.0,0.0
112.3299629688263,0.502,0.223,1.576,0.324,-0.292,0.0,0.0,0.0
112.34041547775269,0.272,0.254,1.266,0.165,-0.357,0.0,0.0,0.0
112.34977149963379,0.25,0.094,1.606,-0.037,0.075,0.0,0.0,0.0
112.35978555679321,0.261,0.183,1.368,0.38,-0.318,0.0,0.0,0.0
112.36996102333069,0.283,0.143,1.447,0.147,-0.307,0.0,0.0,0.0
112.37991309165955,0.25,0.163,1.55,-0.092,-0.146,0.0,0.0,0.0
112.39010381698608,0.25,0.149,1.387,0.148,-0.343,0.0,-0.001,0.001
112.40081191062927,0.316,0.164,1.228,-0.05,0.073,0.0,0.0,0.0
112.41018152236938,0.239,0.211,1.299,-0.046,-0.047,0.0,0.0,0.0
112.4207706451416,0.436,0.188,1.384,0.153,-0.027,0.0,0.0,0.0
112.43082475662231,0.283,0.156,1.3,-0.067,-0.045,0.0,0.0,0.0
112.44077682495117,0.305,0.246,1.363,-0.101,-0.03,0.0,0.0,0.0
112.44981408119202,0.469,0.218,1.401,0.0,0.121,0.0,0.0,0.0
112.46007776260376,-0.155,0.285,1.144,0.373,-0.329,0.0,0.0,0.0
112.47056460380554,0.261,0.254,1.407,0.033,0.065,0.0,0.0,0.0
112.4809775352478,0.732,0.188,1.447,-0.102,-0.048,0.0,-0.002,0.002
112.48996496200562,0.283,0.299,1.498,0.224,0.041,0.0,0.0,0.0
112.49990749359131,0.075,0.332,1.276,0.234,-0.212,0.0,-0.001,0.001
112.51065707206726,0.261,0.239,1.571,0.074,-0.331,0.0,0.0,0.0
112.51978492736816,0.316,0.231,1.533,-0.101,-0.019,0.0,0.0,0.0
112.52977013587952,0.294,0.349,1.338,0.214,-0.345,0.0,0.0,0.0
112.54013133049011,0.25,0.229,1.381,0.1,-0.198,0.0,0.0,0.0
112.5497579574585,0.25,0.198,1.412,-0.047,0.085,0.0,0.0,0.0
112.55999445915222,0.283,0.221,1.162,0.233,-0.318,0.0,0.0,0.0
112.57184886932373,0.305,0.235,1.206,-0.015,-0.034,0.0,0.0,0.0
112.58047652244568,0.031,0.259,1.066,0.327,-0.219,0.0,0.0,0.0
112.59030652046204,0.228,0.176,1.541,-0.108,0.027,0.0,-0.004,0.004
112.59990549087524,0.075,0.11,1.549,0.0,0.041,0.0,0.0,0.0
112.61079287528992,0.272,0.163,1.047,0.083,-0.241,-0.001,0.0,0.0
112.6206784248352,0.217,0.243,1.46,0.044,0.044,0.0,0.0,0.0
112.63060355186462,0.272,0.214,1.272,-0.15,0.148,0.0,-0.001,0.001
112.63984322547913,0.48,0.125,1.387,-0.075,0.106,0.0,-0.001,0.001
112.65102958679199,0.031,0.25,1.178,0.076,-0.231,0.0,0.0,0.0
112.65981030464172,0.261,0.208,1.477,-0.073,0.104,0.0,0.0,0.0
112.6701807975769,0.283,0.216,1.199,0.242,-0.144,0.0,0.0,0.0
112.68072509765625,0.228,0.245,1.312,0.012,0.042,-0.002,0.0,0.0
112.68981003761292,0.042,0.208,1.585,-0.071,0.107,0.0,-0.001,0.001
112.69982147216797,0.272,0.22,1.479,0.189,-0.189,0.0,0.0,0.0
112.71052193641663,0.393,0.255,1.378,0.27,-0.214,0.0,-0.001,0.001
112.71989607810974,0.053,0.145,1.536,-0.001,0.022,0.0,0.0,0.0
112.7303032875061,0.447,0.255,1.274,0.271,-0.253,0.0,0.0,0.0
112.73968863487244,0.414,0.205,1.495,-0.02,0.169,0.0,0.0,0.0
112.75045871734619,0.053,0.263,1.276,0.27,-0.247,0.0,-0.007,0.007
112.76020216941833,0.447,0.213,1.314,-0.1,0.138,0.0,0.0,0.0
112.77005672454834,0.031,0.059,1.333,-0.064,0.027,0.0,-0.001,0.001
112.78021502494812,0.272,0.298,1.491,0.22,0.078,0.0,-0.001,-0.001
112.79008412361145,0.217,0.158,1.306,-0.085,0.098,0.0,0.0,0.0
112.79990720748901,0.272,0.152,1.212,0.029,-0.02,0.0,0.0,0.0
112.81007695198059,0.458,0.229,1.605,-0.068,0.049,0.0,0.0,0.0
112.8200216293335,0.239,0.264,1.341,0.081,0.058,0.0,0.0,0.0
112.8297975063324,0.502,0.177,1.366,0.011,0.061,0.0,0.0,0.0
112.83975481987,0.239,0.184,1.33,0.3,-0.193,0.0,0.0,0.0
112.85052680969238,0.042,0.195,1.246,0.377,-0.253,0.0,0.0,0.0
112.86080241203308,0.491,0.192,1.61,-0.053,-0.094,0.0,0.0,0.0
112.86982107162476,0.239,0.291,1.545,-0.06,0.019,0.0,0.0,0.0
112.88122510910034,0.272,0.212,1.384,0.155,-0.3,0.0,0.0,0.0
112.88993573188782,0.261,0.283,1.554,0.178,-0.23,0.0,0.0,0.0
112.8998920917511,0.02,0.2,1.493,0.143,0.02,0.0,-0.003,0.003
112.90988111495972,0.699,0.268,1.571,0.295,-0.279,0.0,0.0,0.0
112.91991758346558,0.064,0.267,1.448,0.315,-0.242,0.0,0.0,0.0
112.93002557754517,0.469,0.238,1.611,0.137,-0.141,0.0,0.0,0.0
112.93972420692444,0.108,0.251,1.574,0.119,-0.23,0.0,-0.001,0.001
112.9513828754425,0.458,0.375,1.218,0.259,-0.106,0.0,0.0,0.0
112.9597659111023,0.086,0.331,1.428,0.403,-0.29,0.0,0.0,0.0
112.96977996826172,0.502,0.284,1.234,0.162,-0.228,0.0,-0.003,0.003
112.98117089271545,0.261,0.29,1.212,0.307,-0.064,0.0,-0.001,0.001
112.99076390266418,-0.111,0.285,1.226,0.416,-0.253,0.0,0.0,0.0
113.00072693824768,0.48,0.272,1.548,-0.165,0.124,0.0,0.0,0.0
113.01069474220276,0.25,0.321,1.441,-0.142,0.067,0.0,0.0,0.0
113.02041292190552,0.086,0.3,1.471,-0.049,0.176,0.0,0.0,0.0
113.02987384796143,0.228,0.132,1.716,-0.025,0.161,0.0,0.0,0.0
113.03989672660828,0.217,0.203,1.454,0.261,-0.064,0.0,0.0,0.0
113.05031967163086,0.491,0.276,1.318,0.082,0.09,0.0,-0.001,0.001
113.05985045433044,0.042,0.209,1.486,0.069,0.133,0.0,0.0,0.0
113.06976914405823,0.272,0.303,1.312,0.188,-0.135,0.0,0.0,0.0
113.0810546875,0.447,0.25,1.255,0.253,-0.239,0.0,0.0,0.0
113.09029006958008,0.064,0.349,1.569,0.226,0.113,0.0,0.0,0.0
113.09988117218018,0.48,0.277,1.9,-0.022,0.011,0.0,0.0,0.0
113.10996890068054,0.042,0.213,1.441,0.095,-0.135,0.0,0.0,0.0
113.1206226348877,0.283,0.202,1.851,0.113,-0.287,0.0,-0.005,0.005
113.12987875938416,0.447,0.237,1.755,-0.036,0.081,0.0,0.0,0.0
113.13974809646606,0.064,0.247,1.734,0.379,-0.258,0.0,0.0,0.0
113.15058422088623,0.469,0.253,1.717,0.327,-0.153,0.0,-0.003,0.003
113.15995955467224,0.261,0.171,1.555,0.083,0.083,0.0,0.0,0.0
113.16983795166016,0.294,0.223,1.415,0.248,-0.216,0.0,0.0,0.0
113.18005967140198,0.25,0.274,1.735,0.044,0.012,0.0,-0.004,0.004
113.1908016204834,0.283,0.242,1.481,0.138,0.13,0.0,0.0,0.0
113.20009231567383,0.228,0.204,1.525,-0.134,0.249,0.0,0.0,0.0
113.20998859405518,0.239,0.215,1.602,0.238,0.17,0.0,0.0,0.0
113.22062683105469,0.316,0.262,1.567,0.002,-0.138,0.0,0.0,0.0
113.23106575012207,0.042,0.326,1.452,0.049,0.126,0.0,0.0,0.0
113.24000787734985,0.491,0.205,1.613,0.259,-0.032,0.0,-0.001,0.001
113.25001287460327,0.458,0.231,1.51,0.206,0.014,0.0,0.0,0.0
113.26103925704956,0.064,0.307,1.494,0.022,0.202,0.0,0.0,0.0
113.27071571350098,0.217,0.291,1.432,0.281,0.068,0.0,0.0,0.0
113.27981925010681,0.48,0.255,1.598,-0.138,0.187,0.0,0.0,0.0
113.29022359848022,0.086,0.238,1.487,0.208,-0.112,0.0,0.0,0.0
113.30068874359131,0.228,0.269,1.801,-0.149,0.137,0.0,-0.005,0.005
113.31085968017578,0.294,0.188,1.762,0.037,0.222,0.0,0.0,0.0
113.31996870040894,0.239,0.261,1.599,0.077,0.109,0.0,0.0,0.0
113.33005666732788,0.458,0.278,1.595,-0.083,0.137,0.0,0.0,0.0
113.33981394767761,0.305,0.149,1.878,0.184,0.028,0.0,0.0,0.0
113.35054397583008,0.053,0.241,1.612,0.335,0.221,0.0,0.0,0.0
113.36076760292053,0.283,0.142,1.773,0.067,0.37,0.0,0.0,0.0
113.37004351615906,0.228,0.223,1.748,0.079,0.211,0.0,0.0,0.0
113.37987470626831,0.261,0.229,1.726,0.117,0.186,0.0,0.0,0.0
113.38992977142334,0.283,0.212,1.357,0.268,0.122,0.0,-0.001,0.001
113.40066313743591,0.02,0.194,1.453,0.336,-0.032,0.0,0.0,0.0
113.4106457233429,0.48,0.113,1.531,0.037,0.261,0.0,0.0,0.0
113.42062258720398,0.239,0.146,1.788,0.048,0.18,0.0,0.0,0.0
113.43078947067261,0.305,0.211,1.494,-0.02,0.22,0.0,0.0,0.0
113.43985366821289,0.228,0.244,1.543,0.016,0.213,0.0,0.0,0.0
113.44975328445435,0.064,0.187,1.343,0.209,-0.245,0.0,-0.001,0.001
113.46039247512817,0.272,0.258,1.197,0.164,-0.06,0.0,0.0,0.0
113.46997475624084,0.25,0.255,1.6,0.086,0.323,0.0,0.0,0.0
113.47988557815552,0.469,0.289,1.552,0.009,0.266,0.0,0.0,0.0
113.49012780189514,0.25,0.274,1.225,0.199,0.002,0.0,0.0,0.0
113.50053930282593,0.075,0.297,1.795,0.098,0.213,0.0,0.0,0.0
113.50981497764587,0.228,0.36,1.888,-0.092,0.206,0.0,0.0,0.0
113.51993727684021,0.294,0.362,1.445,0.311,-0.132,0.0,-0.004,0.004
113.52985954284668,0.228,0.289,1.67,0.038,0.008,0.0,0.0,0.0
113.5398199558258,0.272,0.306,1.641,0.204,-0.092,0.0,0.0,0.0
113.54989814758301,0.228,0.329,1.686,0.135,0.009,0.0,-0.001,0.001
113.56121492385864,0.294,0.322,1.553,0.321,0.024,0.0,0.0,0.0
113.5698652267456,0.25,0.253,1.39,0.297,0.002,0.0,0.0,0.0
113.58066010475159,0.283,0.224,1.506,0.305,0.044,0.0,-0.001,0.001
113.59072637557983,0.239,0.238,1.67,-0.023,0.245,0.0,0.0,0.0
113.60078454017639,0.469,0.061,1.716,0.022,0.249,0.0,0.0,0.0
113.61002254486084,0.272,0.274,1.66,-0.034,0.111,0.0,0.0,0.0
113.61971640586853,0.053,0.148,1.688,0.237,0.142,0.0,0.0,0.0
113.63022375106812,0.228,0.274,1.358,0.016,0.09,0.0,0.0,0.0
113.63990092277527,0.469,0.106,1.727,-0.09,0.251,0.0,0.0,0.0
113.64975833892822,0.239,0.143,1.537,0.232,-0.054,0.0,0.0,0.0
113.66064620018005,0.513,0.235,1.274,0.273,0.109,0.0,0.0,0.0
113.67083621025085,0.031,0.159,1.634,-0.016,0.253,0.0,0.0,0.0
113.67982721328735,0.699,0.263,1.715,0.243,0.202,0.0,0.0,0.0
113.69013452529907,0.042,0.212,1.571,-0.131,-0.127,0.0,0.0,0.0
113.69999837875366,0.097,0.218,1.622,0.174,0.061,0.0,0.0,0.0
113.70989441871643,0.25,0.232,1.78,0.255,0.017,0.0,0.0,0.0
113.71974492073059,0.524,0.278,1.485,0.246,-0.017,0.0,0.0,0.0
113.72987985610962,0.239,0.262,1.433,0.327,-0.111,-0.003,0.0,0.0
113.74035215377808,0.086,0.323,1.877,0.173,-0.216,0.0,0.0,0.0
113.75024175643921,0.436,0.19,1.924,-0.017,0.203,0.0,0.0,0.0
113.76003170013428,0.513,0.301,1.792,0.054,0.225,0.0,0.0,0.0
113.77045941352844,0.283,0.263,1.6,0.081,0.135,0.0,-0.002,0.002
113.77995228767395,-0.122,0.221,1.735,-0.043,0.336,0.0,0.0,0.0
113.790118932724,0.458,0.224,1.704,0.24,0.105,0.0,0.0,0.0
113.799973487854,0.294,0.264,1.624,0.273,0.297,0.0,0.0,0.0
113.80996322631836,0.272,0.334,1.7,0.071,0.004,0.0,-0.003,0.003
113.8196668624878,0.294,0.246,1.519,-0.022,0.098,0.0,0.0,0.0
113.83028078079224,0.283,0.278,1.227,0.178,-0.076,0.0,0.0,0.0
113.84025192260742,0.305,0.278,1.648,-0.145,0.356,0.0,0.0,0.0
113.84986209869385,0.491,0.268,1.829,-0.118,0.385,-0.001,0.0,0.0
113.86026287078857,0.294,0.262,1.424,0.197,0.247,0.0,0.0,0.0
113.87032222747803,0.294,0.189,1.827,-0.133,0.375,0.0,0.0,0.0
113.87982487678528,0.064,0.178,1.773,0.021,0.267,0.0,0.0,0.0
113.88983273506165,0.316,0.227,1.721,0.079,-0.078,0.0,-0.001,0.001
113.89996767044067,0.239,0.255,1.937,0.2,0.036,0.0,0.0,0.0
113.91013026237488,0.316,0.266,1.851,0.255,0.309,0.0,0.0,0.0
113.91980981826782,0.469,0.243,1.977,0.041,0.218,0.0,0.0,0.0
113.92992758750916,0.316,0.25,1.85,0.235,0.011,0.0,0.0,0.0
113.93993544578552,0.283,0.169,1.909,-0.041,0.325,0.0,-0.001,0.001
113.9503276348114,0.086,0.262,1.886,-0.081,0.218,0.0,0.0,0.0
113.96114706993103,0.261,0.192,1.84,-0.01,0.365,0.0,0.0,0.0
113.96977615356445,0.316,0.353,1.429,0.355,0.261,0.0,0.0,0.0
113.98018455505371,0.316,0.316,1.531,0.145,-0.008,0.0,0.0,0.0
113.98997569084167,0.272,0.343,1.825,0.082,0.214,0.0,-0.001,0.001
114.00010538101196,0.097,0.206,1.813,0.148,0.378,0.0,0.0,0.0
114.01037335395813,0.228,0.328,1.785,0.037,0.299,0.0,0.0,0.0
114.02002286911011,0.283,0.213,1.636,-0.074,0.436,0.0,0.0,0.0
114.03042936325073,0.228,0.232,1.553,-0.05,0.208,0.0,-0.001,0.001
114.03984808921814,0.283,0.134,1.719,-0.11,0.282,0.0,0.0,0.0
114.05029845237732,0.25,0.249,1.593,0.385,0.213,0.0,0.0,0.0
114.06039118766785,0.491,0.238,1.641,0.029,0.272,0.0,0.0,0.0
114.07025194168091,0.075,0.197,1.543,0.077,0.371,0.0,0.0,0.0
114.08031988143921,0.305,0.117,1.804,-0.042,0.238,0.0,0.0,0.0
114.09023857116699,0.261,0.23,1.822,-0.074,0.353,0.0,0.0,0.0
114.09989333152771,0.294,0.243,2.023,0.088,0.528,0.0,0.0,0.0
114.10982728004456,0.239,0.257,1.673,0.119,0.029,0.0,0.0,0.0
114.1200737953186,0.305,0.276,2.084,0.279,0.307,-0.001,0.0,0.0
114.12992882728577,0.228,0.196,1.834,0.197,0.259,0.0,0.0,0.0
114.13973641395569,0.305,0.21,1.862,0.132,0.031,0.0,-0.001,0.001
114.15035009384155,0.217,0.158,1.752,0.23,0.089,0.0,0.0,0.0
114.16002774238586,0.305,0.174,2.124,0.029,0.331,0.0,0.0,0.0
114.16993546485901,0.239,0.098,1.964,0.206,0.342,0.0,0.0,0.0
114.17985010147095,0.294,0.205,1.457,0.31,0.307,0.0,0.0,0.0
114.19033074378967,0.031,0.166,1.741,0.451,0.074,-0.002,0.0,0.0
114.20055651664734,0.294,0.047,1.777,0.005,0.37,0.0,0.0,0.0
114.20977354049683,0.447,0.102,1.736,-0.009,0.359,0.0,0.0,0.0
114.21982192993164,0.294,0.227,1.315,0.265,-0.053,0.0,-0.001,0.001
114.23029661178589,0.02,0.147,1.801,0.246,0.156,0.0,0.0,0.0
114.23976922035217,0.491,0.224,1.705,-0.042,0.358,0.0,0.0,0.0
114.2500388622284,0.239,0.246,1.673,0.001,-0.013,0.0,0.0,0.0
114.26109528541565,0.294,0.232,1.925,0.161,0.336,0.0,0.0,0.0
114.26988911628723,0.064,0.3,1.947,0.206,0.32,0.0,0.0,0.0
114.28012347221375,0.491,0.304,1.685,0.17,0.169,0.0,0.0,0.0
114.2907543182373,0.272,0.187,1.926,0.101,0.345,0.0,0.0,0.0
114.30100679397583,0.261,0.283,2.054,0.212,0.303,0.0,0.0,0.0
114.309814453125,0.283,0.37,1.953,0.298,0.407,0.0,0.0,0.0
114.31972527503967,0.294,0.277,1.873,0.369,0.072,-0.002,0.0,0.0
114.3300518989563,0.261,0.215,1.929,0.438,0.209,0.0,-0.001,0.001
114.33974432945251,0.261,0.275,1.818,0.27,0.469,0.0,0.0,0.0
114.35016202926636,0.25,0.243,1.693,0.374,0.049,0.0,0.0,0.0
114.36072254180908,0.239,0.307,1.898,0.154,0.429,0.0,0.0,0.0
114.37068128585815,0.283,0.224,1.83,0.068,0.553,0.0,0.0,0.0
114.3798234462738,0.458,0.226,1.882,0.08,0.429,0.0,0.0,0.0
114.38988471031189,0.064,0.224,1.418,0.348,0.317,-0.001,0.0,0.0
114.40021896362305,0.283,0.258,1.682,0.081,0.304,0.0,-0.001,0.001
114.410724401474,0.261,0.252,1.69,0.0,0.468,0.0,-0.001,0.001
114.42046809196472,0.48,0.165,1.697,-0.021,0.371,0.0,0.0,0.0
114.43028259277344,0.042,0.301,1.579,-0.164,0.473,0.0,0.0,0.0
114.44005489349365,0.294,0.267,1.806,-0.08,0.477,0.0,0.0,0.0
114.45000433921814,0.228,0.23,1.868,-0.02,0.352,0.0,0.0,0.0
114.46066951751709,0.075,0.239,1.792,-0.031,0.118,-0.001,0.0,0.0
114.47071838378906,0.228,0.099,1.868,-0.024,0.484,0.0,0.0,0.0
114.4802815914154,0.491,0.315,2.055,0.058,0.51,0.0,0.0,0.0
114.49013471603394,0.239,0.219,2.051,-0.031,0.457,0.0,0.0,0.0
114.50060820579529,0.283,0.118,1.898,0.183,0.33,0.0,0.0,0.0
114.51008582115173,0.283,0.202,1.897,0.047,0.406,-0.003,0.0,0.0
114.5197982788086,0.053,0.245,2.389,-0.028,0.491,0.0,0.0,0.0
114.53006553649902,0.305,0.307,1.836,0.078,0.179,-0.002,-0.002,0.002
114.53985023498535,0.239,0.307,2.267,0.178,0.265,-0.005,0.0,0.0
114.5498993396759,0.502,0.124,2.015,0.172,0.094,-0.004,0.0,0.0
114.5598714351654,0.239,0.256,1.862,0.312,0.475,-0.001,0.0,0.0
114.57091355323792,0.316,0.347,1.749,0.286,0.244,0.0,-0.002,0.002
114.57988333702087,0.228,0.216,1.68,-0.035,0.145,0.0,0.0,0.0
114.59024548530579,0.294,0.319,1.388,0.332,0.126,-0.006,0.0,0.0
114.59983730316162,0.031,0.279,1.841,-0.047,0.411,0.0,0.0,0.0
114.61016631126404,0.053,0.261,1.649,0.136,0.176,0.0,-0.002,0.002
114.61975240707397,0.425,0.244,1.705,0.014,0.644,0.0,0.0,0.0
114.62980818748474,0.283,0.253,1.624,0.134,0.268,-0.001,0.0,0.0
114.64011788368225,0.436,0.287,1.622,0.119,0.129,0.0,0.0,0.0
114.65069937705994,0.064,0.24,1.779,-0.16,0.549,0.0,0.0,0.0
114.65974712371826,0.228,0.164,1.965,0.001,0.466,0.0,0.0,0.0
114.67044377326965,0.283,0.29,1.721,0.213,0.129,-0.003,0.0,0.0
114.6805624961853,0.228,0.219,1.997,-0.043,0.483,0.0,0.0,0.0
114.68978595733643,0.075,0.281,2.021,-0.014,0.462,0.0,0.0,0.0
114.6998381614685,0.414,0.212,1.826,0.312,0.122,0.0,0.0,0.0
114.70989155769348,0.305,0.297,1.738,0.064,0.141,-0.009,0.0,0.0
114.71979475021362,0.217,0.298,2.051,0.367,0.042,-0.005,-0.001,0.001
114.72992730140686,0.502,0.245,1.947,0.056,0.246,0.0,0.0,0.0
114.7404510974884,0.228,0.259,1.922,0.249,0.257,-0.003,0.0,0.0
114.74980854988098,0.261,0.188,1.969,0.15,0.429,0.0,0.0,0.0
114.75987696647644,0.447,0.249,1.633,0.384,0.26,0.0,0.0,0.0
114.77023029327393,0.075,0.172,2.29,0.237,0.141,0.0,0.0,0.0
114.78003311157227,0.283,0.173,1.839,-0.031,0.408,-0.003,0.0,0.0
114.7900824546814,0.469,0.185,1.799,0.175,0.408,0.0,-0.001,0.001
114.79978466033936,0.097,0.232,1.784,0.083,0.422,0.0,0.0,0.0
114.81044936180115,0.436,0.271,1.778,0.219,0.162,0.0,0.0,0.0
114.81991028785706,0.316,0.228,2.085,-0.23,0.613,0.0,0.0,0.0
114.82983040809631,0.25,0.262,1.857,0.237,0.292,0.0,0.0,0.0
114.84037804603577,0.316,0.203,1.646,-0.017,0.184,0.0,0.0,0.0
114.84990429878235,0.513,0.205,1.791,-0.109,0.496,0.0,0.0,0.0
114.85993194580078,0.305,0.223,1.818,0.285,0.193,-0.004,0.0,0.0
114.87047243118286,0.294,0.287,1.82,0.375,0.203,-0.001,-0.001,0.001
114.88053774833679,0.272,0.249,2.161,-0.083,0.527,0.0,0.0,0.0
114.88994574546814,0.305,0.23,2.184,-0.025,0.637,-0.002,0.0,0.0
114.89990401268005,0.283,0.247,2.163,0.004,0.577,-0.009,0.0,0.0
114.91077613830566,0.294,0.198,1.981,0.276,0.508,-0.006,0.0,0.0
114.91988468170166,0.25,0.202,2.294,0.177,0.68,-0.005,-0.001,0.001
114.92978262901306,0.283,0.224,2.134,0.177,0.437,-0.007,0.0,0.0
114.93996453285217,0.316,0.365,2.021,0.348,0.362,-0.006,0.0,0.0
114.9499340057373,0.294,0.294,1.859,0.0,0.385,-0.003,0.0,0.0
114.95974946022034,0.283,0.255,1.925,0.174,0.366,0.0,0.0,0.0
114.97012066841125,0.294,0.188,1.713,0.203,0.245,0.0,0.0,0.0
114.98041987419128,0.305,0.214,1.882,0.014,0.325,0.0,0.0,0.0
114.99001455307007,0.305,0.099,1.786,-0.04,0.632,0.0,0.0,0.0
114.99985790252686,0.316,0.242,1.966,0.227,0.535,0.0,0.0,0.0
115.01013326644897,0.064,0.222,1.698,-0.06,0.228,0.0,0.0,0.0
115.0205945968628,0.327,0.171,1.916,-0.076,0.351,0.0,0.0,0.0
115.02986931800842,0.48,0.201,2.112,-0.083,0.524,0.0,0.0,0.0
115.03987884521484,0.327,0.237,1.668,0.161,0.516,0.0,0.0,0.0
115.05125999450684,0.261,0.199,1.739,0.133,0.34,-0.006,0.0,0.0
115.05974054336548,0.13,0.274,2.249,0.29,0.324,0.0,0.0,0.0
115.0700991153717,0.305,0.253,2.127,-0.09,0.526,0.0,0.0,0.0
115.08067440986633,0.064,0.201,2.085,-0.077,0.513,-0.004,0.0,0.0
115.09063863754272,0.064,0.118,2.127,0.087,0.577,-0.004,0.0,0.0
115.09988307952881,0.458,0.231,2.266,0.036,0.496,0.0,0.0,0.0
115.11029720306396,0.305,0.172,2.255,0.055,0.57,-0.007,0.0,0.0
115.12025690078735,0.25,0.197,2.184,0.04,0.51,-0.005,0.0,0.0
115.12977266311646,0.053,0.269,2.279,0.054,0.559,-0.005,0.0,0.0
115.13971304893494,0.491,0.326,1.803,0.164,0.435,-0.005,0.0,0.0
115.14989876747131,0.25,0.285,1.686,0.163,0.343,-0.005,-0.001,0.001
115.15978479385376,0.086,0.334,1.712,0.161,0.239,-0.007,0.0,0.0
115.16998314857483,0.239,0.236,1.703,0.178,0.375,0.0,0.0,0.0
115.18040680885315,0.261,0.226,1.793,-0.12,0.502,0.0,0.0,0.0
115.19024538993835,0.283,0.25,1.87,-0.168,0.556,-0.001,0.0,0.0
115.19980072975159,0.031,0.245,1.842,0.009,0.689,0.0,0.0,0.0
115.21021866798401,0.02,0.323,1.972,0.074,0.322,0.0,0.0,0.0
115.2208788394928,0.239,0.298,1.883,-0.132,0.475,0.0,0.0,0.0
115.2306718826294,0.195,0.316,1.976,0.019,0.631,0.0,0.0,0.0
115.24068999290466,0.031,0.241,2.129,-0.057,0.647,0.0,0.0,0.0
115.24993419647217,0.217,0.275,2.074,-0.216,0.603,0.0,0.0,0.0
115.2598991394043,-0.002,0.285,1.996,0.094,0.305,-0.005,0.0,0.0
115.27001905441284,0.02,0.255,1.958,0.15,0.359,-0.003,0.0,0.0
115.28128623962402,0.59,0.28,2.19,0.182,0.321,-0.002,0.0,0.0
115.29069781303406,0.009,0.298,2.447,0.316,0.224,0.0,0.0,0.0
115.3007504940033,0.195,0.154,2.15,0.127,0.72,0.0,0.0,0.0
115.31072354316711,0.162,0.228,2.188,-0.085,0.603,-0.003,0.0,0.0
115.32003474235535,-0.199,0.196,2.292,0.022,0.746,-0.003,0.0,0.0
115.32994771003723,0.371,0.146,2.165,0.193,0.451,-0.002,0.0,0.0
115.33983969688416,0.162,0.193,1.947,0.18,0.284,-0.004,0.0,0.0
115.35015296936035,0.184,0.193,1.607,0.164,0.409,-0.007,0.0,0.0
115.36006236076355,0.152,0.18,1.987,0.151,0.505,-0.002,0.0,0.0
115.36987781524658,0.393,0.203,1.772,0.026,0.654,0.0,0.0,0.0
115.38107943534851,0.162,0.05,1.872,0.281,0.691,-0.007,0.0,0.0
115.39042448997498,0.228,0.257,1.854,0.3,0.546,0.0,0.0,0.0
115.39992451667786,-0.046,0.185,1.944,-0.021,0.616,-0.001,0.0,0.0
115.40987420082092,0.173,0.203,2.184,0.128,0.354,0.0,0.0,0.0
115.41979241371155,0.162,0.272,1.862,0.233,0.286,-0.005,0.0,0.0
115.43013191223145,0.184,0.248,1.545,0.21,0.416,-0.004,0.0,0.0
115.43980193138123,0.36,0.274,1.992,0.213,0.571,-0.001,0.0,0.0
115.45023560523987,0.195,0.23,1.938,0.125,0.401,-0.007,0.0,0.0
115.46088290214539,0.36,0.223,2.243,0.034,0.583,-0.009,0.0,0.0
115.4700403213501,-0.002,0.363,2.284,0.116,0.573,-0.002,0.0,0.0
115.481036901474,0.557,0.23,2.316,0.25,0.538,-0.007,0.0,0.0
115.49080467224121,0.195,0.295,2.429,0.388,0.656,-0.007,0.0,0.0
115.49980688095093,0.173,0.256,2.357,0.046,0.639,-0.012,0.0,0.0
115.50985980033875,0.217,0.304,2.208,0.179,0.52,-0.014,-0.001,0.001
115.51981401443481,0.184,0.28,1.98,0.242,0.627,-0.017,-0.001,0.001
115.52987718582153,0.612,0.249,1.826,0.226,0.558,-0.013,0.0,0.0
115.53973770141602,0.228,0.258,2.13,0.284,0.674,-0.007,0.0,0.0
115.55114459991455,0.612,0.25,1.744,0.181,0.473,-0.002,0.0,0.0
115.56045985221863,0.075,0.252,2.122,0.187,0.288,0.0,0.0,0.0
115.56995058059692,0.206,0.259,2.107,-0.093,0.675,-0.002,0.0,0.0
115.57984018325806,0.48,0.269,1.88,0.076,0.265,-0.007,-0.001,0.001
115.58991813659668,0.206,0.259,1.877,0.049,0.317,-0.009,0.0,0.0
115.6008710861206,0.283,0.249,1.663,0.23,0.608,-0.003,0.0,0.0
115.6107406616211,0.425,0.179,2.038,-0.019,0.666,0.0,0.0,0.0
115.62081456184387,0.502,0.236,1.903,-0.057,0.663,-0.004,-0.002,0.002
115.63074350357056,0.25,0.27,1.974,-0.068,0.546,0.0,0.0,0.0
115.64071536064148,0.097,0.198,2.203,-0.047,0.765,-0.008,0.0,0.0
115.65030527114868,0.239,0.248,2.107,-0.051,0.817,-0.007,0.0,0.0
115.65998816490173,0.502,0.238,2.416,-0.037,0.817,-0.003,0.0,0.0
115.67026686668396,0.261,0.308,2.008,0.262,0.437,-0.007,-0.001,-0.001
115.67984557151794,0.305,0.289,2.407,0.032,0.675,-0.01,0.0,0.0
115.69095540046692,0.491,0.285,2.395,0.147,0.401,-0.014,0.0,0.0
115.70018196105957,0.513,0.311,2.3,-0.062,0.733,-0.005,0.0,0.0
115.71012830734253,0.36,0.294,2.375,0.168,0.624,-0.012,-0.001,-0.001
115.71981906890869,0.075,0.29,2.189,0.238,0.692,-0.008,0.0,0.0
115.73017382621765,0.097,0.307,2.135,0.099,0.704,-0.009,0.0,0.0
115.7398521900177,0.48,0.249,2.173,0.083,0.761,-0.006,0.0,0.0
115.75005340576172,0.524,0.267,2.173,0.058,0.491,-0.003,0.0,0.0
115.76096105575562,0.338,0.29,1.866,-0.046,0.732,-0.009,0.0,0.0
115.77029013633728,0.327,0.292,2.054,-0.04,0.725,0.0,0.0,0.0
115.78019523620605,0.36,0.27,2.001,-0.066,0.705,0.0,0.0,0.0
115.78989291191101,0.294,0.353,2.044,0.064,0.588,0.0,0.0,0.0
115.79996085166931,0.108,0.262,1.882,-0.015,0.383,-0.005,0.0,0.0
115.80993175506592,0.535,0.306,1.63,0.037,0.481,-0.003,-0.001,0.001
115.82016682624817,0.283,0.233,1.77,0.301,0.351,-0.002,-0.001,0.001
115.83001804351807,0.371,0.243,2.078,0.086,0.739,-0.003,0.0,0.0
115.83981037139893,0.305,0.231,2.163,0.072,0.65,-0.009,0.0,0.0
115.84981608390808,0.316,0.308,1.992,0.302,0.327,-0.01,0.0,0.0
115.86023926734924,0.371,0.245,2.206,0.287,0.286,-0.01,0.0,0.0
115.87096619606018,0.305,0.252,2.284,0.116,0.579,-0.008,0.0,0.0
115.87991046905518,0.36,0.304,2.374,0.082,0.665,-0.013,-0.001,0.001
115.88992428779602,0.36,0.244,2.256,0.123,0.403,-0.017,0.0,0.0
115.90069508552551,0.108,0.279,2.213,0.369,0.466,-0.014,0.0,0.0
115.91073536872864,0.141,-0.003,2.308,0.093,0.603,-0.009,0.0,0.0
115.92089247703552,0.721,0.269,2.236,-0.002,0.64,-0.01,0.0,0.0
115.93066787719727,0.349,0.328,2.327,0.008,0.762,-0.009,0.0,0.0
115.94060969352722,0.152,0.181,2.259,-0.029,0.641,-0.014,-0.001,0.001
115.95005297660828,0.524,0.245,2.218,-0.035,0.65,-0.008,0.0,0.0
115.95988655090332,0.119,0.196,1.914,0.099,0.487,-0.01,0.0,0.0
115.97024464607239,0.59,0.211,1.739,-0.055,0.351,-0.003,0.0,0.0
115.97998404502869,0.316,0.201,1.934,-0.154,0.563,-0.004,0.0,0.0
115.99063086509705,0.316,0.211,2.052,-0.049,0.265,-0.008,0.0,0.0
115.99992561340332,0.152,0.147,2.042,-0.013,0.721,0.0,0.0,0.0
116.0101854801178,0.316,0.241,2.037,0.088,0.63,-0.005,0.0,0.0
116.0206995010376,0.535,0.278,1.996,0.006,0.764,-0.005,0.0,0.0
116.03006744384766,0.162,0.251,2.057,-0.081,0.677,-0.006,0.0,0.0
116.03975129127502,0.546,0.19,1.888,0.13,0.503,-0.006,0.0,0.0
116.05026769638062,0.327,0.324,1.83,0.216,0.516,-0.013,0.0,0.0
116.06055045127869,0.173,0.259,2.252,0.122,0.731,-0.013,0.0,0.0
116.06971788406372,0.579,0.201,2.407,0.066,0.821,-0.013,0.0,0.0
116.08028793334961,0.13,0.316,2.066,0.23,0.413,-0.017,0.0,0.0
116.09004855155945,0.349,0.258,2.463,0.009,0.885,-0.01,0.0,0.0
116.09994339942932,0.59,0.256,2.514,0.18,0.737,-0.022,0.0,0.0
116.10989427566528,0.36,0.31,2.027,0.34,0.491,-0.01,0.0,0.0
116.11998629570007,0.13,0.256,2.626,0.092,0.439,-0.026,0.0,0.0
116.12982702255249,0.371,0.274,2.318,0.019,0.789,-0.023,0.0,0.0
116.13969588279724,0.393,0.277,2.207,0.307,0.616,-0.022,0.0,0.0
116.15070509910583,0.316,0.294,2.178,0.321,0.532,-0.015,0.0,0.0
116.16074991226196,0.36,0.198,2.124,-0.051,0.727,-0.009,0.0,0.0
116.16979575157166,0.382,0.174,2.05,-0.073,0.627,-0.009,0.0,0.0
116.18128490447998,0.152,0.26,1.903,0.068,0.501,-0.014,0.0,0.0
116.1910412311554,0.316,0.213,2.093,0.139,0.4,-0.009,0.0,0.0
116.20093011856079,0.141,0.127,1.889,0.238,0.397,0.0,0.0,0.0
116.21005034446716,0.546,0.079,2.189,0.037,0.457,-0.004,0.0,0.0
116.21994042396545,0.097,0.039,2.117,0.063,0.898,-0.007,0.0,0.0
116.23097896575928,0.305,0.152,1.871,0.11,0.577,-0.008,0.0,0.0
116.23987412452698,0.349,0.282,2.183,0.027,0.69,-0.004,0.0,0.0
116.24976539611816,0.36,0.233,1.94,0.126,0.585,-0.008,0.0,0.0
116.26065349578857,0.327,0.21,2.024,0.309,0.346,-0.012,0.0,0.0
116.26981949806213,-0.111,0.181,2.307,0.104,0.613,-0.004,0.0,0.0
116.27980709075928,0.261,0.246,2.126,0.079,0.53,-0.01,0.0,0.0
116.29016065597534,0.338,0.258,2.297,0.259,0.543,-0.005,0.0,0.0
116.30110120773315,0.097,0.289,2.517,0.105,0.81,-0.015,0.0,0.0
116.30980396270752,0.458,0.323,2.526,0.18,0.802,-0.01,0.0,0.0
116.31990075111389,0.086,0.238,2.432,0.28,0.59,-0.021,0.0,0.0
116.3299708366394,0.557,0.258,2.394,0.366,0.596,-0.012,0.0,0.0
116.33975148200989,0.086,0.252,2.325,0.155,0.466,-0.026,0.0,0.0
116.34990167617798,0.469,0.195,2.143,0.306,0.561,-0.017,0.0,0.0
116.3604187965393,0.305,0.226,2.357,0.23,0.549,-0.021,0.0,0.0
116.36989831924438,0.119,0.12,2.19,-0.004,0.728,-0.015,0.0,0.0
116.37997341156006,0.491,0.278,2.239,0.073,0.488,-0.015,0.0,0.0
116.38986825942993,0.075,0.231,1.796,0.122,0.649,-0.021,-0.001,0.001
116.40027785301208,0.294,0.091,2.091,-0.007,0.657,-0.006,0.0,0.0
116.41002678871155,0.294,0.244,1.975,-0.024,0.856,-0.009,-0.001,0.001
116.41979837417603,0.491,0.216,2.033,0.071,0.739,-0.011,0.0,0.0
116.43067336082458,0.272,0.287,1.554,-0.005,0.54,-0.012,0.0,0.0
116.4401490688324,0.338,0.143,2.053,-0.088,0.779,0.0,0.0,0.0
116.44980311393738,0.327,0.239,2.027,-0.125,0.753,-0.008,0.0,0.0
116.46020078659058,0.305,0.232,1.975,0.046,0.631,-0.014,0.0,0.0
116.47003102302551,0.272,0.215,2.206,-0.048,0.734,-0.011,0.0,0.0
116.48013091087341,0.097,0.238,1.856,0.003,0.703,-0.008,0.0,0.0
116.48995161056519,0.535,0.233,2.324,0.097,0.653,-0.011,0.0,0.0
116.49990797042847,0.338,0.225,2.229,0.024,0.735,-0.026,0.0,0.0
116.50985813140869,0.316,0.249,2.533,0.236,0.569,-0.014,0.0,0.0
116.51968789100647,0.283,0.282,2.131,0.211,0.539,-0.011,-0.001,0.001
116.52992153167725,0.086,0.242,2.098,0.178,0.573,-0.011,-0.001,0.001
116.54015779495239,0.524,0.181,2.493,0.23,0.606,-0.015,0.0,0.0
116.5498468875885,0.316,0.201,2.432,0.129,0.833,-0.018,0.0,0.0
116.5602798461914,0.294,0.176,2.225,0.281,0.561,-0.017,0.0,0.0
116.56995129585266,0.064,0.209,2.415,0.036,0.842,-0.012,0.0,0.0
116.57977986335754,0.272,0.258,2.376,0.176,0.719,-0.018,-0.001,0.001
116.58985328674316,0.524,0.229,2.206,0.03,0.51,-0.013,0.0,0.0
116.6000235080719,0.338,0.262,1.995,0.187,0.397,-0.011,0.0,0.0
116.61076283454895,0.305,0.321,2.088,0.054,0.477,-0.006,0.0,0.0
116.61984658241272,0.272,0.282,2.079,-0.041,0.711,-0.009,0.0,0.0
116.62997579574585,0.283,0.265,1.825,0.006,0.576,-0.004,-0.001,0.001
116.64001369476318,0.305,0.196,1.964,0.079,0.525,-0.01,0.0,0.0
116.64978408813477,0.327,0.277,1.927,0.04,0.632,-0.007,0.0,0.0
116.6601312160492,0.13,0.269,1.987,0.143,0.486,-0.008,0.0,0.0
116.67023491859436,0.283,0.261,2.008,0.027,0.731,-0.005,0.0,0.0
116.67999529838562,0.272,0.277,2.272,-0.005,0.769,-0.014,0.0,0.0
116.68994355201721,0.272,0.276,2.192,0.09,0.509,-0.01,0.0,0.0
116.70022940635681,0.305,0.28,2.374,0.084,0.532,-0.012,0.0,0.0
116.70991230010986,0.305,0.267,2.432,0.124,0.75,-0.012,0.0,0.0
116.7196774482727,0.305,0.286,2.386,0.265,0.626,-0.017,0.0,0.0
116.73002195358276,0.283,0.353,2.075,0.262,0.64,-0.012,0.0,0.0
116.74082517623901,0.283,0.318,2.557,0.126,0.555,-0.01,0.0,0.0
116.7499098777771,0.294,0.276,2.627,0.093,0.74,-0.008,0.0,0.0
116.75969791412354,0.305,0.275,2.338,0.152,0.542,-0.017,0.0,0.0
116.77030348777771,0.305,0.289,2.11,0.325,0.558,-0.015,0.0,0.0
116.78039813041687,0.064,0.273,2.176,0.137,0.821,-0.013,0.0,0.0
116.79051423072815,0.447,0.182,2.366,0.057,0.868,-0.011,0.0,0.0
116.80074715614319,0.502,0.17,2.306,0.22,0.971,-0.015,0.0,0.0
116.81037282943726,0.316,0.214,2.281,-0.037,0.952,-0.012,0.0,0.0
116.81984496116638,0.327,0.154,2.358,-0.005,0.807,-0.01,0.0,0.0
116.83015275001526,0.097,0.223,2.278,0.077,0.547,-0.006,0.0,0.0
116.83998537063599,0.261,0.171,2.418,0.039,0.773,-0.007,0.0,0.0
116.8498420715332,0.261,0.179,2.035,0.023,0.522,-0.012,0.0,0.0
116.86000108718872,0.261,0.178,1.958,0.06,0.596,-0.002,0.0,0.0
116.87057113647461,0.513,0.194,1.921,0.104,0.49,-0.003,0.0,0.0
116.88017463684082,0.086,0.137,2.22,-0.067,0.808,-0.008,0.0,0.0
116.89065504074097,0.535,0.256,2.065,-0.072,0.837,-0.013,-0.001,0.001
116.90068411827087,0.086,0.196,2.236,0.002,0.812,-0.01,0.0,0.0
116.90997242927551,0.239,0.154,2.205,-0.037,0.756,-0.01,0.0,0.0
116.91991877555847,0.48,0.228,2.111,-0.025,0.508,-0.009,0.0,0.0
116.92989683151245,0.064,0.194,2.359,0.091,0.608,-0.018,0.0,0.0
116.940584897995,0.272,0.239,2.153,0.13,0.633,-0.017,0.0,0.0
116.94999599456787,0.305,0.208,2.533,-0.02,0.794,-0.008,0.0,0.0
116.96074366569519,0.524,0.241,2.453,0.214,0.898,-0.014,0.0,0.0
116.97072958946228,0.075,0.196,2.546,-0.054,0.829,-0.012,0.0,0.0
116.97984600067139,0.48,0.283,2.515,0.013,0.789,-0.022,0.0,0.0
116.99003529548645,0.097,0.322,2.769,0.099,0.712,-0.021,0.0,0.0
117.0002384185791,0.469,0.3,2.436,0.126,0.628,-0.011,0.0,0.0
117.01008534431458,0.086,0.257,2.542,0.002,0.815,-0.012,0.0,0.0
117.01983880996704,0.491,0.245,2.551,0.121,0.869,-0.023,0.0,0.0
117.02972054481506,0.535,0.228,2.349,0.071,0.801,-0.024,0.0,0.0
117.0408308506012,0.305,0.313,2.189,0.239,0.646,-0.013,0.0,0.0
117.05004239082336,0.327,0.275,2.26,-0.01,0.788,-0.005,0.0,0.0
117.05974864959717,0.327,0.285,2.29,0.049,0.57,-0.016,0.0,0.0
117.07091784477234,0.119,0.185,2.153,-0.008,0.6,-0.013,0.0,0.0
117.08093214035034,0.305,0.226,2.165,0.036,0.737,-0.009,0.0,0.0
117.09065794944763,0.502,0.31,2.028,-0.111,0.727,-0.011,0.0,0.0
117.10078239440918,0.316,0.164,2.265,-0.131,0.739,-0.008,0.0,0.0
117.11059784889221,0.086,0.215,2.116,-0.007,0.677,-0.006,0.0,0.0
117.11977434158325,0.272,0.221,2.094,-0.086,0.793,-0.011,0.0,0.0
117.12977647781372,0.294,0.233,1.859,0.179,0.619,-0.017,0.0,0.0
117.14001250267029,0.502,0.264,1.936,0.092,0.58,-0.012,-0.001,0.001
117.1498806476593,0.283,0.255,2.264,0.218,0.593,-0.009,0.0,0.0
117.15978598594666,0.283,0.228,2.268,0.129,0.599,-0.014,0.0,0.0
117.17085862159729,0.305,0.225,2.278,0.139,0.626,-0.017,0.0,0.0
117.17982292175293,0.283,0.288,2.281,0.071,0.837,-0.015,0.0,0.0
117.18987727165222,0.086,0.238,2.185,0.093,0.643,-0.03,0.0,0.0
117.1998598575592,0.294,0.23,2.477,0.182,0.707,-0.02,0.0,0.0
117.20993113517761,0.272,0.169,2.401,0.056,0.653,-0.018,0.0,0.0
117.21997809410095,0.283,0.227,2.35,0.148,0.656,-0.015,0.0,0.0
117.22991156578064,0.272,0.203,2.255,0.274,0.624,-0.027,0.0,0.0
117.24082136154175,0.261,0.232,2.728,0.133,0.542,-0.026,0.0,0.0
117.2498619556427,0.075,0.157,2.476,-0.005,0.779,-0.012,0.0,0.0
117.25978922843933,0.272,0.266,2.119,0.128,0.622,-0.02,-0.001,0.001
117.27059555053711,0.469,0.193,2.288,0.181,0.69,-0.015,0.0,0.0
117.28071284294128,0.283,0.125,2.096,0.065,0.774,-0.009,0.0,0.0
117.28983616828918,0.294,0.168,2.218,0.004,0.774,-0.015,0.0,0.0
117.2998595237732,0.086,0.234,2.387,0.027,0.578,-0.016,0.0,0.0
117.30989933013916,0.272,0.149,2.007,0.131,0.68,-0.015,0.0,0.0
117.32003283500671,0.272,0.085,2.086,0.046,0.579,-0.012,0.0,0.0
117.32997369766235,0.491,0.156,2.185,-0.025,0.739,-0.006,0.0,0.0
117.34030961990356,0.294,0.157,2.16,-0.018,0.762,-0.009,0.0,0.0
117.35027074813843,0.316,0.203,2.137,-0.013,0.751,-0.012,0.0,0.0
117.35982823371887,0.316,0.189,2.173,0.051,0.786,-0.011,-0.001,0.001
117.37069797515869,0.316,0.228,1.945,0.115,0.683,-0.011,0.0,0.0
117.37990307807922,0.294,0.197,2.098,0.008,0.777,0.0,0.0,0.0
117.38996601104736,0.294,0.246,2.112,0.122,0.679,-0.015,0.0,0.0
117.39985585212708,0.294,0.228,2.053,0.161,0.768,-0.022,0.0,0.0
117.4098699092865,0.272,0.242,2.265,0.158,0.626,-0.014,0.0,0.0
117.42002296447754,0.283,0.282,2.25,0.183,0.611,-0.013,0.0,0.0
117.42978954315186,0.458,0.093,2.491,0.203,0.731,-0.013,0.0,0.0
117.4397976398468,0.305,0.212,2.182,0.113,0.586,-0.021,0.0,0.0
117.45023822784424,0.097,0.253,2.21,0.158,0.675,-0.012,0.0,0.0
117.4597749710083,0.283,0.268,2.456,0.025,0.796,-0.013,0.0,0.0
117.47011232376099,0.491,0.275,2.129,0.154,0.61,-0.014,0.0,0.0
117.4801971912384,0.283,0.286,2.592,0.04,0.764,-0.011,0.0,0.0
117.49043035507202,0.305,0.27,2.419,0.074,0.724,-0.02,0.0,0.0
117.4998197555542,0.502,0.182,2.604,-0.045,0.737,-0.021,0.0,0.0
117.51067090034485,0.327,0.265,2.268,0.191,0.656,-0.027,0.0,0.0
117.52071237564087,0.316,0.232,2.444,0.024,0.727,-0.011,0.0,0.0
117.52986216545105,0.13,0.255,2.394,0.111,0.772,-0.011,0.0,0.0
117.54002285003662,0.579,0.318,2.446,0.168,0.64,-0.017,0.0,0.0
117.55027675628662,0.13,0.228,2.135,0.104,0.695,-0.021,0.0,0.0
117.55998039245605,0.535,0.233,2.34,0.073,0.738,-0.023,0.0,0.0
117.57007622718811,0.327,0.223,2.315,0.144,0.62,-0.017,0.0,0.0
117.5805242061615,0.316,0.249,2.262,0.113,0.772,-0.021,0.0,0.0
117.59065270423889,0.108,0.312,2.462,0.04,0.675,-0.018,0.0,0.0
117.5999014377594,0.502,0.232,2.214,0.037,0.749,-0.019,0.0,0.0
117.61073350906372,0.316,0.245,2.237,0.094,0.612,-0.023,0.0,0.0
117.61979150772095,0.338,0.176,2.37,-0.003,0.88,-0.017,0.0,0.0
117.62986207008362,0.349,0.234,2.277,0.239,0.577,-0.024,0.0,0.0
117.63977122306824,0.338,0.236,2.032,0.145,0.625,-0.017,-0.001,0.001
117.6503746509552,0.535,0.207,2.269,0.064,0.618,-0.022,0.0,0.0
117.66074991226196,0.119,0.197,2.381,0.033,0.765,-0.022,0.0,0.0
117.67007112503052,0.327,0.225,2.359,0.073,0.709,-0.019,0.0,0.0
117.68066024780273,0.36,0.251,2.198,0.031,0.656,-0.027,0.0,0.0
117.69081115722656,0.36,0.198,2.399,-0.028,0.74,-0.021,0.0,0.0
117.69985771179199,0.108,0.311,2.126,0.107,0.717,-0.022,0.0,0.0
117.70992660522461,0.327,0.281,2.423,0.124,0.652,-0.026,0.0,0.0
117.71978664398193,0.535,0.276,2.295,0.1,0.64,-0.022,0.0,0.0
117.73011112213135,0.141,0.211,2.108,0.112,0.626,-0.024,0.0,0.0
117.73974871635437,0.349,0.273,2.443,0.075,0.68,-0.02,0.0,0.0
117.75016617774963,0.305,0.287,1.932,0.112,0.621,-0.021,0.0,0.0
117.76007723808289,0.294,0.272,2.216,0.025,0.728,-0.019,0.0,0.0
117.77001118659973,0.535,0.29,2.239,0.108,0.621,-0.023,0.0,0.0
117.78077530860901,0.36,0.278,2.545,0.068,0.637,-0.02,0.0,0.0
117.79098463058472,0.13,0.231,2.277,0.044,0.703,-0.021,0.0,0.0
117.79977774620056,0.097,0.272,2.269,0.005,0.683,-0.021,0.0,0.0
117.81007432937622,0.535,0.214,2.532,0.119,0.572,-0.025,0.0,0.0
117.82051229476929,0.338,0.277,2.484,0.051,0.684,-0.017,0.0,0.0
117.82996773719788,0.119,0.197,2.364,0.055,0.709,-0.015,0.0,0.0
117.83978700637817,0.316,0.211,2.274,0.117,0.629,-0.018,0.0,0.0
117.84997463226318,0.535,0.192,2.305,0.141,0.648,-0.031,0.0,0.0
117.86006546020508,0.13,0.186,2.092,0.146,0.716,-0.026,0.0,0.0
117.87046504020691,0.272,0.222,2.368,0.143,0.626,-0.022,0.0,0.0
117.87986946105957,0.064,0.178,2.308,0.045,0.736,-0.028,0.0,0.0
117.88990378379822,0.502,0.241,2.343,0.138,0.624,-0.028,-0.001,0.001
117.9001133441925,0.316,0.228,2.167,0.158,0.638,-0.02,0.0,0.0
117.90983867645264,0.305,0.195,2.46,0.107,0.706,-0.014,0.0,0.0
117.91987872123718,0.075,0.176,2.082,0.167,0.654,-0.014,-0.001,0.001
117.92968988418579,0.535,0.188,2.085,0.17,0.687,-0.02,0.0,0.0
117.94036316871643,0.316,0.223,2.035,0.139,0.676,-0.025,0.0,0.0
117.95019602775574,0.316,0.148,2.144,0.107,0.7,-0.019,0.0,0.0
117.95973944664001,0.294,0.177,2.271,0.131,0.713,-0.019,0.0,0.0
117.9713683128357,0.316,0.191,2.039,0.145,0.607,-0.023,0.0,0.0
117.98065161705017,0.327,0.225,1.991,0.158,0.607,-0.016,0.0,0.0
117.9901020526886,0.316,0.184,2.042,0.061,0.7,-0.018,0.0,0.0
117.99975824356079,0.305,0.261,2.401,0.136,0.589,-0.015,0.0,0.0
118.01088213920593,0.305,0.231,2.15,0.175,0.611,-0.028,0.0,0.0
118.02071356773376,0.327,0.258,2.252,0.098,0.673,-0.015,0.0,0.0
118.03067064285278,0.524,0.169,2.218,0.058,0.708,-0.02,0.0,0.0
118.04032444953918,0.108,0.138,2.386,0.046,0.733,-0.017,0.0,0.0
118.04991722106934,0.327,0.229,2.491,0.086,0.681,-0.013,0.0,0.0
118.05987000465393,0.316,0.238,2.419,0.12,0.624,-0.026,-0.001,0.001
118.07057619094849,0.305,0.253,2.217,0.177,0.616,-0.022,0.0,0.0
118.08050203323364,0.305,0.2,2.449,0.11,0.679,-0.007,0.0,0.0
118.09064388275146,0.327,0.203,2.275,0.044,0.707,-0.019,0.0,0.0
118.09995412826538,0.535,0.195,2.323,0.058,0.69,-0.017,0.0,0.0
118.11030578613281,0.502,0.236,2.2,0.145,0.645,-0.018,0.0,0.0
118.12020659446716,0.13,0.217,2.509,0.081,0.68,-0.021,0.0,0.0
118.1301474571228,0.327,0.185,2.446,0.138,0.672,-0.013,0.0,0.0
118.1399621963501,0.524,0.182,2.414,0.116,0.67,-0.012,0.0,0.0
118.15004539489746,0.13,0.179,2.465,0.144,0.67,-0.021,0.0,0.0
118.15974307060242,0.338,0.206,2.238,0.113,0.629,-0.017,0.0,0.0
118.17019438743591,0.327,0.206,2.251,0.129,0.646,-0.016,0.0,0.0
118.17995929718018,0.327,0.194,2.459,0.084,0.689,-0.015,0.0,0.0
118.1903190612793,0.546,0.169,2.143,0.093,0.649,-0.017,0.0,0.0
118.20004844665527,0.119,0.185,2.415,0.097,0.709,-0.013,-0.002,0.002
118.21065378189087,0.349,0.186,2.399,0.146,0.673,-0.026,0.0,0.0
118.22063732147217,0.338,0.19,2.226,0.14,0.714,-0.023,0.0,0.0
118.22996926307678,0.316,0.175,2.341,0.167,0.711,-0.018,0.0,0.0
118.23989987373352,0.546,0.12,2.067,0.122,0.72,-0.019,0.0,0.0
118.25174045562744,0.349,0.178,2.449,0.122,0.71,-0.021,0.0,0.0
118.25990128517151,0.327,0.153,2.058,0.153,0.669,-0.012,0.0,0.0
118.26985740661621,0.349,0.174,2.37,0.091,0.672,-0.022,0.0,0.0
118.28076696395874,0.119,0.212,2.163,0.11,0.65,-0.02,0.0,0.0
118.29023861885071,0.546,0.145,2.153,0.109,0.676,-0.02,0.0,0.0
118.30082678794861,0.327,0.194,2.329,0.093,0.674,-0.021,0.0,0.0
118.31065011024475,0.36,0.262,2.154,0.084,0.684,-0.018,0.0,0.0
118.32077217102051,0.338,0.214,2.186,0.091,0.651,-0.019,0.0,0.0
118.33067512512207,0.13,0.187,2.329,0.082,0.641,-0.021,0.0,0.0
118.33973145484924,0.546,0.2,2.244,0.075,0.637,-0.019,0.0,0.0
118.34978914260864,0.141,0.275,1.943,0.106,0.632,-0.017,-0.001,0.001
118.35993003845215,0.327,0.246,2.114,0.108,0.624,-0.019,0.0,0.0
118.37001729011536,0.119,0.243,2.083,0.086,0.613,-0.012,0.0,0.0
118.38004684448242,0.535,0.249,2.272,0.083,0.624,-0.013,0.0,0.0
118.39037704467773,0.152,0.23,2.376,0.069,0.599,-0.016,0.0,0.0
118.40073871612549,0.524,0.153,2.224,0.069,0.638,-0.02,0.0,0.0
118.41080093383789,0.349,0.266,2.277,0.084,0.611,-0.025,0.0,0.0
118.42081785202026,0.327,0.232,2.184,0.087,0.61,-0.023,0.0,0.0
118.43072962760925,0.119,0.245,2.267,0.09,0.613,-0.025,0.0,0.0
118.44063591957092,0.316,0.218,2.257,0.11,0.619,-0.02,0.0,0.0
118.44971656799316,0.349,0.246,2.354,0.118,0.608,-0.016,-0.001,0.001
118.46027946472168,0.316,0.188,2.259,0.096,0.607,-0.025,0.0,0.0
118.47029232978821,0.305,0.195,2.368,0.097,0.602,-0.02,0.0,0.0
118.47994470596313,0.327,0.191,2.321,0.117,0.595,-0.014,0.0,0.0
118.4909496307373,0.327,0.175,2.134,0.126,0.596,-0.027,0.0,0.0
118.49979066848755,0.316,0.22,2.351,0.126,0.585,-0.015,0.0,0.0
118.51004528999329,0.316,0.127,2.198,0.133,0.57,-0.021,0.0,0.0
118.51997494697571,0.305,0.189,2.327,0.14,0.568,-0.016,0.0,0.0
118.5300681591034,0.327,0.155,2.219,0.135,0.565,-0.018,0.0,0.0
118.53981804847717,0.338,0.188,2.327,0.147,0.56,-0.022,0.0,0.0
118.54984736442566,0.327,0.175,2.239,0.144,0.549,-0.021,0.0,0.0
118.5611047744751,0.327,0.18,2.189,0.149,0.536,-0.018,0.0,0.0
118.57002186775208,0.535,0.19,2.277,0.138,0.507,-0.015,0.0,0.0
118.58014750480652,0.338,0.156,2.535,0.15,0.494,-0.017,0.0,0.0
118.59082245826721,0.13,0.176,2.381,0.15,0.447,-0.011,0.0,0.0
118.60074877738953,0.119,0.185,2.243,0.164,0.431,-0.018,0.0,0.0
118.6107566356659,0.524,0.208,2.287,0.175,0.443,-0.019,0.0,0.0
118.6206886768341,0.338,0.242,2.368,0.171,0.416,-0.016,0.0,0.0
118.63068461418152,0.338,0.209,2.415,0.192,0.405,-0.021,0.0,0.0
118.63975620269775,0.524,0.184,2.412,0.206,0.381,-0.023,0.0,0.0
118.64998364448547,0.349,0.227,2.225,0.197,0.399,-0.021,0.0,0.0
118.66111612319946,0.152,0.226,2.209,0.212,0.408,-0.021,0.0,0.0
118.67030668258667,0.535,0.261,2.007,0.222,0.4,-0.015,0.0,0.0
118.68008065223694,0.557,0.21,2.27,0.262,0.324,-0.022,0.0,0.0
118.68984031677246,0.152,0.226,2.078,0.257,0.371,-0.023,0.0,0.0
118.70097041130066,0.327,0.254,2.115,0.265,0.381,-0.024,0.0,0.0
118.71070194244385,0.535,0.281,2.298,0.306,0.323,-0.017,0.0,0.0
118.72068119049072,0.371,0.237,2.091,0.335,0.328,-0.018,0.0,0.0
118.73079514503479,0.141,0.229,2.327,0.362,0.3,-0.015,0.0,0.0
118.73981618881226,0.568,0.269,2.248,0.384,0.286,-0.024,0.0,0.0
118.74994230270386,0.371,0.237,2.027,0.37,0.345,-0.019,0.0,0.0
118.76043605804443,0.349,0.198,2.088,0.418,0.33,-0.021,0.0,0.0
118.76997065544128,0.349,0.179,2.204,0.47,0.253,-0.014,0.0,0.0
118.7799460887909,0.36,0.202,2.024,0.471,0.297,-0.02,0.0,0.0
118.79004859924316,0.382,0.182,2.164,0.491,0.284,-0.022,0.0,0.0
118.80003094673157,0.371,0.157,2.139,0.49,0.293,-0.019,0.0,0.0
118.80990147590637,0.371,0.171,2.243,0.513,0.281,-0.016,0.0,0.0
118.81970000267029,0.36,0.185,2.17,0.468,0.279,-0.024,0.0,0.0
118.83000802993774,0.371,0.163,2.107,0.492,0.33,-0.019,0.0,0.0
118.8399338722229,0.36,0.163,2.19,0.508,0.361,-0.021,-0.001,0.001
118.84986162185669,0.338,0.137,2.154,0.497,0.361,-0.02,0.0,0.0
118.86038494110107,0.152,0.148,2.147,0.511,0.321,-0.017,0.0,0.0
118.87060928344727,0.338,0.121,2.178,0.528,0.292,-0.024,0.0,0.0
118.87979531288147,0.371,0.157,2.233,0.574,0.315,-0.02,0.0,0.0
118.88988018035889,0.338,0.157,2.106,0.536,0.357,-0.015,0.0,0.0
118.90052628517151,0.371,0.152,2.137,0.562,0.296,-0.019,0.0,0.0
118.90972948074341,0.349,0.144,2.184,0.6,0.261,-0.014,0.0,0.0
118.91973972320557,0.349,0.166,2.03,0.558,0.302,-0.019,-0.001,0.001
118.9306972026825,0.327,0.172,2.141,0.575,0.265,-0.017,-0.001,0.001
118.93975901603699,0.349,0.141,2.241,0.559,0.239,-0.018,0.0,0.0
118.9498999118805,0.349,0.182,2.137,0.495,0.32,-0.016,0.0,0.0
118.95994400978088,0.141,0.197,2.179,0.571,0.329,-0.021,0.0,0.0
118.97025442123413,0.546,0.202,2.122,0.589,0.283,-0.013,-0.001,0.001
118.97982478141785,0.36,0.239,2.161,0.668,0.184,-0.01,0.0,0.0
118.98990225791931,0.36,0.219,1.972,0.712,0.292,-0.011,0.0,0.0
118.99995374679565,0.13,0.248,2.046,0.529,0.3,-0.015,0.0,0.0
119.00980949401855,0.546,0.252,2.075,0.628,0.278,-0.019,0.0,0.0
119.020681142807,0.338,0.236,2.178,0.623,0.259,-0.016,0.0,0.0
119.03011989593506,0.36,0.279,2.214,0.689,0.099,-0.011,0.0,0.0
119.03995752334595,0.36,0.264,2.128,0.722,0.299,-0.009,0.0,0.0
119.04992508888245,0.36,0.268,2.154,0.698,0.216,0.0,0.0,0.0
119.06038618087769,0.601,0.243,2.306,0.6,0.259,-0.009,0.0,0.0
119.07014989852905,0.36,0.258,2.295,0.589,0.161,-0.019,0.0,0.0
119.07994413375854,0.371,0.229,2.224,0.495,0.228,-0.026,0.0,0.0
119.0899224281311,0.371,0.258,2.164,0.48,0.311,-0.015,0.0,0.0
119.10013270378113,0.371,0.228,2.262,0.573,0.33,-0.014,0.0,0.0
119.1107885837555,0.579,0.203,2.221,0.528,0.135,-0.011,0.0,0.0
119.12060904502869,0.162,0.193,2.225,0.569,0.106,-0.01,0.0,0.0
119.13070487976074,0.382,0.177,2.223,0.602,0.187,-0.013,0.0,0.0
119.14006686210632,0.393,0.157,2.233,0.642,0.113,-0.009,0.0,0.0
119.14989018440247,0.382,0.159,2.249,0.639,0.218,-0.013,0.0,0.0
119.16042613983154,0.382,0.129,2.193,0.64,0.221,-0.022,-0.001,0.001
119.17046236991882,0.382,0.142,2.177,0.722,0.146,-0.015,0.0,0.0
119.17984247207642,0.371,0.114,2.282,0.677,0.141,-0.008,0.0,0.0
119.19014048576355,0.36,0.145,2.118,0.569,0.203,-0.004,0.0,0.0
119.20023894309998,0.371,0.114,2.222,0.73,0.113,-0.005,0.0,0.0
119.2099781036377,0.162,0.136,2.233,0.62,0.134,0.0,-0.001,0.001
119.22079467773438,0.579,0.185,2.254,0.557,0.185,0.0,-0.001,0.001
119.23060131072998,0.162,0.173,2.274,0.664,0.076,-0.013,-0.001,0.001
119.24039936065674,0.371,0.155,2.268,0.676,0.125,-0.025,0.0,0.0
119.24988722801208,0.36,0.143,2.323,0.661,0.055,-0.014,0.0,0.0
119.25977206230164,0.152,0.161,2.259,0.641,0.226,-0.011,0.0,0.0
119.27081179618835,0.349,0.187,2.218,0.553,0.297,-0.016,0.0,0.0
119.28013634681702,0.349,0.207,2.318,0.648,0.127,-0.015,0.0,0.0
119.28984999656677,0.36,0.226,2.336,0.704,0.241,-0.015,0.0,0.0
119.29987359046936,0.13,0.223,2.339,0.672,0.34,-0.014,0.0,0.0
119.31035566329956,0.349,0.227,2.244,0.556,0.236,-0.014,0.0,0.0
119.31977772712708,0.36,0.258,2.37,0.661,0.125,-0.018,0.0,0.0
119.33064222335815,0.327,0.263,2.117,0.604,0.249,-0.017,0.0,0.0
119.33998918533325,0.338,0.283,2.213,0.658,0.062,-0.015,0.0,0.0
119.34995818138123,0.327,0.289,2.225,0.672,0.285,-0.015,0.0,0.0
119.35979342460632,0.338,0.294,2.143,0.596,0.291,-0.014,0.0,0.0
119.3703031539917,0.338,0.3,2.144,0.636,0.278,-0.014,0.0,0.0
119.3804235458374,0.338,0.305,2.107,0.646,0.147,-0.009,0.0,0.0
119.38991594314575,0.338,0.257,2.098,0.621,0.099,0.0,0.0,0.0
119.40069389343262,0.349,0.284,2.039,0.615,0.239,0.0,0.0,0.0
119.41026067733765,0.338,0.268,2.074,0.591,0.033,-0.007,0.0,0.0
119.4197907447815,0.338,0.247,2.046,0.58,0.061,-0.02,0.0,0.0
119.4297571182251,0.338,0.233,2.062,0.542,0.293,-0.022,0.0,0.0
119.44003939628601,0.338,0.215,2.021,0.589,0.234,-0.019,0.0,0.0
119.44993591308594,0.327,0.214,2.078,0.66,0.205,-0.011,0.001,-0.001
119.45981884002686,0.338,0.201,2.096,0.582,0.436,-0.012,0.0,0.0
119.47126293182373,0.327,0.185,2.063,0.644,0.256,0.0,0.0,0.0
119.48050451278687,0.546,0.171,2.109,0.567,0.298,0.0,0.0,0.0
119.48999094963074,0.338,0.147,2.165,0.731,0.177,0.0,0.0,0.0
119.49981117248535,0.338,0.149,2.194,0.669,0.177,-0.013,0.0,0.0
119.51069784164429,0.349,0.14,2.141,0.67,0.33,-0.021,0.0,0.0
119.51974415779114,0.349,0.105,2.199,0.758,0.243,-0.018,0.0,0.0
119.52982234954834,0.327,0.135,2.168,0.647,0.382,-0.021,0.0,0.0
119.53991293907166,0.568,0.124,2.153,0.737,0.392,-0.019,0.0,0.0
119.54997205734253,0.36,0.1,2.131,0.674,0.375,0.0,0.0,0.0
119.55998516082764,0.349,0.111,2.165,0.674,0.366,0.0,0.0,0.0
119.57093524932861,0.349,0.114,2.145,0.666,0.312,0.0,0.0,0.0
119.58005809783936,0.601,0.111,2.138,0.769,0.192,-0.009,0.0,0.0
119.5900399684906,0.371,0.113,2.105,0.775,0.117,-0.014,0.0,0.0
119.60008597373962,0.382,0.143,2.119,0.81,0.294,-0.016,0.0,0.0
119.6101758480072,0.382,0.14,2.153,0.646,0.214,-0.02,0.0,0.0
119.62000155448914,0.601,0.156,2.098,0.72,0.129,-0.018,0.0,0.0
119.62974095344543,0.382,0.168,2.089,0.662,0.1,0.0,0.0,0.0
119.64036893844604,0.393,0.181,2.077,0.583,0.25,0.0,0.0,0.0
119.65066742897034,0.612,0.185,2.098,0.78,0.044,0.0,0.0,0.0
119.65972995758057,0.425,0.222,2.041,0.832,0.103,-0.008,0.0,0.0
119.67026805877686,0.414,0.229,2.014,0.742,0.189,-0.01,0.0,0.0
119.68081283569336,0.634,0.251,2.082,0.799,0.158,-0.015,0.0,0.0
119.68986535072327,0.425,0.215,2.051,0.871,0.041,-0.014,0.0,0.0
119.70076322555542,0.656,0.264,2.065,0.692,0.132,0.0,0.0,0.0
119.71078205108643,0.436,0.3,2.073,0.771,0.003,0.0,0.0,0.0
119.72088027000427,0.667,0.271,2.088,0.745,0.082,0.0,0.0,0.0
119.73070192337036,0.48,0.313,2.098,0.753,0.039,-0.008,0.0,0.0
119.74011540412903,0.458,0.252,2.103,0.732,0.052,-0.01,0.0,0.0
119.74991774559021,0.667,0.27,2.101,0.679,0.193,-0.009,0.0,0.0
119.76010537147522,0.48,0.255,2.107,0.637,0.125,0.0,0.0,0.0
119.77009606361389,0.71,0.223,2.065,0.727,0.146,0.0,0.0,0.0
119.77981972694397,0.502,0.225,2.103,0.767,0.136,0.0,0.0,0.0
119.79017281532288,0.721,0.196,2.019,0.68,0.236,-0.001,0.0,0.0
119.80000734329224,0.524,0.196,2.064,0.736,0.167,0.0,0.0,0.0
119.80983686447144,0.732,0.199,2.002,0.746,0.156,0.0,0.0,0.0
119.81981873512268,0.765,0.207,2.001,0.598,0.282,0.0,0.0,0.0
119.83004856109619,0.546,0.196,2.008,0.62,0.192,0.0,0.0,0.0
119.83982419967651,0.765,0.16,1.983,0.543,0.03,0.0,0.0,0.0
119.84986925125122,0.579,0.183,1.974,0.502,0.241,0.0,0.0,0.0
119.86052012443542,0.787,0.175,1.966,0.643,0.296,0.0,0.0,0.0
119.87028336524963,0.59,0.14,1.991,0.7,0.065,0.0,0.0,0.0
119.87984561920166,0.82,0.143,1.966,0.762,0.051,0.0,0.0,0.0
119.88990378379822,0.842,0.193,1.97,0.628,0.24,0.0,0.0,0.0
119.89993858337402,0.634,0.153,1.967,0.622,0.233,0.0,0.0,0.0
119.9107735157013,0.853,0.146,1.97,0.6,0.29,0.0,0.0,0.0
119.91964888572693,0.875,0.094,1.963,0.844,0.131,0.0,0.0,0.0
119.93006110191345,0.688,0.163,1.956,0.704,0.285,-0.007,0.001,-0.001
119.94067740440369,0.897,0.146,1.95,0.689,0.127,0.0,0.0,0.0
119.94975543022156,0.929,0.175,1.941,0.745,0.082,0.0,0.0,0.0
119.96000599861145,0.951,0.189,1.936,0.678,0.277,0.0,0.0,0.0
119.97052097320557,0.962,0.192,1.92,0.721,0.156,0.0,0.0,0.0
119.98024654388428,0.765,0.144,1.947,0.817,0.026,0.0,0.0,0.0
119.99003338813782,0.973,0.217,1.915,0.804,0.113,0.0,0.0,0.0
119.99986410140991,0.995,0.228,1.894,0.8,0.271,0.0,0.0,0.0
120.01058340072632,1.017,0.234,1.894,0.645,0.302,0.0,0.0,0.0
120.01971197128296,1.05,0.235,1.871,0.857,0.082,0.0,0.0,0.0
120.02994847297668,1.083,0.252,1.873,0.587,0.343,-0.001,0.0,0.0
120.0400972366333,1.105,0.278,1.859,0.755,0.229,0.0,0.0,0.0
120.04990911483765,1.105,0.226,1.832,0.819,0.203,0.0,0.0,0.0
120.0597288608551,1.149,0.244,1.822,0.735,0.166,0.0,0.0,0.0
120.07039284706116,0.94,0.237,1.816,0.734,0.324,0.0,0.0,0.0
120.08012199401855,1.149,0.228,1.757,0.828,0.123,0.0,0.0,0.0
120.08979845046997,1.181,0.208,1.748,0.773,0.052,0.0,0.0,0.0
120.09983730316162,1.225,0.226,1.749,0.712,0.224,0.0,0.0,0.0
120.11077976226807,1.236,0.24,1.676,0.616,0.162,0.0,0.001,-0.001
120.12076210975647,1.455,0.197,1.649,0.73,0.126,0.0,0.0,0.0
120.12976312637329,1.291,0.187,1.619,0.779,0.08,0.0,0.0,0.0
120.14001512527466,1.313,0.233,1.607,0.741,0.297,0.0,0.0,0.0
120.15057611465454,1.346,0.187,1.554,0.668,0.422,-0.001,0.0,0.0
120.15999841690063,1.368,0.181,1.528,0.738,0.091,0.0,0.0,0.0
120.17015504837036,1.379,0.162,1.498,0.593,0.277,0.0,0.0,0.0
120.18136096000671,1.412,0.16,1.476,0.664,0.229,0.0,0.0,0.0
120.18970680236816,1.455,0.177,1.47,0.539,0.253,0.0,0.0,0.0
120.20012640953064,1.466,0.193,1.4,0.705,0.307,0.0,0.0,0.0
120.21030139923096,1.499,0.17,1.375,0.682,0.271,0.0,0.0,0.0
120.22047472000122,1.718,0.157,1.404,0.751,0.173,0.0,0.0,0.0
120.2297294139862,1.346,0.164,1.39,0.799,0.156,0.0,0.001,0.001
120.24009227752686,1.773,0.169,1.424,0.72,0.378,0.0,0.0,0.0
120.2501289844513,1.62,0.164,1.375,0.636,0.357,0.0,0.0,0.0
120.25995516777039,1.631,0.127,1.467,0.693,0.13,0.0,0.0,0.0
120.2702898979187,1.455,0.169,1.469,0.681,0.158,0.0,0.0,0.0
120.28061246871948,1.686,0.179,1.405,0.895,0.148,0.0,0.0,0.0
120.29047298431396,1.718,0.153,1.466,0.855,0.103,0.0,0.0,0.0
120.29991745948792,1.521,0.211,1.474,0.854,0.115,0.0,0.0,0.0
120.31031489372253,1.97,0.2,1.503,0.673,0.204,0.0,0.0,0.0
120.3198344707489,1.795,0.217,1.445,0.823,0.082,0.0,0.0,0.0
120.33088874816895,1.817,0.238,1.499,0.818,0.279,0.0,0.0,0.0
120.33979749679565,1.653,0.297,1.497,0.821,0.031,0.0,0.0,0.0
120.3507227897644,1.653,0.249,1.512,0.754,0.265,0.0,0.0,0.0
120.35983920097351,1.883,0.252,1.439,0.746,0.082,0.0,0.0,0.0
120.37024068832397,1.916,0.242,1.43,0.727,0.129,0.0,0.0,0.0
120.38001322746277,1.762,0.258,1.399,0.771,0.154,0.0,0.0,0.0
120.39053606987,1.751,0.254,1.441,0.721,0.123,0.0,0.0,0.0
120.40066695213318,1.74,0.243,1.392,0.823,-0.051,0.0,0.0,0.0
120.40981841087341,1.795,0.247,1.4,0.899,0.036,0.0,0.0,0.0
120.41993570327759,1.795,0.278,1.388,0.752,0.187,-0.008,0.0,0.0
120.43044686317444,1.598,0.3,1.447,0.826,0.322,0.0,0.0,0.0
120.4397964477539,1.817,0.293,1.384,0.768,0.12,0.0,0.0,0.0
120.45049977302551,1.839,0.233,1.449,0.668,0.208,0.0,0.0,0.0
120.45994758605957,1.894,0.227,1.412,0.804,0.015,0.0,0.0,0.0
120.46993327140808,1.861,0.222,1.361,0.645,0.152,0.0,0.0,0.0
120.48001217842102,1.686,0.217,1.39,0.782,0.188,0.0,0.0,0.0
120.49016189575195,1.642,0.262,1.465,0.786,0.217,0.0,0.0,0.0
120.50023198127747,1.916,0.182,1.382,0.747,0.066,0.0,0.0,0.0
120.50984334945679,1.664,0.191,1.433,0.888,0.137,0.0,0.0,0.0
120.52091979980469,1.948,0.191,1.481,0.673,0.195,0.0,0.0,0.0
120.53010153770447,1.477,0.171,1.503,0.832,0.129,0.0,0.001,0.001
120.53981757164001,1.894,0.171,1.447,0.793,0.199,0.0,0.0,0.0
120.55043029785156,1.488,0.187,1.454,0.602,0.335,0.0,0.0,0.0
120.56017327308655,1.883,0.109,1.452,0.821,0.126,0.0,0.0,0.0
120.56983160972595,1.477,0.178,1.384,0.916,0.138,0.0,0.0,0.0
120.58042478561401,1.499,0.171,1.463,0.712,0.353,-0.004,0.0,0.0
120.59003520011902,1.675,0.13,1.433,0.875,0.127,-0.007,0.0,0.0
120.60075426101685,1.434,0.167,1.436,0.833,0.162,0.0,0.0,0.0
120.61068224906921,1.828,0.214,1.413,0.906,0.08,0.0,0.0,0.0
120.62109065055847,1.488,0.194,1.431,0.734,0.248,0.0,0.0,0.0
120.63093400001526,1.642,0.252,1.431,0.566,0.224,0.0,0.0,0.0
120.63976740837097,1.434,0.259,1.443,0.829,0.154,0.0,0.0,0.0
120.65112042427063,1.686,0.21,1.505,0.644,0.219,0.0,0.0,0.0
120.65998387336731,1.598,0.281,1.43,0.67,0.047,0.0,0.0,0.0
120.66980457305908,1.598,0.22,1.48,0.707,0.26,0.0,0.0,0.0
120.68123054504395,1.609,0.249,1.529,0.657,0.216,0.0,0.0,0.0
120.69090485572815,1.598,0.272,1.5,0.663,0.289,0.0,0.0,0.0
120.70076656341553,1.576,0.331,1.439,0.731,0.098,0.0,0.0,0.0
120.70993614196777,1.62,0.323,1.44,0.843,0.007,0.0,0.0,0.0
120.72132849693298,1.609,0.232,1.426,0.878,0.238,0.0,0.0,0.0
120.73026823997498,1.587,0.255,1.501,0.712,0.228,0.0,0.0,0.0
120.73986673355103,1.598,0.252,1.406,0.841,0.081,0.0,0.0,0.0
120.75023102760315,1.357,0.249,1.487,0.824,0.196,0.0,0.0,0.0
120.75996708869934,1.543,0.191,1.344,0.736,0.114,-0.001,0.0,0.0
120.77003407478333,1.587,0.259,1.428,0.772,0.136,0.0,0.0,0.0
120.77989387512207,1.532,0.204,1.371,0.608,0.15,0.0,0.0,0.0
120.79068160057068,1.477,0.235,1.409,0.639,0.179,0.0,0.0,0.0
120.79983520507812,1.795,0.141,1.36,0.794,0.075,0.0,0.0,0.0
120.81001806259155,1.521,0.169,1.41,0.601,0.28,0.0,0.0,0.0
120.81976318359375,1.762,0.226,1.289,0.64,0.261,0.0,0.0,0.0
120.83004093170166,1.521,0.203,1.373,0.587,0.274,0.0,0.0,0.0
120.83973383903503,1.313,0.195,1.266,0.662,0.196,0.0,0.0,0.0
120.85008454322815,1.729,0.219,1.285,0.634,0.273,0.0,0.0,0.0
120.86137747764587,1.718,0.179,1.336,0.664,0.186,-0.002,0.0,0.0
120.86975002288818,1.707,0.223,1.483,0.61,0.214,0.0,0.0,0.0
120.87975716590881,1.718,0.204,1.475,0.637,0.238,0.0,0.0,0.0
120.89055371284485,1.477,0.19,1.429,0.668,0.268,0.002,0.0,0.0
120.900075674057,1.74,0.17,1.308,0.822,0.084,-0.007,0.0,0.0
120.90986394882202,1.51,0.16,1.285,0.75,0.088,0.0,0.0,0.0
120.91986536979675,1.729,0.214,1.436,0.755,0.276,-0.005,0.0,0.0
120.93001985549927,1.499,0.196,1.459,0.859,0.265,0.0,0.0,0.0
120.9397144317627,1.477,0.23,1.419,0.746,0.095,0.0,0.0,0.0
120.95053339004517,1.707,0.224,1.365,0.648,0.135,0.0,0.0,0.0
120.95997262001038,1.543,0.228,1.381,0.915,0.004,0.0,0.0,0.0
120.97001242637634,1.477,0.273,1.382,0.844,0.218,0.0,0.001,0.001
120.9800341129303,1.423,0.271,1.324,0.627,0.111,0.0,0.0,0.0
120.99019384384155,1.707,0.263,1.382,0.847,0.09,0.0,0.0,0.0
120.99983167648315,1.444,0.258,1.285,0.784,0.062,0.0,0.0,0.0
121.00985050201416,1.696,0.266,1.371,0.89,0.213,0.0,0.0,0.0
121.02013397216797,1.455,0.303,1.402,0.81,0.234,0.0,0.0,0.0
121.03003978729248,1.642,0.28,1.268,0.786,-0.008,0.0,0.0,0.0
121.03978967666626,1.675,0.256,1.195,0.913,-0.025,0.0,0.0,0.0
121.04971051216125,1.455,0.265,1.25,0.703,0.138,0.0,0.0,0.0
121.06106066703796,1.653,0.267,1.212,0.705,0.135,0.0,0.0,0.0
121.07025480270386,1.675,0.358,1.293,0.912,0.045,0.0,0.0,0.0
121.07995963096619,1.696,0.284,1.279,0.759,0.057,0.0,0.0,0.0
121.09011793136597,1.675,0.274,1.334,0.769,0.007,0.0,0.0,0.0
121.10010266304016,1.664,0.174,1.303,0.833,0.147,-0.004,0.0,0.0
121.11013579368591,1.455,0.247,1.251,0.83,0.024,0.0,0.0,0.0
121.11965847015381,1.434,0.248,1.289,0.881,0.061,0.0,0.0,0.0
121.13071155548096,1.861,0.228,1.272,0.749,0.148,0.0,0.0,0.0
121.13971710205078,1.686,0.223,1.299,0.95,0.044,0.0,0.0,0.0
121.14999198913574,1.675,0.221,1.379,0.78,0.234,0.0,0.0,0.0
121.16022729873657,1.444,0.2,1.415,0.709,0.164,0.0,0.0,0.0
121.17043089866638,1.423,0.227,1.291,0.913,0.104,0.0,0.0,0.0
121.17983269691467,1.675,0.157,1.266,0.923,0.094,0.0,0.0,0.0
121.19020819664001,1.434,0.178,1.402,0.82,0.3,0.0,0.0,0.0
121.20010542869568,1.444,0.129,1.209,0.934,0.187,0.0,0.0,0.0
121.20983123779297,1.686,0.158,1.25,0.986,0.207,0.0,0.0,0.0
121.21971321105957,1.62,0.176,1.23,0.808,0.231,0.0,0.0,0.0
121.22988533973694,1.905,0.182,1.33,0.701,0.226,0.0,0.0,0.0
121.23980784416199,1.631,0.178,1.281,0.69,0.126,0.0,0.0,0.0
121.24976468086243,1.631,0.175,1.254,0.759,0.19,0.0,0.0,0.0
121.26092743873596,1.423,0.16,1.24,0.815,0.146,0.0,0.0,0.0
121.27107286453247,1.62,0.242,1.223,0.71,0.197,0.0,0.0,0.0
121.27986359596252,1.62,0.233,1.285,0.639,0.183,0.0,0.0,0.0
121.28991222381592,1.39,0.233,1.338,0.596,0.183,0.0,0.0,0.0
121.30049896240234,1.828,0.227,1.275,0.933,0.164,0.0,0.0,0.0
121.30985617637634,1.631,0.225,1.193,0.918,0.082,0.0,0.0,0.0
121.31972312927246,1.664,0.246,1.42,0.767,0.105,0.0,0.0,0.0
121.3300564289093,1.412,0.253,1.404,0.846,0.209,0.0,0.0,0.0
121.33977246284485,1.817,0.271,1.177,0.796,0.159,0.0,0.0,0.0
121.34982013702393,1.423,0.297,1.351,0.72,0.252,0.0,0.0,0.0
121.3605089187622,1.631,0.278,1.31,0.712,0.211,0.0,0.0,0.0
121.37149786949158,1.39,0.225,1.518,0.638,0.069,0.0,0.0,0.0
121.38050818443298,1.894,0.298,1.431,0.739,0.175,0.0,0.0,0.0
121.39004111289978,1.412,0.241,1.3,0.976,-0.031,0.0,0.0,0.0
121.40065836906433,1.642,0.276,1.269,0.899,0.141,0.0,0.0,0.0
121.41009664535522,1.598,0.195,1.335,0.748,0.095,0.0,0.0,0.0
121.41974544525146,1.401,0.191,1.261,0.72,0.067,0.0,0.0,0.0
121.43010544776917,1.817,0.266,1.398,0.764,0.131,0.0,0.0,0.0
121.44006419181824,1.609,0.156,1.306,0.751,0.136,0.0,0.0,0.0
121.44996929168701,1.664,0.214,1.237,0.858,0.088,0.0,0.0,0.0
121.46050310134888,1.828,0.224,1.405,0.842,0.053,0.0,0.0,0.0
121.47095465660095,1.653,0.196,1.203,0.854,0.036,0.0,0.0,0.0
121.47977209091187,1.85,0.287,1.317,0.897,0.04,0.0,0.0,0.0
121.48983359336853,1.412,0.172,1.398,0.769,0.205,0.0,0.0,0.0
121.50064420700073,1.85,0.168,1.255,0.715,0.223,0.0,0.0,0.0
121.51086521148682,1.434,0.137,1.313,0.919,0.019,0.0,0.0,0.0
121.51977491378784,1.62,0.17,1.31,0.846,0.084,0.0,0.0,0.0
121.5298924446106,1.642,0.075,1.479,0.707,0.191,0.0,0.0,0.0
121.53987121582031,1.62,0.175,1.448,0.792,0.279,0.0,0.0,0.0
121.54988098144531,1.653,0.157,1.418,0.604,0.176,0.0,0.0,0.0
121.56022834777832,1.423,0.164,1.426,0.769,0.202,-0.007,0.0,0.0
121.57024073600769,1.631,0.185,1.237,1.016,0.043,0.0,0.0,0.0
121.57982325553894,1.664,0.155,1.257,0.935,-0.03,-0.007,0.0,0.0
121.5900342464447,1.839,0.18,1.319,0.648,0.171,0.0,0.0,0.0
121.60007452964783,1.434,0.211,1.307,0.804,0.01,0.0,0.0,0.0
121.60987782478333,1.894,0.224,1.245,0.801,0.011,0.0,0.0,0.0
121.61995363235474,1.412,0.253,1.391,0.668,0.222,0.0,0.0,0.0
121.63038873672485,1.839,0.224,1.328,0.964,0.137,0.0,0.0,0.0
121.64072775840759,1.631,0.236,1.176,0.79,-0.041,0.0,0.0,0.0
121.65006256103516,1.642,0.174,1.225,0.956,-0.113,0.001,0.0,0.0
121.65975999832153,1.707,0.275,1.177,0.736,0.142,0.0,0.0,0.0
121.67023611068726,1.642,0.302,1.248,0.656,0.087,0.0,0.0,0.0
121.67989444732666,1.62,0.302,1.224,0.858,-0.056,0.0,0.0,0.0
121.68991208076477,1.664,0.233,1.421,0.891,0.083,0.0,0.0,0.0
121.70027017593384,1.653,0.29,1.245,0.763,0.118,0.0,0.0,0.0
121.70997548103333,1.423,0.225,1.252,1.008,-0.043,0.0,0.0,0.0
121.71989631652832,1.883,0.301,1.362,0.872,0.157,0.0,0.0,0.0
121.73031330108643,1.631,0.302,1.286,0.784,0.115,0.0,0.0,0.0
121.73976707458496,1.434,0.269,1.254,1.069,-0.032,0.0,0.0,0.0
121.75042152404785,1.653,0.297,1.382,0.677,0.169,0.0,0.0,0.0
121.75977301597595,1.444,0.179,1.212,0.874,0.024,0.0,0.0,0.0
121.7701325416565,1.609,0.26,1.297,0.864,0.1,0.0,0.0,0.0
121.77984595298767,1.631,0.232,1.231,1.007,-0.002,0.0,0.0,0.0
121.79041934013367,1.675,0.117,1.277,0.795,0.159,0.002,0.0,0.0
121.80078077316284,1.631,0.179,1.141,1.054,0.028,0.0,0.0,0.0
121.80998921394348,1.62,0.233,1.085,1.033,-0.031,0.0,0.0,0.0
121.81999635696411,1.675,0.287,1.205,0.788,0.054,0.0,0.0,0.0
121.83001708984375,1.62,0.166,1.298,0.756,0.066,0.0,0.0,0.0
121.83973860740662,1.631,0.235,1.282,0.776,0.086,0.0,0.0,0.0
121.85026621818542,1.653,0.131,1.188,0.797,-0.055,0.0,0.0,0.0
121.86063575744629,1.609,0.216,1.136,0.847,-0.007,0.0,0.0,0.0
121.86979532241821,1.62,0.13,1.306,0.844,0.065,0.0,0.0,0.0
121.87975835800171,1.444,0.21,1.395,0.664,0.169,0.0,0.0,0.0
121.89022159576416,1.609,0.197,1.353,0.731,0.164,0.0,0.0,0.0
121.90040826797485,1.609,0.204,1.249,0.855,-0.104,0.0,0.0,0.0
121.90983748435974,1.598,0.157,1.193,0.927,0.013,0.0,0.0,0.0
121.91972804069519,1.642,0.181,1.251,0.822,0.095,0.0,0.0,0.0
121.93005776405334,1.598,0.214,1.318,0.851,0.133,0.0,0.0,0.0
121.93982744216919,1.587,0.171,1.303,0.829,0.05,0.0,0.0,0.0
121.95005130767822,1.444,0.207,1.291,0.863,0.216,0.0,0.0,0.0
121.96080899238586,1.631,0.23,1.228,0.982,0.037,0.0,0.0,0.0
121.9710009098053,1.598,0.301,1.079,0.851,-0.029,0.0,0.001,0.001
121.97976899147034,1.576,0.309,1.235,0.836,0.057,0.0,0.0,0.0
121.99023914337158,1.609,0.252,1.179,0.878,0.151,0.0,0.0,0.0
122.00081968307495,1.587,0.254,1.089,0.962,0.042,0.0,0.0,0.0
122.01064085960388,1.795,0.299,1.241,0.91,0.013,0.0,0.0,0.0
122.02062273025513,1.39,0.16,1.087,0.937,0.012,0.0,0.0,0.0
122.03085684776306,1.565,0.252,1.117,1.027,-0.013,0.0,0.0,0.0
122.04080843925476,1.839,0.262,1.214,0.931,-0.008,0.0,0.0,0.0
122.04974889755249,1.609,0.308,1.196,0.904,-0.101,0.0,0.0,0.0
122.06051063537598,1.609,0.21,1.346,0.789,0.166,0.0,0.0,0.0
122.07142806053162,1.817,0.239,1.182,1.032,-0.068,0.0,0.0,0.0
122.07986354827881,1.686,0.28,1.476,0.759,0.125,0.0,0.0,0.0
122.09010767936707,1.401,0.243,1.413,1.006,0.207,0.0,0.0,0.0
122.10011649131775,1.587,0.204,1.508,0.88,-0.039,0.0,0.0,0.0
122.10994172096252,1.653,0.236,1.425,0.745,0.163,0.0,0.0,0.0
122.119788646698,1.598,0.289,1.41,0.738,0.121,0.0,0.0,0.0
122.12977981567383,1.62,0.252,1.44,0.771,0.157,0.0,0.0,0.0
122.13987469673157,1.609,0.203,1.44,0.821,0.202,0.001,0.0,0.0
122.1498634815216,1.609,0.244,1.307,0.969,0.182,0.0,0.0,0.0
122.16000580787659,1.62,0.198,1.173,0.85,0.163,0.0,0.0,0.0
122.17097496986389,1.872,0.153,1.372,0.882,0.036,0.0,0.0,0.0
122.17985892295837,1.839,0.197,1.26,1.066,-0.001,0.0,0.0,0.0
122.19003915786743,1.62,0.205,1.105,0.829,0.119,0.0,0.0,0.0
122.19974613189697,1.686,0.18,1.331,0.84,-0.063,0.0,0.0,0.0
122.20998430252075,1.631,0.185,1.128,0.811,0.193,0.0,0.0,0.0
122.22022747993469,1.423,0.218,1.292,0.79,0.076,0.0,0.0,0.0
122.22980952262878,1.861,0.239,1.138,0.952,0.058,0.0,0.0,0.0
122.24074721336365,1.642,0.232,1.288,0.759,0.036,0.0,0.0,0.0
122.25085806846619,1.642,0.262,1.211,0.974,-0.063,0.0,0.0,0.0
122.25987148284912,1.839,0.172,1.159,1.002,-0.065,0.001,0.0,0.0
122.27099561691284,1.488,0.244,1.197,0.846,0.032,0.0,0.0,0.0
122.28067517280579,1.675,0.247,1.208,1.011,-0.04,0.0,0.0,0.0
122.29004335403442,1.642,0.311,1.151,0.933,-0.144,0.0,0.0,0.0
122.29985690116882,1.664,0.268,1.158,0.962,0.026,0.0,0.0,0.0
122.31044411659241,1.664,0.303,1.28,0.701,0.025,0.0,0.0,0.0
122.31971740722656,1.653,0.29,1.175,1.049,-0.09,0.0,0.0,0.0
122.32975888252258,1.642,0.303,1.416,0.727,0.106,0.0,0.0,0.0
122.3399486541748,1.62,0.279,1.231,0.704,0.013,0.0,0.0,0.0
122.35011100769043,1.686,0.287,1.22,0.883,0.013,0.0,0.0,0.0
122.35998582839966,1.85,0.287,1.059,0.772,-0.139,0.0,0.0,0.0
122.37016344070435,1.434,0.282,1.301,0.956,-0.182,0.0,0.0,0.0
122.37996912002563,1.839,0.152,1.107,1.069,0.05,0.0,0.0,0.0
122.38993883132935,1.696,0.33,1.21,0.844,0.064,0.0,0.0,0.0
122.39985823631287,1.653,0.334,1.188,0.985,0.014,0.0,0.0,0.0
122.41067624092102,1.444,0.283,1.252,0.824,0.071,0.0,0.0,0.0
122.4197940826416,1.85,0.253,1.064,1.08,-0.118,0.0,0.0,0.0
122.42978119850159,1.477,0.279,1.287,0.923,0.135,0.0,0.0,0.0
122.43974876403809,1.653,0.246,1.327,0.813,-0.002,0.0,0.0,0.0
122.45012640953064,1.631,0.211,1.244,0.88,0.081,0.0,0.0,0.0
122.45985102653503,1.642,0.215,1.224,0.956,0.027,0.0,0.0,0.0
122.47021126747131,1.675,0.248,1.325,0.75,0.12,0.0,0.0,0.0
122.48004961013794,1.696,0.205,1.091,1.044,0.044,0.0,0.0,0.0
122.49095869064331,1.642,0.201,1.065,0.855,0.014,0.0,0.0,0.0
122.49977445602417,1.642,0.168,1.234,1.104,0.145,0.0,0.0,0.0
122.51074552536011,1.916,0.18,1.219,0.86,0.06,0.0,0.0,0.0
122.51986193656921,1.653,0.221,1.277,1.041,-0.012,0.0,0.0,0.0
122.53006625175476,1.642,0.222,1.433,1.041,0.143,0.0,0.0,0.0
122.53991031646729,1.664,0.189,1.04,1.046,0.136,0.0,0.0,0.0
122.54981112480164,1.686,0.192,1.4,0.947,0.026,0.0,0.0,0.0
122.55991768836975,1.664,0.201,1.34,0.936,0.063,0.0,0.0,0.0
122.57033252716064,1.664,0.217,1.327,0.773,0.082,0.0,0.0,0.0
122.58037829399109,1.466,0.239,1.39,0.887,-0.038,0.0,0.0,0.0
122.5900092124939,1.653,0.215,1.175,1.061,-0.037,0.0,0.0,0.0
122.59979367256165,1.905,0.229,1.278,0.839,-0.017,0.0,0.0,0.0
122.60983347892761,1.74,0.214,1.41,0.879,0.051,0.0,0.0,0.0
122.62027931213379,1.477,0.234,1.355,0.984,0.115,0.0,0.0,0.0
122.62984275817871,1.653,0.231,1.144,1.07,-0.067,0.001,0.0,0.0
122.63976812362671,1.653,0.26,1.356,0.85,0.093,0.0,0.0,0.0
122.65087151527405,1.675,0.266,1.242,0.999,0.092,0.0,0.0,0.0
122.65979790687561,1.894,0.3,1.127,1.057,-0.05,0.0,0.0,0.0
122.67023158073425,1.455,0.28,1.218,0.981,0.182,0.0,0.0,0.0
122.68026566505432,1.653,0.264,1.108,1.017,-0.062,0.0,0.0,0.0
122.69008779525757,1.872,0.223,1.018,0.938,-0.01,0.0,0.0,0.0
122.7007520198822,1.466,0.254,1.105,1.116,-0.063,0.0,0.0,0.0
122.71026754379272,1.696,0.271,1.194,0.995,-0.051,0.0,0.0,0.0
122.71997714042664,1.74,0.244,1.11,1.035,-0.048,0.0,0.0,0.0
122.73008489608765,1.444,0.18,1.177,1.042,-0.053,0.0,0.0,0.0
122.74000310897827,1.861,0.246,1.24,0.953,-0.02,0.0,0.0,0.0
122.75034308433533,1.434,0.198,1.091,0.864,0.092,0.0,0.0,0.0
122.75997018814087,1.664,0.237,1.17,1.081,-0.082,0.0,0.0,0.0
122.77008080482483,1.631,0.222,1.138,0.785,0.046,0.0,0.0,0.0
122.78091859817505,1.707,0.239,1.111,0.805,0.122,0.002,0.0,0.0
122.79005432128906,1.686,0.268,1.26,0.941,-0.01,0.0,0.0,0.0
122.79987478256226,1.664,0.191,1.164,0.953,0.11,0.0,0.0,0.0
122.8100414276123,1.664,0.272,0.923,0.78,0.135,0.0,0.0,0.0
122.82078981399536,1.861,0.146,1.295,0.889,0.048,0.0,0.0,0.0
122.83001279830933,1.729,0.185,1.198,1.054,-0.062,0.0,0.0,0.0
122.83984017372131,1.455,0.229,1.224,1.118,0.089,0.0,0.0,0.0
122.85009860992432,1.872,0.212,1.106,0.991,0.083,0.0,0.0,0.0
122.86076617240906,1.642,0.228,1.27,1.05,0.049,0.0,0.0,0.0
122.86986780166626,1.455,0.239,1.046,1.085,-0.083,0.0,0.0,0.0
122.88001585006714,1.664,0.199,1.299,0.941,0.108,0.0,0.0,0.0
122.89090538024902,1.905,0.195,1.241,1.021,0.09,0.0,0.0,0.0
122.89989304542542,1.488,0.266,1.155,1.007,0.038,0.0,0.0,0.0
122.91010046005249,1.696,0.243,1.223,0.978,0.102,0.0,0.0,0.0
122.92066597938538,1.653,0.26,1.054,1.06,-0.036,0.0,0.0,0.0
122.93060755729675,1.664,0.219,1.174,1.067,-0.073,0.0,0.0,0.0
122.94003653526306,1.653,0.329,1.188,1.127,-0.129,0.002,0.0,0.0
122.95072364807129,1.653,0.237,1.17,0.882,0.047,0.0,0.0,0.0
122.95993399620056,1.653,0.302,1.096,0.991,-0.149,0.0,0.0,0.0
122.9700756072998,1.686,0.268,1.273,0.948,-0.011,0.002,0.0,0.0
122.98109817504883,1.653,0.29,1.174,1.037,-0.085,0.0,0.0,0.0
122.9910991191864,1.434,0.304,1.286,0.854,-0.028,0.0,0.001,-0.001
123.00097393989563,1.85,0.288,1.41,0.958,-0.147,0.0,0.0,0.0
123.00996327400208,1.455,0.328,1.176,1.057,-0.164,0.0,0.0,0.0
123.0197913646698,1.872,0.289,1.395,0.864,-0.063,0.0,0.0,0.0
123.03053951263428,1.718,0.233,1.303,0.857,-0.025,0.0,0.0,0.0
123.03973197937012,1.499,0.256,1.122,1.089,-0.128,0.0,0.0,0.0
123.05071234703064,1.653,0.355,1.308,0.826,-0.036,0.0,0.0,0.0
123.06089377403259,1.444,0.213,1.281,1.095,-0.154,0.0,0.0,0.0
123.069828748703,1.839,0.263,1.252,0.882,-0.116,0.0,0.0,0.0
123.08035707473755,1.653,0.195,1.291,1.009,0.063,0.0,0.0,0.0
123.09079265594482,1.927,0.244,1.213,1.038,-0.133,0.0,0.0,0.0
123.09981346130371,1.675,0.188,1.135,0.96,-0.108,0.001,0.0,0.0
123.11076807975769,1.455,0.267,1.216,0.975,0.003,0.0,0.0,0.0
123.12073922157288,1.642,0.185,0.919,1.025,-0.08,0.0,0.0,0.0
123.13073015213013,1.85,0.248,1.136,1.083,-0.07,0.0,0.0,0.0
123.13967442512512,1.444,0.254,1.013,1.092,-0.119,0.0,0.0,0.0
123.15085744857788,1.927,0.176,0.994,0.864,0.02,0.0,0.0,0.0
123.16000318527222,1.499,0.135,1.166,1.065,-0.135,0.0,0.0,0.0
123.17000341415405,1.423,0.16,1.074,0.951,-0.016,0.0,0.0,0.0
123.18008399009705,1.631,0.183,1.143,1.01,-0.1,0.0,0.0,0.0
123.19080066680908,1.609,0.199,1.058,1.014,-0.058,0.0,0.0,0.0
123.1999306678772,1.631,0.127,1.097,1.076,-0.185,0.0,0.0,0.0
123.21008229255676,1.828,0.14,1.045,0.944,-0.105,0.0,0.0,0.0
123.22011208534241,1.444,0.209,1.015,0.952,-0.089,0.0,0.0,0.0
123.23001337051392,1.927,0.221,1.144,0.956,-0.094,0.0,0.0,0.0
123.23979616165161,1.675,0.236,1.3,0.928,-0.066,0.0,0.0,0.0
123.25021576881409,1.631,0.199,1.135,0.857,0.02,0.0,0.0,0.0
123.26008915901184,1.423,0.251,1.083,0.993,-0.095,0.001,0.0,0.0
123.26995062828064,1.653,0.253,1.133,0.863,-0.096,0.0,0.0,0.0
123.27982020378113,1.85,0.201,0.865,0.936,0.014,0.0,0.0,0.0
123.29038214683533,1.696,0.303,1.083,0.818,-0.069,0.0,0.0,0.0
123.30021786689758,1.675,0.226,0.975,1.074,-0.153,0.0,0.0,0.0
123.30991101264954,1.51,0.278,1.11,1.111,-0.057,0.0,0.0,0.0
123.32024097442627,1.62,0.322,1.275,1.066,-0.003,0.0,0.0,0.0
123.33093190193176,1.598,0.324,1.014,0.999,-0.109,0.0,0.0,0.0
123.3397867679596,1.85,0.325,1.087,1.003,-0.05,0.0,0.0,0.0
123.34993600845337,1.653,0.332,1.276,0.898,-0.022,0.0,0.0,0.0
123.36004877090454,1.927,0.277,1.058,1.042,0.018,0.0,0.0,0.0
123.37051630020142,1.664,0.3,1.229,1.078,-0.108,0.0,0.0,0.0
123.37981677055359,1.653,0.156,1.221,1.16,-0.206,0.0,0.0,0.0
123.39004182815552,1.653,0.239,1.298,0.961,-0.076,0.0,0.0,0.0
123.40009665489197,1.861,0.323,1.083,0.988,0.034,0.0,0.0,0.0
123.41071844100952,1.488,0.288,1.138,0.962,-0.182,0.0,0.0,0.0
123.42068791389465,1.729,0.298,1.131,1.01,-0.135,0.0,0.0,0.0
123.43002414703369,1.883,0.123,1.206,1.035,-0.118,0.0,0.0,0.0
123.43992352485657,1.444,0.181,1.289,1.073,0.014,0.0,0.0,0.0
123.44972038269043,1.653,0.188,1.384,0.745,0.057,0.0,0.0,0.0
123.46037793159485,1.664,0.214,1.387,0.725,0.028,0.001,0.0,0.0
123.47012710571289,1.883,0.174,1.125,1.16,-0.015,0.0,0.0,0.0
123.47997045516968,1.477,0.281,1.097,1.073,-0.035,0.0,0.0,0.0
123.49066758155823,1.477,0.196,1.183,1.119,-0.012,0.0,0.0,0.0
123.49981617927551,1.883,0.098,1.154,1.205,-0.152,0.0,0.0,0.0
123.5101375579834,1.466,0.158,1.306,0.815,0.085,0.0,0.0,0.0
123.51980829238892,1.872,0.163,1.074,1.265,-0.029,0.0,0.0,0.0
123.53086638450623,1.664,0.184,1.195,0.65,-0.034,0.0,0.0,0.0
123.54012680053711,1.653,0.154,1.213,0.954,-0.137,0.0,0.0,0.0
123.54990673065186,1.675,0.187,0.978,0.952,0.022,0.0,0.0,0.0
123.56002831459045,1.675,0.228,0.985,0.846,0.053,0.0,0.001,0.001
123.56996965408325,1.696,0.21,1.032,0.979,0.005,0.0,0.0,0.0
123.58007192611694,1.751,0.219,1.048,0.806,-0.026,0.0,0.0,0.0
123.59040093421936,1.521,0.241,0.911,0.858,-0.104,0.0,0.0,0.0
123.59980750083923,1.916,0.269,0.992,1.041,-0.219,0.0,0.0,0.0
123.61071920394897,1.455,0.289,1.048,0.758,-0.013,0.0,0.0,0.0
123.61992716789246,1.631,0.269,1.006,0.981,-0.168,0.0,0.0,0.0
123.62983393669128,1.839,0.306,1.111,0.953,-0.127,0.0,0.0,0.0
123.64076900482178,1.642,0.358,1.044,0.886,-0.138,0.0,0.0,0.0
123.65021324157715,1.653,0.272,1.125,1.023,-0.168,0.0,0.0,0.0
123.6600592136383,1.74,0.324,0.971,1.03,-0.182,0.001,0.0,0.0
123.67003393173218,1.883,0.303,1.062,0.889,-0.201,0.002,0.0,0.0
123.6808533668518,1.675,0.294,1.066,1.053,-0.153,0.0,0.0,0.0
123.69035863876343,1.455,0.357,1.127,1.111,-0.234,0.0,0.0,0.0
123.69997048377991,1.872,0.274,1.141,1.05,-0.238,0.0,0.0,0.0
123.71003651618958,1.466,0.235,1.191,1.083,-0.05,0.0,0.0,0.0
123.72050666809082,1.686,0.23,1.086,1.192,-0.21,0.0,0.0,0.0
123.72981333732605,1.872,0.169,1.122,1.217,-0.208,0.0,0.0,0.0
123.74001026153564,1.466,0.248,0.956,0.943,-0.103,0.0,0.0,0.0
123.75036597251892,1.675,0.21,1.264,0.888,-0.152,0.0,0.0,0.0
123.76042675971985,1.444,0.176,1.256,1.106,-0.162,0.0,0.0,0.0
123.76991653442383,1.872,0.162,1.02,1.19,-0.176,0.0,0.0,0.0
123.7800087928772,1.532,0.237,1.226,0.823,-0.071,0.0,0.0,0.0
123.79042649269104,1.707,0.144,1.069,0.931,-0.137,0.0,0.0,0.0
123.79978346824646,1.872,0.156,1.13,1.102,-0.208,0.0,0.0,0.0
123.81074380874634,1.444,0.159,1.451,0.893,-0.067,0.0,0.0,0.0
123.82075381278992,1.653,0.141,1.304,1.186,-0.225,0.0,0.0,0.0
123.83071446418762,1.664,0.085,1.16,1.052,-0.225,0.001,0.0,0.0
123.83968114852905,1.455,0.205,1.101,1.079,-0.194,0.0,0.0,0.0
123.85008025169373,1.839,0.211,1.404,0.818,0.019,0.0,0.0,0.0
123.86049294471741,1.412,0.171,1.043,1.079,-0.018,0.0,0.0,0.0
123.8697772026062,1.642,0.178,1.142,1.065,-0.088,0.007,0.0,0.0
123.88017320632935,1.642,0.175,1.156,1.057,-0.045,0.0,0.0,0.0
123.89051914215088,1.642,0.189,1.0,1.108,-0.121,0.0,0.0,0.0
123.8997905254364,1.883,0.213,1.151,1.192,-0.181,0.0,0.0,0.0
123.91073679924011,1.521,0.177,1.283,0.968,-0.134,0.0,0.0,0.0
123.92070984840393,1.675,0.157,1.134,1.108,-0.228,0.0,0.001,0.001
123.93034434318542,1.631,0.193,1.314,1.095,-0.303,0.0,0.0,0.0
123.93974781036377,1.631,0.287,0.806,1.096,-0.268,0.0,0.0,0.0
123.95014476776123,2.058,0.321,1.269,0.869,-0.082,0.001,0.0,0.0
123.96153545379639,1.423,0.292,1.018,0.922,-0.135,0.0,0.0,0.0
123.9698805809021,1.631,0.319,1.283,0.905,-0.097,0.0,0.0,0.0
123.97990727424622,1.74,0.287,1.221,1.05,-0.078,0.0,0.0,0.0
123.98989033699036,1.707,0.361,1.05,1.095,-0.091,0.0,0.0,0.0
124.00009536743164,1.861,0.28,1.096,0.843,-0.064,0.0,0.0,0.0
124.01006031036377,1.455,0.259,0.901,0.959,-0.191,0.001,0.0,0.0
124.01984357833862,1.434,0.307,1.016,1.136,-0.147,0.0,0.0,0.0
124.03080368041992,1.861,0.374,1.01,1.095,-0.157,0.0,0.0,0.0
124.04031801223755,1.883,0.223,0.913,1.038,-0.136,0.0,0.0,0.0
124.05004549026489,1.444,0.254,0.971,1.032,-0.254,0.0,0.0,0.0
124.06038475036621,1.916,0.329,1.027,1.013,-0.141,0.0,0.0,0.0
124.07039022445679,1.729,0.285,1.188,1.123,-0.214,0.0,0.0,0.0
124.08028197288513,1.686,0.242,0.944,1.114,-0.198,0.0,0.0,0.0
124.09031772613525,1.675,0.257,0.96,1.092,-0.254,0.0,0.0,0.0
124.10086965560913,1.444,0.24,1.033,1.086,-0.189,0.0,0.0,0.0
124.11105632781982,1.861,0.268,1.069,0.914,-0.013,0.0,0.0,0.0
124.12063336372375,1.455,0.235,1.18,0.802,0.025,0.0,0.0,0.0
124.13074493408203,1.872,0.248,1.135,1.212,-0.248,0.0,0.0,0.0
124.13976526260376,1.675,0.191,1.169,1.054,-0.175,0.0,0.0,0.0
124.15074896812439,1.477,0.197,1.279,0.826,-0.072,0.0,0.0,0.0
124.1597511768341,1.883,0.183,0.998,1.108,-0.142,0.0,0.0,0.0
124.17041206359863,1.499,0.177,1.232,0.851,-0.077,0.0,0.0,0.0
124.18015480041504,1.74,0.182,1.054,1.133,-0.196,0.0,0.0,0.0
124.1902642250061,1.883,0.189,1.063,0.985,-0.11,0.0,0.0,0.0
124.20059108734131,1.455,0.181,1.164,1.201,-0.196,0.0,0.0,0.0
124.2104880809784,1.642,0.14,1.088,1.233,-0.216,0.0,0.0,0.0
124.21992015838623,1.434,0.177,1.048,1.136,-0.222,0.0,0.0,0.0
124.2308087348938,1.861,0.226,1.264,0.979,-0.193,0.0,0.0,0.0
124.24090814590454,1.444,0.192,1.205,1.225,-0.175,0.0,0.0,0.0
124.24978828430176,1.642,0.257,1.305,0.845,-0.158,0.0,0.0,0.0
124.25979495048523,1.631,0.219,1.435,1.151,-0.087,0.0,0.0,0.0
124.27073001861572,1.631,0.276,1.219,0.894,-0.118,0.0,0.0,0.0
124.28008770942688,1.664,0.234,1.137,1.15,-0.194,0.0,0.0,0.0
124.28996276855469,1.455,0.252,1.0,1.048,-0.148,0.0,0.0,0.0
124.30077171325684,1.916,0.245,1.059,0.911,-0.157,0.0,0.0,0.0
124.3107807636261,1.707,0.244,1.078,1.099,-0.232,0.0,0.0,0.0
124.32073712348938,1.477,0.197,0.934,1.08,-0.187,0.001,0.0,0.0
124.3307535648346,1.631,0.249,0.963,1.159,-0.286,0.0,0.0,0.0
124.33995699882507,1.62,0.251,1.097,1.095,-0.333,0.0,0.0,0.0
124.34981322288513,1.62,0.247,0.876,1.046,-0.151,0.0,0.0,0.0
124.36014485359192,1.631,0.266,0.999,0.882,-0.143,0.0,0.0,0.0
124.37124991416931,1.828,0.216,1.018,1.004,-0.17,0.0,0.0,0.0
124.37995791435242,1.401,0.254,1.212,0.769,-0.195,0.008,0.0,0.0
124.3899302482605,1.576,0.255,0.884,1.179,-0.046,0.0,0.0,0.0
124.39995098114014,1.872,0.264,1.159,1.1,-0.096,0.0,0.0,0.0
124.4107620716095,1.664,0.198,0.932,0.795,-0.075,0.0,0.0,0.0
124.41974520683289,1.455,0.193,1.202,1.148,-0.203,0.0,0.0,0.0
124.42973065376282,1.434,0.244,1.105,0.786,-0.114,0.0,0.0,0.0
124.44070053100586,1.806,0.257,1.168,0.878,-0.12,0.0,0.0,0.0
124.44979286193848,1.62,0.229,1.044,0.991,-0.234,0.0,0.0,0.0
124.45983147621155,1.609,0.193,1.2,0.938,-0.107,0.0,0.0,0.0
124.47155332565308,1.62,0.207,0.885,0.737,-0.106,0.0,0.0,0.0
124.48031330108643,1.609,0.193,1.473,0.723,-0.077,0.0,0.0,0.0
124.48985433578491,1.653,0.194,1.142,1.152,-0.252,0.0,0.0,0.0
124.5002338886261,1.696,0.17,1.007,1.194,-0.264,0.0,0.0,0.0
124.51037645339966,1.642,0.18,1.179,1.015,-0.207,0.0,0.0,0.0
124.51976752281189,1.609,0.163,1.046,1.04,-0.232,0.0,0.0,0.0
124.52988839149475,1.609,0.229,1.255,0.992,-0.087,0.0,0.0,0.0
124.53995108604431,1.598,0.2,1.405,1.18,-0.215,0.0,0.0,0.0
124.54974007606506,1.62,0.192,1.116,0.974,-0.203,0.0,0.0,0.0
124.55983281135559,1.817,0.199,1.339,0.855,-0.205,0.0,0.0,0.0
124.57120370864868,1.401,0.216,1.113,0.833,-0.181,0.0,0.0,0.0
124.58028602600098,1.85,0.292,1.222,0.893,-0.272,0.001,0.0,0.0
124.58987712860107,1.707,0.246,1.194,1.153,-0.23,0.0,0.0,0.0
124.6008071899414,1.631,0.281,0.982,1.051,-0.236,0.0,0.0,0.0
124.61078882217407,1.839,0.305,1.094,1.177,-0.309,0.0,0.0,0.0
124.62076044082642,1.434,0.223,1.16,1.143,-0.209,0.0,0.0,0.0
124.63063669204712,1.817,0.345,1.138,1.226,-0.319,0.0,0.0,0.0
124.63990139961243,1.642,0.307,1.065,1.128,-0.32,0.0,0.0,0.0
124.6499125957489,1.412,0.298,1.082,0.969,-0.159,0.0,0.0,0.0
124.66013860702515,1.85,0.245,1.007,1.023,-0.249,0.0,0.0,0.0
124.67160868644714,1.653,0.285,0.972,1.019,-0.228,0.0,0.0,0.0
124.67987036705017,1.423,0.218,1.419,0.756,-0.181,0.0,0.0,0.0
124.68984007835388,1.872,0.295,1.288,1.033,-0.169,0.0,0.0,0.0
124.69985818862915,1.675,0.289,1.157,0.829,-0.181,0.0,0.0,0.0
124.71009469032288,1.707,0.24,1.077,1.105,-0.135,0.0,0.0,0.0
124.72087478637695,1.488,0.19,0.932,0.889,-0.258,0.0,0.0,0.0
124.7297260761261,1.85,0.14,0.863,1.138,-0.225,0.0,0.0,0.0
124.74043488502502,1.62,0.189,0.931,0.92,-0.142,0.0,0.0,0.0
124.75023651123047,1.423,0.147,0.992,1.187,-0.235,0.0,0.0,0.0
124.75975823402405,1.62,0.174,0.979,1.085,-0.254,0.0,0.0,0.0
124.77039337158203,1.817,0.189,1.169,0.911,-0.121,0.0,0.0,0.0
124.78070163726807,1.434,0.184,0.854,1.217,-0.256,0.0,0.0,0.0
124.79051685333252,1.839,0.251,1.026,1.072,-0.216,0.0,0.0,0.0
124.80017066001892,1.434,0.15,1.01,1.26,-0.271,0.0,0.0,0.0
124.81029796600342,1.653,0.208,0.988,1.223,-0.288,0.0,0.0,0.0
124.82005190849304,1.696,0.228,1.205,1.096,-0.262,0.0,0.0,0.0
124.82979917526245,1.631,0.195,1.216,1.141,-0.255,0.0,0.0,0.0
124.84027862548828,1.62,0.219,1.027,1.143,-0.151,0.0,0.0,0.0
124.8505551815033,1.861,0.155,1.103,1.113,-0.248,0.0,0.0,0.0
124.85976839065552,1.631,0.184,1.018,1.085,-0.316,0.0,0.0,0.0
124.86979150772095,1.434,0.181,1.015,0.753,-0.117,0.0,0.0,0.0
124.88032746315002,1.883,0.208,1.21,0.86,-0.179,0.0,0.0,0.0
124.89110255241394,1.455,0.22,1.161,0.972,-0.3,0.0,0.0,0.0
124.8997859954834,1.861,0.272,1.14,0.868,-0.242,0.0,0.0,0.0
124.90997052192688,1.412,0.272,0.955,0.933,-0.189,0.0,0.0,0.0
124.92021799087524,1.828,0.267,0.901,1.104,-0.193,0.0,0.0,0.0
124.92977499961853,1.412,0.263,0.997,1.024,-0.197,0.0,0.0,0.0
124.93975877761841,1.642,0.242,1.358,0.99,-0.194,0.008,0.0,0.0
124.95016169548035,1.905,0.202,1.312,1.115,-0.091,0.0,0.0,0.0
124.96082854270935,1.423,0.194,1.192,1.052,-0.298,0.0,0.0,0.0
124.96992588043213,1.85,0.248,1.14,1.09,-0.306,0.0,0.0,0.0
124.98022174835205,1.631,0.268,1.275,0.969,-0.182,0.0,0.0,0.0
124.9900381565094,1.817,0.217,1.064,1.02,-0.303,0.0,0.0,0.0
124.99982810020447,1.938,0.225,1.03,1.023,-0.27,0.0,0.0,0.0
125.01004481315613,1.499,0.256,1.284,1.055,-0.185,0.0,0.0,0.0
125.01996183395386,1.631,0.247,1.267,1.236,-0.17,0.0,0.0,0.0
125.0298204421997,1.664,0.239,1.21,1.126,-0.121,0.0,0.0,0.0
125.03983616828918,1.653,0.196,1.223,0.906,-0.154,0.0,0.0,0.0
125.0501618385315,1.664,0.2,1.369,0.882,-0.187,0.0,0.0,0.0
125.06001591682434,1.861,0.214,0.842,1.07,-0.22,0.0,0.0,0.0
125.06978726387024,1.51,0.162,1.061,0.802,-0.267,0.0,0.0,0.0
125.08096837997437,1.938,0.187,1.315,0.906,-0.172,0.0,0.0,0.0
125.08996319770813,1.751,0.185,1.027,0.77,-0.261,0.0,0.0,0.0
125.09990572929382,1.675,0.202,0.935,0.875,-0.161,0.001,0.0,0.0
125.1106641292572,1.664,0.22,1.007,1.135,-0.157,0.0,0.0,0.0
125.12058806419373,2.058,0.163,0.907,1.17,-0.238,0.001,0.0,0.0
125.1299078464508,1.455,0.206,1.091,1.074,-0.267,0.0,0.0,0.0
125.13978123664856,1.959,0.201,1.012,0.817,-0.187,0.0,0.0,0.0
125.15028476715088,1.729,0.187,1.377,0.74,-0.197,0.0,0.0,0.0
125.15988397598267,1.696,0.215,1.061,1.042,-0.307,0.0,0.0,0.0
125.16986036300659,1.488,0.196,1.229,0.902,-0.186,0.0,0.0,0.0
125.18107676506042,1.686,0.204,1.15,0.993,-0.221,0.0,0.0,0.0
125.19067478179932,1.686,0.255,1.219,0.937,-0.285,0.0,0.0,0.0
125.19983625411987,1.883,0.216,0.959,1.11,-0.379,0.0,0.0,0.0
125.2100203037262,1.521,0.272,1.234,0.86,-0.251,0.0,0.0,0.0
125.22020983695984,1.981,0.264,1.192,0.999,-0.339,0.0,0.0,0.0
125.23012828826904,1.74,0.235,0.944,1.011,-0.351,0.001,0.0,0.0
125.24009275436401,1.718,0.228,1.105,0.973,-0.381,0.0,0.0,0.0
125.25029039382935,1.488,0.306,0.832,1.17,-0.364,0.0,0.0,0.0
125.25988531112671,2.124,0.244,1.072,1.15,-0.324,0.0,0.0,0.0
125.26988744735718,1.521,0.238,0.964,0.869,-0.283,0.0,0.0,0.0
125.28073811531067,1.992,0.288,1.205,0.899,-0.327,0.0,0.0,0.0
125.29006862640381,1.565,0.26,0.995,1.116,-0.395,0.0,0.0,0.0
125.30070304870605,1.718,0.25,1.298,0.749,-0.321,0.0,0.0,0.0
125.31013655662537,1.696,0.191,0.984,1.157,-0.36,0.0,0.0,0.0
125.31997537612915,1.927,0.251,0.993,1.083,-0.316,0.0,0.0,0.0
125.3300712108612,1.718,0.274,1.229,0.976,-0.414,0.0,0.0,0.0
125.33984279632568,1.532,0.267,0.913,1.072,-0.319,0.0,0.0,0.0
125.35009503364563,1.959,0.22,1.186,1.293,-0.246,0.0,0.0,0.0
125.35996079444885,1.554,0.212,1.108,1.096,-0.28,0.0,0.0,0.0
125.37029123306274,1.587,0.238,1.27,0.911,-0.252,0.0,0.0,0.0
125.37990641593933,1.938,0.227,1.033,1.197,-0.395,0.0,0.0,0.0
125.39080119132996,1.51,0.236,1.128,1.137,-0.294,0.0,0.0,0.0
125.40074849128723,1.927,0.18,1.114,1.205,-0.352,0.0,0.0,0.0
125.4097888469696,1.718,0.212,1.078,1.129,-0.348,0.0,0.0,0.0
125.41980767250061,1.762,0.213,0.955,0.937,-0.252,0.0,0.0,0.0
125.4299168586731,2.025,0.201,1.255,0.875,-0.224,0.0,0.0,0.0
125.43984532356262,1.565,0.183,1.17,0.89,-0.234,0.0,0.0,0.0
125.45024299621582,1.74,0.209,1.298,0.99,-0.222,0.0,0.0,0.0
125.45994210243225,1.729,0.18,0.935,1.108,-0.385,0.0,0.0,0.0
125.47026085853577,1.51,0.177,0.841,1.004,-0.309,0.0,0.0,0.0
125.47985172271729,1.916,0.182,1.051,1.216,-0.302,0.0,0.0,0.0
125.4898955821991,1.521,0.19,1.222,0.775,-0.323,0.0,0.0,0.0
125.5001482963562,1.905,0.203,1.398,1.1,-0.232,0.0,0.0,0.0
125.51002192497253,1.488,0.202,0.79,1.228,-0.246,0.0,0.0,0.0
125.5197639465332,1.784,0.233,0.987,1.11,-0.25,0.0,0.0,0.0
125.52970218658447,1.773,0.261,1.105,0.905,-0.262,0.0,0.0,0.0
125.54075598716736,1.729,0.252,1.252,0.971,-0.288,0.0,0.001,0.001
125.55006217956543,1.718,0.263,1.097,1.088,-0.364,0.0,0.0,0.0
125.56002402305603,1.718,0.238,0.874,1.041,-0.356,0.0,0.0,0.0
125.57055377960205,1.729,0.232,1.0,0.992,-0.286,0.0,0.0,0.0
125.58039784431458,1.718,0.248,0.961,1.017,-0.357,0.0,0.0,0.0
125.58980655670166,1.499,0.256,0.945,1.202,-0.319,0.0,0.0,0.0
125.60002899169922,2.014,0.25,1.232,1.148,-0.209,0.0,0.0,0.0
125.61015820503235,1.576,0.274,1.064,1.076,-0.311,0.0,0.0,0.0
125.62041568756104,1.927,0.251,1.17,1.103,-0.326,0.0,0.0,0.0
125.629958152771,1.532,0.222,0.954,1.11,-0.372,0.0,0.0,0.0
125.63994264602661,1.488,0.245,1.198,0.986,-0.331,0.0,0.0,0.0
125.65087699890137,1.707,0.192,1.04,0.953,-0.347,0.0,0.0,0.0
125.65978908538818,1.905,0.245,1.084,1.063,-0.368,0.0,0.0,0.0
125.67001438140869,1.488,0.162,1.115,0.956,-0.337,0.0,0.0,0.0
125.67987108230591,1.795,0.221,1.132,0.921,-0.256,0.0,0.0,0.0
125.69099450111389,1.916,0.221,1.321,0.775,-0.292,0.0,0.0,0.0
125.69986391067505,1.521,0.248,1.041,0.982,-0.21,0.0,0.0,0.0
125.71077036857605,1.696,0.204,1.111,1.085,-0.234,0.0,0.0,0.0
125.72058629989624,1.729,0.169,1.172,1.148,-0.468,0.0,0.0,0.0
125.72977447509766,2.003,0.167,1.035,1.105,-0.318,0.0,0.001,-0.001
125.73976302146912,1.729,0.204,1.418,0.968,-0.27,0.0,0.0,0.0
125.75006437301636,1.718,0.187,1.236,0.904,-0.215,0.0,0.0,0.0
125.76020574569702,1.488,0.181,1.169,1.15,-0.291,0.002,0.0,0.0
125.77027606964111,1.686,0.165,1.239,1.134,-0.281,0.0,0.0,0.0
125.7802460193634,1.729,0.172,1.28,1.141,-0.317,0.001,0.0,0.0
125.79000067710876,1.74,0.181,1.102,1.116,-0.403,0.0,0.0,0.0
125.79978394508362,1.806,0.167,1.169,0.995,-0.232,0.0,0.0,0.0
125.80979204177856,1.707,0.211,1.363,0.987,-0.197,0.0,0.0,0.0
125.82062649726868,1.707,0.182,1.185,0.974,-0.21,0.0,0.0,0.0
125.82982420921326,1.696,0.173,0.947,1.242,-0.379,0.0,0.0,0.0
125.83978915214539,1.707,0.212,1.126,1.125,-0.241,0.0,0.0,0.0
125.85089111328125,1.981,0.195,1.018,0.896,-0.311,0.0,0.0,0.0
125.86021614074707,1.74,0.243,0.993,0.858,-0.35,0.0,0.0,0.0
125.87009048461914,1.729,0.214,0.896,1.18,-0.306,0.0,0.0,0.0
125.88007307052612,1.718,0.234,0.943,1.087,-0.388,0.0,0.0,0.0
125.89010334014893,1.948,0.231,0.893,1.092,-0.299,0.0,0.0,0.0
125.89982056617737,1.51,0.233,1.046,1.134,-0.268,0.0,0.0,0.0
125.90988278388977,1.532,0.263,1.002,0.936,-0.252,0.0,0.0,0.0
125.92073345184326,1.795,0.27,1.047,1.076,-0.307,0.0,0.0,0.0
125.93023633956909,1.762,0.256,0.944,1.246,-0.369,0.0,0.0,0.0
125.9398581981659,1.718,0.281,0.954,1.19,-0.434,0.0,0.0,0.0
125.95020008087158,1.707,0.273,1.149,1.2,-0.27,0.0,0.0,0.0
125.96092915534973,1.905,0.267,0.863,1.098,-0.368,0.0,0.0,0.0
125.96995258331299,1.477,0.284,1.008,1.071,-0.356,0.0,0.0,0.0
125.98077249526978,1.773,0.259,1.003,0.968,-0.299,0.0,0.0,0.0
125.99071550369263,1.488,0.206,0.905,1.095,-0.476,0.0,0.0,0.0
126.00060772895813,1.707,0.261,1.154,0.998,-0.377,0.0,0.0,0.0
126.00981545448303,1.707,0.257,0.894,1.138,-0.424,0.0,0.0,0.0
126.01990485191345,1.981,0.241,1.199,0.941,-0.271,0.0,0.0,0.0
126.03030586242676,1.773,0.224,1.053,0.906,-0.334,0.0,0.0,0.0
126.03983306884766,1.707,0.181,0.986,0.995,-0.44,0.0,0.0,0.0
126.04985070228577,1.488,0.241,1.092,0.863,-0.35,0.0,0.0,0.0
126.0609884262085,1.707,0.236,0.957,0.893,-0.277,0.0,0.0,0.0
126.07049298286438,1.751,0.205,1.159,0.82,-0.366,0.0,0.0,0.0
126.07985544204712,1.751,0.188,1.193,0.993,-0.382,0.0,0.0,0.0
126.09024477005005,1.707,0.216,0.856,0.982,-0.3,0.0,0.0,0.0
126.10013461112976,1.696,0.224,0.92,1.054,-0.35,0.0,0.0,0.0
126.10995125770569,1.762,0.123,0.92,0.943,-0.324,0.0,0.0,0.0
126.11974167823792,1.707,0.105,1.361,1.056,-0.322,0.0,0.0,0.0
126.13013863563538,1.927,0.146,1.001,0.893,-0.299,0.0,0.0,0.0
126.13975167274475,1.751,0.118,1.075,1.185,-0.372,0.0,0.0,0.0
126.1498920917511,1.718,0.125,1.102,1.16,-0.283,0.0,0.0,0.0
126.16106796264648,1.729,0.111,1.25,0.951,-0.268,0.0,0.0,0.0
126.17001557350159,1.938,0.191,1.177,1.033,-0.39,0.0,0.0,0.0
126.17984819412231,1.565,0.134,1.217,1.171,-0.359,0.0,0.0,0.0
126.19077205657959,1.729,0.218,1.245,0.971,-0.331,0.0,0.0,0.0
126.19988012313843,1.938,0.17,1.116,1.111,-0.432,0.0,0.0,0.0
126.20983743667603,1.51,0.142,1.221,1.008,-0.303,0.001,0.0,0.0
126.21988940238953,1.675,0.214,1.07,1.165,-0.265,0.0,0.0,0.0
126.22996401786804,1.992,0.188,1.341,1.057,-0.388,0.0,0.0,0.0
126.24079155921936,1.576,0.191,1.185,0.998,-0.382,0.0,0.0,0.0
126.24978709220886,1.729,0.228,1.058,1.177,-0.406,0.0,0.0,0.0
126.26123476028442,1.707,0.281,1.159,1.123,-0.286,0.0,0.0,0.0
126.2700583934784,1.718,0.29,1.09,0.848,-0.3,0.0,0.0,0.0
126.27981400489807,1.806,0.264,0.996,1.096,-0.321,0.0,0.0,0.0
126.28994250297546,1.729,0.262,1.149,0.837,-0.376,0.0,0.0,0.0
126.30076503753662,1.718,0.233,1.038,1.035,-0.337,0.0,0.0,0.0
126.30998373031616,1.74,0.288,0.966,1.151,-0.461,0.0,0.0,0.0
126.31982660293579,1.532,0.25,1.112,1.061,-0.402,0.0,0.0,0.0
126.3301317691803,1.718,0.255,1.012,0.915,-0.33,0.0,0.0,0.0
126.33980059623718,1.916,0.279,0.939,1.021,-0.452,0.0,0.0,0.0
126.34986543655396,1.532,0.224,0.965,0.917,-0.334,0.0,0.0,0.0
126.36014819145203,1.729,0.232,1.052,0.931,-0.43,0.0,0.0,0.0
126.37129545211792,1.762,0.189,1.036,1.11,-0.374,0.0,0.0,0.0
126.37988209724426,1.51,0.224,1.097,0.964,-0.359,0.0,0.0,0.0
126.38988924026489,1.707,0.183,1.181,0.863,-0.354,0.0,0.0,0.0
126.39994406700134,1.905,0.206,1.004,0.956,-0.449,0.0,0.0,0.0
126.4098858833313,2.003,0.174,1.047,1.019,-0.301,0.0,0.0,0.0
126.41974067687988,1.51,0.154,1.046,0.958,-0.358,0.0,0.0,0.0
126.43065547943115,1.718,0.179,1.208,0.805,-0.305,0.0,0.0,0.0
126.43987727165222,1.762,0.119,1.09,1.111,-0.465,0.0,0.0,0.0
126.44978022575378,1.916,0.111,1.292,1.003,-0.328,0.0,0.0,0.0
126.46020817756653,1.707,0.153,0.903,1.013,-0.26,0.0,0.0,0.0
126.47012233734131,1.762,0.144,0.945,1.08,-0.286,0.0,0.0,0.0
126.48072934150696,1.729,0.15,0.995,1.016,-0.352,0.0,0.0,0.0
126.49065279960632,1.729,0.109,1.005,0.987,-0.404,0.0,0.0,0.0
126.50077986717224,1.883,0.118,1.032,1.107,-0.395,0.0,0.0,0.0
126.5107192993164,1.795,0.134,1.084,1.047,-0.41,0.0,0.0,0.0
126.52001905441284,1.74,0.156,1.111,1.005,-0.391,0.0,0.0,0.0
126.53040528297424,1.521,0.151,1.191,0.891,-0.401,0.0,0.0,0.0
126.54030513763428,1.729,0.146,1.222,0.955,-0.405,0.0,0.0,0.0
126.55038928985596,1.664,0.176,1.05,1.121,-0.407,0.0,0.0,0.0
126.56024384498596,1.565,0.153,1.162,1.196,-0.452,0.0,0.0,0.0
126.57076859474182,1.51,0.185,1.174,1.132,-0.428,0.0,0.0,0.0
126.58071804046631,1.927,0.207,1.172,1.164,-0.465,0.0,0.0,0.0
126.59063339233398,1.74,0.211,1.115,1.093,-0.424,0.0,0.0,0.0
126.6006908416748,1.707,0.22,1.022,1.228,-0.482,0.0,0.0,0.0
126.6106436252594,1.707,0.228,1.235,1.058,-0.485,0.0,0.0,0.0
126.62059330940247,1.872,0.242,1.073,1.207,-0.47,0.0,0.0,0.0
126.62993741035461,1.795,0.233,1.206,1.095,-0.453,0.0,0.0,0.0
126.64056253433228,1.74,0.243,1.225,0.918,-0.364,0.0,0.0,0.0
126.65073490142822,1.521,0.244,1.166,1.084,-0.489,0.0,0.0,0.0
126.66034889221191,1.894,0.231,1.203,1.101,-0.381,0.0,0.0,0.0
126.67032217979431,1.554,0.257,1.074,1.297,-0.462,0.0,0.0,0.0
126.68077659606934,1.718,0.234,1.065,1.181,-0.463,0.0,0.0,0.0
126.6907548904419,1.707,0.237,1.051,1.179,-0.456,0.0,0.0,0.0
126.700847864151,1.718,0.215,1.037,1.06,-0.42,0.0,0.0,0.0
126.71083235740662,1.664,0.231,1.062,1.143,-0.419,0.0,0.0,0.0
126.71979784965515,1.762,0.232,0.979,1.191,-0.416,0.0,0.0,0.0
126.73072171211243,1.707,0.209,1.191,0.88,-0.279,0.0,0.0,0.0
126.74061822891235,1.718,0.188,1.089,1.047,-0.437,0.0,0.0,0.0
126.75070261955261,1.751,0.146,1.14,1.121,-0.429,0.0,0.0,0.0
126.76004433631897,1.532,0.143,1.023,1.006,-0.459,0.0,0.0,0.0
126.77083587646484,1.707,0.141,1.0,0.829,-0.392,0.0,0.0,0.0
126.78083753585815,1.97,0.16,0.957,1.143,-0.421,0.001,0.0,0.0
126.79015374183655,1.718,0.134,1.014,1.119,-0.437,0.0,0.0,0.0
126.80021858215332,1.718,0.131,0.964,1.136,-0.357,0.0,0.0,0.0
126.81069993972778,1.762,0.13,0.945,1.103,-0.395,0.0,0.0,0.0
126.81984686851501,1.718,0.09,1.016,1.114,-0.477,0.0,0.0,0.0
126.82981610298157,1.696,0.094,1.019,0.991,-0.35,0.0,0.0,0.0
126.84006381034851,1.773,0.112,1.112,0.85,-0.335,0.0,0.0,0.0
126.84989643096924,1.488,0.089,1.055,0.976,-0.323,0.0,0.0,0.0
126.85978484153748,1.707,0.121,1.138,0.892,-0.32,0.0,0.0,0.0
126.87077832221985,1.74,0.112,1.238,1.049,-0.35,0.0,0.0,0.0
126.88016414642334,1.707,0.116,1.003,0.993,-0.449,0.0,0.0,0.0
126.88990879058838,1.707,0.147,1.029,1.015,-0.449,0.0,0.0,0.0
126.90071558952332,1.762,0.152,1.115,0.982,-0.36,0.0,0.0,0.0
126.91027736663818,1.696,0.152,0.968,1.046,-0.479,0.0,0.0,0.0
126.92002868652344,1.861,0.161,0.918,1.068,-0.452,0.0,0.0,0.0
126.92967224121094,1.51,0.17,1.125,0.947,-0.45,0.0,0.001,-0.001
126.94011211395264,1.696,0.205,1.236,0.783,-0.444,0.0,0.0,0.0
126.95091366767883,1.718,0.187,0.939,1.064,-0.469,0.0,0.0,0.0
126.96006941795349,1.927,0.178,1.035,0.777,-0.482,0.0,0.0,0.0
126.97103238105774,1.762,0.201,0.842,1.1,-0.431,0.0,0.0,0.0
126.97993779182434,1.927,0.233,0.991,1.153,-0.429,0.0,0.0,0.0
126.98999834060669,2.003,0.185,1.069,0.898,-0.478,0.0,0.0,0.0
127.00005578994751,1.532,0.194,1.105,1.173,-0.491,0.0,0.0,0.0
127.01006841659546,1.948,0.217,1.02,0.973,-0.52,0.0,0.0,0.0
127.01989221572876,1.598,0.206,1.072,1.169,-0.53,0.0,0.0,0.0
127.02977657318115,1.959,0.185,1.001,0.906,-0.465,0.0,0.0,0.0
127.04009675979614,1.554,0.19,1.194,0.879,-0.419,0.0,0.0,0.0
127.05051898956299,1.97,0.156,1.165,0.994,-0.432,0.0,0.0,0.0
127.06020832061768,1.543,0.165,1.046,1.114,-0.502,0.0,0.0,0.0
127.0704083442688,1.707,0.162,1.023,1.165,-0.498,0.0,0.0,0.0
127.08055114746094,2.036,0.143,1.118,1.134,-0.529,0.0,0.0,0.0
127.08977031707764,1.532,0.135,1.082,1.126,-0.562,0.0,0.0,0.0
127.10079097747803,1.762,0.151,1.219,0.957,-0.422,0.0,0.0,0.0
127.11082625389099,1.773,0.117,1.13,1.105,-0.451,0.0,0.0,0.0
127.12071967124939,1.74,0.107,1.084,1.097,-0.48,0.001,0.0,0.0
127.13064646720886,1.773,0.095,1.078,1.085,-0.494,0.0,0.0,0.0
127.1398696899414,1.959,0.105,1.085,1.078,-0.524,0.0,0.001,-0.001
127.14994621276855,1.718,0.1,1.165,1.056,-0.384,0.0,0.0,0.0
127.15984177589417,1.751,0.095,1.099,1.041,-0.437,0.0,0.0,0.0
127.17024660110474,1.74,0.108,1.114,0.938,-0.438,0.0,0.0,0.0
127.18021512031555,1.806,0.093,1.094,0.953,-0.537,0.0,0.0,0.0
127.18989944458008,1.74,0.119,1.154,1.114,-0.55,0.0,0.0,0.0
127.19986772537231,1.543,0.107,1.249,0.874,-0.453,0.0,0.0,0.0
127.20985913276672,2.003,0.113,1.105,1.018,-0.402,0.0,0.0,0.0
127.21994972229004,1.762,0.113,1.121,1.036,-0.419,0.0,0.0,0.0
127.22979283332825,1.532,0.111,1.124,1.087,-0.451,0.0,0.0,0.0
127.24075388908386,1.784,0.13,1.233,0.965,-0.424,0.0,0.0,0.0
127.2498505115509,1.521,0.113,1.135,1.177,-0.524,0.0,0.0,0.0
127.26063823699951,1.729,0.128,1.107,0.91,-0.439,0.0,0.0,0.0
127.27069401741028,1.751,0.143,1.103,1.189,-0.575,0.0,0.0,0.0
127.27975511550903,1.729,0.157,1.077,1.056,-0.482,0.0,0.0,0.0
127.29000854492188,1.521,0.149,1.129,0.876,-0.42,0.0,0.0,0.0
127.30043482780457,1.981,0.153,1.012,1.136,-0.452,0.0,0.0,0.0
127.3098840713501,1.718,0.154,1.069,1.114,-0.533,0.0,0.0,0.0
127.3200569152832,1.751,0.155,1.043,0.865,-0.431,0.0,0.0,0.0
127.33027219772339,1.729,0.147,1.057,0.962,-0.543,0.0,0.0,0.0
127.3400547504425,1.521,0.154,1.016,1.134,-0.589,0.0,0.0,0.0
127.34976553916931,1.784,0.11,1.195,1.082,-0.478,0.0,0.0,0.0
127.36058855056763,1.927,0.101,1.203,0.855,-0.449,0.0,0.0,0.0
127.37012887001038,1.718,0.157,1.066,1.148,-0.564,0.0,0.0,0.0
127.3798177242279,1.521,0.143,1.027,1.112,-0.508,0.0,0.0,0.0
127.38987493515015,1.707,0.137,0.949,1.007,-0.462,0.0,0.0,0.0
127.40099620819092,1.784,0.127,1.199,0.937,-0.451,0.0,0.0,0.0
127.41044020652771,1.718,0.113,1.081,1.152,-0.544,0.0,0.0,0.0
127.41973185539246,1.477,0.121,1.005,1.045,-0.563,0.0,0.0,0.0
127.43025135993958,1.905,0.112,1.12,0.93,-0.46,0.0,0.0,0.0
127.44079566001892,1.488,0.117,0.972,0.992,-0.429,0.0,0.0,0.0
127.44984269142151,1.707,0.122,1.067,1.055,-0.577,0.0,0.0,0.0
127.45998120307922,1.499,0.112,1.028,0.851,-0.391,0.0,0.0,0.0
127.47060322761536,1.861,0.121,1.053,0.918,-0.503,0.0,0.0,0.0
127.48002791404724,1.74,0.124,0.931,1.026,-0.481,0.0,0.0,0.0
127.48988223075867,1.488,0.102,0.93,1.086,-0.444,0.0,0.0,0.0
127.50009036064148,1.751,0.111,0.975,1.094,-0.53,0.0,0.0,0.0
127.51111245155334,1.675,0.11,0.936,1.192,-0.504,0.0,0.001,-0.001
127.52065086364746,1.707,0.095,1.054,1.026,-0.515,0.0,0.0,0.0
127.53074598312378,1.686,0.093,1.035,1.141,-0.54,0.0,0.0,0.0
127.54036974906921,1.729,0.096,0.974,1.145,-0.554,0.002,0.0,0.0
127.54977989196777,1.883,0.089,1.032,1.136,-0.533,0.0,0.0,0.0
127.56004881858826,1.74,0.073,1.149,0.964,-0.468,0.0,0.0,0.0
127.5705292224884,1.477,0.076,1.1,1.049,-0.415,0.0,0.0,0.0
127.5806519985199,1.894,0.072,0.981,1.134,-0.556,0.0,0.0,0.0
127.58980560302734,1.488,0.053,1.076,0.906,-0.547,0.0,0.0,0.0
127.59984397888184,1.664,0.054,1.076,0.882,-0.442,0.0,0.0,0.0
127.61072611808777,1.675,0.061,1.121,0.842,-0.442,0.0,0.0,0.0
127.619802236557,1.466,0.039,1.122,1.084,-0.516,0.0,0.0,0.0
127.62999367713928,1.872,0.031,1.196,1.022,-0.556,0.0,0.0,0.0
127.64077258110046,1.455,0.024,1.07,1.226,-0.526,0.0,0.0,0.0
127.64982795715332,1.696,0.012,1.187,1.033,-0.549,0.0,0.0,0.0
127.65994954109192,1.444,0.003,1.163,1.034,-0.475,0.0,0.0,0.0
127.67067337036133,1.631,-0.002,1.115,0.924,-0.5,0.0,0.0,0.0
127.68066191673279,1.653,0.041,1.113,0.956,-0.513,0.0,0.0,0.0
127.69024991989136,1.861,0.026,1.077,0.956,-0.499,0.0,0.0,0.0
127.70074510574341,1.631,-0.035,1.072,1.079,-0.472,0.0,0.0,0.0
127.71076726913452,1.642,0.039,1.142,1.074,-0.507,0.0,0.0,0.0
127.72073984146118,1.664,-0.024,1.068,1.083,-0.512,0.0,0.0,0.0
127.73078799247742,1.664,-0.028,1.083,1.102,-0.517,0.0,0.0,0.0
127.74058270454407,1.905,-0.035,1.103,1.064,-0.546,0.0,0.0,0.0
127.75026059150696,1.642,-0.075,1.127,1.135,-0.505,0.0,0.0,0.0
127.7601375579834,1.686,-0.073,1.109,1.145,-0.483,0.0,0.0,0.0
127.7700548171997,1.905,-0.064,1.109,1.074,-0.534,0.0,0.0,0.0
127.78074026107788,1.664,-0.076,1.122,0.968,-0.42,0.0,0.0,0.0
127.79099917411804,1.653,-0.051,1.199,1.105,-0.523,0.0,0.0,0.0
127.80087208747864,1.883,-0.08,1.216,1.057,-0.489,0.0,0.0,0.0
127.81081461906433,1.477,-0.081,1.148,1.079,-0.517,0.0,0.0,0.0
127.82073855400085,1.927,-0.052,1.171,1.086,-0.506,0.0,0.0,0.0
127.83079361915588,1.675,-0.067,1.133,1.094,-0.536,0.0,0.0,0.0
127.83988547325134,1.664,-0.108,1.147,1.116,-0.531,0.0,0.0,0.0
127.85015654563904,1.664,-0.078,1.216,1.073,-0.477,0.0,0.0,0.0
127.86034512519836,1.905,-0.101,1.211,1.129,-0.466,0.0,0.0,0.0
127.86993026733398,1.258,-0.104,1.16,0.928,-0.519,0.0,0.0,0.0
127.8804247379303,1.894,-0.084,1.141,0.836,-0.466,0.0,0.0,0.0
127.89054203033447,1.653,-0.115,1.084,1.077,-0.561,0.0,0.0,0.0
127.90000128746033,1.696,-0.111,1.136,0.994,-0.516,0.0,0.001,-0.001
127.90983414649963,1.488,-0.108,1.205,1.035,-0.491,0.0,0.0,0.0
127.92054915428162,1.872,-0.101,1.288,0.992,-0.411,0.0,0.0,0.0
127.93005990982056,1.686,-0.088,1.17,1.04,-0.564,0.0,0.0,0.0
127.93968367576599,1.664,-0.101,1.241,0.986,-0.524,0.0,0.0,0.0
127.95048260688782,1.499,-0.113,1.2,0.945,-0.461,0.0,0.0,0.0
127.95984935760498,1.653,-0.1,1.184,1.042,-0.528,0.0,0.0,0.0
127.9701452255249,1.729,-0.12,1.172,1.095,-0.533,0.0,0.0,0.0
127.9807026386261,1.696,-0.093,1.169,1.153,-0.425,0.0,0.0,0.0
127.99001002311707,1.455,-0.093,1.192,1.115,-0.394,0.0,0.0,0.0
127.9998209476471,1.861,-0.097,1.131,0.868,-0.468,0.0,0.0,0.0
128.0100347995758,1.686,-0.124,1.24,1.023,-0.411,0.0,0.0,0.0
128.02062582969666,1.905,-0.101,1.137,0.956,-0.457,0.0,0.0,0.0
128.02983260154724,1.675,-0.111,1.102,1.133,-0.524,0.0,0.0,0.0
128.0397162437439,1.894,-0.103,1.126,1.129,-0.451,0.0,0.0,0.0
128.05071473121643,1.916,-0.085,1.175,0.96,-0.47,0.0,0.0,0.0
128.05973029136658,1.696,-0.078,1.156,1.038,-0.514,0.0,0.0,0.0
128.06973576545715,1.696,-0.109,1.2,0.919,-0.457,0.0,0.0,0.0
128.08053040504456,1.696,-0.076,1.193,0.872,-0.477,0.0,0.0,0.0
128.09028458595276,1.916,-0.119,1.142,1.103,-0.521,0.0,0.0,0.0
128.1001045703888,1.499,-0.061,1.089,1.06,-0.492,0.0,0.0,0.0
128.1107518672943,1.916,-0.113,1.142,1.084,-0.546,0.0,0.0,0.0
128.12092518806458,1.686,-0.04,1.133,1.066,-0.52,0.0,0.0,0.0
128.13071727752686,1.707,-0.125,1.143,1.144,-0.455,0.0,0.0,0.0
128.13973712921143,1.729,-0.091,1.123,1.169,-0.538,0.0,0.0,0.0
128.14997029304504,1.51,-0.032,1.168,0.953,-0.509,0.0,0.0,0.0
128.1600558757782,1.97,-0.027,1.14,0.853,-0.512,0.0,0.0,0.0
128.16999793052673,1.499,-0.13,1.106,0.947,-0.476,0.0,0.0,0.0
128.17985153198242,1.696,-0.053,1.206,0.965,-0.498,0.0,0.0,0.0
128.18991041183472,1.488,-0.03,1.183,1.041,-0.5,0.0,0.0,0.0
128.20108199119568,1.686,-0.068,1.172,1.151,-0.589,0.0,0.0,0.0
128.21099853515625,1.696,-0.045,1.125,0.783,-0.574,0.0,0.0,0.0
128.2208149433136,1.488,-0.166,1.166,1.016,-0.555,0.0,0.0,0.0
128.23087859153748,1.686,-0.057,1.144,1.065,-0.573,0.0,0.0,0.0
128.24066710472107,1.686,-0.151,1.131,0.988,-0.572,0.0,0.0,0.0
128.24990677833557,1.51,-0.108,1.089,1.032,-0.567,0.0,0.0,0.0
128.26013374328613,1.444,-0.104,1.058,0.964,-0.466,0.0,0.0,0.0
128.26986145973206,1.872,-0.101,1.062,1.134,-0.496,0.0,0.0,0.0
128.28019499778748,1.675,-0.127,1.073,0.948,-0.477,0.0,0.0,0.0
128.2908639907837,1.466,-0.123,1.082,0.994,-0.558,0.0,0.0,0.0
128.30025005340576,1.675,-0.096,1.139,1.046,-0.581,0.0,0.0,0.0
128.3097915649414,1.664,-0.123,1.113,1.077,-0.518,0.0,0.0,0.0
128.32042336463928,1.598,-0.159,1.146,0.994,-0.501,0.0,0.0,0.0
128.3299160003662,1.642,-0.118,1.102,1.065,-0.573,0.0,0.0,0.0
128.3397843837738,1.861,-0.15,1.166,0.917,-0.465,0.0,0.0,0.0
128.34986209869385,1.653,-0.145,1.076,0.939,-0.464,0.0,0.0,0.0
128.36134219169617,1.883,-0.116,1.174,0.917,-0.439,0.0,0.0,0.0
128.3697633743286,1.675,-0.158,1.186,0.911,-0.482,0.0,0.0,0.0
128.3807508945465,1.686,-0.147,1.177,0.878,-0.51,0.0,0.0,0.0
128.39089798927307,1.664,-0.17,1.083,1.193,-0.599,0.0,0.0,0.0
128.40060758590698,1.905,-0.17,1.122,1.003,-0.562,0.0,0.0,0.0
128.4097921848297,1.664,-0.14,1.113,1.051,-0.522,0.0,0.0,0.0
128.4198215007782,1.686,-0.161,1.143,0.902,-0.521,0.0,0.0,0.0
128.43002843856812,1.696,-0.143,1.1,0.978,-0.452,0.0,0.0,0.0
128.43978190422058,1.707,-0.155,1.072,0.903,-0.503,0.0,0.0,0.0
128.44994950294495,1.686,-0.141,1.136,0.904,-0.517,0.0,0.0,0.0
128.4610631465912,1.905,-0.132,1.069,1.051,-0.496,0.0,0.0,0.0
128.4697985649109,1.696,-0.179,1.05,0.917,-0.572,0.0,0.0,0.0
128.4801321029663,1.718,-0.129,1.07,0.946,-0.516,0.0,0.0,0.0
128.49036383628845,1.696,-0.137,1.067,1.003,-0.566,0.0,0.0,0.0
128.5000684261322,1.707,-0.109,1.115,0.984,-0.571,0.0,0.0,0.0
128.50990176200867,1.729,-0.108,1.076,0.912,-0.55,0.0,0.0,0.0
128.51991844177246,1.488,-0.111,1.052,0.987,-0.481,0.0,0.0,0.0
128.5299789905548,1.905,-0.121,1.134,1.09,-0.514,0.0,0.0,0.0
128.5397982597351,1.718,-0.14,1.089,0.818,-0.511,0.0,0.0,0.0
128.5497682094574,1.499,-0.108,1.127,1.047,-0.526,0.0,0.0,0.0
128.56021857261658,1.696,-0.136,1.187,1.011,-0.499,0.0,0.001,0.001
128.57099151611328,1.707,-0.111,1.095,1.041,-0.544,0.0,0.0,0.0
128.579833984375,1.477,-0.162,1.154,1.081,-0.523,0.0,0.0,0.0
128.59015798568726,1.675,-0.085,1.15,0.932,-0.571,0.0,0.0,0.0
128.600017786026,1.675,-0.112,1.173,1.085,-0.627,0.0,0.0,0.0
128.6098780632019,1.455,-0.109,1.171,0.932,-0.546,0.0,0.0,0.0
128.62052202224731,1.664,-0.115,1.192,0.982,-0.565,0.0,0.0,0.0
128.63012528419495,1.631,-0.141,1.162,0.959,-0.577,0.0,0.0,0.0
128.64045310020447,1.653,-0.131,1.167,1.087,-0.531,0.0,0.0,0.0
128.64992475509644,1.664,-0.132,1.139,1.095,-0.548,0.0,0.0,0.0
128.66023421287537,1.455,-0.139,1.163,0.95,-0.514,0.0,0.0,0.0
128.6699137687683,1.455,-0.157,1.163,1.079,-0.567,0.0,0.0,0.0
128.67998909950256,1.642,-0.154,1.132,0.968,-0.481,0.0,0.0,0.0
128.68979239463806,1.62,-0.164,1.141,0.979,-0.52,0.0,0.0,0.0
128.70055222511292,1.85,-0.144,1.149,0.976,-0.481,0.0,0.0,0.0
128.71031618118286,1.631,-0.15,1.115,0.914,-0.574,0.0,0.0,0.0
128.71968722343445,1.642,-0.12,1.096,1.14,-0.549,0.0,0.0,0.0
128.72993922233582,1.609,-0.179,1.133,0.886,-0.462,0.001,0.0,0.0
128.74040365219116,1.434,-0.159,1.137,0.918,-0.443,0.0,0.0,0.0
128.7498643398285,1.85,-0.144,1.124,1.011,-0.527,0.0,0.0,0.0
128.75999665260315,1.675,-0.142,1.096,0.966,-0.431,0.0,0.0,0.0
128.7709674835205,1.839,-0.159,1.104,1.036,-0.487,0.0,0.0,0.0
128.7798089981079,1.872,-0.153,1.11,1.01,-0.553,0.0,0.0,0.0
128.78999137878418,1.653,-0.164,1.104,0.85,-0.524,0.0,0.0,0.0
128.7998399734497,1.883,-0.146,1.097,0.908,-0.505,0.0,0.0,0.0
128.80993366241455,1.916,-0.154,1.128,0.91,-0.498,0.0,0.0,0.0
128.8197145462036,1.696,-0.163,1.131,0.859,-0.498,0.0,0.0,0.0
128.82999444007874,1.905,-0.174,1.116,0.863,-0.475,0.0,0.0,0.0
128.84074640274048,1.938,-0.171,1.134,0.697,-0.498,0.0,0.0,0.0
128.8497462272644,1.948,-0.135,1.124,0.949,-0.569,0.0,0.0,0.0
128.8603653907776,1.74,-0.145,1.129,0.946,-0.5,0.0,0.0,0.0
128.8705916404724,1.97,-0.111,1.127,1.158,-0.57,0.0,0.0,0.0
128.87981390953064,1.981,-0.106,1.13,1.104,-0.579,0.0,0.0,0.0
128.89002776145935,1.762,-0.144,1.137,0.982,-0.496,0.0,0.0,0.0
128.90089297294617,1.992,-0.121,1.133,1.076,-0.528,0.0,0.0,0.0
128.91091227531433,1.773,-0.164,1.137,0.959,-0.566,0.0,0.0,0.0
128.9206883907318,2.003,-0.158,1.152,1.019,-0.566,0.0,0.0,0.0
128.93079447746277,2.025,-0.13,1.146,0.916,-0.588,0.0,0.0,0.0
128.93986892700195,1.828,-0.139,1.165,1.021,-0.604,0.0,0.0,0.0
128.94988489151,2.047,-0.134,1.177,0.845,-0.527,0.0,0.0,0.0
128.9607858657837,1.828,-0.18,1.164,0.959,-0.536,0.0,0.0,0.0
128.97039413452148,2.058,-0.182,1.158,1.004,-0.562,0.0,0.0,0.0
128.97995781898499,1.861,-0.197,1.144,1.004,-0.574,0.0,0.0,0.0
128.98988223075867,1.861,-0.198,1.162,0.91,-0.475,0.0,0.0,0.0
129.00004363059998,2.091,-0.204,1.171,0.993,-0.501,0.0,0.0,0.0
129.01042556762695,1.872,-0.152,1.211,0.953,-0.54,0.0,0.0,0.0
129.01995825767517,1.883,-0.2,1.218,1.044,-0.594,0.0,0.0,0.0
129.0307159423828,2.102,-0.168,1.215,1.049,-0.555,0.0,0.0,0.0
129.04000973701477,1.905,-0.215,1.222,1.033,-0.594,0.0,0.0,0.0
129.04990220069885,1.905,-0.168,1.227,0.929,-0.536,0.0,0.0,0.0
129.0605185031891,2.113,-0.195,1.249,1.076,-0.576,0.0,0.0,0.0
129.07038760185242,1.718,-0.254,1.253,0.917,-0.561,0.0,0.0,0.0
129.08029627799988,1.707,-0.185,1.282,0.974,-0.524,0.0,0.0,0.0
129.0900456905365,1.883,-0.11,1.295,1.068,-0.564,0.0,0.0,0.0
129.09998726844788,1.696,-0.148,1.31,0.911,-0.496,0.0,0.0,0.0
129.11070799827576,2.113,-0.155,1.345,1.053,-0.536,0.0,0.0,0.0
129.12060022354126,1.905,-0.111,1.365,0.978,-0.581,0.0,0.0,0.0
129.12997460365295,1.696,-0.149,1.383,0.968,-0.578,0.0,0.001,-0.001
129.13995218276978,1.883,-0.16,1.401,0.878,-0.52,0.0,0.0,0.0
129.14989829063416,1.894,-0.18,1.425,0.833,-0.507,0.0,0.0,0.0
129.15987586975098,1.718,-0.158,1.478,0.854,-0.516,0.0,0.0,0.0
129.17076778411865,1.905,-0.137,1.499,0.91,-0.523,0.0,0.0,0.0
129.1799511909485,1.696,-0.159,1.549,1.044,-0.572,0.0,0.0,0.0
129.189954996109,1.905,-0.138,1.576,0.952,-0.521,0.0,0.0,0.0
129.20022344589233,1.696,-0.174,1.609,1.007,-0.49,0.0,0.0,0.0
129.2101013660431,1.883,-0.163,1.608,1.047,-0.562,0.0,0.0,0.0
129.22063636779785,1.905,-0.12,1.647,1.146,-0.508,0.0,0.0,0.0
129.22977256774902,1.675,-0.104,1.657,1.146,-0.531,0.0,0.001,-0.001
129.24037194252014,1.664,-0.166,1.647,0.988,-0.552,0.0,0.0,0.0
129.24986338615417,1.664,-0.088,1.659,1.161,-0.563,0.0,0.0,0.0
129.25975251197815,1.839,-0.154,1.644,1.062,-0.485,0.0,0.0,0.0
129.27012586593628,1.642,-0.124,1.69,1.0,-0.538,0.0,0.0,0.0
129.2800931930542,1.839,-0.138,1.712,1.071,-0.546,0.0,0.0,0.0
129.28994750976562,1.631,-0.094,1.709,0.991,-0.588,0.0,0.0,0.0
129.30073857307434,1.62,-0.147,1.68,0.86,-0.524,0.0,0.0,0.0
129.30978059768677,1.784,-0.126,1.721,1.018,-0.563,0.0,0.0,0.0
129.3198823928833,1.39,-0.173,1.668,0.921,-0.49,0.0,0.0,0.0
129.33076858520508,1.784,-0.221,1.714,1.031,-0.534,0.0,0.0,0.0
129.33969569206238,1.565,-0.248,1.685,1.076,-0.564,0.0,0.0,0.0
129.35004019737244,1.554,-0.172,1.668,0.985,-0.516,0.0,0.0,0.0
129.36039519309998,1.762,-0.206,1.732,1.011,-0.575,0.0,0.0,0.0
129.3698012828827,1.554,-0.243,1.689,1.048,-0.594,0.0,0.0,0.0
129.37979197502136,1.521,-0.237,1.718,0.968,-0.532,0.0,0.0,0.0
129.3900384902954,1.51,-0.299,1.706,0.918,-0.534,0.0,0.0,0.0
129.3998613357544,1.729,-0.19,1.73,1.019,-0.531,0.001,0.0,0.0
129.40999269485474,1.51,-0.185,1.72,0.793,-0.51,0.0,0.0,0.0
129.41982579231262,1.477,-0.387,1.779,1.066,-0.497,0.0,0.0,0.0
129.43049478530884,1.696,-0.229,1.758,0.9,-0.516,0.0,0.0,0.0
129.43980956077576,1.686,-0.084,1.812,1.153,-0.568,0.0,0.0,0.0
129.4501190185547,1.466,-0.231,1.665,0.988,-0.516,0.0,0.0,0.0
129.46094346046448,1.664,-0.239,1.73,1.048,-0.566,0.0,0.0,0.0
129.47050499916077,1.675,-0.234,1.694,1.105,-0.571,0.0,0.0,0.0
129.47975206375122,1.434,-0.214,1.717,1.025,-0.612,0.0,0.0,0.0
129.490140914917,1.631,-0.22,1.61,1.034,-0.52,0.0,0.0,0.0
129.50020599365234,1.62,-0.264,1.673,0.972,-0.558,0.0,0.0,0.0
129.50991797447205,1.412,-0.194,1.688,0.965,-0.576,0.0,0.0,0.0
129.51966619491577,1.609,-0.198,1.675,0.966,-0.543,0.0,0.0,0.0
129.52983260154724,1.62,-0.123,1.654,0.886,-0.546,0.0,0.0,0.0
129.53996062278748,1.39,-0.143,1.635,0.897,-0.552,-0.005,0.0,0.0
129.54986119270325,1.587,-0.088,1.619,0.924,-0.565,0.0,0.0,0.0
129.5603482723236,1.598,-0.071,1.615,0.891,-0.57,0.0,0.0,0.0
129.57041120529175,1.598,-0.041,1.61,0.899,-0.567,-0.004,0.0,0.0
129.57992577552795,1.576,-0.042,1.595,0.895,-0.575,0.0,0.0,0.0
129.59018540382385,1.576,0.001,1.59,0.89,-0.566,0.0,0.0,0.0
129.60109519958496,1.576,0.017,1.592,0.9,-0.595,0.0,0.0,0.0
129.60993218421936,1.576,0.014,1.595,0.895,-0.596,0.0,0.0,0.0
129.6197166442871,1.576,-0.004,1.583,0.891,-0.587,0.0,0.0,0.0
129.63012266159058,1.565,0.037,1.592,0.891,-0.552,0.0,0.0,0.0
129.64089274406433,1.576,0.045,1.565,0.891,-0.534,0.0,0.0,0.0
129.6497402191162,1.565,0.059,1.574,0.882,-0.498,0.0,0.0,0.0
129.66019296646118,1.554,0.084,1.583,0.896,-0.521,0.0,0.0,0.0
129.671217918396,1.576,0.072,1.57,0.891,-0.496,0.0,0.0,0.0
129.68007516860962,1.543,0.057,1.57,0.886,-0.512,0.0,0.0,0.0
129.69027876853943,1.565,0.079,1.568,0.882,-0.501,0.0,0.0,0.0
129.70087337493896,1.543,0.058,1.561,0.873,-0.502,0.0,0.0,0.0
129.70993089675903,1.543,0.045,1.572,0.878,-0.496,0.0,0.0,0.0
129.71984338760376,1.532,0.01,1.556,0.864,-0.486,0.0,0.0,0.0
129.72975039482117,1.554,0.028,1.557,0.868,-0.482,0.0,0.0,0.0
129.74079060554504,1.543,-0.003,1.553,0.859,-0.452,0.0,0.0,0.0
129.75003695487976,1.554,0.004,1.543,0.859,-0.442,0.0,0.0,0.0
129.7599413394928,1.532,-0.016,1.544,0.86,-0.402,0.0,0.0,0.0
129.77072596549988,1.532,-0.03,1.535,0.855,-0.423,0.0,0.0,0.0
129.78060007095337,1.532,0.005,1.547,0.851,-0.438,0.0,0.0,0.0
129.79006147384644,1.532,0.005,1.534,0.846,-0.435,0.0,0.0,0.0
129.79977250099182,1.521,0.01,1.539,0.842,-0.423,0.0,0.0,0.0
129.81032967567444,1.51,0.036,1.535,0.837,-0.41,-0.002,0.0,0.0
129.82057428359985,1.51,0.031,1.533,0.846,-0.42,0.0,0.0,0.0
129.82978892326355,1.51,0.032,1.526,0.842,-0.413,0.0,0.0,0.0
129.8404097557068,1.521,0.041,1.53,0.82,-0.383,0.0,0.0,0.0
129.8499321937561,1.51,0.045,1.526,0.829,-0.386,0.0,0.0,0.0
129.85980772972107,1.499,0.037,1.52,0.834,-0.385,0.0,0.0,0.0
129.87042450904846,1.488,0.067,1.505,0.811,-0.369,-0.001,0.0,0.0
129.87989807128906,1.499,0.063,1.516,0.816,-0.374,0.0,0.0,0.0
129.88989901542664,1.499,0.031,1.512,0.806,-0.361,0.0,0.0,0.0
129.89990639686584,1.51,0.041,1.507,0.802,-0.352,0.0,0.0,0.0
129.91088318824768,1.488,0.054,1.508,0.802,-0.373,0.0,0.0,0.0
129.92007279396057,1.466,0.063,1.499,0.798,-0.333,0.0,0.0,0.0
129.9298231601715,1.488,0.059,1.499,0.789,-0.336,0.0,0.0,0.0
129.93989419937134,1.466,0.049,1.503,0.789,-0.341,0.0,0.0,0.0
129.95074701309204,1.466,0.05,1.494,0.775,-0.319,0.0,0.0,0.0
129.9597373008728,1.455,0.072,1.49,0.775,-0.378,0.0,0.0,0.0
129.97017240524292,1.477,0.077,1.497,0.78,-0.374,0.0,0.0,0.0
129.98130416870117,1.477,0.063,1.489,0.771,-0.318,-0.001,0.0,0.0
129.99072694778442,1.466,-0.017,1.489,0.771,-0.318,0.0,0.0,0.0
130.00069522857666,1.455,0.005,1.482,0.753,-0.313,0.0,0.0,0.0
130.01034903526306,1.466,0.072,1.488,0.753,-0.29,0.0,0.0,0.0
130.02071142196655,1.444,0.018,1.476,0.735,-0.297,0.0,0.0,0.0
130.02978134155273,1.444,0.014,1.477,0.744,-0.282,0.0,0.0,0.0
130.03995084762573,1.444,0.045,1.472,0.731,-0.272,0.0,0.0,0.0
130.05097126960754,1.455,0.045,1.476,0.726,-0.271,0.0,0.0,0.0
130.05972599983215,1.444,-0.031,1.472,0.722,-0.284,0.0,0.0,0.0
130.07020235061646,1.434,-0.022,1.468,0.717,-0.26,0.0,0.0,0.0
130.08016443252563,1.455,0.045,1.464,0.704,-0.283,0.0,0.0,0.0
130.0898039340973,1.423,0.036,1.446,0.695,-0.276,0.0,0.0,0.0
130.10074138641357,1.423,0.036,1.472,0.695,-0.302,0.0,0.0,0.0
130.11069798469543,1.412,0.032,1.45,0.7,-0.277,0.0,0.0,0.0
130.12076425552368,1.423,0.036,1.455,0.673,-0.284,0.0,0.0,0.0
130.13069605827332,1.423,0.027,1.455,0.668,-0.298,0.0,0.0,0.0
130.14024090766907,1.412,0.036,1.458,0.655,-0.309,0.0,0.0,0.0
130.15082430839539,1.423,0.045,1.45,0.664,-0.276,0.0,0.0,0.0
130.16019821166992,1.423,0.041,1.445,0.655,-0.306,0.0,0.0,0.0
130.17070174217224,1.412,0.04,1.446,0.632,-0.324,0.0,0.0,0.0
130.18056774139404,1.412,0.032,1.446,0.642,-0.329,0.0,0.0,0.0
130.18996787071228,1.412,0.014,1.445,0.633,-0.297,0.0,0.0,0.0
130.20067143440247,1.412,0.032,1.437,0.624,-0.295,0.0,0.0,0.0
130.21043729782104,1.401,0.054,1.437,0.62,-0.286,0.0,0.0,0.0
130.2198715209961,1.412,0.049,1.432,0.611,-0.29,0.0,0.0,0.0
130.23013997077942,1.39,0.054,1.428,0.606,-0.313,0.0,0.0,0.0
130.24000549316406,1.401,0.04,1.435,0.602,-0.298,0.0,0.0,0.0
130.2502052783966,1.379,0.049,1.44,0.579,-0.297,0.0,0.0,0.0
130.2605857849121,1.39,0.054,1.436,0.58,-0.299,0.0,0.0,0.0
130.269775390625,1.379,0.054,1.427,0.566,-0.297,0.0,0.0,0.0
130.28064250946045,1.368,0.045,1.424,0.566,-0.29,0.0,0.0,0.0
130.29058480262756,1.379,0.032,1.426,0.557,-0.293,0.0,0.0,0.0
130.30054235458374,1.379,0.058,1.423,0.597,-0.298,0.0,0.0,0.0
130.3099970817566,1.379,0.049,1.418,0.597,-0.298,0.0,0.0,0.0
130.3198652267456,1.368,0.045,1.415,0.548,-0.294,0.0,0.0,0.0
130.32980108261108,1.368,0.063,1.419,0.539,-0.286,0.0,0.0,0.0
130.33970546722412,1.346,0.058,1.426,0.535,-0.288,0.0,0.0,0.0
130.35063934326172,1.357,0.049,1.413,0.548,-0.288,0.0,0.0,0.0
130.3598928451538,1.357,0.045,1.418,0.531,-0.3,0.0,0.0,0.0
130.36985421180725,1.357,0.023,1.406,0.517,-0.292,0.0,0.0,0.0
130.37998795509338,1.357,0.054,1.405,0.526,-0.281,0.0,0.0,0.0
130.3904128074646,1.335,0.027,1.409,0.513,-0.3,0.0,0.0,0.0
130.39971733093262,1.335,0.049,1.413,0.508,-0.308,0.0,0.0,0.0
130.40972566604614,1.335,0.049,1.406,0.504,-0.278,0.0,0.0,0.0
130.42040014266968,1.335,0.049,1.401,0.491,-0.287,0.0,0.0,0.0
130.43098092079163,1.335,0.049,1.405,0.482,-0.288,0.0,0.0,0.0
130.43970704078674,1.324,0.049,1.406,0.531,-0.287,0.0,0.0,0.0
130.45074820518494,1.335,0.054,1.401,0.526,-0.273,0.0,0.0,0.0
130.45979356765747,1.324,0.072,1.397,0.496,-0.287,0.0,0.0,0.0
130.46990394592285,1.324,0.054,1.392,0.487,-0.286,0.0,0.0,0.0
130.48142886161804,1.302,0.054,1.388,0.482,-0.302,0.0,0.0,0.0
130.490478515625,1.302,0.058,1.391,0.478,-0.302,0.0,0.0,0.0
130.50081634521484,1.302,0.054,1.391,0.483,-0.291,0.0,0.0,0.0
130.5106782913208,1.313,0.067,1.388,0.476,-0.288,0.0,0.0,0.0
130.5208706855774,1.291,0.054,1.388,0.475,-0.293,0.0,0.0,0.0
130.53070187568665,1.302,0.063,1.382,0.475,-0.277,0.0,0.0,0.0
130.54052472114563,1.291,0.023,1.379,0.476,-0.288,0.0,0.0,0.0
130.550222158432,1.302,0.045,1.395,0.472,-0.285,0.0,0.0,0.0
130.5600152015686,1.28,0.049,1.378,0.48,-0.288,0.0,0.0,0.0
130.56985425949097,1.302,0.063,1.39,0.485,-0.29,0.0,0.0,0.0
130.58083033561707,1.291,0.049,1.375,0.468,-0.285,0.0,0.0,0.0
130.5910680294037,1.269,0.058,1.383,0.481,-0.29,0.0,0.0,0.0
130.60072565078735,1.269,0.049,1.383,0.466,-0.262,0.0,0.0,0.0
130.61036801338196,1.291,0.049,1.379,0.474,-0.28,0.0,0.0,0.0
130.61985516548157,1.291,0.045,1.378,0.477,-0.267,0.0,0.0,0.0
130.62998700141907,1.258,0.049,1.371,0.47,-0.273,0.0,0.0,0.0
130.63975763320923,1.269,0.063,1.37,0.459,-0.271,0.0,0.0,0.0
130.65024375915527,1.258,0.049,1.374,0.465,-0.265,0.0,0.0,0.0
130.66007900238037,1.269,0.054,1.379,0.466,-0.272,0.0,0.0,0.0
130.66995000839233,1.258,0.058,1.373,0.459,-0.273,0.0,0.0,0.0
130.68032550811768,1.258,0.058,1.367,0.47,-0.282,0.0,0.0,0.0
130.6902050971985,1.258,0.054,1.378,0.466,-0.287,0.0,0.0,0.0
130.70048570632935,1.247,0.063,1.37,0.47,-0.272,0.0,0.0,0.0
130.70990014076233,1.269,0.054,1.374,0.455,-0.262,0.0,0.001,-0.001
130.72002124786377,1.258,0.063,1.365,0.457,-0.27,0.0,0.0,0.0
130.73065161705017,1.247,0.058,1.37,0.451,-0.271,0.0,0.0,0.0
130.7397904396057,1.236,0.063,1.366,0.451,-0.275,0.0,0.0,0.0
130.74996519088745,1.247,0.058,1.36,0.507,-0.273,0.0,0.0,0.0
130.76104354858398,1.236,0.058,1.365,0.455,-0.273,0.0,0.0,0.0
130.77018666267395,1.225,0.058,1.356,0.451,-0.269,0.0,0.0,0.0
130.77984929084778,1.236,0.072,1.361,0.461,-0.27,0.0,0.0,0.0
130.78997230529785,1.225,0.076,1.365,0.452,-0.272,0.0,0.0,0.0
130.80079340934753,1.225,0.063,1.364,0.464,-0.269,0.0,0.0,0.0
130.81065392494202,1.236,0.054,1.36,0.452,-0.275,0.0,0.0,0.0
130.82073950767517,1.192,0.067,1.361,0.45,-0.275,0.0,0.0,0.0
130.8308048248291,1.214,0.063,1.365,0.453,-0.269,0.0,0.0,0.0
130.83971667289734,1.203,0.054,1.359,0.446,-0.273,0.0,0.0,0.0
130.85003638267517,1.203,0.067,1.36,0.452,-0.265,0.0,0.0,0.0
130.85986232757568,1.214,0.054,1.344,0.46,-0.276,0.0,0.0,0.0
130.86996817588806,1.192,0.067,1.361,0.438,-0.26,0.0,0.0,0.0
130.8798577785492,1.203,0.058,1.361,0.448,-0.264,0.0,0.0,0.0
130.89037537574768,1.214,0.067,1.364,0.448,-0.273,0.0,0.0,0.0
130.90066647529602,1.203,0.072,1.355,0.447,-0.275,0.0,0.0,0.0
130.90979075431824,1.171,0.072,1.352,0.44,-0.278,0.0,0.0,0.0
130.91991662979126,1.203,0.063,1.356,0.461,-0.267,0.0,0.0,0.0
130.93002700805664,1.192,0.054,1.352,0.446,-0.272,0.0,0.0,0.0
130.93990063667297,1.181,0.063,1.348,0.449,-0.266,0.0,0.0,0.0
130.94995427131653,1.171,0.058,1.356,0.449,-0.262,0.0,0.0,0.0
130.95995259284973,1.171,0.058,1.36,0.445,-0.267,0.0,0.0,0.0
130.9702606201172,1.16,0.054,1.343,0.438,-0.269,0.0,0.0,0.0
130.9797763824463,1.171,0.054,1.353,0.442,-0.262,0.0,0.0,0.0
130.990642786026,1.171,0.058,1.352,0.441,-0.264,0.0,0.0,0.0
131.00004720687866,1.181,0.054,1.355,0.437,-0.266,0.0,0.0,0.0
131.0101797580719,1.171,0.072,1.359,0.438,-0.289,0.0,0.0,0.0
131.02064394950867,1.16,0.063,1.351,0.448,-0.296,0.0,0.0,0.0
131.03063130378723,1.171,0.067,1.343,0.452,-0.268,0.0,0.0,0.0
131.04007577896118,1.16,0.054,1.348,0.442,-0.264,0.0,0.0,0.0
131.04973578453064,1.16,0.058,1.347,0.433,-0.267,0.0,0.0,0.0
131.06026649475098,1.138,0.058,1.343,0.441,-0.271,0.0,0.0,0.0
131.070086479187,1.149,0.063,1.343,0.436,-0.266,0.0,0.0,0.0
131.08005714416504,1.138,0.054,1.355,0.449,-0.261,0.0,0.0,0.0
131.0901017189026,1.127,0.054,1.351,0.438,-0.266,0.0,0.0,0.0
131.10078978538513,1.116,0.063,1.356,0.437,-0.262,0.0,0.0,0.0
131.1108512878418,1.149,0.067,1.338,0.433,-0.272,0.0,0.0,0.0
131.12073802947998,1.138,0.067,1.349,0.441,-0.277,0.0,0.0,0.0
131.13027811050415,1.127,0.067,1.347,0.443,-0.267,0.0,0.0,0.0
131.14002537727356,1.127,0.072,1.344,0.432,-0.258,0.0,0.0,0.0
131.1498875617981,1.116,0.067,1.347,0.43,-0.277,0.0,0.0,0.0
131.15998673439026,1.105,0.058,1.352,0.435,-0.272,-0.008,0.0,0.0
131.17042112350464,1.116,0.076,1.351,0.432,-0.267,0.0,0.0,0.0
131.1818985939026,1.105,0.067,1.36,0.433,-0.266,0.0,0.0,0.0
131.19079446792603,1.105,0.058,1.348,0.418,-0.264,0.0,0.0,0.0
131.2005956172943,1.105,0.072,1.351,0.425,-0.275,0.0,0.0,0.0
131.21063208580017,1.083,0.049,1.352,0.428,-0.266,0.0,0.0,0.0
131.21980953216553,1.094,0.058,1.348,0.43,-0.27,0.0,0.0,0.0
131.2298653125763,1.083,0.067,1.346,0.47,-0.276,0.0,0.0,0.0
131.2397837638855,1.094,0.054,1.351,0.472,-0.281,0.0,0.0,0.0
131.25105476379395,1.127,0.072,1.352,0.443,-0.271,0.0,0.0,0.0
131.25977230072021,1.094,0.058,1.343,0.427,-0.268,0.0,0.0,0.0
131.27015137672424,1.083,0.058,1.348,0.427,-0.27,0.0,0.0,0.0
131.28035068511963,1.083,0.067,1.352,0.436,-0.272,0.0,0.0,0.0
131.2908353805542,1.072,0.063,1.351,0.432,-0.271,0.0,0.0,0.0
131.29981589317322,1.072,0.063,1.34,0.427,-0.271,0.0,0.0,0.0
131.30999898910522,1.083,0.072,1.356,0.426,-0.27,0.0,0.0,0.0
131.32058811187744,1.061,0.072,1.348,0.425,-0.276,0.0,0.0,0.0
131.33005785942078,1.05,0.067,1.339,0.428,-0.267,0.0,0.0,0.0
131.33978605270386,1.072,0.067,1.348,0.428,-0.282,0.0,0.0,0.0
131.3501317501068,1.072,0.063,1.345,0.48,-0.271,0.0,0.0,0.0
131.3602340221405,1.05,0.063,1.352,0.477,-0.28,0.0,0.0,0.0
131.36992049217224,1.05,0.072,1.344,0.436,-0.272,0.0,0.0,0.0
131.38013529777527,1.039,0.063,1.356,0.44,-0.267,0.0,0.0,0.0
131.39073038101196,1.061,0.063,1.359,0.433,-0.303,0.0,0.0,0.0
131.40016889572144,1.072,0.076,1.361,0.43,-0.313,-0.009,0.0,0.0
131.41049361228943,1.05,0.058,1.355,0.424,-0.286,0.0,0.0,0.0
131.41979122161865,1.039,0.081,1.347,0.44,-0.289,0.0,0.0,0.0
131.4304337501526,1.028,0.063,1.357,0.435,-0.284,0.0,0.0,0.0
131.44068789482117,1.05,0.076,1.344,0.431,-0.289,0.0,0.0,0.0
131.450457572937,1.028,0.076,1.361,0.427,-0.286,0.0,0.0,0.0
131.46069264411926,1.017,0.072,1.355,0.423,-0.294,-0.001,0.0,0.0
131.4700403213501,1.017,0.072,1.363,0.431,-0.279,0.0,0.0,0.0
131.4809455871582,1.017,0.072,1.352,0.45,-0.288,0.0,0.0,0.0
131.49065279960632,1.006,0.067,1.356,0.441,-0.292,0.0,0.0,0.0
131.50076985359192,1.017,0.072,1.357,0.433,-0.293,0.0,0.0,0.0
131.50996279716492,0.995,0.076,1.353,0.423,-0.284,0.0,0.0,0.0
131.52001667022705,1.028,0.081,1.356,0.438,-0.288,0.0,0.0,0.0
131.53058648109436,0.995,0.072,1.357,0.431,-0.281,0.0,0.0,0.0
131.5397915840149,1.006,0.072,1.373,0.425,-0.28,0.0,0.0,0.0
131.55002546310425,0.995,0.058,1.373,0.434,-0.284,0.0,0.0,0.0
131.561443567276,0.973,0.058,1.378,0.428,-0.286,0.0,0.0,0.0
131.57017922401428,0.973,0.063,1.365,0.424,-0.29,0.0,0.0,0.0
131.58002495765686,0.995,0.085,1.373,0.441,-0.268,0.0,0.0,0.0
131.58993935585022,0.973,0.063,1.374,0.439,-0.287,0.0,0.0,0.0
131.6006817817688,0.973,0.076,1.365,0.43,-0.284,0.0,0.0,0.0
131.6098828315735,0.973,0.076,1.373,0.436,-0.278,0.0,0.0,0.0
131.61977553367615,0.984,0.076,1.366,0.427,-0.285,0.0,0.0,0.0
131.62994980812073,0.962,0.081,1.374,0.425,-0.3,0.0,0.0,0.0
131.63995099067688,0.973,0.076,1.366,0.432,-0.276,0.0,0.0,0.0
131.64990520477295,0.962,0.085,1.365,0.43,-0.284,0.0,0.0,0.0
131.66030502319336,0.962,0.089,1.374,0.438,-0.279,0.0,0.0,0.0
131.66991424560547,0.94,0.058,1.374,0.459,-0.285,0.0,0.0,0.0
131.67989659309387,0.962,0.085,1.374,0.442,-0.286,0.0,0.0,0.0
131.68994188308716,0.94,0.072,1.374,0.439,-0.267,0.0,0.0,0.0
131.70062732696533,0.951,0.076,1.379,0.432,-0.284,0.0,0.0,0.0
131.71021795272827,0.951,0.094,1.386,0.439,-0.283,0.0,0.0,0.0
131.71985054016113,0.94,0.08,1.387,0.43,-0.286,0.0,0.0,0.0
131.7306945323944,0.94,0.085,1.4,0.437,-0.28,0.0,0.0,0.0
131.7399764060974,0.929,0.089,1.378,0.441,-0.285,0.0,0.0,0.0
131.75058388710022,0.929,0.112,1.387,0.435,-0.264,0.0,0.0,0.0
131.7598397731781,0.929,0.067,1.395,0.436,-0.285,0.0,0.0,0.0
131.77010488510132,0.929,0.103,1.387,0.436,-0.272,0.0,0.0,0.0
131.78108716011047,0.94,0.076,1.38,0.442,-0.28,0.0,0.0,0.0
131.79005551338196,0.94,0.085,1.395,0.454,-0.268,0.0,0.0,0.0
131.80073833465576,0.929,0.067,1.384,0.432,-0.285,0.0,0.0,0.0
131.81000065803528,0.919,0.089,1.387,0.446,-0.28,0.0,0.0,0.0
131.82071566581726,0.908,0.094,1.384,0.434,-0.275,0.0,0.0,0.0
131.83066940307617,0.908,0.098,1.392,0.447,-0.275,0.0,0.0,0.0
131.83986973762512,0.919,0.072,1.395,0.434,-0.281,0.0,0.0,0.0
131.84993195533752,0.908,0.107,1.404,0.444,-0.28,0.0,0.0,0.0
131.859787940979,0.897,0.076,1.4,0.441,-0.28,0.0,0.0,0.0
131.87104749679565,0.897,0.081,1.396,0.442,-0.265,0.0,0.0,0.0
131.88058376312256,0.908,0.112,1.405,0.434,-0.275,0.0,0.0,0.0
131.88991832733154,0.875,0.076,1.41,0.442,-0.279,0.0,0.0,0.0
131.9008584022522,0.897,0.072,1.412,0.442,-0.274,0.0,0.0,0.0
131.90998220443726,0.897,0.081,1.406,0.442,-0.274,0.0,0.0,0.0
131.9197976589203,0.886,0.076,1.409,0.442,-0.282,0.0,0.0,0.0
131.92971777915955,0.886,0.076,1.401,0.447,-0.275,0.0,0.0,0.0
131.94000840187073,0.886,0.076,1.418,0.439,-0.267,0.0,0.0,0.0
131.9498336315155,0.886,0.072,1.409,0.437,-0.266,0.0,0.0,0.0
131.9601411819458,0.875,0.085,1.409,0.437,-0.27,0.0,0.0,0.0
131.97043824195862,0.853,0.094,1.41,0.452,-0.28,0.0,0.0,0.0
131.98063707351685,0.875,0.098,1.421,0.446,-0.279,0.0,0.0,0.0
131.98979663848877,0.864,0.089,1.406,0.434,-0.276,0.0,0.0,0.0
132.0000102519989,0.864,0.103,1.411,0.444,-0.275,0.0,0.0,0.0
132.00985050201416,0.864,0.085,1.422,0.436,-0.274,0.0,0.0,0.0
132.01984930038452,0.864,0.036,1.423,0.441,-0.273,0.0,0.0,0.0
132.02988457679749,0.853,0.08,1.419,0.442,-0.276,0.0,0.0,0.0
132.0399842262268,0.842,0.098,1.431,0.436,-0.284,0.0,0.0,0.0
132.04982948303223,0.853,0.076,1.435,0.439,-0.284,0.0,0.0,0.0
132.06006741523743,0.853,0.072,1.427,0.441,-0.274,0.0,0.0,0.0
132.07102870941162,0.831,0.072,1.431,0.434,-0.277,0.0,0.0,0.0
132.0808868408203,0.831,0.063,1.439,0.437,-0.269,0.0,0.0,0.0
132.08987665176392,0.831,0.072,1.432,0.437,-0.284,0.0,0.0,0.0
132.09977269172668,0.82,0.081,1.429,0.439,-0.269,0.0,0.0,0.0
132.11021280288696,0.82,0.067,1.444,0.436,-0.273,0.0,0.0,0.0
132.11983728408813,0.82,0.085,1.441,0.437,-0.284,0.0,0.0,0.0
132.12978649139404,0.831,0.072,1.446,0.437,-0.269,0.0,0.0,0.0
132.14019632339478,0.809,0.063,1.444,0.436,-0.274,0.0,0.0,0.0
132.14979720115662,0.809,0.058,1.445,0.432,-0.265,0.0,0.0,0.0
132.15994787216187,0.798,0.089,1.457,0.488,-0.276,0.0,0.0,0.0
132.1705231666565,0.809,0.076,1.453,0.432,-0.272,0.0,0.0,0.0
132.17983508110046,0.809,0.076,1.454,0.441,-0.28,0.0,0.0,0.0
132.18982982635498,0.82,0.094,1.459,0.442,-0.269,0.0,0.0,0.0
132.1997947692871,0.809,0.08,1.463,0.442,-0.268,0.0,0.0,0.0
132.210613489151,0.798,0.076,1.466,0.459,-0.267,0.0,0.0,0.0
132.21975564956665,0.798,0.072,1.469,0.444,-0.274,0.0,0.0,0.0
132.22975850105286,0.787,0.072,1.454,0.447,-0.269,0.0,0.0,0.0
132.24078059196472,0.809,0.076,1.471,0.444,-0.275,0.0,0.0,0.0
132.25010132789612,0.787,0.085,1.475,0.444,-0.263,-0.001,0.001,-0.001
132.25976300239563,0.776,0.076,1.472,0.454,-0.265,0.0,0.0,0.0
132.2703709602356,0.776,0.076,1.464,0.447,-0.266,0.0,0.0,0.0
132.28006172180176,0.787,0.085,1.464,0.437,-0.27,0.0,0.0,0.0
132.29008603096008,0.776,0.085,1.48,0.439,-0.265,0.0,0.0,0.0
132.30037760734558,0.765,0.058,1.477,0.437,-0.264,0.0,0.0,0.0
132.31004190444946,0.776,0.05,1.476,0.436,-0.269,0.0,0.0,0.0
132.32019758224487,0.776,0.072,1.485,0.449,-0.266,0.0,0.0,0.0
132.32983589172363,0.776,0.076,1.481,0.439,-0.264,0.0,0.0,0.0
132.34078764915466,0.754,0.063,1.469,0.434,-0.265,0.0,0.0,0.0
132.3512418270111,0.765,0.054,1.49,0.434,-0.264,0.0,0.0,0.0
132.35973000526428,0.743,0.063,1.494,0.437,-0.265,0.0,0.0,0.0
132.37022638320923,0.754,0.054,1.498,0.437,-0.266,0.0,0.0,0.0
132.3802638053894,0.732,0.067,1.503,0.434,-0.262,0.0,0.0,0.0
132.38994908332825,0.754,0.076,1.491,0.434,-0.26,0.0,0.0,0.0
132.39986491203308,0.732,0.067,1.499,0.435,-0.255,0.0,0.0,0.0
132.41001677513123,0.732,0.072,1.494,0.436,-0.264,0.0,0.0,0.0
132.4198179244995,0.743,0.072,1.507,0.437,-0.259,0.0,0.0,0.0
132.4300148487091,0.743,0.08,1.515,0.434,-0.264,0.0,0.0,0.0
132.44013714790344,0.721,0.08,1.512,0.44,-0.272,0.0,0.0,0.0
132.45013785362244,0.721,0.089,1.521,0.434,-0.271,0.0,0.0,0.0
132.45975184440613,0.721,0.076,1.512,0.439,-0.259,0.0,0.0,0.0
132.4701337814331,0.721,0.076,1.521,0.432,-0.265,0.0,0.0,0.0
132.48153519630432,0.71,0.08,1.512,0.425,-0.266,0.0,0.0,0.0
132.48995161056519,0.721,0.049,1.526,0.429,-0.255,0.0,0.0,0.0
132.49986386299133,0.721,0.054,1.53,0.437,-0.259,0.0,0.0,0.0
132.50998854637146,0.688,0.076,1.526,0.431,-0.26,0.0,0.0,0.0
132.52074718475342,0.71,0.067,1.543,0.436,-0.256,0.0,0.0,0.0
132.53005409240723,0.71,0.072,1.527,0.424,-0.255,0.0,0.0,0.0
132.540433883667,0.699,0.067,1.546,0.43,-0.261,0.0,0.0,0.0
132.55020999908447,0.699,0.058,1.543,0.424,-0.266,0.0,0.0,0.0
132.55986380577087,0.677,0.058,1.542,0.42,-0.262,0.0,0.0,0.0
132.57061910629272,0.699,0.058,1.539,0.422,-0.255,0.0,0.0,0.0
132.58018231391907,0.677,0.063,1.552,0.421,-0.256,0.0,0.0,0.0
132.59080696105957,0.677,0.076,1.556,0.439,-0.26,0.0,0.0,0.0
132.60018801689148,0.677,0.05,1.552,0.416,-0.255,0.0,0.0,0.0
132.61012506484985,0.667,0.058,1.556,0.422,-0.255,0.0,0.0,0.0
132.62031388282776,0.667,0.045,1.564,0.419,-0.247,0.0,0.0,0.0
132.63001608848572,0.667,0.076,1.561,0.429,-0.257,0.0,0.0,0.0
132.64079642295837,0.667,0.067,1.557,0.422,-0.251,0.0,0.0,0.0
132.650705575943,0.667,0.049,1.583,0.432,-0.26,0.0,0.0,0.0
132.66067600250244,0.667,0.063,1.575,0.429,-0.259,0.0,0.0,0.0
132.66993618011475,0.667,0.063,1.582,0.429,-0.262,0.0,0.0,0.0
132.68092393875122,0.667,0.058,1.574,0.426,-0.255,-0.001,0.0,0.0
132.69097328186035,0.656,0.063,1.571,0.421,-0.255,0.0,0.0,0.0
132.70067048072815,0.656,0.063,1.591,0.419,-0.255,0.0,0.0,0.0
132.710129737854,0.656,0.067,1.588,0.417,-0.25,0.0,0.0,0.0
132.71997809410095,0.645,0.054,1.593,0.421,-0.255,0.0,0.0,0.0
132.72991919517517,0.645,0.054,1.584,0.419,-0.265,0.0,0.0,0.0
132.7397837638855,0.645,0.036,1.597,0.419,-0.25,0.0,0.0,0.0
132.75080633163452,0.623,0.054,1.602,0.412,-0.25,0.0,0.0,0.0
132.76015877723694,0.623,0.059,1.608,0.417,-0.245,0.0,0.0,0.0
132.7699613571167,0.645,0.072,1.621,0.419,-0.249,0.0,0.0,0.0
132.78015542030334,0.634,0.058,1.623,0.417,-0.252,0.0,0.0,0.0
132.79007530212402,0.623,0.058,1.618,0.414,-0.255,0.0,0.0,0.0
132.79987049102783,0.623,0.049,1.614,0.413,-0.247,0.0,0.0,0.0
132.80995178222656,0.59,0.045,1.624,0.419,-0.246,0.0,0.0,0.0
132.8208818435669,0.623,0.045,1.628,0.412,-0.246,0.0,0.0,0.0
132.83066654205322,0.612,0.049,1.628,0.407,-0.247,0.0,0.0,0.0
132.83976030349731,0.59,0.063,1.627,0.42,-0.251,0.0,0.0,0.0
132.85072374343872,0.612,0.058,1.632,0.409,-0.261,0.0,0.0,0.0
132.86031532287598,0.601,0.045,1.637,0.418,-0.252,0.0,0.0,0.0
132.8698375225067,0.601,0.054,1.638,0.406,-0.243,0.0,0.0,0.0
132.8805525302887,0.59,0.058,1.654,0.409,-0.236,0.0,0.0,0.0
132.88985514640808,0.59,0.072,1.642,0.407,-0.255,0.0,0.0,0.0
132.89979147911072,0.59,0.036,1.647,0.406,-0.257,0.0,0.0,0.0
132.90974760055542,0.59,0.049,1.652,0.404,-0.247,0.0,0.0,0.0
132.91985607147217,0.579,0.031,1.66,0.41,-0.251,0.0,0.0,0.0
132.93029832839966,0.59,0.063,1.663,0.402,-0.248,0.0,0.0,0.0
132.93977165222168,0.579,0.058,1.66,0.407,-0.247,0.0,0.0,0.0
132.95023941993713,0.59,0.036,1.66,0.412,-0.246,0.0,0.0,0.0
132.96027946472168,0.568,0.04,1.657,0.409,-0.246,0.0,0.0,0.0
132.97078227996826,0.557,0.045,1.656,0.404,-0.242,0.0,0.0,0.0
132.98063588142395,0.579,0.054,1.662,0.399,-0.247,0.0,0.0,0.0
132.9899125099182,0.557,0.045,1.673,0.454,-0.247,0.0,0.0,0.0
132.99996757507324,0.557,0.058,1.683,0.459,-0.247,0.0,0.0,0.0
133.00975036621094,0.546,0.049,1.684,0.413,-0.23,0.0,0.0,0.0
133.02038383483887,0.546,0.049,1.675,0.41,-0.243,0.0,0.0,0.0
133.02985095977783,0.535,0.054,1.687,0.409,-0.243,0.0,0.0,0.0
133.0397253036499,0.535,0.058,1.677,0.412,-0.243,0.0,0.0,0.0
133.05123329162598,0.557,0.027,1.688,0.415,-0.231,0.0,0.0,0.0
133.05965733528137,0.557,0.054,1.683,0.412,-0.249,0.0,0.0,0.0
133.07020163536072,0.546,0.058,1.705,0.405,-0.242,0.0,0.0,0.0
133.0800747871399,0.524,0.027,1.684,0.415,-0.248,0.0,0.0,0.0
133.08990216255188,0.535,0.032,1.69,0.41,-0.231,0.0,0.0,0.0
133.1001319885254,0.535,0.032,1.694,0.402,-0.237,0.0,0.0,0.0
133.11046433448792,0.524,0.036,1.692,0.41,-0.231,0.0,0.0,0.0
133.1197910308838,0.524,0.045,1.694,0.404,-0.243,0.0,0.0,0.0
133.12976050376892,0.524,0.027,1.691,0.397,-0.239,0.0,0.0,0.0
133.13991355895996,0.502,0.036,1.704,0.397,-0.244,0.0,0.0,0.0
133.15017747879028,0.502,0.032,1.706,0.39,-0.243,0.0,0.0,0.0
133.16008162498474,0.502,0.054,1.694,0.405,-0.244,0.0,0.0,0.0
133.17063236236572,0.502,0.067,1.698,0.398,-0.233,0.0,0.0,0.0
133.18010425567627,0.513,0.032,1.682,0.397,-0.228,0.0,0.0,0.0
133.19011545181274,0.502,0.054,1.68,0.398,-0.248,0.0,0.0,0.0
133.19990181922913,0.48,0.032,1.698,0.398,-0.239,0.0,0.0,0.0
133.2098627090454,0.48,0.045,1.668,0.405,-0.249,0.0,0.0,0.0
133.21994400024414,0.491,0.036,1.686,0.394,-0.239,0.0,0.0,0.0
133.22974348068237,0.71,0.036,1.671,0.385,-0.243,0.0,0.0,0.0
133.24053502082825,0.502,0.049,1.658,0.39,-0.234,0.0,0.0,0.0
133.2509696483612,0.502,0.032,1.64,0.397,-0.232,0.0,0.0,0.0
133.25970196723938,0.491,0.032,1.642,0.386,-0.223,0.0,0.0,0.0
133.2707004547119,0.48,0.032,1.672,0.389,-0.228,0.0,0.0,0.0
133.28040313720703,0.48,0.041,1.672,0.389,-0.228,0.0,0.0,0.0
133.29045343399048,0.48,0.023,1.662,0.388,-0.233,0.0,0.0,0.0
133.30075907707214,0.48,0.019,1.666,0.379,-0.233,0.0,0.0,0.0
133.31076645851135,0.491,0.04,1.643,0.386,-0.223,0.0,0.0,0.0
133.3207814693451,0.491,0.041,1.659,0.387,-0.224,0.0,0.0,0.0
133.3306291103363,0.48,0.005,1.66,0.387,-0.228,0.0,0.0,0.0
133.3396921157837,0.469,0.027,1.66,0.383,-0.224,0.0,0.0,0.0
133.35047316551208,0.469,0.032,1.656,0.384,-0.231,0.0,0.0,0.0
133.35974788665771,0.469,0.036,1.656,0.38,-0.229,0.0,0.0,0.0
133.37026619911194,0.447,0.032,1.654,0.386,-0.227,0.0,0.0,0.0
133.3804326057434,0.469,0.032,1.651,0.393,-0.224,0.0,0.0,0.0
133.39037036895752,0.458,0.023,1.65,0.391,-0.224,0.0,0.0,0.0
133.39982318878174,0.469,0.032,1.646,0.381,-0.224,0.0,0.0,0.0
133.41020560264587,0.436,0.032,1.655,0.382,-0.224,0.0,0.0,0.0
133.4208562374115,0.447,0.027,1.648,0.381,-0.219,0.0,0.0,0.0
133.4298119544983,0.447,0.032,1.65,0.381,-0.224,0.0,0.0,0.0
133.43978261947632,0.469,0.036,1.646,0.381,-0.224,0.0,0.0,0.0
133.45044708251953,0.458,0.018,1.642,0.382,-0.233,0.0,0.0,0.0
133.46000599861145,0.436,0.032,1.648,0.38,-0.224,0.0,0.0,0.0
133.47005558013916,0.425,0.036,1.641,0.367,-0.224,0.0,0.0,0.0
133.47984957695007,0.425,0.027,1.639,0.379,-0.229,0.0,0.0,0.0
133.49117827415466,0.436,0.018,1.641,0.377,-0.228,0.0,0.0,0.0
133.4998118877411,0.425,0.027,1.632,0.375,-0.213,0.0,0.0,0.0
133.50987935066223,0.425,0.032,1.635,0.377,-0.218,0.0,0.0,0.0
133.52008938789368,0.436,0.018,1.638,0.377,-0.218,0.0,0.0,0.0
133.52992224693298,0.425,0.018,1.627,0.372,-0.213,0.0,0.0,0.0
133.53969812393188,0.425,0.019,1.638,0.375,-0.22,0.0,0.0,0.0
133.55018281936646,0.414,0.027,1.638,0.374,-0.224,0.0,0.0,0.0
133.56058549880981,0.404,0.014,1.623,0.379,-0.223,0.0,0.0,0.0
133.5699758529663,0.414,0.0,1.632,0.374,-0.221,0.0,0.0,0.0
133.57991456985474,0.404,0.014,1.619,0.361,-0.214,0.0,0.0,0.0
133.58987522125244,0.404,0.018,1.631,0.371,-0.218,0.0,0.0,0.0
133.59999442100525,0.414,0.023,1.632,0.369,-0.213,0.0,0.0,0.0
133.6098620891571,0.393,0.032,1.621,0.367,-0.215,0.0,0.0,0.0
133.6199767589569,0.36,0.018,1.619,0.363,-0.215,0.0,0.0,0.0
133.63002753257751,0.414,0.023,1.619,0.362,-0.213,0.0,0.0,0.0
133.63983631134033,0.393,0.023,1.617,0.362,-0.211,0.0,0.0,0.0
133.65016150474548,0.382,0.027,1.624,0.37,-0.219,0.0,0.0,0.0
133.66065621376038,0.382,0.027,1.629,0.368,-0.215,0.0,0.0,0.0
133.6705024242401,0.371,0.018,1.612,0.379,-0.213,0.0,0.0,0.0
133.67985486984253,0.382,0.018,1.617,0.383,-0.213,0.0,0.0,0.0
133.69005227088928,0.371,0.005,1.617,0.363,-0.214,0.0,0.0,0.0
133.70089030265808,0.382,0.01,1.612,0.365,-0.213,0.0,0.0,0.0
133.70980858802795,0.371,0.023,1.608,0.363,-0.219,0.0,0.0,0.0
133.72000288963318,0.36,0.027,1.608,0.358,-0.214,0.0,0.0,0.0
133.73003768920898,0.36,0.018,1.603,0.359,-0.217,0.0,0.0,0.0
133.74006867408752,0.349,0.009,1.605,0.364,-0.219,0.0,0.0,0.0
133.75065684318542,0.36,0.009,1.61,0.357,-0.217,0.0,0.0,0.0
133.76013612747192,0.349,0.014,1.604,0.365,-0.219,0.0,0.0,0.0
133.7699511051178,0.36,-0.004,1.601,0.362,-0.219,0.0,0.0,0.0
133.78025650978088,0.36,0.005,1.597,0.364,-0.215,0.0,0.0,0.0
133.7906620502472,0.36,0.018,1.603,0.36,-0.22,0.0,0.0,0.0
133.7998547554016,0.36,0.014,1.604,0.365,-0.214,0.0,0.0,0.0
133.81044030189514,0.349,0.009,1.597,0.368,-0.221,0.0,0.0,0.0
133.81993913650513,0.338,0.009,1.593,0.36,-0.214,0.0,0.0,0.0
133.8304054737091,0.327,0.0,1.602,0.36,-0.219,0.0,0.0,0.0
133.8398473262787,0.338,0.018,1.598,0.365,-0.216,0.0,0.0,0.0
133.85004711151123,0.327,0.023,1.593,0.369,-0.214,0.0,0.0,0.0
133.86097598075867,0.349,0.009,1.586,0.466,-0.213,0.0,0.0,0.0
133.8706033229828,0.327,0.014,1.592,0.439,-0.214,-0.001,0.0,0.0
133.87990379333496,0.327,0.014,1.596,0.421,-0.209,0.0,0.0,0.0
133.89005947113037,0.316,0.009,1.578,0.439,-0.193,0.0,0.0,0.0
133.9009063243866,0.327,0.001,1.586,0.439,-0.214,0.0,0.0,0.0
133.91070175170898,0.513,0.009,1.585,0.431,-0.211,0.0,0.0,0.0
133.91974401474,0.338,0.018,1.578,0.433,-0.212,0.0,0.0,0.0
133.93034744262695,0.327,0.023,1.582,0.444,-0.206,0.0,0.0,0.0
133.9400498867035,0.327,0.001,1.573,0.441,-0.211,0.0,0.0,0.0
133.95024371147156,0.316,0.001,1.583,0.462,-0.196,0.0,0.0,0.0
133.96061277389526,0.316,0.023,1.576,0.466,-0.219,0.0,0.0,0.0
133.9706974029541,0.316,-0.004,1.576,0.464,-0.206,0.0,0.0,0.0
133.9798243045807,0.316,0.009,1.576,0.472,-0.2,0.0,0.0,0.0
133.98985981941223,0.305,0.014,1.569,0.472,-0.201,0.0,0.0,0.0
134.00002479553223,0.316,0.009,1.575,0.482,-0.211,0.0,0.0,0.0
134.00975632667542,0.305,0.018,1.572,0.479,-0.21,0.0,0.0,0.0
134.01982641220093,0.316,0.005,1.576,0.492,-0.209,0.0,0.0,0.0
134.0299654006958,0.316,0.009,1.567,0.495,-0.196,0.0,0.0,0.0
134.0407838821411,0.283,0.009,1.568,0.5,-0.204,0.0,0.0,0.0
134.04969716072083,0.305,0.001,1.563,0.505,-0.194,0.0,0.0,0.0
134.06012535095215,0.305,-0.004,1.565,0.503,-0.2,0.0,0.0,0.0
134.07041382789612,0.316,0.01,1.56,0.516,-0.215,0.0,0.0,0.0
134.0808708667755,0.294,0.0,1.564,0.521,-0.219,0.0,0.0,0.0
134.08983492851257,0.283,0.001,1.558,0.523,-0.21,0.0,0.0,0.0
134.10021328926086,0.294,-0.013,1.551,0.534,-0.201,0.0,0.0,0.0
134.11064386367798,0.272,0.005,1.559,0.536,-0.206,0.0,0.0,0.0
134.11979031562805,0.261,0.005,1.546,0.539,-0.194,0.0,0.0,0.0
134.13082599639893,0.283,0.005,1.553,0.539,-0.207,0.0,0.0,0.0
134.14057207107544,0.261,-0.017,1.557,0.549,-0.214,0.0,0.0,0.0
134.1498086452484,0.294,0.014,1.552,0.549,-0.211,-0.002,0.0,0.0
134.16003370285034,0.272,0.005,1.549,0.551,-0.211,0.0,0.0,0.0
134.1715636253357,0.25,-0.009,1.55,0.556,-0.211,0.0,0.0,0.0
134.18001770973206,0.272,0.058,1.545,0.567,-0.201,0.0,0.0,0.0
134.18990874290466,0.261,0.058,1.543,0.567,-0.215,0.0,0.0,0.0
134.19991517066956,0.272,0.032,1.547,0.575,-0.199,-0.002,0.0,0.0
134.2097806930542,0.272,0.009,1.547,0.582,-0.211,0.0,0.0,0.0
134.21991181373596,0.261,0.032,1.541,0.59,-0.2,0.0,0.0,0.0
134.22988843917847,0.239,0.0,1.537,0.598,-0.195,0.0,0.0,0.0
134.24071049690247,0.239,0.027,1.532,0.592,-0.195,0.0,0.0,0.0
134.24973011016846,0.261,0.0,1.531,0.608,-0.208,0.0,0.0,0.0
134.26007771492004,0.25,-0.013,1.528,0.613,-0.211,0.0,0.0,0.0
134.27186822891235,0.239,-0.008,1.534,0.616,-0.205,0.0,0.0,0.0
134.27982544898987,0.25,-0.026,1.522,0.621,-0.204,0.0,0.0,0.0
134.29015231132507,0.239,-0.022,1.529,0.623,-0.207,0.0,0.0,0.0
134.30006623268127,0.239,-0.017,1.529,0.626,-0.204,0.0,0.0,0.0
134.3100984096527,0.206,-0.004,1.526,0.631,-0.206,0.0,0.0,0.0
134.3207290172577,0.239,-0.026,1.53,0.636,-0.202,0.0,0.0,0.0
134.32977199554443,0.228,-0.017,1.518,0.641,-0.207,0.0,0.0,0.0
134.34002304077148,0.228,-0.026,1.526,0.651,-0.19,0.0,0.0,0.0
134.34977436065674,0.228,-0.017,1.514,0.657,-0.202,-0.001,0.0,0.0
134.360093832016,0.239,0.001,1.52,0.662,-0.202,0.0,0.0,0.0
134.370046377182,0.217,-0.026,1.514,0.669,-0.211,0.0,0.0,0.0
134.38060665130615,0.228,-0.035,1.523,0.672,-0.2,0.0,0.0,0.0
134.38986229896545,0.217,-0.018,1.502,0.67,-0.19,0.0,0.0,0.0
134.39996552467346,0.217,-0.022,1.51,0.685,-0.192,0.0,0.0,0.0
134.41074347496033,0.206,-0.031,1.507,0.69,-0.212,0.0,0.0,0.0
134.41973519325256,0.206,-0.04,1.509,0.69,-0.197,0.0,0.0,0.0
134.43002772331238,0.195,-0.03,1.5,0.695,-0.207,0.0,0.0,0.0
134.44025182724,0.206,-0.049,1.504,0.697,-0.205,0.0,0.0,0.0
134.44991540908813,0.195,-0.035,1.499,0.708,-0.177,0.0,0.0,0.0
134.45972871780396,0.195,-0.035,1.505,0.716,-0.192,0.0,0.0,0.0
134.4707953929901,0.184,-0.062,1.491,0.728,-0.19,0.0,0.0,0.0
134.48026061058044,0.184,-0.049,1.491,0.721,-0.196,0.0,0.0,0.0
134.4901089668274,0.184,-0.035,1.497,0.734,-0.191,0.0,0.0,0.0
134.5000925064087,0.195,-0.053,1.485,0.739,-0.19,0.0,0.0,0.0
134.5110514163971,0.184,-0.053,1.488,0.741,-0.19,0.0,0.0,0.0
134.51969933509827,0.173,-0.066,1.49,0.744,-0.201,0.0,0.0,0.0
134.52978610992432,0.173,-0.035,1.487,0.746,-0.196,0.0,0.0,0.0
134.54026246070862,0.173,-0.053,1.488,0.757,-0.196,0.0,0.0,0.0
134.5499107837677,0.162,-0.044,1.492,0.762,-0.192,0.0,0.0,0.0
134.55970907211304,0.173,-0.048,1.493,0.762,-0.196,0.0,0.0,0.0
134.57066798210144,0.173,-0.044,1.479,0.772,-0.19,0.0,0.0,0.0
134.58022046089172,0.173,-0.061,1.485,0.78,-0.187,0.0,0.0,0.0
134.58996534347534,0.152,-0.057,1.482,0.782,-0.201,0.0,0.0,0.0
134.60043478012085,0.141,-0.057,1.478,0.79,-0.2,0.0,0.0,0.0
134.60984683036804,0.152,-0.058,1.469,0.79,-0.196,0.0,0.0,0.0
134.61980485916138,0.152,-0.071,1.472,0.795,-0.199,0.0,0.0,0.0
134.63024973869324,0.152,-0.044,1.465,0.808,-0.196,0.0,0.0,0.0
134.64012336730957,0.162,-0.071,1.468,0.793,-0.197,0.0,0.0,0.0
134.65004706382751,0.141,-0.053,1.475,0.808,-0.196,0.0,0.0,0.0
134.65980458259583,0.152,-0.057,1.465,0.816,-0.191,0.0,0.0,0.0
134.67072701454163,0.152,-0.053,1.468,0.824,-0.192,0.0,0.0,0.0
134.68095874786377,0.141,-0.066,1.468,0.827,-0.196,0.0,0.0,0.0
134.6898443698883,0.13,-0.075,1.47,0.775,-0.196,0.0,0.0,0.0
134.70003175735474,0.13,-0.048,1.46,0.772,-0.188,0.0,0.0,0.0
134.71096992492676,0.13,0.001,1.452,0.829,-0.192,0.0,0.0,0.0
134.72059202194214,0.13,0.001,1.46,0.826,-0.193,0.0,0.0,0.0
134.7297384738922,0.13,-0.031,1.453,0.827,-0.194,0.0,0.0,0.0
134.739981174469,0.13,0.005,1.45,0.783,-0.193,0.0,0.0,0.0
134.75079369544983,0.108,-0.035,1.447,0.766,-0.197,0.0,0.0,0.0
134.75981521606445,0.13,-0.018,1.458,0.779,-0.196,0.0,0.0,0.0
134.77032446861267,0.119,-0.013,1.451,0.787,-0.187,0.0,0.0,0.0
134.7799289226532,0.119,0.014,1.437,0.774,-0.202,0.0,0.0,0.0
134.78999304771423,0.119,-0.022,1.438,0.753,-0.181,0.0,0.0,0.0
134.80071926116943,0.108,0.005,1.441,0.77,-0.197,0.0,0.0,0.0
134.81078362464905,0.119,0.001,1.435,0.782,-0.197,0.0,0.0,0.0
134.82085871696472,0.097,0.005,1.444,0.783,-0.186,0.0,0.0,0.0
134.8306486606598,0.097,0.001,1.436,0.778,-0.191,0.0,0.0,0.0
134.83984971046448,0.119,0.01,1.435,0.775,-0.192,0.0,0.0,0.0
134.84995794296265,0.097,0.01,1.433,0.78,-0.192,0.0,0.0,0.0
134.85996413230896,0.086,0.014,1.421,0.776,-0.197,0.0,0.0,0.0
134.86993598937988,0.075,0.018,1.437,0.772,-0.192,0.0,0.0,0.0
134.8809835910797,0.097,0.031,1.43,0.775,-0.254,0.0,0.0,0.0
134.8898708820343,0.086,0.027,1.42,0.771,-0.296,0.0,0.0,0.0
134.8998942375183,0.075,0.023,1.425,0.77,-0.283,0.0,0.0,0.0
134.91001176834106,0.086,0.018,1.426,0.769,-0.305,0.0,0.0,0.0
134.9207580089569,0.086,0.049,1.415,0.763,-0.31,0.0,0.0,0.0
134.9306972026825,0.086,0.045,1.422,0.773,-0.327,0.0,0.0,0.0
134.94073462486267,0.075,0.036,1.422,0.771,-0.314,0.0,0.0,0.0
134.9501597881317,0.086,0.031,1.418,0.763,-0.323,0.0,0.0,0.0
134.9601435661316,0.097,0.049,1.419,0.762,-0.327,0.0,0.0,0.0
134.97022438049316,0.064,0.05,1.41,0.763,-0.336,0.0,0.0,0.0
134.98000407218933,0.086,0.049,1.415,0.758,-0.35,0.0,0.0,0.0
134.9904124736786,0.075,0.067,1.409,0.763,-0.358,0.0,0.0,0.0
134.99991822242737,0.075,0.059,1.405,0.758,-0.363,0.0,0.0,0.0
135.0104603767395,0.064,0.063,1.399,0.752,-0.372,-0.007,0.0,0.0
135.02033925056458,0.053,0.081,1.4,0.755,-0.381,0.0,0.0,0.0
135.02990221977234,0.272,0.072,1.399,0.746,-0.389,0.0,0.0,0.0
135.03997921943665,0.075,0.076,1.398,0.755,-0.394,0.0,0.0,0.0
135.04991221427917,0.086,0.071,1.395,0.751,-0.398,0.0,0.0,0.0
135.06088876724243,0.086,0.067,1.396,0.748,-0.407,0.0,0.0,0.0
135.06996202468872,0.053,0.063,1.385,0.755,-0.421,0.0,0.0,0.0
135.08022928237915,0.064,0.067,1.394,0.745,-0.425,0.0,0.0,0.0
135.09029173851013,0.053,0.014,1.385,0.739,-0.443,0.0,0.0,0.0
135.10018396377563,0.042,0.04,1.387,0.746,-0.443,0.0,0.0,0.0
135.11073517799377,0.294,0.076,1.379,0.735,-0.456,0.0,0.0,0.0
135.11987495422363,0.064,0.071,1.384,0.743,-0.461,0.0,0.0,0.0
135.12997460365295,0.075,0.058,1.389,0.741,-0.478,0.0,0.0,0.0
135.13990449905396,0.283,0.072,1.374,0.744,-0.483,0.0,0.0,0.0
135.14993405342102,0.283,0.072,1.381,0.732,-0.483,0.0,0.0,0.0
135.1601917743683,0.064,0.081,1.378,0.736,-0.496,0.0,0.0,0.0
135.17074036598206,0.305,0.063,1.364,0.733,-0.501,0.0,0.0,0.0
135.17998790740967,0.316,0.063,1.373,0.734,-0.514,0.0,0.0,0.0
135.19071221351624,0.119,0.076,1.368,0.734,-0.501,0.0,0.0,0.0
135.2006130218506,0.338,0.067,1.368,0.728,-0.523,0.0,0.0,0.0
135.21083331108093,0.316,0.089,1.366,0.726,-0.442,-0.001,0.0,0.0
135.21980571746826,0.349,0.067,1.36,0.73,-0.457,0.0,0.0,0.0
135.2297911643982,0.382,0.076,1.364,0.724,-0.467,0.0,0.0,0.0
135.24025011062622,0.162,0.058,1.354,0.714,-0.502,0.0,0.0,0.0
135.24977231025696,0.393,0.072,1.358,0.726,-0.494,0.0,0.0,0.0
135.25989031791687,0.393,0.049,1.356,0.723,-0.489,0.0,0.0,0.0
135.27117824554443,0.404,0.059,1.346,0.718,-0.504,0.0,0.0,0.0
135.27988147735596,0.436,0.063,1.35,0.713,-0.499,0.0,0.0,0.0
135.2901566028595,0.436,0.058,1.346,0.71,-0.507,0.0,0.0,0.0
135.30080723762512,0.239,0.054,1.35,0.709,-0.502,0.0,0.0,0.0
135.3098635673523,0.447,0.045,1.343,0.718,-0.502,0.0,0.0,0.0
135.31987047195435,0.688,0.058,1.349,0.71,-0.518,0.0,0.0,0.0
135.32977890968323,0.294,0.063,1.345,0.707,-0.516,0.0,0.0,0.0
135.3398244380951,0.524,0.009,1.332,0.707,-0.527,0.0,0.0,0.0
135.34993767738342,0.513,0.032,1.341,0.707,-0.511,0.0,0.0,0.0
135.36004066467285,0.524,0.023,1.342,0.711,-0.525,-0.008,0.0,0.0
135.37066221237183,0.557,0.049,1.325,0.698,-0.525,0.0,0.0,0.0
135.38058280944824,0.579,0.054,1.329,0.696,-0.523,0.0,0.0,0.0
135.390154838562,0.404,0.045,1.33,0.698,-0.539,0.0,0.0,0.0
135.39994311332703,0.601,0.041,1.335,0.698,-0.535,0.0,0.0,0.0
135.41088724136353,0.623,0.036,1.324,0.697,-0.533,0.0,0.0,0.0
135.42097783088684,0.414,0.027,1.327,0.687,-0.547,0.0,0.0,0.0
135.42977166175842,0.645,0.036,1.324,0.688,-0.542,0.0,0.0,0.0
135.43982911109924,0.458,0.041,1.317,0.684,-0.547,0.0,0.0,0.0
135.45098495483398,0.458,0.036,1.324,0.684,-0.493,0.0,0.0,0.0
135.4597008228302,0.447,0.018,1.318,0.684,-0.504,0.0,0.0,0.0
135.47012615203857,0.656,0.04,1.313,0.686,-0.548,0.0,0.0,0.0
135.48026418685913,0.469,0.014,1.312,0.681,-0.558,0.0,0.0,0.0
135.4901258945465,0.458,0.036,1.316,0.679,-0.558,0.0,0.0,0.0
135.49986147880554,0.458,0.036,1.306,0.674,-0.552,0.0,0.0,0.0
135.50992584228516,0.491,0.014,1.294,0.672,-0.562,0.0,0.0,0.0
135.5203230381012,0.48,0.009,1.288,0.673,-0.566,0.0,0.0,0.0
135.5298192501068,0.491,0.041,1.31,0.665,-0.561,0.0,0.0,0.0
135.54005217552185,0.502,0.036,1.302,0.669,-0.564,0.0,0.0,0.0
135.550696849823,0.502,0.009,1.3,0.665,-0.559,0.0,0.0,0.0
135.56001448631287,0.524,0.018,1.294,0.659,-0.579,0.0,0.0,0.0
135.57000541687012,0.524,-0.004,1.296,0.656,-0.576,0.0,0.0,0.0
135.58024072647095,0.524,0.009,1.29,0.654,-0.579,0.0,0.0,0.0
135.5901906490326,0.513,0.023,1.287,0.649,-0.582,0.0,0.0,0.0
135.60007762908936,0.513,0.032,1.289,0.662,-0.589,0.0,0.0,0.0
135.60992050170898,0.546,0.014,1.289,0.649,-0.592,0.0,0.0,0.0
135.62057065963745,0.546,0.009,1.277,0.645,-0.592,0.0,0.0,0.0
135.62980270385742,0.557,0.009,1.282,0.643,-0.597,0.0,0.0,0.0
135.63985133171082,0.557,0.032,1.274,0.64,-0.554,0.0,0.0,0.0
135.6505081653595,0.568,0.01,1.282,0.639,-0.503,0.0,0.0,0.0
135.65997624397278,0.557,0.014,1.274,0.637,-0.486,0.0,0.0,0.0
135.66988229751587,0.557,0.009,1.273,0.631,-0.497,0.0,0.0,0.0
135.67972922325134,0.568,0.005,1.271,0.637,-0.485,0.0,0.0,0.0
135.6907434463501,0.568,0.0,1.265,0.63,-0.49,-0.004,0.0,0.0
135.69981789588928,0.579,-0.008,1.258,0.629,-0.486,0.0,0.0,0.0
135.70989227294922,0.579,0.001,1.263,0.625,-0.488,0.0,0.0,0.0
135.72060871124268,0.579,0.005,1.252,0.619,-0.471,0.0,0.0,0.0
135.73016834259033,0.612,-0.004,1.258,0.622,-0.472,0.0,0.0,0.0
135.73978304862976,0.601,0.019,1.25,0.615,-0.467,0.0,0.0,0.0
135.7500593662262,0.623,-0.008,1.253,0.615,-0.471,0.0,0.0,0.0
135.76074123382568,0.601,-0.004,1.247,0.619,-0.447,0.0,0.0,0.0
135.76998448371887,0.612,0.001,1.254,0.609,-0.441,0.0,0.0,0.0
135.7801868915558,0.623,-0.004,1.242,0.605,-0.44,0.0,0.0,0.0
135.79091358184814,0.645,-0.018,1.246,0.604,-0.434,0.0,0.0,0.0
135.7999300956726,0.623,-0.008,1.248,0.602,-0.428,0.0,0.0,0.0
135.80987930297852,0.634,-0.004,1.235,0.604,-0.431,0.0,0.0,0.0
135.82065200805664,0.645,-0.022,1.235,0.597,-0.426,0.0,0.0,0.0
135.83070707321167,0.645,-0.017,1.23,0.602,-0.429,0.0,0.0,0.0
135.83978056907654,0.645,0.005,1.238,0.595,-0.417,0.0,0.0,0.0
135.8499801158905,0.645,-0.013,1.233,0.593,-0.406,0.0,0.0,0.0
135.85996913909912,0.667,-0.008,1.228,0.587,-0.407,0.0,0.0,0.0
135.86986708641052,0.677,-0.017,1.226,0.582,-0.407,0.0,0.0,0.0
135.8800675868988,0.667,-0.017,1.227,0.58,-0.397,0.0,0.0,0.0
135.8908929824829,0.677,-0.039,1.214,0.572,-0.376,0.0,0.0,0.0
135.90013575553894,0.688,-0.031,1.217,0.578,-0.381,0.0,0.0,0.0
135.9097888469696,0.688,-0.022,1.217,0.572,-0.371,0.0,0.0,0.0
135.91990900039673,0.688,-0.048,1.212,0.572,-0.364,0.0,0.0,0.0
135.93012070655823,0.71,-0.026,1.211,0.57,-0.362,0.0,0.0,0.0
135.93981432914734,0.699,-0.035,1.21,0.565,-0.355,-0.003,0.0,0.0
135.94976902008057,0.699,-0.026,1.226,0.56,-0.353,0.0,0.0,0.0
135.96012353897095,0.699,-0.022,1.227,0.563,-0.347,0.0,0.0,0.0
135.96991395950317,0.71,-0.048,1.198,0.553,-0.325,0.0,0.0,0.0
135.9797580242157,0.732,-0.031,1.203,0.56,-0.33,0.0,0.0,0.0
135.99046921730042,0.71,-0.053,1.209,0.548,-0.329,0.0,0.0,0.0
136.0008783340454,0.721,-0.031,1.208,0.534,-0.315,0.0,0.0,0.0
136.01065945625305,0.732,-0.049,1.193,0.558,-0.323,0.0,0.0,0.0
136.02069783210754,0.743,-0.022,1.201,0.54,-0.315,0.0,0.0,0.0
136.03078532218933,0.754,-0.03,1.197,0.535,-0.302,0.0,0.0,0.0
136.03974151611328,0.754,-0.049,1.194,0.53,-0.293,0.0,0.0,0.0
136.0498604774475,0.765,-0.035,1.195,0.536,-0.302,0.0,0.0,0.0
136.06068205833435,0.765,-0.049,1.19,0.525,-0.287,0.0,0.0,0.0
136.07052612304688,0.776,-0.053,1.179,0.519,-0.29,0.0,0.0,0.0
136.07981753349304,0.776,-0.048,1.186,0.525,-0.273,0.0,0.0,0.0
136.08986592292786,0.776,-0.026,1.177,0.518,-0.292,0.0,0.0,0.0
136.0999050140381,0.787,-0.053,1.189,0.518,-0.273,0.0,0.0,0.0
136.10978388786316,0.776,-0.04,1.19,0.521,-0.305,0.0,0.0,0.0
136.11989092826843,0.787,-0.044,1.179,0.51,-0.308,0.0,0.0,0.0
136.130309343338,0.787,-0.048,1.181,0.513,-0.286,0.0,0.0,0.0
136.139910697937,0.776,-0.066,1.167,0.506,-0.288,0.0,0.0,0.0
136.15024948120117,0.82,-0.057,1.173,0.501,-0.298,0.0,0.0,0.0
136.160062789917,0.82,-0.075,1.179,0.495,-0.294,0.0,0.0,0.0
136.1706280708313,0.831,-0.071,1.198,0.489,-0.292,-0.001,0.0,0.0
136.18066310882568,0.831,-0.07,1.186,0.493,-0.274,0.0,0.0,0.0
136.190993309021,0.809,-0.053,1.16,0.491,-0.289,0.0,0.0,0.0
136.20087718963623,0.831,-0.058,1.172,0.486,-0.287,0.0,0.0,0.0
136.2107048034668,0.82,-0.057,1.169,0.476,-0.287,-0.001,0.0,0.0
136.2198383808136,0.831,-0.053,1.169,0.474,-0.274,0.0,0.0,0.0
136.2299234867096,0.853,-0.066,1.218,0.476,-0.264,0.0,0.0,0.0
136.24083137512207,0.842,-0.075,1.266,0.474,-0.264,0.0,0.0,0.0
136.25068712234497,0.864,-0.075,1.258,0.467,-0.269,0.0,0.0,0.0
136.26066327095032,0.853,-0.066,1.206,0.468,-0.255,0.0,0.0,0.0
136.2704155445099,0.864,-0.075,1.256,0.474,-0.264,0.0,0.0,0.0
136.28003931045532,0.864,-0.075,1.255,0.471,-0.256,0.0,0.0,0.0
136.29026794433594,0.875,-0.062,1.26,0.455,-0.262,0.0,0.0,0.0
136.3008532524109,0.886,-0.08,1.282,0.461,-0.26,0.0,0.0,0.0
136.31059765815735,0.875,-0.075,1.264,0.448,-0.256,0.0,0.0,0.0
136.31975746154785,0.897,-0.084,1.291,0.452,-0.255,0.0,0.0,0.0
136.33043265342712,0.897,-0.088,1.3,0.442,-0.252,0.0,0.0,0.0
136.3399760723114,0.897,-0.075,1.295,0.434,-0.257,0.0,0.0,0.0
136.3497416973114,0.908,-0.071,1.291,0.44,-0.264,0.0,0.0,0.0
136.36137509346008,0.908,-0.088,1.304,0.441,-0.244,0.0,0.0,0.0
136.37060499191284,0.908,-0.098,1.304,0.436,-0.251,0.0,0.0,0.0
136.3798599243164,0.908,-0.111,1.308,0.431,-0.247,0.0,0.0,0.0
136.38986444473267,0.919,-0.089,1.309,0.419,-0.246,0.0,0.0,0.0
136.39990782737732,0.908,-0.093,1.322,0.424,-0.242,0.0,0.0,0.0
136.40987992286682,0.929,-0.106,1.335,0.417,-0.246,0.0,0.0,0.0
136.41974806785583,0.929,-0.097,1.331,0.422,-0.232,0.0,0.0,0.0
136.42999458312988,0.929,-0.102,1.335,0.417,-0.237,0.0,0.0,0.0
136.44005680084229,0.929,-0.093,1.34,0.416,-0.247,0.0,0.0,0.0
136.4498360157013,0.951,-0.084,1.335,0.417,-0.232,0.0,0.0,0.0
136.46009469032288,0.962,-0.102,1.353,0.405,-0.231,0.0,0.0,0.0
136.4709439277649,0.962,-0.106,1.349,0.405,-0.223,0.0,0.0,0.0
136.47982573509216,0.962,-0.106,1.357,0.398,-0.227,0.0,0.0,0.0
136.48991560935974,0.984,-0.111,1.37,0.394,-0.232,0.0,0.0,0.0
136.50022315979004,0.984,-0.106,1.384,0.387,-0.224,0.0,0.0,0.0
136.50981521606445,0.984,-0.111,1.397,0.391,-0.219,0.0,0.0,0.0
136.51982355117798,0.995,-0.115,1.388,0.41,-0.223,0.0,0.0,0.0
136.53110599517822,0.984,-0.111,1.397,0.412,-0.215,0.0,0.0,0.0
136.54036474227905,1.006,-0.089,1.402,0.394,-0.215,0.0,0.0,0.0
136.5500202178955,1.006,-0.106,1.406,0.386,-0.214,0.0,0.0,0.0
136.56005549430847,1.006,-0.124,1.411,0.384,-0.21,0.0,0.0,0.0
136.57099843025208,1.028,-0.111,1.415,0.379,-0.215,0.0,0.0,0.0
136.57983374595642,1.006,-0.102,1.428,0.379,-0.211,0.0,0.0,0.0
136.58997201919556,1.028,-0.111,1.428,0.407,-0.209,0.0,0.0,0.0
136.59998178482056,1.017,-0.115,1.437,0.452,-0.21,0.0,0.0,0.0
136.60995388031006,1.028,-0.106,1.442,0.463,-0.216,0.0,0.0,0.0
136.61975169181824,1.017,-0.115,1.446,0.46,-0.203,0.0,0.0,0.0
136.6297914981842,1.05,-0.111,1.442,0.46,-0.205,0.0,0.0,0.0
136.63995671272278,1.039,-0.133,1.464,0.432,-0.207,0.0,0.0,0.0
136.64980936050415,1.05,-0.106,1.472,0.472,-0.197,0.0,0.0,0.0
136.6600480079651,1.028,-0.129,1.473,0.475,-0.191,0.0,0.0,0.0
136.67022585868835,1.072,-0.129,1.473,0.456,-0.192,0.0,0.0,0.0
136.67981910705566,1.083,-0.128,1.499,0.462,-0.199,0.0,0.0,0.0
136.689857006073,1.072,-0.142,1.491,0.459,-0.193,0.0,0.0,0.0
136.70008158683777,1.072,-0.111,1.491,0.464,-0.183,0.0,0.0,0.0
136.7099838256836,1.083,-0.128,1.5,0.467,-0.178,0.0,0.0,0.0
136.71972680091858,1.083,-0.088,1.508,0.477,-0.189,-0.002,0.0,0.0
136.72992849349976,1.094,-0.088,1.513,0.472,-0.189,0.0,0.0,0.0
136.73982667922974,1.105,-0.097,1.522,0.475,-0.196,0.0,0.0,0.0
136.75005340576172,1.105,-0.066,1.526,0.477,-0.191,0.0,0.0,0.0
136.75975275039673,1.105,-0.04,1.535,0.477,-0.183,0.0,0.0,0.0
136.77032327651978,1.116,-0.026,1.535,0.485,-0.177,0.0,0.0,0.0
136.7810845375061,1.116,-0.03,1.553,0.49,-0.173,0.0,0.0,0.0
136.79025435447693,1.127,-0.066,1.562,0.488,-0.183,0.0,0.0,0.0
136.8003466129303,1.127,-0.071,1.57,0.492,-0.173,0.0,0.0,0.0
136.80999112129211,1.116,-0.07,1.57,0.495,-0.179,0.0,0.0,0.0
136.81980681419373,1.138,-0.057,1.575,0.495,-0.175,0.0,0.0,0.0
136.8298830986023,1.116,-0.009,1.584,0.5,-0.174,0.0,0.0,0.0
136.839946269989,1.149,-0.026,1.584,0.505,-0.168,-0.001,0.0,0.0
136.84982705116272,1.138,-0.039,1.597,0.503,-0.17,-0.001,0.0,0.0
136.86012363433838,1.138,-0.017,1.589,0.513,-0.17,0.0,0.0,0.0
136.87054133415222,1.149,-0.039,1.606,0.505,-0.167,0.0,0.0,0.0
136.88079524040222,1.16,-0.039,1.611,0.51,-0.161,0.0,0.0,0.0
136.88987112045288,1.181,-0.044,1.628,0.526,-0.156,0.0,0.0,0.0
136.90000247955322,1.16,-0.026,1.62,0.516,-0.172,0.0,0.0,0.0
136.91082453727722,1.171,-0.026,1.637,0.526,-0.157,0.0,0.0,0.0
136.91983556747437,1.181,-0.035,1.646,0.526,-0.151,0.0,0.0,0.0
136.92989778518677,1.181,-0.004,1.651,0.528,-0.155,0.0,0.0,0.0
136.93978834152222,1.192,-0.022,1.655,0.538,-0.153,0.0,0.0,0.0
136.95061492919922,1.192,-0.013,1.664,0.534,-0.148,0.0,0.0,0.0
136.96002221107483,1.203,-0.013,1.589,0.536,-0.157,0.0,0.0,0.0
136.97088503837585,1.214,-0.009,1.611,0.541,-0.142,0.0,0.0,0.0
136.98030471801758,1.214,-0.009,1.678,0.541,-0.147,0.0,0.0,0.0
136.99005913734436,1.203,0.005,1.601,0.549,-0.146,0.0,0.0,0.0
137.00075936317444,1.203,0.001,1.616,0.559,-0.138,0.0,0.0,0.0
137.01065254211426,1.225,-0.008,1.662,0.556,-0.148,0.0,0.0,0.0
137.0209674835205,1.236,0.005,1.666,0.557,-0.141,0.0,0.0,0.0
137.03101921081543,1.214,0.023,1.653,0.554,-0.147,0.0,0.0,0.0
137.0398087501526,1.236,0.005,1.663,0.564,-0.143,0.0,0.0,0.0
137.05004453659058,1.247,0.028,1.66,0.565,-0.137,0.0,0.0,0.0
137.0600619316101,1.258,0.01,1.66,0.567,-0.137,0.0,0.0,0.0
137.07009840011597,1.269,0.027,1.672,0.577,-0.14,0.0,0.0,0.0
137.07984113693237,1.258,0.027,1.673,0.577,-0.137,0.0,0.0,0.0
137.0901710987091,1.269,0.023,1.674,0.582,-0.128,0.0,0.0,0.0
137.10024189949036,1.269,0.018,1.674,0.582,-0.135,0.0,0.0,0.0
137.11041903495789,1.28,0.027,1.676,0.58,-0.129,0.0,0.0,0.0
137.11979746818542,1.28,0.027,1.683,0.59,-0.138,0.0,0.0,0.0
137.13082790374756,1.28,0.041,1.695,0.585,-0.139,0.0,0.0,0.0
137.139746427536,1.28,0.036,1.695,0.595,-0.135,0.0,0.0,0.0
137.1499319076538,1.291,0.036,1.699,0.6,-0.123,0.0,0.0,0.0
137.16098475456238,1.324,0.041,1.699,0.605,-0.125,0.0,0.0,0.0
137.1700460910797,1.302,0.063,1.71,0.6,-0.173,0.0,0.0,0.0
137.17985939979553,1.313,0.058,1.709,0.6,-0.173,0.0,0.0,0.0
137.19005417823792,1.302,0.076,1.706,0.616,-0.129,0.0,0.0,0.0
137.20048451423645,1.324,0.076,1.716,0.623,-0.239,0.0,0.0,0.0
137.20975255966187,1.313,0.072,1.704,0.616,-0.229,0.0,0.0,0.0
137.2198841571808,1.324,0.063,1.707,0.62,-0.257,0.0,0.0,0.0
137.23007988929749,1.335,0.085,1.716,0.62,-0.26,0.0,0.0,0.0
137.24006390571594,1.335,0.076,1.709,0.629,-0.283,0.0,0.0,0.0
137.24978160858154,1.346,0.04,1.622,0.629,-0.27,0.0,0.0,0.0
137.26010537147522,1.346,0.054,1.652,0.634,-0.283,0.0,0.0,0.0
137.2712757587433,1.346,0.076,1.686,0.639,-0.288,0.0,0.0,0.0
137.28007531166077,1.368,0.076,1.642,0.644,-0.292,0.0,0.0,0.0
137.29000973701477,1.368,0.085,1.647,0.644,-0.313,0.0,0.0,0.0
137.30091834068298,1.368,0.085,1.644,0.649,-0.314,0.0,0.0,0.0
137.3108687400818,1.39,0.081,1.643,0.656,-0.319,0.0,0.0,0.0
137.3207142353058,1.39,0.085,1.644,0.657,-0.328,0.0,0.0,0.0
137.3303632736206,1.379,0.085,1.627,0.659,-0.336,0.0,0.0,0.0
137.3405623435974,1.39,0.081,1.626,0.665,-0.346,0.0,0.0,0.0
137.3498408794403,1.39,0.081,1.642,0.664,-0.354,0.0,0.0,0.0
137.3598039150238,1.401,0.089,1.635,0.672,-0.363,0.0,0.0,0.0
137.37048029899597,1.423,0.107,1.638,0.673,-0.376,0.0,0.0,0.0
137.38108682632446,1.412,0.112,1.62,0.677,-0.373,0.0,0.0,0.0
137.3900499343872,1.423,0.112,1.625,0.685,-0.386,0.0,0.0,0.0
137.4007923603058,1.412,0.09,1.625,0.688,-0.404,0.0,0.0,0.0
137.4101264476776,1.423,0.13,1.613,0.688,-0.412,0.0,0.0,0.0
137.42021250724792,1.412,0.116,1.603,0.687,-0.417,0.0,0.0,0.0
137.43015050888062,1.444,0.107,1.609,0.698,-0.426,0.0,0.0,0.0
137.44079995155334,1.444,0.112,1.603,0.695,-0.431,0.0,0.0,0.0
137.45015120506287,1.434,0.067,1.605,0.705,-0.444,0.0,0.0,0.0
137.45978593826294,1.444,0.089,1.595,0.705,-0.451,0.0,0.0,0.0
137.4700677394867,1.444,0.116,1.593,0.71,-0.457,0.0,0.0,0.0
137.48001503944397,1.455,0.085,1.589,0.713,-0.466,0.0,0.0,0.0
137.49048924446106,1.466,0.063,1.582,0.724,-0.475,-0.001,0.0,0.0
137.49998259544373,1.455,0.058,1.579,0.721,-0.484,0.0,0.0,0.0
137.51048350334167,1.455,0.085,1.574,0.729,-0.493,0.0,0.0,0.0
137.52068877220154,1.477,0.072,1.582,0.734,-0.51,0.0,0.0,0.0
137.5305893421173,1.488,0.036,1.576,0.729,-0.519,0.0,0.0,0.0
137.53990006446838,1.499,0.04,1.566,0.734,-0.523,0.0,0.0,0.0
137.55047273635864,1.499,0.067,1.567,0.739,-0.532,0.0,0.0,0.0
137.55973887443542,1.499,0.076,1.561,0.744,-0.536,0.0,0.0,0.0
137.57028818130493,1.51,0.063,1.559,0.746,-0.562,0.0,0.0,0.0
137.58044624328613,1.521,0.054,1.561,0.754,-0.555,0.0,0.0,0.0
137.5909926891327,1.51,0.067,1.559,0.752,-0.558,0.0,0.0,0.0
137.60068702697754,1.51,0.059,1.549,0.759,-0.474,0.0,0.0,0.0
137.6107897758484,1.51,0.049,1.545,0.769,-0.476,0.0,0.0,0.0
137.6209785938263,1.532,0.063,1.54,0.767,-0.47,0.0,0.0,0.0
137.6297743320465,1.532,0.054,1.542,0.775,-0.503,0.0,0.0,0.0
137.6399965286255,1.532,0.054,1.529,0.775,-0.507,0.0,0.0,0.0
137.65090227127075,1.554,0.059,1.527,0.78,-0.517,0.0,0.0,0.0
137.66038012504578,1.532,0.04,1.523,0.783,-0.517,0.0,0.0,0.0
137.66991806030273,1.554,0.045,1.518,0.783,-0.521,-0.002,0.0,0.0
137.68041682243347,1.554,0.032,1.518,0.79,-0.517,0.0,0.0,0.0
137.68978905677795,1.554,0.027,1.504,0.793,-0.517,0.0,0.0,0.0
137.69976353645325,1.565,0.032,1.513,0.8,-0.526,0.0,0.0,0.0
137.70995712280273,1.576,0.036,1.51,0.803,-0.52,0.0,0.0,0.0
137.71989274024963,1.587,0.049,1.503,0.8,-0.535,0.0,0.0,0.0
137.72998905181885,1.576,0.032,1.502,0.803,-0.532,0.0,0.0,0.0
137.73983716964722,1.587,0.036,1.498,0.816,-0.536,0.0,0.0,0.0
137.75041437149048,1.576,0.027,1.499,0.811,-0.515,0.0,0.0,0.0
137.75983786582947,1.609,0.032,1.489,0.821,-0.54,0.0,0.0,0.0
137.77004551887512,1.609,0.05,1.482,0.823,-0.54,0.0,0.0,0.0
137.7803339958191,1.631,0.014,1.486,0.828,-0.528,0.0,0.0,0.0
137.79033756256104,1.598,0.036,1.477,0.834,-0.534,0.0,0.0,0.0
137.79977679252625,1.598,0.028,1.472,0.832,-0.542,0.0,0.0,0.0
137.80982875823975,1.642,0.019,1.466,0.834,-0.538,0.0,0.0,0.0
137.8208043575287,1.631,0.037,1.461,0.842,-0.551,0.0,0.0,0.0
137.82974910736084,1.631,0.019,1.461,0.844,-0.538,0.0,0.0,0.0
137.84018516540527,1.631,0.027,1.455,0.854,-0.558,0.0,0.0,0.0
137.85007166862488,1.653,0.019,1.449,0.849,-0.557,0.0,0.0,0.0
137.85979509353638,1.642,0.01,1.44,0.857,-0.552,0.0,0.0,0.0
137.87000036239624,1.642,0.014,1.444,0.868,-0.566,0.0,0.0,0.0
137.88134741783142,1.675,0.009,1.442,0.819,-0.572,0.0,0.0,0.0
137.89010500907898,1.664,0.009,1.439,0.86,-0.567,0.0,0.0,0.0
137.89980673789978,1.686,0.023,1.431,0.858,-0.56,0.0,0.0,0.0
137.90982270240784,1.675,0.005,1.42,0.865,-0.567,0.0,0.0,0.0
137.9199779033661,1.675,0.01,1.425,0.864,-0.569,-0.001,0.0,0.0
137.92980980873108,1.675,0.019,1.422,0.875,-0.571,0.0,0.0,0.0
137.939701795578,1.675,0.01,1.413,0.878,-0.579,0.0,0.0,0.0
137.9502649307251,1.696,-0.009,1.411,0.878,-0.585,0.0,0.0,0.0
137.96064066886902,1.696,-0.004,1.401,0.886,-0.589,0.0,0.0,0.0
137.96998023986816,1.696,0.014,1.398,0.891,-0.576,0.0,0.0,0.0
137.98007011413574,1.718,0.005,1.4,0.883,-0.571,0.0,0.0,0.0
137.99008011817932,1.707,-0.013,1.398,0.885,-0.584,0.0,0.0,0.0
137.99982380867004,1.718,-0.017,1.39,0.901,-0.583,0.0,0.0,0.0
138.00978779792786,1.707,0.001,1.389,0.906,-0.593,0.0,0.0,0.0
138.02054977416992,1.718,-0.013,1.385,0.901,-0.588,0.0,0.0,0.0
138.03002262115479,1.74,0.001,1.374,0.911,-0.591,0.0,0.0,0.0
138.0397653579712,1.762,-0.021,1.37,0.909,-0.588,0.0,0.0,0.0
138.05057334899902,1.751,-0.017,1.368,0.917,-0.609,0.0,0.0,0.0
138.06055569648743,1.751,-0.013,1.371,0.914,-0.602,0.0,0.0,0.0
138.0697898864746,1.773,-0.022,1.362,0.894,-0.597,0.0,0.0,0.0
138.0800392627716,1.751,-0.022,1.35,0.801,-0.602,0.0,0.0,0.0
138.0899941921234,1.74,-0.013,1.354,0.81,-0.611,0.0,0.0,0.0
138.0997543334961,1.773,-0.004,1.339,0.829,-0.606,0.0,0.0,0.0
138.10977506637573,1.762,-0.057,1.332,0.818,-0.607,0.0,0.0,0.0
138.12109184265137,1.784,-0.021,1.337,0.81,-0.621,0.0,0.0,0.0
138.13071274757385,1.784,-0.053,1.337,0.805,-0.622,0.0,0.0,0.0
138.13970947265625,1.784,-0.008,1.326,0.813,-0.62,0.0,0.0,0.0
138.15016674995422,1.784,-0.044,1.323,0.807,-0.615,0.0,0.0,0.0
138.1606547832489,1.806,-0.049,1.312,0.804,-0.619,0.0,0.0,0.0
138.16984033584595,1.795,-0.039,1.315,0.796,-0.625,0.0,0.0,0.0
138.1801826953888,1.795,-0.053,1.307,0.773,-0.625,0.0,0.0,0.0
138.1911232471466,1.817,-0.026,1.31,0.781,-0.613,0.0,0.0,0.0
138.2000150680542,1.828,-0.044,1.292,0.776,-0.633,0.0,0.0,0.0
138.20982909202576,1.828,-0.057,1.29,0.767,-0.639,0.0,0.0,0.0
138.21999549865723,1.828,-0.044,1.283,0.763,-0.629,0.0,0.0,0.0
138.2305588722229,1.839,-0.04,1.277,0.759,-0.633,0.0,0.0,0.0
138.23970651626587,1.828,-0.053,1.285,0.754,-0.648,0.0,0.0,0.0
138.2514033317566,1.62,-0.053,1.274,0.747,-0.579,0.0,0.0,0.0
138.2604639530182,1.817,-0.061,1.273,0.744,-0.589,0.0,0.0,0.0
138.27007722854614,1.828,-0.053,1.264,0.74,-0.64,0.0,0.001,-0.001
138.28070783615112,1.828,-0.057,1.248,0.723,-0.624,0.0,0.0,0.0
138.29082679748535,1.828,-0.062,1.256,0.733,-0.633,0.0,0.0,0.0
138.3006627559662,1.861,-0.062,1.241,0.722,-0.504,0.0,0.0,0.0
138.30983352661133,1.861,-0.061,1.246,0.717,-0.515,0.0,0.0,0.0
138.3202531337738,1.872,-0.071,1.237,0.71,-0.498,0.0,0.0,0.0
138.33074617385864,1.85,-0.062,1.234,0.707,-0.499,0.0,0.0,0.0
138.33980131149292,1.872,-0.057,1.228,0.695,-0.508,0.0,0.0,0.0
138.34969568252563,1.872,-0.057,1.224,0.682,-0.508,0.0,0.0,0.0
138.36139798164368,1.883,0.005,1.211,0.681,-0.496,0.0,0.0,0.0
138.3701593875885,1.883,-0.075,1.208,0.67,-0.487,0.0,0.0,0.0
138.37983012199402,1.872,-0.053,1.228,0.672,-0.474,0.0,0.0,0.0
138.3904242515564,1.675,-0.044,1.234,0.67,-0.466,0.0,0.0,0.0
138.40080285072327,1.642,-0.071,1.213,0.65,-0.459,0.0,0.0,0.0
138.4106845855713,1.872,-0.049,1.201,0.655,-0.459,0.0,0.0,0.0
138.41981077194214,1.861,-0.066,1.197,0.639,-0.454,0.0,0.0,0.0
138.4300892353058,1.664,-0.08,1.276,0.648,-0.444,0.0,0.0,0.0
138.4398329257965,1.872,-0.053,1.251,0.64,-0.418,0.0,0.0,0.0
138.44979286193848,1.883,-0.08,1.201,0.638,-0.425,0.0,0.0,0.0
138.4602792263031,1.653,-0.075,1.27,0.626,-0.424,0.0,0.0,0.0
138.46995615959167,1.861,-0.053,1.277,0.614,-0.412,0.0,0.0,0.0
138.47994565963745,1.872,-0.057,1.217,0.612,-0.397,0.0,0.0,0.0
138.49010157585144,1.861,-0.062,1.232,0.605,-0.387,-0.007,0.0,0.0
138.50070333480835,1.872,-0.075,1.231,0.599,-0.378,0.0,0.0,0.0
138.50979280471802,1.905,-0.088,1.217,0.594,-0.368,0.0,0.0,0.0
138.52058815956116,1.872,-0.075,1.214,0.585,-0.372,0.0,0.0,0.0
138.53059482574463,1.894,-0.08,1.25,0.579,-0.348,0.0,0.0,0.0
138.53976774215698,1.883,-0.08,1.248,0.576,-0.363,0.0,0.0,0.0
138.5499701499939,1.894,-0.03,1.229,0.573,-0.343,0.0,0.0,0.0
138.5599582195282,1.905,-0.097,1.23,0.555,-0.336,0.0,0.0,0.0
138.57002806663513,1.905,-0.071,1.21,0.557,-0.314,0.0,0.0,0.0
138.5798671245575,1.905,-0.07,1.221,0.553,-0.314,0.0,0.0,0.0
138.59068131446838,1.905,-0.075,1.213,0.546,-0.326,0.0,0.0,0.0
138.60075616836548,1.916,-0.07,1.22,0.537,-0.309,0.0,0.0,0.0
138.61069893836975,1.916,-0.075,1.216,0.519,-0.278,0.0,0.0,0.0
138.61976552009583,1.905,-0.066,1.224,0.517,-0.284,0.0,0.0,0.0
138.63034772872925,1.938,-0.08,1.223,0.508,-0.294,0.0,0.0,0.0
138.64015531539917,1.938,-0.084,1.218,0.513,-0.269,0.0,0.0,0.0
138.64998388290405,1.927,-0.071,1.218,0.503,-0.286,0.0,0.0,0.0
138.66075158119202,1.916,-0.088,1.209,0.502,-0.283,0.0,0.0,0.0
138.67064571380615,1.916,-0.071,1.222,0.489,-0.298,0.0,0.0,0.0
138.67980861663818,1.916,-0.075,1.228,0.488,-0.283,0.0,0.0,0.0
138.69036293029785,1.959,-0.088,1.231,0.481,-0.291,0.0,0.0,0.0
138.70092463493347,1.948,-0.084,1.216,0.47,-0.319,0.0,0.0,0.0
138.71068239212036,1.959,-0.075,1.274,0.459,-0.328,0.0,0.0,0.0
138.72069716453552,1.948,-0.071,1.293,0.454,-0.281,0.0,0.0,0.0
138.73071193695068,1.959,-0.102,1.295,0.46,-0.272,0.0,0.0,0.0
138.74058508872986,1.959,-0.084,1.274,0.454,-0.318,0.0,0.0,0.0
138.75044989585876,1.959,-0.075,1.281,0.448,-0.318,0.0,0.0,0.0
138.76018238067627,1.981,-0.097,1.261,0.456,-0.277,0.0,0.0,0.0
138.77006483078003,1.97,-0.084,1.258,0.496,-0.284,0.0,0.0,0.0
138.78073501586914,1.97,-0.093,1.266,0.495,-0.28,-0.001,0.0,0.0
138.79063987731934,1.981,-0.088,1.265,0.491,-0.289,0.0,0.0,0.0
138.79998588562012,1.992,-0.088,1.273,0.491,-0.26,0.0,0.0,0.0
138.81081199645996,2.003,-0.088,1.27,0.466,-0.265,0.0,0.0,0.0
138.81971287727356,1.981,-0.097,1.278,0.469,-0.276,0.0,0.0,0.0
138.82995986938477,2.014,-0.102,1.277,0.45,-0.276,-0.008,0.0,0.0
138.83979105949402,1.992,-0.057,1.286,0.456,-0.275,0.0,0.0,0.0
138.84988522529602,1.992,-0.079,1.282,0.445,-0.261,0.0,0.0,0.0
138.86063718795776,2.003,-0.084,1.291,0.438,-0.251,0.0,0.0,0.0
138.87067079544067,2.025,-0.08,1.294,0.442,-0.253,0.0,0.0,0.0
138.88077187538147,2.003,-0.084,1.295,0.447,-0.251,0.0,0.0,0.0
138.89018559455872,2.003,-0.088,1.288,0.437,-0.248,0.0,0.0,0.0
138.90034794807434,2.025,-0.088,1.296,0.444,-0.249,0.0,0.0,0.0
138.90972423553467,2.014,-0.088,1.312,0.429,-0.23,0.0,0.0,0.0
138.91997694969177,2.014,-0.084,1.305,0.444,-0.247,0.0,0.0,0.0
138.92982387542725,2.047,-0.088,1.308,0.437,-0.232,0.0,0.0,0.0
138.93971967697144,2.047,-0.088,1.306,0.424,-0.24,0.0,0.0,0.0
138.94986414909363,2.036,-0.08,1.31,0.431,-0.232,0.0,0.0,0.0
138.9612488746643,2.036,-0.084,1.314,0.436,-0.234,0.0,0.0,0.0
138.96998858451843,2.047,-0.08,1.31,0.436,-0.234,0.0,0.0,0.0
138.97990465164185,2.047,-0.088,1.313,0.415,-0.225,0.0,0.0,0.0
138.9902057647705,2.047,-0.079,1.326,0.44,-0.223,0.0,0.0,0.0
138.99993586540222,2.058,-0.106,1.326,0.43,-0.224,0.0,0.0,0.0
139.00988006591797,2.058,-0.075,1.323,0.421,-0.221,0.0,0.0,0.0
139.02099561691284,2.058,-0.062,1.335,0.421,-0.221,0.0,0.0,0.0
139.02976942062378,2.058,-0.052,1.344,0.418,-0.213,0.0,0.0,0.0
139.03978943824768,2.069,-0.066,1.34,0.42,-0.202,0.0,0.0,0.0
139.05051350593567,1.872,-0.053,1.345,0.413,-0.205,0.0,0.0,0.0
139.06033635139465,1.828,-0.061,1.344,0.41,-0.206,0.0,0.0,0.0
139.06989336013794,2.003,-0.044,1.345,0.411,-0.202,0.0,0.0,0.0
139.08015966415405,1.85,-0.057,1.336,0.412,-0.213,0.0,0.0,0.0
139.09012961387634,2.036,-0.048,1.344,0.416,-0.207,0.0,0.0,0.0
139.10078763961792,1.806,-0.035,1.35,0.404,-0.192,0.0,0.0,0.0
139.11063194274902,1.795,-0.048,1.365,0.412,-0.194,0.0,0.0,0.0
139.12071776390076,1.806,-0.049,1.354,0.402,-0.179,0.0,0.0,0.0
139.13007855415344,1.795,-0.017,1.361,0.405,-0.233,0.0,0.0,0.0
139.13982033729553,1.773,-0.017,1.366,0.398,-0.168,0.0,0.0,0.0
139.15015387535095,1.762,-0.03,1.362,0.404,-0.182,0.0,0.0,0.0
139.15990090370178,1.751,-0.017,1.362,0.4,-0.188,0.0,0.0,0.0
139.16984128952026,1.51,-0.017,1.374,0.403,-0.186,0.0,0.0,0.0
139.18086767196655,1.959,-0.013,1.376,0.383,-0.185,0.0,0.0,0.0
139.19064235687256,1.499,-0.009,1.384,0.392,-0.18,0.0,0.0,0.0
139.20067405700684,1.675,-0.009,1.38,0.389,-0.188,0.0,0.0,0.0
139.2098729610443,1.686,-0.017,1.38,0.387,-0.176,0.0,0.0,0.0
139.21996998786926,1.444,-0.013,1.39,0.386,-0.174,0.0,0.0,0.0
139.23112726211548,1.62,0.001,1.39,0.387,-0.168,0.0,0.0,0.0
139.23969721794128,1.576,0.001,1.398,0.387,-0.176,0.0,0.0,0.0
139.25013089179993,1.576,0.019,1.407,0.378,-0.171,0.0,0.001,0.001
139.26080060005188,1.576,0.018,1.403,0.371,-0.161,0.0,0.0,0.0
139.27040553092957,1.357,0.005,1.407,0.379,-0.165,0.0,0.0,0.0
139.28075909614563,1.74,0.014,1.402,0.373,-0.158,0.0,0.0,0.0
139.290762424469,1.521,0.036,1.407,0.376,-0.157,0.0,0.0,0.0
139.3006694316864,1.51,0.018,1.412,0.372,-0.152,0.0,0.0,0.0
139.31002354621887,1.51,0.04,1.416,0.365,-0.157,0.0,0.0,0.0
139.31981229782104,1.707,0.023,1.412,0.366,-0.143,0.0,0.0,0.0
139.33037877082825,1.477,0.04,1.43,0.381,-0.149,0.0,0.0,0.0
139.3398187160492,1.653,0.041,1.429,0.365,-0.15,0.0,0.0,0.0
139.34988141059875,1.466,0.023,1.429,0.368,-0.143,0.0,0.0,0.0
139.35993218421936,1.423,0.027,1.426,0.365,-0.137,0.0,0.0,0.0
139.37086939811707,1.675,0.032,1.438,0.361,-0.137,0.0,0.0,0.0
139.38093852996826,1.401,0.054,1.435,0.365,-0.128,0.0,0.0,0.0
139.38995218276978,1.609,0.041,1.45,0.356,-0.127,0.0,0.0,0.0
139.40043354034424,1.598,0.054,1.451,0.364,-0.123,0.0,0.0,0.0
139.41001915931702,1.39,0.058,1.452,0.359,-0.145,-0.001,0.0,0.0
139.4199275970459,1.587,0.059,1.46,0.364,-0.128,0.0,0.0,0.0
139.42990612983704,1.576,0.081,1.46,0.354,-0.114,0.0,0.0,0.0
139.44007349014282,1.576,0.072,1.46,0.354,-0.125,0.0,0.0,0.0
139.44986987113953,1.565,0.063,1.466,0.349,-0.117,0.0,0.0,0.0
139.46007585525513,1.543,0.081,1.457,0.347,-0.115,0.0,0.0,0.0
139.47089171409607,1.565,0.09,1.466,0.344,-0.111,0.0,0.0,0.0
139.48022174835205,1.554,0.072,1.465,0.35,-0.116,0.0,0.0,0.0
139.48998832702637,1.543,0.081,1.471,0.349,-0.114,0.0,0.0,0.0
139.5004518032074,1.532,0.067,1.49,0.35,-0.111,0.0,0.0,0.0
139.50980806350708,1.543,0.076,1.487,0.341,-0.247,0.0,0.0,0.0
139.51969289779663,1.51,0.067,1.487,0.341,-0.234,0.0,0.0,0.0
139.5298891067505,1.532,0.076,1.495,0.344,-0.27,0.0,0.0,0.0
139.53997611999512,1.51,0.094,1.496,0.348,-0.267,0.0,0.0,0.0
139.55009269714355,1.521,0.081,1.502,0.332,-0.288,0.0,0.0,0.0
139.5597755908966,1.51,0.099,1.508,0.34,-0.275,0.0,0.0,0.0
139.5707106590271,1.51,0.094,1.509,0.332,-0.28,0.0,0.0,0.0
139.5797984600067,1.51,0.112,1.504,0.329,-0.297,0.0,0.0,0.0
139.59008193016052,1.477,0.112,1.514,0.324,-0.298,0.0,0.0,0.0
139.60003352165222,1.488,0.103,1.509,0.324,-0.31,0.0,0.0,0.0
139.61015701293945,1.499,0.112,1.52,0.33,-0.32,-0.002,0.0,0.0
139.62002205848694,1.466,0.116,1.528,0.324,-0.329,0.0,0.0,0.0
139.62986087799072,1.466,0.108,1.524,0.325,-0.334,0.0,0.0,0.0
139.64004635810852,1.466,0.112,1.535,0.327,-0.339,0.0,0.0,0.0
139.65017127990723,1.444,0.125,1.523,0.322,-0.357,0.0,0.0,0.0
139.65994143486023,1.466,0.08,1.541,0.317,-0.366,0.0,0.0,0.0
139.67096400260925,1.455,0.067,1.542,0.314,-0.39,0.0,0.0,0.0
139.68069744110107,1.444,0.116,1.545,0.307,-0.391,0.0,0.0,0.0
139.69013118743896,1.412,0.129,1.553,0.314,-0.4,0.0,0.0,0.0
139.69983196258545,1.423,0.094,1.543,0.313,-0.407,0.0,0.0,0.0
139.70992732048035,1.423,0.112,1.553,0.309,-0.423,0.0,0.0,0.0
139.71991634368896,1.412,0.089,1.557,0.306,-0.428,0.0,0.0,0.0
139.72983503341675,1.423,0.067,1.564,0.31,-0.437,0.0,0.0,0.0
139.740389585495,1.401,0.054,1.572,0.305,-0.449,0.0,0.0,0.0
139.75068020820618,1.401,0.045,1.573,0.303,-0.459,0.0,0.0,0.0
139.75983810424805,1.39,0.072,1.577,0.303,-0.472,0.0,0.0,0.0
139.77063727378845,1.39,0.072,1.585,0.302,-0.486,0.0,0.0,0.0
139.7808792591095,1.39,0.072,1.589,0.292,-0.499,-0.002,0.0,0.0
139.78996872901917,1.39,0.063,1.583,0.297,-0.507,0.0,0.0,0.0
139.79988050460815,1.39,0.055,1.595,0.298,-0.494,0.0,0.0,0.0
139.81056213378906,1.368,0.067,1.599,0.291,-0.525,0.0,0.0,0.0
139.82051157951355,1.379,0.054,1.599,0.291,-0.528,0.0,0.0,0.0
139.8298909664154,1.357,0.055,1.613,0.293,-0.505,0.0,0.0,0.0
139.8398449420929,1.368,0.063,1.609,0.295,-0.456,0.0,0.0,0.0
139.8503930568695,1.357,0.067,1.621,0.286,-0.452,0.0,0.0,0.0
139.8597981929779,1.335,0.045,1.621,0.296,-0.445,0.0,0.0,0.0
139.87064266204834,1.346,0.059,1.617,0.286,-0.448,0.0,0.0,0.0
139.88049983978271,1.335,0.05,1.625,0.29,-0.471,0.0,0.0,0.0
139.89002680778503,1.324,0.023,1.635,0.278,-0.462,-0.009,0.0,0.0
139.90017700195312,1.335,0.059,1.633,0.279,-0.462,0.0,0.0,0.0
139.91073989868164,1.313,0.058,1.639,0.289,-0.48,0.0,0.0,0.0
139.919860124588,1.335,0.036,1.64,0.276,-0.481,0.0,0.0,0.0
139.93038654327393,1.302,0.05,1.635,0.281,-0.481,0.0,0.0,0.0
139.9399790763855,1.302,0.049,1.648,0.278,-0.475,0.0,0.0,0.0
139.95024514198303,1.313,0.023,1.646,0.278,-0.489,0.0,0.0,0.0
139.95980739593506,1.291,0.04,1.657,0.275,-0.495,0.0,0.0,0.0
139.9700379371643,1.302,0.036,1.658,0.27,-0.484,0.0,0.0,0.0
139.98033356666565,1.269,0.019,1.658,0.272,-0.498,0.0,0.0,0.0
139.99087977409363,1.28,0.049,1.672,0.265,-0.494,0.0,0.0,0.0
140.00016403198242,1.269,0.027,1.676,0.277,-0.481,0.0,0.0,0.0
140.01033806800842,1.291,0.032,1.671,0.274,-0.479,0.0,0.0,0.0
140.01998162269592,1.258,0.031,1.685,0.269,-0.499,0.0,0.0,0.0
140.02979397773743,1.247,0.014,1.685,0.264,-0.499,0.0,0.0,0.0
140.04057693481445,1.258,0.023,1.684,0.262,-0.507,0.0,0.0,0.0
140.05043005943298,1.236,0.006,1.689,0.262,-0.499,-0.003,0.0,0.0
140.0598864555359,1.247,0.023,1.698,0.257,-0.502,0.0,0.0,0.0
140.07008004188538,1.236,0.014,1.703,0.264,-0.503,0.0,0.0,0.0
140.0811767578125,1.225,0.001,1.704,0.254,-0.512,0.0,0.0,0.0
140.09095907211304,1.236,0.001,1.707,0.253,-0.511,0.0,0.0,0.0
140.09977102279663,1.214,0.0,1.708,0.25,-0.532,0.0,0.0,0.0
140.10994601249695,1.225,0.001,1.721,0.252,-0.525,0.0,0.0,0.0
140.11980843544006,1.203,0.005,1.716,0.267,-0.516,0.0,0.0,0.0
140.12986612319946,1.214,0.01,1.725,0.266,-0.511,0.0,0.0,0.0
140.1400110721588,1.203,-0.004,1.725,0.254,-0.526,0.0,0.0,0.0
140.15187668800354,1.203,-0.004,1.733,0.251,-0.525,0.0,0.0,0.0
140.1599907875061,1.214,0.0,1.738,0.251,-0.529,0.0,0.0,0.0
140.17009830474854,1.181,-0.017,1.743,0.254,-0.53,0.0,0.0,0.0
140.18010210990906,1.181,-0.004,1.735,0.249,-0.545,0.0,0.0,0.0
140.19093823432922,1.181,-0.005,1.701,0.249,-0.539,0.0,0.0,0.0
140.19973421096802,1.181,-0.013,1.691,0.239,-0.538,0.0,0.0,0.0
140.20984601974487,1.16,-0.021,1.744,0.239,-0.539,0.0,0.0,0.0
140.2209222316742,1.149,-0.035,1.753,0.24,-0.539,0.0,0.0,0.0
140.23028659820557,1.16,-0.044,1.76,0.24,-0.547,0.0,0.0,0.0
140.2399446964264,1.138,-0.027,1.757,0.244,-0.543,0.0,0.0,0.0
140.25025606155396,1.16,-0.026,1.76,0.351,-0.543,0.0,0.0,0.0
140.25988006591797,1.138,-0.031,1.757,0.388,-0.543,0.0,0.0,0.0
140.269793510437,1.138,-0.022,1.634,0.409,-0.548,0.0,0.0,0.0
140.28081130981445,1.105,-0.026,1.636,0.429,-0.547,0.0,0.0,0.0
140.29047775268555,1.116,-0.031,1.643,0.439,-0.562,0.0,0.0,0.0
140.3007616996765,1.127,-0.048,1.675,0.46,-0.562,0.0,0.0,0.0
140.31010055541992,1.105,-0.044,1.642,0.453,-0.557,0.0,0.0,0.0
140.31998348236084,1.105,-0.048,1.684,0.466,-0.561,0.0,0.0,0.0
140.32982420921326,1.116,-0.052,1.629,0.478,-0.566,0.0,0.0,0.0
140.33977365493774,1.105,-0.039,1.615,0.491,-0.556,0.0,0.0,0.0
140.35008597373962,1.083,-0.022,1.622,0.508,-0.561,0.0,0.0,0.0
140.36029148101807,1.094,-0.066,1.616,0.509,-0.54,0.0,0.0,0.0
140.3697648048401,1.072,-0.048,1.619,0.542,-0.576,0.0,0.0,0.0
140.3803253173828,1.072,-0.062,1.619,0.543,-0.568,0.0,0.0,0.0
140.3903615474701,1.061,-0.062,1.626,0.558,-0.572,0.0,0.0,0.0
140.39986371994019,1.061,-0.053,1.611,0.575,-0.572,0.0,0.0,0.0
140.4097602367401,1.061,-0.044,1.608,0.591,-0.572,0.0,0.0,0.0
140.42094683647156,1.05,-0.057,1.61,0.596,-0.571,0.0,0.0,0.0
140.4299008846283,1.039,-0.061,1.596,0.612,-0.566,0.0,0.0,0.0
140.4398009777069,1.05,-0.062,1.593,0.633,-0.576,-0.001,0.0,0.0
140.44992899894714,1.061,-0.057,1.597,0.636,-0.585,0.0,0.0,0.0
140.46037793159485,1.039,-0.062,1.577,0.656,-0.575,0.0,0.001,0.001
140.46979331970215,1.028,-0.075,1.586,0.669,-0.584,0.0,0.0,0.0
140.4799735546112,1.028,-0.071,1.575,0.686,-0.578,0.0,0.0,0.0
140.48991870880127,1.017,-0.07,1.564,0.703,-0.576,0.0,0.0,0.0
140.4997866153717,1.028,-0.084,1.559,0.708,-0.523,0.0,0.0,0.0
140.50975728034973,1.017,-0.075,1.566,0.727,-0.493,0.0,0.0,0.0
140.51992774009705,1.017,-0.075,1.558,0.744,-0.489,0.0,0.0,0.0
140.5299789905548,0.984,-0.066,1.547,0.753,-0.505,0.0,0.0,0.0
140.53975415229797,0.995,-0.071,1.543,0.738,-0.49,0.0,0.0,0.0
140.55052399635315,0.995,-0.066,1.53,0.755,-0.498,0.0,0.0,0.0
140.56072974205017,0.995,-0.084,1.538,0.788,-0.505,0.0,0.0,0.0
140.56998991966248,0.984,-0.062,1.526,0.777,-0.49,0.0,0.0,0.0
140.5801227092743,0.962,-0.071,1.519,0.759,-0.49,0.0,0.0,0.0
140.5903298854828,0.951,-0.084,1.515,0.749,-0.481,0.0,0.0,0.0
140.6006407737732,0.94,-0.088,1.507,0.96,-0.483,0.0,0.0,0.0
140.60972952842712,0.962,-0.071,1.507,0.753,-0.471,0.0,0.0,0.0
140.61996912956238,0.951,-0.075,1.499,0.733,-0.467,0.0,0.0,0.0
140.6306631565094,0.951,-0.08,1.498,0.76,-0.474,0.0,0.0,0.0
140.63981986045837,0.951,-0.071,1.501,0.753,-0.461,0.0,0.0,0.0
140.64983868598938,0.94,-0.071,1.482,0.773,-0.458,0.0,0.0,0.0
140.65991401672363,0.929,-0.062,1.487,0.803,-0.447,0.0,0.0,0.0
140.67005681991577,0.919,-0.097,1.474,0.789,-0.443,0.0,0.0,0.0
140.6799614429474,0.919,-0.08,1.464,0.793,-0.442,0.0,0.0,0.0
140.69000959396362,0.919,-0.093,1.458,0.793,-0.431,0.0,0.0,0.0
140.70063376426697,0.919,-0.084,1.465,0.795,-0.425,0.0,0.0,0.0
140.709801197052,0.897,-0.084,1.448,0.813,-0.425,0.0,0.0,0.0
140.71996426582336,0.897,-0.093,1.455,0.764,-0.424,0.0,0.0,0.0
140.73017048835754,0.897,-0.075,1.447,0.818,-0.416,0.0,0.0,0.0
140.7399022579193,0.886,-0.084,1.44,0.793,-0.411,0.0,0.0,0.0
140.74991416931152,0.875,-0.08,1.433,0.805,-0.411,0.0,0.0,0.0
140.75985765457153,0.886,-0.062,1.428,0.816,-0.402,0.0,0.0,0.0
140.77074265480042,0.886,-0.075,1.417,0.828,-0.403,0.0,0.0,0.0
140.78059363365173,0.875,-0.093,1.413,0.826,-0.408,-0.004,0.0,0.0
140.78983068466187,0.864,-0.08,1.403,0.831,-0.389,0.0,0.0,0.0
140.80000162124634,0.864,-0.013,1.405,0.834,-0.379,0.0,0.0,0.0
140.81008291244507,0.853,-0.031,1.396,0.846,-0.377,0.0,0.0,0.0
140.82067584991455,0.842,-0.07,1.386,0.834,-0.369,0.0,0.0,0.0
140.829763174057,0.853,-0.049,1.382,0.834,-0.358,0.0,0.0,0.0
140.8399350643158,0.831,-0.017,1.372,0.849,-0.367,0.0,0.0,0.0
140.8499071598053,0.842,-0.07,1.371,0.854,-0.351,0.0,0.0,0.0
140.85985231399536,0.82,-0.013,1.368,0.869,-0.347,0.0,0.0,0.0
140.8708782196045,0.82,-0.004,1.363,0.864,-0.344,0.0,0.0,0.0
140.88005876541138,0.809,-0.035,1.353,0.864,-0.33,0.0,0.0,0.0
140.88994765281677,0.809,-0.04,1.347,0.875,-0.334,0.0,0.0,0.0
140.89981889724731,0.787,-0.035,1.339,0.88,-0.338,0.0,0.0,0.0
140.91020679473877,0.809,-0.048,1.327,0.877,-0.327,0.0,0.0,0.0
140.92020416259766,0.798,-0.008,1.335,0.89,-0.311,0.0,0.0,0.0
140.92970776557922,0.787,-0.021,1.319,0.893,-0.315,0.0,0.0,0.0
140.94007349014282,0.776,-0.026,1.316,0.893,-0.307,0.0,0.0,0.0
140.95013165473938,0.787,0.001,1.312,0.898,-0.307,0.0,0.001,-0.001
140.95978951454163,0.776,-0.026,1.302,0.906,-0.3,0.0,0.0,0.0
140.97004199028015,0.798,-0.004,1.3,0.895,-0.297,0.0,0.0,0.0
140.97986960411072,0.754,0.001,1.292,0.9,-0.297,0.0,0.0,0.0
140.99011993408203,0.776,0.005,1.288,0.914,-0.292,0.0,0.0,0.0
140.9997866153717,0.754,-0.004,1.272,0.926,-0.288,0.0,0.0,0.0
141.0101237297058,0.743,-0.009,1.272,0.926,-0.287,0.0,0.0,0.0
141.0201005935669,0.743,0.009,1.282,0.929,-0.283,0.0,0.0,0.0
141.02981185913086,0.754,0.005,1.277,0.936,-0.277,0.0,0.0,0.0
141.03983664512634,0.754,0.014,1.26,0.939,-0.318,0.0,0.0,0.0
141.0509123802185,0.732,0.019,1.26,0.942,-0.319,0.0,0.0,0.0
141.0600299835205,0.732,0.023,1.244,0.947,-0.267,0.0,0.0,0.0
141.0700170993805,0.699,0.018,1.245,0.955,-0.27,0.0,0.0,0.0
141.08087968826294,0.71,0.014,1.229,0.957,-0.293,0.0,0.0,0.0
141.0908784866333,0.71,0.036,1.29,0.96,-0.297,0.0,0.0,0.0
141.1007387638092,0.688,0.036,1.27,0.963,-0.269,0.0,0.0,0.0
141.11065363883972,0.688,0.032,1.228,0.965,-0.288,0.0,0.0,0.0
141.1198799610138,0.699,0.049,1.235,0.965,-0.284,0.0,0.0,0.0
141.13012170791626,0.699,0.036,1.236,0.97,-0.276,0.0,0.0,0.0
141.13983702659607,0.688,0.036,1.238,0.978,-0.26,0.0,0.0,0.0
141.15040135383606,0.677,0.049,1.235,0.983,-0.264,0.0,0.0,0.0
141.1602499485016,0.688,0.032,1.265,0.988,-0.255,0.0,0.0,0.0
141.1700313091278,0.656,0.036,1.265,0.991,-0.259,0.0,0.0,0.0
141.17997860908508,0.667,0.054,1.243,0.963,-0.253,0.0,0.0,0.0
141.19006276130676,0.656,0.063,1.255,0.967,-0.255,0.0,0.0,0.0
141.1998691558838,0.645,0.041,1.241,0.994,-0.247,0.0,0.0,0.0
141.20976781845093,0.634,0.058,1.238,1.003,-0.251,0.0,0.0,0.0
141.21979594230652,0.634,0.067,1.239,1.001,-0.237,0.0,0.0,0.0
141.22999835014343,0.623,0.068,1.238,1.012,-0.252,0.0,0.0,0.0
141.23976588249207,0.656,0.081,1.237,1.009,-0.246,0.0,0.0,0.0
141.24978017807007,0.612,0.081,1.229,0.968,-0.248,0.0,0.0,0.0
141.26068329811096,0.623,0.072,1.225,0.716,-0.239,0.0,0.0,0.0
141.26993227005005,0.601,0.076,1.232,0.859,-0.284,0.0,0.0,0.0
141.2798409461975,0.59,0.067,1.229,0.853,-0.288,0.0,0.0,0.0
141.29009175300598,0.634,0.081,1.224,0.851,-0.248,0.0,0.0,0.0
141.30044651031494,0.612,0.098,1.218,0.849,-0.243,0.0,0.0,0.0
141.31072998046875,0.612,0.081,1.224,0.846,-0.231,0.0,0.0,0.0
141.32073712348938,0.59,0.094,1.225,0.837,-0.226,0.0,0.0,0.0
141.33078718185425,0.59,0.094,1.214,0.822,-0.238,0.0,0.0,0.0
141.3396918773651,0.568,0.085,1.209,0.819,-0.221,0.0,0.0,0.0
141.34990239143372,0.579,0.094,1.216,0.805,-0.212,0.0,0.0,0.0
141.36124062538147,0.568,0.09,1.209,0.798,-0.218,0.0,0.0,0.0
141.37018060684204,0.568,0.103,1.199,0.797,-0.224,0.0,0.0,0.0
141.38011264801025,0.557,0.107,1.215,0.781,-0.218,0.0,0.0,0.0
141.38990092277527,0.546,0.085,1.196,0.777,-0.22,0.0,0.0,0.0
141.4006209373474,0.535,0.099,1.204,0.761,-0.212,0.0,0.0,0.0
141.4104881286621,0.557,0.116,1.199,0.752,-0.21,0.0,0.0,0.0
141.41970992088318,0.535,0.121,1.193,0.74,-0.211,0.0,0.0,0.0
141.4309332370758,0.535,0.116,1.198,0.748,-0.208,0.0,0.0,0.0
141.43976211547852,0.524,0.13,1.195,0.729,-0.211,0.0,0.0,0.0
141.4498748779297,0.513,0.121,1.195,0.716,-0.212,0.0,0.0,0.0
141.46035838127136,0.524,0.138,1.183,0.707,-0.204,0.0,0.0,0.0
141.47003436088562,0.513,0.116,1.186,0.696,-0.191,0.0,0.0,0.0
141.47993397712708,0.743,0.125,1.186,0.682,-0.198,0.0,0.0,0.0
141.48977661132812,0.513,0.143,1.179,0.686,-0.192,0.0,0.0,0.0
141.50061106681824,0.535,0.081,1.183,0.669,-0.198,0.0,0.0,0.0
141.50982308387756,0.502,0.094,1.187,0.66,-0.193,0.0,0.0,0.0
141.5198700428009,0.491,0.129,1.193,0.648,-0.186,0.0,0.0,0.0
141.53149795532227,0.491,0.094,1.185,0.647,-0.189,0.0,0.0,0.0
141.54090642929077,0.491,0.049,1.176,0.631,-0.189,0.0,0.0,0.0
141.5498399734497,0.491,0.045,1.171,0.615,-0.18,0.0,0.0,0.0
141.56031394004822,0.491,0.085,1.181,0.614,-0.181,0.0,0.0,0.0
141.57035493850708,0.48,0.05,1.181,0.6,-0.177,0.0,0.0,0.0
141.5798180103302,0.469,0.085,1.17,0.588,-0.24,0.0,0.0,0.0
141.58989477157593,0.469,0.081,1.173,0.587,-0.232,0.0,0.0,0.0
141.60015869140625,0.458,0.067,1.166,0.566,-0.183,0.0,0.0,0.0
141.60992431640625,0.458,0.063,1.166,0.562,-0.184,0.0,0.0,0.0
141.61970281600952,0.447,0.068,1.163,0.55,-0.174,0.0,0.0,0.0
