t,wrist_ft_force_X,wrist_ft_force_Y,wrist_ft_force_Z,wrist_ft_torque_X,wrist_ft_torque_Y,wrist_ft_torque_Z
0.0,4.0,-2.6,-68.8,0.73,0.02,0.63
0.01034235954284668,4.0,-2.6,-68.8,0.73,0.02,0.63
0.019989967346191406,4.0,-2.6,-68.8,0.72,0.02,0.63
0.02981853485107422,4.0,-2.6,-68.7,0.73,0.02,0.63
0.040073394775390625,4.0,-2.6,-68.8,0.73,0.02,0.63
0.05030560493469238,4.0,-2.6,-68.8,0.73,0.02,0.63
0.05991411209106445,4.0,-2.6,-68.8,0.72,0.01,0.63
0.06980228424072266,3.9000000000000004,-1.2000000000000002,-68.5,0.59,0.01,0.63
0.08045601844787598,4.0,-3.1,-68.9,0.77,0.02,0.64
0.08984160423278809,3.9000000000000004,-2.4000000000000004,-69.0,0.73,0.01,0.63
0.09990882873535156,3.8000000000000003,-2.8000000000000003,-68.9,0.74,0.01,0.65
0.11001825332641602,3.9000000000000004,-3.2,-68.9,0.78,0.01,0.63
0.12101030349731445,3.9000000000000004,-2.8000000000000003,-68.8,0.75,0.01,0.63
0.12977027893066406,3.9000000000000004,-2.9000000000000004,-68.8,0.74,0.02,0.64
0.13974571228027344,4.0,-2.9000000000000004,-68.7,0.75,0.02,0.63
0.1502397060394287,4.0,-2.6,-68.7,0.72,0.02,0.64
0.15984082221984863,4.0,-2.5,-68.7,0.71,0.01,0.64
0.16986632347106934,4.0,-2.4000000000000004,-68.60000000000001,0.71,0.02,0.63
0.1806802749633789,4.0,-2.3000000000000003,-68.7,0.6900000000000001,0.02,0.63
0.1905064582824707,4.0,-2.6,-68.7,0.72,0.02,0.64
0.19985103607177734,4.0,-2.8000000000000003,-68.8,0.75,0.01,0.63
0.21002984046936035,3.9000000000000004,-2.9000000000000004,-68.8,0.75,0.01,0.63
0.2208089828491211,3.9000000000000004,-2.7,-68.9,0.74,0.01,0.64
0.22977089881896973,4.0,-2.2,-68.8,0.68,0.02,0.64
0.239851713180542,4.0,-2.5,-68.8,0.71,0.02,0.64
0.2507340908050537,3.9000000000000004,-2.6,-68.9,0.72,0.02,0.63
0.25996899604797363,3.9000000000000004,-2.7,-68.7,0.74,0.01,0.63
0.26983046531677246,4.1000000000000005,-2.6,-68.7,0.73,0.03,0.63
0.2810027599334717,4.2,-2.7,-68.7,0.73,0.03,0.64
0.2908191680908203,4.0,-2.9000000000000004,-68.7,0.74,0.02,0.63
0.30070066452026367,3.9000000000000004,-2.8000000000000003,-68.8,0.75,-0.0,0.63
0.30980777740478516,3.9000000000000004,-2.8000000000000003,-68.7,0.75,-0.0,0.64
0.3199625015258789,4.0,-2.7,-68.7,0.73,0.03,0.63
0.3299531936645508,4.1000000000000005,-2.7,-68.7,0.73,0.03,0.64
0.3397243022918701,3.9000000000000004,-2.7,-68.7,0.74,0.01,0.63
0.3508148193359375,3.8000000000000003,-2.7,-68.8,0.73,-0.0,0.64
0.36056971549987793,3.8000000000000003,-2.5,-68.7,0.72,-0.0,0.63
0.3698232173919678,4.0,-2.5,-68.7,0.72,0.03,0.64
0.3812241554260254,4.0,-2.3000000000000003,-68.7,0.7000000000000001,0.02,0.63
0.3901786804199219,3.9000000000000004,-2.5,-68.8,0.71,0.01,0.63
0.399918794631958,3.8000000000000003,-2.5,-68.8,0.72,-0.0,0.63
0.41004300117492676,3.9000000000000004,-2.5,-68.7,0.72,-0.0,0.63
0.41988039016723633,4.0,-2.6,-68.8,0.72,0.02,0.63
0.4300270080566406,4.0,-2.7,-68.8,0.73,0.03,0.64
0.43978452682495117,4.0,-2.7,-68.7,0.74,0.01,0.63
0.45088696479797363,3.9000000000000004,-2.8000000000000003,-68.7,0.75,0.01,0.63
0.4600563049316406,3.9000000000000004,-2.7,-68.7,0.74,0.01,0.63
0.4705777168273926,4.0,-2.6,-68.7,0.72,0.02,0.63
0.47986435890197754,4.1000000000000005,-2.6,-68.8,0.72,0.03,0.64
0.49007725715637207,4.0,-2.6,-68.7,0.72,0.02,0.63
0.5008177757263184,4.0,-2.6,-68.8,0.72,0.01,0.63
0.5106604099273682,3.9000000000000004,-2.6,-68.8,0.72,0.01,0.63
0.5207135677337646,4.0,-2.6,-68.8,0.72,0.02,0.63
0.5302472114562988,4.0,-2.6,-68.8,0.72,0.02,0.63
0.5397450923919678,4.0,-2.6,-68.8,0.73,0.02,0.63
0.5501880645751953,3.9000000000000004,-2.7,-68.8,0.73,0.01,0.63
0.5601153373718262,3.9000000000000004,-2.6,-68.8,0.73,0.01,0.63
0.5709223747253418,3.9000000000000004,-2.6,-68.7,0.72,0.02,0.63
0.580338716506958,4.0,-2.6,-68.7,0.72,0.02,0.63
0.5904991626739502,4.0,-2.6,-68.8,0.72,0.02,0.63
0.6005663871765137,3.9000000000000004,-2.7,-68.7,0.73,0.01,0.63
0.6104326248168945,3.9000000000000004,-2.7,-68.7,0.73,0.01,0.63
0.6207501888275146,4.0,-2.7,-68.7,0.73,0.02,0.63
0.630028486251831,4.0,-2.7,-68.8,0.73,0.02,0.63
0.6406736373901367,3.9000000000000004,-2.7,-68.8,0.73,0.02,0.63
0.650277853012085,3.9000000000000004,-2.6,-68.8,0.73,0.01,0.63
0.6601648330688477,3.9000000000000004,-2.6,-68.7,0.72,0.01,0.63
0.6700246334075928,4.0,-2.5,-68.7,0.72,0.02,0.64
0.679997444152832,3.9000000000000004,-2.5,-68.8,0.72,0.02,0.63
0.6898493766784668,4.0,-2.6,-68.8,0.72,0.02,0.63
0.7000353336334229,4.0,-2.6,-68.8,0.72,0.02,0.63
0.7107284069061279,4.0,-2.7,-68.8,0.73,0.02,0.63
0.7199351787567139,3.9000000000000004,-2.7,-68.8,0.73,0.02,0.63
0.7303040027618408,4.0,-2.7,-68.7,0.73,0.02,0.63
0.7406847476959229,4.0,-2.7,-68.8,0.73,0.02,0.63
0.7507755756378174,4.0,-2.7,-68.7,0.73,0.02,0.63
0.7600393295288086,4.0,-3.0,-68.7,0.77,0.02,0.63
0.7702775001525879,4.0,-2.5,-68.8,0.73,0.02,0.63
0.7803938388824463,4.0,-2.6,-68.7,0.71,0.02,0.64
0.7904038429260254,4.0,-2.5,-68.7,0.71,0.02,0.63
0.8007316589355469,4.0,-2.4000000000000004,-68.8,0.71,0.02,0.64
0.8108460903167725,4.0,-2.4000000000000004,-68.8,0.71,0.02,0.64
0.8208589553833008,3.9000000000000004,-2.5,-68.8,0.72,0.01,0.63
0.8305599689483643,3.9000000000000004,-2.5,-68.8,0.72,0.01,0.64
0.8397753238677979,3.9000000000000004,-2.6,-68.8,0.72,0.01,0.63
0.8503909111022949,3.9000000000000004,-2.7,-68.8,0.74,0.01,0.63
0.8598504066467285,3.9000000000000004,-2.7,-68.8,0.74,0.02,0.63
0.8700180053710938,4.0,-2.7,-68.8,0.74,0.02,0.63
0.8802528381347656,4.0,-2.6,-68.8,0.73,0.02,0.63
0.8914408683776855,4.0,-2.5,-68.7,0.71,0.02,0.63
0.8999330997467041,4.0,-2.5,-68.7,0.72,0.02,0.63
0.9098775386810303,4.0,-2.6,-68.8,0.73,0.02,0.63
0.9204273223876953,4.0,-2.7,-68.8,0.73,0.02,0.63
0.9298169612884521,4.0,-2.7,-68.8,0.74,0.02,0.63
0.9400975704193115,3.9000000000000004,-2.7,-68.8,0.73,0.02,0.63
0.950993537902832,4.0,-2.7,-68.8,0.73,0.02,0.63
0.960090160369873,4.0,-2.6,-68.8,0.73,0.02,0.63
0.9698495864868164,4.0,-2.5,-68.8,0.72,0.02,0.63
0.9808158874511719,4.0,-2.5,-68.8,0.72,0.02,0.64
0.9902637004852295,4.0,-2.5,-68.7,0.71,0.02,0.63
0.9998345375061035,4.0,-2.5,-68.8,0.71,0.02,0.63
1.00993013381958,4.0,-2.6,-68.8,0.72,0.02,0.63
1.0198125839233398,4.0,-2.7,-68.8,0.73,0.02,0.63
1.0299813747406006,4.0,-2.8000000000000003,-68.8,0.74,0.02,0.63
1.0398509502410889,4.0,-2.7,-68.8,0.74,0.02,0.63
1.0499379634857178,4.0,-2.7,-68.8,0.73,0.02,0.63
1.0610814094543457,4.0,-2.7,-68.8,0.73,0.02,0.63
1.0697290897369385,3.7,-2.6,-68.7,0.73,0.01,0.63
1.0800206661224365,3.8000000000000003,-2.6,-68.7,0.72,-0.0,0.64
1.0906262397766113,4.0,-2.5,-68.8,0.71,0.01,0.64
1.1001274585723877,4.0,-2.5,-68.7,0.71,0.02,0.64
1.1098215579986572,4.1000000000000005,-2.6,-68.8,0.73,0.03,0.63
1.1196508407592773,3.9000000000000004,-2.6,-68.9,0.73,0.02,0.63
1.129946231842041,3.8000000000000003,-2.7,-68.8,0.73,-0.0,0.64
1.1397361755371094,3.8000000000000003,-2.7,-68.8,0.73,-0.0,0.64
1.1501004695892334,3.9000000000000004,-2.6,-68.8,0.72,0.02,0.63
1.1610145568847656,4.1000000000000005,-2.6,-68.7,0.72,0.04,0.63
1.1703262329101562,4.2,-2.6,-68.7,0.73,0.04,0.63
1.1799397468566895,4.1000000000000005,-2.6,-68.8,0.72,0.02,0.64
1.190087080001831,3.9000000000000004,-2.6,-68.7,0.72,0.01,0.63
1.2003498077392578,4.0,-2.7,-68.8,0.73,0.01,0.63
1.2104239463806152,4.0,-2.7,-68.8,0.73,0.02,0.63
1.219749927520752,4.1000000000000005,-2.7,-68.7,0.74,0.03,0.63
1.230790376663208,4.1000000000000005,-2.7,-68.8,0.73,0.03,0.63
1.2397446632385254,4.0,-2.6,-68.8,0.73,0.02,0.63
1.2498631477355957,4.0,-2.6,-68.8,0.72,0.01,0.63
1.2605986595153809,3.9000000000000004,-2.5,-68.8,0.72,0.01,0.64
1.2699332237243652,3.9000000000000004,-2.5,-68.8,0.72,0.01,0.64
1.2798733711242676,3.9000000000000004,-2.6,-68.7,0.72,0.01,0.63
1.289888620376587,3.9000000000000004,-2.6,-68.8,0.72,0.01,0.64
1.3007912635803223,3.9000000000000004,-2.7,-68.7,0.73,0.01,0.63
1.3099925518035889,3.9000000000000004,-2.7,-68.8,0.73,0.01,0.63
1.3198182582855225,3.9000000000000004,-2.7,-68.7,0.73,0.01,0.64
1.33042573928833,3.9000000000000004,-2.7,-68.7,0.73,0.01,0.63
1.3398380279541016,3.9000000000000004,-2.6,-68.7,0.73,0.01,0.64
1.349759578704834,3.9000000000000004,-2.6,-68.8,0.73,0.01,0.64
1.3600571155548096,4.0,-2.6,-68.8,0.72,0.02,0.63
1.3702163696289062,4.0,-2.6,-68.7,0.72,0.02,0.63
1.3799359798431396,4.0,-2.6,-68.8,0.73,0.02,0.63
1.390064001083374,4.0,-2.6,-68.8,0.73,0.02,0.63
1.4000294208526611,4.0,-2.6,-68.8,0.73,0.01,0.63
1.4100301265716553,4.0,-2.6,-68.8,0.73,0.02,0.63
1.4197893142700195,4.0,-2.6,-68.8,0.73,0.02,0.63
1.431410789489746,4.0,-2.6,-68.8,0.72,0.03,0.63
1.4406077861785889,4.0,-2.6,-68.7,0.72,0.02,0.63
1.4499154090881348,4.0,-2.6,-68.8,0.72,0.02,0.63
1.4609174728393555,4.0,-2.6,-68.7,0.72,0.02,0.63
1.4699931144714355,4.0,-2.6,-68.8,0.73,0.02,0.63
1.4807889461517334,4.0,-2.7,-68.8,0.73,0.02,0.63
1.4909300804138184,4.0,-2.7,-68.8,0.73,0.02,0.63
1.501190185546875,4.0,-2.7,-68.8,0.73,0.02,0.63
1.5104968547821045,3.9000000000000004,-2.6,-68.8,0.73,0.01,0.63
1.5201377868652344,3.9000000000000004,-2.6,-68.8,0.73,0.01,0.63
1.5304741859436035,3.9000000000000004,-2.6,-68.8,0.72,0.01,0.63
1.5410189628601074,3.9000000000000004,-2.6,-68.8,0.72,0.01,0.63
1.5497865676879883,3.9000000000000004,-2.6,-68.8,0.72,0.01,0.64
1.559770107269287,3.9000000000000004,-2.6,-68.8,0.72,0.01,0.64
1.5704939365386963,3.9000000000000004,-2.6,-68.8,0.73,0.01,0.63
1.5807507038116455,3.9000000000000004,-2.6,-68.8,0.73,0.02,0.63
1.5907089710235596,4.0,-2.6,-68.8,0.73,0.02,0.63
1.6007814407348633,4.0,-2.6,-68.8,0.73,0.02,0.63
1.6104323863983154,4.0,-2.3000000000000003,-68.8,0.7000000000000001,0.02,0.63
1.6197178363800049,4.0,-2.7,-68.7,0.73,0.02,0.64
1.6301953792572021,4.0,-2.5,-68.8,0.72,0.02,0.63
1.6402318477630615,4.0,-2.7,-68.7,0.73,0.02,0.64
1.6498088836669922,4.0,-2.6,-68.8,0.73,0.02,0.63
1.6600501537322998,4.0,-2.9000000000000004,-68.7,0.74,0.02,0.64
1.670452356338501,4.0,-2.7,-68.8,0.73,0.02,0.63
1.6799871921539307,4.0,-2.8000000000000003,-68.8,0.73,0.02,0.63
1.6901254653930664,4.0,-2.7,-68.8,0.74,0.02,0.63
1.7008070945739746,4.0,-2.6,-68.8,0.72,0.02,0.63
1.7109811305999756,4.0,-2.5,-68.7,0.71,0.02,0.64
1.7206597328186035,4.0,-2.5,-68.8,0.72,0.02,0.64
1.7298223972320557,3.9000000000000004,-2.6,-68.8,0.72,0.02,0.63
1.7399077415466309,3.9000000000000004,-2.7,-68.7,0.73,0.01,0.63
1.749892234802246,3.9000000000000004,-2.7,-68.8,0.73,0.01,0.63
1.7603294849395752,3.9000000000000004,-2.6,-68.8,0.73,0.01,0.64
1.7701425552368164,4.0,-2.6,-68.8,0.73,0.01,0.63
1.7806353569030762,3.9000000000000004,-2.6,-68.8,0.73,0.01,0.63
1.7907028198242188,3.9000000000000004,-2.6,-68.8,0.72,0.01,0.63
1.8000462055206299,3.9000000000000004,-2.5,-68.8,0.72,0.01,0.64
1.810905933380127,3.9000000000000004,-2.5,-68.8,0.72,0.01,0.63
1.819835901260376,4.0,-2.6,-68.8,0.72,0.02,0.63
1.8299331665039062,4.0,-2.6,-68.8,0.73,0.02,0.63
1.839998483657837,4.0,-2.7,-68.8,0.73,0.02,0.63
1.8499319553375244,4.0,-2.7,-68.8,0.74,0.02,0.63
1.8607044219970703,4.0,-2.7,-68.8,0.73,0.02,0.63
1.8704326152801514,4.0,-2.6,-68.8,0.73,0.02,0.63
1.8807649612426758,4.0,-2.6,-68.8,0.72,0.02,0.63
1.8900680541992188,4.0,-2.6,-68.8,0.72,0.02,0.63
1.9001481533050537,4.0,-2.5,-68.8,0.72,0.02,0.63
1.9104106426239014,4.0,-2.6,-68.8,0.72,0.02,0.63
1.919853925704956,4.0,-2.6,-68.8,0.72,0.02,0.63
1.9298210144042969,4.0,-2.7,-68.8,0.73,0.02,0.63
1.940293788909912,3.9000000000000004,-2.7,-68.7,0.73,0.01,0.63
1.9499320983886719,4.1000000000000005,-2.7,-68.8,0.73,0.05,0.63
1.959834337234497,4.2,-2.6,-68.60000000000001,0.72,0.02,0.64
1.970515489578247,4.0,-2.7,-68.8,0.73,0.02,0.63
1.980790138244629,3.8000000000000003,-2.6,-68.7,0.72,0.01,0.64
1.9903535842895508,4.1000000000000005,-2.6,-68.7,0.72,0.01,0.64
2.0000758171081543,4.1000000000000005,-2.6,-68.7,0.72,0.05,0.63
2.0101237297058105,4.1000000000000005,-2.6,-68.7,0.73,0.03,0.64
2.0198397636413574,3.9000000000000004,-2.7,-68.7,0.74,0.01,0.63
2.029775381088257,3.7,-2.7,-68.8,0.73,-0.0,0.64
2.0401620864868164,3.8000000000000003,-2.6,-68.7,0.72,-0.0,0.64
2.050189971923828,4.0,-2.6,-68.8,0.72,0.02,0.63
2.0596911907196045,4.0,-2.6,-68.8,0.73,0.02,0.64
2.070138692855835,3.9000000000000004,-2.6,-68.7,0.73,0.01,0.63
2.081104278564453,3.8000000000000003,-2.6,-68.8,0.72,-0.0,0.63
2.089827299118042,3.8000000000000003,-2.6,-68.7,0.72,-0.0,0.63
2.099830389022827,3.9000000000000004,-2.6,-68.7,0.72,0.01,0.64
2.1099417209625244,4.0,-2.7,-68.8,0.73,0.02,0.63
2.1207261085510254,4.0,-2.7,-68.8,0.73,0.02,0.63
2.1298532485961914,4.0,-2.7,-68.8,0.73,0.02,0.63
2.1399850845336914,4.0,-2.6,-68.8,0.73,0.02,0.63
2.1503119468688965,4.0,-2.6,-68.8,0.72,0.02,0.63
2.1597721576690674,4.0,-2.6,-68.7,0.73,0.02,0.63
2.1703941822052,4.0,-2.6,-68.8,0.72,0.02,0.63
2.1803853511810303,4.0,-2.6,-68.8,0.72,0.02,0.63
2.190162181854248,4.0,-2.6,-68.8,0.72,0.02,0.63
2.199824094772339,4.0,-2.6,-68.8,0.73,0.02,0.63
2.2100160121917725,4.0,-2.6,-68.8,0.73,0.02,0.63
2.2207388877868652,4.0,-2.6,-68.8,0.73,0.02,0.63
2.2297070026397705,4.0,-2.6,-68.8,0.73,0.01,0.63
2.240758180618286,3.9000000000000004,-2.6,-68.8,0.73,0.01,0.63
2.2507565021514893,3.9000000000000004,-2.6,-68.8,0.73,0.01,0.63
2.2598540782928467,3.9000000000000004,-2.6,-68.8,0.72,0.01,0.63
2.2701432704925537,4.0,-2.6,-68.8,0.72,0.02,0.63
2.281097412109375,3.9000000000000004,-2.6,-68.8,0.73,0.01,0.64
2.290799856185913,3.9000000000000004,-2.6,-68.7,0.73,0.01,0.63
2.3006930351257324,3.9000000000000004,-2.6,-68.7,0.73,0.01,0.64
2.310607671737671,3.9000000000000004,-2.7,-68.7,0.73,0.01,0.63
2.3198201656341553,3.9000000000000004,-2.6,-68.8,0.73,0.01,0.63
2.329836845397949,3.9000000000000004,-2.6,-68.8,0.73,0.01,0.63
2.3403849601745605,4.0,-2.6,-68.8,0.72,0.01,0.63
2.3502602577209473,4.0,-2.6,-68.8,0.72,0.01,0.63
2.3597424030303955,4.0,-2.6,-68.8,0.72,0.02,0.63
2.3699004650115967,4.0,-2.6,-68.8,0.73,0.02,0.63
2.380509376525879,4.0,-2.6,-68.8,0.73,0.02,0.63
2.390993356704712,4.0,-2.7,-68.8,0.73,0.02,0.63
2.399857759475708,4.0,-2.7,-68.8,0.73,0.02,0.63
2.4106245040893555,4.0,-2.6,-68.8,0.73,0.02,0.63
2.420156478881836,4.0,-2.6,-68.8,0.73,0.02,0.63
2.42995285987854,4.0,-2.6,-68.8,0.73,0.02,0.63
2.440089464187622,4.0,-2.6,-68.8,0.72,0.02,0.63
2.4502367973327637,4.0,-2.6,-68.8,0.72,0.02,0.63
2.4605600833892822,4.0,-2.6,-68.8,0.73,0.02,0.63
2.46994686126709,3.9000000000000004,-2.6,-68.8,0.73,0.02,0.63
2.4799373149871826,3.9000000000000004,-2.6,-68.8,0.73,0.01,0.63
2.489870309829712,3.9000000000000004,-2.6,-68.8,0.73,0.01,0.64
2.500511407852173,3.9000000000000004,-2.6,-68.8,0.73,0.01,0.63
2.510072708129883,3.9000000000000004,-2.6,-68.8,0.73,0.01,0.64
2.5197913646698,3.9000000000000004,-2.6,-68.8,0.73,0.01,0.63
2.53008770942688,3.9000000000000004,-2.6,-68.8,0.72,0.01,0.63
2.53987979888916,3.9000000000000004,-2.6,-68.8,0.73,0.01,0.63
2.5501577854156494,3.9000000000000004,-2.6,-68.8,0.73,0.01,0.63
2.560049057006836,4.0,-2.6,-68.8,0.73,0.01,0.63
2.57016921043396,4.0,-2.6,-68.8,0.73,0.01,0.63
2.58005690574646,4.0,-2.6,-68.8,0.73,0.02,0.63
2.589883804321289,4.0,-2.7,-68.8,0.73,0.02,0.64
2.6006362438201904,4.0,-2.6,-68.9,0.73,0.02,0.63
2.610093116760254,3.8000000000000003,-2.6,-68.8,0.73,0.01,0.64
2.6199657917022705,3.9000000000000004,-2.6,-68.7,0.72,0.01,0.63
2.6303634643554688,4.0,-2.6,-68.8,0.72,0.02,0.64
2.640385627746582,4.1000000000000005,-2.6,-68.7,0.72,0.03,0.63
2.6498682498931885,4.1000000000000005,-2.6,-68.8,0.73,0.03,0.63
2.6598339080810547,3.9000000000000004,-2.6,-68.8,0.72,0.02,0.64
2.670614242553711,3.8000000000000003,-2.6,-68.8,0.73,-0.0,0.64
2.680758237838745,4.0,-2.7,-68.8,0.73,0.01,0.63
2.6898036003112793,4.1000000000000005,-2.7,-68.8,0.73,0.03,0.63
2.6998798847198486,4.1000000000000005,-2.6,-68.7,0.73,0.04,0.63
2.7105088233947754,4.1000000000000005,-2.6,-68.8,0.73,0.03,0.63
2.719794750213623,4.0,-2.6,-68.8,0.72,0.01,0.64
2.7298052310943604,3.9000000000000004,-2.6,-68.8,0.72,0.01,0.63
2.740886926651001,3.9000000000000004,-2.6,-68.8,0.72,0.01,0.64
2.7500782012939453,3.9000000000000004,-2.6,-68.8,0.73,0.01,0.63
2.7599196434020996,4.0,-2.6,-68.8,0.73,0.02,0.63
2.7704524993896484,4.0,-2.6,-68.8,0.72,0.02,0.63
2.7799553871154785,3.9000000000000004,-2.6,-68.8,0.73,0.01,0.64
2.7899749279022217,3.9000000000000004,-2.6,-68.8,0.73,0.01,0.63
2.799788236618042,3.9000000000000004,-2.9000000000000004,-68.60000000000001,0.74,0.01,0.64
2.8108370304107666,3.9000000000000004,-2.7,-68.9,0.74,-0.0,0.63
2.8200392723083496,3.9000000000000004,-2.7,-68.9,0.73,0.01,0.64
2.8298425674438477,4.0,-2.6,-68.8,0.73,0.01,0.63
2.8403098583221436,4.0,-2.6,-68.7,0.72,0.02,0.64
2.850648880004883,3.9000000000000004,-2.3000000000000003,-68.7,0.6900000000000001,0.02,0.63
2.8596718311309814,4.0,-2.5,-68.7,0.71,0.02,0.64
2.8701295852661133,4.0,-2.3000000000000003,-68.7,0.71,0.02,0.63
2.880326986312866,3.9000000000000004,-2.5,-68.8,0.71,0.01,0.64
2.8899340629577637,4.0,-2.7,-68.8,0.73,0.01,0.63
2.89985990524292,4.0,-2.8000000000000003,-68.8,0.74,0.02,0.64
2.910222053527832,4.0,-2.8000000000000003,-68.8,0.74,0.02,0.63
2.9210286140441895,4.0,-2.7,-68.8,0.73,0.02,0.63
2.9296798706054688,4.0,-2.5,-68.8,0.71,0.02,0.64
2.9398152828216553,4.0,-2.5,-68.7,0.71,0.02,0.63
2.950850009918213,4.0,-2.5,-68.7,0.72,0.02,0.63
2.959747314453125,4.0,-2.6,-68.7,0.72,0.03,0.63
2.9699721336364746,4.0,-2.7,-68.8,0.73,0.02,0.64
2.9813876152038574,3.9000000000000004,-2.8000000000000003,-68.7,0.74,0.01,0.63
2.991028070449829,3.9000000000000004,-2.8000000000000003,-68.8,0.74,0.01,0.63
3.000915288925171,3.9000000000000004,-2.7,-68.8,0.74,0.02,0.63
3.009877920150757,3.9000000000000004,-2.7,-68.8,0.73,0.01,0.63
3.0205888748168945,3.9000000000000004,-2.6,-68.8,0.73,0.01,0.63
3.030674934387207,3.9000000000000004,-2.5,-68.8,0.71,0.01,0.64
3.039771318435669,3.9000000000000004,-2.4000000000000004,-68.8,0.71,0.01,0.63
3.0509395599365234,3.9000000000000004,-2.4000000000000004,-68.8,0.71,0.01,0.63
3.059816598892212,4.0,-2.5,-68.8,0.72,0.02,0.63
3.070235252380371,3.9000000000000004,-2.6,-68.8,0.73,0.02,0.63
3.0806686878204346,3.9000000000000004,-2.7,-68.7,0.74,0.01,0.64
3.0907392501831055,4.0,-2.8000000000000003,-68.7,0.74,0.02,0.63
3.100719928741455,4.0,-2.7,-68.7,0.74,0.02,0.63
3.110053539276123,4.0,-2.7,-68.8,0.73,0.02,0.63
3.1204171180725098,4.0,-2.6,-68.8,0.73,0.02,0.63
3.1306848526000977,4.0,-2.6,-68.7,0.72,0.02,0.63
3.1401195526123047,4.0,-2.5,-68.7,0.72,0.02,0.63
3.150338649749756,4.0,-2.5,-68.8,0.72,0.02,0.64
3.1599416732788086,4.0,-2.6,-68.8,0.73,0.02,0.63
3.170661687850952,4.0,-2.6,-68.8,0.73,0.02,0.63
3.180690050125122,4.0,-2.6,-68.8,0.73,0.02,0.63
3.1904234886169434,3.9000000000000004,-2.6,-68.8,0.73,0.01,0.63
3.2009241580963135,3.9000000000000004,-2.6,-68.8,0.72,0.02,0.63
3.2109642028808594,3.9000000000000004,-2.6,-68.7,0.72,0.01,0.63
3.220310688018799,3.9000000000000004,-2.6,-68.7,0.72,0.01,0.63
3.2303223609924316,3.9000000000000004,-2.6,-68.8,0.72,0.01,0.63
3.2399022579193115,4.0,-2.6,-68.7,0.73,0.01,0.63
3.2504448890686035,4.0,-2.6,-68.7,0.73,0.02,0.63
3.259899854660034,3.9000000000000004,-2.7,-68.8,0.73,0.01,0.63
3.270063877105713,3.9000000000000004,-2.7,-68.8,0.74,0.01,0.63
3.279834270477295,3.9000000000000004,-2.7,-68.8,0.73,0.01,0.63
3.290944814682007,4.0,-2.6,-68.8,0.73,0.01,0.63
3.2998435497283936,4.0,-2.6,-68.8,0.72,0.02,0.63
3.3097362518310547,4.0,-2.5,-68.7,0.72,0.02,0.63
3.3199522495269775,4.0,-2.5,-68.8,0.72,0.02,0.63
3.3302953243255615,4.0,-2.6,-68.8,0.72,0.02,0.63
3.3397367000579834,4.0,-2.6,-68.8,0.73,0.02,0.63
3.3498144149780273,4.0,-2.6,-68.8,0.73,0.02,0.63
3.360337734222412,4.0,-2.7,-68.8,0.73,0.02,0.63
3.369908094406128,4.0,-2.7,-68.8,0.73,0.02,0.63
3.3799009323120117,4.0,-2.5,-68.8,0.72,0.02,0.63
3.390009641647339,3.9000000000000004,-2.4000000000000004,-68.8,0.6900000000000001,0.02,0.64
3.400897979736328,4.0,-2.5,-68.7,0.71,0.02,0.63
3.410642385482788,3.9000000000000004,-2.7,-68.8,0.74,0.01,0.64
3.4206838607788086,3.9000000000000004,-2.7,-68.8,0.74,0.01,0.63
3.429948091506958,4.0,-3.0,-68.7,0.76,0.01,0.64
3.4398179054260254,3.9000000000000004,-2.8000000000000003,-68.7,0.74,0.01,0.63
3.4499082565307617,4.0,-2.9000000000000004,-68.8,0.74,0.01,0.64
3.4615395069122314,4.0,-2.7,-68.7,0.73,0.02,0.63
3.4701895713806152,3.9000000000000004,-2.5,-68.7,0.71,0.02,0.63
3.4798941612243652,3.9000000000000004,-2.4000000000000004,-68.8,0.71,0.02,0.64
3.490013599395752,4.0,-2.4000000000000004,-68.7,0.7000000000000001,0.01,0.63
3.5007362365722656,4.0,-2.5,-68.7,0.71,0.02,0.64
3.5106821060180664,3.9000000000000004,-2.6,-68.8,0.73,0.02,0.63
3.5207037925720215,3.9000000000000004,-2.8000000000000003,-68.7,0.75,0.01,0.63
3.530874252319336,3.9000000000000004,-2.8000000000000003,-68.7,0.74,0.01,0.63
3.540743589401245,4.0,-2.7,-68.8,0.73,0.02,0.63
3.549663543701172,4.0,-2.6,-68.8,0.73,0.02,0.63
3.560981273651123,4.0,-2.6,-68.8,0.73,0.01,0.63
3.5699617862701416,4.0,-2.5,-68.7,0.72,0.02,0.63
3.579813241958618,4.0,-2.5,-68.7,0.71,0.02,0.64
3.5906789302825928,4.0,-2.4000000000000004,-68.7,0.71,0.02,0.63
3.6001358032226562,4.0,-2.6,-68.8,0.72,0.02,0.64
3.6098272800445557,4.0,-2.7,-68.8,0.74,0.02,0.63
3.619858503341675,4.0,-2.8000000000000003,-68.8,0.74,0.02,0.63
3.6304328441619873,4.0,-2.8000000000000003,-68.7,0.74,0.02,0.63
3.6397464275360107,4.0,-2.6,-68.8,0.73,0.02,0.63
3.649996280670166,4.0,-2.5,-68.7,0.72,0.02,0.63
3.6605780124664307,3.9000000000000004,-2.5,-68.8,0.72,0.02,0.63
3.670013904571533,4.0,-2.5,-68.8,0.72,0.02,0.63
3.6799144744873047,3.9000000000000004,-2.5,-68.8,0.72,0.02,0.63
3.6900367736816406,3.9000000000000004,-2.6,-68.8,0.72,0.01,0.64
3.700488805770874,4.0,-2.7,-68.8,0.73,0.01,0.63
3.7097647190093994,3.9000000000000004,-2.7,-68.8,0.74,0.02,0.63
3.7198078632354736,3.9000000000000004,-2.7,-68.7,0.74,0.01,0.63
3.730928897857666,3.9000000000000004,-2.7,-68.8,0.73,0.02,0.63
3.740708351135254,3.9000000000000004,-2.6,-68.8,0.72,0.01,0.64
3.7499289512634277,4.0,-2.5,-68.8,0.72,0.02,0.63
3.7599680423736572,4.0,-2.5,-68.7,0.71,0.02,0.64
3.770636796951294,4.0,-2.5,-68.7,0.72,0.02,0.64
3.780717372894287,4.0,-2.6,-68.8,0.73,0.02,0.63
3.790626049041748,3.9000000000000004,-2.7,-68.8,0.73,0.01,0.63
3.8011419773101807,4.0,-2.7,-68.8,0.73,0.01,0.63
3.8098373413085938,4.0,-2.7,-68.8,0.73,0.02,0.63
3.8198418617248535,4.0,-2.7,-68.8,0.73,0.02,0.63
3.83115816116333,3.9000000000000004,-2.6,-68.8,0.73,0.01,0.63
3.8397860527038574,4.0,-2.6,-68.8,0.72,0.02,0.63
3.8498592376708984,4.0,-2.5,-68.7,0.71,0.02,0.63
3.860401153564453,4.0,-2.5,-68.7,0.72,0.02,0.63
3.8710243701934814,4.0,-2.6,-68.8,0.73,0.01,0.63
3.879784107208252,3.9000000000000004,-2.7,-68.8,0.73,0.01,0.63
3.8898210525512695,4.0,-2.7,-68.8,0.73,0.02,0.64
3.899880886077881,4.0,-2.7,-68.8,0.73,0.02,0.63
3.910221815109253,3.9000000000000004,-2.6,-68.7,0.73,0.02,0.63
3.9197025299072266,3.9000000000000004,-2.6,-68.8,0.73,0.01,0.63
3.9305596351623535,3.9000000000000004,-2.6,-68.8,0.73,0.01,0.63
3.940237283706665,4.0,-2.6,-68.7,0.72,0.02,0.63
3.9497923851013184,4.0,-2.5,-68.7,0.72,0.02,0.63
3.9603958129882812,4.0,-2.6,-68.7,0.72,0.02,0.63
3.9706978797912598,4.0,-2.6,-68.8,0.73,0.02,0.63
3.97979998588562,4.0,-2.7,-68.8,0.73,0.02,0.63
3.9900457859039307,4.0,-2.7,-68.8,0.73,0.02,0.63
4.000951766967773,4.0,-2.6,-68.8,0.73,0.01,0.63
4.010696172714233,4.0,-2.6,-68.8,0.73,0.01,0.63
4.01969051361084,4.0,-2.6,-68.8,0.72,0.02,0.63
4.030275583267212,4.0,-2.5,-68.8,0.72,0.02,0.63
4.039881944656372,4.0,-2.6,-68.8,0.72,0.02,0.63
4.049816608428955,4.0,-2.6,-68.8,0.72,0.02,0.63
4.059869050979614,3.9000000000000004,-2.6,-68.8,0.73,0.01,0.63
4.07046103477478,3.9000000000000004,-2.7,-68.7,0.73,0.01,0.63
4.079991579055786,4.0,-2.7,-68.8,0.73,0.02,0.64
4.090040683746338,3.9000000000000004,-2.6,-68.8,0.73,0.01,0.63
4.10064172744751,4.0,-2.6,-68.8,0.73,0.02,0.63
4.110454559326172,3.9000000000000004,-2.6,-68.8,0.73,0.02,0.63
4.11979079246521,4.0,-2.5,-68.8,0.72,0.02,0.64
4.130556583404541,4.0,-2.6,-68.8,0.72,0.02,0.63
4.1401121616363525,3.9000000000000004,-2.6,-68.8,0.73,0.01,0.64
4.149930477142334,4.0,-2.6,-68.8,0.73,0.02,0.63
4.159800052642822,4.0,-2.7,-68.8,0.73,0.02,0.63
4.170652866363525,4.0,-2.7,-68.8,0.73,0.01,0.64
4.180978775024414,4.0,-2.7,-68.8,0.73,0.02,0.63
4.189950227737427,3.9000000000000004,-2.6,-68.7,0.73,0.02,0.63
4.200545072555542,3.9000000000000004,-2.6,-68.7,0.72,0.01,0.63
4.21073317527771,4.0,-2.6,-68.8,0.72,0.02,0.63
4.22027587890625,4.0,-2.6,-68.8,0.72,0.01,0.63
4.2299723625183105,4.0,-2.6,-68.8,0.73,0.02,0.63
4.239771127700806,4.0,-2.6,-68.8,0.73,0.02,0.64
4.250080823898315,4.0,-2.7,-68.8,0.73,0.01,0.63
4.259848356246948,4.0,-2.6,-68.8,0.73,0.02,0.63
4.270728588104248,3.9000000000000004,-2.6,-68.8,0.73,0.02,0.63
4.279996395111084,3.9000000000000004,-2.6,-68.8,0.73,0.01,0.63
4.290027856826782,3.9000000000000004,-2.6,-68.8,0.73,0.02,0.63
4.2998738288879395,4.0,-2.6,-68.8,0.72,0.02,0.64
4.310585021972656,4.0,-2.5,-68.8,0.72,0.02,0.64
4.320002555847168,4.0,-2.6,-68.8,0.72,0.02,0.63
4.330239772796631,3.9000000000000004,-2.6,-68.8,0.73,0.01,0.63
4.339887857437134,3.9000000000000004,-2.7,-68.8,0.73,0.01,0.64
4.350009441375732,4.0,-2.6,-68.8,0.73,0.01,0.63
4.359817028045654,4.0,-2.6,-68.7,0.73,0.02,0.64
4.370052337646484,4.0,-2.6,-68.8,0.72,0.02,0.63
4.37983250617981,4.0,-2.6,-68.8,0.73,0.02,0.63
4.390194654464722,4.0,-2.6,-68.8,0.73,0.02,0.64
4.400414228439331,4.0,-2.6,-68.8,0.72,0.02,0.63
4.409790754318237,4.0,-2.6,-68.8,0.73,0.02,0.64
4.4204487800598145,4.0,-2.6,-68.8,0.73,0.02,0.63
4.429787874221802,4.0,-2.6,-68.8,0.73,0.02,0.64
4.440194845199585,4.0,-2.6,-68.7,0.73,0.02,0.63
4.449981689453125,3.9000000000000004,-2.6,-68.8,0.73,0.02,0.63
4.4602580070495605,4.0,-2.6,-68.8,0.73,0.02,0.63
4.470136880874634,4.0,-2.6,-68.8,0.73,0.01,0.63
4.4807305335998535,4.0,-2.6,-68.8,0.72,0.02,0.63
4.490736484527588,4.0,-2.6,-68.8,0.72,0.02,0.63
4.500861406326294,4.0,-2.6,-68.8,0.73,0.02,0.63
4.509850025177002,4.0,-2.6,-68.8,0.73,0.02,0.63
4.519842147827148,4.0,-2.6,-68.8,0.73,0.01,0.63
4.5304296016693115,4.0,-2.6,-68.8,0.73,0.02,0.63
4.5403478145599365,4.0,-2.6,-68.8,0.73,0.02,0.63
4.54978346824646,4.0,-2.6,-68.8,0.73,0.01,0.63
4.561050891876221,4.0,-2.6,-68.8,0.73,0.02,0.64
4.5702619552612305,4.0,-2.6,-68.8,0.72,0.02,0.64
4.581057548522949,4.0,-2.6,-68.8,0.73,0.02,0.63
4.590638875961304,3.9000000000000004,-2.6,-68.8,0.73,0.02,0.64
4.600794315338135,3.9000000000000004,-2.6,-68.8,0.73,0.02,0.63
4.610422134399414,3.9000000000000004,-2.6,-68.8,0.73,0.02,0.64
4.619704246520996,4.0,-2.6,-68.7,0.73,0.02,0.63
4.631208419799805,4.0,-2.6,-68.7,0.73,0.02,0.63
4.640439748764038,4.0,-2.6,-68.8,0.73,0.02,0.64
4.649746417999268,4.0,-2.6,-68.8,0.72,0.02,0.63
4.660479784011841,3.9000000000000004,-2.6,-68.8,0.72,0.02,0.63
4.670519590377808,4.0,-2.6,-68.7,0.73,0.02,0.63
4.680756092071533,4.0,-2.6,-68.8,0.73,0.02,0.63
4.690842151641846,3.9000000000000004,-2.6,-68.8,0.73,0.02,0.63
4.700697660446167,4.0,-2.6,-68.7,0.73,0.02,0.63
4.710511922836304,4.0,-2.6,-68.8,0.73,0.02,0.63
4.719826936721802,4.0,-2.6,-68.8,0.73,0.02,0.63
4.7298173904418945,3.9000000000000004,-2.6,-68.8,0.73,0.01,0.63
4.741494178771973,4.0,-2.6,-68.8,0.72,0.02,0.63
4.750313997268677,4.0,-2.6,-68.8,0.72,0.02,0.63
4.759758710861206,4.0,-2.6,-68.8,0.72,0.02,0.63
4.770304918289185,4.0,-2.6,-68.8,0.73,0.02,0.63
4.7807886600494385,4.0,-2.6,-68.8,0.73,0.02,0.63
4.790619134902954,4.0,-2.6,-68.8,0.73,0.02,0.63
4.800699710845947,4.0,-2.6,-68.8,0.73,0.02,0.63
4.810801267623901,4.0,-2.6,-68.8,0.73,0.02,0.64
4.819751739501953,4.0,-2.6,-68.8,0.73,0.02,0.63
4.829985857009888,4.0,-2.6,-68.8,0.72,0.02,0.63
4.840769529342651,4.0,-2.6,-68.8,0.72,0.02,0.63
4.850101947784424,4.0,-2.6,-68.8,0.73,0.02,0.63
4.859764099121094,4.0,-2.6,-68.8,0.73,0.02,0.63
4.870187282562256,4.0,-2.6,-68.8,0.73,0.02,0.63
4.880498886108398,4.0,-2.6,-68.8,0.73,0.02,0.63
4.890723943710327,4.0,-2.6,-68.7,0.73,0.02,0.63
4.90012788772583,4.0,-2.6,-68.8,0.73,0.02,0.63
4.910019159317017,4.0,-2.6,-68.7,0.73,0.02,0.63
4.919934988021851,4.0,-2.6,-68.7,0.72,0.02,0.63
4.929851770401001,4.0,-2.6,-68.8,0.72,0.02,0.63
4.940627813339233,4.0,-2.6,-68.8,0.73,0.02,0.63
4.9498231410980225,4.0,-2.6,-68.7,0.73,0.02,0.63
4.9596943855285645,4.0,-2.6,-68.8,0.73,0.02,0.63
4.970548391342163,4.0,-2.6,-68.8,0.73,0.02,0.63
4.980977535247803,4.0,-2.6,-68.7,0.73,0.02,0.63
4.99004054069519,4.0,-2.6,-68.8,0.73,0.02,0.63
4.999854326248169,4.0,-2.6,-68.8,0.73,0.02,0.63
5.009921550750732,4.0,-2.6,-68.8,0.73,0.02,0.63
5.020061731338501,4.0,-2.6,-68.8,0.72,0.02,0.63
5.029863357543945,4.0,-2.6,-68.8,0.73,0.02,0.63
5.040107488632202,4.0,-2.6,-68.8,0.73,0.02,0.63
5.05100154876709,4.0,-2.6,-68.8,0.73,0.02,0.63
5.0597686767578125,4.0,-2.6,-68.8,0.73,0.02,0.64
5.070080280303955,4.0,-2.6,-68.8,0.73,0.02,0.63
5.080987453460693,4.0,-2.6,-68.8,0.73,0.02,0.63
5.090287208557129,4.0,-2.6,-68.8,0.73,0.02,0.63
5.099884510040283,4.0,-2.6,-68.8,0.72,0.02,0.63
5.110795974731445,4.0,-2.6,-68.8,0.73,0.02,0.63
5.120032072067261,4.0,-2.6,-68.8,0.73,0.02,0.63
5.12984037399292,4.0,-2.6,-68.8,0.73,0.02,0.63
5.139979600906372,4.0,-2.6,-68.8,0.73,0.02,0.63
5.151086091995239,4.0,-2.6,-68.8,0.73,0.02,0.63
5.159784317016602,4.0,-2.6,-68.8,0.73,0.02,0.63
5.169926166534424,4.0,-2.6,-68.8,0.73,0.02,0.63
5.180206775665283,4.0,-2.6,-68.8,0.73,0.02,0.63
5.190856218338013,4.0,-2.6,-68.8,0.73,0.02,0.63
5.199877977371216,4.0,-2.6,-68.8,0.73,0.02,0.63
5.210690021514893,4.0,-2.6,-68.8,0.73,0.02,0.63
5.220017671585083,4.0,-2.6,-68.8,0.73,0.02,0.63
5.229816675186157,4.0,-2.6,-68.8,0.73,0.02,0.63
5.239941358566284,4.0,-2.6,-68.8,0.73,0.02,0.63
5.251409292221069,4.0,-2.6,-68.8,0.73,0.02,0.63
5.260396242141724,4.0,-2.6,-68.8,0.73,0.02,0.63
5.26996636390686,4.0,-2.6,-68.8,0.72,0.02,0.63
5.280991077423096,4.0,-2.6,-68.8,0.73,0.02,0.63
5.290850639343262,4.0,-2.6,-68.8,0.73,0.02,0.63
5.300686359405518,4.0,-2.6,-68.8,0.73,0.02,0.63
5.3098132610321045,4.0,-2.6,-68.8,0.73,0.02,0.63
5.320016860961914,4.0,-2.6,-68.8,0.73,0.02,0.63
5.3298985958099365,4.0,-2.6,-68.8,0.73,0.02,0.63
5.339699029922485,4.0,-2.6,-68.8,0.73,0.02,0.63
5.350605487823486,4.0,-2.6,-68.8,0.73,0.02,0.63
5.360535383224487,4.0,-2.6,-68.8,0.73,0.02,0.63
5.369788885116577,4.0,-2.6,-68.8,0.72,0.02,0.63
5.380281209945679,4.0,-2.6,-68.8,0.73,0.02,0.63
5.391034841537476,4.0,-2.6,-68.8,0.73,0.02,0.63
5.39970588684082,4.0,-2.6,-68.8,0.73,0.02,0.63
5.410295009613037,4.0,-2.6,-68.8,0.73,0.02,0.63
5.42012357711792,4.0,-2.6,-68.7,0.73,0.02,0.63
5.429938077926636,4.0,-2.6,-68.8,0.73,0.02,0.63
5.439796686172485,4.0,-2.6,-68.8,0.73,0.02,0.63
5.451086521148682,4.0,-2.6,-68.8,0.73,0.02,0.63
5.459810018539429,4.0,-2.6,-68.8,0.73,0.02,0.63
5.4711761474609375,4.0,-2.6,-68.8,0.73,0.02,0.63
5.479891300201416,4.0,-2.6,-68.8,0.73,0.02,0.63
5.490666389465332,4.0,-2.6,-68.8,0.73,0.02,0.63
5.499835729598999,4.0,-2.6,-68.8,0.73,0.02,0.63
5.510155916213989,4.0,-2.6,-68.8,0.73,0.02,0.63
5.52064847946167,3.9000000000000004,-2.6,-68.8,0.73,0.02,0.63
5.530630111694336,4.0,-2.6,-68.8,0.73,0.02,0.63
5.5398290157318115,4.0,-2.6,-68.8,0.72,0.02,0.63
5.550367593765259,4.0,-2.6,-68.8,0.73,0.02,0.63
5.561001539230347,4.0,-2.6,-68.8,0.73,0.02,0.63
5.570693731307983,4.0,-2.6,-68.8,0.73,0.02,0.63
5.579826354980469,4.0,-2.6,-68.8,0.73,0.02,0.63
5.590461015701294,4.0,-2.6,-68.7,0.73,0.02,0.63
5.600310564041138,4.0,-2.6,-68.8,0.73,0.02,0.63
5.609780311584473,4.0,-2.6,-68.8,0.73,0.02,0.63
5.620246410369873,4.0,-2.6,-68.8,0.73,0.02,0.63
5.630905866622925,4.0,-2.6,-68.8,0.73,0.02,0.63
5.639773845672607,4.0,-2.6,-68.7,0.73,0.02,0.63
5.650469779968262,4.0,-2.6,-68.8,0.73,0.02,0.63
5.660314083099365,4.0,-2.6,-68.8,0.73,0.02,0.63
5.669948577880859,4.0,-2.6,-68.8,0.73,0.02,0.63
5.679805755615234,4.0,-2.6,-68.8,0.73,0.02,0.63
5.6909308433532715,4.0,-2.6,-68.8,0.73,0.02,0.63
5.700301647186279,4.0,-2.6,-68.8,0.73,0.02,0.63
5.710720777511597,4.0,-2.6,-68.7,0.73,0.02,0.63
5.720261335372925,4.0,-2.6,-68.8,0.73,0.02,0.63
5.7300169467926025,4.0,-2.6,-68.8,0.73,0.02,0.63
5.74026346206665,4.0,-2.6,-68.8,0.73,0.02,0.63
5.749894618988037,4.0,-2.6,-68.8,0.73,0.02,0.63
5.759962320327759,4.0,-2.6,-68.8,0.73,0.02,0.63
5.770292043685913,4.0,-2.6,-68.8,0.73,0.02,0.63
5.780174732208252,3.9000000000000004,-2.6,-68.8,0.73,0.02,0.63
5.790637493133545,4.0,-2.6,-68.8,0.73,0.02,0.63
5.800391674041748,4.0,-2.6,-68.8,0.73,0.02,0.63
5.810046195983887,4.0,-2.6,-68.8,0.73,0.02,0.63
5.820055961608887,3.9000000000000004,-2.6,-68.8,0.73,0.02,0.63
5.8303985595703125,4.0,-2.6,-68.8,0.73,0.02,0.63
5.839817762374878,4.0,-2.6,-68.8,0.73,0.02,0.63
5.849801778793335,4.0,-2.6,-68.8,0.73,0.02,0.63
5.860180377960205,4.0,-2.6,-68.8,0.73,0.02,0.63
5.869847297668457,4.0,-2.6,-68.8,0.73,0.02,0.63
5.879860877990723,4.0,-2.6,-68.8,0.73,0.02,0.63
5.890065670013428,4.0,-2.6,-68.8,0.73,0.02,0.63
5.899945259094238,4.0,-2.6,-68.8,0.73,0.02,0.63
5.909964084625244,4.0,-2.6,-68.8,0.73,0.02,0.63
5.920072317123413,4.0,-2.6,-68.8,0.73,0.02,0.63
5.931203365325928,4.0,-2.6,-68.8,0.73,0.02,0.63
5.939829111099243,4.0,-2.6,-68.8,0.73,0.02,0.63
5.949754238128662,4.0,-2.6,-68.7,0.73,0.02,0.63
5.960484981536865,4.0,-2.6,-68.8,0.73,0.02,0.63
5.970484972000122,4.0,-2.6,-68.7,0.73,0.02,0.63
5.97989559173584,4.0,-2.6,-68.8,0.73,0.02,0.63
5.990034341812134,4.0,-2.6,-68.8,0.73,0.02,0.63
5.999942064285278,4.0,-2.6,-68.8,0.73,0.02,0.63
6.0098536014556885,4.0,-2.6,-68.8,0.73,0.02,0.63
6.01978874206543,4.0,-2.6,-68.8,0.73,0.02,0.63
6.030139923095703,3.9000000000000004,-2.6,-68.7,0.73,0.02,0.63
6.040019750595093,4.0,-2.6,-68.8,0.73,0.02,0.63
6.049841403961182,4.0,-2.6,-68.8,0.73,0.02,0.63
6.060317516326904,4.0,-2.6,-68.8,0.73,0.02,0.63
6.069886207580566,4.0,-2.5,-68.8,0.72,0.02,0.63
6.080316781997681,4.0,-2.6,-68.8,0.73,0.02,0.64
6.090029716491699,3.9000000000000004,-2.6,-68.8,0.73,0.02,0.63
6.09996485710144,4.0,-2.6,-68.8,0.72,0.02,0.64
6.11067271232605,4.0,-2.6,-68.8,0.72,0.02,0.63
6.119635820388794,3.9000000000000004,-2.6,-68.8,0.73,0.02,0.63
6.130764007568359,4.0,-2.6,-68.8,0.73,0.01,0.63
6.1405744552612305,4.0,-2.6,-68.8,0.73,0.01,0.63
6.149897813796997,4.0,-2.6,-68.8,0.73,0.02,0.63
6.161074638366699,4.0,-2.6,-68.8,0.73,0.02,0.63
6.170144081115723,3.9000000000000004,-2.6,-68.8,0.73,0.02,0.63
6.180655241012573,4.0,-2.6,-68.8,0.72,0.02,0.63
6.189854621887207,4.0,-2.6,-68.8,0.72,0.02,0.63
6.199783563613892,4.0,-2.6,-68.7,0.73,0.02,0.63
6.21014666557312,4.0,-2.6,-68.8,0.73,0.02,0.63
6.21994161605835,4.0,-2.6,-68.8,0.73,0.02,0.63
6.230243444442749,3.9000000000000004,-2.6,-68.8,0.73,0.02,0.63
6.2398271560668945,4.0,-2.6,-68.7,0.73,0.02,0.63
6.2512030601501465,4.0,-2.6,-68.8,0.73,0.02,0.63
6.259735822677612,4.0,-2.6,-68.7,0.73,0.02,0.63
6.269989728927612,4.0,-2.6,-68.7,0.73,0.02,0.63
6.280853986740112,4.0,-2.6,-68.8,0.72,0.02,0.63
6.290066957473755,4.0,-2.6,-68.8,0.72,0.02,0.63
6.299921274185181,4.0,-2.6,-68.8,0.73,0.02,0.63
6.309744596481323,4.0,-2.6,-68.8,0.73,0.02,0.63
6.319857358932495,4.0,-2.6,-68.8,0.73,0.02,0.63
6.329851150512695,4.0,-2.6,-68.7,0.73,0.02,0.63
6.339867353439331,4.0,-2.6,-68.7,0.73,0.02,0.63
6.350752830505371,4.0,-2.6,-68.8,0.73,0.02,0.63
6.3600242137908936,4.0,-2.6,-68.8,0.73,0.02,0.63
6.370126008987427,4.0,-2.6,-68.8,0.72,0.02,0.63
6.380708456039429,4.0,-2.6,-68.8,0.73,0.02,0.63
6.390944242477417,4.0,-2.6,-68.7,0.73,0.02,0.63
6.400737047195435,4.0,-2.6,-68.7,0.73,0.02,0.63
6.4097816944122314,4.0,-2.6,-68.8,0.73,0.02,0.63
6.420663356781006,4.0,-2.6,-68.8,0.73,0.02,0.63
6.4309022426605225,4.0,-2.6,-68.8,0.73,0.02,0.63
6.439727544784546,4.0,-2.6,-68.8,0.73,0.02,0.63
6.449894428253174,4.0,-2.6,-68.8,0.73,0.02,0.63
6.460481882095337,4.0,-2.6,-68.8,0.72,0.02,0.63
6.469915866851807,4.0,-2.6,-68.8,0.73,0.02,0.63
6.4799582958221436,3.9000000000000004,-2.6,-68.7,0.73,0.02,0.63
6.489884376525879,4.0,-2.6,-68.8,0.73,0.02,0.63
6.500739812850952,4.0,-2.6,-68.8,0.73,0.02,0.63
6.509808301925659,3.9000000000000004,-2.6,-68.8,0.73,0.02,0.63
6.519771099090576,4.0,-2.6,-68.8,0.73,0.02,0.63
6.5304365158081055,4.0,-2.6,-68.8,0.73,0.02,0.63
6.539766550064087,4.0,-2.6,-68.8,0.72,0.02,0.63
6.550147294998169,4.0,-2.6,-68.8,0.72,0.02,0.63
6.559951066970825,4.0,-2.6,-68.8,0.73,0.02,0.63
6.5697853565216064,4.0,-2.6,-68.8,0.73,0.02,0.63
6.5798375606536865,4.0,-2.6,-68.8,0.73,0.02,0.63
6.590333461761475,4.0,-2.6,-68.8,0.73,0.02,0.63
6.600828647613525,4.0,-2.6,-68.8,0.73,0.02,0.63
6.6097571849823,4.0,-2.6,-68.8,0.73,0.02,0.63
6.620124816894531,4.0,-2.6,-68.8,0.73,0.02,0.63
6.63152551651001,4.0,-2.6,-68.8,0.73,0.02,0.63
6.640600204467773,4.0,-2.6,-68.8,0.72,0.02,0.63
6.650549650192261,4.0,-2.6,-68.8,0.73,0.02,0.63
6.659764289855957,4.0,-2.6,-68.8,0.73,0.02,0.63
6.670093536376953,4.0,-2.6,-68.8,0.73,0.02,0.63
6.680406332015991,4.0,-2.6,-68.8,0.73,0.02,0.63
6.690172433853149,4.0,-2.6,-68.8,0.73,0.02,0.63
6.700377941131592,4.0,-2.6,-68.8,0.73,0.02,0.63
6.710222244262695,4.0,-2.6,-68.8,0.73,0.02,0.63
6.71997594833374,4.0,-2.6,-68.8,0.73,0.02,0.63
6.730371952056885,4.0,-2.6,-68.7,0.73,0.02,0.63
6.73991060256958,4.0,-2.6,-68.8,0.73,0.02,0.63
6.7502851486206055,4.0,-2.6,-68.8,0.73,0.02,0.63
6.7606401443481445,4.0,-2.6,-68.8,0.73,0.02,0.63
6.770407199859619,4.0,-2.6,-68.8,0.73,0.02,0.63
6.779900789260864,4.0,-2.6,-68.8,0.73,0.02,0.63
6.790031909942627,4.0,-2.6,-68.8,0.73,0.02,0.63
6.800751209259033,4.0,-2.6,-68.8,0.73,0.02,0.63
6.810615062713623,4.0,-2.6,-68.8,0.73,0.02,0.63
6.820688247680664,4.0,-2.6,-68.8,0.73,0.02,0.63
6.830025672912598,4.0,-2.6,-68.8,0.73,0.02,0.63
6.839925050735474,4.0,-2.6,-68.8,0.73,0.02,0.63
6.849827527999878,4.0,-2.6,-68.8,0.73,0.02,0.63
6.859835624694824,4.0,-2.6,-68.8,0.73,0.02,0.63
6.870309114456177,4.0,-2.6,-68.8,0.73,0.02,0.63
6.879967451095581,4.0,-2.6,-68.8,0.73,0.02,0.63
6.890204906463623,4.0,-2.6,-68.8,0.73,0.02,0.63
6.900008201599121,4.0,-2.6,-68.8,0.73,0.02,0.63
6.91037654876709,4.0,-2.6,-68.8,0.73,0.02,0.63
6.919705629348755,4.0,-2.6,-68.8,0.73,0.02,0.63
6.930354118347168,4.0,-2.6,-68.7,0.73,0.02,0.63
6.9399988651275635,4.0,-2.6,-68.8,0.73,0.02,0.63
6.950695276260376,4.0,-2.6,-68.8,0.73,0.02,0.63
6.959910869598389,4.0,-2.6,-68.8,0.73,0.02,0.63
6.9715704917907715,4.0,-2.6,-68.8,0.73,0.02,0.63
6.9797608852386475,4.0,-2.6,-68.8,0.73,0.02,0.63
6.989960432052612,4.0,-2.6,-68.8,0.73,0.02,0.63
7.000694751739502,4.0,-2.6,-68.8,0.73,0.02,0.63
7.009923458099365,4.0,-2.6,-68.8,0.73,0.02,0.63
7.019797086715698,4.0,-2.6,-68.8,0.73,0.02,0.63
7.02982234954834,4.0,-2.6,-68.7,0.73,0.02,0.63
7.0413429737091064,4.0,-2.6,-68.8,0.73,0.02,0.63
7.050963401794434,4.0,-2.6,-68.8,0.73,0.02,0.63
7.059796094894409,4.0,-2.6,-68.8,0.73,0.02,0.63
7.0701985359191895,4.0,-2.6,-68.8,0.73,0.02,0.63
7.079913139343262,4.0,-2.6,-68.8,0.73,0.02,0.63
7.090144395828247,4.0,-2.6,-68.8,0.73,0.02,0.63
7.099913597106934,4.0,-2.6,-68.8,0.73,0.02,0.63
7.11023473739624,4.0,-2.6,-68.8,0.73,0.02,0.63
7.119784593582153,4.0,-2.6,-68.8,0.73,0.02,0.63
7.130131483078003,4.0,-2.6,-68.8,0.73,0.02,0.63
7.14118766784668,4.0,-2.6,-68.8,0.73,0.02,0.64
7.149891376495361,4.0,-2.6,-68.8,0.73,0.02,0.63
7.159738540649414,4.0,-2.6,-68.8,0.73,0.02,0.63
7.171673536300659,4.0,-2.6,-68.8,0.73,0.02,0.63
7.180739164352417,4.0,-2.6,-68.8,0.73,0.02,0.63
7.190030097961426,4.0,-2.6,-68.8,0.73,0.02,0.63
7.199889898300171,4.0,-2.6,-68.8,0.73,0.02,0.63
7.21013069152832,4.0,-2.6,-68.8,0.73,0.02,0.63
7.219912528991699,4.0,-2.6,-68.8,0.73,0.02,0.63
7.229671001434326,4.0,-2.6,-68.8,0.73,0.02,0.63
7.2406251430511475,4.0,-2.6,-68.8,0.73,0.02,0.63
7.250041246414185,4.0,-2.6,-68.8,0.73,0.02,0.63
7.259804010391235,4.0,-2.6,-68.8,0.73,0.02,0.63
7.2701849937438965,4.0,-2.6,-68.7,0.73,0.02,0.63
7.280527830123901,4.0,-2.6,-68.8,0.73,0.02,0.63
7.289941072463989,4.0,-2.6,-68.8,0.73,0.02,0.63
7.300566673278809,4.0,-2.6,-68.7,0.73,0.02,0.63
7.310724973678589,4.0,-2.6,-68.8,0.73,0.02,0.63
7.319765090942383,4.0,-2.6,-68.7,0.73,0.02,0.63
7.329805135726929,4.0,-2.6,-68.8,0.73,0.02,0.63
7.340108156204224,4.0,-2.6,-68.8,0.73,0.02,0.63
7.350558042526245,4.0,-2.6,-68.8,0.73,0.02,0.63
7.359776496887207,3.9000000000000004,-2.6,-68.7,0.73,0.02,0.63
7.370121002197266,4.0,-2.6,-68.8,0.73,0.02,0.63
7.38076114654541,4.0,-2.6,-68.8,0.73,0.02,0.64
7.390726327896118,4.0,-2.6,-68.8,0.73,0.02,0.63
7.400683403015137,4.0,-2.6,-68.8,0.73,0.02,0.63
7.410602331161499,4.0,-2.6,-68.8,0.73,0.02,0.63
7.419831037521362,4.0,-2.6,-68.8,0.73,0.02,0.63
7.429821729660034,4.0,-2.6,-68.8,0.73,0.02,0.63
7.440278768539429,4.0,-2.6,-68.8,0.73,0.02,0.63
7.450503349304199,4.0,-2.6,-68.8,0.73,0.02,0.63
7.459799528121948,4.0,-2.6,-68.8,0.73,0.02,0.63
7.470961332321167,4.0,-2.6,-68.8,0.73,0.02,0.63
7.4808266162872314,4.0,-2.6,-68.8,0.73,0.02,0.63
7.490135908126831,4.0,-2.6,-68.8,0.73,0.02,0.63
7.500370740890503,4.0,-2.6,-68.8,0.73,0.02,0.63
7.510179758071899,4.0,-2.6,-68.8,0.73,0.02,0.63
7.520920515060425,4.0,-2.6,-68.7,0.73,0.02,0.63
7.529722690582275,4.0,-2.6,-68.8,0.73,0.02,0.63
7.540159225463867,4.0,-2.6,-68.8,0.73,0.02,0.63
7.550621747970581,4.0,-2.6,-68.8,0.73,0.02,0.63
7.560590982437134,4.0,-2.6,-68.8,0.73,0.02,0.63
7.569862604141235,4.0,-2.6,-68.8,0.73,0.02,0.63
7.58023476600647,4.0,-2.6,-68.8,0.73,0.02,0.63
7.589988708496094,4.0,-2.6,-68.8,0.73,0.02,0.63
7.599823951721191,4.0,-2.6,-68.8,0.73,0.02,0.63
7.609931945800781,4.0,-2.7,-68.8,0.74,0.02,0.63
7.620440483093262,4.0,-2.6,-68.8,0.73,0.02,0.63
7.629816293716431,4.0,-2.6,-68.8,0.72,0.02,0.64
7.639900207519531,4.0,-2.5,-68.8,0.72,0.02,0.63
7.650584936141968,4.0,-2.6,-68.7,0.72,0.02,0.64
7.659804344177246,4.0,-2.6,-68.8,0.72,0.02,0.63
7.670021295547485,3.9000000000000004,-2.6,-68.8,0.72,0.01,0.63
7.6801629066467285,4.0,-2.6,-68.8,0.73,0.02,0.63
7.689976215362549,4.0,-2.7,-68.8,0.73,0.02,0.63
7.699897527694702,4.0,-2.7,-68.8,0.73,0.02,0.63
7.70991849899292,4.0,-2.7,-68.8,0.73,0.01,0.63
7.72006368637085,4.0,-2.6,-68.8,0.72,0.01,0.63
7.729949474334717,4.0,-2.6,-68.8,0.72,0.02,0.63
7.740439176559448,4.0,-2.6,-68.7,0.72,0.02,0.64
7.751015663146973,4.0,-2.6,-68.8,0.72,0.02,0.63
7.759896516799927,4.0,-2.6,-68.8,0.73,0.02,0.63
7.7701005935668945,4.0,-2.6,-68.8,0.73,0.02,0.63
7.779825210571289,4.0,-2.7,-68.8,0.73,0.02,0.64
7.790653228759766,3.9000000000000004,-2.6,-68.8,0.73,0.02,0.63
7.79990291595459,3.9000000000000004,-2.6,-68.8,0.73,0.02,0.63
7.810301780700684,4.0,-2.6,-68.7,0.73,0.02,0.63
7.82000207901001,4.0,-2.6,-68.8,0.72,0.02,0.64
7.8299925327301025,4.0,-2.5,-68.7,0.72,0.02,0.63
7.839817047119141,4.0,-2.6,-68.8,0.72,0.02,0.63
7.850827217102051,4.0,-2.6,-68.8,0.72,0.02,0.63
7.860492467880249,4.0,-2.6,-68.8,0.73,0.02,0.63
7.8701043128967285,4.0,-2.7,-68.8,0.73,0.02,0.63
7.880391359329224,4.0,-2.7,-68.8,0.73,0.02,0.63
7.89097261428833,3.9000000000000004,-2.6,-68.7,0.73,0.02,0.63
7.900741338729858,4.0,-2.6,-68.8,0.73,0.02,0.63
7.910222768783569,4.0,-2.6,-68.7,0.72,0.02,0.63
7.920192718505859,4.0,-2.6,-68.8,0.72,0.02,0.63
7.930347204208374,3.9000000000000004,-2.6,-68.8,0.72,0.02,0.63
7.940010070800781,4.0,-2.6,-68.7,0.73,0.02,0.63
7.950051307678223,4.0,-2.6,-68.8,0.73,0.02,0.63
7.960883617401123,4.0,-2.6,-68.7,0.73,0.02,0.63
7.970001459121704,4.0,-2.6,-68.8,0.73,0.02,0.63
7.9807233810424805,4.0,-2.6,-68.8,0.73,0.02,0.63
7.990718603134155,4.0,-2.6,-68.8,0.72,0.02,0.63
8.000232458114624,4.0,-2.6,-68.8,0.72,0.02,0.63
8.010202884674072,4.0,-2.6,-68.8,0.72,0.02,0.63
8.020343542098999,4.0,-2.6,-68.8,0.72,0.02,0.63
8.030504703521729,4.0,-2.6,-68.8,0.73,0.02,0.63
8.040643692016602,4.0,-2.6,-68.8,0.73,0.02,0.63
8.050893306732178,4.0,-2.6,-68.8,0.73,0.02,0.63
8.060144901275635,4.0,-2.6,-68.8,0.73,0.02,0.63
8.0700843334198,4.0,-2.6,-68.8,0.73,0.02,0.63
8.079778671264648,4.0,-2.6,-68.8,0.72,0.02,0.63
8.089924812316895,4.0,-2.6,-68.8,0.72,0.02,0.63
8.100008487701416,4.0,-2.6,-68.8,0.72,0.02,0.63
8.109961748123169,4.0,-2.6,-68.7,0.72,0.02,0.63
8.121153831481934,4.0,-2.6,-68.8,0.73,0.02,0.63
8.130114078521729,3.9000000000000004,-2.6,-68.8,0.73,0.02,0.63
8.140351057052612,4.0,-2.6,-68.8,0.73,0.02,0.63
8.149868965148926,4.0,-2.6,-68.7,0.73,0.02,0.63
8.159914016723633,4.0,-2.6,-68.7,0.73,0.02,0.63
8.17049241065979,4.0,-2.6,-68.7,0.73,0.02,0.63
8.180115222930908,4.0,-2.6,-68.7,0.72,0.02,0.63
8.19002628326416,4.0,-2.6,-68.7,0.72,0.02,0.63
8.200738191604614,4.0,-2.6,-68.8,0.72,0.02,0.63
8.210812330245972,4.0,-2.6,-68.8,0.73,0.02,0.63
8.220739841461182,4.0,-2.6,-68.8,0.73,0.02,0.63
8.229709386825562,4.0,-2.6,-68.8,0.73,0.02,0.63
8.239954471588135,4.0,-2.6,-68.8,0.73,0.02,0.63
8.250332355499268,4.0,-2.6,-68.8,0.73,0.02,0.63
8.259814500808716,4.0,-2.6,-68.8,0.72,0.02,0.63
8.270180702209473,4.0,-2.6,-68.8,0.72,0.02,0.63
8.280258655548096,4.0,-2.6,-68.8,0.72,0.02,0.63
8.290399312973022,4.0,-2.6,-68.8,0.72,0.02,0.63
8.300276756286621,4.0,-2.6,-68.8,0.73,0.02,0.63
8.310322999954224,4.0,-2.6,-68.8,0.73,0.02,0.63
8.3199782371521,4.0,-2.6,-68.8,0.73,0.02,0.63
8.32980728149414,4.0,-2.6,-68.8,0.73,0.02,0.63
8.340135097503662,4.0,-2.6,-68.8,0.73,0.02,0.63
8.350635290145874,4.0,-2.6,-68.8,0.73,0.02,0.63
8.359822034835815,4.0,-2.6,-68.8,0.73,0.02,0.63
8.37171745300293,4.0,-2.6,-68.8,0.72,0.02,0.63
8.381106615066528,4.0,-2.6,-68.8,0.72,0.02,0.63
8.390233516693115,4.0,-2.6,-68.8,0.73,0.02,0.63
8.40079665184021,3.9000000000000004,-2.6,-68.8,0.73,0.01,0.63
8.409809827804565,3.9000000000000004,-2.6,-68.8,0.73,0.02,0.63
8.420705795288086,4.0,-2.6,-68.8,0.73,0.02,0.63
8.429802417755127,4.0,-2.6,-68.8,0.73,0.02,0.63
8.440307855606079,4.0,-2.6,-68.8,0.73,0.02,0.63
8.45077896118164,4.0,-2.6,-68.8,0.73,0.02,0.63
8.460389614105225,4.0,-2.6,-68.8,0.72,0.02,0.63
8.469809770584106,4.0,-2.6,-68.8,0.73,0.02,0.63
8.47989559173584,4.0,-2.6,-68.8,0.73,0.02,0.64
8.490903615951538,4.0,-2.6,-68.8,0.73,0.02,0.63
8.499826431274414,4.0,-2.6,-68.8,0.73,0.02,0.63
8.509831428527832,4.0,-2.6,-68.7,0.73,0.02,0.63
8.520532131195068,4.0,-2.6,-68.8,0.73,0.02,0.63
8.530193567276001,4.0,-2.6,-68.8,0.73,0.02,0.63
8.539829730987549,4.0,-2.6,-68.7,0.73,0.02,0.63
8.551496028900146,4.0,-2.6,-68.8,0.72,0.02,0.63
8.56020712852478,4.0,-2.6,-68.8,0.73,0.02,0.63
8.5698082447052,4.0,-2.6,-68.8,0.73,0.02,0.63
8.580159187316895,4.0,-2.6,-68.8,0.73,0.02,0.64
8.590313196182251,4.0,-2.6,-68.8,0.73,0.02,0.63
8.599989891052246,4.0,-2.6,-68.8,0.73,0.02,0.63
8.610034942626953,4.0,-2.6,-68.8,0.73,0.02,0.63
8.619875192642212,4.0,-2.6,-68.8,0.73,0.02,0.63
8.63004994392395,4.0,-2.6,-68.8,0.73,0.02,0.63
8.639886140823364,4.0,-2.6,-68.8,0.73,0.02,0.63
8.65009593963623,4.0,-2.6,-68.8,0.73,0.02,0.63
8.661657094955444,4.0,-2.6,-68.7,0.73,0.02,0.63
8.669898509979248,4.0,-2.6,-68.8,0.73,0.02,0.63
8.679881572723389,4.0,-2.6,-68.7,0.73,0.02,0.63
8.69031548500061,4.0,-2.6,-68.8,0.73,0.02,0.63
8.7005774974823,4.0,-2.6,-68.8,0.73,0.02,0.63
8.710763931274414,4.0,-2.6,-68.8,0.73,0.02,0.63
8.719773769378662,4.0,-2.6,-68.7,0.73,0.02,0.63
8.730065822601318,4.0,-2.6,-68.8,0.72,0.02,0.63
8.74006724357605,4.0,-2.6,-68.8,0.73,0.02,0.63
8.750202178955078,4.0,-2.6,-68.8,0.73,0.02,0.63
8.759967803955078,4.0,-2.6,-68.8,0.73,0.02,0.63
8.770710468292236,4.0,-2.6,-68.7,0.73,0.02,0.63
8.78025484085083,4.0,-2.6,-68.8,0.73,0.02,0.63
8.790232181549072,4.0,-2.6,-68.8,0.73,0.02,0.63
8.800157070159912,4.0,-2.6,-68.8,0.73,0.02,0.63
8.809960126876831,4.0,-2.6,-68.8,0.73,0.02,0.63
8.819932222366333,4.0,-2.6,-68.8,0.72,0.02,0.63
8.83111310005188,4.0,-2.6,-68.8,0.73,0.02,0.63
8.839662075042725,4.0,-2.6,-68.8,0.73,0.02,0.63
8.84995150566101,4.0,-2.6,-68.8,0.73,0.02,0.63
8.860417366027832,4.0,-2.6,-68.8,0.73,0.02,0.63
8.870592832565308,4.0,-2.6,-68.8,0.73,0.02,0.63
8.88070011138916,4.0,-2.6,-68.8,0.73,0.02,0.63
8.889788150787354,4.0,-2.6,-68.8,0.73,0.02,0.63
8.900099039077759,4.0,-2.6,-68.8,0.73,0.02,0.64
8.909849882125854,4.0,-2.6,-68.8,0.73,0.02,0.63
8.919791460037231,4.0,-2.6,-68.8,0.73,0.02,0.64
8.931210041046143,4.0,-2.6,-68.8,0.73,0.02,0.63
8.940036535263062,4.0,-2.6,-68.8,0.73,0.02,0.63
8.949810981750488,4.0,-2.6,-68.8,0.73,0.02,0.63
8.960834980010986,4.0,-2.6,-68.8,0.73,0.02,0.63
8.970615148544312,4.0,-2.6,-68.8,0.73,0.02,0.64
8.979806661605835,4.0,-2.6,-68.8,0.73,0.02,0.63
8.989858388900757,4.0,-2.6,-68.8,0.73,0.02,0.63
9.001001358032227,4.0,-2.6,-68.8,0.73,0.02,0.63
9.010448455810547,4.0,-2.6,-68.7,0.73,0.02,0.63
9.01980972290039,4.0,-2.6,-68.7,0.73,0.02,0.63
9.030934572219849,4.0,-2.6,-68.8,0.73,0.02,0.63
9.039713144302368,4.0,-2.6,-68.8,0.73,0.02,0.63
9.049757242202759,4.0,-2.6,-68.8,0.73,0.02,0.63
9.060081958770752,4.0,-2.6,-68.8,0.73,0.02,0.63
9.070785760879517,4.0,-2.6,-68.7,0.73,0.02,0.63
9.080719232559204,4.0,-2.7,-68.8,0.74,0.02,0.64
9.090614557266235,4.0,-3.3000000000000003,-68.7,0.77,0.02,0.63
9.10070252418518,4.0,-2.8000000000000003,-68.8,0.74,0.02,0.63
9.110612869262695,3.9000000000000004,-3.0,-68.7,0.77,0.01,0.64
9.120237827301025,3.9000000000000004,-2.9000000000000004,-68.60000000000001,0.76,0.01,0.63
9.130617618560791,3.9000000000000004,-2.9000000000000004,-68.4,0.77,0.02,0.64
9.139989376068115,3.9000000000000004,-2.0,-68.4,0.71,0.02,0.64
9.149896621704102,4.0,-1.2000000000000002,-68.4,0.6,0.02,0.63
9.159774541854858,4.0,-1.2000000000000002,-68.60000000000001,0.6,0.02,0.64
9.170463800430298,4.0,-0.9,-68.60000000000001,0.6,0.01,0.63
9.180209398269653,3.9000000000000004,-1.1,-68.60000000000001,0.61,0.01,0.64
9.189906597137451,3.8000000000000003,-1.3,-68.8,0.63,-0.0,0.62
9.20008373260498,3.9000000000000004,-1.6,-69.0,0.67,-0.0,0.64
9.211066961288452,3.6,-1.5,-69.10000000000001,0.64,-0.01,0.62
9.220136880874634,3.5,-1.7000000000000002,-67.9,0.68,-0.0,0.64
9.230762243270874,3.6,-1.6,-69.10000000000001,0.61,-0.03,0.62
9.240070104598999,3.7,-2.1,-67.60000000000001,0.73,-0.01,0.64
9.249887704849243,3.6,-2.6,-69.5,0.72,-0.02,0.59
9.259937047958374,3.7,-2.9000000000000004,-69.5,0.72,-0.01,0.63
9.270486831665039,3.7,-2.7,-67.8,0.79,-0.0,0.63
9.280284643173218,3.8000000000000003,-2.8000000000000003,-67.8,0.79,-0.0,0.63
9.289985656738281,3.8000000000000003,-2.8000000000000003,-68.0,0.8,-0.01,0.64
9.300817728042603,3.6,-2.8000000000000003,-68.3,0.79,-0.0,0.62
9.310864448547363,3.8000000000000003,-2.9000000000000004,-68.10000000000001,0.8,-0.0,0.63
9.319750308990479,3.9000000000000004,-2.7,-68.5,0.79,-0.0,0.61
9.329781293869019,3.9000000000000004,-2.5,-68.5,0.7000000000000001,0.01,0.63
9.340325593948364,4.0,-2.9000000000000004,-68.9,0.77,0.01,0.62
9.349761486053467,4.2,-2.7,-69.10000000000001,0.77,0.02,0.6
9.360162734985352,4.2,-3.3000000000000003,-69.3,0.79,0.02,0.63
9.371034145355225,4.2,-3.3000000000000003,-69.2,0.79,0.02,0.62
9.380097389221191,4.2,-3.1,-67.7,0.79,0.05,0.64
9.390035390853882,4.4,-3.1,-69.0,0.74,0.04,0.61
9.399954319000244,4.7,-3.5,-69.3,0.81,0.07,0.64
9.41007137298584,4.7,-3.0,-69.2,0.78,0.07,0.61
9.419809579849243,4.6000000000000005,-2.9000000000000004,-69.3,0.75,0.08,0.62
9.429769277572632,4.7,-2.9000000000000004,-69.2,0.74,0.07,0.62
9.439983367919922,4.6000000000000005,-2.7,-69.2,0.71,0.07,0.62
9.449893236160278,4.6000000000000005,-2.3000000000000003,-68.0,0.75,0.09,0.63
9.459755897521973,4.6000000000000005,-2.2,-68.0,0.73,0.08,0.64
9.470500946044922,4.5,-2.0,-68.10000000000001,0.7000000000000001,0.07,0.63
9.47984004020691,4.4,-2.4000000000000004,-68.3,0.73,0.06,0.63
9.490201711654663,4.3,-2.1,-68.5,0.71,0.05,0.63
9.500793933868408,4.2,-2.7,-68.3,0.73,0.04,0.64
9.510330200195312,4.2,-2.6,-68.5,0.76,0.04,0.63
9.51979923248291,4.1000000000000005,-2.7,-68.60000000000001,0.74,0.02,0.63
9.529815435409546,4.0,-3.1,-68.60000000000001,0.78,0.01,0.64
9.5404953956604,3.9000000000000004,-3.0,-68.5,0.77,0.01,0.63
9.550333261489868,3.9000000000000004,-3.6,-68.7,0.8200000000000001,0.01,0.64
9.55996322631836,3.9000000000000004,-3.4000000000000004,-68.60000000000001,0.81,-0.0,0.62
9.570209264755249,3.8000000000000003,-3.4000000000000004,-68.60000000000001,0.8,-0.0,0.64
9.580233335494995,3.8000000000000003,-3.4000000000000004,-68.5,0.8,-0.0,0.63
9.589992046356201,3.8000000000000003,-3.2,-68.10000000000001,0.79,0.01,0.64
9.600733280181885,3.8000000000000003,-3.0,-68.2,0.78,-0.0,0.64
9.610759735107422,3.7,-2.6,-68.4,0.74,-0.0,0.64
9.620725631713867,3.7,-2.2,-68.5,0.7000000000000001,-0.0,0.64
9.630635738372803,3.8000000000000003,-2.1,-68.5,0.68,0.03,0.63
9.63979983329773,4.6000000000000005,-2.0,-68.7,0.67,0.05,0.64
9.650962352752686,4.9,-2.1,-68.9,0.68,0.11,0.63
9.659682512283325,5.300000000000001,-2.1,-68.7,0.68,0.14,0.63
9.670342683792114,5.300000000000001,-2.3000000000000003,-68.8,0.7000000000000001,0.17,0.63
9.68013334274292,5.300000000000001,-2.4000000000000004,-68.9,0.71,0.13,0.63
9.689858675003052,4.800000000000001,-2.7,-69.0,0.73,0.12,0.63
9.699982166290283,4.9,-2.8000000000000003,-68.8,0.75,0.09,0.64
9.71057391166687,4.7,-2.9000000000000004,-68.8,0.75,0.09,0.63
9.719879627227783,4.800000000000001,-3.0,-68.7,0.76,0.09,0.64
9.729827404022217,4.7,-3.1,-68.8,0.77,0.09,0.63
9.740761995315552,4.5,-3.1,-68.60000000000001,0.77,0.08,0.63
9.749969959259033,4.2,-2.9000000000000004,-68.60000000000001,0.75,0.04,0.63
9.760200500488281,3.9000000000000004,-2.7,-68.60000000000001,0.74,0.02,0.63
9.769970417022705,3.5,-2.6,-68.7,0.73,-0.02,0.64
9.780119180679321,3.2,-2.5,-68.60000000000001,0.72,-0.04,0.63
9.790064096450806,3.1,-2.4000000000000004,-68.7,0.7000000000000001,-0.06,0.64
9.800253868103027,3.0,-2.3000000000000003,-68.7,0.7000000000000001,-0.07,0.64
9.810266017913818,2.8000000000000003,-2.4000000000000004,-68.7,0.7000000000000001,-0.08,0.64
9.819894075393677,2.8000000000000003,-2.4000000000000004,-68.7,0.71,-0.08,0.64
9.829964399337769,2.7,-2.5,-68.8,0.72,-0.09,0.64
9.83983826637268,2.6,-2.5,-68.60000000000001,0.72,-0.11,0.64
9.850371599197388,2.5,-2.4000000000000004,-68.60000000000001,0.72,-0.12,0.64
9.859846830368042,2.5,-2.4000000000000004,-68.5,0.7000000000000001,-0.12,0.64
9.869782209396362,2.8000000000000003,-2.4000000000000004,-68.5,0.71,-0.09,0.64
9.879896640777588,3.3000000000000003,-2.6,-68.3,0.73,-0.03,0.64
9.890212059020996,3.8000000000000003,-2.7,-68.4,0.74,-0.0,0.64
9.899993658065796,4.0,-2.9000000000000004,-68.5,0.75,0.03,0.63
9.910540580749512,4.1000000000000005,-2.9000000000000004,-68.5,0.76,0.04,0.63
9.920777559280396,4.1000000000000005,-2.9000000000000004,-68.60000000000001,0.75,0.04,0.63
9.92978024482727,4.2,-2.8000000000000003,-68.7,0.74,0.04,0.63
9.93984842300415,4.3,-2.8000000000000003,-68.7,0.74,0.04,0.63
9.950229167938232,4.4,-2.7,-68.7,0.74,0.06,0.63
9.960197687149048,4.7,-2.5,-68.8,0.71,0.09,0.63
9.969913482666016,5.0,-2.3000000000000003,-68.8,0.71,0.11,0.63
9.979989767074585,5.0,-2.2,-68.8,0.7000000000000001,0.12,0.63
9.990097761154175,4.9,-2.2,-68.8,0.6900000000000001,0.12,0.63
10.00074553489685,4.9,-2.3000000000000003,-68.7,0.7000000000000001,0.1,0.63
10.010140419006348,4.800000000000001,-2.3000000000000003,-68.7,0.71,0.1,0.63
10.01977825164795,4.7,-2.6,-68.60000000000001,0.73,0.08,0.63
10.030810832977295,4.5,-2.5,-68.60000000000001,0.72,0.07,0.63
10.039844989776611,4.4,-2.8000000000000003,-68.60000000000001,0.75,0.06,0.63
10.04999852180481,4.3,-2.7,-68.60000000000001,0.74,0.05,0.63
10.060432434082031,4.1000000000000005,-2.7,-68.5,0.74,0.03,0.64
10.070492267608643,4.1000000000000005,-2.6,-68.60000000000001,0.73,0.03,0.63
10.080137968063354,4.1000000000000005,-2.6,-68.60000000000001,0.73,0.02,0.64
10.090083122253418,3.9000000000000004,-2.6,-68.5,0.72,0.02,0.63
10.100062608718872,3.8000000000000003,-2.6,-68.60000000000001,0.73,-0.0,0.64
10.110340595245361,3.6,-2.6,-68.60000000000001,0.73,-0.01,0.64
10.119759559631348,3.5,-2.4000000000000004,-68.7,0.72,-0.02,0.63
10.129744052886963,3.5,-2.5,-68.7,0.72,-0.02,0.64
10.139915943145752,3.5,-2.4000000000000004,-68.60000000000001,0.72,-0.02,0.64
10.149895429611206,3.6,-2.5,-68.60000000000001,0.72,-0.01,0.64
10.160027980804443,3.6,-2.5,-68.60000000000001,0.72,-0.01,0.64
10.170243978500366,3.6,-2.4000000000000004,-68.5,0.72,-0.0,0.64
10.179964542388916,3.6,-2.4000000000000004,-68.4,0.71,-0.0,0.63
10.189982175827026,3.8000000000000003,-2.6,-68.5,0.73,-0.0,0.64
10.200418710708618,3.8000000000000003,-2.6,-68.5,0.74,-0.0,0.64
10.210108995437622,3.9000000000000004,-2.6,-68.5,0.74,0.02,0.64
10.219847440719604,4.1000000000000005,-2.7,-68.5,0.74,0.03,0.64
10.230329751968384,4.2,-2.7,-68.5,0.73,0.04,0.63
10.239952325820923,4.2,-2.7,-68.60000000000001,0.74,0.04,0.63
10.24997615814209,4.2,-2.7,-68.7,0.75,0.04,0.63
10.259788751602173,4.3,-2.7,-68.60000000000001,0.75,0.05,0.63
10.271549701690674,4.4,-2.6,-68.60000000000001,0.73,0.06,0.63
10.280292749404907,4.4,-2.5,-68.7,0.72,0.06,0.63
10.290424823760986,4.4,-2.5,-68.60000000000001,0.72,0.06,0.63
10.300705671310425,4.4,-2.5,-68.60000000000001,0.72,0.05,0.63
10.310532808303833,4.3,-2.4000000000000004,-68.60000000000001,0.72,0.05,0.63
10.32097053527832,4.3,-2.5,-68.60000000000001,0.72,0.05,0.63
10.329792022705078,4.3,-2.4000000000000004,-68.60000000000001,0.71,0.05,0.63
10.340703010559082,4.2,-2.5,-68.5,0.72,0.04,0.64
10.350725173950195,4.1000000000000005,-2.6,-68.60000000000001,0.74,0.03,0.63
10.35981822013855,4.0,-2.6,-68.60000000000001,0.74,0.02,0.63
10.370216608047485,3.9000000000000004,-2.6,-68.60000000000001,0.73,0.01,0.64
10.38029956817627,3.9000000000000004,-2.6,-68.60000000000001,0.73,0.01,0.64
10.390963792800903,3.9000000000000004,-2.6,-68.5,0.73,0.01,0.63
10.400105476379395,3.9000000000000004,-2.6,-68.5,0.73,0.01,0.64
10.410025596618652,3.8000000000000003,-2.6,-68.5,0.73,0.01,0.64
10.420543432235718,3.8000000000000003,-2.6,-68.5,0.73,0.01,0.63
10.430203437805176,3.8000000000000003,-2.5,-68.5,0.72,0.01,0.64
10.440395593643188,3.8000000000000003,-2.5,-68.5,0.73,0.01,0.63
10.450255870819092,3.9000000000000004,-2.4000000000000004,-68.5,0.72,0.01,0.64
10.459882497787476,4.0,-2.4000000000000004,-68.5,0.72,0.02,0.63
10.470210075378418,4.1000000000000005,-2.4000000000000004,-68.5,0.72,0.03,0.64
10.48021125793457,4.1000000000000005,-2.4000000000000004,-68.60000000000001,0.71,0.03,0.63
10.490293979644775,4.1000000000000005,-2.5,-68.60000000000001,0.72,0.03,0.63
10.49981164932251,4.2,-2.5,-68.60000000000001,0.72,0.03,0.63
10.509750127792358,4.2,-2.6,-68.60000000000001,0.73,0.04,0.64
10.519883871078491,4.3,-2.6,-68.5,0.73,0.05,0.63
10.53054404258728,4.3,-2.7,-68.5,0.74,0.05,0.63
10.539707660675049,4.3,-2.7,-68.60000000000001,0.74,0.05,0.63
10.550853252410889,4.3,-2.8000000000000003,-68.5,0.74,0.05,0.63
10.559940099716187,4.3,-2.7,-68.5,0.74,0.05,0.63
10.57062840461731,4.3,-2.7,-68.5,0.74,0.05,0.63
10.57998514175415,4.3,-2.7,-68.5,0.74,0.05,0.64
10.590094327926636,4.2,-2.6,-68.5,0.73,0.05,0.63
10.60015320777893,4.2,-2.6,-68.60000000000001,0.74,0.04,0.64
10.609833478927612,4.1000000000000005,-2.4000000000000004,-68.5,0.72,0.03,0.64
10.620310068130493,4.1000000000000005,-2.4000000000000004,-68.5,0.72,0.03,0.63
10.629870653152466,4.0,-2.5,-68.5,0.72,0.02,0.64
10.639856100082397,4.0,-2.4000000000000004,-68.5,0.71,0.01,0.63
10.65041995048523,3.9000000000000004,-2.6,-68.60000000000001,0.73,0.01,0.64
10.6598219871521,4.0,-2.5,-68.60000000000001,0.72,0.02,0.63
10.669901132583618,4.0,-2.5,-68.5,0.72,0.03,0.63
10.679867029190063,4.0,-2.4000000000000004,-68.60000000000001,0.71,0.02,0.64
10.690201759338379,4.0,-2.5,-68.5,0.72,0.02,0.63
10.701088190078735,4.0,-2.5,-68.5,0.72,0.02,0.63
10.710731506347656,4.1000000000000005,-2.5,-68.5,0.73,0.03,0.64
10.72078537940979,4.2,-2.6,-68.5,0.72,0.04,0.63
10.730282068252563,4.2,-2.5,-68.5,0.73,0.05,0.64
10.740701675415039,4.3,-2.5,-68.5,0.72,0.05,0.64
10.750751733779907,4.3,-2.7,-68.5,0.74,0.05,0.63
10.760478258132935,4.3,-2.8000000000000003,-68.4,0.75,0.05,0.64
10.770004749298096,4.3,-2.7,-68.5,0.75,0.05,0.63
10.780744791030884,4.4,-2.8000000000000003,-68.5,0.75,0.06,0.63
10.79063868522644,4.4,-2.6,-68.5,0.73,0.06,0.63
10.80074667930603,4.3,-2.7,-68.5,0.74,0.06,0.63
10.809935092926025,4.3,-2.6,-68.5,0.73,0.05,0.63
10.820066213607788,4.3,-2.6,-68.4,0.74,0.05,0.64
10.82998514175415,4.3,-2.4000000000000004,-68.4,0.71,0.05,0.63
10.839715480804443,4.3,-2.6,-68.60000000000001,0.75,0.05,0.63
10.850190877914429,4.2,-2.6,-68.5,0.71,0.04,0.64
10.860291242599487,4.2,-2.4000000000000004,-68.4,0.71,0.04,0.63
10.870203018188477,4.1000000000000005,-2.5,-68.4,0.71,0.04,0.64
10.880733728408813,4.1000000000000005,-2.3000000000000003,-68.4,0.7000000000000001,0.03,0.63
10.890591859817505,4.1000000000000005,-2.3000000000000003,-68.5,0.71,0.03,0.64
10.900162696838379,4.1000000000000005,-2.4000000000000004,-68.5,0.71,0.03,0.63
10.910183191299438,4.1000000000000005,-2.3000000000000003,-68.4,0.7000000000000001,0.03,0.63
10.91988205909729,4.1000000000000005,-2.4000000000000004,-68.4,0.71,0.04,0.64
10.930056095123291,4.2,-2.3000000000000003,-68.5,0.71,0.04,0.63
10.939765691757202,4.2,-2.6,-68.4,0.73,0.04,0.64
10.949835538864136,4.3,-2.6,-68.4,0.73,0.04,0.63
10.960949659347534,4.3,-2.8000000000000003,-68.4,0.74,0.05,0.64
10.969959497451782,4.4,-2.9000000000000004,-68.4,0.75,0.05,0.63
10.979804992675781,4.4,-2.8000000000000003,-68.4,0.76,0.06,0.63
10.990144968032837,4.4,-2.8000000000000003,-68.3,0.75,0.06,0.64
10.999892473220825,4.4,-2.8000000000000003,-68.4,0.75,0.06,0.63
11.009928464889526,4.4,-2.8000000000000003,-68.4,0.76,0.06,0.63
11.019710779190063,4.4,-2.8000000000000003,-68.4,0.75,0.06,0.64
11.029918670654297,4.4,-2.6,-68.3,0.73,0.06,0.64
11.039755582809448,4.4,-2.5,-68.4,0.72,0.06,0.63
11.049865961074829,4.4,-2.4000000000000004,-68.5,0.71,0.05,0.64
11.060018062591553,4.3,-2.4000000000000004,-68.5,0.71,0.05,0.63
11.069834232330322,4.3,-2.3000000000000003,-68.5,0.7000000000000001,0.05,0.63
11.079787969589233,4.3,-2.3000000000000003,-68.4,0.7000000000000001,0.05,0.63
11.089933156967163,4.3,-2.3000000000000003,-68.4,0.71,0.05,0.63
11.09981369972229,4.3,-2.3000000000000003,-68.4,0.71,0.05,0.64
11.110254764556885,4.3,-2.2,-68.4,0.7000000000000001,0.05,0.64
11.119814157485962,4.3,-2.4000000000000004,-68.3,0.71,0.05,0.63
11.130867004394531,4.3,-2.5,-68.3,0.72,0.05,0.64
11.139716386795044,4.4,-2.5,-68.3,0.72,0.05,0.63
11.150121450424194,4.4,-2.6,-68.4,0.74,0.06,0.63
11.161630630493164,4.4,-2.9000000000000004,-68.3,0.76,0.06,0.64
11.170406103134155,4.4,-2.6,-68.4,0.73,0.05,0.63
11.179879426956177,4.4,-2.8000000000000003,-68.4,0.75,0.05,0.63
11.189950227737427,4.3,-2.6,-68.3,0.73,0.05,0.64
11.200737714767456,4.4,-2.6,-68.3,0.73,0.06,0.64
11.209803819656372,4.5,-2.6,-68.4,0.72,0.06,0.63
11.219768285751343,4.5,-2.5,-68.4,0.72,0.07,0.63
11.229961395263672,4.4,-2.4000000000000004,-68.4,0.71,0.06,0.64
11.239762783050537,4.4,-2.4000000000000004,-68.5,0.71,0.05,0.63
11.249836683273315,4.4,-2.5,-68.4,0.72,0.06,0.63
11.260915279388428,4.4,-2.5,-68.5,0.72,0.06,0.64
11.270304441452026,4.5,-2.5,-68.3,0.73,0.06,0.63
11.279853343963623,4.5,-2.5,-68.3,0.72,0.07,0.63
11.290044069290161,4.5,-2.9000000000000004,-68.3,0.74,0.07,0.64
11.299922943115234,4.5,-2.6,-68.3,0.74,0.06,0.63
11.310120582580566,4.5,-2.6,-68.3,0.73,0.07,0.63
11.319751501083374,4.5,-2.6,-68.4,0.72,0.07,0.63
11.330098867416382,4.5,-2.7,-68.2,0.74,0.07,0.63
11.339936971664429,4.5,-2.5,-68.3,0.73,0.07,0.64
11.349709749221802,4.5,-2.5,-68.3,0.72,0.07,0.63
11.360052824020386,4.5,-2.4000000000000004,-68.3,0.73,0.05,0.64
11.370751142501831,4.2,-2.7,-68.4,0.72,0.04,0.63
11.380079746246338,3.8000000000000003,-2.6,-68.3,0.73,0.01,0.64
11.389834642410278,3.8000000000000003,-2.7,-68.3,0.73,-0.01,0.63
11.39999508857727,3.5,-2.8000000000000003,-68.2,0.74,-0.01,0.64
11.410300493240356,3.6,-2.7,-68.10000000000001,0.75,-0.01,0.63
11.419814586639404,3.7,-2.7,-68.3,0.74,-0.0,0.63
11.43030333518982,3.7,-2.5,-68.2,0.72,-0.02,0.64
11.440197944641113,3.6,-2.7,-68.10000000000001,0.74,-0.0,0.64
11.449796438217163,3.7,-2.5,-68.0,0.72,-0.0,0.63
11.460232019424438,3.8000000000000003,-2.5,-68.0,0.72,-0.0,0.64
11.471505880355835,3.8000000000000003,-2.4000000000000004,-68.10000000000001,0.72,-0.0,0.63
11.479955434799194,3.9000000000000004,-2.6,-68.3,0.72,0.01,0.63
11.489988565444946,4.1000000000000005,-2.6,-68.3,0.74,-0.0,0.63
11.499915838241577,4.2,-2.4000000000000004,-68.2,0.71,0.05,0.64
11.510618686676025,4.5,-2.3000000000000003,-68.0,0.71,0.07,0.63
11.519720792770386,4.800000000000001,-2.7,-68.4,0.73,0.1,0.63
11.530659675598145,4.9,-2.5,-68.5,0.73,0.1,0.63
11.540056943893433,4.9,-2.4000000000000004,-68.3,0.71,0.11,0.64
11.549865961074829,5.2,-2.2,-68.2,0.6900000000000001,0.12,0.63
11.559969425201416,5.2,-2.5,-68.4,0.71,0.15,0.63
11.570472955703735,5.2,-2.4000000000000004,-68.10000000000001,0.73,0.13,0.63
11.580578088760376,5.300000000000001,-2.3000000000000003,-68.2,0.7000000000000001,0.13,0.63
11.589937925338745,5.5,-2.5,-68.3,0.72,0.15,0.63
11.599841833114624,5.5,-2.3000000000000003,-68.2,0.7000000000000001,0.15,0.63
11.610462665557861,5.4,-2.2,-68.10000000000001,0.7000000000000001,0.17,0.63
11.619781970977783,5.4,-2.7,-68.10000000000001,0.74,0.16,0.63
11.630076885223389,5.6000000000000005,-2.8000000000000003,-68.10000000000001,0.76,0.14,0.63
11.640381336212158,5.2,-2.8000000000000003,-68.10000000000001,0.76,0.15,0.64
11.64984393119812,5.300000000000001,-2.7,-68.0,0.75,0.15,0.63
11.659947872161865,5.2,-2.7,-68.3,0.74,0.11,0.63
11.670433521270752,4.800000000000001,-2.8000000000000003,-67.9,0.74,0.12,0.64
11.679944038391113,4.7,-2.7,-68.0,0.75,0.08,0.63
11.69007921218872,4.5,-2.8000000000000003,-68.10000000000001,0.76,0.06,0.63
11.699987411499023,4.4,-2.7,-68.10000000000001,0.75,0.05,0.64
11.710630893707275,4.4,-2.6,-68.10000000000001,0.74,0.05,0.63
11.719792604446411,4.4,-2.6,-68.3,0.73,0.05,0.64
11.730249881744385,4.3,-2.5,-68.4,0.73,0.05,0.63
11.74022650718689,4.0,-2.4000000000000004,-68.0,0.71,0.04,0.64
11.750444173812866,4.0,-2.2,-68.0,0.7000000000000001,-0.0,0.63
11.76012921333313,3.8000000000000003,-2.7,-68.10000000000001,0.73,-0.0,0.64
11.770028591156006,3.9000000000000004,-2.4000000000000004,-68.10000000000001,0.72,0.01,0.63
11.77994441986084,4.1000000000000005,-2.4000000000000004,-67.9,0.72,0.01,0.64
11.790041446685791,4.2,-2.3000000000000003,-68.0,0.71,0.05,0.63
11.80086874961853,4.3,-2.5,-67.9,0.73,0.05,0.64
11.810797452926636,4.4,-2.7,-68.0,0.75,0.05,0.64
11.820703744888306,4.5,-2.8000000000000003,-68.10000000000001,0.75,0.05,0.64
11.831169128417969,4.6000000000000005,-2.8000000000000003,-68.10000000000001,0.75,0.07,0.64
11.83985686302185,4.7,-2.9000000000000004,-68.0,0.76,0.09,0.63
11.850130796432495,4.800000000000001,-2.9000000000000004,-68.2,0.76,0.09,0.63
11.859869241714478,4.9,-2.8000000000000003,-67.9,0.75,0.11,0.63
11.870898008346558,5.1000000000000005,-2.6,-68.10000000000001,0.74,0.11,0.63
11.88008713722229,5.2,-2.4000000000000004,-67.9,0.71,0.11,0.63
11.890084743499756,5.2,-2.3000000000000003,-68.2,0.71,0.12,0.63
11.899959325790405,5.2,-2.3000000000000003,-68.10000000000001,0.6900000000000001,0.14,0.63
11.910137176513672,5.300000000000001,-2.4000000000000004,-67.9,0.71,0.16,0.63
11.920619249343872,5.4,-2.4000000000000004,-68.0,0.72,0.15,0.63
11.929741144180298,5.300000000000001,-2.2,-68.0,0.71,0.14,0.63
11.940099239349365,5.300000000000001,-2.2,-68.10000000000001,0.6900000000000001,0.13,0.63
11.950407266616821,5.1000000000000005,-2.1,-68.10000000000001,0.67,0.14,0.63
11.961001873016357,5.4,-2.2,-67.9,0.7000000000000001,0.14,0.63
11.970430612564087,5.6000000000000005,-2.3000000000000003,-68.2,0.71,0.14,0.63
11.979817867279053,5.300000000000001,-2.4000000000000004,-68.10000000000001,0.72,0.15,0.63
11.989990711212158,5.0,-2.3000000000000003,-67.7,0.72,0.15,0.63
11.999944686889648,5.300000000000001,-2.1,-67.7,0.7000000000000001,0.1,0.64
12.01024842262268,4.9,-2.4000000000000004,-68.2,0.72,0.1,0.62
12.019785404205322,4.7,-2.7,-67.8,0.74,0.09,0.63
12.029861450195312,5.0,-3.2,-68.0,0.79,0.09,0.64
12.039810180664062,4.800000000000001,-2.9000000000000004,-67.8,0.77,0.1,0.63
12.050133466720581,4.800000000000001,-2.8000000000000003,-67.7,0.76,0.1,0.64
12.061343431472778,4.800000000000001,-2.5,-68.2,0.73,0.06,0.63
12.070060729980469,4.4,-3.0,-68.10000000000001,0.75,0.06,0.63
12.079822063446045,4.4,-2.8000000000000003,-67.8,0.77,0.03,0.63
12.089896440505981,4.2,-2.7,-68.0,0.76,0.04,0.64
12.10015058517456,4.4,-2.0,-67.8,0.6900000000000001,0.06,0.63
12.110466718673706,4.6000000000000005,-1.9000000000000001,-67.7,0.67,0.07,0.63
12.119760513305664,4.6000000000000005,-2.0,-67.8,0.67,0.08,0.64
12.130582094192505,4.4,-2.5,-67.7,0.73,0.06,0.63
12.140099287033081,4.5,-2.5,-67.9,0.75,0.03,0.64
12.149770259857178,4.6000000000000005,-2.4000000000000004,-68.10000000000001,0.73,0.06,0.63
12.160162925720215,4.6000000000000005,-2.3000000000000003,-67.8,0.7000000000000001,0.1,0.64
12.170610427856445,5.1000000000000005,-2.1,-67.9,0.6900000000000001,0.11,0.63
12.179864406585693,5.1000000000000005,-2.4000000000000004,-68.0,0.71,0.12,0.63
12.189994096755981,5.300000000000001,-2.5,-68.10000000000001,0.73,0.12,0.63
12.19988751411438,4.9,-2.6,-67.8,0.74,0.12,0.64
12.210836172103882,5.2,-2.3000000000000003,-67.8,0.73,0.11,0.63
12.219787120819092,5.5,-2.3000000000000003,-67.9,0.6900000000000001,0.16,0.63
12.229899883270264,5.6000000000000005,-2.4000000000000004,-68.3,0.7000000000000001,0.16,0.63
12.240064144134521,5.4,-2.8000000000000003,-67.9,0.73,0.16,0.63
12.250008821487427,5.2,-2.9000000000000004,-67.9,0.77,0.15,0.63
12.260151624679565,5.5,-2.7,-67.9,0.76,0.14,0.63
12.270620346069336,5.5,-2.3000000000000003,-68.0,0.7000000000000001,0.16,0.63
12.279997110366821,5.5,-2.3000000000000003,-67.8,0.6900000000000001,0.17,0.63
12.290175437927246,5.7,-2.2,-67.7,0.7000000000000001,0.16,0.63
12.299950122833252,5.300000000000001,-2.2,-67.8,0.7000000000000001,0.16,0.63
12.309900522232056,5.2,-2.2,-67.8,0.71,0.12,0.63
12.31978154182434,5.300000000000001,-2.2,-67.9,0.71,0.14,0.63
12.329854011535645,5.2,-2.1,-67.9,0.6900000000000001,0.15,0.63
12.339866161346436,5.2,-2.0,-67.9,0.68,0.13,0.63
12.349747657775879,5.1000000000000005,-2.4000000000000004,-67.8,0.71,0.12,0.63
12.36018681526184,4.9,-2.5,-68.0,0.73,0.1,0.63
12.370588541030884,4.9,-2.5,-67.9,0.74,0.08,0.63
12.38058090209961,4.800000000000001,-2.4000000000000004,-67.7,0.73,0.1,0.63
12.38984203338623,4.9,-2.2,-68.0,0.7000000000000001,0.08,0.63
12.399793863296509,4.800000000000001,-2.3000000000000003,-68.0,0.7000000000000001,0.11,0.63
12.41005825996399,4.7,-2.2,-67.7,0.6900000000000001,0.09,0.64
12.41981840133667,4.7,-2.6,-67.8,0.73,0.07,0.63
12.429822444915771,4.6000000000000005,-2.9000000000000004,-67.8,0.77,0.06,0.63
12.440276861190796,4.7,-3.0,-67.8,0.79,0.08,0.63
12.45019268989563,4.9,-2.6,-67.8,0.73,0.1,0.64
12.460040807723999,4.7,-2.2,-67.7,0.7000000000000001,0.11,0.63
12.469847679138184,4.800000000000001,-2.4000000000000004,-67.60000000000001,0.7000000000000001,0.1,0.64
12.480085611343384,4.800000000000001,-2.8000000000000003,-67.8,0.75,0.08,0.63
12.490030288696289,4.800000000000001,-2.9000000000000004,-67.7,0.77,0.08,0.63
12.500818490982056,5.0,-2.5,-67.7,0.74,0.12,0.63
12.510822057723999,5.300000000000001,-2.0,-67.60000000000001,0.6900000000000001,0.14,0.63
12.520673751831055,5.7,-1.8,-67.8,0.65,0.15,0.63
12.53057599067688,5.4,-2.2,-67.9,0.68,0.17,0.63
12.539803981781006,5.2,-2.4000000000000004,-68.0,0.73,0.13,0.64
12.550234317779541,5.0,-2.5,-68.0,0.73,0.13,0.63
12.560173511505127,5.1000000000000005,-2.1,-67.5,0.7000000000000001,0.11,0.64
12.570061683654785,5.6000000000000005,-2.1,-67.9,0.6900000000000001,0.15,0.63
12.580881834030151,5.800000000000001,-2.0,-67.7,0.68,0.19,0.63
12.590601921081543,5.800000000000001,-2.1,-67.7,0.68,0.21,0.63
12.60071086883545,6.0,-2.1,-67.7,0.7000000000000001,0.19,0.64
12.610780239105225,5.6000000000000005,-2.2,-67.8,0.7000000000000001,0.17,0.63
12.620842695236206,5.6000000000000005,-2.5,-67.7,0.73,0.16,0.63
12.629794597625732,5.5,-2.7,-67.60000000000001,0.74,0.16,0.63
12.640043258666992,5.6000000000000005,-2.4000000000000004,-67.4,0.72,0.14,0.63
12.650298595428467,5.1000000000000005,-2.5,-67.60000000000001,0.72,0.16,0.63
12.659865140914917,5.4,-2.5,-67.4,0.72,0.13,0.63
12.670159101486206,5.5,-2.8000000000000003,-67.5,0.76,0.17,0.63
12.680246114730835,5.5,-2.5,-67.60000000000001,0.73,0.15,0.63
12.690386295318604,5.0,-2.6,-67.5,0.74,0.14,0.63
12.699896812438965,5.2,-2.2,-67.5,0.71,0.12,0.63
12.71051573753357,5.2,-2.2,-67.60000000000001,0.7000000000000001,0.1,0.63
12.720048904418945,5.0,-2.2,-67.5,0.6900000000000001,0.12,0.63
12.729847192764282,4.800000000000001,-2.5,-67.8,0.73,0.08,0.63
12.739758253097534,4.9,-2.5,-67.7,0.73,0.11,0.63
12.750761985778809,4.9,-2.7,-67.60000000000001,0.75,0.1,0.64
12.76093864440918,4.800000000000001,-2.1,-67.5,0.6900000000000001,0.09,0.63
12.770313739776611,5.300000000000001,-1.7000000000000002,-67.5,0.64,0.12,0.64
12.78073501586914,5.2,-1.8,-67.5,0.65,0.12,0.64
12.790756702423096,4.800000000000001,-2.2,-67.60000000000001,0.6900000000000001,0.12,0.63
12.80019760131836,5.300000000000001,-2.3000000000000003,-67.3,0.72,0.12,0.63
12.810235738754272,5.2,-2.5,-67.7,0.73,0.13,0.64
12.820154905319214,4.800000000000001,-2.4000000000000004,-67.4,0.72,0.11,0.64
12.830094814300537,5.1000000000000005,-2.4000000000000004,-67.3,0.71,0.12,0.63
12.839791059494019,5.6000000000000005,-2.2,-67.4,0.71,0.14,0.63
12.85013222694397,5.5,-2.4000000000000004,-67.5,0.71,0.18,0.63
12.860155820846558,5.7,-2.4000000000000004,-67.3,0.72,0.17,0.63
12.869964838027954,5.7,-2.5,-67.5,0.73,0.19,0.63
12.879986763000488,5.7,-2.4000000000000004,-67.5,0.73,0.18,0.63
12.889874696731567,5.6000000000000005,-2.3000000000000003,-67.60000000000001,0.72,0.18,0.63
12.900036334991455,5.7,-2.3000000000000003,-67.4,0.72,0.17,0.64
12.9098641872406,5.7,-2.4000000000000004,-67.4,0.72,0.18,0.63
12.919870138168335,5.800000000000001,-2.2,-67.4,0.71,0.18,0.63
12.930099964141846,5.800000000000001,-2.4000000000000004,-67.5,0.72,0.2,0.63
12.939867734909058,5.9,-2.4000000000000004,-67.5,0.74,0.2,0.63
12.950571298599243,5.9,-2.3000000000000003,-67.5,0.72,0.2,0.63
12.960193634033203,5.800000000000001,-2.3000000000000003,-67.7,0.6900000000000001,0.18,0.63
12.969772100448608,5.9,-2.0,-67.60000000000001,0.68,0.17,0.63
12.98049783706665,5.4,-2.1,-67.60000000000001,0.68,0.19,0.63
12.990507364273071,5.5,-2.3000000000000003,-67.5,0.71,0.16,0.63
12.999926090240479,5.5,-2.6,-67.5,0.74,0.15,0.63
13.01008915901184,5.5,-2.4000000000000004,-67.5,0.73,0.16,0.63
13.019930839538574,5.300000000000001,-2.2,-67.5,0.7000000000000001,0.15,0.64
13.030081272125244,5.300000000000001,-1.9000000000000001,-67.3,0.68,0.13,0.62
13.039784669876099,5.300000000000001,-2.0,-67.5,0.68,0.14,0.63
13.050445079803467,5.2,-2.0,-67.4,0.68,0.13,0.63
13.060220003128052,5.2,-2.2,-67.4,0.71,0.12,0.63
13.069780826568604,5.300000000000001,-2.4000000000000004,-67.7,0.72,0.11,0.63
13.080174922943115,4.9,-2.3000000000000003,-67.4,0.71,0.13,0.63
13.090429782867432,5.2,-2.2,-67.3,0.71,0.11,0.64
13.09980034828186,5.2,-2.2,-67.3,0.71,0.13,0.63
13.110331296920776,5.300000000000001,-2.2,-67.3,0.71,0.12,0.64
13.120168685913086,5.2,-2.3000000000000003,-67.60000000000001,0.7000000000000001,0.13,0.63
13.13038444519043,5.300000000000001,-2.4000000000000004,-67.5,0.71,0.13,0.63
13.139755725860596,5.300000000000001,-2.6,-67.4,0.73,0.15,0.63
13.150391340255737,5.6000000000000005,-2.5,-67.4,0.74,0.15,0.63
13.160073041915894,5.4,-2.5,-67.7,0.72,0.14,0.63
13.169970989227295,5.6000000000000005,-2.5,-67.3,0.73,0.16,0.64
13.179910659790039,5.6000000000000005,-2.2,-67.3,0.7000000000000001,0.2,0.63
13.190707445144653,5.800000000000001,-2.2,-67.2,0.7000000000000001,0.2,0.64
13.20070743560791,5.9,-2.3000000000000003,-67.4,0.71,0.19,0.63
13.210682153701782,5.9,-2.3000000000000003,-67.5,0.72,0.19,0.63
13.22073769569397,5.9,-2.2,-67.5,0.7000000000000001,0.19,0.64
13.2309410572052,5.9,-2.0,-67.4,0.6900000000000001,0.21,0.63
13.239770889282227,6.0,-1.9000000000000001,-67.60000000000001,0.68,0.19,0.64
13.250213384628296,5.9,-1.9000000000000001,-67.7,0.68,0.2,0.63
13.261357545852661,5.7,-2.0,-67.3,0.6900000000000001,0.19,0.63
13.269901990890503,5.7,-2.3000000000000003,-67.4,0.7000000000000001,0.18,0.62
13.279879331588745,6.2,-2.4000000000000004,-67.60000000000001,0.74,0.2,0.63
13.28999924659729,5.9,-2.3000000000000003,-67.2,0.72,0.22,0.64
13.30085301399231,6.0,-2.1,-67.10000000000001,0.71,0.18,0.63
13.310792922973633,6.0,-2.3000000000000003,-67.4,0.7000000000000001,0.19,0.63
13.32080364227295,5.9,-2.1,-67.3,0.68,0.2,0.63
13.330958604812622,5.7,-2.3000000000000003,-67.10000000000001,0.7000000000000001,0.17,0.64
13.339731454849243,5.7,-2.3000000000000003,-67.2,0.72,0.16,0.63
13.350122213363647,5.5,-2.5,-67.4,0.74,0.16,0.63
13.360957622528076,5.2,-2.3000000000000003,-67.2,0.71,0.16,0.63
13.36985182762146,5.5,-2.0,-67.10000000000001,0.6900000000000001,0.13,0.63
13.381424903869629,5.6000000000000005,-2.0,-67.3,0.6900000000000001,0.16,0.63
13.390850305557251,5.4,-2.2,-67.10000000000001,0.6900000000000001,0.16,0.64
13.401139974594116,5.5,-2.2,-67.4,0.72,0.14,0.62
13.410741090774536,5.4,-2.5,-67.3,0.74,0.15,0.63
13.420742750167847,5.4,-2.2,-67.5,0.72,0.15,0.64
13.431026935577393,5.300000000000001,-2.3000000000000003,-67.4,0.7000000000000001,0.13,0.63
13.441185474395752,5.300000000000001,-2.1,-67.2,0.6900000000000001,0.13,0.63
13.449759006500244,5.4,-2.2,-67.10000000000001,0.6900000000000001,0.16,0.64
13.46018648147583,5.7,-2.0,-67.5,0.7000000000000001,0.16,0.63
13.470447540283203,5.6000000000000005,-2.2,-67.10000000000001,0.6900000000000001,0.19,0.63
13.48069453239441,5.7,-2.5,-67.3,0.73,0.18,0.62
13.49071717262268,6.0,-2.5,-67.2,0.74,0.19,0.63
13.500852346420288,6.0,-2.3000000000000003,-67.2,0.71,0.21,0.63
13.510247230529785,5.800000000000001,-2.1,-67.2,0.68,0.19,0.63
13.519777297973633,5.9,-2.1,-67.10000000000001,0.7000000000000001,0.2,0.63
13.530297994613647,5.7,-2.2,-67.10000000000001,0.6900000000000001,0.2,0.63
13.539803743362427,6.0,-2.1,-67.10000000000001,0.6900000000000001,0.19,0.63
13.549978017807007,6.2,-2.2,-67.2,0.71,0.22,0.63
13.560431003570557,6.1000000000000005,-2.3000000000000003,-67.2,0.71,0.23,0.63
13.5708487033844,6.1000000000000005,-1.9000000000000001,-67.10000000000001,0.68,0.23,0.63
13.580724716186523,6.2,-1.7000000000000002,-67.2,0.66,0.22,0.63
13.590724468231201,6.300000000000001,-1.6,-67.3,0.65,0.22,0.62
13.600932121276855,5.9,-1.7000000000000002,-67.3,0.65,0.21,0.64
13.610636711120605,6.0,-1.7000000000000002,-67.2,0.67,0.19,0.62
13.620206832885742,6.1000000000000005,-2.2,-67.60000000000001,0.72,0.21,0.63
13.629791021347046,5.800000000000001,-2.2,-67.5,0.7000000000000001,0.19,0.64
13.639883279800415,5.9,-2.3000000000000003,-67.10000000000001,0.72,0.2,0.63
13.649751424789429,6.1000000000000005,-2.2,-67.2,0.71,0.2,0.64
13.660764217376709,5.7,-2.1,-67.0,0.7000000000000001,0.19,0.63
13.669949293136597,5.6000000000000005,-2.2,-67.10000000000001,0.6900000000000001,0.18,0.63
13.680823802947998,6.0,-2.5,-67.2,0.72,0.19,0.63
13.690800666809082,5.6000000000000005,-2.8000000000000003,-67.10000000000001,0.75,0.19,0.63
13.700903177261353,6.0,-2.3000000000000003,-66.9,0.73,0.18,0.63
13.710098505020142,5.6000000000000005,-2.3000000000000003,-67.2,0.7000000000000001,0.18,0.63
13.719779253005981,5.5,-2.0,-67.0,0.68,0.16,0.63
13.729993104934692,5.300000000000001,-2.2,-67.0,0.68,0.16,0.63
13.74025273323059,5.7,-2.0,-66.8,0.6900000000000001,0.15,0.63
13.750085353851318,5.6000000000000005,-2.2,-67.2,0.71,0.18,0.63
13.7606942653656,5.7,-2.2,-67.0,0.71,0.17,0.64
13.770634174346924,5.7,-2.2,-67.10000000000001,0.71,0.19,0.63
13.78066635131836,6.0,-1.8,-67.2,0.67,0.19,0.63
13.790860891342163,5.7,-1.8,-67.2,0.67,0.19,0.64
13.80066204071045,5.9,-1.9000000000000001,-67.0,0.68,0.18,0.63
13.810069799423218,5.800000000000001,-2.2,-66.9,0.7000000000000001,0.19,0.63
13.819830656051636,5.800000000000001,-2.0,-67.3,0.7000000000000001,0.17,0.64
13.829803466796875,5.9,-2.2,-66.9,0.71,0.2,0.63
13.840262651443481,6.2,-2.0,-66.9,0.7000000000000001,0.22,0.63
13.85023307800293,6.2,-1.8,-67.10000000000001,0.66,0.23,0.63
13.860015630722046,6.2,-1.8,-67.10000000000001,0.66,0.24,0.63
13.869743585586548,6.5,-2.0,-67.0,0.68,0.21,0.63
13.880189895629883,6.1000000000000005,-2.4000000000000004,-66.9,0.71,0.25,0.63
13.889981508255005,6.1000000000000005,-2.0,-66.9,0.6900000000000001,0.22,0.63
13.899845838546753,6.300000000000001,-1.9000000000000001,-66.8,0.68,0.23,0.63
13.909804582595825,6.300000000000001,-1.9000000000000001,-67.2,0.67,0.23,0.63
13.919891357421875,6.300000000000001,-2.0,-66.8,0.68,0.23,0.63
13.93062686920166,6.2,-2.2,-66.9,0.71,0.23,0.63
13.93982982635498,6.2,-2.3000000000000003,-67.0,0.72,0.22,0.63
13.950924634933472,6.4,-2.4000000000000004,-67.2,0.73,0.23,0.63
13.960503339767456,6.1000000000000005,-2.3000000000000003,-67.0,0.72,0.24,0.63
13.970263719558716,6.300000000000001,-1.9000000000000001,-67.2,0.6900000000000001,0.22,0.63
13.980772733688354,5.9,-1.8,-66.9,0.66,0.21,0.64
13.990399360656738,6.0,-1.8,-66.8,0.66,0.19,0.63
14.0007643699646,6.0,-1.9000000000000001,-67.0,0.68,0.2,0.63
14.010740280151367,5.800000000000001,-2.1,-67.0,0.6900000000000001,0.2,0.63
14.02070689201355,6.2,-1.9000000000000001,-66.8,0.6900000000000001,0.2,0.63
14.030923128128052,6.0,-2.0,-67.10000000000001,0.67,0.21,0.63
14.04022216796875,5.7,-1.9000000000000001,-66.7,0.67,0.16,0.63
14.050095558166504,5.800000000000001,-1.7000000000000002,-66.8,0.66,0.18,0.62
14.060006380081177,5.9,-1.9000000000000001,-66.9,0.67,0.18,0.64
14.070385932922363,5.6000000000000005,-2.1,-66.9,0.6900000000000001,0.18,0.62
14.079893589019775,5.9,-2.5,-66.8,0.74,0.19,0.63
14.090523719787598,6.1000000000000005,-2.3000000000000003,-67.0,0.73,0.2,0.63
14.100861549377441,5.9,-2.3000000000000003,-66.9,0.71,0.23,0.63
14.110717535018921,6.0,-1.9000000000000001,-66.7,0.68,0.19,0.63
14.120864391326904,6.300000000000001,-1.9000000000000001,-67.0,0.6900000000000001,0.22,0.63
14.130805969238281,6.2,-2.0,-67.0,0.68,0.2,0.64
14.139907360076904,6.0,-2.2,-66.9,0.7000000000000001,0.22,0.62
14.149710655212402,6.2,-2.3000000000000003,-67.0,0.72,0.2,0.64
14.16037631034851,6.1000000000000005,-2.0,-66.8,0.7000000000000001,0.23,0.63
14.170538902282715,6.300000000000001,-2.0,-66.8,0.67,0.24,0.63
14.179805278778076,6.4,-1.9000000000000001,-66.9,0.67,0.23,0.63
14.190139055252075,6.4,-1.7000000000000002,-67.2,0.67,0.23,0.63
14.20067286491394,6.2,-2.1,-67.10000000000001,0.68,0.25,0.63
14.210013628005981,6.4,-1.9000000000000001,-66.9,0.6900000000000001,0.24,0.63
14.220480680465698,6.6000000000000005,-1.9000000000000001,-66.9,0.6900000000000001,0.24,0.63
14.230645418167114,6.2,-1.7000000000000002,-66.9,0.66,0.25,0.63
14.240334510803223,6.4,-1.6,-66.8,0.65,0.23,0.63
14.24973440170288,6.4,-1.6,-66.8,0.65,0.23,0.63
14.260141134262085,6.2,-1.7000000000000002,-66.8,0.66,0.25,0.63
14.27012324333191,6.4,-1.9000000000000001,-66.7,0.68,0.24,0.63
14.280781507492065,6.5,-1.9000000000000001,-66.7,0.7000000000000001,0.24,0.63
14.2908935546875,6.4,-1.9000000000000001,-66.7,0.6900000000000001,0.24,0.63
14.3008291721344,6.4,-1.6,-67.0,0.65,0.23,0.63
14.310305118560791,6.300000000000001,-1.8,-66.9,0.66,0.23,0.64
14.319777727127075,6.2,-1.8,-66.9,0.68,0.21,0.63
14.33006238937378,6.0,-2.1,-66.7,0.7000000000000001,0.21,0.63
14.340929985046387,6.1000000000000005,-2.1,-66.60000000000001,0.72,0.2,0.63
14.349756479263306,6.0,-2.2,-67.10000000000001,0.7000000000000001,0.22,0.63
14.360153675079346,6.2,-2.2,-67.2,0.72,0.21,0.63
14.370537519454956,6.1000000000000005,-2.2,-66.8,0.68,0.24,0.63
14.37985372543335,6.1000000000000005,-2.0,-66.7,0.67,0.22,0.63
14.38983702659607,6.300000000000001,-2.1,-66.60000000000001,0.6900000000000001,0.21,0.63
14.399912595748901,6.0,-2.4000000000000004,-66.7,0.72,0.22,0.63
14.410505533218384,5.9,-2.1,-66.60000000000001,0.7000000000000001,0.2,0.63
14.420757055282593,6.1000000000000005,-2.0,-66.7,0.68,0.2,0.63
14.430701494216919,6.2,-1.6,-66.7,0.66,0.2,0.63
14.43987250328064,6.300000000000001,-1.5,-66.8,0.65,0.23,0.63
14.449890613555908,6.2,-1.7000000000000002,-66.8,0.66,0.24,0.63
14.460047960281372,6.300000000000001,-1.7000000000000002,-66.60000000000001,0.67,0.23,0.63
14.47105622291565,6.1000000000000005,-1.9000000000000001,-66.7,0.68,0.22,0.63
14.479872703552246,6.1000000000000005,-1.8,-67.0,0.65,0.23,0.63
14.489808082580566,6.5,-1.7000000000000002,-67.10000000000001,0.67,0.22,0.63
14.50016188621521,6.300000000000001,-1.6,-66.5,0.65,0.24,0.63
14.510315656661987,6.300000000000001,-1.7000000000000002,-66.7,0.65,0.25,0.63
14.519951581954956,6.6000000000000005,-2.1,-66.9,0.68,0.27,0.63
14.529821872711182,6.7,-1.9000000000000001,-66.60000000000001,0.7000000000000001,0.26,0.63
14.540108919143677,6.5,-2.0,-66.60000000000001,0.6900000000000001,0.26,0.63
14.54989504814148,6.5,-1.9000000000000001,-66.8,0.67,0.25,0.63
14.560017108917236,6.6000000000000005,-1.7000000000000002,-66.60000000000001,0.65,0.27,0.63
14.571191310882568,6.7,-1.7000000000000002,-66.60000000000001,0.65,0.27,0.63
14.579816102981567,6.7,-1.8,-66.60000000000001,0.67,0.28,0.63
14.589975833892822,6.800000000000001,-1.9000000000000001,-66.60000000000001,0.6900000000000001,0.27,0.63
14.600727081298828,6.4,-2.0,-66.60000000000001,0.68,0.26,0.63
14.61070990562439,6.5,-1.8,-66.60000000000001,0.68,0.24,0.63
14.620960712432861,6.6000000000000005,-1.6,-66.7,0.66,0.24,0.63
14.630725145339966,6.5,-1.8,-66.7,0.65,0.26,0.63
14.640241384506226,6.5,-1.6,-66.8,0.66,0.26,0.63
14.649861812591553,6.4,-1.9000000000000001,-66.8,0.68,0.24,0.64
14.66003704071045,6.1000000000000005,-1.9000000000000001,-66.60000000000001,0.68,0.22,0.63
14.670438528060913,6.2,-1.8,-66.5,0.6900000000000001,0.22,0.63
14.680166244506836,6.300000000000001,-1.7000000000000002,-66.60000000000001,0.67,0.23,0.63
14.689985513687134,6.300000000000001,-1.5,-66.5,0.65,0.24,0.63
14.699817895889282,6.300000000000001,-1.6,-66.5,0.66,0.23,0.64
14.71080493927002,6.300000000000001,-1.7000000000000002,-66.5,0.67,0.24,0.63
14.719923973083496,6.300000000000001,-1.9000000000000001,-66.7,0.68,0.24,0.63
14.729817390441895,6.2,-1.8,-66.9,0.6900000000000001,0.22,0.63
14.740823030471802,6.2,-1.9000000000000001,-66.60000000000001,0.67,0.24,0.63
14.750793933868408,6.300000000000001,-1.7000000000000002,-66.5,0.66,0.24,0.63
14.759939670562744,6.6000000000000005,-1.8,-66.60000000000001,0.67,0.23,0.63
14.770285844802856,6.4,-2.2,-66.7,0.71,0.25,0.62
14.780275821685791,6.4,-2.2,-66.4,0.71,0.26,0.63
14.789847373962402,6.6000000000000005,-2.0,-66.5,0.7000000000000001,0.26,0.63
14.799814224243164,6.4,-1.8,-66.4,0.67,0.25,0.63
14.810745239257812,6.5,-1.8,-66.5,0.66,0.25,0.63
14.819865942001343,6.6000000000000005,-1.7000000000000002,-66.4,0.67,0.26,0.63
14.82987666130066,6.6000000000000005,-1.4000000000000001,-66.60000000000001,0.65,0.25,0.63
14.839810848236084,6.5,-1.5,-66.5,0.64,0.26,0.63
14.85060739517212,6.7,-1.5,-66.5,0.65,0.27,0.63
14.859901189804077,6.7,-1.5,-66.4,0.66,0.25,0.63
14.870010375976562,6.6000000000000005,-1.4000000000000001,-66.8,0.66,0.25,0.63
14.881123542785645,6.6000000000000005,-1.3,-66.60000000000001,0.63,0.27,0.63
14.889896154403687,6.5,-1.4000000000000001,-66.5,0.62,0.26,0.63
14.89985179901123,6.7,-1.4000000000000001,-66.7,0.65,0.26,0.63
14.910579919815063,6.6000000000000005,-1.9000000000000001,-66.7,0.67,0.28,0.63
14.919852018356323,6.5,-1.8,-66.5,0.6900000000000001,0.26,0.63
14.929893732070923,6.7,-1.8,-66.4,0.67,0.26,0.63
14.939822435379028,6.6000000000000005,-1.6,-66.4,0.65,0.28,0.63
14.95023775100708,6.7,-1.5,-66.4,0.64,0.26,0.63
14.959990739822388,6.6000000000000005,-1.4000000000000001,-66.4,0.63,0.26,0.63
14.970083475112915,6.800000000000001,-1.5,-66.5,0.65,0.24,0.63
14.980677843093872,6.5,-1.9000000000000001,-66.4,0.68,0.27,0.63
14.990072965621948,6.800000000000001,-2.0,-66.4,0.7000000000000001,0.27,0.63
15.00077772140503,6.800000000000001,-1.7000000000000002,-66.5,0.67,0.26,0.63
15.010812997817993,6.5,-1.7000000000000002,-66.3,0.66,0.27,0.63
15.02073073387146,6.7,-1.6,-66.7,0.67,0.24,0.63
15.030654668807983,6.6000000000000005,-2.0,-66.5,0.68,0.26,0.63
15.040443181991577,6.5,-1.9000000000000001,-66.3,0.68,0.25,0.63
15.049851417541504,6.6000000000000005,-2.2,-66.5,0.7000000000000001,0.26,0.63
15.059799909591675,6.6000000000000005,-1.8,-66.60000000000001,0.6900000000000001,0.25,0.63
15.070127487182617,6.4,-1.6,-66.3,0.66,0.26,0.63
15.080368757247925,6.4,-1.5,-66.5,0.64,0.24,0.63
15.089871883392334,6.5,-1.5,-66.4,0.63,0.25,0.63
15.099828481674194,6.6000000000000005,-1.5,-66.5,0.65,0.25,0.64
15.110530138015747,6.4,-1.7000000000000002,-66.3,0.66,0.26,0.63
15.120879888534546,6.6000000000000005,-1.7000000000000002,-66.4,0.67,0.26,0.63
15.13050889968872,6.6000000000000005,-1.3,-66.4,0.64,0.26,0.62
15.139774084091187,6.800000000000001,-1.4000000000000001,-66.5,0.63,0.26,0.64
15.150829315185547,6.5,-1.5,-66.5,0.63,0.27,0.63
15.160769701004028,6.6000000000000005,-1.4000000000000001,-66.3,0.65,0.25,0.63
15.17020034790039,6.9,-1.6,-66.5,0.67,0.27,0.63
15.180444717407227,6.9,-1.9000000000000001,-66.60000000000001,0.6900000000000001,0.29,0.63
15.19003939628601,7.0,-1.8,-66.5,0.6900000000000001,0.3,0.63
15.19982123374939,6.800000000000001,-1.5,-66.4,0.66,0.29,0.63
15.209962844848633,7.0,-1.4000000000000001,-66.2,0.64,0.29,0.63
15.220714330673218,7.0,-1.5,-66.10000000000001,0.65,0.29,0.63
15.22984528541565,6.9,-1.7000000000000002,-66.4,0.66,0.29,0.63
15.23979902267456,6.800000000000001,-1.6,-66.60000000000001,0.67,0.27,0.63
15.250125169754028,6.800000000000001,-1.5,-66.4,0.66,0.29,0.63
15.259878396987915,6.800000000000001,-1.3,-66.2,0.62,0.28,0.63
15.269924402236938,7.0,-1.3,-66.4,0.63,0.29,0.63
15.280798435211182,6.800000000000001,-1.4000000000000001,-66.2,0.63,0.29,0.63
15.290748357772827,6.7,-1.3,-66.3,0.64,0.27,0.63
15.300785779953003,6.800000000000001,-1.3,-66.3,0.64,0.27,0.63
15.310701131820679,6.7,-1.6,-66.3,0.66,0.26,0.64
15.320651531219482,6.6000000000000005,-1.4000000000000001,-66.4,0.66,0.26,0.63
15.330455780029297,6.7,-1.4000000000000001,-66.4,0.64,0.27,0.63
15.340280771255493,6.800000000000001,-1.3,-66.3,0.63,0.28,0.63
15.350754737854004,6.800000000000001,-1.5,-66.3,0.65,0.27,0.63
15.359991550445557,6.6000000000000005,-1.7000000000000002,-66.3,0.67,0.27,0.63
15.369821071624756,6.6000000000000005,-1.6,-66.2,0.67,0.25,0.63
15.3798348903656,6.6000000000000005,-1.8,-66.10000000000001,0.67,0.27,0.63
15.390195369720459,6.9,-1.7000000000000002,-66.10000000000001,0.68,0.27,0.63
15.399828672409058,6.800000000000001,-1.6,-66.2,0.67,0.28,0.63
15.410059928894043,6.7,-1.5,-66.0,0.66,0.28,0.63
15.420223474502563,6.6000000000000005,-1.4000000000000001,-66.2,0.63,0.26,0.63
15.429808855056763,6.7,-1.5,-66.3,0.62,0.26,0.63
15.439825057983398,6.7,-1.7000000000000002,-66.2,0.67,0.27,0.63
15.450784921646118,6.800000000000001,-1.8,-66.3,0.67,0.28,0.63
15.460078954696655,6.800000000000001,-1.5,-66.3,0.65,0.28,0.63
15.469964027404785,6.9,-1.2000000000000002,-66.2,0.64,0.28,0.63
15.48021125793457,6.800000000000001,-1.4000000000000001,-66.3,0.62,0.29,0.63
15.49091362953186,6.9,-1.2000000000000002,-66.0,0.62,0.29,0.63
15.49985647201538,6.9,-1.2000000000000002,-66.10000000000001,0.63,0.29,0.63
15.510063648223877,7.2,-1.3,-66.2,0.65,0.29,0.63
15.5199556350708,6.800000000000001,-1.5,-66.10000000000001,0.65,0.3,0.63
15.529911994934082,7.0,-1.4000000000000001,-66.2,0.66,0.29,0.63
15.539704084396362,7.2,-1.3,-65.9,0.63,0.31,0.63
15.551506519317627,7.300000000000001,-1.4000000000000001,-66.2,0.64,0.33,0.63
15.560617208480835,7.0,-1.6,-66.3,0.64,0.3,0.63
15.569949388504028,7.300000000000001,-1.4000000000000001,-66.10000000000001,0.65,0.31,0.64
15.579963445663452,7.0,-1.4000000000000001,-66.7,0.65,0.3,0.63
15.590152502059937,6.7,-1.5,-66.0,0.65,0.3,0.63
15.600136518478394,6.9,-1.3,-66.10000000000001,0.63,0.28,0.63
15.609899044036865,7.2,-1.3,-66.3,0.61,0.32,0.63
15.620602369308472,7.0,-1.3,-66.4,0.62,0.3,0.63
15.631135702133179,6.6000000000000005,-1.2000000000000002,-66.10000000000001,0.62,0.27,0.63
15.639938354492188,7.0,-1.0,-66.10000000000001,0.6,0.29,0.63
15.650221824645996,7.0,-1.4000000000000001,-66.2,0.65,0.3,0.63
15.660090208053589,6.5,-1.3,-66.0,0.63,0.27,0.64
15.66987419128418,6.7,-1.4000000000000001,-66.0,0.64,0.26,0.63
15.679893732070923,7.0,-1.4000000000000001,-66.10000000000001,0.64,0.28,0.63
15.690250396728516,6.800000000000001,-1.4000000000000001,-65.9,0.64,0.29,0.63
15.700311660766602,6.800000000000001,-1.4000000000000001,-66.0,0.65,0.27,0.63
15.710836410522461,6.9,-1.3,-66.0,0.63,0.29,0.63
15.720696449279785,7.2,-1.7000000000000002,-66.2,0.65,0.29,0.63
15.730223417282104,6.9,-1.7000000000000002,-66.3,0.67,0.3,0.63
15.740750312805176,6.9,-1.4000000000000001,-66.10000000000001,0.67,0.28,0.63
15.749943017959595,6.800000000000001,-1.6,-66.10000000000001,0.64,0.3,0.63
15.759933948516846,7.0,-1.5,-66.10000000000001,0.65,0.28,0.63
15.769984483718872,6.9,-1.4000000000000001,-65.9,0.64,0.29,0.63
15.779926300048828,7.0,-1.3,-65.9,0.65,0.29,0.63
15.790611505508423,7.0,-1.6,-66.2,0.64,0.3,0.63
15.800220012664795,7.1000000000000005,-1.5,-66.10000000000001,0.65,0.31,0.63
15.809821367263794,7.2,-1.2000000000000002,-66.0,0.63,0.3,0.63
15.819757461547852,6.9,-1.1,-66.10000000000001,0.6,0.31,0.63
15.829973936080933,6.9,-0.9,-66.0,0.6,0.28,0.63
15.84005069732666,7.0,-1.1,-66.10000000000001,0.61,0.29,0.63
15.849880456924438,7.1000000000000005,-1.2000000000000002,-66.0,0.63,0.3,0.63
15.860418796539307,7.0,-1.2000000000000002,-66.0,0.63,0.3,0.63
15.870267152786255,7.0,-1.1,-66.0,0.63,0.3,0.63
15.880240678787231,7.2,-1.0,-66.0,0.62,0.3,0.63
15.890196800231934,7.2,-0.9,-66.2,0.6,0.32,0.63
15.899851560592651,7.1000000000000005,-1.1,-66.0,0.61,0.33,0.63
15.910640001296997,7.2,-1.1,-65.8,0.63,0.29,0.63
15.919968843460083,7.1000000000000005,-1.4000000000000001,-65.9,0.65,0.3,0.63
15.930030107498169,7.1000000000000005,-1.5,-66.2,0.67,0.3,0.63
15.9400315284729,7.2,-1.7000000000000002,-66.10000000000001,0.66,0.32,0.63
15.950579404830933,7.4,-1.4000000000000001,-65.9,0.66,0.32,0.63
15.959733724594116,7.1000000000000005,-1.2000000000000002,-66.10000000000001,0.61,0.32,0.63
15.970059394836426,7.300000000000001,-1.2000000000000002,-65.9,0.63,0.31,0.63
15.979844808578491,7.0,-1.3,-66.0,0.62,0.3,0.62
15.990215063095093,6.9,-1.2000000000000002,-65.8,0.63,0.29,0.63
15.999834299087524,7.0,-1.1,-65.9,0.62,0.28,0.63
16.01014471054077,6.9,-1.1,-66.0,0.61,0.3,0.63
16.019975662231445,7.0,-1.2000000000000002,-65.9,0.62,0.28,0.63
16.0297749042511,7.0,-1.1,-65.9,0.61,0.29,0.63
16.040030241012573,6.9,-1.0,-65.8,0.61,0.3,0.63
16.050236225128174,7.0,-1.3,-65.8,0.62,0.29,0.63
16.06025719642639,6.9,-1.2000000000000002,-65.8,0.64,0.3,0.63
16.070145845413208,6.9,-1.2000000000000002,-65.7,0.64,0.28,0.63
16.08078098297119,7.1000000000000005,-1.4000000000000001,-66.0,0.64,0.28,0.63
16.091013193130493,7.2,-1.7000000000000002,-66.0,0.66,0.32,0.62
16.100621223449707,7.2,-1.0,-65.7,0.62,0.32,0.63
16.11061668395996,7.4,-1.2000000000000002,-65.8,0.61,0.33,0.63
16.11983895301819,7.1000000000000005,-0.9,-65.60000000000001,0.6,0.3,0.63
16.129871606826782,6.9,-0.8,-65.9,0.6,0.28,0.63
16.139735460281372,7.1000000000000005,-1.3,-65.8,0.62,0.31,0.63
16.1503427028656,7.2,-1.3,-65.9,0.63,0.32,0.63
16.16029977798462,7.2,-1.4000000000000001,-65.8,0.64,0.31,0.63
16.169920206069946,7.5,-1.1,-66.0,0.63,0.32,0.63
16.17984962463379,7.2,-1.0,-66.0,0.6,0.33,0.63
16.190815687179565,7.0,-0.8,-65.8,0.59,0.3,0.63
16.2000789642334,7.0,-1.1,-65.8,0.6,0.31,0.63
16.21007466316223,7.5,-1.1,-65.9,0.64,0.31,0.63
16.22036051750183,7.1000000000000005,-1.3,-65.9,0.64,0.32,0.62
16.23017954826355,7.2,-1.0,-65.60000000000001,0.63,0.31,0.64
16.239706993103027,7.2,-0.8,-65.8,0.59,0.32,0.63
16.25057363510132,7.4,-0.8,-65.60000000000001,0.59,0.33,0.63
16.260018825531006,7.4,-0.9,-65.7,0.6,0.34,0.63
16.270132541656494,7.5,-1.2000000000000002,-65.9,0.63,0.32,0.63
16.27984046936035,7.300000000000001,-1.4000000000000001,-65.8,0.66,0.35000000000000003,0.62
16.29007840156555,7.5,-1.4000000000000001,-65.7,0.67,0.33,0.63
16.300697088241577,7.2,-1.4000000000000001,-65.9,0.63,0.31,0.63
16.30983328819275,7.2,-1.2000000000000002,-65.7,0.61,0.31,0.63
16.319727420806885,7.4,-1.1,-65.8,0.62,0.31,0.63
16.33065700531006,7.1000000000000005,-1.1,-65.9,0.61,0.33,0.62
16.339718103408813,7.1000000000000005,-1.0,-65.60000000000001,0.61,0.3,0.63
16.349919080734253,7.1000000000000005,-0.9,-65.7,0.61,0.3,0.63
16.36065697669983,6.800000000000001,-0.8,-65.7,0.59,0.29,0.63
16.370054960250854,7.0,-0.8,-65.7,0.59,0.29,0.63
16.379862546920776,7.1000000000000005,-0.8,-65.7,0.6,0.29,0.63
16.389899015426636,7.0,-0.9,-65.8,0.59,0.31,0.63
16.40033769607544,7.1000000000000005,-0.9,-65.7,0.61,0.31,0.63
16.409897089004517,7.2,-1.0,-65.8,0.62,0.31,0.63
16.41981053352356,7.300000000000001,-1.0,-65.7,0.62,0.3,0.63
16.430609464645386,7.1000000000000005,-1.1,-65.7,0.61,0.32,0.63
16.440338134765625,7.300000000000001,-1.0,-65.60000000000001,0.62,0.32,0.63
16.449872970581055,7.4,-1.2000000000000002,-65.9,0.65,0.32,0.63
16.46011471748352,7.4,-1.2000000000000002,-65.7,0.64,0.34,0.63
16.47045373916626,7.300000000000001,-1.2000000000000002,-65.60000000000001,0.62,0.32,0.63
16.479971170425415,7.300000000000001,-1.1,-65.8,0.61,0.32,0.63
16.489949703216553,7.4,-1.2000000000000002,-65.7,0.62,0.32,0.63
16.500953197479248,7.300000000000001,-1.1,-65.7,0.61,0.34,0.63
16.510456562042236,7.6000000000000005,-1.2000000000000002,-65.7,0.62,0.35000000000000003,0.63
16.519954204559326,7.6000000000000005,-1.2000000000000002,-65.7,0.63,0.34,0.63
16.530805587768555,7.4,-1.0,-65.7,0.61,0.34,0.63
16.54092836380005,7.2,-0.9,-65.8,0.6,0.33,0.63
16.54976797103882,7.6000000000000005,-0.7000000000000001,-65.5,0.6,0.31,0.63
16.56014847755432,7.300000000000001,-0.6000000000000001,-65.60000000000001,0.5700000000000001,0.33,0.63
16.57167625427246,7.0,-0.7000000000000001,-65.7,0.58,0.32,0.63
16.580188274383545,7.1000000000000005,-0.8,-65.9,0.58,0.3,0.63
16.58991003036499,7.4,-0.7000000000000001,-65.8,0.6,0.32,0.63
16.600038290023804,7.1000000000000005,-0.8,-65.60000000000001,0.58,0.34,0.63
16.610062837600708,7.2,-0.7000000000000001,-65.5,0.6,0.3,0.63
16.61972141265869,7.2,-0.8,-65.7,0.6,0.31,0.63
16.63065481185913,7.2,-0.8,-65.60000000000001,0.6,0.33,0.63
16.640029668807983,7.1000000000000005,-0.9,-65.8,0.6,0.31,0.63
16.649807691574097,7.4,-0.9,-65.9,0.62,0.31,0.63
16.660353660583496,7.2,-0.9,-65.7,0.61,0.34,0.63
16.670649528503418,7.2,-1.1,-65.60000000000001,0.61,0.3,0.63
16.67987036705017,7.2,-1.4000000000000001,-65.7,0.64,0.33,0.62
16.689892530441284,7.7,-1.2000000000000002,-65.5,0.64,0.33,0.63
16.699892282485962,7.4,-1.5,-65.7,0.64,0.35000000000000003,0.63
16.70992350578308,7.4,-1.0,-65.5,0.62,0.34,0.63
16.71990180015564,7.4,-0.8,-65.60000000000001,0.6,0.32,0.63
16.729808568954468,7.300000000000001,-0.8,-65.60000000000001,0.58,0.32,0.63
16.740687370300293,7.1000000000000005,-0.9,-65.5,0.6,0.31,0.63
16.749890089035034,7.300000000000001,-0.8,-65.5,0.61,0.32,0.63
16.759957313537598,7.5,-0.8,-65.8,0.61,0.32,0.63
16.77063536643982,7.1000000000000005,-0.9,-65.60000000000001,0.6,0.33,0.63
16.780867099761963,7.5,-0.7000000000000001,-65.5,0.6,0.33,0.63
16.78987169265747,7.5,-0.5,-65.7,0.56,0.31,0.63
16.800195693969727,7.2,-0.5,-65.8,0.5700000000000001,0.31,0.63
16.80997633934021,7.300000000000001,-0.6000000000000001,-65.5,0.5700000000000001,0.33,0.63
16.819807767868042,7.6000000000000005,-0.7000000000000001,-65.60000000000001,0.6,0.33,0.63
16.829798936843872,7.300000000000001,-0.9,-65.4,0.61,0.34,0.62
16.83994746208191,7.5,-0.8,-65.3,0.62,0.32,0.63
16.849985599517822,7.5,-0.9,-65.7,0.59,0.33,0.63
16.85990858078003,7.6000000000000005,-1.0,-65.5,0.6,0.34,0.63
16.871612548828125,7.6000000000000005,-0.9,-65.60000000000001,0.61,0.35000000000000003,0.63
16.880253314971924,7.4,-0.9,-65.60000000000001,0.6,0.34,0.63
16.88982844352722,7.6000000000000005,-0.7000000000000001,-65.4,0.61,0.34,0.63
16.900771379470825,7.300000000000001,-0.9,-65.5,0.59,0.34,0.63
16.91011095046997,7.300000000000001,-0.8,-65.5,0.6,0.32,0.63
16.91984748840332,7.5,-0.9,-65.5,0.61,0.32,0.63
16.929842233657837,7.300000000000001,-1.2000000000000002,-65.5,0.63,0.34,0.63
16.940346002578735,7.5,-0.9,-65.3,0.62,0.34,0.63
16.949832439422607,7.4,-0.6000000000000001,-65.5,0.58,0.34,0.63
16.96000385284424,7.4,-0.5,-65.4,0.5700000000000001,0.32,0.63
16.970738410949707,7.300000000000001,-0.6000000000000001,-65.5,0.5700000000000001,0.34,0.63
16.98066759109497,7.300000000000001,-0.9,-65.60000000000001,0.59,0.32,0.63
16.989977836608887,7.6000000000000005,-0.9,-65.5,0.61,0.32,0.63
16.999805688858032,7.300000000000001,-0.8,-65.8,0.61,0.34,0.63
17.010847568511963,7.4,-0.9,-65.5,0.61,0.33,0.63
17.019757747650146,7.6000000000000005,-1.0,-65.5,0.6,0.34,0.63
17.029776573181152,7.7,-0.8,-65.3,0.6,0.35000000000000003,0.63
17.04083561897278,7.300000000000001,-0.8,-65.60000000000001,0.58,0.33,0.63
17.04982042312622,7.4,-0.8,-65.4,0.59,0.33,0.63
17.06005096435547,7.7,-0.7000000000000001,-65.4,0.6,0.33,0.63
17.0706627368927,7.4,-0.7000000000000001,-65.5,0.5700000000000001,0.35000000000000003,0.63
17.07984948158264,7.2,-0.5,-65.3,0.5700000000000001,0.32,0.63
17.0898859500885,7.300000000000001,-0.30000000000000004,-65.4,0.5700000000000001,0.29,0.63
17.09992027282715,7.300000000000001,-0.6000000000000001,-65.5,0.5700000000000001,0.33,0.63
17.110564947128296,7.4,-0.8,-65.5,0.6,0.33,0.63
17.11987853050232,7.6000000000000005,-0.7000000000000001,-65.4,0.6,0.33,0.63
17.129815816879272,7.7,-0.8,-65.5,0.61,0.35000000000000003,0.63
17.139878511428833,7.4,-0.7000000000000001,-65.4,0.59,0.35000000000000003,0.63
17.149884939193726,7.4,-0.6000000000000001,-65.3,0.59,0.32,0.64
17.15993905067444,7.4,-0.7000000000000001,-65.4,0.59,0.32,0.63
17.170235872268677,7.5,-0.8,-65.4,0.59,0.34,0.63
17.180328130722046,7.5,-0.9,-65.4,0.59,0.34,0.63
17.189929246902466,7.9,-0.8,-65.4,0.61,0.36,0.63
17.19985818862915,7.6000000000000005,-0.8,-65.5,0.58,0.37,0.62
17.210471630096436,7.4,-0.7000000000000001,-65.3,0.5700000000000001,0.33,0.63
17.21997904777527,7.6000000000000005,-0.7000000000000001,-65.4,0.58,0.33,0.63
17.230019569396973,7.800000000000001,-0.8,-65.4,0.59,0.35000000000000003,0.63
17.240540742874146,7.300000000000001,-0.8,-65.5,0.6,0.34,0.62
17.251115560531616,7.4,-0.6000000000000001,-65.3,0.59,0.33,0.63
17.259822368621826,7.300000000000001,-0.5,-65.3,0.5700000000000001,0.32,0.63
17.27009129524231,7.5,-0.30000000000000004,-65.2,0.5700000000000001,0.33,0.63
17.280938148498535,7.4,-0.7000000000000001,-65.5,0.5700000000000001,0.34,0.63
17.289839506149292,7.5,-0.5,-65.3,0.59,0.33,0.63
17.299906015396118,7.4,-0.7000000000000001,-65.5,0.6,0.33,0.63
17.31060290336609,7.300000000000001,-0.5,-65.2,0.5700000000000001,0.33,0.63
17.32001781463623,7.2,-0.5,-65.3,0.55,0.31,0.63
17.329832077026367,7.4,-0.4,-65.3,0.5700000000000001,0.31,0.63
17.339725732803345,7.4,-0.5,-65.4,0.5700000000000001,0.35000000000000003,0.63
17.350496768951416,7.7,-0.6000000000000001,-65.4,0.6,0.35000000000000003,0.63
17.359965801239014,7.6000000000000005,-0.7000000000000001,-65.2,0.59,0.34,0.63
17.370025396347046,7.800000000000001,-0.7000000000000001,-65.3,0.58,0.35000000000000003,0.63
17.381032943725586,7.6000000000000005,-1.1,-65.5,0.6,0.36,0.62
17.38992738723755,7.6000000000000005,-0.9,-65.3,0.62,0.34,0.63
17.400681257247925,7.7,-0.6000000000000001,-65.3,0.59,0.36,0.63
17.410741806030273,7.5,-0.7000000000000001,-65.3,0.5700000000000001,0.35000000000000003,0.63
17.420210599899292,7.6000000000000005,-0.6000000000000001,-65.2,0.58,0.33,0.63
17.429835319519043,7.5,-0.7000000000000001,-65.5,0.58,0.34,0.63
17.439966678619385,7.5,-0.30000000000000004,-65.10000000000001,0.56,0.35000000000000003,0.63
17.450230598449707,7.5,-0.5,-65.10000000000001,0.5700000000000001,0.33,0.63
17.459781169891357,7.5,-0.30000000000000004,-65.0,0.56,0.33,0.63
17.469768285751343,7.4,-0.4,-65.2,0.56,0.34,0.63
17.480568170547485,7.6000000000000005,-0.4,-65.10000000000001,0.5700000000000001,0.34,0.63
17.489945650100708,7.6000000000000005,-0.5,-65.2,0.58,0.35000000000000003,0.63
17.499909162521362,7.7,-0.5,-65.2,0.59,0.34,0.63
17.510298252105713,7.4,-0.5,-65.3,0.5700000000000001,0.34,0.63
17.519877195358276,7.4,-0.4,-65.10000000000001,0.5700000000000001,0.32,0.63
17.529865741729736,7.7,-0.6000000000000001,-65.10000000000001,0.59,0.34,0.63
17.539735317230225,7.800000000000001,-0.8,-65.2,0.6,0.37,0.63
17.550991535186768,7.7,-0.5,-65.10000000000001,0.59,0.34,0.63
17.560163736343384,7.6000000000000005,-0.6000000000000001,-65.3,0.5700000000000001,0.34,0.62
17.56977915763855,7.7,-0.6000000000000001,-65.10000000000001,0.59,0.34,0.63
17.579991817474365,7.6000000000000005,-0.7000000000000001,-65.2,0.58,0.36,0.63
17.590919494628906,7.7,-0.6000000000000001,-65.10000000000001,0.59,0.36,0.63
17.599968671798706,7.5,-0.6000000000000001,-65.2,0.58,0.34,0.62
17.610429763793945,7.6000000000000005,-0.5,-65.10000000000001,0.59,0.33,0.63
17.619903087615967,7.4,-0.6000000000000001,-65.3,0.5700000000000001,0.35000000000000003,0.63
17.629971265792847,7.5,-0.5,-65.2,0.59,0.33,0.63
17.63982343673706,7.4,-0.5,-65.2,0.5700000000000001,0.34,0.63
17.650269508361816,7.6000000000000005,-0.4,-65.3,0.5700000000000001,0.35000000000000003,0.63
17.66066861152649,7.4,-0.5,-65.10000000000001,0.58,0.33,0.63
17.669952630996704,7.5,-0.30000000000000004,-65.10000000000001,0.5700000000000001,0.32,0.64
17.679948806762695,7.4,-0.2,-65.3,0.55,0.32,0.63
17.68993878364563,7.300000000000001,-0.5,-65.10000000000001,0.5700000000000001,0.33,0.63
17.700556755065918,7.7,-0.4,-65.10000000000001,0.58,0.34,0.63
17.710224628448486,7.800000000000001,-0.8,-65.3,0.58,0.37,0.63
17.7198703289032,7.800000000000001,-0.4,-65.0,0.5700000000000001,0.34,0.63
17.729893445968628,7.6000000000000005,-0.6000000000000001,-65.2,0.56,0.36,0.63
17.73986554145813,7.7,-0.6000000000000001,-65.10000000000001,0.5700000000000001,0.36,0.63
17.750078439712524,7.800000000000001,-0.7000000000000001,-65.10000000000001,0.59,0.35000000000000003,0.63
17.7599036693573,7.7,-0.6000000000000001,-65.10000000000001,0.58,0.36,0.63
17.77002453804016,7.6000000000000005,-0.5,-65.10000000000001,0.58,0.36,0.63
17.78024387359619,7.6000000000000005,-0.30000000000000004,-65.10000000000001,0.56,0.34,0.63
17.789931774139404,7.6000000000000005,-0.30000000000000004,-65.2,0.55,0.36,0.63
17.80082893371582,7.6000000000000005,-0.30000000000000004,-65.2,0.55,0.35000000000000003,0.63
17.810118913650513,7.5,-0.2,-65.2,0.55,0.33,0.63
17.819780588150024,7.7,-0.30000000000000004,-65.10000000000001,0.5700000000000001,0.34,0.63
17.829835891723633,7.6000000000000005,-0.4,-65.10000000000001,0.5700000000000001,0.35000000000000003,0.63
17.840014696121216,7.6000000000000005,-0.30000000000000004,-65.10000000000001,0.56,0.35000000000000003,0.63
17.849851608276367,7.7,-0.30000000000000004,-65.10000000000001,0.56,0.34,0.63
17.860278606414795,7.6000000000000005,-0.30000000000000004,-65.2,0.56,0.34,0.63
17.870444536209106,7.6000000000000005,-0.4,-65.2,0.5700000000000001,0.34,0.63
17.881142377853394,7.7,-0.4,-65.10000000000001,0.5700000000000001,0.35000000000000003,0.62
17.89088201522827,7.7,-0.30000000000000004,-64.9,0.56,0.35000000000000003,0.63
17.900996208190918,7.6000000000000005,-0.4,-65.0,0.56,0.35000000000000003,0.63
17.910264253616333,7.7,-0.4,-65.0,0.56,0.34,0.63
17.919811964035034,7.9,-0.7000000000000001,-65.0,0.59,0.37,0.63
17.92989444732666,7.800000000000001,-0.8,-65.0,0.61,0.35000000000000003,0.63
17.940244913101196,7.7,-0.9,-65.2,0.6,0.36,0.63
17.950145483016968,7.9,-0.8,-65.0,0.61,0.37,0.62
17.959903240203857,7.800000000000001,-0.6000000000000001,-65.0,0.58,0.36,0.63
17.970436811447144,7.6000000000000005,-0.4,-65.0,0.55,0.34,0.63
17.981171131134033,7.6000000000000005,-0.4,-65.10000000000001,0.56,0.34,0.63
17.990787029266357,7.6000000000000005,-0.4,-65.10000000000001,0.5700000000000001,0.35000000000000003,0.63
18.00060272216797,7.6000000000000005,-0.2,-65.2,0.5700000000000001,0.35000000000000003,0.62
18.00996470451355,7.5,-0.1,-65.2,0.54,0.33,0.63
18.01980423927307,7.300000000000001,-0.0,-65.10000000000001,0.54,0.32,0.63
18.029869079589844,7.1000000000000005,-0.0,-65.0,0.52,0.31,0.63
18.040680170059204,7.300000000000001,0.1,-64.8,0.51,0.31,0.63
18.05035710334778,7.5,-0.0,-65.10000000000001,0.51,0.32,0.63
18.059746503829956,7.7,-0.2,-65.10000000000001,0.54,0.34,0.63
18.070151805877686,7.7,-0.30000000000000004,-65.10000000000001,0.5700000000000001,0.37,0.63
18.081080675125122,7.800000000000001,-0.6000000000000001,-65.0,0.58,0.35000000000000003,0.63
18.09023904800415,7.6000000000000005,-0.5,-65.0,0.56,0.34,0.62
18.09981656074524,7.7,-0.5,-64.9,0.5700000000000001,0.35000000000000003,0.63
18.110710382461548,7.9,-0.8,-64.9,0.59,0.37,0.63
18.12087392807007,8.0,-0.9,-65.0,0.6,0.39,0.62
18.12981677055359,8.1,-0.6000000000000001,-64.8,0.6,0.39,0.63
18.139772415161133,8.1,-0.5,-64.9,0.58,0.39,0.63
18.150584936141968,7.800000000000001,-0.5,-64.9,0.5700000000000001,0.38,0.63
18.15975522994995,7.7,-0.30000000000000004,-64.9,0.56,0.35000000000000003,0.63
18.1699697971344,7.9,-0.4,-64.9,0.5700000000000001,0.35000000000000003,0.63
18.18000364303589,7.7,-0.4,-64.9,0.56,0.38,0.62
18.189941883087158,7.800000000000001,-0.4,-64.9,0.5700000000000001,0.37,0.63
18.199771404266357,7.6000000000000005,-0.0,-65.0,0.55,0.33,0.63
18.20982003211975,7.300000000000001,0.1,-65.0,0.52,0.32,0.63
18.22073245048523,7.300000000000001,-0.0,-65.0,0.52,0.32,0.63
18.229857206344604,7.5,-0.1,-65.0,0.53,0.33,0.63
18.23977494239807,7.5,-0.1,-65.3,0.54,0.34,0.63
18.250197887420654,7.4,-0.1,-65.0,0.55,0.34,0.63
18.260831832885742,7.4,-0.2,-64.8,0.55,0.33,0.63
18.269811868667603,7.6000000000000005,-0.30000000000000004,-65.0,0.54,0.35000000000000003,0.62
18.280031442642212,7.7,-0.4,-64.8,0.5700000000000001,0.34,0.63
18.290060997009277,7.7,-0.5,-64.9,0.5700000000000001,0.36,0.63
18.300484895706177,7.7,-0.5,-64.8,0.58,0.37,0.63
18.30999231338501,7.7,-0.4,-64.9,0.5700000000000001,0.34,0.63
18.320025205612183,7.800000000000001,-0.5,-64.9,0.5700000000000001,0.35000000000000003,0.63
18.330713510513306,7.800000000000001,-0.5,-64.9,0.5700000000000001,0.36,0.63
18.339690923690796,7.800000000000001,-0.4,-64.9,0.5700000000000001,0.36,0.63
18.350111961364746,7.800000000000001,-0.2,-64.8,0.56,0.34,0.63
18.359863758087158,7.6000000000000005,-0.30000000000000004,-65.0,0.55,0.37,0.62
18.370195388793945,7.9,-0.30000000000000004,-64.8,0.5700000000000001,0.36,0.63
18.37990665435791,7.800000000000001,-0.2,-65.0,0.56,0.35000000000000003,0.63
18.39079713821411,7.6000000000000005,-0.2,-65.0,0.55,0.34,0.63
18.40099549293518,7.7,-0.2,-64.9,0.54,0.35000000000000003,0.62
18.410735845565796,7.9,-0.2,-64.9,0.54,0.36,0.63
18.421070337295532,7.9,-0.2,-64.8,0.55,0.36,0.62
18.43109965324402,7.800000000000001,-0.2,-64.7,0.55,0.36,0.63
18.439815998077393,7.9,-0.2,-64.8,0.55,0.36,0.63
18.449846982955933,7.800000000000001,-0.30000000000000004,-64.7,0.55,0.35000000000000003,0.62
18.460062742233276,7.800000000000001,-0.30000000000000004,-64.8,0.56,0.36,0.63
18.469908714294434,7.800000000000001,-0.2,-64.8,0.55,0.36,0.62
18.48033833503723,7.6000000000000005,-0.2,-64.9,0.54,0.35000000000000003,0.63
18.490314245224,7.7,-0.2,-64.8,0.55,0.34,0.63
18.50036859512329,7.7,-0.2,-64.8,0.55,0.35000000000000003,0.63
18.510006189346313,7.7,-0.1,-64.8,0.55,0.35000000000000003,0.63
18.51976227760315,7.6000000000000005,-0.0,-64.9,0.54,0.35000000000000003,0.63
18.53012251853943,7.6000000000000005,-0.0,-64.8,0.52,0.34,0.63
18.539806127548218,7.7,-0.2,-64.9,0.54,0.34,0.63
18.55010747909546,7.800000000000001,-0.4,-64.9,0.58,0.35000000000000003,0.63
18.561027765274048,7.7,-0.30000000000000004,-64.8,0.5700000000000001,0.35000000000000003,0.63
18.570636987686157,7.6000000000000005,-0.2,-64.9,0.54,0.34,0.63
18.579842805862427,7.6000000000000005,-0.2,-64.8,0.55,0.34,0.62
18.589900970458984,7.6000000000000005,-0.0,-65.0,0.54,0.34,0.63
18.600043058395386,7.800000000000001,-0.1,-64.8,0.54,0.36,0.63
18.610086917877197,7.9,-0.4,-64.7,0.56,0.36,0.63
18.619701862335205,7.800000000000001,-0.4,-64.8,0.5700000000000001,0.36,0.63
18.62996745109558,7.6000000000000005,-0.4,-64.9,0.5700000000000001,0.34,0.62
18.639808177947998,7.6000000000000005,-0.30000000000000004,-64.8,0.55,0.34,0.62
18.649981021881104,7.800000000000001,-0.2,-64.8,0.54,0.36,0.63
18.661175966262817,7.9,-0.30000000000000004,-64.9,0.56,0.37,0.63
18.670289516448975,7.9,-0.30000000000000004,-64.9,0.5700000000000001,0.37,0.63
18.680802822113037,7.7,-0.0,-64.8,0.55,0.35000000000000003,0.63
18.690804958343506,7.6000000000000005,-0.0,-64.8,0.52,0.34,0.63
18.70082664489746,7.7,-0.0,-64.8,0.53,0.33,0.63
18.710432291030884,7.7,-0.0,-64.9,0.52,0.34,0.63
18.719786643981934,7.7,-0.0,-64.8,0.54,0.35000000000000003,0.63
18.730602741241455,7.7,-0.0,-64.8,0.53,0.36,0.63
18.73987627029419,7.7,-0.0,-64.8,0.53,0.34,0.63
18.750088214874268,7.7,-0.0,-64.9,0.55,0.35000000000000003,0.63
18.760432958602905,7.6000000000000005,-0.0,-64.8,0.53,0.35000000000000003,0.63
18.769929885864258,7.800000000000001,-0.30000000000000004,-64.9,0.55,0.36,0.62
18.78086233139038,7.800000000000001,-0.30000000000000004,-64.8,0.55,0.35000000000000003,0.62
18.790648937225342,7.6000000000000005,-0.2,-64.7,0.55,0.35000000000000003,0.63
18.800809383392334,7.800000000000001,-0.2,-64.8,0.55,0.35000000000000003,0.63
18.81070375442505,7.9,-0.2,-64.60000000000001,0.55,0.36,0.62
18.819956064224243,7.800000000000001,-0.1,-64.7,0.54,0.35000000000000003,0.63
18.830156087875366,7.800000000000001,-0.2,-64.8,0.55,0.35000000000000003,0.63
18.83989977836609,7.6000000000000005,-0.4,-64.8,0.56,0.36,0.62
18.850076913833618,7.800000000000001,-0.4,-64.8,0.5700000000000001,0.35000000000000003,0.63
18.86001992225647,7.6000000000000005,-0.1,-64.8,0.55,0.34,0.62
18.87074851989746,7.6000000000000005,-0.1,-64.7,0.53,0.34,0.63
18.879786252975464,7.6000000000000005,-0.0,-64.7,0.53,0.34,0.63
18.890114068984985,7.7,-0.0,-64.8,0.54,0.35000000000000003,0.63
18.900676488876343,7.7,-0.1,-64.8,0.54,0.35000000000000003,0.63
18.910231828689575,7.6000000000000005,-0.0,-64.8,0.53,0.33,0.63
18.920111417770386,7.6000000000000005,-0.0,-64.9,0.55,0.34,0.63
18.930364847183228,7.5,-0.0,-64.7,0.53,0.34,0.63
18.939998388290405,7.6000000000000005,-0.0,-64.60000000000001,0.52,0.33,0.63
18.950108766555786,7.7,-0.0,-64.7,0.53,0.35000000000000003,0.63
18.96068239212036,7.800000000000001,-0.1,-64.8,0.54,0.37,0.62
18.97035574913025,7.800000000000001,-0.2,-64.7,0.55,0.37,0.62
18.979920625686646,7.9,-0.1,-64.60000000000001,0.55,0.36,0.63
18.99061679840088,7.800000000000001,-0.1,-64.7,0.53,0.36,0.63
19.00070095062256,7.7,-0.2,-64.7,0.55,0.34,0.63
19.01081347465515,7.9,-0.2,-64.7,0.55,0.35000000000000003,0.63
19.019923448562622,7.9,-0.1,-64.8,0.53,0.36,0.62
19.030858516693115,7.800000000000001,-0.0,-64.60000000000001,0.54,0.36,0.63
19.04084539413452,7.9,-0.2,-64.7,0.55,0.37,0.63
19.04976725578308,7.800000000000001,-0.0,-64.60000000000001,0.55,0.35000000000000003,0.63
19.060102224349976,7.5,-0.0,-64.7,0.52,0.33,0.63
19.070667266845703,7.7,-0.1,-64.60000000000001,0.53,0.35000000000000003,0.63
19.080551147460938,7.9,-0.30000000000000004,-64.8,0.55,0.36,0.63
19.08974266052246,7.800000000000001,-0.2,-64.7,0.54,0.35000000000000003,0.63
19.10075831413269,7.6000000000000005,-0.0,-64.60000000000001,0.54,0.36,0.63
19.110817432403564,7.5,-0.0,-64.7,0.51,0.33,0.63
19.119806051254272,7.7,-0.1,-64.7,0.53,0.33,0.63
19.129786252975464,7.7,-0.2,-64.8,0.55,0.35000000000000003,0.63
19.140258073806763,7.6000000000000005,-0.1,-64.7,0.54,0.35000000000000003,0.62
19.149779319763184,7.800000000000001,-0.2,-64.7,0.55,0.36,0.63
19.160076141357422,7.800000000000001,-0.1,-64.60000000000001,0.53,0.36,0.62
19.170037984848022,7.7,-0.2,-64.60000000000001,0.54,0.35000000000000003,0.63
19.17987060546875,7.7,-0.4,-64.60000000000001,0.56,0.34,0.63
19.189944744110107,7.800000000000001,-0.2,-64.5,0.56,0.35000000000000003,0.63
19.199949026107788,7.9,-0.2,-64.8,0.55,0.37,0.63
19.210797786712646,7.800000000000001,-0.0,-64.60000000000001,0.54,0.36,0.63
19.21977996826172,7.6000000000000005,-0.0,-64.60000000000001,0.51,0.35000000000000003,0.63
19.23001718521118,7.7,-0.0,-64.60000000000001,0.52,0.33,0.63
19.2408230304718,7.7,-0.0,-64.60000000000001,0.53,0.35000000000000003,0.62
19.249813556671143,7.7,-0.0,-64.7,0.52,0.34,0.63
19.25973868370056,7.6000000000000005,0.2,-64.7,0.52,0.34,0.63
19.27054762840271,7.7,0.1,-64.8,0.51,0.35000000000000003,0.63
19.28026032447815,7.9,-0.0,-64.60000000000001,0.52,0.36,0.62
19.290082216262817,7.800000000000001,-0.0,-64.60000000000001,0.52,0.36,0.62
19.300054788589478,7.7,-0.0,-64.5,0.53,0.35000000000000003,0.62
19.31089448928833,7.800000000000001,-0.1,-64.7,0.54,0.35000000000000003,0.63
19.31973171234131,7.9,-0.2,-64.7,0.55,0.36,0.63
19.329723119735718,7.9,-0.1,-64.60000000000001,0.54,0.36,0.63
19.340991497039795,7.9,-0.1,-64.7,0.54,0.38,0.62
19.35031819343567,7.800000000000001,-0.1,-64.5,0.54,0.37,0.62
19.35981249809265,7.800000000000001,-0.0,-64.60000000000001,0.54,0.35000000000000003,0.63
19.370343685150146,7.800000000000001,-0.0,-64.60000000000001,0.53,0.35000000000000003,0.63
19.380906343460083,7.7,-0.0,-64.60000000000001,0.52,0.35000000000000003,0.63
19.389903783798218,7.6000000000000005,-0.0,-64.5,0.53,0.34,0.62
19.400010108947754,7.7,-0.0,-64.60000000000001,0.54,0.34,0.63
19.410089254379272,7.6000000000000005,-0.0,-64.60000000000001,0.54,0.35000000000000003,0.63
19.41981792449951,7.6000000000000005,-0.0,-64.5,0.54,0.34,0.63
19.429770708084106,7.6000000000000005,-0.0,-64.5,0.54,0.33,0.63
19.439876317977905,7.6000000000000005,-0.0,-64.5,0.53,0.34,0.63
19.44985580444336,7.6000000000000005,-0.0,-64.60000000000001,0.53,0.34,0.63
19.4599347114563,7.7,-0.0,-64.5,0.54,0.34,0.63
19.47035789489746,7.6000000000000005,-0.0,-64.5,0.54,0.34,0.63
19.4805850982666,7.7,-0.2,-64.60000000000001,0.54,0.35000000000000003,0.63
19.49029850959778,7.6000000000000005,-0.1,-64.60000000000001,0.54,0.35000000000000003,0.62
19.500150442123413,7.6000000000000005,0.1,-64.5,0.52,0.33,0.63
19.510091543197632,7.5,-0.0,-64.60000000000001,0.51,0.33,0.62
19.520716428756714,7.6000000000000005,-0.0,-64.5,0.52,0.33,0.63
19.529829263687134,7.800000000000001,-0.0,-64.60000000000001,0.53,0.35000000000000003,0.63
19.539841175079346,7.800000000000001,-0.0,-64.5,0.54,0.36,0.63
19.549931049346924,7.6000000000000005,-0.0,-64.60000000000001,0.53,0.35000000000000003,0.63
19.559772968292236,7.6000000000000005,-0.0,-64.60000000000001,0.54,0.34,0.63
19.571536779403687,7.6000000000000005,-0.0,-64.5,0.54,0.34,0.63
19.580233097076416,7.7,-0.1,-64.5,0.53,0.34,0.63
19.58991050720215,7.9,-0.0,-64.5,0.55,0.36,0.63
19.599859476089478,7.9,-0.0,-64.60000000000001,0.54,0.37,0.62
19.610227346420288,7.800000000000001,0.1,-64.4,0.53,0.35000000000000003,0.63
19.6204092502594,7.6000000000000005,0.2,-64.4,0.51,0.35000000000000003,0.62
19.62978482246399,7.6000000000000005,0.1,-64.5,0.51,0.34,0.63
19.64118766784668,7.7,-0.0,-64.5,0.53,0.34,0.63
19.650493144989014,7.800000000000001,-0.0,-64.5,0.53,0.35000000000000003,0.63
19.659780979156494,7.800000000000001,-0.0,-64.5,0.53,0.35000000000000003,0.63
19.66986584663391,7.6000000000000005,-0.0,-64.5,0.53,0.35000000000000003,0.63
19.680097341537476,7.6000000000000005,-0.0,-64.5,0.51,0.34,0.63
19.68980646133423,7.6000000000000005,-0.0,-64.5,0.52,0.34,0.63
19.699952602386475,7.6000000000000005,-0.1,-64.4,0.54,0.34,0.63
19.70982027053833,7.7,-0.1,-64.5,0.54,0.36,0.63
19.71967053413391,7.7,-0.1,-64.5,0.55,0.35000000000000003,0.63
19.73000192642212,7.5,-0.1,-64.4,0.54,0.34,0.63
19.740123987197876,7.6000000000000005,-0.0,-64.4,0.52,0.33,0.63
19.749891996383667,7.6000000000000005,-0.0,-64.5,0.53,0.34,0.63
19.760102033615112,7.6000000000000005,-0.0,-64.4,0.54,0.34,0.63
19.770856618881226,7.6000000000000005,-0.0,-64.4,0.53,0.34,0.63
19.779780864715576,7.5,-0.0,-64.5,0.52,0.33,0.62
19.79017996788025,7.5,0.2,-64.4,0.52,0.33,0.63
19.8002712726593,7.5,0.1,-64.4,0.52,0.33,0.63
19.809988260269165,7.6000000000000005,-0.0,-64.5,0.53,0.33,0.63
19.81973671913147,7.6000000000000005,-0.0,-64.5,0.54,0.34,0.63
19.82996916770935,7.7,-0.0,-64.5,0.53,0.35000000000000003,0.63
19.839745044708252,7.6000000000000005,-0.0,-64.4,0.53,0.33,0.63
19.849815368652344,7.6000000000000005,-0.0,-64.4,0.52,0.34,0.63
19.860209703445435,7.6000000000000005,-0.0,-64.5,0.52,0.35000000000000003,0.63
19.870386362075806,7.7,-0.0,-64.4,0.53,0.35000000000000003,0.63
19.879959106445312,7.800000000000001,-0.1,-64.3,0.55,0.35000000000000003,0.63
19.89004898071289,7.9,-0.2,-64.4,0.55,0.37,0.63
19.9008731842041,7.9,-0.30000000000000004,-64.5,0.56,0.38,0.62
19.910854816436768,7.9,-0.1,-64.3,0.55,0.36,0.63
19.920655727386475,7.800000000000001,-0.1,-64.3,0.54,0.35000000000000003,0.63
19.93076181411743,7.7,-0.1,-64.3,0.54,0.36,0.62
19.9399471282959,7.7,-0.1,-64.3,0.54,0.34,0.63
19.949982166290283,7.6000000000000005,-0.0,-64.3,0.54,0.34,0.63
19.960129022598267,7.5,-0.0,-64.3,0.53,0.34,0.63
19.971054315567017,7.5,0.1,-64.2,0.52,0.33,0.63
19.98049831390381,7.5,0.1,-64.4,0.51,0.32,0.63
19.990283250808716,7.4,0.2,-64.5,0.5,0.32,0.63
20.000428915023804,7.4,0.1,-64.5,0.51,0.32,0.63
20.010122060775757,7.4,-0.0,-64.5,0.52,0.33,0.63
20.02022099494934,7.4,-0.0,-64.4,0.53,0.32,0.63
20.02999711036682,7.300000000000001,-0.0,-64.4,0.53,0.32,0.63
20.040321826934814,7.2,0.1,-64.3,0.51,0.31,0.63
20.049914121627808,7.4,0.1,-64.4,0.51,0.31,0.63
20.059948444366455,7.5,0.1,-64.4,0.51,0.33,0.63
20.071134090423584,7.5,-0.0,-64.3,0.52,0.34,0.63
20.079920530319214,7.6000000000000005,-0.1,-64.3,0.54,0.35000000000000003,0.62
20.090065240859985,7.6000000000000005,-0.1,-64.4,0.55,0.34,0.63
20.100733995437622,7.5,-0.2,-64.3,0.55,0.33,0.63
20.11031675338745,7.5,-0.1,-64.3,0.55,0.33,0.63
20.11988067626953,7.6000000000000005,-0.1,-64.3,0.55,0.34,0.63
20.13006615638733,7.7,-0.2,-64.4,0.56,0.36,0.63
20.1400306224823,7.7,-0.0,-64.2,0.54,0.35000000000000003,0.63
20.150349617004395,7.6000000000000005,0.1,-64.5,0.51,0.34,0.63
20.16019344329834,7.5,-0.0,-64.5,0.52,0.33,0.63
20.170149564743042,7.5,-0.0,-64.3,0.54,0.33,0.63
20.180760622024536,7.4,-0.0,-64.4,0.53,0.33,0.63
20.190322637557983,7.4,-0.0,-64.4,0.53,0.32,0.63
20.19985342025757,7.5,-0.0,-64.3,0.52,0.32,0.63
20.210161209106445,7.4,0.2,-64.3,0.51,0.33,0.63
20.220693349838257,7.4,0.1,-64.4,0.51,0.33,0.63
20.230016231536865,7.4,0.2,-64.4,0.51,0.32,0.63
20.240683794021606,7.5,-0.0,-64.3,0.53,0.33,0.63
20.25029444694519,7.300000000000001,-0.0,-64.4,0.53,0.33,0.63
20.259727239608765,7.300000000000001,0.1,-64.3,0.53,0.31,0.63
20.270151376724243,7.300000000000001,0.1,-64.3,0.51,0.31,0.63
20.280963897705078,7.4,0.1,-64.2,0.53,0.32,0.62
20.289925575256348,7.5,-0.0,-64.4,0.53,0.33,0.63
20.299920797348022,7.5,-0.0,-64.10000000000001,0.54,0.33,0.63
20.30985689163208,7.4,-0.0,-64.2,0.52,0.32,0.63
20.320350885391235,7.4,-0.0,-64.10000000000001,0.53,0.32,0.62
20.330899715423584,7.300000000000001,-0.0,-64.2,0.54,0.31,0.62
20.33980393409729,7.2,-0.2,-64.4,0.54,0.32,0.63
20.350204944610596,7.5,-0.1,-64.3,0.5700000000000001,0.32,0.62
20.36020803451538,7.2,-0.0,-64.3,0.53,0.31,0.63
20.369908094406128,7.300000000000001,0.1,-64.4,0.51,0.31,0.63
20.380003690719604,7.5,-0.1,-64.4,0.53,0.33,0.63
20.390282154083252,7.4,-0.0,-64.10000000000001,0.54,0.33,0.63
20.400017976760864,7.300000000000001,-0.1,-64.2,0.55,0.33,0.63
20.409772396087646,7.300000000000001,-0.0,-64.3,0.54,0.31,0.63
20.420737743377686,7.2,-0.0,-64.2,0.54,0.3,0.63
20.42981767654419,7.300000000000001,-0.0,-64.3,0.54,0.31,0.62
20.43976879119873,7.4,-0.0,-64.3,0.55,0.32,0.63
20.45008659362793,7.4,-0.0,-64.2,0.54,0.32,0.62
20.459953546524048,7.300000000000001,0.1,-64.2,0.52,0.3,0.63
20.469846963882446,7.300000000000001,-0.0,-64.2,0.53,0.31,0.63
20.48112988471985,7.300000000000001,-0.0,-64.10000000000001,0.53,0.31,0.62
20.48987340927124,7.1000000000000005,-0.0,-64.3,0.52,0.3,0.63
20.499931573867798,7.4,0.1,-64.2,0.53,0.31,0.63
20.51077675819397,7.4,-0.0,-64.2,0.54,0.32,0.62
20.520766019821167,7.300000000000001,-0.0,-64.2,0.53,0.32,0.63
20.529978036880493,7.2,0.1,-64.3,0.51,0.3,0.63
20.539708375930786,7.4,-0.0,-64.10000000000001,0.53,0.32,0.62
20.550193309783936,7.5,-0.1,-64.10000000000001,0.55,0.32,0.62
20.560750484466553,7.5,-0.30000000000000004,-64.3,0.56,0.33,0.63
20.569810390472412,7.5,-0.2,-64.2,0.56,0.32,0.63
20.579923152923584,7.300000000000001,-0.30000000000000004,-64.2,0.56,0.32,0.63
20.59008765220642,7.2,-0.2,-64.10000000000001,0.55,0.31,0.63
20.600011110305786,7.2,-0.2,-64.2,0.56,0.31,0.63
20.609975337982178,7.2,-0.0,-64.2,0.54,0.3,0.63
20.61976909637451,7.1000000000000005,-0.0,-64.2,0.53,0.29,0.63
20.630845546722412,7.0,0.1,-64.10000000000001,0.53,0.28,0.63
20.63971185684204,7.0,0.2,-64.2,0.51,0.28,0.63
20.650720357894897,7.0,0.2,-64.2,0.51,0.28,0.63
20.659984827041626,7.0,0.1,-64.4,0.51,0.29,0.63
20.669814825057983,7.2,0.1,-64.10000000000001,0.53,0.3,0.62
20.68013334274292,7.2,0.1,-64.10000000000001,0.52,0.3,0.63
20.690303802490234,7.1000000000000005,0.1,-64.2,0.52,0.29,0.63
20.699929237365723,7.0,-0.0,-64.3,0.52,0.29,0.63
20.710177421569824,7.300000000000001,-0.1,-64.10000000000001,0.55,0.3,0.63
20.72026228904724,7.2,-0.1,-64.2,0.55,0.31,0.63
20.72982382774353,7.2,-0.2,-64.2,0.55,0.31,0.63
20.739933729171753,7.300000000000001,-0.30000000000000004,-64.10000000000001,0.56,0.32,0.63
20.750046730041504,7.2,-0.2,-64.0,0.55,0.31,0.63
20.76086950302124,7.2,-0.1,-64.10000000000001,0.54,0.3,0.63
20.770620822906494,7.2,-0.2,-64.10000000000001,0.55,0.3,0.63
20.779842853546143,7.4,-0.30000000000000004,-64.0,0.5700000000000001,0.31,0.63
20.790897846221924,7.300000000000001,-0.1,-64.0,0.56,0.31,0.62
20.800129413604736,7.2,-0.0,-64.0,0.54,0.3,0.63
20.809860944747925,7.1000000000000005,-0.0,-64.10000000000001,0.53,0.29,0.62
20.81977605819702,7.1000000000000005,-0.0,-64.2,0.53,0.3,0.63
20.83026123046875,7.1000000000000005,-0.0,-64.0,0.54,0.29,0.62
20.839778900146484,7.0,-0.0,-64.10000000000001,0.53,0.29,0.63
20.85017991065979,6.9,0.2,-64.0,0.52,0.26,0.62
20.86106777191162,6.9,0.1,-64.0,0.52,0.27,0.62
20.869881868362427,7.0,-0.0,-64.3,0.53,0.29,0.64
20.87982940673828,7.1000000000000005,-0.0,-64.2,0.54,0.3,0.62
20.89008116722107,7.0,0.1,-63.900000000000006,0.53,0.29,0.63
20.900158405303955,6.800000000000001,0.1,-64.2,0.51,0.26,0.63
20.90991735458374,6.9,-0.0,-64.10000000000001,0.52,0.27,0.63
20.920698642730713,6.9,-0.2,-64.10000000000001,0.55,0.29,0.63
20.930603742599487,6.800000000000001,-0.0,-64.10000000000001,0.55,0.27,0.63
20.93989610671997,6.9,-0.0,-64.0,0.54,0.27,0.63
20.94980502128601,7.0,-0.1,-63.900000000000006,0.56,0.28,0.62
20.960227489471436,7.1000000000000005,-0.30000000000000004,-64.10000000000001,0.56,0.3,0.62
20.97077488899231,7.1000000000000005,-0.1,-63.900000000000006,0.55,0.29,0.62
20.97985816001892,7.0,-0.1,-63.900000000000006,0.55,0.28,0.63
20.990349769592285,6.9,-0.0,-64.10000000000001,0.54,0.26,0.62
21.000812530517578,7.1000000000000005,-0.2,-64.10000000000001,0.56,0.29,0.61
21.010728120803833,7.1000000000000005,-0.2,-64.10000000000001,0.55,0.29,0.64
21.020655155181885,6.9,-0.0,-64.10000000000001,0.54,0.28,0.63
21.031063318252563,6.800000000000001,-0.0,-64.2,0.52,0.27,0.64
21.040628910064697,6.9,-0.0,-64.2,0.52,0.28,0.63
21.049713373184204,7.0,-0.0,-64.10000000000001,0.52,0.3,0.63
21.060287952423096,7.1000000000000005,-0.0,-63.900000000000006,0.54,0.28,0.62
21.070791244506836,6.7,0.1,-64.10000000000001,0.52,0.26,0.63
21.08031463623047,6.9,-0.0,-64.10000000000001,0.52,0.27,0.63
21.090344429016113,6.9,-0.0,-64.10000000000001,0.55,0.28,0.63
21.100948095321655,6.800000000000001,0.1,-64.0,0.52,0.26,0.64
21.110308170318604,6.9,0.2,-63.900000000000006,0.51,0.28,0.63
21.119654893875122,7.0,-0.0,-64.10000000000001,0.53,0.28,0.63
21.12994074821472,6.800000000000001,0.1,-64.0,0.52,0.27,0.63
21.140373468399048,6.9,0.1,-63.800000000000004,0.53,0.28,0.62
21.14972734451294,7.0,-0.1,-64.0,0.55,0.27,0.63
21.160385131835938,6.9,-0.2,-64.0,0.56,0.27,0.62
21.17021679878235,7.1000000000000005,-0.4,-63.900000000000006,0.58,0.3,0.62
21.180323362350464,7.1000000000000005,-0.4,-63.900000000000006,0.58,0.29,0.62
21.189987421035767,7.1000000000000005,-0.4,-63.800000000000004,0.58,0.28,0.62
21.200080394744873,6.9,-0.4,-63.900000000000006,0.5700000000000001,0.27,0.63
21.20997381210327,6.800000000000001,-0.30000000000000004,-64.10000000000001,0.56,0.27,0.63
21.220141887664795,6.7,-0.2,-64.10000000000001,0.55,0.27,0.63
21.229918003082275,6.6000000000000005,-0.0,-63.900000000000006,0.53,0.25,0.63
21.24054718017578,6.7,0.1,-63.800000000000004,0.53,0.25,0.62
21.249823808670044,6.7,0.1,-63.900000000000006,0.52,0.25,0.63
21.259960174560547,6.7,-0.0,-64.10000000000001,0.52,0.27,0.63
21.27094006538391,6.7,0.1,-64.0,0.52,0.27,0.63
21.27998661994934,6.5,0.2,-63.900000000000006,0.51,0.25,0.63
21.29021978378296,6.6000000000000005,0.1,-63.800000000000004,0.52,0.24,0.63
21.30082654953003,6.7,-0.0,-64.0,0.54,0.25,0.61
21.31079626083374,6.800000000000001,-0.0,-64.10000000000001,0.54,0.26,0.63
21.319982767105103,6.7,-0.0,-63.800000000000004,0.55,0.24,0.63
21.330153465270996,6.7,-0.0,-63.900000000000006,0.54,0.27,0.62
21.340267419815063,6.6000000000000005,-0.0,-63.800000000000004,0.54,0.24,0.62
21.3502414226532,6.9,-0.0,-63.800000000000004,0.53,0.27,0.62
21.3598313331604,7.0,-0.2,-63.900000000000006,0.5700000000000001,0.27,0.62
21.370065689086914,6.9,-0.30000000000000004,-63.900000000000006,0.5700000000000001,0.28,0.62
21.38068437576294,6.9,-0.1,-63.7,0.56,0.28,0.62
21.3899929523468,6.5,-0.1,-64.0,0.53,0.25,0.63
21.400882244110107,6.9,-0.2,-63.800000000000004,0.56,0.26,0.62
21.41067910194397,6.6000000000000005,-0.0,-64.10000000000001,0.52,0.26,0.63
21.42001247406006,6.800000000000001,-0.1,-63.900000000000006,0.55,0.26,0.63
21.43019437789917,6.7,-0.0,-64.0,0.53,0.25,0.63
21.439929008483887,6.6000000000000005,-0.0,-63.900000000000006,0.53,0.26,0.63
21.450082778930664,6.6000000000000005,-0.0,-64.0,0.52,0.25,0.62
21.459887504577637,6.6000000000000005,-0.1,-64.10000000000001,0.54,0.25,0.62
21.47005295753479,6.6000000000000005,-0.1,-63.800000000000004,0.55,0.24,0.63
21.480771780014038,6.5,-0.0,-63.7,0.55,0.25,0.63
21.490712642669678,6.5,-0.0,-63.800000000000004,0.54,0.22,0.63
21.500683784484863,6.7,-0.2,-63.900000000000006,0.55,0.25,0.62
21.51033926010132,6.6000000000000005,-0.0,-63.800000000000004,0.54,0.25,0.62
21.519810438156128,6.4,0.1,-63.7,0.53,0.24,0.62
21.530240535736084,6.300000000000001,0.1,-63.6,0.52,0.21,0.62
21.5400390625,6.5,-0.0,-63.800000000000004,0.52,0.25,0.62
21.550611972808838,6.6000000000000005,-0.1,-63.5,0.55,0.23,0.63
21.559690713882446,6.5,-0.2,-63.900000000000006,0.55,0.24,0.63
21.57055354118347,6.6000000000000005,-0.0,-63.6,0.55,0.24,0.62
21.580458879470825,6.300000000000001,-0.0,-64.0,0.52,0.22,0.64
21.590009927749634,6.4,-0.2,-63.900000000000006,0.54,0.23,0.63
21.60034728050232,6.7,-0.1,-63.800000000000004,0.54,0.26,0.63
21.610425233840942,6.300000000000001,-0.1,-63.800000000000004,0.54,0.23,0.63
21.619818210601807,6.4,-0.1,-63.7,0.54,0.23,0.63
21.630043029785156,6.6000000000000005,-0.2,-63.800000000000004,0.56,0.25,0.63
21.639732837677002,6.7,-0.5,-63.800000000000004,0.5700000000000001,0.25,0.63
21.650336027145386,6.5,-0.2,-63.6,0.56,0.24,0.62
21.659830570220947,6.5,-0.0,-63.7,0.52,0.25,0.63
21.670001745224,6.5,-0.0,-63.7,0.53,0.24,0.62
21.680207014083862,6.6000000000000005,-0.0,-63.6,0.54,0.25,0.63
21.690237998962402,6.7,-0.1,-63.6,0.55,0.26,0.62
21.699950695037842,6.5,0.1,-63.6,0.53,0.24,0.62
21.71007776260376,6.4,-0.0,-63.6,0.54,0.21,0.62
21.720742225646973,6.6000000000000005,-0.0,-63.7,0.53,0.25,0.62
21.730846881866455,6.4,-0.0,-63.900000000000006,0.53,0.24,0.64
21.739712238311768,6.4,-0.0,-63.800000000000004,0.54,0.23,0.64
21.750821590423584,6.5,-0.0,-63.6,0.54,0.24,0.62
21.759923458099365,6.300000000000001,-0.2,-63.900000000000006,0.54,0.23,0.63
21.770445108413696,6.5,-0.30000000000000004,-63.6,0.5700000000000001,0.22,0.62
21.780392169952393,6.300000000000001,-0.2,-63.7,0.53,0.23,0.63
21.790668964385986,6.300000000000001,-0.1,-63.6,0.54,0.21,0.63
21.800238847732544,6.2,-0.0,-63.7,0.54,0.22,0.63
21.809954404830933,6.2,0.1,-63.7,0.52,0.22,0.62
21.82032036781311,6.2,-0.0,-63.6,0.53,0.23,0.62
21.830906867980957,6.300000000000001,-0.0,-63.6,0.53,0.2,0.63
21.839799165725708,6.300000000000001,-0.0,-63.5,0.54,0.22,0.62
21.849842071533203,6.1000000000000005,-0.0,-63.7,0.54,0.21,0.62
21.860934019088745,6.2,-0.0,-63.7,0.54,0.21,0.63
21.869844436645508,6.2,0.1,-63.400000000000006,0.52,0.21,0.62
21.879852533340454,6.2,-0.0,-63.400000000000006,0.54,0.21,0.62
21.890131950378418,6.4,-0.1,-63.5,0.56,0.21,0.62
21.900022745132446,6.300000000000001,-0.30000000000000004,-63.300000000000004,0.5700000000000001,0.22,0.62
21.909823656082153,6.300000000000001,-0.2,-63.300000000000004,0.5700000000000001,0.21,0.62
21.919651985168457,6.4,-0.2,-63.5,0.56,0.22,0.62
21.930529832839966,6.4,-0.30000000000000004,-63.400000000000006,0.56,0.22,0.62
21.93990921974182,6.4,-0.0,-63.6,0.54,0.23,0.63
21.949731588363647,6.6000000000000005,0.1,-63.5,0.54,0.23,0.61
21.960659503936768,6.2,0.1,-63.400000000000006,0.52,0.21,0.61
21.971330881118774,6.4,-0.0,-63.5,0.52,0.23,0.63
21.979873657226562,6.300000000000001,-0.0,-63.7,0.53,0.23,0.63
21.989853143692017,6.300000000000001,-0.0,-63.5,0.54,0.21,0.63
22.000807523727417,6.1000000000000005,0.1,-63.5,0.53,0.22,0.62
22.01071047782898,6.2,-0.0,-63.7,0.52,0.21,0.62
22.020610570907593,6.4,-0.0,-63.5,0.54,0.21,0.62
22.03075647354126,6.2,-0.0,-63.5,0.54,0.22,0.63
22.040021181106567,6.2,0.2,-63.7,0.52,0.21,0.62
22.049874544143677,6.4,0.1,-63.400000000000006,0.53,0.22,0.63
22.06008744239807,6.4,-0.0,-63.1,0.54,0.22,0.62
22.071453332901,6.2,-0.0,-63.400000000000006,0.55,0.21,0.62
22.08042812347412,6.1000000000000005,-0.2,-63.6,0.55,0.21,0.64
22.090327501296997,5.9,-0.1,-63.5,0.56,0.19,0.63
22.100845336914062,6.1000000000000005,-0.0,-63.5,0.55,0.19,0.61
22.110753536224365,6.2,-0.0,-63.7,0.51,0.21,0.64
22.12063503265381,5.9,-0.0,-63.6,0.52,0.19,0.63
22.13058352470398,6.0,-0.0,-63.6,0.53,0.2,0.63
22.140335083007812,6.0,-0.1,-63.7,0.55,0.2,0.63
22.149867296218872,6.1000000000000005,-0.0,-63.400000000000006,0.54,0.19,0.62
22.159817457199097,5.9,-0.2,-63.7,0.53,0.19,0.62
22.170748472213745,5.800000000000001,-0.0,-63.5,0.54,0.18,0.62
22.17991018295288,5.800000000000001,-0.0,-63.5,0.53,0.17,0.62
22.189890384674072,6.0,-0.1,-63.400000000000006,0.55,0.18,0.62
22.19982671737671,5.9,-0.0,-63.400000000000006,0.55,0.2,0.62
22.21011996269226,6.1000000000000005,-0.0,-63.400000000000006,0.53,0.19,0.62
22.22075366973877,6.300000000000001,-0.0,-63.2,0.53,0.22,0.61
22.229907035827637,6.1000000000000005,-0.0,-63.400000000000006,0.52,0.21,0.62
22.240230560302734,6.2,-0.0,-63.2,0.54,0.21,0.62
22.250062942504883,6.0,-0.0,-63.300000000000004,0.54,0.19,0.61
22.259872913360596,5.9,-0.0,-63.400000000000006,0.53,0.17,0.61
22.270666122436523,6.0,0.1,-63.2,0.53,0.19,0.62
22.280638933181763,6.1000000000000005,-0.1,-63.6,0.54,0.21,0.64
22.289864778518677,6.300000000000001,-0.30000000000000004,-63.5,0.56,0.21,0.63
22.300371646881104,6.2,-0.1,-63.300000000000004,0.56,0.22,0.61
22.31026005744934,6.0,-0.1,-63.5,0.54,0.21,0.62
22.31985878944397,6.0,-0.0,-63.5,0.54,0.18,0.63
22.32974648475647,5.9,-0.0,-63.5,0.54,0.18,0.63
22.339795112609863,6.1000000000000005,-0.1,-63.300000000000004,0.55,0.19,0.63
22.349737405776978,6.0,0.1,-63.400000000000006,0.53,0.19,0.63
22.359681606292725,5.9,0.2,-63.5,0.51,0.2,0.63
22.370137929916382,6.1000000000000005,0.2,-63.300000000000004,0.5,0.21,0.62
22.38135051727295,6.1000000000000005,0.1,-63.300000000000004,0.52,0.2,0.62
22.39070701599121,6.0,0.1,-63.400000000000006,0.53,0.18,0.64
22.400732278823853,5.9,0.30000000000000004,-63.400000000000006,0.52,0.17,0.63
22.410958290100098,5.9,-0.1,-63.5,0.53,0.17,0.64
22.420417070388794,5.800000000000001,-0.0,-63.400000000000006,0.52,0.18,0.63
22.429924964904785,6.0,-0.1,-63.400000000000006,0.56,0.18,0.63
22.439960479736328,5.9,-0.0,-63.300000000000004,0.54,0.18,0.61
22.450164318084717,5.7,-0.0,-63.1,0.55,0.17,0.61
22.459803581237793,5.800000000000001,-0.1,-63.2,0.55,0.16,0.61
22.470076084136963,5.9,-0.4,-63.2,0.5700000000000001,0.17,0.61
22.480120420455933,5.7,-0.1,-63.5,0.55,0.17,0.63
22.490564346313477,5.6000000000000005,-0.1,-63.300000000000004,0.53,0.17,0.63
22.499931812286377,5.800000000000001,-0.1,-63.5,0.54,0.17,0.63
22.510775804519653,5.9,-0.0,-63.2,0.53,0.18,0.62
22.519946813583374,5.800000000000001,0.1,-63.300000000000004,0.52,0.17,0.63
22.530760526657104,5.800000000000001,0.30000000000000004,-63.300000000000004,0.51,0.17,0.62
22.54064178466797,5.7,0.30000000000000004,-63.400000000000006,0.5,0.17,0.62
22.55067229270935,5.7,0.1,-63.300000000000004,0.52,0.17,0.62
22.559842109680176,5.800000000000001,0.1,-63.400000000000006,0.52,0.18,0.62
22.570002555847168,5.7,0.1,-63.300000000000004,0.53,0.15,0.62
22.58081555366516,5.7,0.1,-63.0,0.53,0.19,0.61
22.590206146240234,5.800000000000001,-0.0,-63.0,0.54,0.16,0.62
22.59990620613098,5.800000000000001,-0.0,-63.400000000000006,0.53,0.15,0.61
22.61053967475891,5.6000000000000005,-0.1,-63.0,0.55,0.16,0.61
22.620294332504272,5.7,-0.1,-63.900000000000006,0.52,0.17,0.64
22.629850387573242,5.800000000000001,-0.1,-63.300000000000004,0.54,0.18,0.61
22.639705181121826,5.800000000000001,-0.0,-63.1,0.53,0.16,0.62
22.65152335166931,5.800000000000001,0.1,-63.1,0.52,0.18,0.61
22.659769773483276,5.6000000000000005,0.1,-63.400000000000006,0.51,0.16,0.63
22.669856071472168,5.7,0.2,-63.2,0.53,0.17,0.63
22.680455207824707,5.7,-0.0,-63.1,0.53,0.17,0.62
22.69001030921936,5.7,-0.0,-63.400000000000006,0.53,0.16,0.62
22.699900150299072,5.6000000000000005,0.1,-63.400000000000006,0.52,0.15,0.62
22.710299253463745,5.5,-0.0,-63.300000000000004,0.52,0.15,0.63
22.720025777816772,5.6000000000000005,-0.0,-63.1,0.54,0.17,0.61
22.729748487472534,5.9,-0.0,-63.1,0.54,0.18,0.62
22.73995280265808,5.7,-0.0,-63.2,0.52,0.16,0.61
22.749937772750854,5.6000000000000005,-0.0,-63.2,0.52,0.16,0.61
22.76073145866394,5.6000000000000005,0.1,-63.2,0.52,0.15,0.62
22.7701678276062,5.5,-0.0,-63.300000000000004,0.54,0.15,0.61
22.780253410339355,5.7,-0.1,-63.300000000000004,0.55,0.15,0.62
22.78994131088257,5.5,0.1,-63.2,0.53,0.14,0.62
22.799846410751343,5.5,0.1,-63.1,0.52,0.15,0.61
22.80984330177307,5.6000000000000005,-0.1,-63.1,0.54,0.15,0.61
22.820101976394653,5.6000000000000005,-0.0,-63.1,0.54,0.16,0.61
22.82990860939026,5.300000000000001,-0.0,-63.300000000000004,0.54,0.14,0.63
22.839808702468872,5.4,-0.0,-63.400000000000006,0.53,0.14,0.63
22.850372076034546,5.4,-0.1,-63.300000000000004,0.54,0.13,0.63
22.860100984573364,5.4,0.1,-63.300000000000004,0.53,0.14,0.62
22.86976957321167,5.4,0.1,-63.400000000000006,0.52,0.13,0.63
22.880982398986816,5.4,0.2,-63.300000000000004,0.5,0.15,0.63
22.890865564346313,5.5,0.2,-63.1,0.51,0.14,0.62
22.900609731674194,5.6000000000000005,-0.0,-63.300000000000004,0.52,0.15,0.63
22.909860134124756,5.5,0.1,-63.1,0.53,0.14,0.62
22.919952154159546,5.5,0.2,-63.1,0.52,0.15,0.61
22.92999005317688,5.5,0.2,-63.2,0.5,0.14,0.61
22.939759492874146,5.4,0.30000000000000004,-63.2,0.5,0.14,0.62
22.950773239135742,5.300000000000001,0.1,-63.0,0.52,0.13,0.62
22.95994257926941,5.4,-0.1,-63.300000000000004,0.54,0.14,0.64
22.969783306121826,5.6000000000000005,-0.2,-63.1,0.55,0.14,0.62
22.980249166488647,5.6000000000000005,-0.1,-63.2,0.54,0.17,0.61
22.990777015686035,5.6000000000000005,-0.1,-63.1,0.54,0.15,0.61
22.99980401992798,5.5,0.1,-63.2,0.51,0.15,0.63
23.00978922843933,5.5,-0.0,-62.900000000000006,0.53,0.14,0.61
23.019816160202026,5.4,0.1,-63.2,0.51,0.15,0.62
23.02987027168274,5.5,-0.0,-63.300000000000004,0.53,0.15,0.64
23.0396990776062,5.4,-0.0,-63.2,0.54,0.14,0.62
23.050193786621094,5.300000000000001,-0.0,-63.2,0.53,0.13,0.63
23.061038732528687,5.2,0.4,-63.1,0.51,0.13,0.62
23.06977081298828,5.300000000000001,0.2,-63.0,0.51,0.13,0.63
23.07979702949524,5.5,0.2,-63.1,0.51,0.14,0.63
23.09073758125305,5.4,0.2,-62.800000000000004,0.52,0.13,0.62
23.099825143814087,5.2,0.4,-62.900000000000006,0.49,0.12,0.61
23.109920501708984,5.2,0.1,-63.0,0.5,0.11,0.62
23.119868993759155,5.1000000000000005,0.1,-62.7,0.51,0.11,0.61
23.13022255897522,5.2,-0.0,-62.7,0.53,0.11,0.61
23.139760732650757,5.2,0.1,-62.800000000000004,0.53,0.1,0.62
23.150667190551758,5.1000000000000005,0.1,-62.900000000000006,0.52,0.1,0.61
23.160256147384644,5.2,-0.2,-63.300000000000004,0.54,0.12,0.64
23.169838666915894,5.2,0.1,-63.1,0.53,0.13,0.64
23.180019855499268,5.300000000000001,0.1,-62.7,0.53,0.13,0.61
23.189985752105713,5.300000000000001,0.1,-63.2,0.51,0.14,0.63
23.200185298919678,5.300000000000001,-0.0,-63.2,0.53,0.13,0.64
23.20973777770996,5.2,0.1,-63.0,0.53,0.12,0.63
23.220234870910645,5.2,0.1,-63.1,0.52,0.12,0.62
23.230797290802002,5.2,-0.0,-63.2,0.51,0.12,0.63
23.239732027053833,5.300000000000001,-0.0,-63.2,0.52,0.13,0.62
23.249757528305054,5.4,0.1,-63.0,0.52,0.13,0.62
23.26021718978882,5.2,0.4,-62.7,0.49,0.13,0.61
23.26998734474182,5.4,0.4,-62.900000000000006,0.49,0.14,0.61
23.279900789260864,5.5,0.2,-62.900000000000006,0.5,0.14,0.61
23.290467977523804,5.5,0.2,-62.800000000000004,0.52,0.14,0.61
23.300507307052612,5.2,-0.0,-62.800000000000004,0.53,0.11,0.61
23.309836387634277,5.4,0.2,-63.0,0.52,0.11,0.62
23.319868803024292,5.2,0.2,-63.0,0.51,0.12,0.61
23.330119371414185,5.2,-0.0,-62.800000000000004,0.52,0.11,0.61
23.339747428894043,5.300000000000001,0.1,-62.7,0.52,0.13,0.61
23.349776029586792,5.300000000000001,-0.0,-62.800000000000004,0.53,0.12,0.61
23.36012029647827,5.1000000000000005,-0.0,-62.900000000000006,0.54,0.11,0.61
23.370158195495605,5.0,-0.1,-63.0,0.53,0.11,0.63
23.37981104850769,4.9,-0.0,-63.1,0.52,0.11,0.63
23.389917373657227,5.1000000000000005,0.1,-63.0,0.52,0.11,0.63
23.399943351745605,5.0,0.2,-62.800000000000004,0.5,0.1,0.62
23.410183668136597,5.1000000000000005,0.30000000000000004,-62.800000000000004,0.5,0.1,0.62
23.4202983379364,5.0,0.1,-63.0,0.51,0.12,0.62
23.429834365844727,5.1000000000000005,0.2,-62.6,0.51,0.11,0.62
23.440750122070312,5.0,0.30000000000000004,-62.800000000000004,0.5,0.09,0.62
23.449716806411743,4.9,0.30000000000000004,-62.800000000000004,0.49,0.08,0.61
23.46027970314026,5.0,0.30000000000000004,-62.900000000000006,0.49,0.09,0.62
23.469995975494385,5.0,0.2,-62.800000000000004,0.51,0.1,0.61
23.479832649230957,5.0,0.2,-62.6,0.51,0.1,0.61
23.49015164375305,5.2,0.30000000000000004,-62.7,0.5,0.1,0.61
23.500731945037842,5.1000000000000005,-0.0,-62.7,0.52,0.11,0.61
23.51065444946289,5.2,-0.0,-63.0,0.52,0.13,0.64
23.520649909973145,5.1000000000000005,-0.0,-63.2,0.52,0.11,0.64
23.530861616134644,5.2,0.2,-62.900000000000006,0.52,0.12,0.63
23.53998589515686,5.0,-0.0,-63.0,0.51,0.11,0.63
23.55029582977295,5.2,0.2,-63.1,0.5,0.12,0.63
23.56045627593994,5.0,-0.0,-63.1,0.52,0.11,0.63
23.570302963256836,4.9,0.30000000000000004,-62.900000000000006,0.5,0.11,0.62
23.579835414886475,5.1000000000000005,0.2,-63.0,0.5,0.09,0.63
23.589975357055664,5.0,0.4,-62.7,0.49,0.11,0.62
23.60032606124878,5.0,0.30000000000000004,-62.6,0.49,0.11,0.62
23.610705614089966,5.2,0.30000000000000004,-62.6,0.51,0.11,0.62
23.619770526885986,5.0,0.30000000000000004,-62.800000000000004,0.5,0.1,0.62
23.630114793777466,5.2,0.2,-62.800000000000004,0.51,0.11,0.61
23.639758586883545,4.9,0.1,-62.6,0.51,0.09,0.61
23.65042519569397,5.0,0.4,-62.5,0.51,0.09,0.62
23.65989351272583,4.9,0.4,-62.6,0.49,0.08,0.61
23.670670986175537,4.800000000000001,0.1,-62.6,0.5,0.08,0.62
23.67997980117798,4.800000000000001,-0.0,-63.2,0.54,0.09,0.64
23.690293312072754,5.2,0.1,-62.7,0.54,0.09,0.62
23.69979214668274,4.800000000000001,0.2,-63.1,0.5,0.09,0.64
23.710328578948975,5.0,0.4,-62.5,0.49,0.08,0.62
23.7204532623291,4.7,0.30000000000000004,-63.1,0.49,0.08,0.63
23.73023796081543,4.7,0.2,-63.2,0.5,0.08,0.63
23.74004602432251,4.7,0.2,-63.1,0.51,0.08,0.63
23.750500917434692,4.800000000000001,0.30000000000000004,-62.900000000000006,0.49,0.09,0.63
23.75981855392456,4.800000000000001,0.2,-62.6,0.5,0.09,0.62
23.769906520843506,4.9,0.30000000000000004,-62.800000000000004,0.49,0.08,0.62
23.780570030212402,4.800000000000001,0.30000000000000004,-62.6,0.49,0.09,0.62
23.790255069732666,4.800000000000001,0.1,-62.5,0.51,0.09,0.62
23.80088710784912,4.9,0.1,-62.900000000000006,0.52,0.09,0.62
23.8099102973938,4.7,0.1,-62.800000000000004,0.52,0.08,0.62
23.82068920135498,4.800000000000001,0.30000000000000004,-62.6,0.51,0.08,0.61
23.83073115348816,4.800000000000001,0.2,-62.5,0.51,0.08,0.62
23.839784860610962,4.9,-0.0,-63.0,0.51,0.1,0.64
23.85007357597351,5.1000000000000005,0.1,-62.5,0.52,0.12,0.61
23.860079288482666,4.800000000000001,0.30000000000000004,-62.5,0.49,0.09,0.6
23.869813442230225,4.800000000000001,0.1,-62.800000000000004,0.51,0.1,0.61
23.880090713500977,4.9,0.30000000000000004,-62.5,0.51,0.06,0.61
23.890977144241333,4.6000000000000005,0.1,-62.900000000000006,0.51,0.07,0.63
23.900010585784912,4.9,0.4,-62.800000000000004,0.5,0.09,0.63
23.90990662574768,4.9,0.30000000000000004,-63.1,0.49,0.1,0.64
23.920746326446533,5.1000000000000005,0.4,-62.6,0.49,0.12,0.63
23.93008804321289,4.9,0.4,-62.7,0.48,0.11,0.62
23.939868927001953,4.800000000000001,0.4,-63.0,0.47000000000000003,0.08,0.63
23.950055837631226,4.7,0.4,-62.5,0.49,0.07,0.62
23.96040153503418,4.6000000000000005,0.2,-62.7,0.5,0.05,0.62
23.970238208770752,4.6000000000000005,0.30000000000000004,-62.800000000000004,0.49,0.06,0.62
23.979947566986084,4.6000000000000005,0.2,-62.7,0.5,0.07,0.62
23.99029231071472,4.7,0.2,-62.400000000000006,0.51,0.09,0.61
24.00032901763916,5.0,0.4,-62.300000000000004,0.5,0.08,0.61
24.00982356071472,4.7,0.30000000000000004,-62.400000000000006,0.49,0.07,0.62
24.019791841506958,4.6000000000000005,0.30000000000000004,-62.5,0.48,0.07,0.6
24.030158281326294,4.7,-0.0,-62.300000000000004,0.52,0.07,0.61
24.039727449417114,4.6000000000000005,0.2,-62.400000000000006,0.52,0.04,0.61
24.050008296966553,4.5,0.30000000000000004,-62.400000000000006,0.51,0.05,0.62
24.060725212097168,4.800000000000001,0.1,-62.800000000000004,0.51,0.07,0.64
24.070593118667603,4.6000000000000005,0.2,-62.7,0.49,0.07,0.63
24.079867124557495,4.6000000000000005,0.5,-62.900000000000006,0.47000000000000003,0.08,0.63
24.09015965461731,4.5,0.6000000000000001,-62.6,0.47000000000000003,0.08,0.63
24.100062131881714,4.6000000000000005,0.30000000000000004,-62.7,0.48,0.06,0.63
24.110981941223145,4.5,0.4,-62.7,0.49,0.07,0.62
24.1198673248291,4.6000000000000005,0.7000000000000001,-62.5,0.48,0.06,0.63
24.13030982017517,4.7,0.6000000000000001,-62.7,0.48,0.06,0.63
24.140004873275757,4.6000000000000005,0.5,-62.400000000000006,0.47000000000000003,0.08,0.61
24.14988374710083,4.800000000000001,0.30000000000000004,-62.300000000000004,0.49,0.09,0.62
24.160151720046997,4.7,0.4,-62.5,0.5,0.07,0.62
24.17018151283264,4.7,0.4,-62.400000000000006,0.5,0.07,0.62
24.180246591567993,4.6000000000000005,0.1,-62.5,0.51,0.06,0.61
24.19009017944336,4.5,0.30000000000000004,-62.5,0.5,0.06,0.61
24.20071029663086,4.5,0.4,-62.5,0.49,0.07,0.61
24.20983910560608,4.6000000000000005,0.4,-62.900000000000006,0.48,0.09,0.64
24.219902753829956,4.7,0.4,-62.5,0.5,0.07,0.61
24.229942560195923,4.6000000000000005,0.2,-62.400000000000006,0.5,0.08,0.6
24.239957094192505,4.6000000000000005,0.5,-62.5,0.49,0.08,0.64
24.24993371963501,4.5,0.4,-62.800000000000004,0.48,0.06,0.63
24.259751558303833,4.4,0.30000000000000004,-62.6,0.49,0.04,0.63
24.27210783958435,4.5,0.30000000000000004,-62.400000000000006,0.5,0.06,0.63
24.280101537704468,4.3,0.1,-62.900000000000006,0.51,0.05,0.66
24.289841890335083,4.4,0.2,-62.5,0.52,0.03,0.64
24.299875259399414,4.7,0.30000000000000004,-62.2,0.5,0.07,0.6
24.31000065803528,4.6000000000000005,0.2,-62.300000000000004,0.49,0.08,0.62
24.319878816604614,4.4,0.8,-62.400000000000006,0.45,0.04,0.61
24.32983422279358,4.2,0.4,-62.5,0.46,0.03,0.62
24.34094548225403,4.5,0.30000000000000004,-62.2,0.5,0.03,0.61
24.34990644454956,4.5,-0.0,-62.800000000000004,0.53,0.04,0.65
24.359962940216064,4.4,0.30000000000000004,-62.6,0.51,0.04,0.61
24.37073564529419,4.3,0.4,-62.400000000000006,0.49,0.05,0.61
24.38002848625183,4.4,0.30000000000000004,-62.800000000000004,0.49,0.08,0.65
24.389939546585083,4.5,0.4,-62.400000000000006,0.48,0.05,0.61
24.400139331817627,4.4,0.4,-62.300000000000004,0.48,0.05,0.61
24.410479307174683,4.3,0.5,-62.900000000000006,0.49,0.06,0.64
24.419801950454712,4.6000000000000005,0.4,-62.7,0.48,0.06,0.64
24.429762363433838,4.4,0.4,-62.800000000000004,0.47000000000000003,0.05,0.63
24.43996262550354,4.3,0.30000000000000004,-62.6,0.49,0.06,0.63
24.449819803237915,4.5,0.5,-62.5,0.48,0.05,0.63
24.459797859191895,4.4,0.5,-62.5,0.47000000000000003,0.05,0.63
24.470966577529907,4.3,0.5,-62.400000000000006,0.47000000000000003,0.04,0.62
24.479976177215576,4.3,0.2,-62.6,0.5,0.07,0.62
24.489863634109497,4.7,0.4,-62.400000000000006,0.49,0.05,0.62
24.50011944770813,4.3,0.5,-62.300000000000004,0.48,0.05,0.62
24.510907649993896,4.4,0.6000000000000001,-62.400000000000006,0.47000000000000003,0.05,0.61
24.519955158233643,4.6000000000000005,0.30000000000000004,-62.300000000000004,0.5,0.07,0.63
24.529821634292603,4.5,0.5,-62.400000000000006,0.48,0.03,0.61
24.540669918060303,4.3,0.4,-62.300000000000004,0.49,0.04,0.61
24.54984140396118,4.4,0.4,-62.2,0.49,0.05,0.61
24.559885501861572,4.3,0.30000000000000004,-62.400000000000006,0.48,0.03,0.62
24.570330142974854,4.2,0.5,-62.2,0.48,0.03,0.61
24.580096006393433,4.4,0.5,-62.5,0.49,0.05,0.64
24.58992338180542,4.3,0.30000000000000004,-62.800000000000004,0.49,0.05,0.65
24.599790811538696,4.1000000000000005,0.5,-62.6,0.47000000000000003,0.04,0.63
24.610429048538208,4.2,0.30000000000000004,-62.5,0.49,0.05,0.64
24.619940042495728,4.3,0.6000000000000001,-62.400000000000006,0.48,0.03,0.63
24.629892110824585,4.2,0.6000000000000001,-62.300000000000004,0.46,0.04,0.63
24.64038872718811,4.2,0.6000000000000001,-62.6,0.46,0.03,0.62
24.649909019470215,4.2,0.30000000000000004,-62.6,0.48,0.03,0.63
24.660146236419678,4.3,0.7000000000000001,-62.400000000000006,0.47000000000000003,0.04,0.62
24.67053771018982,4.2,0.6000000000000001,-62.300000000000004,0.47000000000000003,0.03,0.63
24.680290937423706,4.3,0.8,-62.400000000000006,0.45,0.04,0.62
24.68997859954834,4.4,0.5,-62.6,0.47000000000000003,0.06,0.62
24.69981288909912,4.4,0.8,-62.2,0.46,0.04,0.61
24.710512161254883,4.3,0.8,-62.1,0.46,0.03,0.61
24.719851970672607,4.3,0.4,-62.5,0.46,0.04,0.61
24.729864597320557,4.3,0.30000000000000004,-62.5,0.48,0.03,0.61
24.739869117736816,4.1000000000000005,0.5,-62.400000000000006,0.49,0.01,0.61
24.750080585479736,4.1000000000000005,0.5,-62.2,0.5,0.01,0.62
24.759802103042603,4.2,0.5,-62.7,0.47000000000000003,0.04,0.64
24.770136833190918,4.4,0.5,-62.2,0.47000000000000003,0.04,0.61
24.780771017074585,4.3,0.2,-62.5,0.51,0.03,0.63
24.790207624435425,4.1000000000000005,0.4,-62.5,0.51,0.04,0.63
24.799900770187378,4.1000000000000005,0.4,-62.800000000000004,0.49,0.04,0.64
24.809953689575195,3.9000000000000004,0.6000000000000001,-62.6,0.47000000000000003,0.02,0.62
24.819828987121582,4.0,0.5,-62.6,0.47000000000000003,0.01,0.64
24.82974910736084,4.0,0.7000000000000001,-62.6,0.45,0.02,0.63
24.83987784385681,4.2,0.6000000000000001,-62.400000000000006,0.47000000000000003,0.02,0.63
24.850502729415894,4.1000000000000005,0.4,-62.5,0.49,0.03,0.62
24.85973620414734,4.2,0.4,-62.400000000000006,0.5,0.03,0.62
24.8700008392334,4.1000000000000005,0.5,-62.400000000000006,0.49,0.03,0.62
24.88055658340454,4.3,0.5,-62.0,0.49,0.02,0.62
24.889838933944702,4.2,0.6000000000000001,-61.900000000000006,0.47000000000000003,0.02,0.61
24.900007009506226,4.1000000000000005,0.7000000000000001,-62.300000000000004,0.46,0.03,0.62
24.91033911705017,4.1000000000000005,0.7000000000000001,-61.900000000000006,0.47000000000000003,0.01,0.61
24.92071771621704,4.1000000000000005,0.5,-62.7,0.47000000000000003,0.03,0.65
24.92980933189392,4.1000000000000005,0.9,-62.800000000000004,0.45,0.03,0.63
24.940030813217163,4.3,0.7000000000000001,-62.1,0.46,0.03,0.62
24.950711011886597,4.1000000000000005,0.6000000000000001,-62.400000000000006,0.47000000000000003,0.02,0.63
24.959903955459595,4.0,0.6000000000000001,-62.400000000000006,0.47000000000000003,0.02,0.63
24.970192909240723,4.0,0.7000000000000001,-62.7,0.45,0.02,0.63
24.980297088623047,3.9000000000000004,0.4,-62.5,0.48,-0.0,0.63
24.990383863449097,4.0,0.5,-62.300000000000004,0.48,0.01,0.63
24.99985122680664,4.0,0.7000000000000001,-62.5,0.47000000000000003,0.02,0.63
25.01047444343567,4.0,0.5,-62.400000000000006,0.47000000000000003,0.02,0.62
25.02046775817871,4.1000000000000005,0.4,-62.1,0.48,0.04,0.62
25.029921531677246,4.1000000000000005,0.7000000000000001,-62.2,0.46,0.02,0.62
25.039814233779907,4.1000000000000005,0.7000000000000001,-62.1,0.46,0.03,0.62
25.051014184951782,4.2,0.5,-62.2,0.47000000000000003,0.02,0.62
25.05983066558838,4.1000000000000005,0.5,-62.5,0.49,0.03,0.64
25.069988012313843,4.1000000000000005,0.7000000000000001,-62.5,0.48,0.01,0.63
25.08062219619751,3.9000000000000004,0.8,-62.0,0.46,0.01,0.61
25.09001851081848,4.0,0.5,-62.6,0.47000000000000003,0.03,0.65
25.09984016418457,4.2,0.8,-62.400000000000006,0.45,0.02,0.61
25.110124111175537,4.1000000000000005,0.8,-62.1,0.46,0.02,0.62
25.120999574661255,3.9000000000000004,0.4,-62.7,0.48,0.02,0.64
25.12981653213501,3.9000000000000004,0.6000000000000001,-62.6,0.47000000000000003,0.01,0.64
25.13969898223877,4.0,0.6000000000000001,-62.1,0.47000000000000003,0.01,0.64
25.150416374206543,4.0,0.5,-62.2,0.46,0.01,0.62
25.160614252090454,3.8000000000000003,0.6000000000000001,-62.2,0.45,0.02,0.62
25.16983413696289,4.0,0.7000000000000001,-62.2,0.46,-0.0,0.63
25.180866718292236,3.8000000000000003,0.5,-62.300000000000004,0.47000000000000003,0.01,0.63
25.190837621688843,3.9000000000000004,0.30000000000000004,-61.900000000000006,0.5,-0.0,0.62
25.199952840805054,3.9000000000000004,0.6000000000000001,-62.1,0.48,-0.0,0.62
25.210079669952393,4.0,0.7000000000000001,-62.400000000000006,0.46,0.01,0.63
25.2201406955719,4.0,0.8,-62.1,0.45,0.02,0.61
25.229905128479004,4.2,0.5,-62.0,0.47000000000000003,0.03,0.62
25.239795923233032,4.1000000000000005,0.8,-62.1,0.45,0.01,0.61
25.25044083595276,3.8000000000000003,0.7000000000000001,-61.800000000000004,0.45,-0.0,0.62
25.25985074043274,4.0,0.8,-62.0,0.46,-0.0,0.61
25.270044803619385,4.1000000000000005,0.7000000000000001,-62.0,0.46,-0.0,0.61
25.281455516815186,4.1000000000000005,0.9,-61.900000000000006,0.44,0.02,0.6
25.28993248939514,4.0,0.7000000000000001,-62.300000000000004,0.46,0.04,0.64
25.300729036331177,4.2,0.8,-62.0,0.47000000000000003,0.02,0.64
25.309826612472534,3.8000000000000003,0.5,-62.2,0.47000000000000003,0.01,0.62
25.320090293884277,3.7,0.2,-62.400000000000006,0.5,0.02,0.63
25.329970836639404,3.8000000000000003,0.6000000000000001,-62.5,0.48,-0.0,0.64
25.339829206466675,3.7,0.7000000000000001,-62.2,0.46,-0.01,0.63
25.350282907485962,3.9000000000000004,0.5,-62.1,0.47000000000000003,0.01,0.63
25.360541820526123,4.0,0.4,-62.2,0.48,0.01,0.63
25.369833946228027,3.9000000000000004,0.5,-62.2,0.49,0.01,0.63
25.37982988357544,3.8000000000000003,0.6000000000000001,-62.2,0.47000000000000003,0.01,0.62
25.390995502471924,3.8000000000000003,0.7000000000000001,-62.1,0.47000000000000003,-0.0,0.62
25.399920225143433,3.6,0.5,-62.800000000000004,0.48,-0.0,0.66
25.409875631332397,3.8000000000000003,0.7000000000000001,-61.900000000000006,0.46,-0.0,0.62
25.419872045516968,3.8000000000000003,1.1,-62.0,0.43,-0.01,0.61
25.430014610290527,3.9000000000000004,0.9,-62.0,0.44,-0.0,0.62
25.43986964225769,4.0,0.8,-62.300000000000004,0.46,0.02,0.62
25.45107412338257,4.0,0.8,-62.0,0.46,0.01,0.62
25.45996356010437,3.8000000000000003,0.8,-62.300000000000004,0.46,-0.0,0.64
25.469998359680176,3.7,0.8,-62.400000000000006,0.44,0.02,0.64
25.479788541793823,3.8000000000000003,0.8,-62.5,0.44,-0.0,0.64
25.49017906188965,3.8000000000000003,0.7000000000000001,-62.1,0.47000000000000003,-0.0,0.63
25.500176906585693,3.8000000000000003,0.8,-62.300000000000004,0.47000000000000003,-0.0,0.64
25.509796142578125,3.7,0.9,-62.2,0.44,-0.0,0.63
25.5199077129364,3.8000000000000003,0.6000000000000001,-62.2,0.46,-0.0,0.63
25.53078055381775,3.7,0.7000000000000001,-62.0,0.47000000000000003,-0.0,0.62
25.54063105583191,3.8000000000000003,0.7000000000000001,-61.900000000000006,0.47000000000000003,-0.0,0.63
25.549994707107544,3.8000000000000003,0.9,-62.0,0.44,-0.0,0.62
25.559978008270264,3.8000000000000003,0.4,-62.1,0.47000000000000003,-0.0,0.63
25.570347547531128,3.7,0.5,-61.900000000000006,0.49,-0.0,0.61
25.57969641685486,3.8000000000000003,0.5,-61.900000000000006,0.48,-0.01,0.63
25.590015172958374,3.6,1.0,-62.2,0.44,-0.02,0.61
25.60063147544861,3.6,0.9,-62.0,0.43,-0.01,0.62
25.610203504562378,3.7,0.6000000000000001,-62.5,0.47000000000000003,-0.0,0.64
25.61994457244873,4.1000000000000005,0.8,-62.1,0.46,0.01,0.62
25.629738330841064,3.9000000000000004,1.0,-62.0,0.43,0.02,0.61
25.640115976333618,3.9000000000000004,0.8,-61.800000000000004,0.44,0.01,0.62
25.6498703956604,3.7,1.0,-62.2,0.44,-0.0,0.64
25.660061836242676,3.7,0.9,-62.1,0.44,-0.01,0.64
25.671380043029785,3.7,0.9,-62.2,0.44,-0.0,0.63
25.67986249923706,3.8000000000000003,0.6000000000000001,-62.2,0.48,0.01,0.64
25.690011262893677,4.0,0.8,-62.2,0.48,0.01,0.63
25.699764490127563,3.7,0.8,-62.0,0.44,-0.0,0.63
25.71072030067444,3.6,0.8,-61.800000000000004,0.45,-0.0,0.62
25.720067501068115,3.7,1.0,-62.0,0.44,-0.01,0.63
25.72989010810852,3.5,0.7000000000000001,-62.1,0.45,-0.01,0.62
25.73995876312256,3.6,0.30000000000000004,-61.800000000000004,0.5,-0.02,0.62
25.750186920166016,3.5,0.6000000000000001,-61.900000000000006,0.49,-0.03,0.62
25.759873628616333,3.6,0.9,-62.1,0.45,-0.02,0.63
25.77037787437439,3.6,1.2000000000000002,-61.900000000000006,0.41000000000000003,-0.0,0.61
25.779966592788696,3.8000000000000003,0.8,-61.900000000000006,0.45,-0.01,0.62
25.790382385253906,3.8000000000000003,0.7000000000000001,-61.5,0.48,-0.0,0.62
25.799928188323975,3.5,0.7000000000000001,-62.300000000000004,0.46,-0.0,0.65
25.81065607070923,3.5,0.8,-62.400000000000006,0.45,-0.0,0.64
25.82002902030945,3.6,0.8,-62.2,0.45,-0.0,0.64
25.82985258102417,3.6,0.9,-62.2,0.44,-0.01,0.63
25.840144634246826,3.6,0.8,-62.1,0.45,-0.0,0.64
25.85087513923645,3.6,0.9,-62.2,0.44,-0.0,0.63
25.859865427017212,3.6,0.6000000000000001,-62.2,0.47000000000000003,-0.01,0.64
25.870027780532837,3.6,0.8,-62.2,0.47000000000000003,-0.01,0.63
25.88118290901184,3.5,0.7000000000000001,-61.900000000000006,0.46,-0.01,0.63
25.89106774330139,3.6,0.8,-62.0,0.44,-0.0,0.62
25.899751663208008,3.8000000000000003,0.5,-62.1,0.48,-0.0,0.64
25.909738779067993,3.6,0.8,-61.7,0.46,-0.01,0.62
25.920753240585327,3.6,0.9,-61.800000000000004,0.45,-0.0,0.62
25.929797410964966,3.7,0.9,-62.0,0.44,-0.01,0.62
25.939800024032593,3.7,1.0,-61.900000000000006,0.42,-0.02,0.62
25.94986915588379,3.7,0.7000000000000001,-61.800000000000004,0.47000000000000003,-0.01,0.62
25.960957765579224,3.8000000000000003,1.1,-61.800000000000004,0.43,-0.0,0.6
25.969802618026733,3.6,0.6000000000000001,-62.2,0.46,0.01,0.65
25.980982303619385,3.8000000000000003,0.9,-62.300000000000004,0.46,-0.01,0.62
25.990865468978882,3.5,0.7000000000000001,-62.0,0.47000000000000003,-0.02,0.63
26.00070548057556,3.4000000000000004,0.8,-62.300000000000004,0.45,-0.01,0.63
26.01067042350769,3.5,1.0,-62.300000000000004,0.44,-0.01,0.64
26.019928455352783,3.4000000000000004,0.9,-62.300000000000004,0.43,-0.02,0.63
26.030869245529175,3.4000000000000004,0.7000000000000001,-62.1,0.47000000000000003,-0.02,0.64
26.039777994155884,3.4000000000000004,1.0,-62.1,0.45,-0.03,0.63
26.05034565925598,3.5,0.8,-62.1,0.45,-0.01,0.64
26.059990167617798,3.6,0.7000000000000001,-61.900000000000006,0.48,-0.01,0.63
26.070042371749878,3.5,1.1,-62.1,0.42,-0.02,0.62
26.080592393875122,3.5,0.8,-61.900000000000006,0.44,-0.02,0.64
26.090040922164917,3.5,1.0,-61.7,0.44,-0.02,0.62
26.100929021835327,3.7,0.6000000000000001,-61.900000000000006,0.47000000000000003,-0.0,0.63
26.110664129257202,3.7,1.0,-61.7,0.44,-0.0,0.61
26.12074089050293,3.6,0.8,-61.6,0.43,-0.01,0.63
26.13081645965576,3.3000000000000003,1.0,-62.400000000000006,0.44,-0.01,0.64
26.14045000076294,3.3000000000000003,0.7000000000000001,-62.2,0.45,-0.02,0.65
26.150270223617554,3.4000000000000004,0.8,-62.300000000000004,0.46,-0.02,0.65
26.160815477371216,3.3000000000000003,0.9,-62.400000000000006,0.45,-0.02,0.65
26.170783281326294,3.3000000000000003,1.0,-62.2,0.44,-0.0,0.64
26.179956197738647,3.5,1.1,-62.300000000000004,0.43,-0.02,0.64
26.19058847427368,3.4000000000000004,1.0,-62.2,0.43,-0.0,0.64
26.2008376121521,3.5,0.9,-62.0,0.44,-0.02,0.63
26.210707187652588,3.5,0.8,-62.1,0.45,-0.0,0.63
26.220680236816406,3.6,0.8,-61.900000000000006,0.47000000000000003,-0.01,0.64
26.23076868057251,3.5,1.0,-61.7,0.44,-0.02,0.62
26.240729331970215,3.5,0.9,-61.900000000000006,0.43,-0.01,0.62
26.25010871887207,3.5,1.0,-61.900000000000006,0.42,-0.02,0.63
26.260518074035645,3.4000000000000004,0.8,-61.800000000000004,0.45,-0.02,0.63
26.269906282424927,3.3000000000000003,0.7000000000000001,-61.800000000000004,0.47000000000000003,-0.05,0.63
26.27985978126526,3.4000000000000004,0.8,-62.1,0.46,-0.05,0.63
26.289896965026855,3.6,0.7000000000000001,-62.1,0.47000000000000003,-0.01,0.63
26.300848960876465,3.8000000000000003,1.0,-61.800000000000004,0.44,-0.0,0.62
26.31084942817688,3.7,0.8,-62.5,0.47000000000000003,-0.0,0.65
26.32069993019104,3.5,1.4000000000000001,-62.300000000000004,0.41000000000000003,-0.0,0.63
26.330857753753662,3.3000000000000003,0.8,-62.2,0.45,-0.03,0.65
26.340728521347046,3.3000000000000003,1.1,-62.1,0.45,-0.04,0.62
26.34986162185669,3.2,0.7000000000000001,-62.0,0.45,-0.03,0.64
26.359974145889282,3.4000000000000004,1.1,-61.900000000000006,0.42,-0.03,0.63
26.370258331298828,3.4000000000000004,0.9,-61.800000000000004,0.44,-0.01,0.64
26.37982726097107,3.5,0.9,-61.6,0.44,-0.0,0.63
26.389911651611328,3.4000000000000004,0.8,-61.6,0.46,-0.01,0.63
26.400896310806274,3.1,0.5,-61.800000000000004,0.47000000000000003,-0.05,0.63
26.410722255706787,3.1,0.7000000000000001,-61.800000000000004,0.47000000000000003,-0.06,0.63
26.42060089111328,3.4000000000000004,0.8,-62.0,0.47000000000000003,-0.04,0.64
26.43052887916565,3.4000000000000004,1.0,-61.900000000000006,0.43,-0.03,0.61
26.44104838371277,3.4000000000000004,1.0,-61.900000000000006,0.43,-0.03,0.63
26.449703454971313,3.6,1.2000000000000002,-62.0,0.42,-0.01,0.62
26.45989680290222,3.6,1.2000000000000002,-62.2,0.44,-0.02,0.64
26.47029137611389,3.5,0.9,-62.1,0.46,-0.04,0.63
26.479875087738037,3.4000000000000004,1.5,-61.900000000000006,0.38,-0.02,0.61
26.48997974395752,3.7,1.2000000000000002,-61.900000000000006,0.39,-0.01,0.63
26.500335693359375,3.6,1.3,-61.6,0.41000000000000003,-0.01,0.61
26.510173320770264,3.3000000000000003,0.5,-62.0,0.48,-0.02,0.65
26.51976180076599,3.3000000000000003,0.9,-62.2,0.47000000000000003,-0.03,0.64
26.53011655807495,3.4000000000000004,1.1,-61.6,0.43,-0.02,0.62
26.54012155532837,3.3000000000000003,0.7000000000000001,-61.800000000000004,0.47000000000000003,-0.03,0.63
26.549849033355713,3.3000000000000003,1.1,-61.800000000000004,0.41000000000000003,-0.02,0.63
26.560377836227417,3.3000000000000003,0.7000000000000001,-61.7,0.44,-0.02,0.65
26.57116150856018,3.2,0.9,-61.800000000000004,0.46,-0.04,0.63
26.579806089401245,3.2,0.6000000000000001,-61.900000000000006,0.47000000000000003,-0.04,0.63
26.58995008468628,3.4000000000000004,1.0,-61.800000000000004,0.46,-0.04,0.63
26.60000729560852,3.4000000000000004,0.9,-61.800000000000004,0.46,-0.03,0.63
26.610429286956787,3.5,1.4000000000000001,-62.0,0.37,0.01,0.61
26.61972999572754,3.6,0.9,-61.800000000000004,0.42,-0.0,0.63
26.630635738372803,3.4000000000000004,1.0,-61.7,0.44,-0.05,0.62
26.639845371246338,3.2,0.7000000000000001,-61.6,0.5,-0.05,0.63
26.64983105659485,3.4000000000000004,1.7000000000000002,-61.800000000000004,0.38,-0.02,0.61
26.660074949264526,3.4000000000000004,0.8,-61.6,0.44,-0.02,0.64
26.67080283164978,3.3000000000000003,1.6,-61.6,0.39,-0.03,0.6
26.67988348007202,3.2,0.7000000000000001,-62.1,0.46,-0.02,0.66
26.68998432159424,3.5,1.0,-61.6,0.45,-0.02,0.62
26.700667142868042,3.3000000000000003,1.0,-61.800000000000004,0.44,-0.03,0.62
26.70996332168579,3.0,1.1,-61.900000000000006,0.42,-0.05,0.64
26.71982169151306,3.1,1.1,-62.0,0.42,-0.04,0.65
26.72990345954895,3.0,1.0,-61.900000000000006,0.44,-0.04,0.63
26.740289211273193,3.1,0.7000000000000001,-61.7,0.47000000000000003,-0.05,0.64
26.75008511543274,3.4000000000000004,1.4000000000000001,-61.900000000000006,0.4,-0.03,0.63
26.759822130203247,3.4000000000000004,1.1,-61.900000000000006,0.4,-0.0,0.64
26.770211696624756,3.4000000000000004,1.1,-61.900000000000006,0.44,-0.01,0.63
26.78039526939392,3.3000000000000003,1.1,-62.0,0.45,-0.03,0.63
26.78976082801819,3.4000000000000004,1.4000000000000001,-61.800000000000004,0.41000000000000003,-0.03,0.63
26.80043077468872,3.4000000000000004,1.1,-61.6,0.41000000000000003,-0.03,0.63
26.80991291999817,3.3000000000000003,0.8,-61.7,0.48,-0.04,0.63
26.819822549819946,3.5,1.3,-61.800000000000004,0.41000000000000003,-0.02,0.62
26.829810857772827,3.5,0.9,-61.5,0.43,-0.01,0.63
26.84069800376892,3.4000000000000004,0.7000000000000001,-61.7,0.49,-0.05,0.63
26.849822521209717,3.2,1.2000000000000002,-61.900000000000006,0.42,-0.03,0.64
26.860012769699097,3.3000000000000003,1.0,-61.800000000000004,0.41000000000000003,-0.03,0.63
26.87125301361084,3.2,0.5,-61.6,0.5,-0.06,0.63
26.87994909286499,3.0,1.1,-62.1,0.43,-0.04,0.63
26.889965534210205,3.3000000000000003,0.8,-61.7,0.45,-0.03,0.65
26.900768518447876,3.2,1.2000000000000002,-61.800000000000004,0.42,-0.05,0.62
26.91085720062256,3.2,0.7000000000000001,-61.800000000000004,0.47000000000000003,-0.04,0.64
26.920700550079346,3.5,1.8,-61.900000000000006,0.37,-0.0,0.62
26.93092656135559,3.3000000000000003,0.9,-61.900000000000006,0.43,-0.03,0.65
26.94103741645813,3.3000000000000003,0.8,-62.300000000000004,0.47000000000000003,-0.05,0.62
26.949965476989746,3.4000000000000004,0.9,-61.7,0.47000000000000003,-0.04,0.63
26.959798336029053,3.3000000000000003,1.5,-61.800000000000004,0.4,-0.03,0.63
26.97047257423401,3.3000000000000003,1.3,-61.7,0.39,-0.02,0.61
26.97985315322876,3.2,1.2000000000000002,-61.5,0.41000000000000003,-0.05,0.63
26.989959001541138,3.1,1.2000000000000002,-62.0,0.42,-0.07,0.63
27.000049352645874,3.0,0.9,-61.7,0.47000000000000003,-0.07,0.64
27.010666847229004,3.4000000000000004,1.7000000000000002,-61.800000000000004,0.38,-0.01,0.61
27.019809007644653,3.3000000000000003,0.5,-62.300000000000004,0.46,-0.0,0.65
27.029900789260864,3.7,0.7000000000000001,-61.6,0.48,-0.02,0.62
27.04005217552185,3.3000000000000003,0.8,-61.2,0.5,-0.03,0.63
27.04994487762451,3.1,1.5,-61.900000000000006,0.4,-0.05,0.62
27.059842109680176,2.9000000000000004,1.4000000000000001,-62.0,0.37,-0.06,0.64
27.070247888565063,3.0,0.7000000000000001,-61.5,0.45,-0.08,0.64
27.080662965774536,3.2,1.4000000000000001,-61.800000000000004,0.41000000000000003,-0.03,0.62
27.089995861053467,3.3000000000000003,0.5,-61.900000000000006,0.46,-0.02,0.65
27.099968194961548,3.3000000000000003,1.0,-61.900000000000006,0.45,-0.04,0.63
27.110248804092407,3.1,1.2000000000000002,-62.2,0.41000000000000003,-0.04,0.63
27.119773864746094,3.1,1.2000000000000002,-62.0,0.4,-0.04,0.63
27.12980818748474,3.2,0.9,-61.900000000000006,0.43,-0.04,0.63
27.13978099822998,3.2,0.9,-61.5,0.46,-0.06,0.63
27.15049910545349,3.4000000000000004,1.5,-61.5,0.38,-0.02,0.62
27.159708976745605,3.4000000000000004,0.8,-61.7,0.45,-0.02,0.64
27.17059087753296,3.4000000000000004,1.5,-61.800000000000004,0.4,-0.02,0.61
27.179893255233765,3.1,0.6000000000000001,-61.400000000000006,0.48,-0.07,0.64
27.18984603881836,3.3000000000000003,1.7000000000000002,-61.6,0.39,-0.04,0.61
27.199813842773438,3.4000000000000004,1.2000000000000002,-61.7,0.4,-0.03,0.64
27.210049152374268,3.3000000000000003,0.9,-61.300000000000004,0.45,-0.04,0.62
27.220871448516846,3.2,1.1,-61.5,0.44,-0.04,0.62
27.2298743724823,3.0,1.3,-61.800000000000004,0.4,-0.04,0.64
27.240333318710327,2.9000000000000004,0.9,-61.900000000000006,0.44,-0.05,0.64
27.250479221343994,2.9000000000000004,0.8,-62.0,0.45,-0.06,0.64
27.259990692138672,3.0,1.0,-61.7,0.44,-0.05,0.63
27.269891500473022,3.1,1.3,-62.1,0.41000000000000003,-0.05,0.64
27.28083610534668,3.1,1.4000000000000001,-61.800000000000004,0.39,-0.03,0.63
27.28982901573181,3.3000000000000003,1.3,-61.6,0.4,-0.03,0.64
27.300243616104126,3.3000000000000003,1.2000000000000002,-61.800000000000004,0.41000000000000003,-0.02,0.63
27.309937715530396,3.2,0.8,-61.7,0.47000000000000003,-0.05,0.64
27.320271015167236,3.3000000000000003,1.4000000000000001,-61.6,0.4,-0.03,0.62
27.329871654510498,3.3000000000000003,1.0,-61.6,0.44,-0.02,0.64
27.33975052833557,3.2,1.7000000000000002,-61.5,0.37,-0.03,0.61
27.35029149055481,3.0,0.4,-61.5,0.48,-0.07,0.65
27.35981321334839,3.1,1.2000000000000002,-61.6,0.46,-0.06,0.61
27.369829654693604,3.2,1.4000000000000001,-61.7,0.38,-0.02,0.63
27.379995346069336,3.1,0.8,-61.6,0.46,-0.05,0.63
27.3902370929718,3.1,1.1,-61.5,0.46,-0.08,0.62
27.400012969970703,3.1,1.2000000000000002,-61.900000000000006,0.41000000000000003,-0.04,0.64
27.41077995300293,3.0,1.0,-62.0,0.43,-0.04,0.64
27.420836448669434,2.9000000000000004,1.0,-61.900000000000006,0.44,-0.05,0.63
27.43069624900818,3.1,1.2000000000000002,-62.0,0.42,-0.05,0.64
27.440537214279175,3.2,1.1,-61.900000000000006,0.42,-0.03,0.64
27.449849128723145,3.1,1.1,-62.0,0.42,-0.05,0.63
27.45995283126831,3.2,1.2000000000000002,-61.900000000000006,0.42,-0.03,0.63
27.469888925552368,3.2,1.2000000000000002,-61.7,0.41000000000000003,-0.03,0.63
27.48024821281433,3.2,1.3,-61.7,0.4,-0.04,0.63
27.48985481262207,3.2,1.3,-61.7,0.4,-0.03,0.63
27.499936819076538,3.1,1.1,-61.5,0.41000000000000003,-0.04,0.63
27.510223388671875,3.1,1.1,-61.5,0.43,-0.06,0.64
27.519715070724487,3.2,1.0,-61.5,0.46,-0.06,0.63
27.53077220916748,3.2,1.5,-61.5,0.38,-0.03,0.62
27.53977680206299,2.8000000000000003,1.0,-62.0,0.45,-0.06,0.64
27.550106048583984,3.2,1.6,-61.400000000000006,0.4,-0.05,0.62
27.560108184814453,3.1,0.8,-61.6,0.46,-0.07,0.65
27.57049536705017,3.1,1.6,-61.800000000000004,0.39,-0.06,0.61
27.580702304840088,3.0,1.2000000000000002,-61.800000000000004,0.41000000000000003,-0.03,0.65
27.5907461643219,3.1,1.3,-61.800000000000004,0.41000000000000003,-0.04,0.64
27.600714683532715,3.1,0.9,-61.900000000000006,0.44,-0.04,0.64
27.609997034072876,3.0,1.0,-61.800000000000004,0.44,-0.05,0.64
27.61972212791443,3.1,1.3,-61.900000000000006,0.42,-0.04,0.64
27.630096912384033,3.0,1.2000000000000002,-61.800000000000004,0.43,-0.06,0.64
27.639965534210205,3.1,1.3,-61.7,0.42,-0.05,0.63
27.64984369277954,3.0,1.4000000000000001,-61.800000000000004,0.39,-0.05,0.64
27.659903287887573,3.0,0.9,-61.6,0.45,-0.07,0.64
27.670048713684082,3.4000000000000004,1.2000000000000002,-61.7,0.45,-0.02,0.62
27.680103302001953,3.4000000000000004,1.2000000000000002,-61.7,0.42,-0.01,0.63
27.68986439704895,3.3000000000000003,1.5,-61.7,0.37,-0.02,0.62
27.700187921524048,3.1,0.9,-61.800000000000004,0.43,-0.05,0.63
27.710143327713013,3.1,0.9,-61.6,0.47000000000000003,-0.07,0.63
27.719759225845337,3.3000000000000003,1.5,-61.400000000000006,0.39,-0.03,0.62
27.7299165725708,3.3000000000000003,1.3,-61.6,0.39,-0.04,0.63
27.74042820930481,3.1,0.9,-61.6,0.45,-0.07,0.63
27.74985361099243,3.1,1.4000000000000001,-61.800000000000004,0.41000000000000003,-0.01,0.64
27.75984239578247,3.2,1.2000000000000002,-61.6,0.4,-0.04,0.64
27.770628452301025,2.9000000000000004,0.8,-61.5,0.46,-0.09,0.63
27.780170440673828,2.9000000000000004,1.3,-61.7,0.42,-0.07,0.63
27.790135145187378,3.0,1.6,-61.6,0.37,-0.03,0.63
27.800364017486572,3.0,1.2000000000000002,-61.7,0.4,-0.04,0.64
27.80988597869873,2.8000000000000003,1.1,-61.800000000000004,0.44,-0.08,0.63
27.819777011871338,2.8000000000000003,1.3,-61.7,0.42,-0.07,0.64
27.829782962799072,2.9000000000000004,1.3,-61.6,0.43,-0.06,0.64
27.840561866760254,3.0,1.6,-61.7,0.39,-0.05,0.63
27.85002112388611,3.2,1.5,-61.6,0.39,-0.04,0.63
27.86003828048706,3.2,1.5,-61.6,0.38,-0.03,0.62
27.87021803855896,3.1,1.2000000000000002,-61.5,0.41000000000000003,-0.04,0.63
27.881032705307007,3.0,1.2000000000000002,-61.400000000000006,0.42,-0.06,0.63
27.890106678009033,2.9000000000000004,1.3,-62.0,0.42,-0.06,0.65
27.900774002075195,3.1,1.3,-61.6,0.4,-0.04,0.63
27.91068172454834,3.0,1.4000000000000001,-61.800000000000004,0.4,-0.03,0.64
27.920782804489136,3.2,1.2000000000000002,-62.0,0.41000000000000003,-0.02,0.64
27.92983388900757,3.1,1.1,-62.0,0.42,-0.03,0.64
27.94012427330017,3.0,1.1,-61.6,0.42,-0.06,0.63
27.95040512084961,2.9000000000000004,0.9,-61.7,0.46,-0.08,0.64
27.95987820625305,3.1,1.4000000000000001,-61.7,0.39,-0.03,0.63
27.97039484977722,3.0,1.1,-61.7,0.4,-0.03,0.64
27.981257915496826,3.0,0.9,-61.7,0.46,-0.06,0.64
27.989882707595825,3.0,1.2000000000000002,-61.7,0.43,-0.03,0.63
28.000071048736572,3.1,1.0,-61.6,0.44,-0.06,0.65
28.009852647781372,3.0,1.1,-61.6,0.44,-0.07,0.63
28.020699739456177,3.0,1.4000000000000001,-61.5,0.38,-0.04,0.63
28.03036403656006,3.2,1.1,-61.7,0.42,-0.04,0.64
28.039868593215942,3.1,1.3,-61.7,0.41000000000000003,-0.04,0.62
28.050679206848145,2.9000000000000004,1.1,-61.5,0.43,-0.06,0.64
28.060627937316895,2.9000000000000004,1.3,-62.0,0.44,-0.07,0.64
28.07016348838806,3.1,1.6,-62.0,0.39,-0.02,0.64
28.080432653427124,3.3000000000000003,1.6,-61.5,0.37,-0.02,0.63
28.090033054351807,2.8000000000000003,1.3,-61.6,0.42,-0.06,0.64
28.0998215675354,3.0,1.4000000000000001,-61.5,0.41000000000000003,-0.09,0.63
28.110241174697876,3.1,1.6,-61.5,0.39,-0.05,0.63
28.120750665664673,2.8000000000000003,1.4000000000000001,-61.7,0.4,-0.05,0.64
28.129894256591797,3.0,1.5,-61.7,0.39,-0.04,0.64
28.13974404335022,3.0,1.4000000000000001,-61.900000000000006,0.4,-0.05,0.64
28.150120496749878,2.8000000000000003,1.2000000000000002,-61.7,0.43,-0.08,0.64
28.159911155700684,3.0,1.4000000000000001,-61.7,0.42,-0.06,0.64
28.16985535621643,3.1,1.7000000000000002,-61.6,0.37,-0.04,0.64
28.180761098861694,3.1,1.5,-61.6,0.38,-0.04,0.64
28.1909441947937,3.1,1.1,-61.6,0.43,-0.05,0.63
28.20072627067566,3.1,1.2000000000000002,-61.6,0.42,-0.04,0.63
28.210479021072388,2.9000000000000004,1.2000000000000002,-61.6,0.41000000000000003,-0.06,0.64
28.22047209739685,3.0,1.1,-61.5,0.42,-0.07,0.63
28.230098009109497,3.3000000000000003,1.3,-61.7,0.41000000000000003,-0.04,0.63
28.23977565765381,3.3000000000000003,1.3,-61.6,0.39,-0.02,0.63
28.24983835220337,3.2,1.3,-61.6,0.4,-0.03,0.63
28.25992465019226,3.0,0.9,-61.300000000000004,0.44,-0.06,0.63
28.269856214523315,3.1,1.2000000000000002,-61.5,0.44,-0.07,0.64
28.280173778533936,3.2,1.3,-61.6,0.41000000000000003,-0.04,0.63
28.28993272781372,3.1,1.1,-61.6,0.42,-0.03,0.64
28.300636529922485,3.0,1.2000000000000002,-61.800000000000004,0.42,-0.05,0.64
28.30985426902771,2.9000000000000004,1.3,-61.900000000000006,0.41000000000000003,-0.06,0.64
28.320626735687256,2.9000000000000004,1.5,-61.800000000000004,0.39,-0.06,0.64
28.329987049102783,3.0,1.2000000000000002,-61.7,0.41000000000000003,-0.06,0.64
28.33976411819458,3.1,1.6,-61.5,0.38,-0.04,0.64
28.34999942779541,3.1,1.2000000000000002,-61.7,0.41000000000000003,-0.04,0.64
28.35996103286743,3.1,1.5,-61.5,0.41000000000000003,-0.04,0.63
28.37041425704956,3.1,1.4000000000000001,-61.5,0.4,-0.04,0.64
28.380001544952393,3.1,1.6,-61.7,0.38,-0.06,0.64
28.38994336128235,3.1,1.7000000000000002,-61.800000000000004,0.36,-0.04,0.63
28.400056838989258,3.0,1.3,-61.5,0.4,-0.06,0.64
28.410341024398804,3.1,1.5,-61.400000000000006,0.4,-0.06,0.62
28.419845581054688,3.0,1.5,-61.5,0.38,-0.06,0.64
28.43026876449585,3.0,1.6,-61.6,0.38,-0.07,0.63
28.439788341522217,2.9000000000000004,1.0,-61.400000000000006,0.43,-0.06,0.64
28.450241565704346,3.0,1.6,-61.400000000000006,0.39,-0.06,0.63
28.46061420440674,2.7,1.1,-61.7,0.42,-0.07,0.64
28.470632791519165,2.9000000000000004,1.6,-61.7,0.39,-0.05,0.63
28.479994535446167,3.0,1.2000000000000002,-61.900000000000006,0.41000000000000003,-0.05,0.65
28.490190029144287,3.2,1.4000000000000001,-61.900000000000006,0.4,-0.03,0.63
28.49990940093994,3.1,1.1,-61.5,0.43,-0.04,0.64
28.510135650634766,3.2,1.4000000000000001,-61.6,0.42,-0.03,0.63
28.520118713378906,3.1,1.4000000000000001,-61.7,0.39,-0.06,0.64
28.530672788619995,3.0,1.6,-61.6,0.38,-0.05,0.63
28.53984522819519,3.1,1.1,-61.7,0.43,-0.06,0.65
28.550168991088867,3.1,1.2000000000000002,-61.7,0.43,-0.03,0.63
28.56031560897827,3.0,1.1,-61.6,0.43,-0.05,0.64
28.570101976394653,3.1,1.4000000000000001,-61.6,0.4,-0.05,0.63
28.57987403869629,3.2,1.6,-61.6,0.36,-0.03,0.64
28.589995861053467,3.1,1.3,-61.5,0.4,-0.04,0.64
28.60081934928894,3.0,1.3,-61.5,0.42,-0.06,0.63
28.610307455062866,3.0,1.4000000000000001,-61.7,0.4,-0.06,0.64
28.620712757110596,3.1,1.6,-61.800000000000004,0.38,-0.04,0.64
28.630857706069946,2.8000000000000003,1.3,-61.7,0.41000000000000003,-0.04,0.64
28.640699863433838,2.7,1.2000000000000002,-61.800000000000004,0.42,-0.08,0.64
28.64986753463745,2.9000000000000004,1.3,-61.6,0.42,-0.06,0.64
28.661133289337158,2.9000000000000004,1.6,-61.6,0.37,-0.05,0.64
28.670542001724243,2.9000000000000004,1.5,-61.7,0.4,-0.07,0.64
28.679868698120117,3.1,1.8,-61.6,0.38,-0.07,0.63
28.690069675445557,3.0,1.5,-61.5,0.38,-0.05,0.64
28.70015001296997,3.1,1.6,-61.400000000000006,0.39,-0.03,0.63
28.709857940673828,3.2,1.6,-61.6,0.39,-0.03,0.64
28.719733715057373,3.1,1.5,-61.5,0.4,-0.05,0.64
28.730063438415527,3.0,1.5,-61.6,0.41000000000000003,-0.06,0.64
28.7402822971344,2.9000000000000004,1.3,-61.6,0.41000000000000003,-0.06,0.64
28.750649213790894,3.0,1.4000000000000001,-61.5,0.39,-0.05,0.63
28.760076999664307,3.2,1.5,-61.5,0.39,-0.03,0.64
28.770672082901,3.1,1.3,-61.5,0.41000000000000003,-0.06,0.63
28.779932260513306,2.8000000000000003,1.2000000000000002,-61.900000000000006,0.42,-0.06,0.64
28.789971828460693,3.0,1.3,-61.5,0.41000000000000003,-0.07,0.64
28.800843477249146,3.2,1.5,-61.5,0.39,-0.05,0.63
28.81073546409607,3.0,1.4000000000000001,-61.800000000000004,0.41000000000000003,-0.04,0.64
28.82060718536377,3.1,1.5,-61.6,0.39,-0.04,0.64
28.83076000213623,3.1,1.3,-61.800000000000004,0.41000000000000003,-0.04,0.64
28.83990168571472,3.0,1.4000000000000001,-61.900000000000006,0.41000000000000003,-0.04,0.64
28.84970188140869,2.9000000000000004,1.2000000000000002,-61.7,0.42,-0.06,0.64
28.86040759086609,2.9000000000000004,1.5,-61.6,0.41000000000000003,-0.07,0.64
28.87058448791504,3.1,1.6,-61.5,0.38,-0.04,0.64
28.879974603652954,3.2,1.7000000000000002,-61.6,0.36,-0.02,0.63
28.8897705078125,3.1,1.5,-61.7,0.38,-0.05,0.64
28.900901794433594,2.8000000000000003,1.3,-61.6,0.42,-0.07,0.64
28.910756826400757,3.0,1.5,-61.5,0.4,-0.04,0.64
28.92062497138977,3.2,1.7000000000000002,-61.5,0.37,-0.03,0.64
28.93070077896118,3.0,1.8,-61.5,0.36,-0.06,0.64
28.940189838409424,3.1,1.7000000000000002,-61.5,0.36,-0.05,0.64
28.94981026649475,3.1,1.3,-61.400000000000006,0.4,-0.05,0.64
28.960139751434326,3.0,1.5,-61.400000000000006,0.4,-0.06,0.64
28.970450162887573,3.0,1.7000000000000002,-61.400000000000006,0.38,-0.05,0.64
28.980069160461426,3.0,1.6,-61.6,0.38,-0.05,0.64
28.98993968963623,3.0,1.6,-61.7,0.39,-0.05,0.64
28.99989604949951,3.0,1.5,-61.6,0.39,-0.05,0.64
29.010048151016235,2.9000000000000004,1.4000000000000001,-61.6,0.4,-0.05,0.64
29.019745588302612,2.9000000000000004,1.4000000000000001,-61.7,0.4,-0.06,0.64
29.029834747314453,3.1,1.4000000000000001,-61.800000000000004,0.4,-0.04,0.64
29.041260242462158,3.1,1.4000000000000001,-61.7,0.4,-0.04,0.64
29.049821376800537,3.0,1.4000000000000001,-61.5,0.41000000000000003,-0.04,0.64
29.060944318771362,3.1,1.6,-61.5,0.39,-0.05,0.64
29.07050347328186,3.1,1.5,-61.7,0.38,-0.05,0.64
29.080955743789673,3.1,1.5,-61.7,0.39,-0.04,0.63
29.09090280532837,3.0,1.2000000000000002,-61.900000000000006,0.41000000000000003,-0.05,0.64
29.100697994232178,3.0,1.4000000000000001,-61.400000000000006,0.42,-0.05,0.63
29.110334634780884,2.9000000000000004,1.3,-61.900000000000006,0.41000000000000003,-0.05,0.64
29.119760751724243,3.3000000000000003,1.6,-61.7,0.39,-0.03,0.63
29.1300368309021,3.3000000000000003,1.6,-61.6,0.37,-0.03,0.64
29.13982582092285,3.2,1.4000000000000001,-61.5,0.4,-0.03,0.63
29.150264263153076,3.1,1.6,-61.5,0.39,-0.05,0.64
29.16002082824707,3.1,1.7000000000000002,-61.800000000000004,0.37,-0.04,0.64
29.17035937309265,3.0,1.6,-61.5,0.38,-0.03,0.64
29.17995572090149,2.9000000000000004,1.6,-61.7,0.39,-0.07,0.64
29.19000482559204,2.9000000000000004,1.6,-61.6,0.39,-0.06,0.64
29.200053453445435,2.9000000000000004,1.7000000000000002,-61.400000000000006,0.37,-0.06,0.64
29.209988832473755,3.0,1.9000000000000001,-61.800000000000004,0.36,-0.05,0.64
29.220250368118286,3.0,1.7000000000000002,-61.7,0.38,-0.05,0.64
29.22999906539917,2.9000000000000004,1.9000000000000001,-61.5,0.36,-0.06,0.64
29.23990797996521,2.9000000000000004,1.5,-61.5,0.39,-0.06,0.64
29.24987769126892,2.9000000000000004,1.4000000000000001,-61.5,0.41000000000000003,-0.07,0.64
29.25975513458252,3.0,1.7000000000000002,-61.6,0.38,-0.04,0.64
29.270689487457275,3.1,1.7000000000000002,-61.7,0.37,-0.04,0.64
29.279968976974487,3.2,1.6,-61.6,0.39,-0.05,0.63
29.289782524108887,3.1,1.6,-61.400000000000006,0.38,-0.04,0.64
29.300514459609985,3.2,1.9000000000000001,-61.900000000000006,0.35000000000000003,-0.04,0.64
29.31011438369751,3.3000000000000003,1.5,-61.800000000000004,0.39,-0.03,0.64
29.319857120513916,3.4000000000000004,1.7000000000000002,-61.5,0.38,-0.01,0.64
29.329719066619873,3.3000000000000003,1.3,-61.7,0.4,-0.03,0.64
29.33984375,3.0,1.4000000000000001,-61.5,0.4,-0.06,0.64
29.35051965713501,3.0,1.2000000000000002,-61.5,0.41000000000000003,-0.05,0.64
29.35977268218994,2.8000000000000003,1.3,-61.5,0.41000000000000003,-0.07,0.64
29.370449781417847,2.7,1.2000000000000002,-61.5,0.42,-0.08,0.64
29.379744291305542,3.0,1.4000000000000001,-61.5,0.4,-0.05,0.64
29.390789270401,3.2,1.5,-61.800000000000004,0.39,-0.04,0.64
29.39999032020569,3.0,1.6,-61.6,0.39,-0.05,0.63
29.409844636917114,2.8000000000000003,1.5,-61.400000000000006,0.39,-0.06,0.64
29.419926404953003,3.0,1.7000000000000002,-61.7,0.38,-0.06,0.64
29.429816961288452,3.2,1.7000000000000002,-61.5,0.37,-0.03,0.64
29.439880847930908,3.3000000000000003,1.7000000000000002,-61.6,0.38,-0.02,0.64
29.44986128807068,3.3000000000000003,1.8,-61.6,0.37,-0.02,0.64
29.461217641830444,3.2,1.9000000000000001,-61.5,0.36,-0.03,0.64
29.470566034317017,3.1,2.0,-61.7,0.35000000000000003,-0.04,0.64
29.48069739341736,3.0,1.6,-61.6,0.38,-0.04,0.64
29.490867137908936,3.0,1.8,-61.5,0.37,-0.05,0.64
29.500731229782104,2.9000000000000004,1.7000000000000002,-61.5,0.37,-0.06,0.64
29.510042667388916,2.8000000000000003,1.6,-61.400000000000006,0.39,-0.07,0.64
29.519823789596558,3.0,1.7000000000000002,-61.5,0.38,-0.06,0.64
29.53006887435913,3.0,1.7000000000000002,-61.2,0.37,-0.05,0.64
29.540602684020996,2.9000000000000004,1.6,-61.6,0.38,-0.06,0.64
29.54976487159729,2.9000000000000004,1.5,-61.5,0.4,-0.06,0.64
29.559866428375244,2.9000000000000004,1.5,-61.6,0.4,-0.05,0.64
29.569872856140137,3.1,1.6,-61.6,0.38,-0.04,0.64
29.579927682876587,3.3000000000000003,1.7000000000000002,-61.6,0.37,-0.02,0.64
29.58993887901306,3.3000000000000003,1.6,-61.7,0.38,-0.02,0.64
29.599884748458862,3.1,1.6,-61.6,0.38,-0.04,0.64
29.61007070541382,3.2,1.6,-61.800000000000004,0.38,-0.04,0.64
29.619725704193115,3.3000000000000003,1.5,-61.7,0.4,-0.02,0.64
29.630027294158936,3.2,1.7000000000000002,-61.6,0.37,-0.02,0.64
29.64048981666565,3.1,1.5,-61.6,0.38,-0.04,0.64
29.64991331100464,3.1,1.4000000000000001,-61.300000000000004,0.41000000000000003,-0.03,0.64
29.66070866584778,2.9000000000000004,1.6,-61.300000000000004,0.39,-0.06,0.64
29.67076563835144,2.8000000000000003,1.4000000000000001,-61.5,0.41000000000000003,-0.06,0.64
29.67983889579773,2.8000000000000003,1.5,-61.5,0.39,-0.07,0.64
29.690141201019287,2.8000000000000003,1.5,-61.300000000000004,0.39,-0.07,0.64
29.70034122467041,2.9000000000000004,1.4000000000000001,-61.6,0.4,-0.07,0.64
29.710744380950928,2.9000000000000004,1.6,-61.6,0.39,-0.06,0.64
29.719969511032104,2.9000000000000004,1.6,-61.5,0.38,-0.05,0.64
29.730224609375,3.0,1.7000000000000002,-61.6,0.38,-0.05,0.64
29.740805864334106,3.1,1.7000000000000002,-61.6,0.37,-0.04,0.64
29.750630140304565,3.1,1.8,-61.6,0.36,-0.04,0.64
29.759805917739868,3.2,1.8,-61.7,0.36,-0.04,0.64
29.770159244537354,3.2,1.8,-61.6,0.37,-0.03,0.64
29.780060052871704,3.1,1.8,-61.6,0.36,-0.04,0.64
29.790163040161133,3.1,1.9000000000000001,-61.6,0.36,-0.04,0.64
29.800477027893066,3.0,1.8,-61.6,0.36,-0.04,0.64
29.810446977615356,3.0,1.7000000000000002,-61.6,0.37,-0.05,0.64
29.8200044631958,3.0,1.7000000000000002,-61.5,0.37,-0.05,0.64
29.829956769943237,2.9000000000000004,1.6,-61.5,0.38,-0.05,0.64
29.840717315673828,2.9000000000000004,1.6,-61.5,0.38,-0.06,0.64
29.84988832473755,2.9000000000000004,1.6,-61.6,0.38,-0.06,0.64
29.859808683395386,2.9000000000000004,1.7000000000000002,-61.300000000000004,0.38,-0.05,0.64
29.87081789970398,2.9000000000000004,1.7000000000000002,-61.5,0.37,-0.06,0.64
29.8798828125,3.0,1.7000000000000002,-61.6,0.38,-0.05,0.64
29.890122890472412,3.1,1.6,-61.5,0.38,-0.04,0.64
29.899894952774048,3.2,1.7000000000000002,-61.800000000000004,0.38,-0.04,0.64
29.910617113113403,3.2,1.7000000000000002,-61.900000000000006,0.37,-0.03,0.64
29.919896364212036,3.3000000000000003,1.7000000000000002,-61.6,0.37,-0.02,0.64
29.92981505393982,3.3000000000000003,1.7000000000000002,-61.7,0.37,-0.03,0.64
29.940458297729492,3.2,1.8,-61.7,0.36,-0.03,0.64
29.950566053390503,3.2,1.7000000000000002,-61.400000000000006,0.37,-0.03,0.64
29.960423707962036,3.1,1.6,-61.300000000000004,0.39,-0.05,0.64
29.970016717910767,3.0,1.7000000000000002,-61.400000000000006,0.38,-0.05,0.64
29.980411529541016,3.0,1.7000000000000002,-61.300000000000004,0.37,-0.05,0.64
29.9900221824646,3.0,1.9000000000000001,-61.5,0.35000000000000003,-0.04,0.64
29.999900102615356,2.9000000000000004,1.6,-61.400000000000006,0.38,-0.06,0.64
30.00993013381958,2.9000000000000004,1.7000000000000002,-61.6,0.38,-0.07,0.64
30.01989197731018,3.0,1.7000000000000002,-61.5,0.37,-0.05,0.64
30.03015685081482,3.0,1.7000000000000002,-61.5,0.37,-0.05,0.64
30.039737939834595,2.9000000000000004,1.7000000000000002,-61.7,0.37,-0.06,0.64
30.050199508666992,2.9000000000000004,1.8,-61.400000000000006,0.37,-0.06,0.64
30.059947729110718,2.8000000000000003,1.7000000000000002,-61.7,0.37,-0.08,0.64
30.069939851760864,2.8000000000000003,1.6,-61.7,0.38,-0.08,0.64
30.080318689346313,2.9000000000000004,1.8,-61.6,0.35000000000000003,-0.06,0.64
30.09035301208496,2.8000000000000003,1.6,-61.6,0.36,-0.06,0.64
30.099881172180176,2.8000000000000003,1.5,-61.6,0.39,-0.08,0.64
30.11057448387146,3.0,1.6,-61.7,0.38,-0.06,0.64
30.11990714073181,3.2,1.9000000000000001,-61.800000000000004,0.34,-0.02,0.64
30.129913568496704,3.2,1.7000000000000002,-61.5,0.37,-0.03,0.64
30.139743328094482,3.1,1.8,-61.7,0.36,-0.04,0.63
30.150367736816406,3.1,1.6,-61.800000000000004,0.37,-0.04,0.64
30.159985542297363,3.0,1.7000000000000002,-61.800000000000004,0.37,-0.05,0.64
30.169866800308228,2.9000000000000004,1.4000000000000001,-61.7,0.4,-0.06,0.64
30.18152689933777,3.1,1.9000000000000001,-61.6,0.36,-0.03,0.63
30.189943075180054,3.1,1.7000000000000002,-61.7,0.34,-0.03,0.64
30.200764656066895,3.0,1.7000000000000002,-61.5,0.39,-0.05,0.64
30.210667848587036,3.0,1.8,-61.800000000000004,0.35000000000000003,-0.05,0.63
30.220787286758423,3.0,1.7000000000000002,-61.6,0.37,-0.06,0.64
30.23069667816162,3.0,1.7000000000000002,-61.6,0.37,-0.05,0.64
30.23998522758484,2.9000000000000004,1.6,-61.6,0.37,-0.07,0.64
30.25041890144348,2.9000000000000004,1.8,-61.5,0.36,-0.06,0.64
30.26000452041626,2.9000000000000004,1.7000000000000002,-61.5,0.36,-0.06,0.64
30.269795894622803,2.8000000000000003,1.5,-61.5,0.38,-0.07,0.64
30.280343294143677,3.0,1.9000000000000001,-61.7,0.34,-0.05,0.63
30.289949893951416,3.0,1.8,-61.800000000000004,0.34,-0.04,0.64
30.2998366355896,3.0,1.8,-61.400000000000006,0.37,-0.06,0.64
30.309820890426636,3.0,1.9000000000000001,-61.7,0.34,-0.04,0.63
30.320953845977783,3.1,1.9000000000000001,-61.7,0.34,-0.04,0.64
30.329986810684204,3.0,1.8,-61.7,0.35000000000000003,-0.05,0.64
30.33974528312683,3.0,1.6,-61.400000000000006,0.39,-0.06,0.64
30.351022720336914,3.0,2.1,-61.6,0.33,-0.05,0.63
30.35986828804016,3.0,1.7000000000000002,-61.6,0.35000000000000003,-0.05,0.64
30.369951009750366,2.8000000000000003,1.5,-61.2,0.4,-0.07,0.64
30.380219221115112,2.7,1.6,-61.400000000000006,0.38,-0.09,0.64
30.390722274780273,2.9000000000000004,1.7000000000000002,-61.7,0.35000000000000003,-0.06,0.64
30.39989924430847,2.9000000000000004,1.5,-61.7,0.38,-0.06,0.64
30.410134315490723,3.0,1.7000000000000002,-61.6,0.37,-0.06,0.63
30.420693159103394,2.9000000000000004,1.8,-61.5,0.33,-0.04,0.64
30.429937601089478,2.8000000000000003,1.6,-61.7,0.35000000000000003,-0.07,0.64
30.439805269241333,2.8000000000000003,1.4000000000000001,-61.6,0.41000000000000003,-0.09,0.64
30.450765371322632,3.0,1.8,-61.900000000000006,0.35000000000000003,-0.06,0.63
30.459954738616943,3.1,1.7000000000000002,-61.6,0.35000000000000003,-0.03,0.64
30.469781160354614,3.0,1.6,-61.400000000000006,0.38,-0.06,0.64
30.48102617263794,3.0,2.1,-61.800000000000004,0.32,-0.05,0.63
30.490939617156982,3.1,1.8,-61.800000000000004,0.34,-0.03,0.64
30.500673294067383,3.0,1.7000000000000002,-61.400000000000006,0.38,-0.05,0.64
30.51033306121826,2.9000000000000004,1.7000000000000002,-61.400000000000006,0.37,-0.06,0.63
30.520210027694702,3.0,2.0,-61.5,0.34,-0.05,0.64
30.529898643493652,2.9000000000000004,2.1,-61.7,0.33,-0.05,0.64
30.53971791267395,2.8000000000000003,1.8,-61.5,0.37,-0.07,0.64
30.550276041030884,2.7,2.0,-61.5,0.34,-0.07,0.63
30.55992603302002,2.8000000000000003,1.7000000000000002,-61.6,0.36,-0.07,0.64
30.569971084594727,2.8000000000000003,1.7000000000000002,-61.0,0.39,-0.08,0.64
30.579935550689697,3.0,2.1,-61.6,0.31,-0.05,0.64
30.59049963951111,2.9000000000000004,2.0,-61.6,0.31,-0.04,0.64
30.599978923797607,2.8000000000000003,1.8,-61.900000000000006,0.34,-0.08,0.64
30.610005378723145,2.8000000000000003,1.4000000000000001,-61.800000000000004,0.4,-0.1,0.64
30.620603561401367,3.0,2.0,-61.900000000000006,0.34,-0.05,0.63
30.630747079849243,3.1,1.9000000000000001,-61.900000000000006,0.32,-0.03,0.64
30.64046597480774,3.0,1.6,-61.5,0.38,-0.06,0.64
30.6499924659729,2.9000000000000004,1.7000000000000002,-61.5,0.38,-0.06,0.64
30.66011095046997,2.9000000000000004,1.8,-61.5,0.36,-0.06,0.64
30.669955015182495,2.9000000000000004,2.0,-61.7,0.32,-0.05,0.64
30.680248975753784,2.9000000000000004,1.3,-62.0,0.39,-0.08,0.65
30.690253973007202,2.9000000000000004,1.6,-61.6,0.38,-0.07,0.63
30.700277090072632,2.8000000000000003,1.5,-61.900000000000006,0.39,-0.07,0.65
30.70977783203125,2.8000000000000003,2.1,-61.5,0.33,-0.06,0.63
30.71978187561035,2.8000000000000003,1.5,-61.7,0.36,-0.06,0.65
30.730252265930176,2.9000000000000004,2.1,-61.7,0.33,-0.06,0.63
30.740063190460205,2.9000000000000004,1.7000000000000002,-61.7,0.34,-0.07,0.64
30.750506162643433,2.7,1.5,-61.7,0.39,-0.09,0.64
30.75996494293213,2.8000000000000003,1.9000000000000001,-61.5,0.34,-0.08,0.63
30.7700777053833,2.8000000000000003,1.8,-61.2,0.36,-0.08,0.64
30.77992606163025,3.0,2.2,-61.7,0.31,-0.05,0.63
30.789984941482544,2.9000000000000004,1.5,-61.900000000000006,0.33,-0.05,0.64
30.800751209259033,2.7,1.9000000000000001,-61.2,0.35000000000000003,-0.09,0.64
30.810686111450195,2.6,1.6,-62.0,0.35000000000000003,-0.11,0.64
30.820738315582275,2.6,1.6,-61.5,0.39,-0.1,0.64
30.83077096939087,2.8000000000000003,2.2,-61.5,0.33,-0.08,0.63
30.840692281723022,3.0,2.1,-61.300000000000004,0.32,-0.04,0.64
30.849676609039307,3.0,2.2,-61.6,0.31,-0.04,0.64
30.860056161880493,2.7,1.8,-61.5,0.35000000000000003,-0.08,0.64
30.86984658241272,2.7,1.8,-61.7,0.35000000000000003,-0.09,0.63
30.880651712417603,2.7,1.5,-61.5,0.38,-0.08,0.64
30.890334606170654,2.6,1.4000000000000001,-61.400000000000006,0.39,-0.09,0.64
30.900892972946167,2.5,1.3,-61.5,0.41000000000000003,-0.1,0.64
30.910775899887085,3.0,2.0,-61.7,0.31,-0.04,0.63
30.920746088027954,2.8000000000000003,1.5,-61.400000000000006,0.36,-0.06,0.64
30.930811166763306,2.6,1.6,-61.400000000000006,0.37,-0.1,0.63
30.939896821975708,2.7,1.4000000000000001,-61.5,0.39,-0.1,0.64
30.950472354888916,2.8000000000000003,1.7000000000000002,-61.7,0.36,-0.07,0.63
30.960001945495605,2.9000000000000004,1.8,-62.0,0.33,-0.05,0.64
30.97115206718445,2.8000000000000003,1.5,-61.400000000000006,0.38,-0.08,0.64
30.980656147003174,2.8000000000000003,1.7000000000000002,-62.1,0.34,-0.08,0.63
30.99087905883789,2.6,1.3,-61.400000000000006,0.4,-0.09,0.65
31.000940561294556,2.7,2.2,-61.1,0.35000000000000003,-0.09,0.63
31.01017999649048,2.9000000000000004,2.2,-61.7,0.3,-0.06,0.64
31.02003765106201,3.2,2.3000000000000003,-61.7,0.3,-0.01,0.64
31.030200958251953,3.2,2.3000000000000003,-61.7,0.29,-0.02,0.64
31.040738582611084,2.9000000000000004,2.0,-62.0,0.32,-0.07,0.65
31.0498468875885,2.7,1.7000000000000002,-61.6,0.36,-0.08,0.64
31.060453414916992,2.7,1.7000000000000002,-61.300000000000004,0.4,-0.08,0.65
31.070820808410645,2.8000000000000003,2.5,-62.0,0.29,-0.06,0.63
31.08071732521057,2.8000000000000003,2.0,-61.2,0.31,-0.07,0.65
31.090930223464966,2.7,2.0,-61.400000000000006,0.33,-0.09,0.63
31.10073447227478,2.5,2.0,-61.6,0.33,-0.11,0.64
31.110240697860718,2.6,1.8,-61.300000000000004,0.35000000000000003,-0.11,0.64
31.119719982147217,2.6,1.7000000000000002,-61.5,0.37,-0.1,0.64
31.130090951919556,2.7,1.8,-61.800000000000004,0.37,-0.08,0.64
31.140129566192627,2.8000000000000003,1.8,-62.0,0.32,-0.05,0.64
31.14978313446045,2.6,1.3,-61.7,0.37,-0.08,0.64
31.16012144088745,2.4000000000000004,1.2000000000000002,-61.800000000000004,0.41000000000000003,-0.13,0.64
31.17097806930542,2.4000000000000004,1.5,-61.800000000000004,0.37,-0.13,0.64
31.180686473846436,2.7,1.7000000000000002,-61.900000000000006,0.34,-0.08,0.64
31.190727949142456,2.6,1.4000000000000001,-61.300000000000004,0.38,-0.07,0.64
31.20092511177063,2.7,1.5,-61.7,0.38,-0.09,0.64
31.210719347000122,2.6,1.7000000000000002,-61.7,0.36,-0.08,0.64
31.21976065635681,2.6,1.6,-61.2,0.38,-0.08,0.64
31.229974508285522,2.7,1.5,-61.7,0.39,-0.1,0.64
31.240731954574585,2.6,1.7000000000000002,-61.900000000000006,0.34,-0.08,0.64
31.249730348587036,2.8000000000000003,1.5,-61.6,0.37,-0.08,0.64
31.260536432266235,2.6,1.6,-61.1,0.4,-0.1,0.65
31.270031929016113,3.0,2.3000000000000003,-61.800000000000004,0.3,-0.06,0.63
31.28014039993286,2.9000000000000004,1.9000000000000001,-61.300000000000004,0.33,-0.06,0.64
31.290867567062378,2.9000000000000004,2.2,-61.800000000000004,0.31,-0.06,0.63
31.2998263835907,2.7,1.7000000000000002,-62.2,0.33,-0.09,0.65
31.30991840362549,2.6,1.7000000000000002,-61.400000000000006,0.4,-0.12,0.64
31.319855213165283,3.0,2.4000000000000004,-62.1,0.29,-0.06,0.63
31.3298020362854,3.0,2.3000000000000003,-61.6,0.27,-0.04,0.64
31.339645624160767,2.9000000000000004,2.3000000000000003,-61.5,0.3,-0.08,0.64
31.351669311523438,2.6,1.9000000000000001,-62.0,0.33,-0.11,0.64
31.360228776931763,2.6,1.9000000000000001,-61.1,0.36,-0.1,0.64
31.369855880737305,2.6,2.1,-61.300000000000004,0.36,-0.1,0.64
31.38008403778076,2.9000000000000004,2.4000000000000004,-61.900000000000006,0.28,-0.06,0.63
31.38996696472168,2.9000000000000004,2.3000000000000003,-61.7,0.28,-0.05,0.64
31.399900436401367,2.4000000000000004,1.7000000000000002,-61.5,0.35000000000000003,-0.12,0.64
31.409977197647095,2.1,1.3,-61.900000000000006,0.4,-0.17,0.64
31.42065668106079,2.4000000000000004,1.8,-61.800000000000004,0.36,-0.12,0.64
31.43057346343994,2.5,1.8,-61.400000000000006,0.33,-0.09,0.64
31.43983483314514,2.4000000000000004,1.6,-61.400000000000006,0.38,-0.13,0.64
31.450213193893433,2.6,1.9000000000000001,-61.400000000000006,0.36,-0.12,0.64
31.460949420928955,2.8000000000000003,1.9000000000000001,-61.900000000000006,0.31,-0.07,0.63
31.469801902770996,2.4000000000000004,1.1,-61.7,0.41000000000000003,-0.13,0.64
31.48012137413025,2.4000000000000004,1.5,-61.6,0.41000000000000003,-0.14,0.63
31.490211725234985,2.6,1.6,-61.7,0.34,-0.08,0.63
31.500702142715454,2.6,1.3,-61.7,0.36,-0.07,0.64
31.509833574295044,2.5,1.0,-61.800000000000004,0.41000000000000003,-0.13,0.64
31.520018339157104,2.4000000000000004,1.2000000000000002,-61.7,0.43,-0.14,0.65
31.5301513671875,2.8000000000000003,2.1,-62.1,0.3,-0.05,0.63
31.539820671081543,2.8000000000000003,1.8,-62.300000000000004,0.3,-0.05,0.65
31.549984455108643,2.5,1.6,-61.7,0.36,-0.11,0.64
31.561333179473877,2.4000000000000004,1.5,-62.1,0.39,-0.14,0.65
31.570066928863525,2.9000000000000004,2.1,-61.400000000000006,0.34,-0.09,0.63
31.579962491989136,2.7,1.8,-61.300000000000004,0.34,-0.06,0.64
31.590712547302246,2.9000000000000004,2.6,-61.7,0.28,-0.04,0.63
31.600015878677368,2.8000000000000003,2.3000000000000003,-61.6,0.27,-0.09,0.64
31.610047817230225,2.3000000000000003,1.7000000000000002,-61.2,0.37,-0.13,0.66
31.620617628097534,2.4000000000000004,2.5,-61.900000000000006,0.31,-0.11,0.63
31.63079524040222,2.6,2.4000000000000004,-62.0,0.26,-0.09,0.64
31.64066791534424,2.6,2.3000000000000003,-61.300000000000004,0.33,-0.11,0.64
31.649779796600342,2.6,2.2,-61.5,0.33,-0.1,0.63
31.660425424575806,2.2,2.2,-61.2,0.32,-0.13,0.64
31.66992163658142,2.1,2.3000000000000003,-61.900000000000006,0.27,-0.14,0.64
31.679977416992188,1.8,1.2000000000000002,-61.2,0.41000000000000003,-0.19,0.65
31.690098524093628,2.0,1.9000000000000001,-61.6,0.36,-0.17,0.63
31.7006356716156,2.2,1.9000000000000001,-62.0,0.33,-0.13,0.64
31.710811138153076,2.2,1.9000000000000001,-61.6,0.31,-0.12,0.64
31.71964192390442,2.0,1.2000000000000002,-61.2,0.4,-0.16,0.65
31.73067545890808,2.0,1.8,-61.400000000000006,0.38,-0.14,0.63
31.74043107032776,2.0,2.1,-62.1,0.29,-0.12,0.64
31.74990963935852,1.9000000000000001,1.0,-60.900000000000006,0.41000000000000003,-0.17,0.66
31.760021686553955,1.9000000000000001,1.2000000000000002,-61.300000000000004,0.43,-0.17,0.63
31.77041006088257,2.4000000000000004,1.9000000000000001,-62.2,0.33,-0.09,0.64
31.78069019317627,2.4000000000000004,1.7000000000000002,-61.900000000000006,0.32,-0.1,0.65
31.79076361656189,2.4000000000000004,1.0,-61.900000000000006,0.44,-0.14,0.63
31.80072283744812,2.8000000000000003,1.9000000000000001,-62.0,0.37,-0.11,0.63
31.810271978378296,3.1,2.2,-61.900000000000006,0.32,-0.05,0.63
31.82010269165039,3.2,2.2,-61.800000000000004,0.31,-0.05,0.63
31.829838752746582,3.0,2.1,-61.900000000000006,0.31,-0.05,0.62
31.839844942092896,2.6,1.6,-62.300000000000004,0.36,-0.1,0.64
31.849874258041382,2.3000000000000003,1.6,-62.1,0.39,-0.14,0.63
31.86002469062805,2.6,2.0,-62.1,0.33,-0.11,0.64
31.871939420700073,2.7,2.3000000000000003,-62.0,0.29,-0.06,0.63
31.88064479827881,2.4000000000000004,2.3000000000000003,-61.300000000000004,0.31,-0.11,0.63
31.890750885009766,1.9000000000000001,2.0,-61.6,0.35000000000000003,-0.17,0.65
31.900821208953857,1.6,2.2,-60.900000000000006,0.34,-0.19,0.64
31.91095209121704,1.6,2.4000000000000004,-60.800000000000004,0.3,-0.19,0.65
31.91996741294861,1.4000000000000001,2.2,-60.900000000000006,0.32,-0.19,0.65
31.92981243133545,1.5,2.0,-60.6,0.35000000000000003,-0.19,0.65
31.9399094581604,1.5,2.3000000000000003,-61.5,0.29,-0.18,0.64
31.94979763031006,1.3,1.7000000000000002,-61.2,0.34,-0.21,0.66
31.95998740196228,1.3,1.7000000000000002,-61.300000000000004,0.37,-0.22,0.64
31.9721417427063,1.5,1.6,-61.6,0.37,-0.19,0.65
31.980549335479736,2.0,2.0,-61.7,0.32,-0.15,0.64
31.99072003364563,2.1,2.0,-62.1,0.35000000000000003,-0.15,0.64
32.000794410705566,2.3000000000000003,2.2,-61.6,0.33,-0.14,0.63
32.0111243724823,2.3000000000000003,2.2,-61.7,0.3,-0.11,0.64
32.01993227005005,2.2,1.8,-61.800000000000004,0.35000000000000003,-0.13,0.64
32.030129194259644,2.4000000000000004,1.8,-62.0,0.38,-0.13,0.64
32.040804862976074,3.0,2.2,-62.2,0.3,-0.04,0.63
32.04998016357422,3.1,1.8,-62.5,0.31,-0.04,0.65
32.05994510650635,2.6,1.3,-61.800000000000004,0.42,-0.1,0.64
32.071537017822266,2.6,2.3000000000000003,-62.400000000000006,0.3,-0.08,0.63
32.08054184913635,2.7,1.8,-61.900000000000006,0.33,-0.07,0.64
32.08989071846008,2.3000000000000003,1.5,-61.800000000000004,0.39,-0.12,0.65
32.10082697868347,1.8,1.3,-61.400000000000006,0.41000000000000003,-0.17,0.64
32.110687255859375,1.9000000000000001,2.3000000000000003,-61.800000000000004,0.3,-0.16,0.63
32.12073087692261,1.6,1.1,-61.2,0.42,-0.2,0.64
32.12991189956665,1.8,1.5,-61.6,0.4,-0.2,0.62
32.14066934585571,1.4000000000000001,1.8,-61.2,0.37,-0.19,0.65
32.15053725242615,1.4000000000000001,2.0,-61.2,0.3,-0.2,0.64
32.15993571281433,1.1,1.1,-61.0,0.42,-0.26,0.64
32.17051458358765,1.0,1.5,-61.300000000000004,0.41000000000000003,-0.28,0.63
32.1801393032074,1.3,2.4000000000000004,-61.900000000000006,0.29,-0.22,0.64
32.19061827659607,1.5,1.9000000000000001,-61.2,0.32,-0.2,0.65
32.200146198272705,1.7000000000000002,1.8,-61.900000000000006,0.32,-0.19,0.64
32.21078896522522,1.7000000000000002,2.0,-61.7,0.36,-0.19,0.64
32.220290660858154,2.3000000000000003,3.1,-62.400000000000006,0.22,-0.12,0.63
32.229857206344604,2.2,2.0,-61.900000000000006,0.32,-0.14,0.66
32.24029612541199,2.6,2.9000000000000004,-62.300000000000004,0.28,-0.1,0.63
32.25015711784363,2.7,2.7,-62.6,0.23,-0.06,0.65
32.259825706481934,2.7,2.2,-62.400000000000006,0.29,-0.07,0.65
32.27002000808716,2.3000000000000003,1.9000000000000001,-62.300000000000004,0.34,-0.12,0.64
32.28067207336426,2.0,2.5,-62.300000000000004,0.28,-0.14,0.65
32.2899603843689,2.2,2.4000000000000004,-61.900000000000006,0.28,-0.11,0.64
32.30078935623169,2.0,1.8,-61.0,0.36,-0.15,0.66
32.309908390045166,2.0,2.7,-61.900000000000006,0.27,-0.17,0.63
32.31983399391174,1.5,1.6,-61.300000000000004,0.37,-0.18,0.67
32.32977485656738,1.5,2.1,-61.6,0.34,-0.18,0.63
32.33985185623169,1.1,1.7000000000000002,-61.7,0.36,-0.24,0.66
32.350701570510864,0.8,1.2000000000000002,-61.6,0.41000000000000003,-0.26,0.65
32.35977077484131,0.8,0.9,-61.6,0.43,-0.29,0.64
32.37013554573059,1.0,1.2000000000000002,-61.1,0.44,-0.25,0.64
32.381043434143066,1.4000000000000001,2.0,-61.7,0.31,-0.2,0.63
32.39014458656311,1.3,1.2000000000000002,-61.6,0.33,-0.2,0.65
32.3999400138855,1.2000000000000002,1.2000000000000002,-61.800000000000004,0.44,-0.23,0.65
32.410194396972656,1.4000000000000001,2.0,-62.7,0.32,-0.21,0.63
32.41985297203064,1.9000000000000001,2.0,-62.300000000000004,0.3,-0.15,0.65
32.42981195449829,2.5,1.6,-61.900000000000006,0.35000000000000003,-0.09,0.65
32.43989133834839,2.7,1.9000000000000001,-62.7,0.33,-0.08,0.64
32.450026512145996,2.4000000000000004,2.6,-62.6,0.27,-0.1,0.65
32.45978760719299,2.4000000000000004,2.5,-62.300000000000004,0.28,-0.09,0.65
32.47104620933533,2.4000000000000004,2.6,-62.1,0.27,-0.12,0.64
32.48111057281494,2.2,2.5,-62.0,0.29,-0.14,0.63
32.49080944061279,2.0,2.2,-61.800000000000004,0.37,-0.18,0.63
32.500715017318726,1.8,3.0,-61.900000000000006,0.29,-0.19,0.63
32.51025462150574,1.2000000000000002,2.5,-61.6,0.29,-0.21,0.64
32.519909620285034,1.0,2.3000000000000003,-61.2,0.33,-0.25,0.64
32.529914140701294,0.8,2.0,-61.1,0.33,-0.27,0.64
32.53970766067505,0.30000000000000004,1.6,-61.6,0.36,-0.32,0.64
32.550254344940186,0.7000000000000001,1.7000000000000002,-61.2,0.37,-0.29,0.65
32.55975413322449,0.9,2.0,-61.7,0.34,-0.26,0.63
32.57001447677612,1.0,2.0,-61.7,0.32,-0.22,0.64
32.581515073776245,0.8,1.8,-62.0,0.32,-0.27,0.65
32.59082770347595,1.2000000000000002,2.3000000000000003,-61.900000000000006,0.33,-0.25,0.63
32.600762367248535,1.4000000000000001,2.0,-61.6,0.37,-0.21,0.65
32.61052966117859,1.8,2.5,-61.5,0.3,-0.16,0.64
32.62001585960388,2.1,2.4000000000000004,-61.6,0.29,-0.12,0.66
32.62974309921265,2.0,2.4000000000000004,-61.800000000000004,0.31,-0.12,0.64
32.64017176628113,1.9000000000000001,2.1,-62.7,0.32,-0.15,0.65
32.65006446838379,1.8,1.5,-62.2,0.37,-0.17,0.65
32.65983748435974,2.0,1.8,-62.2,0.37,-0.15,0.64
32.67082118988037,2.1,2.0,-62.5,0.33,-0.12,0.64
32.68023633956909,1.9000000000000001,2.1,-62.800000000000004,0.31,-0.16,0.63
32.69082832336426,1.5,1.3,-61.900000000000006,0.42,-0.2,0.64
32.70029616355896,1.5,2.0,-61.900000000000006,0.35000000000000003,-0.21,0.62
32.70988917350769,0.8,1.5,-61.400000000000006,0.39,-0.29,0.65
32.720967292785645,0.8,2.5,-61.2,0.3,-0.26,0.63
32.72989511489868,0.5,1.4000000000000001,-62.1,0.34,-0.3,0.64
32.74068546295166,0.5,1.4000000000000001,-61.6,0.41000000000000003,-0.28,0.64
32.75088047981262,0.5,1.7000000000000002,-62.0,0.37,-0.32,0.64
32.76037931442261,0.6000000000000001,1.6,-60.900000000000006,0.39,-0.28,0.65
32.770665407180786,0.9,2.3000000000000003,-61.2,0.32,-0.22,0.63
32.779887199401855,1.2000000000000002,2.8000000000000003,-61.2,0.24,-0.17,0.65
32.79053616523743,1.1,2.0,-61.2,0.34,-0.28,0.67
32.79982781410217,1.2000000000000002,2.6,-62.400000000000006,0.28,-0.22,0.63
32.80981159210205,1.5,1.9000000000000001,-61.7,0.35000000000000003,-0.18,0.67
32.820037603378296,1.7000000000000002,3.1,-62.5,0.23,-0.16,0.63
32.82983922958374,1.7000000000000002,2.5,-62.300000000000004,0.26,-0.14,0.66
32.83977127075195,1.7000000000000002,2.5,-62.2,0.3,-0.18,0.65
32.850215435028076,1.3,2.4000000000000004,-62.400000000000006,0.29,-0.21,0.65
32.85996079444885,1.4000000000000001,2.4000000000000004,-62.300000000000004,0.3,-0.22,0.64
32.86979651451111,1.4000000000000001,2.5,-61.6,0.29,-0.17,0.65
32.880348682403564,0.9,2.0,-62.1,0.33,-0.27,0.64
32.88983631134033,0.7000000000000001,1.8,-62.300000000000004,0.34,-0.28,0.63
32.90012812614441,0.8,1.2000000000000002,-62.1,0.4,-0.26,0.65
32.909934759140015,0.8,2.2,-61.900000000000006,0.32,-0.26,0.63
32.91994524002075,0.5,1.7000000000000002,-61.800000000000004,0.34,-0.28,0.65
32.93004083633423,0.30000000000000004,1.7000000000000002,-62.0,0.36,-0.32,0.64
32.93977451324463,0.5,1.7000000000000002,-62.0,0.36,-0.3,0.64
32.950501680374146,1.1,1.8,-62.1,0.35000000000000003,-0.22,0.64
32.96126341819763,1.1,2.0,-62.1,0.31,-0.21,0.65
32.96993136405945,1.3,2.3000000000000003,-62.300000000000004,0.31,-0.22,0.63
32.98008131980896,1.1,2.0,-61.800000000000004,0.39,-0.24,0.65
32.99007201194763,0.9,2.7,-62.300000000000004,0.27,-0.22,0.63
33.00067353248596,1.4000000000000001,1.9000000000000001,-62.300000000000004,0.31,-0.2,0.66
33.009785175323486,1.5,1.8,-62.400000000000006,0.37,-0.2,0.64
33.019787549972534,1.1,1.6,-61.6,0.41000000000000003,-0.24,0.66
33.03070259094238,1.1,3.0,-62.300000000000004,0.26,-0.22,0.64
33.03980588912964,0.9,1.9000000000000001,-62.300000000000004,0.3,-0.23,0.64
33.04985785484314,0.8,1.6,-61.6,0.39,-0.27,0.67
33.0604407787323,0.9,2.4000000000000004,-62.300000000000004,0.32,-0.28,0.63
33.069815158843994,0.8,2.0,-62.0,0.32,-0.25,0.64
33.079750776290894,0.5,1.7000000000000002,-62.0,0.34,-0.29,0.65
33.09093117713928,0.30000000000000004,2.1,-62.6,0.32,-0.31,0.64
33.09986186027527,0.7000000000000001,2.4000000000000004,-62.1,0.31,-0.27,0.64
33.10998034477234,0.8,1.9000000000000001,-61.7,0.37,-0.25,0.65
33.119975566864014,1.0,2.6,-62.2,0.26,-0.22,0.63
33.129903078079224,1.1,2.3000000000000003,-62.5,0.28,-0.22,0.66
33.13977789878845,0.7000000000000001,2.0,-62.0,0.35000000000000003,-0.25,0.65
33.14986777305603,0.5,1.8,-62.6,0.34,-0.27,0.64
33.160234689712524,0.6000000000000001,2.4000000000000004,-62.6,0.29,-0.26,0.65
33.16979146003723,1.0,2.5,-62.2,0.29,-0.23,0.65
33.17985391616821,0.9,2.2,-62.5,0.3,-0.22,0.64
33.190128803253174,0.4,2.2,-62.5,0.31,-0.28,0.65
33.2007110118866,0.1,2.3000000000000003,-62.1,0.31,-0.33,0.65
33.21062517166138,0.6000000000000001,1.9000000000000001,-62.400000000000006,0.36,-0.29,0.63
33.22001004219055,0.5,1.8,-61.7,0.39,-0.29,0.64
33.22979211807251,0.4,2.5,-61.6,0.34,-0.31,0.64
33.23981428146362,0.30000000000000004,2.6,-62.5,0.25,-0.31,0.63
33.24985861778259,0.2,1.7000000000000002,-62.300000000000004,0.34,-0.31,0.65
33.26011085510254,0.4,1.6,-62.300000000000004,0.38,-0.32,0.64
33.270270586013794,0.7000000000000001,1.9000000000000001,-62.6,0.36,-0.28,0.64
33.27995538711548,0.7000000000000001,2.2,-62.6,0.3,-0.24,0.64
33.2900664806366,1.1,2.2,-63.0,0.29,-0.21,0.65
33.3003716468811,0.9,2.4000000000000004,-63.1,0.28,-0.25,0.65
33.31030011177063,0.5,2.1,-62.300000000000004,0.32,-0.28,0.64
33.32079577445984,1.0,1.9000000000000001,-62.7,0.34,-0.23,0.64
33.3306930065155,1.0,2.1,-62.800000000000004,0.32,-0.22,0.65
33.340587854385376,0.4,1.9000000000000001,-61.800000000000004,0.38,-0.28,0.66
33.35080575942993,0.1,2.3000000000000003,-61.800000000000004,0.34,-0.31,0.65
33.360431432724,0.6000000000000001,2.2,-61.900000000000006,0.34,-0.3,0.63
33.3703727722168,0.7000000000000001,2.3000000000000003,-62.0,0.33,-0.3,0.63
33.38067317008972,0.30000000000000004,2.3000000000000003,-62.2,0.31,-0.31,0.62
33.39132499694824,-0.1,1.4000000000000001,-62.2,0.39,-0.36,0.64
33.400893211364746,-0.2,1.6,-61.900000000000006,0.39,-0.36,0.65
33.41069221496582,0.2,2.4000000000000004,-62.300000000000004,0.36,-0.33,0.64
33.420833110809326,0.4,2.7,-62.400000000000006,0.28,-0.27,0.64
33.43071722984314,0.30000000000000004,2.0,-61.6,0.34,-0.29,0.66
33.44071340560913,0.5,2.5,-62.1,0.33,-0.29,0.64
33.450377225875854,0.5,2.4000000000000004,-61.800000000000004,0.31,-0.25,0.64
33.45981502532959,0.2,1.8,-61.900000000000006,0.38,-0.32,0.66
33.47070050239563,0.5,2.6,-62.6,0.28,-0.28,0.63
33.48003363609314,0.6000000000000001,2.5,-62.800000000000004,0.27,-0.26,0.66
33.49070882797241,0.5,1.9000000000000001,-61.5,0.37,-0.26,0.66
33.5000958442688,0.5,2.8000000000000003,-62.800000000000004,0.26,-0.26,0.63
33.510008096694946,0.2,2.4000000000000004,-61.800000000000004,0.28,-0.28,0.66
33.52037858963013,-0.1,2.3000000000000003,-62.6,0.3,-0.36,0.66
33.52988934516907,-0.1,2.1,-62.6,0.32,-0.35000000000000003,0.65
33.53982424736023,0.30000000000000004,2.1,-61.5,0.35000000000000003,-0.26,0.65
33.55140137672424,0.1,1.9000000000000001,-62.5,0.34,-0.33,0.66
33.5607054233551,0.1,2.2,-62.7,0.32,-0.35000000000000003,0.63
33.56981301307678,0.30000000000000004,1.7000000000000002,-62.2,0.39,-0.28,0.65
33.58004975318909,0.5,2.0,-62.0,0.38,-0.27,0.65
33.58995866775513,0.30000000000000004,2.8000000000000003,-62.5,0.25,-0.32,0.64
33.59979033470154,0.0,1.7000000000000002,-62.400000000000006,0.34,-0.32,0.65
33.60997724533081,0.30000000000000004,1.4000000000000001,-62.7,0.39,-0.3,0.64
33.62082028388977,0.30000000000000004,1.9000000000000001,-62.800000000000004,0.36,-0.3,0.64
33.63066387176514,0.30000000000000004,2.5,-62.6,0.3,-0.29,0.65
33.63978362083435,0.2,2.0,-62.1,0.35000000000000003,-0.3,0.65
33.65020990371704,0.1,2.6,-62.0,0.31,-0.3,0.64
33.66080975532532,-0.1,2.9000000000000004,-62.7,0.23,-0.34,0.65
33.66975164413452,-0.5,1.9000000000000001,-61.800000000000004,0.35000000000000003,-0.38,0.66
33.68094229698181,-0.30000000000000004,1.6,-62.1,0.39,-0.37,0.64
33.69086170196533,-0.6000000000000001,2.1,-62.800000000000004,0.34,-0.37,0.65
33.700480937957764,-0.2,2.2,-62.6,0.36,-0.36,0.64
33.710397720336914,0.30000000000000004,2.7,-62.800000000000004,0.3,-0.31,0.63
33.71987795829773,0.6000000000000001,2.9000000000000004,-62.400000000000006,0.26,-0.26,0.63
33.73008346557617,-0.2,2.0,-62.400000000000006,0.33,-0.37,0.65
33.74015498161316,-0.1,2.1,-62.800000000000004,0.35000000000000003,-0.39,0.64
33.749945640563965,0.30000000000000004,2.6,-63.0,0.3,-0.31,0.64
33.76073384284973,0.9,2.5,-62.7,0.28,-0.22,0.64
33.77018404006958,0.6000000000000001,2.3000000000000003,-62.800000000000004,0.31,-0.25,0.64
33.78015851974487,0.1,2.7,-62.2,0.31,-0.3,0.64
33.79001975059509,-0.1,2.3000000000000003,-62.800000000000004,0.32,-0.35000000000000003,0.65
33.7999427318573,-0.4,2.3000000000000003,-62.900000000000006,0.29,-0.38,0.65
33.81043004989624,-0.6000000000000001,2.4000000000000004,-62.800000000000004,0.29,-0.39,0.64
33.820738077163696,-0.30000000000000004,2.0,-62.7,0.33,-0.36,0.65
33.83086609840393,-0.2,2.1,-61.7,0.36,-0.32,0.64
33.84041404724121,-0.4,2.0,-61.900000000000006,0.36,-0.37,0.66
33.84979438781738,-0.8,2.1,-62.1,0.36,-0.42,0.64
33.85996174812317,-0.6000000000000001,2.4000000000000004,-62.2,0.33,-0.4,0.65
33.870248794555664,-0.2,2.3000000000000003,-62.800000000000004,0.29,-0.34,0.66
33.879859924316406,0.0,1.7000000000000002,-62.7,0.38,-0.32,0.65
33.890077114105225,0.1,2.1,-62.1,0.37,-0.32,0.65
33.899810552597046,0.1,2.4000000000000004,-63.1,0.31,-0.32,0.65
33.90988206863403,0.0,2.2,-63.0,0.32,-0.3,0.66
33.919771909713745,0.1,2.4000000000000004,-63.2,0.3,-0.32,0.66
33.9301335811615,0.30000000000000004,2.6,-63.2,0.3,-0.31,0.65
33.93999481201172,0.0,2.3000000000000003,-62.800000000000004,0.31,-0.31,0.64
33.94992470741272,-0.4,2.3000000000000003,-63.0,0.31,-0.37,0.65
33.96028137207031,-0.7000000000000001,2.3000000000000003,-62.900000000000006,0.32,-0.42,0.64
33.97003936767578,-0.6000000000000001,2.2,-62.900000000000006,0.32,-0.4,0.64
33.97981286048889,-0.5,2.1,-62.800000000000004,0.33,-0.38,0.65
33.98990511894226,-0.5,1.9000000000000001,-62.6,0.36,-0.36,0.64
34.00032377243042,-0.6000000000000001,2.3000000000000003,-62.900000000000006,0.32,-0.4,0.65
34.00982356071472,-0.6000000000000001,2.1,-62.800000000000004,0.32,-0.38,0.65
34.01976752281189,-0.30000000000000004,2.1,-63.0,0.33,-0.35000000000000003,0.65
34.03019094467163,-0.2,2.3000000000000003,-63.2,0.3,-0.35000000000000003,0.65
34.040003299713135,-0.2,2.3000000000000003,-62.800000000000004,0.31,-0.34,0.65
34.04983615875244,-0.1,2.3000000000000003,-62.800000000000004,0.32,-0.34,0.65
34.05977010726929,-0.30000000000000004,2.3000000000000003,-62.800000000000004,0.32,-0.34,0.65
34.07032871246338,-0.30000000000000004,2.5,-63.1,0.31,-0.37,0.66
34.07985877990723,-0.2,2.7,-63.2,0.28,-0.36,0.64
34.08995175361633,-0.30000000000000004,2.6,-62.800000000000004,0.3,-0.34,0.66
34.09988760948181,-0.5,2.4000000000000004,-62.900000000000006,0.32,-0.37,0.66
34.110286474227905,-1.1,2.3000000000000003,-63.0,0.31,-0.44,0.64
34.1198947429657,-1.1,2.1,-63.1,0.33,-0.43,0.65
34.129857301712036,-0.7000000000000001,2.2,-63.1,0.32,-0.4,0.64
34.14001822471619,-0.7000000000000001,2.4000000000000004,-63.0,0.31,-0.4,0.64
34.14978337287903,-0.6000000000000001,2.3000000000000003,-63.0,0.31,-0.39,0.64
34.16022324562073,-0.6000000000000001,2.3000000000000003,-63.1,0.32,-0.39,0.65
34.1707866191864,-0.5,2.1,-63.2,0.34,-0.38,0.64
34.17984652519226,-0.4,2.4000000000000004,-63.0,0.31,-0.36,0.65
34.18989825248718,-0.1,2.3000000000000003,-62.6,0.33,-0.32,0.65
34.20072364807129,-0.4,2.5,-63.5,0.29,-0.37,0.65
34.21076822280884,-0.6000000000000001,2.1,-63.400000000000006,0.32,-0.37,0.65
34.22070074081421,-0.2,2.4000000000000004,-62.5,0.33,-0.35000000000000003,0.65
34.230690479278564,-0.1,2.4000000000000004,-63.0,0.33,-0.36,0.64
34.240777015686035,-0.6000000000000001,2.4000000000000004,-62.7,0.34,-0.39,0.64
34.2497284412384,-1.0,2.3000000000000003,-62.7,0.34,-0.46,0.65
34.25980019569397,-1.3,2.2,-62.400000000000006,0.35000000000000003,-0.47000000000000003,0.65
34.27052664756775,-1.2000000000000002,2.1,-63.1,0.34,-0.44,0.66
34.27981495857239,-0.9,2.2,-63.1,0.32,-0.39,0.65
34.29001021385193,-0.7000000000000001,2.0,-62.5,0.36,-0.39,0.67
34.30007195472717,-0.9,2.2,-63.300000000000004,0.34,-0.44,0.64
34.31032109260559,-0.8,2.3000000000000003,-63.400000000000006,0.3,-0.41000000000000003,0.64
34.31974124908447,-0.6000000000000001,2.4000000000000004,-63.1,0.3,-0.37,0.65
34.33001351356506,-0.30000000000000004,2.5,-62.900000000000006,0.31,-0.36,0.64
34.34076547622681,-0.1,2.2,-63.400000000000006,0.33,-0.35000000000000003,0.65
34.34983038902283,-0.6000000000000001,2.2,-63.2,0.33,-0.36,0.65
34.360095500946045,-0.8,2.6,-62.800000000000004,0.31,-0.4,0.66
34.3712272644043,-0.7000000000000001,2.6,-63.800000000000004,0.28,-0.45,0.65
34.38088655471802,-0.7000000000000001,2.5,-63.5,0.28,-0.36,0.65
34.38984417915344,-1.0,2.3000000000000003,-62.400000000000006,0.34,-0.4,0.67
34.3999457359314,-0.7000000000000001,2.7,-62.900000000000006,0.3,-0.42,0.64
34.41005325317383,-1.2000000000000002,2.6,-63.6,0.26,-0.45,0.67
34.419843435287476,-1.3,2.2,-63.400000000000006,0.32,-0.43,0.66
34.42979311943054,-1.0,2.0,-63.5,0.35000000000000003,-0.45,0.65
34.439802408218384,-0.8,2.5,-63.2,0.33,-0.42,0.66
34.449806690216064,-0.5,2.6,-63.2,0.29,-0.38,0.65
34.460044145584106,-0.7000000000000001,2.4000000000000004,-63.6,0.3,-0.39,0.66
34.470014333724976,-1.1,2.3000000000000003,-63.400000000000006,0.33,-0.43,0.64
34.48014163970947,-1.0,2.3000000000000003,-63.400000000000006,0.32,-0.42,0.65
34.489938259124756,-0.7000000000000001,2.5,-63.5,0.3,-0.39,0.64
34.5007758140564,-0.7000000000000001,2.3000000000000003,-63.5,0.32,-0.38,0.64
34.51073241233826,-0.9,2.3000000000000003,-63.400000000000006,0.33,-0.41000000000000003,0.65
34.51975917816162,-1.0,2.5,-62.7,0.34,-0.41000000000000003,0.65
34.53065323829651,-1.2000000000000002,2.5,-62.900000000000006,0.32,-0.44,0.66
34.539939403533936,-1.7000000000000002,2.7,-63.900000000000006,0.26,-0.51,0.65
34.5500271320343,-1.5,2.5,-62.6,0.32,-0.43,0.65
34.5598042011261,-0.9,2.0,-63.6,0.34,-0.44,0.66
34.57091236114502,-1.2000000000000002,2.0,-63.400000000000006,0.35000000000000003,-0.43,0.65
34.58077692985535,-1.5,2.4000000000000004,-63.300000000000004,0.33,-0.5,0.65
34.590293169021606,-1.3,2.5,-63.1,0.33,-0.44,0.64
34.60019373893738,-0.9,2.7,-62.800000000000004,0.31,-0.41000000000000003,0.66
34.610864877700806,-0.9,2.8000000000000003,-63.800000000000004,0.27,-0.41000000000000003,0.65
34.61978554725647,-0.8,2.2,-63.7,0.33,-0.41000000000000003,0.65
34.62981176376343,-0.30000000000000004,2.3000000000000003,-63.2,0.35000000000000003,-0.35000000000000003,0.65
34.64042353630066,-0.5,2.5,-63.800000000000004,0.32,-0.37,0.66
34.65063548088074,-0.9,2.4000000000000004,-63.800000000000004,0.31,-0.42,0.64
34.65980076789856,-1.1,2.5,-63.5,0.31,-0.41000000000000003,0.65
34.66985321044922,-1.0,2.4000000000000004,-63.2,0.33,-0.42,0.65
34.68041753768921,-1.5,2.4000000000000004,-64.0,0.3,-0.5,0.65
34.69050860404968,-1.8,2.3000000000000003,-63.7,0.31,-0.49,0.66
34.70017409324646,-1.4000000000000001,2.4000000000000004,-63.300000000000004,0.34,-0.45,0.65
34.710227489471436,-1.4000000000000001,2.3000000000000003,-63.300000000000004,0.35000000000000003,-0.45,0.65
34.71986722946167,-1.4000000000000001,2.3000000000000003,-63.6,0.32,-0.46,0.65
34.72989559173584,-1.5,2.5,-63.800000000000004,0.28,-0.48,0.66
34.74011421203613,-1.3,2.4000000000000004,-63.5,0.31,-0.45,0.65
34.75076746940613,-1.5,2.5,-63.800000000000004,0.31,-0.47000000000000003,0.66
34.75973296165466,-1.3,2.4000000000000004,-63.6,0.31,-0.45,0.66
34.769834995269775,-0.9,2.7,-63.0,0.31,-0.4,0.65
34.77990674972534,-0.8,2.6,-64.2,0.28,-0.42,0.66
34.790090799331665,-1.3,2.6,-63.6,0.29,-0.45,0.66
34.79987621307373,-1.1,2.5,-63.800000000000004,0.32,-0.45,0.66
34.81001257896423,-0.9,2.7,-63.800000000000004,0.29,-0.42,0.66
34.82068419456482,-1.1,2.4000000000000004,-63.900000000000006,0.31,-0.42,0.64
34.830673694610596,-1.8,2.3000000000000003,-64.10000000000001,0.31,-0.49,0.65
34.84014081954956,-2.1,2.5,-63.800000000000004,0.33,-0.53,0.65
34.850250005722046,-1.6,2.2,-63.7,0.35000000000000003,-0.48,0.66
34.85985851287842,-1.5,3.0,-64.10000000000001,0.23,-0.49,0.62
34.87032628059387,-1.7000000000000002,2.1,-64.2,0.32,-0.47000000000000003,0.67
34.88039231300354,-1.2000000000000002,2.0,-64.10000000000001,0.35000000000000003,-0.45,0.65
34.89078164100647,-1.4000000000000001,2.2,-63.6,0.36,-0.45,0.65
34.90004539489746,-1.4000000000000001,2.7,-63.400000000000006,0.3,-0.45,0.65
34.910038471221924,-1.0,2.5,-63.800000000000004,0.3,-0.43,0.66
34.9201283454895,-1.3,2.5,-64.2,0.28,-0.44,0.67
34.929731607437134,-1.3,2.1,-64.10000000000001,0.34,-0.45,0.66
34.940967321395874,-1.3,2.2,-64.3,0.34,-0.45,0.67
34.95020270347595,-1.2000000000000002,2.4000000000000004,-64.4,0.32,-0.44,0.64
34.96121382713318,-1.0,2.9000000000000004,-62.800000000000004,0.3,-0.38,0.65
34.96969532966614,-2.3000000000000003,2.5,-64.10000000000001,0.3,-0.56,0.65
34.98081660270691,-1.9000000000000001,2.7,-62.900000000000006,0.32,-0.55,0.66
34.990386724472046,-1.8,2.8000000000000003,-63.800000000000004,0.25,-0.48,0.64
34.99984693527222,-1.7000000000000002,2.5,-63.7,0.32,-0.47000000000000003,0.66
35.01064205169678,-2.0,2.0,-64.0,0.36,-0.52,0.65
35.020275354385376,-2.4000000000000004,2.4000000000000004,-64.5,0.31,-0.5700000000000001,0.66
35.0297954082489,-1.7000000000000002,3.1,-63.5,0.29,-0.46,0.64
35.03978157043457,-1.3,2.4000000000000004,-64.2,0.28,-0.46,0.66
35.04997801780701,-1.5,2.4000000000000004,-64.4,0.29,-0.48,0.65
35.06028890609741,-1.5,2.6,-64.10000000000001,0.3,-0.44,0.66
35.07027864456177,-1.4000000000000001,2.3000000000000003,-64.4,0.32,-0.47000000000000003,0.66
35.080162048339844,-1.4000000000000001,2.3000000000000003,-64.4,0.32,-0.45,0.65
35.08997321128845,-1.4000000000000001,2.9000000000000004,-64.3,0.28,-0.45,0.67
35.099884271621704,-1.3,2.7,-64.3,0.29,-0.43,0.66
35.11123704910278,-1.7000000000000002,2.4000000000000004,-64.5,0.29,-0.47000000000000003,0.67
35.11964464187622,-2.4000000000000004,2.4000000000000004,-64.2,0.33,-0.54,0.64
35.13009786605835,-1.8,2.9000000000000004,-63.5,0.31,-0.54,0.66
35.14099669456482,-1.8,2.7,-64.0,0.29,-0.5,0.64
35.15004086494446,-2.0,2.3000000000000003,-63.900000000000006,0.33,-0.51,0.66
35.16049098968506,-2.3000000000000003,2.5,-64.10000000000001,0.33,-0.55,0.65
35.171452045440674,-2.7,2.3000000000000003,-64.60000000000001,0.32,-0.58,0.65
35.180140018463135,-2.2,2.7,-63.900000000000006,0.31,-0.53,0.65
35.19015097618103,-1.4000000000000001,2.7,-64.0,0.3,-0.46,0.67
35.19990086555481,-1.1,2.6,-64.5,0.27,-0.42,0.64
35.21016526222229,-1.6,2.4000000000000004,-64.3,0.32,-0.45,0.67
35.21975660324097,-1.9000000000000001,2.0,-64.3,0.35000000000000003,-0.5,0.66
35.229711055755615,-1.9000000000000001,2.2,-65.0,0.33,-0.53,0.66
35.24087715148926,-1.5,3.2,-64.5,0.25,-0.47000000000000003,0.65
35.24977993965149,-1.4000000000000001,2.6,-64.7,0.27,-0.41000000000000003,0.65
35.25993466377258,-1.6,2.5,-64.0,0.31,-0.47000000000000003,0.66
35.271361351013184,-2.3000000000000003,2.4000000000000004,-64.7,0.32,-0.56,0.66
35.28083920478821,-2.3000000000000003,2.5,-64.3,0.32,-0.58,0.64
35.29011583328247,-2.1,2.2,-64.7,0.32,-0.52,0.66
35.300485134124756,-1.4000000000000001,2.8000000000000003,-63.6,0.29,-0.45,0.64
35.31066679954529,-1.9000000000000001,2.4000000000000004,-64.7,0.33,-0.54,0.66
35.31980848312378,-2.4000000000000004,2.3000000000000003,-64.10000000000001,0.34,-0.55,0.65
35.32989811897278,-2.1,2.5,-64.3,0.31,-0.55,0.67
35.33996295928955,-2.0,2.6,-64.8,0.29,-0.54,0.65
35.350032329559326,-1.6,2.5,-64.60000000000001,0.3,-0.46,0.65
35.35982966423035,-1.4000000000000001,2.3000000000000003,-64.5,0.32,-0.46,0.65
35.37168097496033,-1.6,2.4000000000000004,-64.7,0.33,-0.47000000000000003,0.64
35.38020968437195,-2.2,2.5,-64.7,0.31,-0.53,0.65
35.3899040222168,-1.9000000000000001,2.9000000000000004,-64.9,0.28,-0.52,0.67
35.399739027023315,-2.0,3.0,-64.7,0.23,-0.49,0.64
35.40998458862305,-2.3000000000000003,2.3000000000000003,-64.7,0.3,-0.52,0.68
35.420140504837036,-2.6,2.0,-64.8,0.35000000000000003,-0.5700000000000001,0.66
35.429792404174805,-2.9000000000000004,2.2,-65.2,0.33,-0.59,0.66
35.43977618217468,-2.6,3.1,-64.8,0.26,-0.54,0.65
35.45038175582886,-2.2,2.7,-64.7,0.26,-0.51,0.66
35.45972943305969,-2.3000000000000003,2.7,-65.0,0.26,-0.55,0.67
35.47015643119812,-2.5,2.5,-65.0,0.3,-0.58,0.67
35.480732917785645,-2.1,2.6,-64.8,0.31,-0.52,0.66
35.490079402923584,-1.8,2.7,-64.8,0.29,-0.49,0.64
35.49980545043945,-1.1,2.6,-63.900000000000006,0.32,-0.43,0.66
35.509793281555176,-1.4000000000000001,2.9000000000000004,-64.8,0.28,-0.47000000000000003,0.67
35.51995897293091,-2.2,2.8000000000000003,-64.9,0.28,-0.52,0.67
35.529892921447754,-2.2,2.7,-65.0,0.29,-0.53,0.65
35.539705753326416,-1.9000000000000001,2.7,-65.0,0.27,-0.5,0.65
35.55056977272034,-2.0,2.4000000000000004,-65.2,0.29,-0.51,0.65
35.55993437767029,-2.6,2.4000000000000004,-64.9,0.32,-0.54,0.66
35.56984043121338,-3.2,2.8000000000000003,-64.7,0.31,-0.61,0.66
35.580084562301636,-2.7,2.3000000000000003,-65.4,0.3,-0.6,0.66
35.59006857872009,-2.6,2.3000000000000003,-65.0,0.3,-0.55,0.65
35.59993243217468,-2.7,2.5,-65.0,0.3,-0.55,0.65
35.61074995994568,-2.6,2.2,-65.0,0.33,-0.58,0.66
35.620728492736816,-2.3000000000000003,2.6,-64.9,0.31,-0.54,0.66
35.63075256347656,-2.1,2.5,-64.2,0.32,-0.51,0.66
35.63975787162781,-2.4000000000000004,2.4000000000000004,-64.7,0.33,-0.5700000000000001,0.65
35.65043115615845,-2.0,2.8000000000000003,-64.5,0.29,-0.52,0.66
35.65981674194336,-2.2,2.8000000000000003,-65.3,0.26,-0.52,0.67
35.67023515701294,-1.9000000000000001,2.4000000000000004,-65.10000000000001,0.31,-0.48,0.66
35.680171251297,-2.1,2.7,-65.3,0.32,-0.52,0.65
35.690165519714355,-2.1,2.5,-65.5,0.31,-0.51,0.64
35.69997024536133,-2.3000000000000003,2.7,-65.10000000000001,0.29,-0.51,0.65
35.710123777389526,-2.9000000000000004,2.4000000000000004,-65.4,0.3,-0.6,0.66
35.720035552978516,-3.0,2.5,-65.60000000000001,0.3,-0.62,0.66
35.73003602027893,-2.8000000000000003,2.6,-65.5,0.28,-0.59,0.66
35.74011993408203,-2.5,2.4000000000000004,-65.3,0.3,-0.55,0.65
35.75009107589722,-2.7,2.5,-65.5,0.3,-0.56,0.66
35.76001977920532,-3.0,2.3000000000000003,-65.4,0.32,-0.6,0.67
35.76992726325989,-2.6,2.6,-65.4,0.29,-0.5700000000000001,0.66
35.78086447715759,-2.4000000000000004,2.5,-65.3,0.28,-0.55,0.67
35.790714502334595,-2.2,2.3000000000000003,-65.2,0.31,-0.52,0.66
35.800833225250244,-2.0,3.0,-64.7,0.3,-0.5,0.66
35.80981183052063,-2.0,2.9000000000000004,-64.7,0.28,-0.52,0.67
35.820823669433594,-2.3000000000000003,3.3000000000000003,-64.7,0.24,-0.53,0.66
35.830636501312256,-2.8000000000000003,2.6,-65.60000000000001,0.3,-0.6,0.66
35.839961767196655,-2.4000000000000004,2.9000000000000004,-65.5,0.3,-0.52,0.65
35.84989070892334,-1.9000000000000001,3.0,-64.60000000000001,0.27,-0.5,0.67
35.86070537567139,-2.5,2.7,-65.4,0.27,-0.5700000000000001,0.67
35.86997413635254,-3.1,2.7,-65.7,0.29,-0.6,0.66
35.879838705062866,-3.3000000000000003,3.0,-65.4,0.28,-0.62,0.65
35.89094257354736,-2.9000000000000004,2.7,-65.7,0.27,-0.6,0.65
35.90072250366211,-2.8000000000000003,2.5,-65.8,0.29,-0.5700000000000001,0.66
35.91067361831665,-2.8000000000000003,3.1,-65.5,0.27,-0.5700000000000001,0.66
35.920751094818115,-3.0,2.7,-65.4,0.31,-0.6,0.66
35.93019700050354,-2.2,2.9000000000000004,-65.10000000000001,0.29,-0.53,0.66
35.94095492362976,-2.1,2.6,-65.10000000000001,0.31,-0.52,0.67
35.95038843154907,-2.4000000000000004,2.3000000000000003,-66.0,0.3,-0.58,0.67
35.96021342277527,-2.2,2.8000000000000003,-65.3,0.31,-0.5,0.66
35.969929218292236,-1.9000000000000001,2.9000000000000004,-65.10000000000001,0.28,-0.5,0.66
35.97997164726257,-2.1,2.4000000000000004,-65.8,0.3,-0.54,0.67
35.99027156829834,-2.5,2.6,-65.8,0.29,-0.55,0.67
36.00006699562073,-2.5,2.8000000000000003,-65.9,0.28,-0.56,0.67
36.01007413864136,-2.4000000000000004,2.5,-65.7,0.29,-0.54,0.67
36.019869327545166,-2.5,2.5,-65.5,0.31,-0.54,0.67
36.03062629699707,-2.9000000000000004,2.7,-65.5,0.29,-0.61,0.68
36.03984498977661,-3.3000000000000003,2.7,-65.9,0.27,-0.68,0.65
36.05034112930298,-2.9000000000000004,2.8000000000000003,-64.8,0.3,-0.58,0.67
36.06011986732483,-3.1,2.5,-65.8,0.3,-0.61,0.65
36.06993126869202,-3.2,2.6,-65.4,0.32,-0.61,0.66
36.07987141609192,-2.9000000000000004,2.7,-65.7,0.3,-0.61,0.66
36.09005856513977,-2.9000000000000004,2.5,-65.9,0.3,-0.61,0.65
36.09990930557251,-2.7,2.6,-65.9,0.29,-0.55,0.65
36.11000084877014,-2.5,2.7,-65.7,0.3,-0.56,0.66
36.119677782058716,-2.5,3.1,-65.7,0.26,-0.56,0.66
36.12990164756775,-2.5,2.8000000000000003,-65.9,0.27,-0.56,0.66
36.13979887962341,-2.8000000000000003,2.9000000000000004,-65.8,0.28,-0.56,0.66
36.15013027191162,-2.6,3.0,-66.0,0.26,-0.58,0.67
36.16134476661682,-2.3000000000000003,2.8000000000000003,-65.9,0.28,-0.55,0.67
36.17029023170471,-2.7,3.1,-65.7,0.27,-0.58,0.64
36.18020534515381,-3.1,2.8000000000000003,-65.4,0.31,-0.61,0.68
36.190720081329346,-3.0,3.0,-66.0,0.25,-0.62,0.66
36.20006465911865,-3.1,2.9000000000000004,-66.4,0.26,-0.64,0.65
36.209914445877075,-2.6,2.7,-65.0,0.31,-0.58,0.68
36.21987318992615,-2.8000000000000003,2.4000000000000004,-66.10000000000001,0.33,-0.6,0.65
36.23091769218445,-3.0,3.0,-66.3,0.27,-0.6,0.65
36.2399697303772,-3.0,2.7,-66.0,0.28,-0.6,0.65
36.24974322319031,-2.8000000000000003,2.7,-65.8,0.32,-0.5700000000000001,0.65
36.26097345352173,-2.9000000000000004,2.8000000000000003,-66.4,0.28,-0.61,0.66
36.270440101623535,-3.0,2.5,-66.3,0.29,-0.58,0.65
36.280014753341675,-2.5,3.1,-65.60000000000001,0.29,-0.54,0.66
36.29001259803772,-2.6,2.8000000000000003,-65.7,0.31,-0.59,0.66
36.300633907318115,-2.7,2.5,-66.5,0.28,-0.6,0.66
36.310521602630615,-2.8000000000000003,2.6,-66.4,0.28,-0.5700000000000001,0.66
36.31976103782654,-2.9000000000000004,2.9000000000000004,-65.5,0.29,-0.6,0.66
36.33017373085022,-2.7,2.8000000000000003,-65.60000000000001,0.28,-0.59,0.67
36.33979678153992,-2.6,2.4000000000000004,-66.2,0.29,-0.58,0.67
36.3497519493103,-3.1,2.7,-66.2,0.29,-0.61,0.67
36.36027932167053,-3.4000000000000004,2.5,-66.10000000000001,0.3,-0.65,0.67
36.37091279029846,-3.2,3.1,-66.0,0.26,-0.62,0.67
36.37981176376343,-3.0,2.8000000000000003,-66.4,0.28,-0.6,0.64
36.38980007171631,-2.6,2.9000000000000004,-65.3,0.3,-0.56,0.67
36.400739669799805,-2.9000000000000004,3.0,-66.10000000000001,0.26,-0.61,0.68
36.40986442565918,-3.0,2.6,-66.5,0.29,-0.61,0.66
36.419835567474365,-2.6,3.2,-65.9,0.27,-0.55,0.64
36.43007826805115,-2.6,2.5,-66.4,0.3,-0.58,0.65
36.439955949783325,-2.8000000000000003,3.0,-66.4,0.27,-0.5700000000000001,0.65
36.449830055236816,-2.8000000000000003,3.2,-66.3,0.23,-0.59,0.66
36.46032738685608,-2.6,2.8000000000000003,-66.5,0.26,-0.58,0.66
36.47077560424805,-2.8000000000000003,3.0,-66.5,0.26,-0.58,0.66
36.48005557060242,-3.2,2.9000000000000004,-66.60000000000001,0.28,-0.62,0.67
36.48975968360901,-2.9000000000000004,3.3000000000000003,-66.3,0.26,-0.59,0.67
36.499863147735596,-3.1,2.8000000000000003,-66.5,0.26,-0.61,0.66
36.51102375984192,-3.3000000000000003,2.8000000000000003,-66.60000000000001,0.27,-0.63,0.67
36.51977753639221,-3.4000000000000004,3.2,-66.3,0.28,-0.66,0.64
36.53025794029236,-3.2,3.1,-65.8,0.28,-0.61,0.67
36.54017376899719,-3.1,3.2,-66.2,0.23,-0.63,0.68
36.54987144470215,-3.1,3.1,-65.60000000000001,0.27,-0.62,0.68
36.56027388572693,-2.8000000000000003,2.9000000000000004,-66.2,0.26,-0.59,0.67
36.570310831069946,-3.0,2.8000000000000003,-66.60000000000001,0.28,-0.62,0.65
36.579869508743286,-3.2,2.9000000000000004,-66.60000000000001,0.28,-0.61,0.65
36.589945793151855,-2.7,2.9000000000000004,-66.0,0.28,-0.59,0.68
36.59984517097473,-2.9000000000000004,2.8000000000000003,-66.60000000000001,0.28,-0.6,0.65
36.61007905006409,-3.1,2.8000000000000003,-66.60000000000001,0.27,-0.62,0.66
36.61977696418762,-3.1,3.0,-66.60000000000001,0.26,-0.62,0.66
36.629902839660645,-3.0,2.8000000000000003,-66.7,0.28,-0.59,0.66
36.64110469818115,-2.9000000000000004,2.7,-66.7,0.28,-0.6,0.66
36.649805307388306,-3.0,2.5,-66.9,0.3,-0.6,0.67
36.659790992736816,-2.9000000000000004,3.2,-66.5,0.27,-0.59,0.66
36.67146301269531,-2.9000000000000004,2.6,-66.8,0.27,-0.62,0.67
36.680248737335205,-3.2,3.2,-66.8,0.27,-0.64,0.64
36.68986988067627,-3.0,2.9000000000000004,-66.0,0.3,-0.61,0.68
36.7008798122406,-3.1,3.0,-66.7,0.24,-0.62,0.66
36.71091914176941,-3.5,2.9000000000000004,-66.8,0.27,-0.67,0.65
36.72071075439453,-3.5,2.9000000000000004,-66.7,0.3,-0.63,0.65
36.730679988861084,-3.2,2.7,-66.60000000000001,0.32,-0.61,0.65
36.740156173706055,-3.5,3.2,-66.7,0.26,-0.66,0.65
36.749969244003296,-3.4000000000000004,3.0,-66.5,0.29,-0.64,0.66
36.759883880615234,-3.1,2.8000000000000003,-66.9,0.28,-0.63,0.65
36.770185708999634,-3.0,2.8000000000000003,-67.10000000000001,0.26,-0.61,0.65
36.78048777580261,-3.0,2.9000000000000004,-66.8,0.27,-0.6,0.65
36.789958477020264,-3.0,3.2,-67.10000000000001,0.25,-0.61,0.65
36.80011987686157,-3.1,3.6,-66.7,0.23,-0.63,0.66
36.81104278564453,-3.1,3.2,-66.9,0.24,-0.63,0.66
36.819812297821045,-3.1,2.9000000000000004,-67.3,0.25,-0.6,0.66
36.82984209060669,-3.3000000000000003,3.5,-66.7,0.25,-0.61,0.66
36.84000325202942,-3.4000000000000004,2.9000000000000004,-67.4,0.26,-0.67,0.67
36.85007309913635,-2.9000000000000004,3.3000000000000003,-67.0,0.23,-0.61,0.66
36.860135316848755,-3.1,3.3000000000000003,-67.2,0.26,-0.63,0.64
36.87153625488281,-3.4000000000000004,3.1,-67.0,0.26,-0.65,0.67
36.880610942840576,-3.5,3.5,-67.10000000000001,0.23,-0.67,0.64
36.88980007171631,-3.4000000000000004,3.1,-67.10000000000001,0.25,-0.63,0.65
36.90070199966431,-2.9000000000000004,3.3000000000000003,-66.2,0.23,-0.59,0.65
36.9099178314209,-3.5,2.7,-67.60000000000001,0.29,-0.68,0.66
36.91997218132019,-3.2,2.9000000000000004,-66.10000000000001,0.31,-0.63,0.68
36.92973208427429,-3.1,3.0,-66.7,0.27,-0.61,0.68
36.9399631023407,-3.1,3.0,-66.7,0.26,-0.61,0.67
36.94985914230347,-3.5,3.1,-67.0,0.26,-0.66,0.65
36.96035671234131,-3.4000000000000004,2.9000000000000004,-67.4,0.26,-0.64,0.65
36.97000575065613,-3.3000000000000003,3.0,-67.5,0.25,-0.62,0.66
36.97987222671509,-3.4000000000000004,3.1,-66.8,0.28,-0.63,0.66
36.989909648895264,-3.4000000000000004,2.8000000000000003,-67.4,0.29,-0.65,0.67
37.00063467025757,-3.1,2.8000000000000003,-67.7,0.27,-0.63,0.66
37.010088205337524,-3.1,3.0,-67.4,0.26,-0.59,0.66
37.02080011367798,-3.1,3.1,-67.3,0.28,-0.6,0.66
37.02994108200073,-3.4000000000000004,3.0,-67.5,0.26,-0.65,0.67
37.039968490600586,-3.5,3.5,-66.9,0.26,-0.66,0.67
37.0507709980011,-3.1,3.0,-67.3,0.24,-0.62,0.67
37.05983638763428,-2.9000000000000004,3.0,-67.3,0.27,-0.6,0.64
37.06992745399475,-3.1,3.3000000000000003,-66.4,0.27,-0.6,0.67
37.07988357543945,-3.5,2.9000000000000004,-67.3,0.25,-0.68,0.6900000000000001
37.09016275405884,-3.4000000000000004,3.5,-67.0,0.21,-0.64,0.68
37.099992752075195,-3.3000000000000003,2.9000000000000004,-67.3,0.27,-0.62,0.66
37.109947681427,-3.2,3.2,-67.10000000000001,0.27,-0.62,0.64
37.11978530883789,-3.6,3.2,-67.4,0.26,-0.68,0.66
37.13006544113159,-4.1000000000000005,3.1,-67.5,0.27,-0.71,0.66
37.140631914138794,-3.7,3.4000000000000004,-67.4,0.24,-0.67,0.66
37.14981508255005,-3.3000000000000003,2.9000000000000004,-67.4,0.27,-0.62,0.65
37.1599223613739,-3.2,3.3000000000000003,-67.0,0.27,-0.61,0.66
37.17026901245117,-3.6,3.3000000000000003,-67.60000000000001,0.22,-0.67,0.67
37.17977690696716,-3.8000000000000003,3.4000000000000004,-67.7,0.22,-0.6900000000000001,0.67
37.18988561630249,-3.1,3.3000000000000003,-67.3,0.25,-0.61,0.67
37.19998383522034,-2.8000000000000003,3.1,-67.60000000000001,0.24,-0.58,0.66
37.209859132766724,-2.9000000000000004,3.2,-67.5,0.24,-0.59,0.67
37.21976900100708,-3.4000000000000004,3.1,-67.7,0.25,-0.64,0.68
37.23017501831055,-3.5,3.2,-67.7,0.25,-0.66,0.67
37.24028491973877,-3.2,3.3000000000000003,-67.7,0.24,-0.63,0.67
37.24980330467224,-2.8000000000000003,3.2,-67.5,0.25,-0.58,0.64
37.26061224937439,-2.9000000000000004,3.2,-67.2,0.25,-0.59,0.67
37.27018189430237,-4.0,3.1,-67.8,0.27,-0.71,0.66
37.27986812591553,-4.2,3.4000000000000004,-67.5,0.25,-0.71,0.66
37.28998517990112,-3.6,2.6,-67.9,0.29,-0.65,0.65
37.30082845687866,-3.3000000000000003,3.1,-67.60000000000001,0.26,-0.63,0.65
37.31073594093323,-3.6,2.9000000000000004,-67.8,0.27,-0.66,0.65
37.32073402404785,-3.7,3.0,-67.3,0.29,-0.66,0.66
37.33079528808594,-3.9000000000000004,3.6,-67.3,0.24,-0.6900000000000001,0.66
37.34013223648071,-3.7,3.2,-67.4,0.25,-0.68,0.67
37.34983587265015,-3.3000000000000003,3.4000000000000004,-67.3,0.24,-0.63,0.66
37.359914779663086,-3.3000000000000003,2.8000000000000003,-67.9,0.27,-0.64,0.66
37.37043833732605,-3.4000000000000004,3.3000000000000003,-67.9,0.24,-0.64,0.67
37.37985563278198,-3.5,3.4000000000000004,-67.8,0.23,-0.64,0.67
37.39000463485718,-3.5,3.5,-67.4,0.23,-0.67,0.67
37.40068197250366,-3.3000000000000003,3.4000000000000004,-67.8,0.22,-0.63,0.66
37.410693883895874,-3.0,3.6,-67.9,0.22,-0.61,0.64
37.41980195045471,-3.4000000000000004,3.8000000000000003,-67.7,0.21,-0.63,0.65
37.4299795627594,-3.2,3.3000000000000003,-67.4,0.25,-0.64,0.67
37.440144538879395,-3.4000000000000004,3.6,-67.4,0.23,-0.65,0.68
37.44981145858765,-3.2,3.3000000000000003,-67.8,0.23,-0.63,0.68
37.46008491516113,-2.9000000000000004,3.6,-67.3,0.23,-0.59,0.68
37.47183442115784,-3.4000000000000004,3.3000000000000003,-67.9,0.25,-0.63,0.65
37.48058366775513,-3.7,3.3000000000000003,-68.10000000000001,0.24,-0.68,0.66
37.48984098434448,-3.8000000000000003,3.7,-67.4,0.22,-0.6900000000000001,0.67
37.50080442428589,-4.0,3.5,-67.60000000000001,0.23,-0.7000000000000001,0.66
37.51083707809448,-3.7,2.9000000000000004,-68.3,0.25,-0.66,0.67
37.52073287963867,-3.8000000000000003,3.2,-67.7,0.29,-0.67,0.67
37.53006553649902,-3.6,3.4000000000000004,-67.60000000000001,0.27,-0.66,0.67
37.54030728340149,-3.7,3.4000000000000004,-67.8,0.25,-0.66,0.67
37.550171852111816,-4.0,3.2,-68.10000000000001,0.22,-0.71,0.68
37.56017088890076,-3.8000000000000003,2.8000000000000003,-68.0,0.28,-0.7000000000000001,0.67
37.57000708580017,-3.3000000000000003,3.5,-68.0,0.23,-0.63,0.66
37.579920291900635,-3.2,3.0,-68.0,0.25,-0.62,0.67
37.589868783950806,-3.4000000000000004,3.3000000000000003,-67.8,0.24,-0.63,0.67
37.59987950325012,-3.4000000000000004,3.0,-67.9,0.27,-0.65,0.68
37.610475301742554,-3.2,3.2,-68.0,0.24,-0.64,0.68
37.620434284210205,-3.1,3.3000000000000003,-68.4,0.22,-0.61,0.64
37.63028073310852,-3.4000000000000004,3.8000000000000003,-68.2,0.21,-0.64,0.65
37.639796018600464,-3.2,3.5,-68.0,0.24,-0.62,0.65
37.6500780582428,-3.2,3.2,-68.4,0.24,-0.62,0.66
37.65996336936951,-3.4000000000000004,3.5,-68.5,0.22,-0.66,0.66
37.67036700248718,-3.7,3.2,-68.3,0.25,-0.67,0.65
37.680299520492554,-3.8000000000000003,3.4000000000000004,-68.3,0.24,-0.6900000000000001,0.66
37.690210819244385,-3.5,3.8000000000000003,-67.9,0.22,-0.64,0.66
37.699918270111084,-3.3000000000000003,3.4000000000000004,-68.2,0.22,-0.64,0.66
37.71011972427368,-3.6,3.6,-68.2,0.2,-0.66,0.67
37.71975874900818,-3.7,3.3000000000000003,-68.10000000000001,0.24,-0.67,0.67
37.729714155197144,-3.8000000000000003,2.9000000000000004,-68.10000000000001,0.28,-0.67,0.67
37.74067234992981,-3.8000000000000003,3.4000000000000004,-67.9,0.24,-0.68,0.67
37.75032424926758,-3.8000000000000003,3.5,-68.0,0.22,-0.6900000000000001,0.67
37.76013994216919,-3.9000000000000004,3.5,-67.8,0.24,-0.6900000000000001,0.67
37.769829750061035,-3.9000000000000004,3.6,-68.0,0.21,-0.7000000000000001,0.67
37.78057885169983,-3.4000000000000004,3.2,-68.10000000000001,0.24,-0.64,0.67
37.79005289077759,-3.6,3.4000000000000004,-68.0,0.25,-0.65,0.64
37.79998993873596,-3.7,3.3000000000000003,-67.5,0.27,-0.67,0.68
37.80981659889221,-4.0,3.4000000000000004,-68.3,0.25,-0.71,0.65
37.819822788238525,-3.5,3.8000000000000003,-68.0,0.2,-0.66,0.67
37.829811334609985,-3.4000000000000004,3.6,-68.10000000000001,0.21,-0.64,0.65
37.83981275558472,-3.1,3.3000000000000003,-68.3,0.25,-0.61,0.66
37.85032534599304,-3.1,3.5,-68.3,0.24,-0.62,0.65
37.860917806625366,-3.3000000000000003,3.4000000000000004,-68.60000000000001,0.23,-0.64,0.66
37.870084285736084,-3.2,3.9000000000000004,-68.10000000000001,0.21,-0.62,0.66
37.88023543357849,-3.2,3.7,-68.10000000000001,0.22,-0.64,0.67
37.890212059020996,-3.1,3.4000000000000004,-68.5,0.23,-0.64,0.66
37.89984393119812,-2.8000000000000003,3.9000000000000004,-68.0,0.21,-0.5700000000000001,0.67
37.90982961654663,-3.1,3.3000000000000003,-68.4,0.23,-0.62,0.67
37.92002725601196,-3.1,3.1,-68.3,0.26,-0.63,0.67
37.92987632751465,-3.4000000000000004,3.5,-68.2,0.24,-0.62,0.66
37.94003915786743,-3.9000000000000004,3.5,-68.3,0.22,-0.7000000000000001,0.67
37.95179772377014,-3.8000000000000003,3.3000000000000003,-68.3,0.23,-0.71,0.67
37.96008324623108,-3.8000000000000003,3.5,-68.4,0.23,-0.68,0.64
37.9698383808136,-3.4000000000000004,3.4000000000000004,-67.5,0.25,-0.66,0.68
37.980557441711426,-3.3000000000000003,3.2,-68.2,0.25,-0.64,0.66
37.990349531173706,-3.9000000000000004,3.2,-68.4,0.26,-0.68,0.66
37.99980425834656,-4.6000000000000005,3.6,-68.3,0.23,-0.77,0.66
38.00984048843384,-4.4,3.3000000000000003,-68.0,0.25,-0.74,0.66
38.020835399627686,-4.1000000000000005,3.5,-68.2,0.22,-0.71,0.66
38.030121088027954,-4.1000000000000005,3.5,-68.4,0.21,-0.72,0.67
38.03977394104004,-4.0,3.4000000000000004,-68.2,0.26,-0.6900000000000001,0.66
38.05037522315979,-3.6,3.5,-68.4,0.24,-0.6900000000000001,0.66
38.06004285812378,-3.4000000000000004,3.7,-68.3,0.2,-0.63,0.66
38.06982231140137,-3.4000000000000004,3.8000000000000003,-68.2,0.21,-0.64,0.67
38.08057355880737,-3.4000000000000004,3.7,-68.5,0.21,-0.64,0.67
38.09120512008667,-3.5,3.7,-68.7,0.2,-0.66,0.66
38.099796772003174,-3.6,4.0,-68.5,0.18,-0.67,0.65
38.11005997657776,-3.1,3.8000000000000003,-68.3,0.21,-0.63,0.67
38.120213747024536,-2.8000000000000003,4.0,-68.7,0.17,-0.61,0.67
38.13003063201904,-2.8000000000000003,3.6,-68.7,0.21,-0.5700000000000001,0.67
38.13994741439819,-3.1,3.7,-68.5,0.22,-0.63,0.67
38.15164494514465,-3.1,4.0,-68.5,0.2,-0.62,0.67
38.16003084182739,-3.4000000000000004,3.5,-68.60000000000001,0.22,-0.65,0.65
38.16995286941528,-3.4000000000000004,3.8000000000000003,-68.5,0.21,-0.65,0.66
38.18013548851013,-3.3000000000000003,3.5,-68.7,0.22,-0.63,0.65
38.190601110458374,-3.7,3.3000000000000003,-68.7,0.24,-0.65,0.66
38.20007038116455,-3.7,3.4000000000000004,-68.5,0.25,-0.6900000000000001,0.67
38.21006226539612,-3.5,3.5,-68.4,0.24,-0.66,0.65
38.22023391723633,-3.6,3.4000000000000004,-68.60000000000001,0.22,-0.65,0.66
38.230947971343994,-3.8000000000000003,3.1,-68.7,0.24,-0.6900000000000001,0.67
38.240036964416504,-4.0,3.4000000000000004,-68.5,0.24,-0.71,0.66
38.249871253967285,-4.0,3.5,-68.3,0.24,-0.7000000000000001,0.66
38.260451555252075,-4.0,3.3000000000000003,-68.5,0.23,-0.7000000000000001,0.66
38.269794940948486,-4.1000000000000005,3.2,-68.3,0.27,-0.71,0.67
38.27987337112427,-4.2,3.7,-68.4,0.24,-0.72,0.67
38.2904839515686,-3.8000000000000003,3.3000000000000003,-68.60000000000001,0.23,-0.6900000000000001,0.67
38.29999256134033,-3.5,3.8000000000000003,-68.5,0.19,-0.66,0.67
38.310051918029785,-3.3000000000000003,3.6,-68.10000000000001,0.23,-0.65,0.67
38.32061839103699,-3.5,3.6,-68.4,0.23,-0.63,0.67
38.330949783325195,-3.9000000000000004,3.8000000000000003,-68.7,0.22,-0.6900000000000001,0.66
38.34006094932556,-3.7,4.0,-68.4,0.19,-0.68,0.65
38.349968671798706,-3.7,3.8000000000000003,-68.5,0.21,-0.6900000000000001,0.66
38.36066675186157,-3.5,4.0,-68.7,0.19,-0.66,0.65
38.369805574417114,-3.3000000000000003,3.8000000000000003,-68.7,0.2,-0.63,0.66
38.379904985427856,-3.6,3.9000000000000004,-68.9,0.2,-0.65,0.66
38.39053463935852,-3.3000000000000003,3.7,-68.7,0.22,-0.66,0.66
38.40002155303955,-3.1,3.8000000000000003,-68.8,0.19,-0.6,0.65
38.4098584651947,-3.2,3.9000000000000004,-68.5,0.21,-0.62,0.66
38.419830560684204,-3.2,3.9000000000000004,-68.8,0.18,-0.64,0.66
38.43016791343689,-3.3000000000000003,3.7,-68.7,0.2,-0.64,0.66
38.43977928161621,-3.7,3.8000000000000003,-68.7,0.21,-0.67,0.66
38.44995903968811,-3.9000000000000004,3.6,-68.7,0.22,-0.71,0.66
38.46037173271179,-3.7,3.8000000000000003,-68.60000000000001,0.21,-0.7000000000000001,0.66
38.47036623954773,-3.5,3.7,-68.8,0.21,-0.66,0.67
38.48066782951355,-3.6,3.6,-68.7,0.21,-0.66,0.67
38.49076581001282,-3.8000000000000003,3.5,-68.3,0.24,-0.68,0.65
38.50118017196655,-3.6,3.7,-68.5,0.22,-0.66,0.65
38.510334491729736,-3.6,3.7,-68.5,0.21,-0.66,0.66
38.51974368095398,-3.6,3.6,-68.3,0.22,-0.67,0.66
38.53029274940491,-3.7,3.4000000000000004,-68.7,0.23,-0.6900000000000001,0.66
38.53981113433838,-3.6,3.6,-68.7,0.23,-0.67,0.66
38.54968190193176,-3.6,3.8000000000000003,-68.60000000000001,0.21,-0.66,0.66
38.56075620651245,-3.7,3.5,-68.8,0.23,-0.68,0.66
38.57046437263489,-3.7,3.8000000000000003,-68.8,0.2,-0.68,0.66
38.57974863052368,-3.6,3.8000000000000003,-68.60000000000001,0.21,-0.67,0.66
38.590792179107666,-3.5,4.0,-68.5,0.2,-0.65,0.66
38.60063076019287,-3.6,3.5,-68.8,0.22,-0.68,0.66
38.6099169254303,-3.5,3.8000000000000003,-68.7,0.22,-0.66,0.66
38.619789838790894,-3.3000000000000003,3.9000000000000004,-68.60000000000001,0.2,-0.64,0.66
38.629849910736084,-3.2,3.6,-68.7,0.21,-0.63,0.66
38.63979697227478,-3.5,3.8000000000000003,-68.8,0.21,-0.66,0.66
38.64988970756531,-3.6,3.8000000000000003,-68.7,0.21,-0.68,0.67
38.66118121147156,-3.4000000000000004,4.0,-68.60000000000001,0.19,-0.65,0.66
38.67030358314514,-3.4000000000000004,3.7,-68.5,0.21,-0.65,0.65
38.6798529624939,-3.8000000000000003,3.8000000000000003,-68.60000000000001,0.21,-0.6900000000000001,0.66
38.69010782241821,-4.0,3.7,-68.5,0.22,-0.71,0.66
38.700767278671265,-3.9000000000000004,3.7,-68.60000000000001,0.21,-0.6900000000000001,0.66
38.70985198020935,-3.7,3.7,-68.7,0.21,-0.68,0.66
38.71966767311096,-3.6,3.8000000000000003,-68.7,0.22,-0.67,0.66
38.72990942001343,-3.6,3.8000000000000003,-68.9,0.2,-0.66,0.66
38.74018979072571,-3.6,3.7,-68.7,0.2,-0.66,0.66
38.74994134902954,-3.4000000000000004,4.0,-68.60000000000001,0.19,-0.65,0.66
38.760111570358276,-3.3000000000000003,3.8000000000000003,-68.8,0.19,-0.64,0.66
38.770543575286865,-3.3000000000000003,3.8000000000000003,-68.8,0.19,-0.64,0.66
38.77978801727295,-3.5,3.7,-68.60000000000001,0.21,-0.66,0.66
38.79042434692383,-3.7,3.9000000000000004,-68.7,0.2,-0.67,0.66
38.799800634384155,-3.8000000000000003,3.9000000000000004,-68.8,0.19,-0.6900000000000001,0.66
38.809935092926025,-3.9000000000000004,3.7,-68.7,0.21,-0.7000000000000001,0.66
38.819721937179565,-3.7,3.9000000000000004,-68.7,0.2,-0.68,0.66
38.82990288734436,-3.5,4.0,-68.60000000000001,0.19,-0.66,0.66
38.84003520011902,-3.6,3.7,-68.60000000000001,0.2,-0.66,0.66
38.850037574768066,-3.7,3.8000000000000003,-68.60000000000001,0.21,-0.68,0.66
38.860588788986206,-3.6,3.9000000000000004,-68.4,0.2,-0.68,0.66
38.87054085731506,-3.7,3.8000000000000003,-68.60000000000001,0.19,-0.67,0.66
38.87992262840271,-3.8000000000000003,3.8000000000000003,-68.5,0.21,-0.67,0.66
38.88990902900696,-3.6,3.9000000000000004,-68.8,0.21,-0.67,0.66
38.90075945854187,-3.5,3.6,-68.7,0.22,-0.66,0.66
38.910128355026245,-3.7,3.9000000000000004,-68.8,0.19,-0.67,0.66
38.919740438461304,-3.8000000000000003,3.9000000000000004,-68.60000000000001,0.2,-0.6900000000000001,0.66
38.929880142211914,-3.6,3.7,-68.7,0.21,-0.67,0.66
38.939756870269775,-3.3000000000000003,3.8000000000000003,-68.8,0.2,-0.64,0.66
38.95063090324402,-3.3000000000000003,3.9000000000000004,-68.8,0.2,-0.63,0.66
38.960023641586304,-3.3000000000000003,3.7,-68.8,0.21,-0.65,0.66
38.97002077102661,-3.3000000000000003,3.9000000000000004,-68.7,0.2,-0.64,0.66
38.980255126953125,-3.4000000000000004,3.9000000000000004,-68.60000000000001,0.19,-0.65,0.66
38.99071907997131,-3.6,3.7,-68.8,0.21,-0.68,0.66
39.000160217285156,-3.8000000000000003,3.8000000000000003,-68.60000000000001,0.21,-0.68,0.66
39.00977921485901,-3.5,3.7,-68.60000000000001,0.22,-0.67,0.66
39.02081489562988,-3.4000000000000004,3.8000000000000003,-68.60000000000001,0.2,-0.66,0.66
39.03013491630554,-3.6,3.8000000000000003,-68.7,0.2,-0.67,0.66
39.03997492790222,-3.8000000000000003,4.0,-68.5,0.19,-0.67,0.66
39.05023908615112,-3.8000000000000003,3.9000000000000004,-68.7,0.2,-0.7000000000000001,0.66
39.060052156448364,-3.7,3.9000000000000004,-68.7,0.19,-0.68,0.66
39.06995105743408,-3.8000000000000003,4.0,-68.5,0.19,-0.68,0.66
39.07996082305908,-3.8000000000000003,3.7,-68.5,0.22,-0.6900000000000001,0.66
39.089975357055664,-3.9000000000000004,3.9000000000000004,-68.60000000000001,0.19,-0.6900000000000001,0.66
39.099865198135376,-4.0,3.8000000000000003,-68.7,0.2,-0.73,0.66
39.1099374294281,-3.6,4.0,-68.7,0.19,-0.67,0.66
39.12044668197632,-3.1,4.1000000000000005,-68.60000000000001,0.17,-0.61,0.66
39.129868507385254,-3.1,4.0,-68.7,0.18,-0.62,0.66
39.13974189758301,-3.2,4.2,-68.7,0.18,-0.64,0.66
39.149837017059326,-3.2,4.0,-68.8,0.18,-0.64,0.66
39.16016960144043,-3.2,4.0,-68.8,0.19,-0.63,0.66
39.169973850250244,-3.2,4.0,-68.60000000000001,0.19,-0.63,0.66
39.180657386779785,-3.4000000000000004,3.9000000000000004,-68.7,0.19,-0.66,0.66
39.190651178359985,-3.6,4.1000000000000005,-68.7,0.18,-0.66,0.66
39.20074772834778,-3.6,4.0,-68.7,0.18,-0.66,0.66
39.20992588996887,-3.7,3.9000000000000004,-68.60000000000001,0.2,-0.67,0.66
39.21970295906067,-3.7,4.1000000000000005,-68.5,0.19,-0.68,0.66
39.23015069961548,-3.7,3.7,-68.60000000000001,0.21,-0.68,0.66
39.239747762680054,-3.6,3.9000000000000004,-68.5,0.2,-0.66,0.66
39.24981236457825,-3.7,3.8000000000000003,-68.4,0.21,-0.6900000000000001,0.66
39.26055192947388,-3.7,3.8000000000000003,-68.5,0.2,-0.6900000000000001,0.66
39.27008652687073,-3.7,4.0,-68.4,0.19,-0.68,0.66
39.28069472312927,-3.7,3.8000000000000003,-68.3,0.21,-0.67,0.66
39.29084515571594,-3.6,3.6,-68.60000000000001,0.22,-0.68,0.66
39.30089998245239,-3.6,3.8000000000000003,-68.4,0.21,-0.67,0.66
39.31071758270264,-3.7,3.8000000000000003,-68.4,0.21,-0.67,0.66
39.319684743881226,-3.6,3.9000000000000004,-68.5,0.2,-0.68,0.66
39.32998561859131,-3.7,4.0,-68.4,0.2,-0.68,0.66
39.340336561203,-3.7,3.9000000000000004,-68.60000000000001,0.19,-0.67,0.66
39.34969687461853,-3.6,4.1000000000000005,-68.7,0.18,-0.67,0.66
39.36043095588684,-3.4000000000000004,3.9000000000000004,-68.7,0.2,-0.65,0.66
39.37144994735718,-3.4000000000000004,4.1000000000000005,-68.7,0.18,-0.64,0.66
39.38024544715881,-3.4000000000000004,4.1000000000000005,-68.60000000000001,0.17,-0.65,0.66
39.39001822471619,-3.4000000000000004,4.0,-68.5,0.2,-0.66,0.66
39.40029740333557,-3.5,4.0,-68.5,0.18,-0.66,0.66
39.410616874694824,-3.6,4.0,-68.7,0.17,-0.67,0.66
39.420570611953735,-3.7,3.8000000000000003,-68.5,0.2,-0.67,0.66
39.429872035980225,-3.7,3.9000000000000004,-68.4,0.2,-0.68,0.66
39.44015884399414,-3.7,3.9000000000000004,-68.5,0.19,-0.6900000000000001,0.66
39.44986343383789,-3.8000000000000003,3.8000000000000003,-68.5,0.2,-0.7000000000000001,0.66
39.45981788635254,-3.8000000000000003,3.8000000000000003,-68.5,0.21,-0.6900000000000001,0.66
39.47030711174011,-3.6,3.8000000000000003,-68.4,0.21,-0.67,0.66
39.48057675361633,-3.6,4.0,-68.4,0.18,-0.67,0.66
39.4903678894043,-3.6,4.0,-68.4,0.19,-0.67,0.66
39.500794649124146,-3.6,4.0,-68.4,0.18,-0.67,0.66
39.51014828681946,-3.6,4.0,-68.5,0.19,-0.66,0.66
39.52027344703674,-3.4000000000000004,4.0,-68.5,0.19,-0.66,0.66
39.529847860336304,-3.5,4.1000000000000005,-68.5,0.19,-0.66,0.66
39.54022145271301,-3.6,4.1000000000000005,-68.5,0.18,-0.67,0.66
39.549745321273804,-3.7,4.1000000000000005,-68.5,0.18,-0.68,0.66
39.55977654457092,-3.5,4.2,-68.5,0.17,-0.67,0.66
39.5701744556427,-3.4000000000000004,4.1000000000000005,-68.4,0.19,-0.66,0.66
39.58001732826233,-3.4000000000000004,3.9000000000000004,-68.5,0.2,-0.66,0.66
39.590150594711304,-3.3000000000000003,4.1000000000000005,-68.60000000000001,0.17,-0.64,0.66
39.59982633590698,-3.3000000000000003,4.1000000000000005,-68.60000000000001,0.17,-0.64,0.66
39.61049151420593,-3.3000000000000003,4.0,-68.5,0.18,-0.64,0.66
39.61974620819092,-3.3000000000000003,4.1000000000000005,-68.4,0.18,-0.64,0.66
39.62977385520935,-3.4000000000000004,4.2,-68.5,0.17,-0.66,0.66
39.64084839820862,-3.4000000000000004,4.1000000000000005,-68.5,0.18,-0.64,0.66
39.6497917175293,-3.4000000000000004,4.2,-68.4,0.17,-0.65,0.66
39.6599555015564,-3.5,3.9000000000000004,-68.3,0.19,-0.68,0.66
39.67098927497864,-3.8000000000000003,4.2,-68.4,0.18,-0.68,0.66
39.68050742149353,-3.8000000000000003,3.8000000000000003,-68.4,0.2,-0.68,0.66
39.69006371498108,-3.8000000000000003,3.9000000000000004,-68.3,0.2,-0.7000000000000001,0.66
39.699891805648804,-3.9000000000000004,4.0,-68.4,0.18,-0.6900000000000001,0.66
39.71075391769409,-3.8000000000000003,4.0,-68.3,0.18,-0.68,0.66
39.71979808807373,-3.7,4.0,-68.4,0.19,-0.68,0.66
39.729756355285645,-3.5,3.9000000000000004,-68.3,0.2,-0.67,0.66
39.74046730995178,-3.4000000000000004,3.9000000000000004,-68.3,0.2,-0.65,0.66
39.751036643981934,-3.4000000000000004,4.0,-68.4,0.18,-0.65,0.66
39.7598717212677,-3.6,3.9000000000000004,-68.4,0.19,-0.68,0.67
39.769919872283936,-3.7,4.0,-68.3,0.19,-0.7000000000000001,0.66
39.77992916107178,-3.7,4.1000000000000005,-68.4,0.17,-0.68,0.66
39.7901496887207,-3.8000000000000003,3.9000000000000004,-68.3,0.19,-0.6900000000000001,0.66
39.79980158805847,-3.8000000000000003,3.8000000000000003,-68.5,0.2,-0.6900000000000001,0.66
39.810399770736694,-3.6,3.9000000000000004,-68.4,0.2,-0.67,0.66
39.8201105594635,-3.5,4.0,-68.4,0.18,-0.67,0.66
39.82983708381653,-3.5,4.0,-68.3,0.18,-0.67,0.66
39.8398540019989,-3.5,4.1000000000000005,-68.3,0.17,-0.66,0.66
39.849995136260986,-3.3000000000000003,4.0,-68.4,0.18,-0.66,0.66
39.85979628562927,-3.2,4.2,-68.4,0.16,-0.63,0.66
39.870020389556885,-3.2,4.0,-68.2,0.2,-0.64,0.66
39.8812530040741,-3.4000000000000004,4.1000000000000005,-68.3,0.18,-0.65,0.66
39.890013217926025,-3.7,4.0,-68.4,0.17,-0.68,0.67
39.900776386260986,-3.8000000000000003,4.0,-68.4,0.2,-0.7000000000000001,0.66
39.910759925842285,-3.7,4.0,-68.3,0.18,-0.68,0.66
39.92076539993286,-3.8000000000000003,4.1000000000000005,-68.4,0.17,-0.6900000000000001,0.67
39.93059682846069,-3.6,4.1000000000000005,-68.3,0.17,-0.68,0.66
39.939932346343994,-3.5,4.0,-68.2,0.19,-0.66,0.67
39.950408935546875,-3.5,4.1000000000000005,-68.3,0.18,-0.67,0.66
39.959818840026855,-3.6,3.9000000000000004,-68.4,0.18,-0.67,0.67
39.97021269798279,-3.4000000000000004,4.1000000000000005,-68.2,0.18,-0.65,0.66
39.98118305206299,-3.3000000000000003,4.0,-68.3,0.18,-0.64,0.67
39.99050259590149,-3.7,4.0,-68.3,0.18,-0.68,0.66
40.00114059448242,-3.6,3.9000000000000004,-68.2,0.21,-0.68,0.66
40.010454416275024,-3.6,4.0,-68.3,0.19,-0.67,0.66
40.02006673812866,-3.8000000000000003,3.9000000000000004,-68.2,0.2,-0.68,0.66
40.02980303764343,-3.7,4.2,-68.3,0.17,-0.68,0.66
40.03977870941162,-3.7,3.7,-68.2,0.22,-0.68,0.66
40.05128860473633,-3.5,4.1000000000000005,-68.10000000000001,0.19,-0.66,0.65
40.06006741523743,-3.4000000000000004,4.0,-68.3,0.18,-0.64,0.66
40.0700523853302,-3.4000000000000004,3.9000000000000004,-68.10000000000001,0.2,-0.66,0.66
40.08052468299866,-3.6,3.9000000000000004,-68.2,0.2,-0.66,0.66
40.090410470962524,-3.6,4.0,-68.3,0.17,-0.66,0.66
40.099791288375854,-3.5,4.1000000000000005,-68.3,0.17,-0.67,0.66
40.11017823219299,-3.5,3.9000000000000004,-68.2,0.19,-0.67,0.66
40.11981511116028,-3.6,3.9000000000000004,-68.10000000000001,0.19,-0.66,0.66
40.1297721862793,-3.5,3.9000000000000004,-68.0,0.19,-0.67,0.67
40.14009070396423,-3.5,3.8000000000000003,-68.2,0.2,-0.67,0.66
40.150110960006714,-3.4000000000000004,4.1000000000000005,-68.10000000000001,0.19,-0.66,0.66
40.15977239608765,-3.6,4.2,-68.2,0.17,-0.68,0.66
40.16985845565796,-3.8000000000000003,4.0,-68.2,0.16,-0.7000000000000001,0.67
40.180991411209106,-3.4000000000000004,4.0,-68.0,0.19,-0.66,0.66
40.191001415252686,-3.2,3.9000000000000004,-68.0,0.19,-0.62,0.66
40.1998450756073,-3.7,3.9000000000000004,-68.2,0.19,-0.6900000000000001,0.67
40.21045660972595,-4.0,3.8000000000000003,-68.0,0.21,-0.73,0.66
40.22017526626587,-4.1000000000000005,4.1000000000000005,-68.0,0.18,-0.6900000000000001,0.66
40.22977614402771,-3.7,4.2,-67.9,0.17,-0.66,0.66
40.24003314971924,-3.7,3.8000000000000003,-68.0,0.2,-0.6900000000000001,0.66
40.250463008880615,-3.7,3.9000000000000004,-68.0,0.22,-0.6900000000000001,0.66
40.261011362075806,-3.5,4.0,-68.3,0.18,-0.67,0.67
40.2697548866272,-3.4000000000000004,3.7,-68.10000000000001,0.19,-0.65,0.66
40.2814154624939,-3.2,3.8000000000000003,-67.9,0.21,-0.63,0.66
40.29039645195007,-3.3000000000000003,4.0,-68.10000000000001,0.18,-0.66,0.67
40.30078053474426,-3.5,4.0,-68.2,0.18,-0.7000000000000001,0.67
40.31066107749939,-3.5,3.7,-68.3,0.2,-0.66,0.66
40.32098054885864,-3.4000000000000004,4.0,-68.2,0.18,-0.64,0.66
40.3306679725647,-3.3000000000000003,3.9000000000000004,-68.2,0.19,-0.65,0.67
40.33972382545471,-3.0,4.1000000000000005,-68.10000000000001,0.16,-0.62,0.66
40.350412130355835,-3.2,3.7,-68.10000000000001,0.2,-0.65,0.67
40.36039757728577,-3.4000000000000004,3.9000000000000004,-68.2,0.19,-0.67,0.66
40.369640588760376,-3.3000000000000003,4.0,-68.2,0.17,-0.65,0.66
40.37990474700928,-3.3000000000000003,3.9000000000000004,-68.10000000000001,0.19,-0.64,0.66
40.390934228897095,-3.7,4.0,-68.10000000000001,0.19,-0.6900000000000001,0.66
40.39989376068115,-3.9000000000000004,3.7,-68.10000000000001,0.2,-0.6900000000000001,0.66
40.40984392166138,-3.6,3.8000000000000003,-68.0,0.2,-0.68,0.66
40.419827938079834,-3.6,3.8000000000000003,-67.8,0.21,-0.68,0.66
40.42984390258789,-3.4000000000000004,3.8000000000000003,-67.8,0.21,-0.66,0.66
40.44003868103027,-3.3000000000000003,4.0,-68.0,0.17,-0.64,0.66
40.45104193687439,-3.2,3.7,-68.0,0.2,-0.66,0.67
40.460511207580566,-3.5,3.8000000000000003,-68.0,0.2,-0.67,0.66
40.47008228302002,-3.7,3.9000000000000004,-67.9,0.2,-0.71,0.67
40.48028230667114,-3.8000000000000003,4.0,-68.0,0.17,-0.66,0.66
40.49103569984436,-3.5,3.8000000000000003,-67.9,0.18,-0.66,0.67
40.499915599823,-3.4000000000000004,3.7,-68.10000000000001,0.2,-0.66,0.67
40.51006603240967,-3.3000000000000003,3.7,-67.8,0.23,-0.66,0.66
40.52002668380737,-3.3000000000000003,3.9000000000000004,-68.0,0.19,-0.62,0.66
40.52998661994934,-3.3000000000000003,4.0,-68.0,0.18,-0.64,0.67
40.53988718986511,-3.4000000000000004,4.0,-67.9,0.19,-0.67,0.66
40.55067205429077,-3.3000000000000003,4.0,-68.0,0.19,-0.66,0.66
40.56034231185913,-3.2,4.0,-68.0,0.18,-0.65,0.66
40.56983971595764,-3.4000000000000004,4.0,-67.9,0.19,-0.65,0.66
40.58024048805237,-3.5,3.7,-67.9,0.21,-0.65,0.66
40.59018278121948,-3.2,3.8000000000000003,-67.8,0.21,-0.64,0.66
40.600255250930786,-3.2,3.8000000000000003,-68.0,0.21,-0.63,0.66
40.6103892326355,-3.5,3.8000000000000003,-67.9,0.2,-0.66,0.66
40.62014675140381,-3.8000000000000003,3.6,-68.0,0.21,-0.6900000000000001,0.67
40.63017916679382,-3.7,3.7,-67.9,0.2,-0.68,0.67
40.63991928100586,-3.7,3.7,-68.0,0.2,-0.68,0.67
40.649850845336914,-3.7,3.5,-67.9,0.21,-0.67,0.66
40.66072750091553,-3.8000000000000003,3.7,-67.7,0.22,-0.6900000000000001,0.66
40.6704957485199,-3.6,3.7,-67.8,0.21,-0.7000000000000001,0.67
40.67991924285889,-3.4000000000000004,3.7,-67.8,0.2,-0.67,0.67
40.69060802459717,-3.5,3.7,-67.8,0.21,-0.68,0.66
40.700854778289795,-3.7,3.7,-67.8,0.2,-0.66,0.66
40.70991659164429,-3.3000000000000003,3.6,-67.7,0.21,-0.65,0.67
40.72011923789978,-3.0,3.9000000000000004,-67.7,0.2,-0.62,0.66
40.73015880584717,-3.2,3.8000000000000003,-67.8,0.2,-0.63,0.66
40.73998475074768,-3.3000000000000003,3.9000000000000004,-67.8,0.19,-0.66,0.66
40.75072479248047,-3.4000000000000004,3.8000000000000003,-67.8,0.2,-0.66,0.66
40.760056257247925,-3.3000000000000003,3.8000000000000003,-67.8,0.2,-0.63,0.66
40.77043843269348,-3.0,3.9000000000000004,-67.8,0.2,-0.62,0.66
40.78070425987244,-3.1,3.6,-67.9,0.22,-0.64,0.67
40.79017949104309,-3.4000000000000004,3.8000000000000003,-68.0,0.2,-0.67,0.67
40.79987549781799,-3.6,3.8000000000000003,-68.0,0.19,-0.67,0.67
40.809869050979614,-3.7,3.9000000000000004,-67.8,0.2,-0.67,0.65
40.819791078567505,-3.4000000000000004,3.4000000000000004,-67.9,0.21,-0.67,0.67
40.82983136177063,-3.3000000000000003,3.5,-67.8,0.22,-0.64,0.66
40.84011387825012,-3.5,3.4000000000000004,-67.8,0.24,-0.66,0.67
40.85010361671448,-3.7,3.5,-67.8,0.22,-0.6900000000000001,0.66
40.85981559753418,-3.5,3.8000000000000003,-67.7,0.2,-0.6900000000000001,0.67
40.87041139602661,-3.3000000000000003,3.8000000000000003,-67.7,0.19,-0.64,0.66
40.880845069885254,-3.2,3.7,-67.60000000000001,0.21,-0.63,0.67
40.89083814620972,-3.3000000000000003,3.6,-67.4,0.23,-0.66,0.67
40.90043640136719,-3.4000000000000004,3.4000000000000004,-67.5,0.25,-0.66,0.66
40.909995794296265,-3.5,3.7,-67.60000000000001,0.22,-0.66,0.66
40.92068600654602,-3.5,3.8000000000000003,-67.7,0.21,-0.67,0.66
40.92976355552673,-3.2,3.9000000000000004,-67.7,0.19,-0.63,0.66
40.940178632736206,-3.3000000000000003,3.6,-67.60000000000001,0.22,-0.63,0.66
40.95035910606384,-3.5,3.7,-67.7,0.22,-0.66,0.66
40.95981788635254,-3.8000000000000003,3.4000000000000004,-67.8,0.25,-0.68,0.66
40.970211029052734,-3.6,3.8000000000000003,-67.8,0.22,-0.66,0.65
40.98088455200195,-3.3000000000000003,3.8000000000000003,-67.7,0.2,-0.61,0.66
40.99079966545105,-3.3000000000000003,3.6,-67.7,0.21,-0.65,0.67
41.000643730163574,-3.5,3.5,-67.8,0.22,-0.67,0.66
41.00986981391907,-3.6,3.5,-67.5,0.25,-0.6900000000000001,0.67
41.020024061203,-3.7,3.7,-67.7,0.22,-0.68,0.66
41.029794692993164,-3.2,3.6,-67.5,0.21,-0.63,0.66
41.04006218910217,-3.1,3.5,-67.60000000000001,0.22,-0.64,0.66
41.04997491836548,-3.2,3.3000000000000003,-67.60000000000001,0.24,-0.65,0.66
41.06043291091919,-3.2,3.5,-67.5,0.23,-0.65,0.67
41.06970691680908,-3.4000000000000004,3.4000000000000004,-67.7,0.24,-0.65,0.66
41.08002829551697,-3.5,3.7,-67.60000000000001,0.21,-0.66,0.66
41.09035658836365,-3.6,3.4000000000000004,-67.5,0.23,-0.66,0.66
41.09991812705994,-3.6,3.5,-67.5,0.22,-0.68,0.66
41.110090017318726,-3.5,3.4000000000000004,-67.4,0.25,-0.67,0.66
41.12106442451477,-3.4000000000000004,3.6,-67.5,0.23,-0.63,0.65
41.12991189956665,-3.5,3.2,-67.8,0.25,-0.67,0.67
41.139984130859375,-3.4000000000000004,3.6,-67.5,0.24,-0.67,0.65
41.15069580078125,-3.0,3.6,-67.7,0.21,-0.63,0.67
41.16024732589722,-3.3000000000000003,3.6,-67.7,0.2,-0.64,0.67
41.169881105422974,-3.2,3.4000000000000004,-67.60000000000001,0.22,-0.63,0.67
41.179964542388916,-3.1,3.4000000000000004,-67.60000000000001,0.24,-0.63,0.67
41.190277099609375,-3.3000000000000003,3.4000000000000004,-67.5,0.25,-0.66,0.67
41.19995832443237,-3.3000000000000003,3.4000000000000004,-67.60000000000001,0.23,-0.64,0.66
41.20985174179077,-3.3000000000000003,3.6,-67.60000000000001,0.2,-0.64,0.66
41.220030784606934,-3.4000000000000004,3.3000000000000003,-67.4,0.25,-0.66,0.67
41.22986912727356,-3.4000000000000004,3.4000000000000004,-67.60000000000001,0.25,-0.66,0.66
41.23974680900574,-3.2,3.6,-67.5,0.23,-0.62,0.66
41.25007200241089,-3.1,3.6,-67.4,0.21,-0.62,0.66
41.26042413711548,-3.4000000000000004,3.3000000000000003,-67.4,0.25,-0.66,0.66
41.2698130607605,-3.5,3.5,-67.4,0.24,-0.68,0.66
41.27990436553955,-3.6,3.6,-67.4,0.2,-0.67,0.66
41.290449142456055,-3.1,3.5,-67.5,0.23,-0.62,0.66
41.30039691925049,-3.1,3.3000000000000003,-67.10000000000001,0.27,-0.62,0.66
41.309922218322754,-3.3000000000000003,3.1,-67.60000000000001,0.28,-0.67,0.67
41.31973648071289,-3.8000000000000003,3.7,-67.3,0.24,-0.68,0.65
41.33022737503052,-3.8000000000000003,3.6,-67.3,0.22,-0.6900000000000001,0.66
41.33987021446228,-3.1,3.4000000000000004,-67.3,0.22,-0.65,0.66
41.35016107559204,-3.2,3.0,-67.2,0.28,-0.65,0.67
41.359896659851074,-3.3000000000000003,3.1,-67.5,0.27,-0.64,0.67
41.3707549571991,-3.2,3.4000000000000004,-67.4,0.24,-0.62,0.67
41.37995195388794,-3.3000000000000003,3.2,-67.4,0.25,-0.65,0.67
41.39004182815552,-3.4000000000000004,3.1,-67.4,0.26,-0.67,0.67
41.399863719940186,-3.2,3.4000000000000004,-67.5,0.23,-0.62,0.66
41.409822940826416,-3.0,3.5,-67.3,0.22,-0.61,0.66
41.4197211265564,-3.0,3.0,-67.5,0.27,-0.64,0.66
41.43036699295044,-3.0,3.6,-67.4,0.23,-0.62,0.66
41.44003343582153,-3.2,3.0,-67.3,0.26,-0.64,0.66
41.45023798942566,-3.2,3.3000000000000003,-67.2,0.25,-0.64,0.66
41.46001648902893,-3.3000000000000003,3.3000000000000003,-67.2,0.25,-0.65,0.66
41.47003149986267,-3.7,3.2,-67.4,0.25,-0.68,0.66
41.4798538684845,-3.6,3.4000000000000004,-67.10000000000001,0.25,-0.66,0.65
41.49068522453308,-2.9000000000000004,3.2,-67.0,0.27,-0.63,0.66
41.50062298774719,-2.8000000000000003,3.2,-67.60000000000001,0.25,-0.6,0.67
41.50993084907532,-3.1,3.2,-67.4,0.26,-0.64,0.67
41.5197331905365,-3.4000000000000004,3.1,-67.60000000000001,0.25,-0.66,0.66
41.53023910522461,-3.5,3.6,-67.4,0.21,-0.66,0.67
41.5407612323761,-3.2,3.2,-67.2,0.25,-0.64,0.67
41.54997539520264,-3.0,3.3000000000000003,-67.3,0.24,-0.58,0.66
41.5609028339386,-3.0,3.2,-67.10000000000001,0.27,-0.63,0.67
41.57050442695618,-3.6,3.2,-67.10000000000001,0.26,-0.68,0.66
41.57983326911926,-4.1000000000000005,3.0,-67.10000000000001,0.29,-0.73,0.66
41.589943170547485,-3.7,3.5,-67.2,0.23,-0.65,0.66
41.6006715297699,-3.0,2.9000000000000004,-66.9,0.28,-0.6,0.67
41.61028337478638,-3.1,3.1,-67.10000000000001,0.27,-0.62,0.66
41.619884967803955,-3.5,2.8000000000000003,-67.7,0.28,-0.66,0.66
41.62999510765076,-3.5,3.2,-67.10000000000001,0.27,-0.68,0.66
41.64004349708557,-3.4000000000000004,3.6,-67.10000000000001,0.23,-0.65,0.66
41.64983940124512,-3.2,3.2,-67.0,0.26,-0.61,0.65
41.66020941734314,-3.1,3.1,-67.0,0.27,-0.61,0.66
41.670785903930664,-3.1,3.1,-67.0,0.28,-0.63,0.66
41.68068790435791,-3.0,3.1,-67.4,0.27,-0.62,0.67
41.69062066078186,-3.2,3.0,-67.2,0.26,-0.63,0.67
41.70078921318054,-3.1,2.9000000000000004,-67.4,0.27,-0.62,0.67
41.71003484725952,-3.4000000000000004,3.1,-67.5,0.25,-0.63,0.66
41.719817876815796,-3.4000000000000004,3.0,-67.3,0.26,-0.68,0.67
41.72984433174133,-3.1,3.2,-67.2,0.24,-0.6,0.66
41.74060797691345,-3.3000000000000003,2.6,-67.2,0.3,-0.63,0.66
41.74988269805908,-3.2,3.1,-67.10000000000001,0.27,-0.64,0.66
41.760032653808594,-3.3000000000000003,3.1,-67.0,0.26,-0.65,0.67
41.770503520965576,-3.4000000000000004,2.9000000000000004,-66.9,0.28,-0.66,0.66
41.78076672554016,-3.4000000000000004,2.9000000000000004,-66.9,0.29,-0.64,0.66
41.79062366485596,-3.1,2.9000000000000004,-67.0,0.29,-0.62,0.66
41.80080580711365,-3.0,3.0,-66.9,0.29,-0.6,0.66
41.810850620269775,-3.2,3.0,-66.9,0.29,-0.61,0.66
41.82006120681763,-3.4000000000000004,2.9000000000000004,-67.4,0.27,-0.65,0.67
41.82984447479248,-3.7,3.1,-66.8,0.29,-0.6900000000000001,0.66
41.84043836593628,-3.7,3.3000000000000003,-67.0,0.26,-0.66,0.65
41.84984469413757,-3.1,2.8000000000000003,-67.2,0.28,-0.61,0.67
41.86009645462036,-3.3000000000000003,3.0,-66.7,0.3,-0.64,0.65
41.87009310722351,-2.9000000000000004,2.8000000000000003,-67.3,0.29,-0.59,0.67
41.88075137138367,-3.0,3.0,-67.3,0.27,-0.61,0.67
41.88987350463867,-3.3000000000000003,3.1,-67.3,0.25,-0.64,0.67
41.9000289440155,-3.3000000000000003,3.0,-67.4,0.26,-0.65,0.67
41.910014152526855,-2.9000000000000004,3.1,-67.10000000000001,0.26,-0.6,0.67
41.92012548446655,-2.9000000000000004,3.0,-67.10000000000001,0.27,-0.59,0.66
41.92977690696716,-2.9000000000000004,3.1,-67.0,0.28,-0.59,0.66
41.94008731842041,-3.3000000000000003,2.7,-66.9,0.31,-0.63,0.66
41.9503960609436,-3.6,2.9000000000000004,-67.0,0.29,-0.68,0.67
41.9599027633667,-3.5,3.0,-66.9,0.28,-0.68,0.66
41.97076106071472,-2.9000000000000004,3.0,-66.9,0.27,-0.58,0.66
41.980974435806274,-3.0,2.9000000000000004,-66.60000000000001,0.29,-0.6,0.66
41.989967346191406,-3.4000000000000004,2.8000000000000003,-67.3,0.29,-0.67,0.67
42.00079083442688,-3.3000000000000003,3.0,-66.8,0.29,-0.63,0.65
42.010828495025635,-3.1,2.7,-67.2,0.28,-0.61,0.68
42.02070879936218,-3.1,2.8000000000000003,-67.3,0.29,-0.63,0.67
42.03064489364624,-2.8000000000000003,2.8000000000000003,-67.10000000000001,0.28,-0.6,0.67
42.04025602340698,-3.1,2.6,-67.3,0.29,-0.62,0.68
42.04984998703003,-3.4000000000000004,2.6,-67.0,0.31,-0.65,0.67
42.05986428260803,-3.5,2.6,-67.10000000000001,0.31,-0.66,0.66
42.07039952278137,-3.5,2.8000000000000003,-67.0,0.28,-0.67,0.68
42.08103919029236,-3.2,2.7,-66.8,0.29,-0.63,0.66
42.090654611587524,-3.1,2.6,-66.8,0.31,-0.62,0.67
42.10074019432068,-3.2,2.6,-67.0,0.31,-0.64,0.66
42.110286712646484,-2.7,2.9000000000000004,-66.8,0.3,-0.58,0.66
42.11998891830444,-2.8000000000000003,2.8000000000000003,-66.8,0.28,-0.5700000000000001,0.66
42.12991404533386,-3.0,2.8000000000000003,-66.9,0.29,-0.61,0.66
42.14003229141235,-2.6,2.9000000000000004,-66.7,0.29,-0.58,0.65
42.1498167514801,-2.7,2.8000000000000003,-66.8,0.29,-0.5700000000000001,0.66
42.159849405288696,-2.9000000000000004,3.0,-66.60000000000001,0.29,-0.62,0.66
42.171396255493164,-3.0,2.7,-66.8,0.31,-0.61,0.65
42.1806902885437,-3.3000000000000003,2.6,-67.10000000000001,0.3,-0.65,0.67
42.19010782241821,-2.9000000000000004,2.6,-66.8,0.31,-0.61,0.67
42.19986915588379,-3.2,2.8000000000000003,-66.9,0.29,-0.59,0.65
42.209991216659546,-3.5,2.6,-66.5,0.32,-0.66,0.66
42.2198748588562,-3.2,2.9000000000000004,-66.9,0.29,-0.67,0.66
42.2297523021698,-2.6,2.8000000000000003,-66.9,0.28,-0.56,0.66
42.240495443344116,-2.7,2.8000000000000003,-66.60000000000001,0.29,-0.56,0.65
42.250571966171265,-2.9000000000000004,2.4000000000000004,-66.7,0.32,-0.62,0.68
42.25995206832886,-2.8000000000000003,2.7,-66.7,0.31,-0.59,0.65
42.270368337631226,-3.2,2.6,-66.60000000000001,0.29,-0.63,0.67
42.28020739555359,-3.4000000000000004,2.7,-66.5,0.28,-0.63,0.66
42.28987765312195,-3.3000000000000003,2.5,-66.5,0.32,-0.65,0.66
42.300591468811035,-3.2,2.5,-66.60000000000001,0.32,-0.61,0.66
42.31040406227112,-3.3000000000000003,2.5,-66.7,0.33,-0.63,0.66
42.320759296417236,-3.2,2.5,-66.8,0.32,-0.64,0.66
42.33060145378113,-3.1,2.6,-66.5,0.32,-0.61,0.66
42.34071588516235,-3.1,2.6,-66.5,0.31,-0.61,0.66
42.35090231895447,-3.1,2.3000000000000003,-67.3,0.33,-0.63,0.67
42.35980534553528,-2.9000000000000004,2.7,-67.3,0.28,-0.59,0.67
42.37000560760498,-2.7,2.4000000000000004,-66.4,0.36,-0.59,0.65
42.38021278381348,-3.0,2.7,-66.4,0.31,-0.5700000000000001,0.65
42.39019799232483,-3.0,2.5,-67.2,0.31,-0.6,0.67
42.399887800216675,-3.0,2.5,-66.9,0.31,-0.58,0.66
42.40991187095642,-3.1,2.6,-66.8,0.31,-0.62,0.68
42.42118859291077,-3.1,2.6,-66.8,0.3,-0.63,0.67
42.42982316017151,-3.2,2.4000000000000004,-66.9,0.31,-0.63,0.66
42.43999433517456,-2.8000000000000003,2.5,-66.4,0.34,-0.59,0.67
42.45112156867981,-2.7,2.6,-66.7,0.29,-0.5700000000000001,0.66
42.459834814071655,-3.1,2.4000000000000004,-66.5,0.33,-0.6,0.67
42.47006130218506,-3.4000000000000004,2.7,-66.3,0.33,-0.65,0.66
42.48076128959656,-3.1,2.6,-66.60000000000001,0.3,-0.62,0.66
42.489869356155396,-3.2,2.6,-66.3,0.32,-0.62,0.66
42.49989342689514,-3.3000000000000003,2.7,-66.4,0.3,-0.64,0.66
42.51072430610657,-2.8000000000000003,2.1,-66.3,0.36,-0.6,0.66
42.52021241188049,-3.2,2.5,-66.5,0.33,-0.61,0.66
42.530105113983154,-3.2,2.4000000000000004,-66.60000000000001,0.34,-0.62,0.65
42.54069519042969,-2.8000000000000003,2.6,-66.4,0.32,-0.61,0.65
42.55099654197693,-2.8000000000000003,2.5,-66.7,0.3,-0.6,0.67
42.56003451347351,-3.1,2.3000000000000003,-66.9,0.33,-0.61,0.67
42.56997561454773,-2.8000000000000003,2.4000000000000004,-66.5,0.35000000000000003,-0.6,0.66
42.58091711997986,-2.8000000000000003,2.7,-66.9,0.28,-0.56,0.67
42.59087538719177,-2.9000000000000004,2.2,-66.8,0.33,-0.59,0.67
42.60068321228027,-3.1,2.2,-66.8,0.35000000000000003,-0.61,0.66
42.61074376106262,-2.7,2.2,-66.4,0.37,-0.63,0.67
42.62068724632263,-3.2,2.5,-66.60000000000001,0.33,-0.6,0.67
42.630715131759644,-3.3000000000000003,2.3000000000000003,-66.60000000000001,0.32,-0.61,0.66
42.63965439796448,-2.7,2.3000000000000003,-66.4,0.33,-0.6,0.66
42.64996933937073,-2.8000000000000003,2.3000000000000003,-66.4,0.34,-0.5700000000000001,0.66
42.660139083862305,-2.8000000000000003,2.2,-66.5,0.35000000000000003,-0.59,0.67
42.670347452163696,-2.7,2.6,-66.60000000000001,0.31,-0.56,0.65
42.680505990982056,-2.6,2.1,-66.3,0.36,-0.56,0.66
42.690080404281616,-2.9000000000000004,2.1,-66.2,0.36,-0.6,0.66
42.69987940788269,-2.9000000000000004,2.5,-66.2,0.33,-0.61,0.66
42.70999884605408,-3.1,2.7,-66.2,0.31,-0.62,0.65
42.71995162963867,-3.1,2.2,-66.0,0.35000000000000003,-0.62,0.65
42.72986435890198,-3.1,2.6,-66.2,0.32,-0.62,0.66
42.739766120910645,-2.9000000000000004,2.1,-66.3,0.37,-0.58,0.65
42.750147581100464,-2.8000000000000003,2.3000000000000003,-66.5,0.35000000000000003,-0.6,0.67
42.759970903396606,-2.6,2.4000000000000004,-66.7,0.32,-0.58,0.66
42.76997661590576,-2.8000000000000003,2.4000000000000004,-66.8,0.31,-0.58,0.66
42.78031039237976,-2.9000000000000004,2.2,-66.4,0.35000000000000003,-0.6,0.67
42.78977108001709,-3.1,2.4000000000000004,-66.5,0.33,-0.62,0.67
42.800036668777466,-3.1,2.3000000000000003,-66.7,0.34,-0.62,0.67
42.80997681617737,-3.1,2.4000000000000004,-66.3,0.32,-0.61,0.66
42.819796562194824,-2.9000000000000004,2.1,-66.2,0.35000000000000003,-0.59,0.66
42.8298454284668,-2.7,2.3000000000000003,-66.10000000000001,0.35000000000000003,-0.59,0.66
42.83982276916504,-2.7,2.2,-66.3,0.36,-0.58,0.67
42.849958181381226,-2.7,2.4000000000000004,-66.2,0.33,-0.55,0.65
42.85988259315491,-2.9000000000000004,2.1,-66.10000000000001,0.35000000000000003,-0.6,0.68
42.8704514503479,-3.0,2.2,-66.2,0.36,-0.62,0.64
42.87988996505737,-2.7,2.5,-66.10000000000001,0.33,-0.6,0.67
42.89017343521118,-2.7,2.0,-66.10000000000001,0.36,-0.56,0.65
42.90084147453308,-3.0,2.0,-66.2,0.37,-0.59,0.66
42.91086959838867,-3.0,2.0,-66.60000000000001,0.36,-0.61,0.67
42.92071056365967,-3.3000000000000003,1.9000000000000001,-66.60000000000001,0.37,-0.64,0.67
42.93067693710327,-2.9000000000000004,2.1,-66.60000000000001,0.35000000000000003,-0.59,0.66
42.9404091835022,-2.7,2.3000000000000003,-66.60000000000001,0.32,-0.5700000000000001,0.67
42.950347661972046,-2.6,2.1,-66.2,0.35000000000000003,-0.58,0.66
42.960052490234375,-2.8000000000000003,2.2,-66.4,0.35000000000000003,-0.56,0.66
42.97073984146118,-3.0,2.1,-66.5,0.34,-0.61,0.67
42.98101878166199,-2.5,2.4000000000000004,-66.3,0.32,-0.56,0.67
42.990570306777954,-2.6,2.2,-66.3,0.36,-0.5700000000000001,0.67
43.00070357322693,-2.8000000000000003,1.9000000000000001,-66.3,0.37,-0.58,0.66
43.00989866256714,-3.1,2.4000000000000004,-66.10000000000001,0.34,-0.6,0.66
43.020145893096924,-3.0,2.3000000000000003,-66.10000000000001,0.33,-0.6,0.66
43.03012013435364,-2.9000000000000004,2.3000000000000003,-66.2,0.32,-0.6,0.66
43.04011678695679,-2.8000000000000003,1.9000000000000001,-66.10000000000001,0.37,-0.58,0.66
43.050469398498535,-2.8000000000000003,2.2,-66.10000000000001,0.35000000000000003,-0.59,0.66
43.059818744659424,-2.8000000000000003,2.1,-66.0,0.37,-0.58,0.66
43.06990385055542,-2.7,2.1,-66.2,0.35000000000000003,-0.59,0.65
43.080774784088135,-2.3000000000000003,2.2,-65.9,0.35000000000000003,-0.52,0.65
43.089975118637085,-2.7,1.8,-66.8,0.35000000000000003,-0.56,0.67
43.1007661819458,-2.9000000000000004,2.0,-66.0,0.38,-0.62,0.65
43.11069416999817,-3.0,2.1,-66.4,0.36,-0.62,0.66
43.12112903594971,-3.0,2.0,-66.4,0.36,-0.61,0.68
43.13097262382507,-2.8000000000000003,2.1,-65.9,0.37,-0.59,0.66
43.14078998565674,-2.6,1.6,-66.10000000000001,0.41000000000000003,-0.54,0.67
43.15062975883484,-2.9000000000000004,1.8,-66.10000000000001,0.39,-0.58,0.66
43.15987515449524,-2.7,2.3000000000000003,-66.0,0.35000000000000003,-0.56,0.67
43.169827938079834,-2.6,2.1,-66.10000000000001,0.34,-0.5700000000000001,0.66
43.18078947067261,-3.1,1.8,-66.10000000000001,0.37,-0.6,0.66
43.19090294837952,-3.0,2.3000000000000003,-66.0,0.34,-0.61,0.67
43.20005488395691,-2.7,1.7000000000000002,-66.2,0.38,-0.5700000000000001,0.66
43.20989799499512,-2.6,1.8,-65.9,0.4,-0.56,0.66
43.220250606536865,-2.9000000000000004,1.8,-65.9,0.4,-0.58,0.66
43.22984433174133,-2.7,2.1,-65.8,0.38,-0.5700000000000001,0.66
43.23977470397949,-2.6,2.1,-66.0,0.35000000000000003,-0.56,0.65
43.25080060958862,-2.7,2.0,-65.9,0.37,-0.56,0.66
43.25996708869934,-2.8000000000000003,2.2,-66.4,0.34,-0.58,0.67
43.26992130279541,-2.8000000000000003,2.3000000000000003,-65.9,0.33,-0.59,0.65
43.28013277053833,-2.9000000000000004,1.6,-66.4,0.39,-0.6,0.66
43.290045976638794,-2.9000000000000004,1.9000000000000001,-66.3,0.37,-0.61,0.67
43.30045127868652,-2.9000000000000004,1.7000000000000002,-66.5,0.38,-0.59,0.66
43.30997633934021,-2.9000000000000004,1.7000000000000002,-66.4,0.38,-0.5700000000000001,0.66
43.3207848072052,-2.8000000000000003,2.1,-66.2,0.35000000000000003,-0.59,0.67
43.329854011535645,-2.6,2.0,-66.10000000000001,0.36,-0.58,0.66
43.339749813079834,-2.7,1.9000000000000001,-66.2,0.36,-0.5700000000000001,0.67
43.34980082511902,-2.7,2.1,-66.4,0.34,-0.5700000000000001,0.66
43.360557079315186,-2.5,2.0,-65.8,0.38,-0.54,0.67
43.370790243148804,-2.6,1.5,-66.7,0.38,-0.56,0.66
43.380064249038696,-2.6,1.4000000000000001,-66.8,0.39,-0.55,0.67
43.39025282859802,-2.7,1.6,-65.9,0.43,-0.58,0.66
43.400463342666626,-2.8000000000000003,1.9000000000000001,-65.9,0.39,-0.59,0.66
43.409817934036255,-2.9000000000000004,2.0,-65.8,0.37,-0.59,0.65
43.42079019546509,-2.8000000000000003,1.9000000000000001,-65.9,0.37,-0.6,0.66
43.429831981658936,-2.2,2.0,-66.3,0.36,-0.53,0.66
43.43985152244568,-2.2,2.2,-66.0,0.36,-0.5,0.64
43.450316429138184,-2.4000000000000004,1.7000000000000002,-65.8,0.39,-0.55,0.66
43.45997905731201,-3.0,1.9000000000000001,-66.3,0.37,-0.58,0.66
43.46981120109558,-3.0,1.7000000000000002,-66.7,0.36,-0.63,0.66
43.48014283180237,-2.6,1.9000000000000001,-66.2,0.37,-0.55,0.67
43.49044966697693,-2.4000000000000004,1.9000000000000001,-66.10000000000001,0.36,-0.54,0.68
43.49987816810608,-2.5,1.7000000000000002,-66.0,0.39,-0.56,0.66
43.5099081993103,-2.7,1.9000000000000001,-65.9,0.37,-0.5700000000000001,0.66
43.51970839500427,-2.7,2.0,-66.2,0.36,-0.59,0.67
43.52996230125427,-2.8000000000000003,2.0,-66.2,0.34,-0.58,0.67
43.539796590805054,-2.5,2.0,-66.0,0.35000000000000003,-0.56,0.66
43.549999713897705,-2.3000000000000003,1.9000000000000001,-65.8,0.37,-0.5,0.65
43.561115026474,-2.7,1.6,-65.9,0.4,-0.56,0.67
43.57090353965759,-3.3000000000000003,1.8,-66.7,0.37,-0.65,0.67
43.579866886138916,-2.9000000000000004,1.6,-66.3,0.38,-0.59,0.66
43.59002065658569,-2.5,1.9000000000000001,-65.9,0.37,-0.54,0.65
43.60019373893738,-2.5,2.0,-65.8,0.37,-0.55,0.66
43.610177993774414,-2.6,1.7000000000000002,-66.4,0.38,-0.54,0.66
43.61976766586304,-2.7,1.4000000000000001,-66.3,0.41000000000000003,-0.56,0.67
43.629899978637695,-2.4000000000000004,1.9000000000000001,-65.7,0.4,-0.5700000000000001,0.65
43.63981485366821,-2.7,1.5,-66.3,0.39,-0.59,0.67
43.65007281303406,-2.4000000000000004,1.6,-66.10000000000001,0.38,-0.56,0.67
43.66085338592529,-2.6,1.3,-66.10000000000001,0.41000000000000003,-0.55,0.66
43.671019315719604,-2.6,1.4000000000000001,-65.9,0.43,-0.56,0.66
43.67986559867859,-2.6,1.6,-65.7,0.41000000000000003,-0.58,0.68
43.689993143081665,-2.5,1.6,-65.5,0.42,-0.56,0.66
43.699846029281616,-2.7,2.0,-66.0,0.36,-0.55,0.66
43.71024513244629,-2.8000000000000003,1.9000000000000001,-66.0,0.35000000000000003,-0.58,0.66
43.720649003982544,-2.3000000000000003,1.9000000000000001,-65.7,0.36,-0.53,0.66
43.73067378997803,-2.1,1.5,-65.60000000000001,0.42,-0.5,0.66
43.7402560710907,-2.4000000000000004,1.5,-65.9,0.4,-0.55,0.66
43.749823808670044,-2.7,1.8,-65.8,0.39,-0.59,0.66
43.76013946533203,-2.7,2.0,-65.60000000000001,0.37,-0.5700000000000001,0.65
43.770116329193115,-2.5,1.7000000000000002,-65.8,0.38,-0.55,0.66
43.779932737350464,-2.5,1.9000000000000001,-65.8,0.38,-0.55,0.66
43.78987097740173,-2.5,1.8,-65.9,0.39,-0.55,0.66
43.80035972595215,-2.4000000000000004,1.7000000000000002,-65.60000000000001,0.41000000000000003,-0.55,0.65
43.81003737449646,-2.5,2.3000000000000003,-66.4,0.32,-0.5700000000000001,0.67
43.81975531578064,-2.3000000000000003,1.4000000000000001,-66.2,0.4,-0.55,0.67
43.83006763458252,-2.4000000000000004,1.6,-65.9,0.39,-0.51,0.66
43.83988404273987,-2.8000000000000003,1.8,-66.10000000000001,0.38,-0.59,0.67
43.85012173652649,-2.9000000000000004,1.7000000000000002,-66.0,0.39,-0.6,0.66
43.860464096069336,-2.9000000000000004,1.4000000000000001,-65.9,0.4,-0.59,0.67
43.870063066482544,-2.7,1.6,-65.8,0.4,-0.56,0.66
43.87990069389343,-2.5,1.4000000000000001,-65.8,0.41000000000000003,-0.52,0.67
43.89007258415222,-2.5,1.4000000000000001,-65.8,0.42,-0.54,0.66
43.90090775489807,-2.8000000000000003,1.8,-65.5,0.41000000000000003,-0.6,0.67
43.910765647888184,-2.7,1.6,-65.7,0.41000000000000003,-0.58,0.66
43.91976499557495,-2.5,1.6,-65.7,0.38,-0.51,0.66
43.93032884597778,-2.4000000000000004,1.6,-65.8,0.39,-0.54,0.66
43.93991184234619,-2.5,1.5,-65.5,0.43,-0.5700000000000001,0.67
43.9498085975647,-2.5,1.8,-65.5,0.4,-0.54,0.64
43.96015691757202,-2.4000000000000004,1.2000000000000002,-65.7,0.43,-0.55,0.66
43.97006583213806,-2.1,2.0,-66.0,0.36,-0.5,0.67
43.97988772392273,-2.2,1.6,-66.4,0.36,-0.52,0.67
43.98997902870178,-2.2,1.5,-65.7,0.42,-0.52,0.64
43.9997935295105,-2.7,1.6,-66.2,0.39,-0.5700000000000001,0.68
44.01003551483154,-2.7,1.7000000000000002,-66.10000000000001,0.38,-0.58,0.66
44.01979470252991,-2.6,1.6,-66.10000000000001,0.37,-0.5700000000000001,0.67
44.029852628707886,-2.6,1.2000000000000002,-65.8,0.43,-0.55,0.65
44.04009795188904,-2.7,1.3,-66.0,0.42,-0.58,0.68
44.04998779296875,-2.8000000000000003,1.5,-66.0,0.4,-0.58,0.65
44.059842348098755,-2.6,1.3,-65.9,0.41000000000000003,-0.5700000000000001,0.68
44.07023811340332,-2.5,1.5,-65.8,0.4,-0.55,0.65
44.07991600036621,-2.5,2.0,-65.7,0.37,-0.55,0.67
44.089985609054565,-2.5,1.7000000000000002,-65.8,0.38,-0.54,0.66
44.100590467453,-2.4000000000000004,1.6,-65.5,0.4,-0.55,0.66
44.1104040145874,-2.3000000000000003,1.4000000000000001,-65.60000000000001,0.42,-0.53,0.66
44.11971068382263,-2.2,1.7000000000000002,-65.5,0.41000000000000003,-0.52,0.66
44.13073754310608,-2.2,1.7000000000000002,-65.7,0.38,-0.51,0.65
44.14032292366028,-2.8000000000000003,1.4000000000000001,-66.4,0.4,-0.58,0.67
44.149850368499756,-2.5,1.7000000000000002,-66.2,0.38,-0.5700000000000001,0.65
44.16100072860718,-2.1,1.5,-65.9,0.4,-0.53,0.68
44.17034125328064,-2.0,1.8,-66.3,0.36,-0.49,0.66
44.17982602119446,-2.3000000000000003,1.2000000000000002,-66.3,0.42,-0.53,0.66
44.19022727012634,-2.4000000000000004,1.3,-65.8,0.42,-0.54,0.67
44.20025897026062,-2.5,1.5,-65.9,0.41000000000000003,-0.5700000000000001,0.67
44.21044850349426,-2.6,1.6,-65.9,0.39,-0.5700000000000001,0.66
44.219958782196045,-2.4000000000000004,1.3,-66.10000000000001,0.39,-0.53,0.66
44.230326652526855,-2.2,1.2000000000000002,-65.8,0.43,-0.51,0.67
44.240570306777954,-2.5,1.6,-65.7,0.4,-0.54,0.66
44.250125885009766,-2.6,1.6,-65.8,0.39,-0.56,0.67
44.259772062301636,-2.5,1.6,-65.7,0.37,-0.56,0.66
44.27096223831177,-2.4000000000000004,1.2000000000000002,-65.3,0.43,-0.54,0.66
44.280452728271484,-2.6,1.2000000000000002,-66.3,0.42,-0.5700000000000001,0.66
44.28986406326294,-2.4000000000000004,1.4000000000000001,-65.9,0.41000000000000003,-0.52,0.65
44.30078601837158,-2.2,1.4000000000000001,-65.60000000000001,0.41000000000000003,-0.53,0.67
44.310545682907104,-2.6,1.5,-66.3,0.4,-0.56,0.67
44.3202064037323,-2.6,1.8,-65.9,0.38,-0.58,0.67
44.32980799674988,-2.2,1.7000000000000002,-66.2,0.38,-0.52,0.67
44.340221643447876,-2.3000000000000003,1.6,-65.8,0.39,-0.52,0.66
44.34994888305664,-2.4000000000000004,1.7000000000000002,-66.2,0.37,-0.52,0.67
44.35998201370239,-2.1,1.2000000000000002,-66.2,0.43,-0.5,0.65
44.37056756019592,-2.5,1.4000000000000001,-65.9,0.42,-0.56,0.68
44.3805513381958,-2.8000000000000003,1.2000000000000002,-66.10000000000001,0.42,-0.58,0.67
44.38992118835449,-3.0,1.3,-65.9,0.42,-0.6,0.66
44.40076947212219,-2.5,1.4000000000000001,-65.9,0.41000000000000003,-0.54,0.66
44.41014838218689,-2.3000000000000003,1.6,-65.60000000000001,0.4,-0.53,0.68
44.419883012771606,-2.3000000000000003,1.4000000000000001,-65.8,0.41000000000000003,-0.51,0.65
44.42976760864258,-2.4000000000000004,1.6,-65.7,0.39,-0.52,0.67
44.43991422653198,-2.5,1.4000000000000001,-65.7,0.41000000000000003,-0.59,0.67
44.44985032081604,-2.4000000000000004,1.6,-65.8,0.38,-0.53,0.65
44.45990967750549,-2.0,1.0,-65.8,0.44,-0.48,0.65
44.4708137512207,-2.1,1.5,-65.5,0.41000000000000003,-0.52,0.67
44.48023748397827,-2.6,1.0,-66.2,0.44,-0.56,0.66
44.48996138572693,-2.8000000000000003,1.4000000000000001,-66.3,0.39,-0.59,0.68
44.50004768371582,-2.6,1.3,-65.60000000000001,0.43,-0.5700000000000001,0.65
44.50997996330261,-2.2,1.9000000000000001,-66.0,0.36,-0.51,0.67
44.519763231277466,-2.0,1.3,-66.2,0.4,-0.49,0.66
44.52979850769043,-1.7000000000000002,1.3,-65.9,0.42,-0.49,0.67
44.53991651535034,-2.1,1.2000000000000002,-66.0,0.43,-0.52,0.66
44.54996371269226,-2.4000000000000004,1.3,-66.10000000000001,0.42,-0.56,0.66
44.55971908569336,-2.4000000000000004,1.6,-65.8,0.39,-0.55,0.66
44.57018733024597,-2.3000000000000003,1.3,-65.9,0.39,-0.52,0.67
44.58005714416504,-2.5,1.5,-65.8,0.39,-0.56,0.66
44.589876890182495,-2.6,1.3,-65.8,0.43,-0.5700000000000001,0.67
44.60085415840149,-2.3000000000000003,1.5,-65.7,0.41000000000000003,-0.51,0.66
44.610756635665894,-2.3000000000000003,1.2000000000000002,-65.9,0.41000000000000003,-0.55,0.67
44.620680809020996,-2.5,1.2000000000000002,-65.5,0.44,-0.55,0.65
44.63072156906128,-2.5,1.1,-65.7,0.42,-0.55,0.67
44.64003944396973,-2.5,1.5,-66.4,0.38,-0.56,0.67
44.65036725997925,-2.5,1.6,-65.5,0.41000000000000003,-0.55,0.66
44.66009879112244,-2.4000000000000004,1.0,-66.2,0.45,-0.55,0.67
44.67056202888489,-2.4000000000000004,1.7000000000000002,-66.3,0.38,-0.54,0.67
44.68075084686279,-2.3000000000000003,1.1,-66.3,0.41000000000000003,-0.54,0.67
44.69077444076538,-2.1,1.4000000000000001,-66.0,0.41000000000000003,-0.5,0.67
44.700278759002686,-2.2,1.3,-65.7,0.43,-0.52,0.66
44.70983004570007,-2.3000000000000003,1.5,-65.8,0.4,-0.52,0.67
44.71968650817871,-2.5,1.5,-66.10000000000001,0.39,-0.55,0.67
44.72987914085388,-2.7,1.1,-66.2,0.42,-0.5700000000000001,0.67
44.74030065536499,-2.4000000000000004,1.2000000000000002,-65.9,0.43,-0.55,0.66
44.75008249282837,-2.3000000000000003,1.1,-65.9,0.44,-0.52,0.67
44.760220766067505,-2.3000000000000003,0.9,-66.0,0.44,-0.53,0.66
44.770031690597534,-2.4000000000000004,1.6,-65.60000000000001,0.4,-0.54,0.67
44.780704736709595,-2.3000000000000003,1.1,-65.8,0.43,-0.54,0.66
44.79066777229309,-2.2,1.1,-65.9,0.41000000000000003,-0.51,0.67
44.80077505111694,-2.1,1.5,-65.7,0.42,-0.51,0.65
44.81046485900879,-2.4000000000000004,1.1,-65.8,0.43,-0.53,0.67
44.81970715522766,-2.5,1.2000000000000002,-65.7,0.44,-0.56,0.65
44.83000707626343,-2.4000000000000004,1.3,-65.8,0.42,-0.55,0.66
44.83990526199341,-2.1,1.3,-65.7,0.41000000000000003,-0.51,0.66
44.849894523620605,-2.2,1.0,-65.8,0.44,-0.52,0.66
44.859943866729736,-2.2,1.2000000000000002,-65.9,0.42,-0.52,0.66
44.87027859687805,-2.2,1.2000000000000002,-66.2,0.42,-0.51,0.67
44.87993001937866,-2.2,1.9000000000000001,-66.10000000000001,0.35000000000000003,-0.53,0.67
44.890175104141235,-2.2,1.3,-66.10000000000001,0.4,-0.53,0.65
44.90024161338806,-2.2,1.4000000000000001,-66.10000000000001,0.4,-0.52,0.68
44.910075664520264,-2.4000000000000004,1.2000000000000002,-66.0,0.43,-0.55,0.65
44.91979765892029,-2.5,1.1,-66.2,0.43,-0.54,0.68
44.92974019050598,-2.4000000000000004,1.6,-66.0,0.38,-0.55,0.66
44.940242528915405,-2.4000000000000004,0.8,-66.10000000000001,0.44,-0.55,0.66
44.94987154006958,-2.4000000000000004,0.9,-65.7,0.47000000000000003,-0.55,0.66
44.959946393966675,-2.4000000000000004,1.4000000000000001,-65.9,0.41000000000000003,-0.54,0.66
44.97063326835632,-2.3000000000000003,1.3,-65.9,0.39,-0.52,0.68
44.98024272918701,-2.1,1.4000000000000001,-65.7,0.4,-0.52,0.66
44.98994493484497,-2.1,1.0,-65.9,0.44,-0.53,0.66
45.00018072128296,-2.2,1.2000000000000002,-65.8,0.43,-0.52,0.66
45.010072469711304,-2.4000000000000004,1.6,-66.5,0.36,-0.55,0.66
45.01986384391785,-2.4000000000000004,1.0,-66.4,0.43,-0.55,0.66
45.0298547744751,-2.0,1.3,-65.8,0.42,-0.51,0.66
45.03994011878967,-2.0,1.4000000000000001,-65.8,0.41000000000000003,-0.5,0.67
45.04996037483215,-2.3000000000000003,0.8,-66.3,0.45,-0.54,0.66
45.060091733932495,-2.4000000000000004,1.2000000000000002,-66.3,0.41000000000000003,-0.55,0.66
45.0708544254303,-2.3000000000000003,1.0,-66.10000000000001,0.43,-0.54,0.67
45.07995104789734,-2.4000000000000004,0.8,-66.10000000000001,0.45,-0.52,0.66
45.08981204032898,-2.4000000000000004,1.0,-66.3,0.44,-0.56,0.67
45.10006546974182,-2.4000000000000004,1.4000000000000001,-66.10000000000001,0.4,-0.56,0.67
45.11070013046265,-2.5,1.0,-66.0,0.43,-0.55,0.66
45.11983633041382,-2.2,1.0,-66.2,0.43,-0.52,0.65
45.12979531288147,-1.8,1.2000000000000002,-66.0,0.42,-0.47000000000000003,0.67
45.140040159225464,-2.1,1.1,-65.8,0.42,-0.49,0.66
45.15004801750183,-2.5,1.0,-66.0,0.43,-0.58,0.67
45.1598265171051,-2.5,1.1,-65.9,0.44,-0.54,0.65
45.17029666900635,-2.2,1.2000000000000002,-65.9,0.41000000000000003,-0.52,0.67
45.181309938430786,-2.3000000000000003,1.3,-65.9,0.41000000000000003,-0.53,0.66
45.18991494178772,-2.3000000000000003,0.9,-66.4,0.44,-0.53,0.66
45.19995427131653,-2.0,1.0,-66.0,0.44,-0.51,0.67
45.20991897583008,-2.4000000000000004,1.0,-66.10000000000001,0.44,-0.55,0.66
45.21986675262451,-2.4000000000000004,1.4000000000000001,-65.9,0.42,-0.54,0.64
45.23079872131348,-1.9000000000000001,1.6,-65.9,0.38,-0.51,0.66
45.23972988128662,-2.1,0.9,-66.3,0.43,-0.51,0.67
45.25021767616272,-2.3000000000000003,0.8,-65.8,0.48,-0.54,0.67
45.25978064537048,-2.4000000000000004,1.7000000000000002,-66.4,0.36,-0.54,0.67
45.27025008201599,-2.3000000000000003,1.1,-66.10000000000001,0.42,-0.53,0.66
45.28086566925049,-2.3000000000000003,1.0,-66.10000000000001,0.41000000000000003,-0.53,0.67
45.289790868759155,-2.3000000000000003,1.2000000000000002,-66.0,0.43,-0.52,0.65
45.30002975463867,-2.4000000000000004,0.9,-66.2,0.44,-0.54,0.67
45.309791564941406,-2.3000000000000003,1.5,-66.0,0.38,-0.53,0.66
45.31990432739258,-2.3000000000000003,0.9,-66.0,0.45,-0.53,0.66
45.33025288581848,-2.2,1.2000000000000002,-66.0,0.42,-0.52,0.67
45.339741945266724,-2.2,1.0,-66.0,0.42,-0.52,0.66
45.35073971748352,-2.4000000000000004,0.7000000000000001,-66.10000000000001,0.45,-0.54,0.66
45.360249757766724,-2.6,0.9,-66.4,0.43,-0.58,0.67
45.36981225013733,-2.4000000000000004,0.9,-65.9,0.46,-0.55,0.64
45.38124203681946,-2.2,0.8,-66.10000000000001,0.44,-0.53,0.66
45.39018797874451,-2.3000000000000003,1.6,-66.3,0.37,-0.55,0.67
45.39986181259155,-2.2,0.9,-66.2,0.45,-0.51,0.66
45.40986204147339,-1.9000000000000001,1.2000000000000002,-66.4,0.41000000000000003,-0.49,0.67
45.42022514343262,-2.1,1.5,-66.3,0.39,-0.52,0.67
45.429892778396606,-2.2,1.1,-66.10000000000001,0.41000000000000003,-0.51,0.65
45.439826250076294,-2.0,0.7000000000000001,-66.2,0.46,-0.49,0.67
45.450140953063965,-2.3000000000000003,1.2000000000000002,-66.3,0.41000000000000003,-0.52,0.67
45.46068739891052,-2.8000000000000003,1.0,-66.10000000000001,0.43,-0.59,0.67
45.46993398666382,-2.8000000000000003,0.7000000000000001,-66.10000000000001,0.47000000000000003,-0.58,0.66
45.480814695358276,-2.4000000000000004,0.9,-66.4,0.43,-0.54,0.66
45.49088144302368,-2.3000000000000003,1.1,-65.9,0.43,-0.52,0.67
45.50073504447937,-2.2,0.7000000000000001,-66.4,0.45,-0.54,0.66
45.510366916656494,-2.2,0.8,-66.3,0.47000000000000003,-0.51,0.66
45.52085757255554,-2.0,1.3,-66.2,0.41000000000000003,-0.5,0.66
45.53002715110779,-2.4000000000000004,0.9,-66.4,0.43,-0.55,0.67
45.53987741470337,-2.4000000000000004,1.0,-66.10000000000001,0.44,-0.55,0.65
45.550355195999146,-2.1,1.5,-66.10000000000001,0.39,-0.51,0.67
45.560425996780396,-2.1,1.1,-66.5,0.41000000000000003,-0.52,0.67
45.57006525993347,-2.1,1.1,-66.4,0.42,-0.5,0.66
45.580801010131836,-2.1,0.8,-66.7,0.45,-0.51,0.67
45.58984923362732,-2.3000000000000003,1.4000000000000001,-66.4,0.4,-0.52,0.67
45.60005164146423,-2.4000000000000004,0.9,-66.60000000000001,0.42,-0.54,0.67
45.61014175415039,-2.4000000000000004,1.0,-66.4,0.44,-0.56,0.67
45.62061858177185,-2.3000000000000003,0.9,-66.4,0.44,-0.52,0.66
45.62985348701477,-2.2,0.7000000000000001,-66.5,0.46,-0.52,0.67
45.639755725860596,-2.3000000000000003,0.9,-66.3,0.44,-0.52,0.66
45.65024256706238,-2.5,1.0,-66.2,0.43,-0.55,0.68
45.65998935699463,-2.4000000000000004,0.7000000000000001,-66.2,0.46,-0.56,0.66
45.66986322402954,-2.1,0.9,-66.2,0.44,-0.53,0.66
45.67984175682068,-2.0,1.0,-66.3,0.43,-0.49,0.67
45.690797090530396,-2.1,1.2000000000000002,-66.0,0.42,-0.51,0.67
45.70002818107605,-2.2,1.0,-66.3,0.43,-0.54,0.66
45.71008086204529,-2.1,0.9,-66.10000000000001,0.44,-0.49,0.66
45.7201189994812,-1.9000000000000001,1.0,-66.10000000000001,0.43,-0.53,0.68
45.72996425628662,-2.4000000000000004,0.7000000000000001,-66.60000000000001,0.46,-0.53,0.66
45.73987030982971,-2.2,1.1,-66.10000000000001,0.43,-0.55,0.66
45.74999237060547,-1.9000000000000001,1.1,-66.2,0.42,-0.47000000000000003,0.64
45.76010060310364,-2.5,0.9,-66.7,0.43,-0.5700000000000001,0.67
45.7698814868927,-2.4000000000000004,1.0,-66.5,0.44,-0.54,0.66
45.77980375289917,-2.1,0.7000000000000001,-66.4,0.48,-0.51,0.66
45.79021716117859,-2.2,1.3,-66.5,0.39,-0.52,0.68
45.79991579055786,-2.2,0.9,-66.4,0.42,-0.54,0.67
45.80975675582886,-2.5,0.6000000000000001,-66.60000000000001,0.45,-0.53,0.66
45.819756507873535,-2.4000000000000004,0.9,-66.5,0.45,-0.56,0.68
45.830639600753784,-2.7,0.8,-66.4,0.45,-0.55,0.66
45.83973431587219,-2.7,0.6000000000000001,-66.5,0.45,-0.59,0.67
45.849759101867676,-2.5,0.7000000000000001,-66.3,0.47000000000000003,-0.56,0.65
45.861104249954224,-2.2,1.2000000000000002,-66.5,0.4,-0.52,0.68
45.870171546936035,-2.0,1.2000000000000002,-66.4,0.39,-0.51,0.66
45.88073801994324,-1.8,0.6000000000000001,-66.4,0.45,-0.48,0.66
45.89076781272888,-2.2,1.0,-66.60000000000001,0.44,-0.54,0.67
45.90071249008179,-2.7,1.2000000000000002,-66.7,0.4,-0.5700000000000001,0.67
45.91009306907654,-2.5,0.8,-66.7,0.42,-0.5700000000000001,0.66
45.91982913017273,-2.1,0.8,-66.8,0.44,-0.52,0.67
45.92993497848511,-1.9000000000000001,1.0,-66.7,0.43,-0.48,0.67
45.939722776412964,-2.2,0.8,-66.8,0.42,-0.5,0.67
45.949745416641235,-2.1,0.5,-66.8,0.46,-0.52,0.66
45.96006965637207,-2.3000000000000003,0.7000000000000001,-66.60000000000001,0.46,-0.53,0.67
45.96986651420593,-2.1,0.7000000000000001,-66.7,0.45,-0.54,0.66
45.98000717163086,-2.2,0.30000000000000004,-66.9,0.46,-0.5,0.66
45.9904580116272,-2.2,1.0,-66.60000000000001,0.42,-0.55,0.67
46.00003266334534,-2.3000000000000003,0.9,-66.4,0.43,-0.52,0.67
46.00986170768738,-2.3000000000000003,0.4,-66.5,0.48,-0.53,0.66
46.019689083099365,-2.3000000000000003,1.1,-66.5,0.41000000000000003,-0.51,0.66
46.03014612197876,-2.3000000000000003,1.1,-66.3,0.42,-0.53,0.67
46.03973340988159,-2.2,0.6000000000000001,-66.7,0.44,-0.52,0.66
46.05000638961792,-2.3000000000000003,0.8,-66.8,0.44,-0.56,0.67
46.06058931350708,-2.5,0.9,-66.4,0.44,-0.55,0.67
46.070287466049194,-2.2,0.5,-67.0,0.46,-0.51,0.65
46.079877614974976,-2.4000000000000004,0.8,-66.9,0.45,-0.54,0.66
46.09086012840271,-2.3000000000000003,1.3,-66.60000000000001,0.4,-0.54,0.67
46.10115456581116,-2.4000000000000004,1.0,-67.10000000000001,0.4,-0.56,0.66
46.10984396934509,-2.4000000000000004,0.5,-67.0,0.47000000000000003,-0.54,0.65
46.11978888511658,-2.0,0.8,-66.7,0.46,-0.5,0.67
46.130757570266724,-2.2,1.2000000000000002,-67.0,0.4,-0.52,0.67
46.13989543914795,-2.4000000000000004,0.6000000000000001,-66.8,0.46,-0.54,0.66
46.149874448776245,-2.3000000000000003,0.5,-66.7,0.49,-0.54,0.66
46.1602418422699,-2.0,1.0,-67.0,0.43,-0.52,0.67
46.16997194290161,-2.4000000000000004,1.2000000000000002,-66.9,0.38,-0.54,0.67
46.17987608909607,-2.2,0.6000000000000001,-66.60000000000001,0.45,-0.54,0.65
46.19063973426819,-1.7000000000000002,0.9,-66.9,0.42,-0.47000000000000003,0.68
46.20056772232056,-1.9000000000000001,0.8,-66.7,0.44,-0.48,0.66
46.20982265472412,-2.3000000000000003,0.1,-66.8,0.51,-0.55,0.65
46.219730377197266,-2.7,0.6000000000000001,-66.8,0.46,-0.59,0.67
46.23006319999695,-2.6,0.4,-66.7,0.47000000000000003,-0.5700000000000001,0.67
46.239739179611206,-2.2,0.4,-66.7,0.46,-0.53,0.66
46.25010681152344,-1.8,0.6000000000000001,-67.10000000000001,0.45,-0.49,0.66
46.2603235244751,-1.9000000000000001,0.9,-67.10000000000001,0.42,-0.49,0.66
46.270549058914185,-2.7,0.1,-67.0,0.51,-0.5700000000000001,0.67
46.28073072433472,-2.7,0.8,-66.9,0.45,-0.58,0.66
46.29080510139465,-2.1,0.8,-67.10000000000001,0.43,-0.53,0.66
46.30083107948303,-2.2,0.6000000000000001,-66.8,0.47000000000000003,-0.51,0.66
46.310707569122314,-2.1,0.9,-67.0,0.44,-0.5,0.67
46.319767236709595,-2.1,1.1,-66.9,0.43,-0.5,0.67
46.329989433288574,-2.2,0.8,-66.9,0.44,-0.51,0.66
46.3400821685791,-2.3000000000000003,1.3,-67.0,0.38,-0.55,0.67
46.349770069122314,-2.1,0.9,-67.0,0.42,-0.52,0.66
46.36121106147766,-2.0,0.4,-67.10000000000001,0.49,-0.52,0.65
46.37021732330322,-2.3000000000000003,1.0,-67.3,0.4,-0.54,0.66
46.38073921203613,-2.3000000000000003,0.30000000000000004,-67.0,0.48,-0.54,0.66
46.39083766937256,-2.6,0.9,-67.0,0.43,-0.5700000000000001,0.66
46.40079402923584,-2.6,0.9,-67.4,0.41000000000000003,-0.56,0.66
46.410109758377075,-2.4000000000000004,0.5,-67.2,0.46,-0.54,0.66
46.419800758361816,-2.0,0.4,-67.10000000000001,0.48,-0.51,0.66
46.430805683135986,-2.4000000000000004,0.7000000000000001,-67.10000000000001,0.44,-0.54,0.66
46.44037127494812,-2.8000000000000003,0.5,-67.2,0.46,-0.58,0.66
46.450024366378784,-2.3000000000000003,0.1,-67.3,0.5,-0.54,0.65
46.46027445793152,-2.3000000000000003,0.7000000000000001,-67.2,0.46,-0.53,0.66
46.4704954624176,-2.3000000000000003,1.0,-67.10000000000001,0.42,-0.53,0.68
46.47998547554016,-2.3000000000000003,0.7000000000000001,-67.0,0.44,-0.53,0.65
46.48997926712036,-2.0,0.5,-67.2,0.46,-0.5,0.67
46.50057768821716,-2.0,1.2000000000000002,-66.7,0.42,-0.49,0.66
46.50992512702942,-1.9000000000000001,0.4,-67.2,0.45,-0.51,0.67
46.51978635787964,-2.0,0.7000000000000001,-66.9,0.46,-0.51,0.65
46.530476570129395,-2.0,0.4,-67.3,0.48,-0.5,0.67
46.53985285758972,-2.2,0.9,-67.2,0.42,-0.53,0.67
46.549938917160034,-2.3000000000000003,0.30000000000000004,-67.0,0.49,-0.54,0.65
46.560163497924805,-2.1,0.8,-67.0,0.45,-0.51,0.67
46.570363998413086,-2.2,0.4,-67.3,0.45,-0.53,0.67
46.579957485198975,-2.3000000000000003,0.1,-67.2,0.49,-0.54,0.65
46.58978033065796,-2.1,0.5,-67.10000000000001,0.49,-0.52,0.66
46.599772930145264,-2.2,0.6000000000000001,-67.10000000000001,0.44,-0.52,0.66
46.61033058166504,-2.3000000000000003,0.5,-67.3,0.44,-0.55,0.67
46.62070608139038,-2.5,0.4,-67.3,0.47000000000000003,-0.56,0.66
46.63006234169006,-2.5,-0.0,-67.5,0.52,-0.5700000000000001,0.66
46.63991951942444,-2.5,0.7000000000000001,-67.3,0.46,-0.56,0.67
46.651129961013794,-2.4000000000000004,1.0,-67.3,0.41000000000000003,-0.55,0.67
46.659908056259155,-2.1,0.9,-67.2,0.42,-0.52,0.66
46.67002773284912,-1.6,0.7000000000000001,-67.4,0.44,-0.46,0.66
46.67995858192444,-1.8,0.9,-67.4,0.41000000000000003,-0.49,0.67
46.69041705131531,-2.4000000000000004,0.7000000000000001,-67.4,0.45,-0.54,0.66
46.70055103302002,-2.2,0.6000000000000001,-67.2,0.46,-0.55,0.67
46.71006751060486,-2.1,0.6000000000000001,-67.5,0.45,-0.51,0.65
46.720294713974,-2.2,0.5,-67.4,0.46,-0.53,0.67
46.730191230773926,-2.4000000000000004,0.7000000000000001,-67.3,0.45,-0.53,0.66
46.73997664451599,-2.3000000000000003,0.4,-67.5,0.47000000000000003,-0.55,0.67
46.750094413757324,-2.3000000000000003,0.4,-67.2,0.48,-0.52,0.65
46.76003861427307,-2.0,0.2,-67.4,0.48,-0.53,0.67
46.77036452293396,-2.3000000000000003,0.2,-67.5,0.49,-0.53,0.65
46.78063106536865,-2.0,0.5,-67.5,0.46,-0.5,0.67
46.79019021987915,-2.2,0.5,-67.5,0.46,-0.52,0.67
46.80078935623169,-2.4000000000000004,0.8,-67.4,0.43,-0.56,0.67
46.80998969078064,-2.3000000000000003,0.7000000000000001,-67.3,0.46,-0.53,0.66
46.81976366043091,-2.2,0.5,-67.60000000000001,0.46,-0.54,0.67
46.82986664772034,-2.2,0.6000000000000001,-67.4,0.46,-0.52,0.66
46.83970665931702,-2.0,0.5,-67.60000000000001,0.45,-0.53,0.67
46.84983515739441,-2.0,0.5,-67.4,0.46,-0.5,0.65
46.859896183013916,-2.0,0.4,-67.60000000000001,0.47000000000000003,-0.5,0.67
46.86980080604553,-2.2,0.2,-67.7,0.47000000000000003,-0.54,0.66
46.87983417510986,-2.7,0.4,-67.5,0.48,-0.58,0.66
46.890188694000244,-2.4000000000000004,0.4,-67.7,0.47000000000000003,-0.56,0.66
46.900768756866455,-2.2,0.4,-67.60000000000001,0.47000000000000003,-0.53,0.66
46.910712003707886,-1.9000000000000001,0.5,-67.60000000000001,0.46,-0.5,0.66
46.91972088813782,-2.1,0.7000000000000001,-67.4,0.45,-0.52,0.66
46.93032503128052,-2.2,0.4,-67.7,0.46,-0.53,0.67
46.94000196456909,-2.3000000000000003,0.6000000000000001,-67.5,0.44,-0.55,0.67
46.949697971343994,-2.1,0.30000000000000004,-67.5,0.48,-0.53,0.65
46.9607298374176,-1.9000000000000001,0.4,-67.60000000000001,0.47000000000000003,-0.5,0.66
46.97006797790527,-2.2,0.7000000000000001,-67.7,0.43,-0.53,0.67
46.97982978820801,-2.2,0.5,-67.8,0.46,-0.53,0.66
46.9900598526001,-2.3000000000000003,0.5,-67.8,0.47000000000000003,-0.54,0.67
47.00001311302185,-2.3000000000000003,1.0,-67.8,0.4,-0.55,0.66
47.010326862335205,-2.1,0.2,-67.7,0.48,-0.54,0.66
47.01971912384033,-1.8,0.5,-67.60000000000001,0.47000000000000003,-0.49,0.66
47.029728174209595,-2.0,0.2,-67.8,0.49,-0.51,0.67
47.04003715515137,-2.2,0.2,-67.5,0.49,-0.54,0.67
47.0497841835022,-2.4000000000000004,0.30000000000000004,-67.60000000000001,0.46,-0.55,0.66
47.059855937957764,-2.5,-0.2,-67.8,0.54,-0.55,0.65
47.071096658706665,-2.5,0.30000000000000004,-67.5,0.5,-0.56,0.67
47.080657958984375,-2.4000000000000004,0.4,-67.8,0.46,-0.54,0.65
47.08993220329285,-1.9000000000000001,0.2,-67.7,0.47000000000000003,-0.52,0.66
47.09984517097473,-1.7000000000000002,0.4,-67.7,0.46,-0.47000000000000003,0.66
47.10990643501282,-2.0,0.8,-67.60000000000001,0.42,-0.51,0.67
47.119781732559204,-2.2,0.2,-67.7,0.47000000000000003,-0.5700000000000001,0.66
47.129788637161255,-1.9000000000000001,0.2,-67.60000000000001,0.49,-0.5,0.66
47.140246868133545,-1.9000000000000001,0.7000000000000001,-67.60000000000001,0.45,-0.5,0.66
47.14994835853577,-2.1,0.5,-67.8,0.45,-0.53,0.66
47.16001653671265,-2.2,0.5,-67.8,0.45,-0.54,0.66
47.17095685005188,-2.3000000000000003,0.6000000000000001,-67.9,0.44,-0.54,0.67
47.1800582408905,-2.2,0.2,-67.8,0.49,-0.53,0.66
47.1902129650116,-1.9000000000000001,0.4,-67.8,0.47000000000000003,-0.5,0.66
47.19987654685974,-1.9000000000000001,0.4,-68.0,0.47000000000000003,-0.51,0.66
47.210362911224365,-2.3000000000000003,0.4,-67.9,0.46,-0.54,0.67
47.2203164100647,-2.3000000000000003,0.5,-67.9,0.45,-0.56,0.66
47.2298219203949,-2.3000000000000003,-0.0,-68.10000000000001,0.51,-0.54,0.66
47.240927934646606,-2.3000000000000003,0.1,-67.8,0.51,-0.53,0.66
47.250349044799805,-2.3000000000000003,0.9,-67.60000000000001,0.42,-0.53,0.67
47.25996398925781,-1.9000000000000001,0.1,-67.9,0.48,-0.49,0.65
47.27127718925476,-1.9000000000000001,0.5,-67.7,0.47000000000000003,-0.5,0.66
47.28034591674805,-2.3000000000000003,0.30000000000000004,-68.0,0.46,-0.53,0.67
47.29000210762024,-2.0,0.30000000000000004,-67.8,0.48,-0.54,0.66
47.29988193511963,-2.2,0.1,-67.9,0.5,-0.55,0.65
47.31011390686035,-2.2,0.4,-67.8,0.46,-0.54,0.67
47.32015013694763,-2.4000000000000004,-0.0,-67.8,0.49,-0.54,0.65
47.32978177070618,-2.1,0.2,-68.0,0.49,-0.49,0.66
47.34021258354187,-2.1,0.4,-67.9,0.47000000000000003,-0.52,0.67
47.350836992263794,-2.2,0.5,-67.9,0.45,-0.53,0.66
47.35994482040405,-1.9000000000000001,0.2,-68.0,0.48,-0.52,0.66
47.37056803703308,-1.9000000000000001,0.6000000000000001,-68.0,0.45,-0.51,0.66
47.38011169433594,-2.0,0.5,-68.0,0.45,-0.5,0.67
47.389906883239746,-2.2,0.30000000000000004,-67.9,0.49,-0.53,0.65
47.40084218978882,-2.3000000000000003,0.4,-67.9,0.48,-0.56,0.66
47.41079330444336,-2.1,0.1,-68.10000000000001,0.48,-0.52,0.66
47.420753955841064,-2.1,-0.0,-68.0,0.52,-0.53,0.65
47.430643796920776,-2.1,0.4,-67.8,0.48,-0.54,0.67
47.43993639945984,-1.9000000000000001,0.5,-68.0,0.44,-0.49,0.66
47.45074486732483,-2.1,-0.0,-68.10000000000001,0.48,-0.53,0.66
47.45987939834595,-2.3000000000000003,0.30000000000000004,-68.0,0.49,-0.54,0.66
47.470341205596924,-2.0,0.6000000000000001,-67.8,0.46,-0.53,0.66
47.48023295402527,-2.2,0.2,-68.2,0.47000000000000003,-0.52,0.66
47.490479469299316,-2.5,-0.0,-68.0,0.52,-0.56,0.66
47.49978184700012,-2.3000000000000003,0.5,-68.10000000000001,0.47000000000000003,-0.5700000000000001,0.66
47.51091766357422,-1.9000000000000001,0.4,-68.2,0.47000000000000003,-0.5,0.65
47.52032542228699,-2.2,0.4,-68.10000000000001,0.45,-0.52,0.66
47.5298912525177,-2.2,-0.0,-68.0,0.5,-0.54,0.66
47.540345430374146,-2.2,-0.0,-68.2,0.53,-0.54,0.66
47.55020546913147,-2.2,0.4,-68.10000000000001,0.47000000000000003,-0.53,0.67
47.55984830856323,-1.9000000000000001,0.1,-68.2,0.49,-0.51,0.66
47.570160150527954,-1.6,0.30000000000000004,-68.2,0.48,-0.48,0.66
47.58096146583557,-1.9000000000000001,0.7000000000000001,-68.0,0.44,-0.52,0.67
47.590996742248535,-2.0,-0.0,-68.0,0.5,-0.52,0.65
47.600534439086914,-2.0,0.2,-68.2,0.49,-0.51,0.66
47.60978889465332,-2.0,0.30000000000000004,-68.2,0.48,-0.51,0.66
47.62080216407776,-2.0,0.4,-68.0,0.46,-0.52,0.66
47.62973713874817,-2.2,0.5,-68.2,0.45,-0.54,0.66
47.640048027038574,-1.9000000000000001,-0.0,-68.3,0.51,-0.51,0.66
47.65091848373413,-1.9000000000000001,0.5,-68.2,0.45,-0.52,0.66
47.66045546531677,-2.2,-0.0,-68.3,0.49,-0.52,0.65
47.66994500160217,-2.3000000000000003,-0.0,-68.3,0.51,-0.55,0.66
47.68025279045105,-2.5,0.2,-68.2,0.49,-0.5700000000000001,0.66
47.69104027748108,-2.4000000000000004,0.5,-68.2,0.45,-0.55,0.66
47.6998188495636,-2.3000000000000003,-0.0,-68.4,0.48,-0.53,0.65
47.71033477783203,-2.1,-0.0,-68.2,0.53,-0.52,0.66
47.72084283828735,-2.1,0.5,-68.3,0.46,-0.52,0.66
47.73066854476929,-2.2,-0.0,-68.3,0.5,-0.54,0.66
47.7396981716156,-1.9000000000000001,0.4,-68.2,0.47000000000000003,-0.51,0.66
47.75005030632019,-1.7000000000000002,0.4,-68.3,0.47000000000000003,-0.49,0.66
47.760618686676025,-2.0,0.7000000000000001,-68.2,0.43,-0.51,0.66
47.769912004470825,-2.0,0.1,-68.3,0.49,-0.51,0.65
47.78025770187378,-1.8,0.2,-68.4,0.49,-0.5,0.66
47.79014873504639,-1.8,0.30000000000000004,-68.3,0.48,-0.51,0.65
47.7999062538147,-1.8,0.2,-68.3,0.48,-0.5,0.66
47.810091972351074,-2.1,-0.1,-68.3,0.52,-0.52,0.66
47.8204448223114,-2.2,-0.0,-68.3,0.51,-0.55,0.66
47.8299880027771,-2.2,-0.0,-68.3,0.51,-0.55,0.66
47.839781522750854,-1.8,0.2,-68.4,0.48,-0.5,0.65
47.84983706474304,-1.9000000000000001,0.1,-68.3,0.48,-0.5,0.66
47.86045432090759,-2.1,0.1,-68.3,0.49,-0.53,0.66
47.86987018585205,-2.1,0.2,-68.4,0.49,-0.52,0.66
47.880131006240845,-2.0,-0.0,-68.4,0.52,-0.52,0.66
47.890334367752075,-2.2,0.5,-68.3,0.46,-0.54,0.66
47.899863481521606,-2.2,-0.0,-68.4,0.5,-0.53,0.66
47.90998983383179,-2.3000000000000003,0.2,-68.4,0.49,-0.55,0.66
47.91999530792236,-2.2,0.30000000000000004,-68.4,0.48,-0.53,0.66
47.93002533912659,-1.9000000000000001,0.1,-68.5,0.5,-0.5,0.66
47.93984842300415,-1.9000000000000001,0.1,-68.5,0.49,-0.52,0.66
47.950504779815674,-1.9000000000000001,0.30000000000000004,-68.5,0.47000000000000003,-0.49,0.66
47.96038627624512,-2.0,0.30000000000000004,-68.4,0.46,-0.51,0.66
47.969966650009155,-2.0,-0.0,-68.4,0.51,-0.52,0.66
47.979981899261475,-1.9000000000000001,0.2,-68.4,0.5,-0.52,0.66
47.99056887626648,-1.8,0.30000000000000004,-68.4,0.48,-0.5,0.65
48.00005578994751,-1.9000000000000001,0.4,-68.4,0.45,-0.5,0.66
48.009843587875366,-1.9000000000000001,-0.0,-68.4,0.5,-0.51,0.66
48.019935846328735,-2.0,-0.1,-68.4,0.53,-0.52,0.66
48.02978253364563,-2.1,0.30000000000000004,-68.3,0.47000000000000003,-0.54,0.66
48.039803981781006,-1.8,0.1,-68.4,0.48,-0.51,0.66
48.05089068412781,-1.6,-0.0,-68.4,0.5,-0.47000000000000003,0.66
48.06043791770935,-2.2,-0.0,-68.5,0.51,-0.53,0.66
48.070013999938965,-2.3000000000000003,-0.0,-68.4,0.52,-0.55,0.66
48.08001160621643,-2.1,0.2,-68.5,0.48,-0.54,0.66
48.09040355682373,-2.0,0.2,-68.5,0.48,-0.51,0.66
48.09980034828186,-2.0,0.2,-68.4,0.48,-0.52,0.66
48.110039472579956,-2.1,-0.2,-68.60000000000001,0.52,-0.51,0.66
48.12018060684204,-2.1,-0.0,-68.5,0.52,-0.53,0.66
48.13075566291809,-2.1,-0.1,-68.60000000000001,0.53,-0.52,0.66
48.139766454696655,-1.9000000000000001,0.2,-68.5,0.48,-0.52,0.66
48.15007019042969,-1.8,0.1,-68.5,0.48,-0.5,0.66
48.16012740135193,-1.9000000000000001,0.30000000000000004,-68.60000000000001,0.46,-0.51,0.66
48.16985750198364,-2.0,-0.0,-68.60000000000001,0.52,-0.51,0.65
48.1798996925354,-1.8,0.30000000000000004,-68.4,0.49,-0.51,0.66
48.19009470939636,-1.8,0.4,-68.7,0.45,-0.49,0.66
48.199854135513306,-1.5,0.4,-68.5,0.46,-0.48,0.66
48.20990490913391,-1.6,-0.0,-68.60000000000001,0.51,-0.49,0.66
48.21992349624634,-1.9000000000000001,0.4,-68.60000000000001,0.46,-0.51,0.66
48.2298858165741,-2.1,-0.0,-68.5,0.51,-0.54,0.66
48.239739656448364,-2.2,-0.0,-68.7,0.5,-0.53,0.66
48.24985098838806,-2.0,-0.1,-68.7,0.52,-0.53,0.66
48.26091766357422,-2.3000000000000003,-0.2,-68.60000000000001,0.53,-0.54,0.66
48.26987552642822,-2.0,0.2,-68.7,0.48,-0.52,0.66
48.27984380722046,-1.8,-0.2,-68.8,0.52,-0.49,0.66
48.290605545043945,-1.9000000000000001,-0.0,-68.7,0.5,-0.52,0.66
48.30071759223938,-2.1,-0.0,-68.60000000000001,0.5,-0.52,0.66
48.30978178977966,-2.0,-0.0,-68.5,0.52,-0.52,0.66
48.31993770599365,-1.7000000000000002,0.2,-68.8,0.48,-0.48,0.66
48.33076214790344,-1.9000000000000001,0.1,-68.7,0.47000000000000003,-0.51,0.67
48.33977198600769,-2.0,0.2,-68.60000000000001,0.47000000000000003,-0.52,0.66
48.35005164146423,-1.9000000000000001,-0.1,-68.7,0.52,-0.51,0.66
48.36040997505188,-1.9000000000000001,0.2,-68.7,0.48,-0.53,0.66
48.3704195022583,-1.8,0.2,-68.60000000000001,0.49,-0.5,0.65
48.37987971305847,-1.6,0.30000000000000004,-68.7,0.47000000000000003,-0.47000000000000003,0.66
48.39017963409424,-1.6,-0.0,-68.8,0.49,-0.48,0.66
48.40009880065918,-2.2,0.1,-68.7,0.5,-0.55,0.67
48.40992712974548,-2.1,-0.1,-68.7,0.54,-0.53,0.66
48.41979265213013,-1.6,0.30000000000000004,-68.60000000000001,0.48,-0.48,0.65
48.429768085479736,-1.5,0.30000000000000004,-68.7,0.46,-0.47000000000000003,0.66
48.43998980522156,-1.9000000000000001,0.2,-68.7,0.47000000000000003,-0.5,0.66
48.449896574020386,-2.1,-0.0,-68.60000000000001,0.52,-0.52,0.66
48.460216760635376,-2.1,-0.30000000000000004,-68.8,0.54,-0.53,0.66
48.47074842453003,-2.0,-0.0,-68.8,0.5,-0.53,0.66
48.480090379714966,-2.0,-0.4,-68.9,0.54,-0.52,0.65
48.490583658218384,-2.2,-0.1,-68.7,0.53,-0.54,0.66
48.500699043273926,-2.0,-0.0,-68.7,0.5,-0.52,0.66
48.51081609725952,-2.2,0.4,-68.8,0.46,-0.52,0.66
48.51976728439331,-1.7000000000000002,-0.30000000000000004,-68.8,0.51,-0.53,0.67
48.530022859573364,-1.6,-0.2,-68.8,0.54,-0.45,0.65
48.539907455444336,-1.7000000000000002,0.2,-68.7,0.49,-0.49,0.66
48.55031991004944,-1.8,-0.1,-69.0,0.5,-0.5,0.66
48.56035375595093,-1.7000000000000002,-0.0,-68.7,0.49,-0.53,0.67
48.57036828994751,-1.7000000000000002,0.2,-68.8,0.48,-0.49,0.65
48.57994890213013,-1.9000000000000001,0.7000000000000001,-68.7,0.46,-0.47000000000000003,0.66
48.59043765068054,-2.0,0.1,-68.7,0.47000000000000003,-0.53,0.67
48.59986901283264,-1.7000000000000002,-0.1,-68.8,0.5,-0.52,0.66
48.60999298095703,-1.5,-0.0,-68.9,0.52,-0.45,0.65
48.61985158920288,-1.7000000000000002,-0.0,-68.8,0.51,-0.48,0.66
48.629855155944824,-1.9000000000000001,0.1,-68.8,0.49,-0.51,0.66
48.63974475860596,-1.9000000000000001,-0.0,-68.9,0.5,-0.52,0.66
48.65055704116821,-2.0,-0.0,-68.8,0.51,-0.52,0.66
48.66032576560974,-2.2,-0.0,-68.9,0.5,-0.55,0.66
48.669930934906006,-2.0,-0.30000000000000004,-68.9,0.54,-0.52,0.66
48.680731534957886,-1.9000000000000001,-0.0,-68.8,0.49,-0.52,0.66
48.6904079914093,-1.9000000000000001,0.1,-68.8,0.48,-0.5,0.65
48.70069456100464,-1.9000000000000001,-0.0,-68.8,0.5,-0.52,0.66
48.710705518722534,-2.0,-0.0,-68.8,0.52,-0.5,0.65
48.72089862823486,-1.9000000000000001,-0.1,-68.8,0.53,-0.51,0.67
48.73072004318237,-2.0,0.2,-68.9,0.48,-0.52,0.65
48.73990225791931,-1.9000000000000001,-0.2,-68.9,0.52,-0.52,0.66
48.74999761581421,-2.1,-0.0,-68.9,0.51,-0.54,0.66
48.76007890701294,-2.1,-0.0,-68.9,0.5,-0.53,0.66
48.770671129226685,-1.8,-0.0,-69.0,0.5,-0.51,0.66
48.77968192100525,-1.7000000000000002,-0.0,-68.9,0.5,-0.49,0.66
48.79089641571045,-1.8,0.1,-68.9,0.49,-0.49,0.66
48.800732374191284,-1.8,0.2,-68.8,0.47000000000000003,-0.5,0.66
48.80985760688782,-1.8,0.1,-68.9,0.49,-0.5,0.66
48.82058548927307,-1.8,0.2,-68.9,0.49,-0.49,0.66
48.830689668655396,-1.9000000000000001,-0.2,-69.0,0.52,-0.52,0.66
48.839773416519165,-2.1,-0.0,-68.8,0.52,-0.54,0.66
48.84991526603699,-1.9000000000000001,-0.0,-68.8,0.5,-0.51,0.66
48.860512018203735,-1.7000000000000002,0.30000000000000004,-68.9,0.46,-0.48,0.66
48.86992120742798,-1.7000000000000002,-0.1,-69.10000000000001,0.49,-0.48,0.66
48.88027548789978,-1.9000000000000001,-0.30000000000000004,-68.9,0.54,-0.52,0.66
48.89071607589722,-1.9000000000000001,-0.2,-68.9,0.54,-0.51,0.66
48.89999461174011,-2.0,-0.0,-68.9,0.51,-0.52,0.66
48.90984535217285,-1.9000000000000001,-0.1,-69.0,0.51,-0.51,0.66
48.92061519622803,-1.9000000000000001,-0.1,-69.0,0.52,-0.51,0.66
48.930715560913086,-2.0,-0.0,-68.9,0.52,-0.52,0.66
48.940064668655396,-1.8,-0.0,-68.9,0.51,-0.5,0.66
48.94975662231445,-1.7000000000000002,0.1,-68.9,0.49,-0.48,0.66
48.960216760635376,-1.8,-0.0,-68.9,0.49,-0.5,0.66
48.969905853271484,-1.7000000000000002,0.1,-68.8,0.49,-0.5,0.65
48.97991466522217,-1.6,-0.0,-68.9,0.5,-0.48,0.66
48.98992562294006,-1.8,-0.0,-69.0,0.49,-0.51,0.66
48.99992656707764,-1.8,-0.2,-69.0,0.53,-0.5,0.65
49.009897232055664,-1.8,-0.1,-68.9,0.53,-0.5,0.65
49.02032279968262,-1.8,0.2,-69.0,0.48,-0.5,0.66
49.03013205528259,-1.9000000000000001,0.2,-69.10000000000001,0.46,-0.51,0.66
49.0400767326355,-2.0,-0.30000000000000004,-69.10000000000001,0.53,-0.52,0.66
49.050004959106445,-2.0,-0.0,-69.0,0.52,-0.53,0.65
49.05982041358948,-1.8,-0.0,-69.10000000000001,0.5,-0.5,0.66
49.07076406478882,-1.6,-0.0,-69.10000000000001,0.48,-0.47000000000000003,0.65
49.08073830604553,-1.9000000000000001,-0.0,-69.0,0.49,-0.52,0.66
49.09015512466431,-2.1,-0.1,-69.0,0.52,-0.52,0.66
49.10041904449463,-2.1,-0.1,-69.0,0.53,-0.53,0.66
49.11004185676575,-1.9000000000000001,-0.2,-69.10000000000001,0.52,-0.51,0.65
49.11981439590454,-1.8,-0.0,-69.0,0.5,-0.51,0.66
49.13031578063965,-1.9000000000000001,-0.1,-69.10000000000001,0.5,-0.5,0.66
49.14012813568115,-1.9000000000000001,0.1,-69.0,0.49,-0.51,0.66
49.14992022514343,-1.8,0.1,-69.0,0.49,-0.5,0.66
49.159735441207886,-1.7000000000000002,0.1,-68.9,0.49,-0.5,0.66
49.17043995857239,-1.7000000000000002,-0.0,-69.0,0.5,-0.49,0.65
49.17980766296387,-1.6,-0.0,-69.0,0.5,-0.49,0.66
49.18998456001282,-1.8,-0.0,-69.10000000000001,0.51,-0.49,0.66
49.20080852508545,-1.9000000000000001,-0.1,-69.10000000000001,0.52,-0.51,0.66
49.21085453033447,-1.9000000000000001,-0.0,-69.10000000000001,0.51,-0.51,0.66
49.22023129463196,-1.7000000000000002,-0.1,-69.0,0.51,-0.5,0.65
49.2300078868866,-1.7000000000000002,-0.0,-69.10000000000001,0.5,-0.49,0.65
49.239827394485474,-1.9000000000000001,-0.0,-69.10000000000001,0.51,-0.52,0.66
49.2497820854187,-1.9000000000000001,-0.1,-69.10000000000001,0.51,-0.52,0.66
49.26001596450806,-1.7000000000000002,-0.1,-69.2,0.51,-0.5,0.65
49.270610094070435,-1.8,-0.0,-69.0,0.5,-0.51,0.66
49.279963970184326,-1.8,0.1,-69.0,0.48,-0.51,0.66
49.289974212646484,-1.7000000000000002,0.1,-69.0,0.49,-0.49,0.66
49.29997682571411,-1.7000000000000002,0.1,-69.10000000000001,0.49,-0.49,0.66
49.31060266494751,-1.8,-0.0,-69.10000000000001,0.51,-0.5,0.66
49.319947242736816,-1.9000000000000001,-0.0,-69.10000000000001,0.5,-0.51,0.66
49.329729080200195,-1.8,-0.1,-69.2,0.51,-0.5,0.65
49.33981919288635,-1.9000000000000001,-0.0,-69.2,0.51,-0.52,0.66
49.34977841377258,-2.1,-0.1,-69.2,0.51,-0.52,0.66
49.35994052886963,-2.0,-0.1,-69.2,0.51,-0.53,0.66
49.370787382125854,-1.9000000000000001,-0.2,-69.2,0.52,-0.51,0.65
49.37983989715576,-1.9000000000000001,-0.1,-69.10000000000001,0.52,-0.51,0.66
49.390429973602295,-2.0,-0.0,-69.2,0.5,-0.53,0.66
49.40047478675842,-1.9000000000000001,-0.2,-69.2,0.52,-0.51,0.66
49.41051483154297,-1.7000000000000002,-0.0,-69.10000000000001,0.49,-0.49,0.66
49.419824838638306,-1.8,-0.0,-69.10000000000001,0.5,-0.5,0.66
49.42998766899109,-1.9000000000000001,-0.0,-69.10000000000001,0.5,-0.52,0.66
49.440704345703125,-2.0,-0.0,-69.10000000000001,0.5,-0.52,0.65
49.44979476928711,-1.6,-0.0,-69.0,0.5,-0.49,0.66
49.459943771362305,-1.6,-0.0,-69.10000000000001,0.49,-0.48,0.66
49.47112703323364,-1.7000000000000002,-0.0,-69.10000000000001,0.49,-0.49,0.66
49.48000121116638,-1.8,-0.0,-69.10000000000001,0.51,-0.5,0.66
49.48975896835327,-1.7000000000000002,-0.0,-69.2,0.49,-0.51,0.66
49.49993658065796,-1.8,-0.0,-69.2,0.5,-0.5,0.65
49.51016306877136,-1.8,-0.1,-69.2,0.51,-0.51,0.66
49.51979064941406,-1.7000000000000002,-0.1,-69.3,0.52,-0.49,0.65
49.529786586761475,-1.8,-0.2,-69.3,0.51,-0.51,0.66
49.54085063934326,-2.0,-0.1,-69.3,0.52,-0.52,0.65
49.54986882209778,-1.8,-0.1,-69.10000000000001,0.52,-0.5,0.66
49.56032681465149,-2.0,0.1,-69.3,0.47000000000000003,-0.52,0.66
49.56989502906799,-1.9000000000000001,-0.0,-69.2,0.5,-0.52,0.66
49.58015251159668,-1.8,-0.1,-69.2,0.51,-0.51,0.65
49.589967250823975,-1.7000000000000002,-0.0,-69.3,0.51,-0.49,0.65
49.599833965301514,-1.7000000000000002,-0.1,-69.2,0.51,-0.5,0.66
49.61013317108154,-1.9000000000000001,0.1,-69.2,0.49,-0.51,0.65
49.61988353729248,-1.8,-0.0,-69.2,0.5,-0.52,0.66
49.629868030548096,-1.9000000000000001,-0.0,-69.10000000000001,0.49,-0.52,0.66
49.6405348777771,-1.7000000000000002,0.2,-69.10000000000001,0.48,-0.5,0.66
49.649858236312866,-1.6,-0.0,-69.2,0.49,-0.48,0.65
49.65992593765259,-1.7000000000000002,-0.0,-69.2,0.49,-0.5,0.66
49.670605421066284,-2.0,-0.0,-69.2,0.51,-0.52,0.66
49.67991900444031,-1.9000000000000001,-0.0,-69.3,0.51,-0.53,0.66
49.690067768096924,-1.7000000000000002,-0.1,-69.3,0.51,-0.51,0.65
49.699979066848755,-1.7000000000000002,-0.1,-69.3,0.51,-0.49,0.65
49.7105028629303,-1.8,-0.1,-69.4,0.51,-0.51,0.66
49.71987533569336,-2.1,-0.1,-69.3,0.51,-0.53,0.66
49.729692459106445,-2.0,-0.0,-69.3,0.5,-0.53,0.66
49.74019527435303,-1.7000000000000002,-0.1,-69.3,0.5,-0.49,0.65
49.75014805793762,-1.6,-0.0,-69.3,0.49,-0.5,0.65
49.75991702079773,-1.7000000000000002,-0.0,-69.2,0.49,-0.5,0.65
49.76995897293091,-1.9000000000000001,0.1,-69.3,0.48,-0.49,0.65
49.780157804489136,-1.9000000000000001,-0.2,-69.3,0.52,-0.52,0.66
49.79007577896118,-1.9000000000000001,-0.0,-69.2,0.51,-0.52,0.65
49.800187826156616,-1.8,-0.2,-69.3,0.52,-0.51,0.66
49.810712814331055,-1.9000000000000001,-0.0,-69.2,0.5,-0.51,0.65
49.81990647315979,-2.0,-0.4,-69.4,0.52,-0.52,0.66
49.82977604866028,-2.1,-0.5,-69.4,0.54,-0.54,0.66
49.83978343009949,-2.1,-0.30000000000000004,-69.4,0.53,-0.55,0.66
49.85031986236572,-1.9000000000000001,-0.2,-69.3,0.53,-0.51,0.65
49.85977005958557,-1.9000000000000001,-0.0,-69.3,0.5,-0.52,0.66
49.87044095993042,-1.8,0.1,-69.3,0.48,-0.5,0.65
49.880181312561035,-1.6,0.2,-69.3,0.47000000000000003,-0.5,0.66
49.88981485366821,-1.7000000000000002,0.1,-69.3,0.48,-0.48,0.65
49.90076398849487,-1.6,0.1,-69.3,0.5,-0.5,0.66
49.910653591156006,-1.6,0.1,-69.3,0.48,-0.48,0.65
49.92082142829895,-1.5,0.1,-69.2,0.49,-0.5,0.66
49.93069863319397,-1.7000000000000002,0.2,-69.2,0.48,-0.5,0.66
49.939899921417236,-1.7000000000000002,-0.0,-69.3,0.5,-0.51,0.66
49.95006966590881,-1.8,-0.0,-69.5,0.49,-0.51,0.65
49.959702491760254,-1.8,-0.1,-69.4,0.51,-0.51,0.65
49.970011711120605,-2.0,-0.1,-69.5,0.51,-0.52,0.65
49.979920387268066,-1.9000000000000001,-0.2,-69.3,0.52,-0.52,0.66
49.98992323875427,-1.6,-0.2,-69.4,0.52,-0.5,0.66
50.000264167785645,-1.8,-0.1,-69.4,0.5,-0.51,0.66
50.01013946533203,-1.9000000000000001,-0.30000000000000004,-69.3,0.53,-0.51,0.66
50.01998996734619,-1.8,-0.1,-69.3,0.51,-0.51,0.65
50.02982473373413,-1.7000000000000002,-0.1,-69.3,0.51,-0.5,0.66
50.03975820541382,-1.7000000000000002,-0.0,-69.3,0.49,-0.5,0.66
50.05096459388733,-1.7000000000000002,-0.0,-69.3,0.49,-0.49,0.65
50.0597505569458,-1.7000000000000002,0.1,-69.3,0.48,-0.51,0.66
50.070032596588135,-1.7000000000000002,-0.0,-69.5,0.48,-0.5,0.65
50.08096408843994,-1.7000000000000002,-0.2,-69.4,0.53,-0.49,0.65
50.09003663063049,-1.7000000000000002,-0.1,-69.3,0.53,-0.51,0.66
50.099853515625,-1.7000000000000002,-0.0,-69.5,0.48,-0.5,0.65
50.110398292541504,-1.7000000000000002,0.1,-69.3,0.49,-0.49,0.65
50.11998271942139,-1.5,-0.0,-69.5,0.48,-0.5,0.66
50.129884481430054,-1.6,0.30000000000000004,-69.4,0.47000000000000003,-0.49,0.65
50.13978338241577,-1.7000000000000002,-0.1,-69.3,0.51,-0.51,0.66
50.150028228759766,-1.6,-0.1,-69.4,0.51,-0.49,0.65
50.159770488739014,-1.6,-0.0,-69.4,0.51,-0.5,0.66
50.17030930519104,-1.9000000000000001,0.2,-69.3,0.47000000000000003,-0.53,0.65
50.180493116378784,-1.8,-0.0,-69.4,0.49,-0.51,0.65
50.189958810806274,-1.8,-0.2,-69.5,0.51,-0.51,0.65
50.19992780685425,-2.0,-0.6000000000000001,-69.60000000000001,0.55,-0.52,0.65
50.21046566963196,-2.1,-0.6000000000000001,-69.4,0.56,-0.55,0.66
50.21994233131409,-2.1,-0.1,-69.4,0.51,-0.53,0.65
50.23027944564819,-1.9000000000000001,-0.0,-69.3,0.5,-0.52,0.66
50.24015235900879,-1.7000000000000002,-0.1,-69.4,0.49,-0.5,0.65
50.250091552734375,-1.7000000000000002,-0.0,-69.4,0.48,-0.51,0.65
50.26049852371216,-1.7000000000000002,-0.2,-69.4,0.53,-0.5,0.65
50.26996994018555,-1.7000000000000002,-0.0,-69.5,0.5,-0.5,0.65
50.28015494346619,-1.6,-0.0,-69.4,0.5,-0.5,0.65
50.290037631988525,-1.7000000000000002,-0.0,-69.4,0.49,-0.5,0.65
50.300283908843994,-1.7000000000000002,-0.1,-69.5,0.49,-0.51,0.65
50.30982828140259,-1.6,-0.2,-69.3,0.53,-0.49,0.65
50.31997299194336,-1.6,0.2,-69.4,0.49,-0.49,0.65
50.33034014701843,-1.4000000000000001,-0.0,-69.3,0.5,-0.46,0.65
50.33977961540222,-1.6,-0.0,-69.3,0.48,-0.49,0.65
50.34990358352661,-1.9000000000000001,-0.2,-69.4,0.5,-0.53,0.66
50.359840393066406,-2.0,-0.2,-69.4,0.53,-0.53,0.65
50.36988568305969,-1.9000000000000001,-0.0,-69.4,0.5,-0.53,0.66
50.38090443611145,-1.7000000000000002,-0.4,-69.5,0.52,-0.5,0.65
50.39065480232239,-1.9000000000000001,-0.0,-69.4,0.5,-0.52,0.65
50.40018033981323,-2.0,-0.4,-69.5,0.53,-0.52,0.66
50.40987014770508,-1.8,-0.4,-69.60000000000001,0.54,-0.52,0.66
50.419790506362915,-1.8,-0.2,-69.5,0.51,-0.53,0.65
50.43007826805115,-1.8,0.1,-69.4,0.49,-0.5,0.65
50.43976950645447,-1.8,-0.0,-69.5,0.48,-0.5,0.65
50.450172424316406,-1.7000000000000002,-0.0,-69.5,0.49,-0.51,0.65
50.460044145584106,-1.7000000000000002,0.1,-69.5,0.48,-0.5,0.66
50.470632553100586,-1.6,-0.2,-69.7,0.5,-0.49,0.65
50.48064637184143,-1.6,-0.1,-69.4,0.52,-0.49,0.65
50.49017286300659,-1.7000000000000002,-0.1,-69.3,0.52,-0.5,0.65
50.50080132484436,-1.7000000000000002,-0.0,-69.3,0.5,-0.49,0.66
50.51077222824097,-1.5,-0.0,-69.4,0.48,-0.49,0.66
50.52070164680481,-1.6,-0.30000000000000004,-69.4,0.53,-0.5,0.65
50.53061652183533,-1.8,-0.1,-69.5,0.51,-0.51,0.65
50.53986120223999,-1.6,-0.2,-69.4,0.53,-0.48,0.65
50.55009984970093,-1.7000000000000002,-0.30000000000000004,-69.4,0.52,-0.5,0.65
50.56011080741882,-1.6,-0.0,-69.2,0.5,-0.51,0.66
50.57019639015198,-1.5,-0.0,-69.3,0.5,-0.48,0.65
50.581239223480225,-1.5,0.2,-69.4,0.46,-0.48,0.65
50.59061050415039,-1.5,-0.1,-69.4,0.51,-0.49,0.66
50.60067176818848,-1.7000000000000002,-0.1,-69.3,0.51,-0.51,0.65
50.61064124107361,-1.9000000000000001,-0.1,-69.4,0.51,-0.51,0.65
50.62098264694214,-1.7000000000000002,-0.6000000000000001,-69.5,0.54,-0.53,0.66
50.629836320877075,-1.5,-0.5,-69.5,0.55,-0.49,0.65
50.63993167877197,-2.0,-0.0,-69.5,0.52,-0.53,0.66
50.65121531486511,-2.0,-0.30000000000000004,-69.5,0.52,-0.53,0.65
50.66004180908203,-1.5,-0.4,-69.4,0.53,-0.49,0.66
50.670902729034424,-1.7000000000000002,-0.0,-69.5,0.49,-0.51,0.65
50.67996287345886,-1.7000000000000002,-0.1,-69.4,0.52,-0.49,0.66
50.69029712677002,-1.5,-0.0,-69.5,0.47000000000000003,-0.5,0.65
50.7002170085907,-1.6,-0.2,-69.60000000000001,0.51,-0.48,0.65
50.70997714996338,-1.8,-0.30000000000000004,-69.3,0.53,-0.54,0.66
50.7198269367218,-1.6,-0.30000000000000004,-69.5,0.53,-0.48,0.65
50.72978091239929,-1.7000000000000002,-0.5,-69.5,0.53,-0.51,0.66
50.74123501777649,-1.9000000000000001,-0.6000000000000001,-69.4,0.54,-0.52,0.65
50.750202894210815,-1.8,-0.2,-69.3,0.53,-0.51,0.65
50.76058626174927,-1.9000000000000001,-0.1,-69.7,0.49,-0.52,0.65
50.77003502845764,-1.8,-0.1,-69.3,0.51,-0.53,0.65
50.78037095069885,-1.2000000000000002,0.30000000000000004,-69.3,0.47000000000000003,-0.44,0.65
50.79088735580444,-1.4000000000000001,-0.1,-69.60000000000001,0.49,-0.47000000000000003,0.66
50.799851417541504,-1.7000000000000002,-0.1,-69.10000000000001,0.52,-0.52,0.66
50.809834718704224,-1.6,-0.1,-69.4,0.51,-0.5,0.65
50.82062125205994,-1.4000000000000001,-0.4,-69.7,0.53,-0.47000000000000003,0.64
50.829835414886475,-1.5,-0.0,-69.2,0.49,-0.5,0.66
50.83974862098694,-1.6,-0.0,-69.5,0.49,-0.49,0.65
50.85053825378418,-1.7000000000000002,-0.1,-69.5,0.51,-0.5,0.65
50.85985088348389,-1.4000000000000001,-0.0,-69.3,0.49,-0.47000000000000003,0.65
50.86976099014282,-1.5,-0.4,-69.5,0.53,-0.49,0.66
50.8813259601593,-1.8,-0.30000000000000004,-69.3,0.53,-0.51,0.65
50.89101719856262,-1.6,-0.4,-69.3,0.53,-0.51,0.66
50.900726079940796,-1.7000000000000002,-0.30000000000000004,-69.4,0.51,-0.51,0.65
50.909748554229736,-1.9000000000000001,-0.0,-69.60000000000001,0.5,-0.51,0.65
50.92023849487305,-1.7000000000000002,-0.5,-69.5,0.54,-0.51,0.66
50.93072509765625,-1.4000000000000001,-0.6000000000000001,-69.60000000000001,0.55,-0.48,0.65
50.939789056777954,-1.6,-0.4,-69.8,0.54,-0.52,0.66
50.94976210594177,-2.1,0.30000000000000004,-69.7,0.45,-0.54,0.65
50.96127915382385,-1.7000000000000002,-0.1,-69.7,0.49,-0.49,0.65
50.970078468322754,-1.7000000000000002,-0.1,-69.7,0.51,-0.5,0.65
50.97992992401123,-2.3000000000000003,-0.0,-69.9,0.5,-0.59,0.66
50.99042367935181,-2.1,-0.0,-70.0,0.49,-0.52,0.66
51.00009489059448,-1.8,-0.1,-69.9,0.51,-0.53,0.66
51.01020908355713,-1.9000000000000001,0.1,-70.0,0.48,-0.54,0.65
51.02077555656433,-1.7000000000000002,0.2,-70.0,0.47000000000000003,-0.52,0.65
51.02974462509155,-1.6,0.5,-69.8,0.44,-0.5,0.65
51.03967833518982,-1.8,0.5,-69.9,0.42,-0.5,0.66
51.05007028579712,-2.0,-0.0,-69.7,0.5,-0.55,0.65
51.06099724769592,-2.0,0.2,-69.7,0.49,-0.54,0.66
51.07048058509827,-2.0,-0.2,-69.8,0.51,-0.53,0.66
51.080769777297974,-1.9000000000000001,-0.0,-69.7,0.48,-0.56,0.65
51.09080100059509,-1.6,-0.5,-69.4,0.54,-0.51,0.65
51.101019620895386,-1.4000000000000001,-0.5,-69.3,0.54,-0.48,0.65
51.11057901382446,-1.3,-0.1,-69.3,0.49,-0.47000000000000003,0.66
51.11971426010132,-1.7000000000000002,-0.5,-69.3,0.52,-0.51,0.65
51.13020730018616,-1.5,-0.7000000000000001,-69.0,0.58,-0.49,0.65
51.139811992645264,-1.1,-0.5,-69.2,0.53,-0.44,0.65
51.14976668357849,-1.3,-0.9,-69.3,0.5700000000000001,-0.47000000000000003,0.65
51.16100811958313,-1.3,-0.7000000000000001,-69.10000000000001,0.5700000000000001,-0.48,0.64
51.17000985145569,-1.0,-0.7000000000000001,-68.7,0.56,-0.43,0.65
51.179816246032715,-1.0,-0.30000000000000004,-68.9,0.51,-0.45,0.65
51.190340757369995,-1.0,-0.4,-69.0,0.53,-0.41000000000000003,0.64
51.20062851905823,-0.9,-0.8,-68.8,0.58,-0.43,0.66
51.20981693267822,-0.9,-0.30000000000000004,-69.0,0.53,-0.44,0.65
51.2197699546814,-1.2000000000000002,-0.6000000000000001,-69.3,0.54,-0.48,0.66
51.22991418838501,-1.4000000000000001,-0.30000000000000004,-69.10000000000001,0.52,-0.46,0.64
51.239696741104126,-1.5,-0.7000000000000001,-69.2,0.56,-0.49,0.66
51.24976921081543,-1.7000000000000002,-0.0,-69.5,0.49,-0.51,0.65
51.260743379592896,-1.7000000000000002,-0.1,-69.60000000000001,0.51,-0.5,0.66
51.2700457572937,-1.7000000000000002,-0.4,-69.7,0.53,-0.51,0.65
51.28009295463562,-1.6,-0.0,-69.7,0.5,-0.51,0.66
51.290284156799316,-1.7000000000000002,-0.30000000000000004,-69.9,0.53,-0.5,0.65
51.29998588562012,-2.0,-0.1,-69.9,0.5,-0.53,0.65
51.30998611450195,-2.1,-0.1,-70.10000000000001,0.51,-0.56,0.66
51.31978106498718,-2.1,-0.2,-70.0,0.52,-0.56,0.65
51.33030104637146,-1.9000000000000001,0.7000000000000001,-69.9,0.42,-0.54,0.65
51.339884519577026,-1.9000000000000001,-0.0,-70.0,0.46,-0.52,0.65
51.34990477561951,-2.0,0.1,-70.0,0.48,-0.54,0.65
51.36019968986511,-2.0,-0.2,-70.10000000000001,0.5,-0.55,0.65
51.369905948638916,-1.7000000000000002,-0.30000000000000004,-69.7,0.54,-0.51,0.65
51.37985372543335,-1.7000000000000002,-0.0,-69.8,0.5,-0.5,0.65
51.39001798629761,-1.3,-0.0,-69.60000000000001,0.49,-0.48,0.65
51.400649547576904,-1.5,-0.0,-69.5,0.47000000000000003,-0.47000000000000003,0.65
51.41071939468384,-1.6,-0.2,-69.3,0.51,-0.51,0.66
51.42002296447754,-1.4000000000000001,-0.1,-69.5,0.5,-0.49,0.65
51.43052816390991,-1.1,-0.7000000000000001,-69.2,0.56,-0.47000000000000003,0.65
51.44027280807495,-1.2000000000000002,-0.2,-69.3,0.51,-0.44,0.64
51.44993472099304,-1.1,-0.5,-69.2,0.53,-0.47000000000000003,0.66
51.4606397151947,-1.2000000000000002,-0.30000000000000004,-69.3,0.52,-0.46,0.64
51.47027945518494,-1.3,-0.6000000000000001,-69.10000000000001,0.55,-0.48,0.66
51.479816913604736,-0.9,-0.5,-69.2,0.54,-0.46,0.65
51.48989725112915,-1.1,-0.5,-69.2,0.54,-0.44,0.64
51.50052547454834,-1.2000000000000002,-0.6000000000000001,-69.10000000000001,0.55,-0.48,0.65
51.51025748252869,-1.2000000000000002,-0.9,-69.4,0.56,-0.47000000000000003,0.65
51.519826889038086,-1.3,-0.7000000000000001,-69.10000000000001,0.56,-0.49,0.65
51.530415058135986,-1.3,-0.6000000000000001,-69.2,0.56,-0.44,0.64
51.53999590873718,-1.2000000000000002,-0.8,-69.10000000000001,0.5700000000000001,-0.44,0.65
51.550222396850586,-1.3,-0.9,-69.10000000000001,0.5700000000000001,-0.51,0.66
51.55993437767029,-1.6,-0.4,-69.10000000000001,0.54,-0.49,0.65
51.57057237625122,-1.3,-0.6000000000000001,-69.4,0.55,-0.47000000000000003,0.65
51.5798704624176,-1.3,-0.7000000000000001,-69.3,0.55,-0.48,0.65
51.59003949165344,-1.2000000000000002,-0.0,-69.5,0.49,-0.48,0.65
51.600690603256226,-1.6,-0.5,-69.4,0.55,-0.47000000000000003,0.65
51.61001229286194,-1.8,-0.0,-69.7,0.47000000000000003,-0.52,0.66
51.619781494140625,-1.8,-0.5,-69.8,0.53,-0.56,0.66
51.630624532699585,-1.8,-0.30000000000000004,-70.10000000000001,0.53,-0.51,0.64
51.639938831329346,-1.6,-0.1,-70.10000000000001,0.53,-0.51,0.65
51.64993119239807,-1.7000000000000002,-0.0,-70.0,0.46,-0.53,0.66
51.660128593444824,-1.8,-0.0,-69.9,0.49,-0.5,0.65
51.67106342315674,-1.7000000000000002,0.2,-70.0,0.48,-0.51,0.65
51.67988348007202,-1.7000000000000002,-0.0,-69.4,0.5,-0.53,0.65
51.68999409675598,-1.6,0.30000000000000004,-69.8,0.45,-0.52,0.65
51.7006459236145,-1.5,-0.0,-69.8,0.49,-0.48,0.64
51.710373401641846,-1.5,-0.2,-69.5,0.51,-0.49,0.66
51.71981644630432,-1.6,-0.2,-69.60000000000001,0.53,-0.51,0.66
51.729859828948975,-1.9000000000000001,-0.0,-69.5,0.49,-0.53,0.64
51.74024200439453,-1.2000000000000002,-0.0,-69.5,0.51,-0.45,0.64
51.7498881816864,-1.2000000000000002,-0.6000000000000001,-69.5,0.54,-0.45,0.66
51.76009678840637,-1.5,-0.4,-69.2,0.56,-0.5,0.65
51.77024960517883,-1.3,-0.2,-69.4,0.52,-0.47000000000000003,0.66
51.78053045272827,-0.9,-0.6000000000000001,-69.3,0.55,-0.44,0.65
51.789955139160156,-1.0,-0.4,-69.3,0.52,-0.44,0.65
51.80029225349426,-1.3,-0.9,-69.4,0.54,-0.51,0.65
51.81006598472595,-1.2000000000000002,-1.1,-69.3,0.61,-0.43,0.64
51.81981134414673,-1.0,-1.1,-68.9,0.59,-0.47000000000000003,0.66
51.829874992370605,-1.3,-0.6000000000000001,-69.5,0.54,-0.44,0.65
51.84020781517029,-1.3,-0.9,-69.2,0.5700000000000001,-0.5,0.65
51.84988737106323,-1.4000000000000001,-0.8,-69.3,0.56,-0.49,0.65
51.86010026931763,-1.3,-0.9,-69.4,0.58,-0.48,0.65
51.871575593948364,-1.1,-0.9,-69.4,0.58,-0.46,0.64
51.879907846450806,-1.2000000000000002,-0.9,-69.10000000000001,0.6,-0.46,0.65
51.889968156814575,-1.5,-0.30000000000000004,-69.10000000000001,0.51,-0.5,0.65
51.89984488487244,-1.0,-0.6000000000000001,-69.4,0.54,-0.43,0.64
51.910858392715454,-1.1,-0.7000000000000001,-69.5,0.54,-0.48,0.65
51.919787883758545,-1.6,-0.30000000000000004,-69.5,0.54,-0.5,0.65
51.929770946502686,-1.3,-0.0,-69.60000000000001,0.49,-0.5,0.66
51.939960956573486,-1.1,-0.1,-69.9,0.5,-0.43,0.64
51.94986844062805,-1.1,0.1,-69.7,0.47000000000000003,-0.47000000000000003,0.66
51.960819482803345,-1.6,-0.0,-69.8,0.51,-0.49,0.65
51.97084188461304,-1.5,0.2,-70.0,0.49,-0.52,0.66
51.98076152801514,-1.4000000000000001,-0.0,-70.10000000000001,0.46,-0.49,0.65
51.9909393787384,-1.2000000000000002,-0.0,-69.60000000000001,0.49,-0.49,0.65
52.00054931640625,-1.4000000000000001,-0.0,-70.0,0.45,-0.47000000000000003,0.64
52.010618925094604,-1.6,-0.4,-69.7,0.51,-0.51,0.66
52.01977777481079,-1.9000000000000001,-0.7000000000000001,-69.60000000000001,0.56,-0.52,0.65
52.02973175048828,-1.8,-0.6000000000000001,-70.0,0.53,-0.54,0.66
52.040018796920776,-1.7000000000000002,-0.0,-69.7,0.5,-0.51,0.64
52.050827741622925,-1.5,-0.2,-69.8,0.5,-0.49,0.66
52.059892892837524,-1.7000000000000002,-0.5,-69.4,0.56,-0.51,0.66
52.070194721221924,-1.8,-0.30000000000000004,-69.4,0.51,-0.54,0.65
52.08032584190369,-1.2000000000000002,-1.0,-69.60000000000001,0.58,-0.47000000000000003,0.65
52.09007501602173,-1.4000000000000001,-1.2000000000000002,-69.3,0.62,-0.49,0.65
52.09992051124573,-1.4000000000000001,-0.8,-69.5,0.58,-0.49,0.65
52.11026620864868,-1.4000000000000001,-0.7000000000000001,-69.4,0.56,-0.47000000000000003,0.65
52.11977195739746,-1.2000000000000002,-0.5,-69.5,0.54,-0.45,0.65
52.129759073257446,-1.0,-0.4,-69.2,0.54,-0.46,0.66
52.140711307525635,-1.0,-0.4,-69.0,0.54,-0.44,0.65
52.1499137878418,-0.5,-0.7000000000000001,-69.4,0.55,-0.4,0.65
52.15993094444275,-0.7000000000000001,-0.6000000000000001,-69.2,0.56,-0.43,0.64
52.170443058013916,-0.8,-0.30000000000000004,-69.5,0.52,-0.41000000000000003,0.65
52.18078136444092,-0.8,-0.30000000000000004,-69.5,0.51,-0.42,0.65
52.19067454338074,-1.0,-0.9,-69.3,0.5700000000000001,-0.46,0.65
52.20062589645386,-0.9,-0.5,-69.2,0.54,-0.45,0.64
52.21077084541321,-0.8,-0.5,-69.5,0.52,-0.43,0.64
52.220672845840454,-0.8,-0.4,-69.4,0.52,-0.43,0.66
52.22978162765503,-1.1,-0.9,-69.3,0.58,-0.47000000000000003,0.65
52.24032759666443,-1.4000000000000001,-0.5,-69.60000000000001,0.53,-0.49,0.65
52.24987983703613,-1.2000000000000002,-0.5,-69.4,0.54,-0.45,0.65
52.260082483291626,-1.3,-0.5,-69.60000000000001,0.53,-0.48,0.66
52.27078819274902,-1.7000000000000002,-0.6000000000000001,-69.60000000000001,0.55,-0.53,0.65
52.28084635734558,-1.7000000000000002,-0.5,-69.8,0.55,-0.51,0.65
52.29066205024719,-1.7000000000000002,-0.8,-69.8,0.56,-0.54,0.66
52.30062532424927,-1.6,-0.6000000000000001,-70.0,0.53,-0.54,0.65
52.31011128425598,-1.4000000000000001,-0.7000000000000001,-69.8,0.54,-0.47000000000000003,0.64
52.31976294517517,-1.4000000000000001,-0.6000000000000001,-69.7,0.54,-0.49,0.65
52.32978558540344,-1.8,-0.5,-70.10000000000001,0.54,-0.51,0.65
52.340023040771484,-1.8,-0.0,-70.10000000000001,0.5,-0.54,0.65
52.35004281997681,-1.3,-0.0,-70.0,0.49,-0.47000000000000003,0.65
52.360161781311035,-1.2000000000000002,-0.0,-70.0,0.5,-0.48,0.65
52.37013268470764,-1.2000000000000002,-0.0,-70.2,0.49,-0.48,0.65
52.3798725605011,-1.1,-0.1,-70.0,0.5,-0.49,0.65
52.389965772628784,-1.1,-0.2,-69.9,0.51,-0.44,0.64
52.40110659599304,-0.8,-0.1,-69.8,0.5,-0.44,0.65
52.41038966178894,-1.0,-0.4,-69.5,0.54,-0.44,0.65
52.41979098320007,-1.1,-0.30000000000000004,-69.60000000000001,0.51,-0.48,0.66
52.4303982257843,-1.3,-0.7000000000000001,-69.5,0.55,-0.47000000000000003,0.64
52.439905405044556,-0.8,-0.9,-69.3,0.59,-0.42,0.65
52.45026683807373,-1.1,-0.8,-69.2,0.5700000000000001,-0.45,0.65
52.45980381965637,-0.9,-1.1,-69.3,0.59,-0.44,0.66
52.47049951553345,-0.9,-0.7000000000000001,-69.7,0.55,-0.41000000000000003,0.64
52.479894399642944,-1.4000000000000001,-1.1,-69.60000000000001,0.58,-0.5,0.67
52.48996925354004,-1.4000000000000001,-1.3,-69.4,0.6,-0.52,0.64
52.500194787979126,-0.9,-0.8,-69.3,0.58,-0.42,0.64
52.510778188705444,-0.8,-0.8,-69.5,0.56,-0.41000000000000003,0.65
52.520848751068115,-1.1,-1.0,-69.8,0.58,-0.44,0.66
52.52980184555054,-1.4000000000000001,-0.9,-69.4,0.5700000000000001,-0.55,0.65
52.53984355926514,-1.1,-1.0,-69.5,0.59,-0.43,0.64
52.549822092056274,-0.6000000000000001,-0.8,-69.7,0.5700000000000001,-0.41000000000000003,0.65
52.56007385253906,-0.8,-0.4,-69.9,0.53,-0.42,0.65
52.57026553153992,-1.3,-0.30000000000000004,-69.5,0.53,-0.5,0.65
52.57977247238159,-1.1,-0.30000000000000004,-69.8,0.52,-0.47000000000000003,0.65
52.58985233306885,-0.8,-0.4,-69.9,0.52,-0.46,0.65
52.60015249252319,-0.8,-0.1,-69.9,0.51,-0.42,0.64
52.61093020439148,-0.9,-0.30000000000000004,-69.7,0.52,-0.46,0.66
52.61975336074829,-1.3,-0.5,-69.9,0.53,-0.47000000000000003,0.65
52.62993669509888,-1.3,-0.30000000000000004,-69.8,0.52,-0.49,0.65
52.640493392944336,-0.9,-0.1,-69.9,0.51,-0.43,0.65
52.64998245239258,-1.0,-0.30000000000000004,-70.10000000000001,0.51,-0.44,0.65
52.66066598892212,-1.6,-0.4,-69.8,0.5,-0.53,0.66
52.670320987701416,-1.7000000000000002,-0.5,-69.9,0.56,-0.51,0.65
52.68063998222351,-1.3,-1.0,-70.2,0.5700000000000001,-0.5,0.65
52.68980073928833,-1.6,-0.7000000000000001,-70.10000000000001,0.5700000000000001,-0.5,0.64
52.699952840805054,-1.4000000000000001,-0.9,-69.8,0.55,-0.53,0.65
52.710315227508545,-1.4000000000000001,-0.5,-70.0,0.53,-0.45,0.65
52.71999526023865,-1.3,-1.2000000000000002,-70.0,0.59,-0.5,0.66
52.73002076148987,-1.4000000000000001,-1.0,-69.5,0.56,-0.5,0.65
52.74026584625244,-1.1,-0.30000000000000004,-69.5,0.54,-0.45,0.64
52.750489711761475,-0.7000000000000001,-0.8,-69.8,0.56,-0.42,0.65
52.760239362716675,-0.9,-0.7000000000000001,-69.8,0.54,-0.44,0.65
52.769896268844604,-1.0,-0.5,-69.5,0.54,-0.48,0.65
52.78011727333069,-0.8,-0.5,-69.7,0.55,-0.42,0.64
52.79075527191162,-0.5,-0.6000000000000001,-69.5,0.55,-0.38,0.65
52.79979157447815,-0.6000000000000001,-0.5,-69.60000000000001,0.53,-0.41000000000000003,0.65
52.810022830963135,-0.6000000000000001,-0.9,-69.8,0.5700000000000001,-0.44,0.65
52.82005715370178,-0.8,-0.8,-69.60000000000001,0.58,-0.41000000000000003,0.64
52.82986664772034,-0.8,-0.8,-69.8,0.58,-0.43,0.65
52.83978867530823,-0.8,-0.6000000000000001,-69.8,0.56,-0.44,0.65
52.8504958152771,-0.9,-0.8,-70.0,0.55,-0.42,0.65
52.85981583595276,-1.1,-1.0,-69.9,0.58,-0.48,0.65
52.870112657547,-1.0,-1.3,-69.7,0.61,-0.47000000000000003,0.65
52.880587100982666,-0.8,-0.6000000000000001,-69.8,0.56,-0.4,0.64
52.89098238945007,-0.9,-0.9,-70.0,0.56,-0.45,0.65
52.899946212768555,-1.3,-0.8,-69.5,0.59,-0.5,0.66
52.90983700752258,-1.6,-0.7000000000000001,-70.0,0.52,-0.52,0.64
52.919989585876465,-1.0,-0.8,-69.7,0.58,-0.43,0.64
52.930278301239014,-0.6000000000000001,-1.0,-69.9,0.58,-0.42,0.65
52.93988490104675,-1.2000000000000002,-0.6000000000000001,-70.0,0.54,-0.46,0.65
52.95109963417053,-1.3,-0.5,-69.9,0.53,-0.53,0.65
52.95989370346069,-0.9,-0.4,-69.9,0.53,-0.45,0.64
52.9700186252594,-0.5,-0.5,-70.2,0.51,-0.44,0.66
52.97994923591614,-1.0,-0.0,-70.0,0.51,-0.39,0.63
52.989893674850464,-1.0,-0.5,-70.2,0.56,-0.47000000000000003,0.67
52.999839067459106,-1.1,-0.4,-70.3,0.54,-0.46,0.65
53.00992560386658,-0.9,-0.0,-70.2,0.49,-0.44,0.65
53.02005648612976,-1.0,-0.7000000000000001,-70.3,0.56,-0.45,0.64
53.029884576797485,-0.9,-0.30000000000000004,-70.10000000000001,0.53,-0.45,0.66
53.03974461555481,-1.1,-0.6000000000000001,-70.2,0.54,-0.45,0.65
53.05047059059143,-1.2000000000000002,-0.8,-70.2,0.59,-0.46,0.65
53.0607750415802,-1.0,-0.7000000000000001,-70.10000000000001,0.59,-0.46,0.65
53.069830656051636,-0.9,-0.6000000000000001,-70.2,0.54,-0.45,0.66
53.080129623413086,-1.1,-0.9,-70.0,0.53,-0.47000000000000003,0.65
53.08986806869507,-1.1,-1.3,-70.0,0.62,-0.45,0.64
53.100149154663086,-0.9,-1.0,-69.8,0.6,-0.46,0.65
53.11012673377991,-1.1,-0.9,-69.8,0.5700000000000001,-0.45,0.65
53.12073469161987,-0.9,-0.6000000000000001,-69.8,0.54,-0.45,0.65
53.12995958328247,-0.5,-0.9,-69.60000000000001,0.58,-0.41000000000000003,0.65
53.13987946510315,-0.6000000000000001,-0.9,-69.60000000000001,0.54,-0.44,0.66
53.149993658065796,-0.7000000000000001,-0.6000000000000001,-69.7,0.56,-0.39,0.64
53.16069507598877,-0.6000000000000001,-0.8,-69.9,0.58,-0.42,0.66
53.169837951660156,-0.7000000000000001,-1.0,-69.9,0.5700000000000001,-0.43,0.65
53.17994999885559,-0.6000000000000001,-0.7000000000000001,-70.0,0.56,-0.42,0.65
53.190269231796265,-0.5,-0.6000000000000001,-70.10000000000001,0.56,-0.39,0.64
53.200167655944824,-0.6000000000000001,-1.1,-70.10000000000001,0.58,-0.42,0.66
53.20979642868042,-1.0,-0.8,-70.10000000000001,0.59,-0.45,0.65
53.22081470489502,-0.7000000000000001,-0.7000000000000001,-70.2,0.58,-0.43,0.65
53.229878187179565,-0.7000000000000001,-0.6000000000000001,-70.10000000000001,0.54,-0.44,0.65
53.240408420562744,-0.8,-0.9,-70.10000000000001,0.54,-0.45,0.66
53.24983882904053,-1.0,-0.7000000000000001,-70.2,0.55,-0.44,0.64
53.260223627090454,-1.0,-1.0,-70.10000000000001,0.5700000000000001,-0.47000000000000003,0.65
53.26983428001404,-1.1,-1.0,-70.2,0.61,-0.45,0.64
53.280216693878174,-0.7000000000000001,-0.4,-70.10000000000001,0.51,-0.45,0.66
53.29018974304199,-0.9,-0.7000000000000001,-70.2,0.53,-0.43,0.65
53.300711154937744,-1.2000000000000002,-0.5,-70.0,0.54,-0.49,0.65
53.3099148273468,-1.4000000000000001,-0.9,-70.0,0.59,-0.47000000000000003,0.65
53.320491313934326,-1.0,-0.8,-70.2,0.53,-0.5,0.65
53.329970836639404,-0.7000000000000001,-0.7000000000000001,-70.10000000000001,0.55,-0.4,0.64
53.339792013168335,-0.9,-0.8,-70.4,0.55,-0.45,0.65
53.35012149810791,-1.1,-0.6000000000000001,-70.2,0.5700000000000001,-0.45,0.64
53.360629081726074,-0.8,-0.2,-70.4,0.51,-0.44,0.66
53.36996364593506,-0.7000000000000001,-0.7000000000000001,-70.60000000000001,0.54,-0.42,0.65
53.379770278930664,-0.7000000000000001,-0.8,-70.5,0.56,-0.44,0.64
53.389949321746826,-1.0,-1.0,-70.3,0.6,-0.45,0.64
53.400081634521484,-0.8,-0.8,-70.2,0.56,-0.45,0.66
53.410075664520264,-0.7000000000000001,-0.8,-70.2,0.56,-0.41000000000000003,0.65
53.41985011100769,-0.4,-0.7000000000000001,-70.2,0.55,-0.4,0.65
53.43040752410889,-0.5,-1.0,-70.3,0.58,-0.43,0.65
53.43974423408508,-0.6000000000000001,-1.0,-70.10000000000001,0.58,-0.43,0.65
53.449692249298096,-0.8,-0.8,-69.9,0.56,-0.41000000000000003,0.65
53.460540533065796,-0.7000000000000001,-1.0,-69.9,0.5700000000000001,-0.42,0.64
53.47007608413696,-0.7000000000000001,-1.3,-69.8,0.61,-0.43,0.65
53.47995638847351,-0.9,-0.9,-69.8,0.5700000000000001,-0.46,0.65
53.49022126197815,-0.30000000000000004,-0.5,-69.8,0.55,-0.36,0.64
53.5007643699646,-0.30000000000000004,-1.1,-70.0,0.58,-0.38,0.65
53.50992488861084,-0.8,-1.2000000000000002,-70.10000000000001,0.61,-0.42,0.65
53.519805908203125,-0.8,-0.9,-70.2,0.58,-0.46,0.65
53.53019094467163,-0.5,-0.7000000000000001,-70.3,0.5700000000000001,-0.39,0.64
53.539785623550415,-0.4,-1.0,-70.4,0.59,-0.39,0.65
53.549846172332764,-1.0,-1.0,-70.4,0.58,-0.45,0.66
53.56034326553345,-0.9,-0.8,-70.4,0.59,-0.47000000000000003,0.64
53.569983959198,-0.6000000000000001,-0.8,-70.7,0.58,-0.41000000000000003,0.65
53.580756425857544,-0.7000000000000001,-0.7000000000000001,-70.60000000000001,0.55,-0.43,0.65
53.5906617641449,-0.7000000000000001,-0.8,-70.5,0.5700000000000001,-0.43,0.65
53.60059118270874,-0.6000000000000001,-0.9,-70.4,0.53,-0.43,0.65
53.61044788360596,-1.1,-1.2000000000000002,-70.5,0.5700000000000001,-0.46,0.65
53.62062335014343,-0.9,-0.5,-70.5,0.55,-0.45,0.64
53.63016223907471,-0.7000000000000001,-0.8,-70.60000000000001,0.55,-0.42,0.65
53.639780044555664,-0.8,-0.8,-70.5,0.53,-0.44,0.65
53.649749994277954,-1.0,-0.4,-70.4,0.53,-0.45,0.65
53.660173654556274,-0.6000000000000001,-0.9,-70.4,0.55,-0.45,0.65
53.67032814025879,-0.7000000000000001,-0.6000000000000001,-70.5,0.56,-0.43,0.65
53.68073487281799,-0.9,-0.6000000000000001,-70.4,0.55,-0.45,0.65
53.690741300582886,-0.7000000000000001,-0.8,-70.60000000000001,0.58,-0.43,0.65
53.70099997520447,-0.30000000000000004,-0.5,-70.4,0.53,-0.41000000000000003,0.65
53.70998764038086,-0.30000000000000004,-0.8,-70.8,0.52,-0.39,0.64
53.719966173172,-0.7000000000000001,-1.1,-70.5,0.56,-0.44,0.65
53.73074650764465,-1.0,-1.2000000000000002,-70.7,0.62,-0.44,0.65
53.73980474472046,-0.5,-1.0,-70.7,0.6,-0.41000000000000003,0.65
53.749871015548706,-0.5,-0.9,-70.4,0.55,-0.43,0.65
53.75997066497803,-0.5,-0.9,-70.60000000000001,0.5700000000000001,-0.4,0.64
53.77034878730774,-0.5,-1.0,-70.4,0.5700000000000001,-0.44,0.65
53.7806658744812,-0.9,-1.3,-70.10000000000001,0.59,-0.43,0.65
53.79077696800232,-0.7000000000000001,-1.3,-70.2,0.59,-0.44,0.65
53.80068516731262,-0.2,-0.9,-70.3,0.59,-0.38,0.64
53.80999493598938,-0.30000000000000004,-1.0,-70.2,0.55,-0.38,0.65
53.820053577423096,-0.4,-1.4000000000000001,-70.3,0.58,-0.39,0.65
53.82999324798584,-0.6000000000000001,-1.2000000000000002,-70.3,0.61,-0.43,0.65
53.8399133682251,-0.7000000000000001,-1.1,-70.2,0.59,-0.44,0.66
53.850056171417236,-0.4,-1.0,-70.10000000000001,0.58,-0.4,0.65
53.85991168022156,-0.2,-1.1,-70.4,0.58,-0.38,0.65
53.870386838912964,-0.2,-0.7000000000000001,-70.7,0.58,-0.36,0.65
53.88070869445801,-0.4,-0.6000000000000001,-70.60000000000001,0.56,-0.41000000000000003,0.66
53.890716552734375,-0.6000000000000001,-0.9,-70.8,0.53,-0.44,0.65
53.90074443817139,-0.5,-1.3,-70.8,0.61,-0.42,0.64
53.9103741645813,-0.30000000000000004,-1.1,-70.60000000000001,0.59,-0.4,0.64
53.920021533966064,-0.4,-1.1,-70.8,0.56,-0.41000000000000003,0.65
53.930280685424805,-0.6000000000000001,-0.8,-70.8,0.54,-0.41000000000000003,0.65
53.940351247787476,-0.6000000000000001,-0.8,-70.60000000000001,0.5700000000000001,-0.42,0.65
53.950170040130615,-0.7000000000000001,-1.1,-70.7,0.59,-0.45,0.66
53.960522413253784,-0.6000000000000001,-0.5,-70.7,0.53,-0.4,0.65
53.970322132110596,-0.6000000000000001,-0.9,-70.8,0.56,-0.43,0.66
53.98074150085449,-0.7000000000000001,-1.0,-70.8,0.56,-0.46,0.65
53.99062180519104,-0.7000000000000001,-0.8,-70.4,0.58,-0.42,0.64
54.00067663192749,-0.6000000000000001,-0.7000000000000001,-70.5,0.55,-0.42,0.65
54.010435342788696,-0.4,-0.7000000000000001,-70.60000000000001,0.53,-0.41000000000000003,0.65
54.02073311805725,-0.6000000000000001,-1.0,-70.9,0.5700000000000001,-0.43,0.64
54.03060007095337,-0.4,-0.9,-70.8,0.58,-0.42,0.64
54.03987503051758,-0.1,-0.7000000000000001,-70.7,0.54,-0.38,0.65
54.05010271072388,-0.6000000000000001,-1.1,-70.7,0.58,-0.42,0.65
54.06080436706543,-0.6000000000000001,-0.8,-70.9,0.58,-0.42,0.65
54.07065749168396,-0.4,-0.8,-70.9,0.58,-0.4,0.65
54.08072590827942,-0.2,-1.0,-71.0,0.53,-0.41000000000000003,0.66
54.09081292152405,-0.5,-1.2000000000000002,-70.5,0.5700000000000001,-0.41000000000000003,0.65
54.10060238838196,-0.30000000000000004,-1.4000000000000001,-71.3,0.61,-0.39,0.64
54.11079978942871,-0.30000000000000004,-1.2000000000000002,-70.7,0.6,-0.41000000000000003,0.65
54.11984658241272,-0.5,-1.2000000000000002,-70.60000000000001,0.5700000000000001,-0.42,0.65
54.12986469268799,-0.6000000000000001,-0.9,-70.5,0.53,-0.41000000000000003,0.65
54.13999938964844,-0.6000000000000001,-1.3,-70.5,0.61,-0.42,0.65
54.14982771873474,-0.2,-1.0,-70.60000000000001,0.59,-0.4,0.65
54.16021680831909,-0.30000000000000004,-1.1,-70.7,0.58,-0.38,0.65
54.170082330703735,-0.4,-0.9,-70.4,0.56,-0.41000000000000003,0.65
54.18070960044861,-0.2,-0.9,-70.60000000000001,0.59,-0.37,0.64
54.19060492515564,-0.2,-1.3,-70.7,0.63,-0.38,0.65
54.20070123672485,-0.30000000000000004,-1.1,-70.7,0.6,-0.41000000000000003,0.65
54.209962129592896,-0.5,-1.2000000000000002,-70.8,0.5700000000000001,-0.4,0.64
54.21975779533386,-0.30000000000000004,-1.3,-71.10000000000001,0.58,-0.4,0.65
54.22989010810852,-0.30000000000000004,-1.2000000000000002,-71.0,0.62,-0.38,0.64
54.239869356155396,-0.4,-1.1,-70.9,0.61,-0.4,0.66
54.24985909461975,-0.30000000000000004,-0.5,-70.9,0.53,-0.39,0.66
54.26000165939331,-0.30000000000000004,-0.9,-71.0,0.5700000000000001,-0.39,0.65
54.27109932899475,-0.4,-0.9,-71.0,0.5700000000000001,-0.41000000000000003,0.65
54.28070902824402,-0.4,-1.1,-71.2,0.6,-0.41000000000000003,0.65
54.29072403907776,-0.2,-0.6000000000000001,-70.9,0.51,-0.4,0.65
54.3006706237793,-0.30000000000000004,-1.2000000000000002,-71.0,0.58,-0.37,0.65
54.30977916717529,-0.2,-0.9,-71.0,0.54,-0.4,0.65
54.32048964500427,-0.6000000000000001,-1.3,-71.10000000000001,0.59,-0.42,0.65
54.329726696014404,-0.6000000000000001,-0.8,-71.2,0.55,-0.42,0.65
54.339842081069946,-0.5,-0.7000000000000001,-71.0,0.55,-0.43,0.66
54.35015273094177,-0.6000000000000001,-0.8,-71.0,0.56,-0.42,0.65
54.3604633808136,-0.4,-0.9,-70.9,0.56,-0.41000000000000003,0.65
54.369812965393066,-0.1,-0.5,-71.10000000000001,0.54,-0.37,0.66
54.379807233810425,-0.1,-0.9,-71.10000000000001,0.56,-0.39,0.65
54.39023780822754,-0.4,-1.0,-71.5,0.58,-0.37,0.65
54.39982986450195,-0.5,-1.2000000000000002,-71.5,0.6,-0.42,0.67
54.40996837615967,-0.4,-1.0,-71.10000000000001,0.58,-0.43,0.65
54.419865131378174,-0.30000000000000004,-0.8,-71.2,0.56,-0.36,0.65
54.43005180358887,-0.30000000000000004,-0.9,-70.9,0.5700000000000001,-0.39,0.65
54.439876317977905,-0.4,-1.4000000000000001,-71.3,0.63,-0.41000000000000003,0.66
54.44971966743469,-0.4,-0.9,-71.0,0.61,-0.4,0.65
54.46018362045288,-0.2,-0.9,-71.0,0.58,-0.37,0.66
54.47019362449646,-0.2,-1.1,-71.10000000000001,0.5700000000000001,-0.36,0.65
54.47975778579712,-0.30000000000000004,-1.3,-71.10000000000001,0.62,-0.4,0.65
54.49002933502197,-0.30000000000000004,-1.0,-70.8,0.62,-0.4,0.65
54.50077819824219,0.0,-0.9,-71.0,0.58,-0.35000000000000003,0.66
54.51066875457764,0.1,-1.0,-70.9,0.5700000000000001,-0.33,0.65
54.52060508728027,-0.1,-1.4000000000000001,-71.0,0.61,-0.38,0.65
54.53087139129639,-0.2,-1.2000000000000002,-71.0,0.61,-0.39,0.64
54.53976535797119,0.0,-1.2000000000000002,-71.2,0.58,-0.36,0.65
54.54977250099182,-0.1,-1.2000000000000002,-71.10000000000001,0.58,-0.37,0.66
54.56052017211914,-0.5,-1.0,-71.10000000000001,0.5700000000000001,-0.38,0.64
54.57078409194946,-0.5,-0.9,-71.3,0.59,-0.39,0.66
54.57975244522095,0.0,-0.9,-71.2,0.55,-0.38,0.66
54.58992314338684,-0.1,-1.1,-71.4,0.56,-0.36,0.65
54.60070013999939,0.0,-0.8,-71.5,0.58,-0.35000000000000003,0.65
54.61014795303345,-0.1,-0.8,-71.5,0.59,-0.38,0.66
54.619715452194214,-0.4,-1.0,-71.4,0.56,-0.41000000000000003,0.66
54.630637645721436,-0.5,-0.5,-71.5,0.54,-0.39,0.64
54.639891147613525,-0.30000000000000004,-0.9,-71.60000000000001,0.56,-0.41000000000000003,0.66
54.649914264678955,-0.4,-1.1,-71.5,0.5700000000000001,-0.43,0.66
54.660202741622925,-0.30000000000000004,-0.8,-71.60000000000001,0.5700000000000001,-0.38,0.64
54.67049527168274,-0.1,-0.8,-71.5,0.56,-0.38,0.65
54.68003034591675,-0.2,-0.9,-71.5,0.56,-0.37,0.66
54.69010543823242,-0.4,-1.0,-71.60000000000001,0.55,-0.4,0.66
54.70011782646179,-0.7000000000000001,-1.3,-71.5,0.62,-0.42,0.65
54.71037530899048,-0.5,-0.9,-70.9,0.58,-0.41000000000000003,0.66
54.72059631347656,0.0,-0.7000000000000001,-71.5,0.54,-0.35000000000000003,0.65
54.73060345649719,0.0,-0.8,-71.5,0.56,-0.36,0.65
54.74075794219971,0.0,-1.0,-71.2,0.56,-0.38,0.65
54.7499475479126,-0.1,-1.4000000000000001,-71.4,0.59,-0.37,0.65
54.759828329086304,0.0,-1.2000000000000002,-71.60000000000001,0.56,-0.37,0.65
54.77058458328247,-0.1,-1.6,-71.5,0.65,-0.37,0.65
54.780338525772095,-0.1,-0.9,-71.60000000000001,0.59,-0.37,0.65
54.78990340232849,-0.1,-1.2000000000000002,-71.7,0.58,-0.39,0.66
54.79988217353821,0.0,-0.7000000000000001,-71.4,0.55,-0.36,0.64
54.81027936935425,0.2,-1.1,-71.5,0.59,-0.34,0.65
54.819788217544556,0.1,-1.3,-71.60000000000001,0.6,-0.35000000000000003,0.66
54.82978653907776,0.0,-1.1,-71.60000000000001,0.61,-0.36,0.65
54.840781927108765,-0.2,-1.0,-71.5,0.59,-0.38,0.65
54.85103416442871,-0.1,-1.0,-71.7,0.58,-0.38,0.66
54.85981225967407,0.1,-1.2000000000000002,-71.5,0.59,-0.36,0.65
54.871211528778076,0.1,-0.8,-71.3,0.54,-0.34,0.64
54.88098859786987,0.1,-1.1,-71.60000000000001,0.6,-0.3,0.65
54.89083290100098,0.0,-1.0,-72.0,0.5700000000000001,-0.38,0.67
54.90066981315613,-0.2,-1.1,-71.8,0.58,-0.39,0.65
54.910374879837036,-0.1,-1.2000000000000002,-71.8,0.61,-0.37,0.65
54.919766902923584,0.2,-0.7000000000000001,-72.0,0.55,-0.33,0.65
54.92972922325134,0.0,-1.1,-71.8,0.5700000000000001,-0.36,0.66
54.93977236747742,-0.2,-0.4,-71.9,0.56,-0.37,0.65
54.95017099380493,-0.30000000000000004,-0.8,-72.2,0.56,-0.39,0.66
54.96027183532715,-0.30000000000000004,-0.8,-71.9,0.58,-0.4,0.66
54.970000982284546,0.0,-0.7000000000000001,-72.10000000000001,0.5700000000000001,-0.36,0.65
54.98029637336731,-0.1,-1.2000000000000002,-72.0,0.5700000000000001,-0.39,0.65
54.98997950553894,-0.1,-0.6000000000000001,-72.0,0.55,-0.36,0.65
55.00068759918213,-0.2,-0.9,-71.7,0.58,-0.38,0.66
55.00996255874634,-0.5,-1.1,-71.8,0.59,-0.41000000000000003,0.65
55.0199658870697,-0.1,-1.0,-72.10000000000001,0.5700000000000001,-0.39,0.65
55.02975559234619,0.0,-0.8,-72.0,0.56,-0.34,0.65
55.039759159088135,0.2,-0.9,-71.60000000000001,0.56,-0.34,0.66
55.05057215690613,0.0,-0.8,-71.5,0.55,-0.36,0.65
55.059792041778564,-0.4,-1.0,-71.7,0.59,-0.38,0.66
55.07008934020996,-0.1,-1.0,-71.4,0.5700000000000001,-0.4,0.65
55.080270528793335,0.2,-1.3,-72.10000000000001,0.61,-0.31,0.65
55.090782165527344,0.2,-1.0,-71.7,0.6,-0.31,0.66
55.10075855255127,-0.1,-1.3,-71.9,0.62,-0.38,0.66
55.110708713531494,-0.1,-1.0,-72.4,0.56,-0.38,0.65
55.12072539329529,0.0,-1.3,-72.2,0.59,-0.35000000000000003,0.65
55.130687952041626,0.2,-1.3,-72.0,0.59,-0.33,0.65
55.13998246192932,0.0,-1.5,-72.0,0.6,-0.35000000000000003,0.66
55.149908781051636,0.0,-1.4000000000000001,-72.10000000000001,0.62,-0.38,0.65
55.1599497795105,0.0,-1.1,-72.10000000000001,0.59,-0.35000000000000003,0.65
55.170106172561646,0.2,-0.7000000000000001,-71.8,0.55,-0.32,0.66
55.18118619918823,0.2,-0.9,-72.10000000000001,0.5700000000000001,-0.32,0.65
55.19059729576111,0.0,-0.8,-71.7,0.58,-0.35000000000000003,0.65
55.20079731941223,0.0,-0.9,-70.7,0.54,-0.38,0.65
55.21095895767212,0.2,-1.2000000000000002,-72.0,0.58,-0.3,0.65
55.221054792404175,0.5,-0.7000000000000001,-72.3,0.55,-0.31,0.66
55.23073768615723,0.0,-1.1,-72.60000000000001,0.58,-0.37,0.65
55.24043250083923,0.0,-0.7000000000000001,-72.60000000000001,0.53,-0.34,0.66
55.25031089782715,0.0,-1.0,-72.4,0.59,-0.36,0.65
55.25997471809387,0.2,-0.7000000000000001,-72.4,0.56,-0.35000000000000003,0.65
55.27015209197998,-0.2,-0.9,-72.10000000000001,0.5700000000000001,-0.36,0.65
55.27982831001282,-0.1,-0.6000000000000001,-72.2,0.55,-0.36,0.66
55.2901394367218,-0.1,-0.8,-72.4,0.58,-0.38,0.66
55.30003094673157,-0.2,-0.8,-72.4,0.58,-0.37,0.65
55.30980372428894,0.0,-0.5,-72.3,0.56,-0.35000000000000003,0.65
55.32055592536926,0.0,-0.6000000000000001,-72.3,0.56,-0.35000000000000003,0.66
55.329819679260254,-0.4,-0.8,-72.2,0.58,-0.39,0.66
55.339720249176025,-0.30000000000000004,-1.2000000000000002,-72.4,0.5700000000000001,-0.4,0.66
55.350895166397095,0.30000000000000004,-0.7000000000000001,-72.2,0.59,-0.33,0.64
55.3600640296936,0.2,-1.0,-71.8,0.59,-0.33,0.66
55.36991333961487,-0.2,-1.1,-72.0,0.54,-0.36,0.66
55.38033604621887,-0.1,-0.9,-72.10000000000001,0.59,-0.38,0.65
55.39000368118286,0.30000000000000004,-1.0,-72.2,0.58,-0.35000000000000003,0.65
55.39984369277954,0.30000000000000004,-1.2000000000000002,-71.8,0.55,-0.3,0.65
55.409908056259155,0.4,-1.0,-71.9,0.5700000000000001,-0.29,0.65
55.42099976539612,0.2,-1.3,-71.7,0.58,-0.36,0.65
55.429771184921265,0.2,-1.0,-72.2,0.6,-0.33,0.65
55.43977642059326,0.4,-0.7000000000000001,-70.9,0.53,-0.32,0.65
55.451528549194336,0.30000000000000004,-1.5,-71.8,0.62,-0.32,0.64
55.460083961486816,0.2,-0.9,-72.4,0.6,-0.33,0.66
55.46975779533386,0.0,-1.1,-71.8,0.59,-0.37,0.66
55.48130989074707,0.0,-0.9,-72.10000000000001,0.6,-0.32,0.64
55.490968465805054,0.30000000000000004,-1.1,-72.60000000000001,0.6,-0.32,0.66
55.500089168548584,0.1,-1.4000000000000001,-72.3,0.5700000000000001,-0.35000000000000003,0.67
55.50989508628845,0.0,-1.3,-72.60000000000001,0.56,-0.35000000000000003,0.65
55.51984262466431,0.1,-1.3,-72.60000000000001,0.62,-0.34,0.65
55.52981472015381,0.30000000000000004,-0.8,-72.10000000000001,0.5700000000000001,-0.31,0.66
55.539626359939575,0.1,-0.9,-72.3,0.58,-0.33,0.66
55.550386905670166,0.2,-0.4,-72.3,0.54,-0.34,0.65
55.56004023551941,0.1,-0.7000000000000001,-72.2,0.55,-0.34,0.65
55.569825649261475,0.30000000000000004,-0.9,-72.2,0.54,-0.33,0.65
55.57990908622742,0.1,-0.9,-72.3,0.58,-0.32,0.65
55.589940547943115,-0.1,-0.8,-72.2,0.58,-0.38,0.65
55.600239992141724,-0.1,-0.7000000000000001,-72.10000000000001,0.55,-0.38,0.66
55.61002254486084,0.2,-0.5,-73.0,0.54,-0.31,0.65
55.619921922683716,0.2,-0.6000000000000001,-72.8,0.55,-0.32,0.66
55.629915952682495,0.2,-0.5,-72.5,0.55,-0.34,0.66
55.63990569114685,-0.1,-0.9,-72.8,0.58,-0.36,0.66
55.651121854782104,-0.1,-0.9,-72.8,0.59,-0.37,0.66
55.66016960144043,0.1,-0.8,-72.8,0.5700000000000001,-0.34,0.66
55.67003560066223,0.30000000000000004,-0.9,-72.60000000000001,0.54,-0.34,0.66
55.68006229400635,0.1,-0.9,-72.7,0.58,-0.32,0.65
55.68988752365112,0.2,-0.9,-72.8,0.6,-0.34,0.66
55.6999146938324,0.0,-1.0,-72.60000000000001,0.5700000000000001,-0.35000000000000003,0.66
55.709892988204956,0.30000000000000004,-0.9,-72.10000000000001,0.5700000000000001,-0.32,0.65
55.7201247215271,0.6000000000000001,-0.7000000000000001,-72.4,0.56,-0.3,0.64
55.73007607460022,0.30000000000000004,-1.3,-72.3,0.61,-0.33,0.66
55.73988127708435,0.2,-1.0,-72.10000000000001,0.59,-0.33,0.65
55.75048828125,0.5,-1.0,-72.4,0.58,-0.3,0.65
55.759926080703735,0.9,-0.5,-72.7,0.54,-0.26,0.66
55.77012658119202,0.6000000000000001,-0.9,-72.0,0.54,-0.29,0.65
55.77985334396362,0.6000000000000001,-0.7000000000000001,-72.8,0.55,-0.27,0.66
55.79087710380554,0.30000000000000004,-1.2000000000000002,-71.8,0.6,-0.33,0.65
55.80072903633118,0.4,-1.1,-72.5,0.61,-0.33,0.66
55.81061053276062,0.30000000000000004,-1.0,-72.60000000000001,0.58,-0.32,0.65
55.820738554000854,0.2,-1.1,-72.9,0.5700000000000001,-0.32,0.66
55.830806016922,0.1,-1.3,-73.2,0.56,-0.33,0.66
55.83979558944702,0.1,-1.2000000000000002,-72.9,0.5700000000000001,-0.34,0.66
55.85021138191223,0.1,-1.0,-72.8,0.54,-0.34,0.66
55.86055302619934,0.0,-1.1,-73.0,0.58,-0.34,0.65
55.87010955810547,0.1,-0.7000000000000001,-72.7,0.5700000000000001,-0.34,0.66
55.88079810142517,0.1,-1.0,-72.8,0.56,-0.35000000000000003,0.66
55.890634059906006,0.30000000000000004,-0.5,-72.8,0.53,-0.31,0.65
55.90081000328064,0.4,-0.6000000000000001,-72.5,0.52,-0.32,0.66
55.91069531440735,0.4,-0.5,-73.0,0.53,-0.31,0.65
55.919939041137695,0.30000000000000004,-0.4,-73.10000000000001,0.55,-0.32,0.65
55.930357217788696,0.1,-0.8,-72.4,0.53,-0.34,0.65
55.93976402282715,0.4,-0.5,-72.9,0.55,-0.29,0.65
55.949721574783325,0.4,-0.5,-72.4,0.53,-0.31,0.65
55.96132206916809,0.0,-0.9,-72.10000000000001,0.56,-0.34,0.65
55.970226764678955,0.30000000000000004,-0.5,-73.2,0.55,-0.32,0.66
55.979804277420044,0.7000000000000001,-0.6000000000000001,-72.4,0.53,-0.3,0.66
55.99043917655945,0.7000000000000001,-0.7000000000000001,-73.10000000000001,0.56,-0.26,0.64
56.0009446144104,0.4,-0.9,-73.2,0.59,-0.29,0.67
56.00990557670593,0.2,-0.8,-73.10000000000001,0.58,-0.33,0.67
56.019877195358276,0.30000000000000004,-0.8,-73.2,0.55,-0.32,0.66
56.03074669837952,0.4,-1.2000000000000002,-72.9,0.6,-0.31,0.65
56.03978490829468,0.30000000000000004,-1.2000000000000002,-72.5,0.61,-0.32,0.66
56.05040264129639,0.2,-1.3,-72.9,0.6,-0.34,0.66
56.060794830322266,0.4,-0.7000000000000001,-72.8,0.56,-0.31,0.64
56.070011377334595,0.5,-1.1,-72.7,0.55,-0.3,0.66
56.07980537414551,0.5,-1.3,-72.9,0.58,-0.29,0.66
56.08999037742615,0.4,-1.1,-72.7,0.61,-0.31,0.64
56.10031294822693,0.5,-1.0,-72.9,0.58,-0.3,0.65
56.11009478569031,0.6000000000000001,-0.7000000000000001,-72.5,0.55,-0.29,0.66
56.119702100753784,0.30000000000000004,-0.7000000000000001,-72.7,0.53,-0.31,0.65
56.130101442337036,0.2,-1.0,-72.60000000000001,0.5700000000000001,-0.33,0.66
56.13981008529663,0.7000000000000001,-0.30000000000000004,-73.2,0.54,-0.28,0.65
56.149815797805786,0.8,-0.5,-73.2,0.54,-0.26,0.66
56.16061472892761,0.8,-0.5,-73.4,0.55,-0.26,0.66
56.169708013534546,0.6000000000000001,-0.6000000000000001,-73.4,0.56,-0.27,0.65
56.1803195476532,0.6000000000000001,-0.7000000000000001,-73.4,0.54,-0.31,0.66
56.19002151489258,0.2,-0.4,-73.3,0.56,-0.31,0.65
56.19985318183899,0.30000000000000004,-0.2,-73.3,0.54,-0.32,0.66
56.20999264717102,0.2,-0.4,-73.0,0.53,-0.34,0.66
56.220717668533325,0.1,-0.7000000000000001,-73.3,0.53,-0.33,0.66
56.230262756347656,0.2,-0.7000000000000001,-73.10000000000001,0.59,-0.34,0.65
56.23991370201111,0.30000000000000004,-1.0,-73.10000000000001,0.56,-0.33,0.65
56.25057601928711,0.30000000000000004,-0.9,-73.10000000000001,0.58,-0.29,0.65
56.260029554367065,0.4,-0.5,-72.9,0.54,-0.31,0.65
56.27034664154053,0.1,-0.9,-72.8,0.53,-0.34,0.66
56.28086853027344,0.2,-0.5,-72.8,0.53,-0.31,0.65
56.290764808654785,0.4,-0.6000000000000001,-73.10000000000001,0.54,-0.31,0.66
56.30069065093994,0.7000000000000001,-0.8,-73.4,0.56,-0.3,0.66
56.31006693840027,0.6000000000000001,-0.9,-73.4,0.6,-0.29,0.65
56.32000494003296,0.5,-1.0,-73.3,0.5700000000000001,-0.29,0.66
56.330448150634766,0.7000000000000001,-0.4,-73.7,0.55,-0.27,0.65
56.33972907066345,0.9,-0.4,-73.7,0.53,-0.27,0.66
56.35013508796692,1.0,-0.30000000000000004,-73.4,0.52,-0.25,0.66
56.361016511917114,0.8,-0.5,-73.4,0.55,-0.27,0.65
56.3700385093689,0.8,-0.7000000000000001,-73.4,0.58,-0.29,0.66
56.37995004653931,1.0,-0.9,-73.3,0.55,-0.27,0.66
56.39074897766113,0.8,-1.0,-73.60000000000001,0.58,-0.24,0.65
56.40055537223816,0.7000000000000001,-0.8,-73.10000000000001,0.5700000000000001,-0.27,0.66
56.409857749938965,0.6000000000000001,-0.7000000000000001,-73.10000000000001,0.54,-0.3,0.66
56.419909954071045,0.6000000000000001,-0.7000000000000001,-73.2,0.53,-0.29,0.65
56.430747270584106,0.5,-0.8,-73.2,0.56,-0.29,0.65
56.43978810310364,0.5,-1.1,-73.0,0.5700000000000001,-0.31,0.65
56.450095653533936,0.30000000000000004,-1.3,-73.0,0.59,-0.32,0.66
56.46013021469116,0.4,-0.9,-73.0,0.58,-0.29,0.64
56.4698052406311,0.5,-0.7000000000000001,-72.9,0.54,-0.3,0.65
56.48009133338928,0.30000000000000004,-0.7000000000000001,-72.8,0.55,-0.32,0.65
56.49065113067627,0.5,-0.2,-73.8,0.53,-0.29,0.65
56.50036883354187,0.4,-0.4,-73.7,0.53,-0.31,0.67
56.509745597839355,0.7000000000000001,-0.4,-73.60000000000001,0.51,-0.3,0.66
56.51968455314636,0.9,-0.5,-73.9,0.54,-0.26,0.65
56.53085136413574,0.6000000000000001,-0.6000000000000001,-74.10000000000001,0.5700000000000001,-0.26,0.66
56.53967499732971,0.4,-0.30000000000000004,-73.60000000000001,0.52,-0.31,0.66
56.54986619949341,0.4,-0.6000000000000001,-73.8,0.51,-0.32,0.66
56.56047439575195,0.8,-0.1,-73.8,0.52,-0.27,0.65
56.57027769088745,0.9,-0.30000000000000004,-73.9,0.52,-0.25,0.66
56.57978296279907,0.9,-0.4,-73.7,0.52,-0.27,0.66
56.58996510505676,0.9,-0.0,-73.5,0.51,-0.27,0.65
56.60050392150879,0.5,-0.7000000000000001,-73.60000000000001,0.56,-0.32,0.66
56.609951972961426,0.6000000000000001,-0.5,-73.60000000000001,0.53,-0.29,0.65
56.61970067024231,0.7000000000000001,-0.8,-73.4,0.5700000000000001,-0.3,0.65
56.63008165359497,0.9,-0.6000000000000001,-73.10000000000001,0.55,-0.27,0.65
56.63981914520264,0.7000000000000001,-0.7000000000000001,-72.9,0.54,-0.27,0.65
56.64976453781128,0.4,-1.0,-73.0,0.58,-0.3,0.65
56.66016626358032,0.2,-0.9,-72.60000000000001,0.58,-0.33,0.65
56.669950008392334,0.7000000000000001,-0.8,-73.9,0.58,-0.28,0.65
56.67980599403381,0.9,-0.9,-73.5,0.58,-0.26,0.65
56.68984293937683,0.8,-0.7000000000000001,-73.7,0.5700000000000001,-0.26,0.65
56.700440883636475,1.0,-0.5,-73.8,0.55,-0.26,0.65
56.71101522445679,1.1,-0.5,-73.7,0.54,-0.24,0.65
56.71973395347595,0.9,-0.6000000000000001,-73.7,0.56,-0.26,0.66
56.73013949394226,0.8,-0.5,-73.9,0.51,-0.28,0.65
56.739914417266846,0.8,-0.7000000000000001,-73.60000000000001,0.56,-0.28,0.65
56.74985933303833,1.3,-0.1,-74.0,0.51,-0.23,0.65
56.75986099243164,1.1,-0.30000000000000004,-73.7,0.51,-0.23,0.65
56.770894050598145,1.0,-0.30000000000000004,-73.4,0.52,-0.26,0.65
56.780954122543335,0.9,-0.30000000000000004,-73.60000000000001,0.55,-0.28,0.65
56.79023742675781,1.2000000000000002,-0.1,-73.9,0.51,-0.25,0.65
56.80078887939453,1.1,-0.1,-73.4,0.48,-0.23,0.65
56.81078290939331,0.9,-0.4,-74.10000000000001,0.52,-0.26,0.66
56.820724964141846,0.5,-0.4,-73.9,0.53,-0.29,0.65
56.8306987285614,0.30000000000000004,-0.5,-73.7,0.56,-0.34,0.66
56.84088730812073,0.5,-0.4,-74.10000000000001,0.54,-0.3,0.65
56.84982132911682,0.5,-0.8,-74.5,0.56,-0.29,0.65
56.86013841629028,0.5,-0.5,-73.9,0.54,-0.3,0.65
56.87140870094299,0.6000000000000001,-0.4,-74.0,0.55,-0.29,0.65
56.880067348480225,0.5,-0.2,-73.9,0.53,-0.29,0.65
56.88991022109985,0.6000000000000001,-0.1,-73.4,0.5,-0.3,0.65
56.90000677108765,0.30000000000000004,-0.7000000000000001,-74.10000000000001,0.5700000000000001,-0.33,0.66
56.90995693206787,0.5,-0.6000000000000001,-74.10000000000001,0.5700000000000001,-0.29,0.65
56.91977381706238,0.9,-0.4,-73.60000000000001,0.54,-0.27,0.65
56.92988348007202,0.9,-0.5,-73.7,0.54,-0.26,0.65
56.94047164916992,1.1,-0.30000000000000004,-74.0,0.53,-0.24,0.65
56.949828147888184,1.1,-0.4,-73.7,0.54,-0.25,0.65
56.9599928855896,1.2000000000000002,-0.5,-73.4,0.51,-0.24,0.65
56.97153568267822,1.1,-0.5,-73.7,0.54,-0.23,0.65
56.97973442077637,1.3,-0.0,-73.7,0.5,-0.21,0.65
56.990095138549805,1.3,-0.4,-73.4,0.49,-0.22,0.66
57.000354290008545,1.3,-0.5,-73.2,0.53,-0.23,0.64
57.00993466377258,1.2000000000000002,-0.4,-74.2,0.54,-0.21,0.65
57.01990985870361,1.2000000000000002,-0.8,-73.10000000000001,0.55,-0.26,0.65
57.029788970947266,1.3,-0.1,-73.9,0.53,-0.23,0.64
57.039949893951416,1.2000000000000002,-0.4,-74.10000000000001,0.53,-0.23,0.65
57.04991388320923,1.3,-0.1,-73.8,0.49,-0.22,0.65
57.0601589679718,1.2000000000000002,-0.4,-74.10000000000001,0.54,-0.24,0.66
57.07040190696716,0.9,-0.30000000000000004,-74.0,0.54,-0.26,0.65
57.07976746559143,0.6000000000000001,-0.5,-73.8,0.55,-0.29,0.65
57.090433835983276,0.7000000000000001,-0.6000000000000001,-73.9,0.56,-0.29,0.65
57.099858045578,0.5,-0.4,-73.9,0.56,-0.31,0.65
57.110289096832275,0.2,-0.6000000000000001,-74.10000000000001,0.56,-0.34,0.66
57.1197772026062,0.2,-0.5,-73.8,0.53,-0.34,0.65
57.129735469818115,0.5,-0.6000000000000001,-73.60000000000001,0.55,-0.32,0.65
57.14024877548218,0.5,-0.30000000000000004,-73.8,0.52,-0.3,0.64
57.150020599365234,0.4,-0.30000000000000004,-73.7,0.52,-0.31,0.66
57.15971493721008,0.5,-0.2,-74.0,0.5,-0.3,0.65
57.170650005340576,0.7000000000000001,-0.1,-73.5,0.49,-0.29,0.65
57.17989778518677,1.0,-0.1,-73.8,0.52,-0.26,0.65
57.18995022773743,1.1,-0.1,-73.3,0.48,-0.23,0.64
57.200714349746704,1.2000000000000002,-0.4,-73.8,0.53,-0.24,0.65
57.21083927154541,1.3,-0.0,-74.0,0.51,-0.22,0.65
57.22069764137268,1.5,-0.0,-74.0,0.51,-0.23,0.65
57.230568408966064,1.4000000000000001,-0.0,-73.60000000000001,0.49,-0.21,0.65
57.24090576171875,1.4000000000000001,-0.0,-74.3,0.5,-0.21,0.65
57.24985861778259,1.6,-0.0,-73.8,0.48,-0.2,0.65
57.25977110862732,1.6,-0.4,-74.3,0.5,-0.19,0.65
57.26977324485779,1.7000000000000002,-0.1,-74.10000000000001,0.52,-0.2,0.65
57.280787229537964,1.7000000000000002,0.1,-74.0,0.49,-0.18,0.64
57.290738105773926,1.6,-0.4,-74.0,0.52,-0.2,0.66
57.300548791885376,1.2000000000000002,-0.6000000000000001,-73.7,0.53,-0.24,0.65
57.31007957458496,1.1,-0.8,-73.8,0.55,-0.25,0.65
57.32001185417175,1.0,-0.6000000000000001,-74.2,0.5700000000000001,-0.24,0.65
57.32989001274109,1.0,-0.4,-73.7,0.54,-0.25,0.65
57.33982706069946,0.7000000000000001,-0.6000000000000001,-73.7,0.55,-0.28,0.65
57.35008788108826,0.7000000000000001,-0.4,-73.60000000000001,0.52,-0.28,0.65
57.359684467315674,0.5,-0.8,-73.8,0.54,-0.31,0.65
57.37030601501465,0.4,-0.7000000000000001,-73.60000000000001,0.55,-0.33,0.65
57.380774974823,0.6000000000000001,-0.5,-74.60000000000001,0.55,-0.29,0.65
57.390621185302734,0.8,-0.2,-74.4,0.53,-0.28,0.65
57.40061640739441,0.7000000000000001,-0.4,-74.60000000000001,0.52,-0.28,0.65
57.41003894805908,0.6000000000000001,-0.4,-74.3,0.54,-0.29,0.65
57.41981077194214,0.7000000000000001,-0.0,-74.2,0.5,-0.28,0.65
57.42977333068848,0.9,-0.0,-74.4,0.51,-0.28,0.65
57.440353870391846,1.0,0.30000000000000004,-74.3,0.47000000000000003,-0.24,0.65
57.44996166229248,1.0,-0.0,-74.7,0.48,-0.25,0.65
57.459874868392944,1.1,-0.0,-74.3,0.47000000000000003,-0.26,0.65
57.47008657455444,1.4000000000000001,-0.0,-74.4,0.5,-0.22,0.65
57.480629444122314,1.6,0.30000000000000004,-74.0,0.48,-0.2,0.64
57.490413665771484,1.7000000000000002,0.2,-73.9,0.46,-0.19,0.65
57.4998459815979,1.5,-0.0,-74.0,0.47000000000000003,-0.22,0.65
57.51012635231018,1.5,-0.0,-73.9,0.51,-0.21,0.65
57.52062964439392,1.7000000000000002,0.2,-73.60000000000001,0.49,-0.21,0.64
57.529792070388794,2.0,-0.0,-74.10000000000001,0.49,-0.17,0.65
57.539835929870605,1.6,-0.1,-73.4,0.48,-0.16,0.64
57.55045485496521,1.4000000000000001,-0.5,-73.60000000000001,0.53,-0.22,0.65
57.5600700378418,1.4000000000000001,-0.30000000000000004,-74.3,0.53,-0.24,0.65
57.5699667930603,1.5,-0.5,-74.10000000000001,0.54,-0.22,0.65
57.58014678955078,1.5,-0.4,-74.3,0.54,-0.19,0.64
57.589977741241455,1.1,-0.5,-74.2,0.55,-0.24,0.65
57.59993505477905,1.0,-0.7000000000000001,-74.10000000000001,0.5700000000000001,-0.28,0.65
57.61011505126953,0.9,-0.6000000000000001,-74.0,0.56,-0.28,0.65
57.62005877494812,0.9,-0.5,-74.4,0.56,-0.26,0.65
57.63055229187012,0.8,-0.30000000000000004,-74.4,0.53,-0.27,0.65
57.63975667953491,0.9,-0.4,-74.3,0.53,-0.26,0.66
57.65011668205261,1.0,-0.5,-74.3,0.52,-0.27,0.65
57.65978813171387,1.0,-0.1,-74.4,0.51,-0.25,0.65
57.66987490653992,0.9,-0.1,-74.3,0.5,-0.27,0.65
57.68014931678772,0.9,-0.0,-74.2,0.48,-0.27,0.65
57.68984127044678,1.1,0.2,-74.3,0.46,-0.26,0.65
57.699809074401855,1.2000000000000002,0.2,-74.5,0.46,-0.25,0.65
57.7099392414093,1.2000000000000002,0.2,-74.0,0.45,-0.24,0.65
57.720019817352295,1.1,-0.0,-74.0,0.49,-0.24,0.65
57.729833126068115,1.2000000000000002,0.30000000000000004,-74.5,0.49,-0.23,0.65
57.73991084098816,1.1,0.2,-74.7,0.47000000000000003,-0.24,0.65
57.750000953674316,1.3,0.4,-74.60000000000001,0.47000000000000003,-0.23,0.65
57.76075053215027,1.6,0.30000000000000004,-74.3,0.47000000000000003,-0.2,0.65
57.770084381103516,1.8,0.1,-74.4,0.49,-0.18,0.65
57.77982449531555,1.7000000000000002,0.1,-74.2,0.48,-0.2,0.65
57.790324449539185,1.4000000000000001,-0.1,-74.10000000000001,0.51,-0.21,0.65
57.79994583129883,1.3,-0.2,-74.2,0.54,-0.23,0.65
57.809805154800415,1.2000000000000002,-0.5,-74.10000000000001,0.53,-0.24,0.65
57.81985306739807,1.2000000000000002,-0.5,-74.10000000000001,0.56,-0.24,0.65
57.829930782318115,1.4000000000000001,-0.1,-74.3,0.52,-0.21,0.64
57.839966773986816,1.3,-0.6000000000000001,-74.0,0.53,-0.23,0.65
57.850476026535034,1.3,-0.5,-74.0,0.53,-0.21,0.65
57.85977339744568,1.4000000000000001,-0.4,-73.9,0.54,-0.23,0.64
57.87005138397217,1.4000000000000001,-0.30000000000000004,-73.8,0.5,-0.21,0.64
57.8799843788147,1.3,-0.30000000000000004,-74.0,0.51,-0.22,0.65
57.89027452468872,1.3,-0.30000000000000004,-74.0,0.52,-0.24,0.64
57.899797201156616,1.3,-0.0,-74.4,0.5,-0.22,0.65
57.90973091125488,1.2000000000000002,-0.0,-74.5,0.49,-0.23,0.65
57.92081809043884,1.2000000000000002,-0.1,-74.4,0.52,-0.25,0.65
57.92986083030701,1.3,-0.0,-74.5,0.52,-0.23,0.64
57.93979787826538,1.5,0.1,-74.60000000000001,0.47000000000000003,-0.2,0.65
57.95092153549194,1.4000000000000001,0.5,-74.60000000000001,0.45,-0.2,0.65
57.960073709487915,1.2000000000000002,0.30000000000000004,-74.7,0.47000000000000003,-0.24,0.65
57.96996593475342,1.3,0.30000000000000004,-74.4,0.47000000000000003,-0.24,0.65
57.98023557662964,1.3,0.30000000000000004,-74.4,0.48,-0.23,0.65
57.99088907241821,1.2000000000000002,0.30000000000000004,-74.60000000000001,0.48,-0.25,0.65
58.00070405006409,1.2000000000000002,0.2,-74.3,0.49,-0.24,0.65
58.01067328453064,1.4000000000000001,0.30000000000000004,-74.5,0.44,-0.22,0.65
58.02067232131958,1.3,-0.0,-74.4,0.47000000000000003,-0.23,0.65
58.030155420303345,1.3,0.2,-74.4,0.45,-0.21,0.64
58.03981304168701,1.2000000000000002,-0.30000000000000004,-74.2,0.5,-0.24,0.65
58.05008673667908,1.1,-0.1,-74.10000000000001,0.52,-0.26,0.64
58.06027960777283,1.2000000000000002,-0.0,-73.9,0.5,-0.23,0.65
58.0699360370636,1.4000000000000001,-0.1,-74.5,0.51,-0.21,0.65
58.080793619155884,1.4000000000000001,-0.1,-73.9,0.5,-0.22,0.65
58.09083080291748,1.4000000000000001,-0.30000000000000004,-74.60000000000001,0.53,-0.23,0.65
58.100674867630005,1.5,-0.2,-74.4,0.53,-0.21,0.64
58.10991406440735,1.4000000000000001,-0.2,-74.2,0.51,-0.19,0.65
58.12057065963745,1.3,-0.5,-74.60000000000001,0.54,-0.24,0.65
58.12985849380493,1.2000000000000002,-0.0,-74.4,0.51,-0.23,0.64
58.139878034591675,1.5,-0.0,-74.3,0.48,-0.22,0.65
58.150755405426025,1.6,-0.1,-74.8,0.5,-0.19,0.65
58.16013431549072,1.5,-0.1,-74.3,0.52,-0.2,0.65
58.17046809196472,1.3,-0.2,-74.3,0.51,-0.22,0.65
58.18085527420044,1.4000000000000001,-0.0,-74.8,0.49,-0.22,0.65
58.19060969352722,1.5,0.2,-74.60000000000001,0.47000000000000003,-0.2,0.65
58.19973945617676,1.5,0.1,-74.0,0.46,-0.19,0.65
58.210155963897705,1.4000000000000001,-0.0,-74.5,0.49,-0.22,0.65
58.22022104263306,1.2000000000000002,0.2,-74.5,0.49,-0.24,0.65
58.22997498512268,1.2000000000000002,0.30000000000000004,-74.3,0.46,-0.24,0.65
58.24092197418213,1.3,0.1,-74.3,0.46,-0.23,0.65
58.249945640563965,1.5,0.30000000000000004,-74.5,0.47000000000000003,-0.2,0.64
58.25993847846985,1.3,0.1,-74.5,0.48,-0.22,0.65
58.27008032798767,1.3,0.4,-74.7,0.47000000000000003,-0.22,0.65
58.27978563308716,1.4000000000000001,0.30000000000000004,-74.9,0.47000000000000003,-0.21,0.65
58.28988814353943,1.4000000000000001,0.1,-74.60000000000001,0.49,-0.22,0.65
58.30016303062439,1.4000000000000001,0.2,-74.5,0.48,-0.22,0.65
58.31006121635437,1.3,0.2,-74.60000000000001,0.48,-0.23,0.65
58.32026934623718,1.2000000000000002,-0.0,-74.5,0.49,-0.24,0.65
58.33001446723938,1.3,-0.0,-74.60000000000001,0.51,-0.23,0.65
58.34060740470886,1.4000000000000001,-0.1,-74.60000000000001,0.51,-0.23,0.65
58.350703954696655,1.4000000000000001,-0.0,-74.4,0.5,-0.22,0.65
58.35988926887512,1.5,-0.0,-74.3,0.48,-0.2,0.65
58.37001872062683,1.5,-0.2,-74.4,0.5,-0.21,0.65
58.38039231300354,1.6,-0.0,-74.2,0.5,-0.2,0.64
58.39023041725159,1.8,-0.0,-74.10000000000001,0.5,-0.19,0.65
58.40080714225769,2.0,0.1,-74.0,0.48,-0.16,0.64
58.41082406044006,1.8,0.2,-74.4,0.48,-0.16,0.64
58.42092537879944,1.8,0.30000000000000004,-74.2,0.48,-0.18,0.65
58.430660009384155,1.8,0.2,-74.3,0.48,-0.18,0.64
58.43972134590149,1.7000000000000002,0.2,-74.3,0.48,-0.19,0.64
58.450766801834106,1.7000000000000002,0.2,-74.5,0.48,-0.18,0.64
58.45975852012634,1.7000000000000002,0.30000000000000004,-74.5,0.48,-0.18,0.65
58.46984553337097,1.4000000000000001,0.2,-74.4,0.47000000000000003,-0.2,0.64
58.48017907142639,1.3,0.2,-74.3,0.49,-0.23,0.65
58.490453481674194,1.2000000000000002,0.1,-74.4,0.5,-0.23,0.64
58.499807834625244,1.1,-0.0,-74.3,0.5,-0.24,0.65
58.50994682312012,1.2000000000000002,-0.0,-74.3,0.48,-0.24,0.65
58.52061986923218,1.1,-0.1,-74.4,0.53,-0.24,0.64
58.529804706573486,1.0,0.2,-74.2,0.49,-0.25,0.64
58.539769649505615,0.8,-0.0,-74.10000000000001,0.48,-0.28,0.65
58.55046272277832,0.9,-0.0,-74.3,0.5,-0.26,0.64
58.55988693237305,1.0,-0.0,-74.4,0.5,-0.25,0.64
58.570207357406616,1.1,0.2,-74.4,0.48,-0.25,0.65
58.579898834228516,1.3,0.30000000000000004,-74.3,0.48,-0.22,0.65
58.59085774421692,1.4000000000000001,0.30000000000000004,-74.4,0.47000000000000003,-0.21,0.64
58.59989809989929,1.4000000000000001,0.4,-74.4,0.46,-0.23,0.65
58.610166788101196,1.5,0.30000000000000004,-74.3,0.46,-0.22,0.64
58.61997604370117,1.6,0.4,-74.5,0.47000000000000003,-0.18,0.65
58.63073229789734,1.6,0.2,-74.5,0.48,-0.2,0.64
58.63970708847046,1.6,0.30000000000000004,-74.3,0.48,-0.21,0.65
58.649696826934814,1.6,0.2,-74.3,0.47000000000000003,-0.18,0.64
58.6604642868042,1.5,-0.0,-74.5,0.51,-0.2,0.65
58.67008948326111,1.4000000000000001,-0.0,-74.2,0.5,-0.22,0.64
58.679893016815186,1.4000000000000001,-0.2,-74.3,0.51,-0.22,0.65
58.69019365310669,1.4000000000000001,0.1,-74.3,0.49,-0.2,0.64
58.700806617736816,1.2000000000000002,-0.1,-74.3,0.51,-0.24,0.65
58.710055112838745,1.2000000000000002,-0.1,-74.2,0.51,-0.25,0.65
58.719817876815796,1.3,-0.1,-74.3,0.51,-0.23,0.65
58.730058431625366,1.2000000000000002,-0.0,-74.2,0.51,-0.22,0.64
58.74040675163269,1.2000000000000002,0.1,-74.4,0.49,-0.24,0.64
58.75001001358032,1.3,0.2,-74.4,0.48,-0.22,0.65
58.76003289222717,1.4000000000000001,0.30000000000000004,-74.3,0.46,-0.22,0.65
58.77124571800232,1.2000000000000002,0.2,-74.60000000000001,0.48,-0.23,0.64
58.77998685836792,1.2000000000000002,0.2,-74.4,0.48,-0.23,0.64
58.7904052734375,1.3,0.30000000000000004,-74.4,0.46,-0.22,0.65
58.79985070228577,1.2000000000000002,0.4,-74.7,0.47000000000000003,-0.23,0.64
58.809868574142456,1.3,0.4,-74.5,0.45,-0.24,0.65
58.82059645652771,1.2000000000000002,0.4,-74.4,0.46,-0.22,0.65
58.830713748931885,1.2000000000000002,0.4,-74.4,0.47000000000000003,-0.23,0.65
58.8402156829834,1.2000000000000002,0.30000000000000004,-74.4,0.47000000000000003,-0.24,0.64
58.85002946853638,1.1,0.1,-74.4,0.48,-0.24,0.64
58.86095213890076,1.2000000000000002,0.2,-74.5,0.49,-0.23,0.65
58.87049603462219,1.2000000000000002,0.2,-74.3,0.47000000000000003,-0.23,0.65
58.87986516952515,1.1,0.1,-74.2,0.48,-0.24,0.64
58.890143394470215,1.2000000000000002,0.1,-74.4,0.49,-0.24,0.65
58.90080809593201,1.2000000000000002,0.1,-74.3,0.48,-0.23,0.65
58.910704374313354,1.2000000000000002,-0.0,-74.3,0.51,-0.22,0.65
58.920589208602905,1.3,-0.0,-74.5,0.51,-0.23,0.64
58.930912017822266,1.4000000000000001,0.1,-74.3,0.5,-0.22,0.64
58.93979287147522,1.5,0.2,-74.3,0.48,-0.19,0.64
58.95081400871277,1.6,0.1,-74.3,0.47000000000000003,-0.19,0.65
58.95996308326721,1.3,0.1,-74.4,0.49,-0.22,0.64
58.970640420913696,1.3,0.1,-74.3,0.49,-0.23,0.64
58.979819774627686,1.4000000000000001,0.2,-74.4,0.49,-0.2,0.65
58.98991513252258,1.3,0.1,-74.3,0.48,-0.21,0.65
59.000755310058594,1.3,0.1,-74.5,0.5,-0.23,0.64
59.01074957847595,1.2000000000000002,0.1,-74.4,0.5,-0.24,0.64
59.0206401348114,1.2000000000000002,0.2,-74.4,0.48,-0.22,0.65
59.03099489212036,1.2000000000000002,0.1,-74.4,0.48,-0.23,0.64
59.040019273757935,1.1,0.2,-74.3,0.48,-0.24,0.64
59.04982113838196,1.0,0.2,-74.4,0.47000000000000003,-0.24,0.64
59.0601761341095,1.1,0.30000000000000004,-74.5,0.47000000000000003,-0.25,0.64
59.07018685340881,1.1,0.4,-74.60000000000001,0.46,-0.24,0.65
59.07993674278259,1.2000000000000002,0.5,-74.4,0.45,-0.23,0.65
59.08983898162842,1.1,0.30000000000000004,-74.4,0.46,-0.24,0.65
59.100234031677246,1.0,0.4,-74.3,0.46,-0.26,0.64
59.110034704208374,1.2000000000000002,0.4,-74.5,0.45,-0.24,0.65
59.11967134475708,1.3,0.4,-74.4,0.46,-0.22,0.65
59.129967212677,1.2000000000000002,0.30000000000000004,-74.3,0.48,-0.23,0.64
59.140007972717285,1.2000000000000002,0.2,-74.2,0.47000000000000003,-0.23,0.65
59.14993453025818,1.2000000000000002,0.2,-74.5,0.48,-0.22,0.64
59.16011714935303,1.2000000000000002,0.2,-74.5,0.48,-0.23,0.65
59.17176365852356,1.3,0.2,-74.3,0.48,-0.23,0.65
59.17975950241089,1.4000000000000001,0.2,-74.3,0.48,-0.22,0.64
59.19006085395813,1.3,0.1,-74.3,0.48,-0.21,0.65
59.199843883514404,1.2000000000000002,-0.0,-74.4,0.5,-0.23,0.64
59.210262060165405,1.3,-0.0,-74.4,0.5,-0.22,0.64
59.21997880935669,1.4000000000000001,-0.0,-74.2,0.49,-0.21,0.65
59.23052215576172,1.3,0.1,-74.2,0.49,-0.22,0.64
59.23980736732483,1.4000000000000001,0.1,-74.4,0.48,-0.23,0.65
59.249836683273315,1.4000000000000001,-0.0,-74.4,0.48,-0.21,0.64
59.25991725921631,1.2000000000000002,-0.0,-74.3,0.5,-0.22,0.64
59.27168154716492,1.1,0.1,-74.2,0.49,-0.24,0.64
59.27989220619202,1.3,0.4,-74.5,0.46,-0.22,0.64
59.29007315635681,1.4000000000000001,0.4,-74.60000000000001,0.44,-0.21,0.65
59.300719022750854,1.2000000000000002,0.30000000000000004,-74.4,0.48,-0.23,0.64
59.3100049495697,1.0,0.1,-74.2,0.49,-0.25,0.65
59.319884061813354,1.1,0.30000000000000004,-74.5,0.48,-0.25,0.64
59.32976937294006,1.3,0.5,-74.7,0.45,-0.22,0.64
59.34055471420288,1.4000000000000001,0.6000000000000001,-74.5,0.44,-0.22,0.64
59.34984612464905,1.4000000000000001,0.7000000000000001,-74.10000000000001,0.45,-0.22,0.64
59.360063791275024,1.3,0.6000000000000001,-74.10000000000001,0.45,-0.23,0.64
59.370863914489746,1.5,0.6000000000000001,-74.3,0.45,-0.2,0.64
59.380943059921265,1.6,0.6000000000000001,-74.10000000000001,0.45,-0.2,0.64
59.38988137245178,1.6,0.4,-74.10000000000001,0.45,-0.21,0.64
59.40004587173462,1.5,0.5,-74.2,0.45,-0.2,0.64
59.410475969314575,1.4000000000000001,0.6000000000000001,-74.2,0.45,-0.21,0.64
59.41983890533447,1.5,0.6000000000000001,-74.0,0.44,-0.2,0.64
59.429933309555054,1.4000000000000001,0.30000000000000004,-74.10000000000001,0.47000000000000003,-0.21,0.64
59.44144606590271,1.3,0.1,-74.10000000000001,0.49,-0.22,0.64
59.44988560676575,1.2000000000000002,-0.0,-74.2,0.5,-0.23,0.65
59.459972620010376,0.9,-0.0,-74.60000000000001,0.49,-0.25,0.64
59.47116541862488,1.2000000000000002,0.1,-74.10000000000001,0.5,-0.24,0.64
59.480825662612915,1.2000000000000002,-0.0,-74.10000000000001,0.49,-0.23,0.64
59.49060869216919,0.9,-0.0,-74.3,0.5,-0.27,0.65
59.49978232383728,0.8,-0.0,-74.0,0.51,-0.27,0.64
59.51093506813049,0.9,-0.0,-74.0,0.51,-0.25,0.64
59.519758462905884,1.1,0.1,-74.10000000000001,0.49,-0.24,0.64
59.530102491378784,0.9,-0.0,-74.10000000000001,0.5,-0.26,0.64
59.540576457977295,0.6000000000000001,-0.0,-74.3,0.5,-0.28,0.64
59.549824237823486,0.9,0.30000000000000004,-73.9,0.48,-0.26,0.64
59.56018805503845,1.0,0.2,-74.2,0.47000000000000003,-0.26,0.65
59.57052445411682,1.1,0.4,-74.3,0.46,-0.25,0.64
59.58008885383606,1.3,0.5,-74.4,0.45,-0.21,0.64
59.58982968330383,1.5,0.8,-73.8,0.42,-0.19,0.64
59.59992480278015,1.3,0.7000000000000001,-74.2,0.44,-0.22,0.64
59.61035680770874,1.2000000000000002,0.6000000000000001,-74.10000000000001,0.44,-0.24,0.64
59.6207001209259,1.3,0.6000000000000001,-74.2,0.45,-0.22,0.64
59.62973976135254,1.3,0.5,-74.4,0.44,-0.22,0.65
59.64015460014343,1.1,0.4,-74.3,0.46,-0.24,0.64
59.650556325912476,0.9,0.30000000000000004,-74.4,0.48,-0.26,0.65
59.659945487976074,0.8,0.2,-74.2,0.49,-0.28,0.65
59.67115545272827,0.9,0.1,-74.10000000000001,0.49,-0.27,0.64
59.68089461326599,0.9,-0.0,-74.0,0.49,-0.26,0.65
59.68990516662598,0.8,-0.0,-74.10000000000001,0.49,-0.28,0.64
59.69993996620178,0.8,-0.0,-73.9,0.49,-0.27,0.64
59.710442781448364,1.0,-0.0,-73.9,0.51,-0.25,0.64
59.71974015235901,1.0,0.2,-74.10000000000001,0.48,-0.25,0.64
59.729690074920654,0.9,-0.0,-74.10000000000001,0.49,-0.25,0.64
59.74005079269409,0.9,0.1,-74.0,0.5,-0.25,0.64
59.75059533119202,0.8,-0.0,-74.10000000000001,0.51,-0.28,0.65
59.76064848899841,0.9,0.1,-74.0,0.5,-0.26,0.64
59.77012896537781,1.0,0.1,-74.2,0.49,-0.24,0.64
59.78057146072388,1.1,0.30000000000000004,-74.10000000000001,0.48,-0.24,0.64
59.789865016937256,1.0,0.30000000000000004,-74.2,0.47000000000000003,-0.24,0.64
59.799827337265015,1.1,0.5,-74.10000000000001,0.45,-0.23,0.64
59.809855222702026,1.2000000000000002,0.6000000000000001,-74.0,0.44,-0.21,0.64
59.820176124572754,1.2000000000000002,0.5,-74.2,0.45,-0.22,0.64
59.829779624938965,1.3,0.6000000000000001,-74.2,0.45,-0.23,0.64
59.84006977081299,1.1,0.5,-74.3,0.45,-0.23,0.64
59.85034537315369,1.0,0.30000000000000004,-74.10000000000001,0.48,-0.26,0.64
59.859715700149536,0.9,0.30000000000000004,-74.0,0.48,-0.26,0.64
59.87025213241577,0.8,0.30000000000000004,-73.9,0.48,-0.27,0.64
59.88058567047119,0.7000000000000001,0.30000000000000004,-74.2,0.47000000000000003,-0.28,0.64
59.89041495323181,0.8,0.30000000000000004,-74.2,0.47000000000000003,-0.27,0.64
59.90069365501404,0.8,0.2,-74.0,0.47000000000000003,-0.27,0.64
59.91028022766113,0.8,0.2,-73.8,0.48,-0.26,0.64
59.92039346694946,0.8,0.1,-74.10000000000001,0.49,-0.26,0.64
59.93034791946411,0.8,0.2,-74.0,0.48,-0.26,0.64
59.93990874290466,0.8,0.2,-73.8,0.48,-0.26,0.64
59.95001435279846,0.7000000000000001,0.1,-74.0,0.49,-0.27,0.64
59.959914207458496,0.5,0.2,-74.2,0.48,-0.29,0.64
59.97011470794678,0.6000000000000001,-0.0,-73.9,0.49,-0.29,0.64
59.98060846328735,0.8,0.30000000000000004,-74.0,0.48,-0.26,0.64
59.99064636230469,1.1,0.1,-74.0,0.49,-0.25,0.65
59.99989700317383,1.1,0.2,-74.10000000000001,0.48,-0.24,0.64
60.01007413864136,0.8,0.1,-74.3,0.48,-0.25,0.64
60.01995921134949,1.1,0.5,-73.60000000000001,0.46,-0.25,0.64
60.03019690513611,1.3,0.30000000000000004,-73.7,0.46,-0.23,0.64
60.039894104003906,1.1,0.4,-73.8,0.47000000000000003,-0.23,0.64
60.04999876022339,1.0,0.2,-74.0,0.48,-0.25,0.64
60.06003785133362,0.8,0.2,-73.9,0.48,-0.26,0.64
60.069875955581665,0.9,0.2,-73.9,0.48,-0.26,0.64
60.079895973205566,1.0,0.4,-73.9,0.47000000000000003,-0.25,0.64
60.08983635902405,0.8,0.2,-73.9,0.47000000000000003,-0.26,0.65
60.10002398490906,0.7000000000000001,0.30000000000000004,-73.9,0.47000000000000003,-0.27,0.64
60.11032319068909,0.7000000000000001,0.2,-74.0,0.48,-0.29,0.64
60.11974239349365,0.8,0.30000000000000004,-73.8,0.48,-0.27,0.64
60.130096197128296,0.8,0.30000000000000004,-73.7,0.47000000000000003,-0.26,0.64
60.139827251434326,0.7000000000000001,0.2,-74.2,0.48,-0.27,0.64
60.150031089782715,0.6000000000000001,0.2,-74.2,0.48,-0.29,0.64
60.16016912460327,0.5,0.30000000000000004,-73.9,0.48,-0.29,0.64
60.17086172103882,0.6000000000000001,0.30000000000000004,-74.0,0.47000000000000003,-0.28,0.64
60.18076944351196,0.7000000000000001,0.2,-73.9,0.48,-0.28,0.64
60.19080710411072,0.7000000000000001,0.2,-73.9,0.49,-0.29,0.64
60.20005941390991,0.8,0.30000000000000004,-73.8,0.48,-0.27,0.64
60.2101309299469,0.9,0.30000000000000004,-73.7,0.47000000000000003,-0.26,0.64
60.21979904174805,0.9,0.4,-73.7,0.47000000000000003,-0.26,0.64
60.22985243797302,0.8,0.30000000000000004,-73.60000000000001,0.47000000000000003,-0.26,0.64
60.24014735221863,0.7000000000000001,0.2,-73.7,0.48,-0.28,0.64
60.249871492385864,0.7000000000000001,0.2,-73.7,0.49,-0.29,0.64
60.259865283966064,0.7000000000000001,0.2,-73.7,0.48,-0.27,0.64
60.271050453186035,0.9,0.2,-73.9,0.48,-0.26,0.64
60.28129982948303,0.7000000000000001,0.30000000000000004,-73.8,0.48,-0.27,0.64
60.28988337516785,0.7000000000000001,0.1,-73.8,0.49,-0.29,0.65
60.299800872802734,0.6000000000000001,0.2,-73.8,0.49,-0.29,0.64
60.310099601745605,0.8,0.4,-74.0,0.46,-0.26,0.64
60.31989049911499,1.0,0.4,-74.10000000000001,0.45,-0.25,0.64
60.32992696762085,0.9,0.1,-74.10000000000001,0.48,-0.25,0.64
60.340505838394165,0.6000000000000001,-0.0,-74.0,0.51,-0.27,0.64
60.35032844543457,0.8,0.2,-74.0,0.49,-0.28,0.64
60.35975766181946,1.0,0.4,-74.0,0.46,-0.26,0.64
60.371400117874146,0.8,0.30000000000000004,-74.2,0.46,-0.25,0.65
60.38058423995972,0.8,0.30000000000000004,-73.5,0.47000000000000003,-0.28,0.65
60.389923334121704,0.7000000000000001,0.30000000000000004,-73.7,0.48,-0.28,0.64
60.399763107299805,0.9,0.30000000000000004,-73.7,0.47000000000000003,-0.26,0.64
60.410205364227295,0.8,0.2,-73.5,0.48,-0.27,0.64
60.41979241371155,0.8,0.30000000000000004,-73.4,0.48,-0.28,0.64
60.42977809906006,0.6000000000000001,0.2,-73.7,0.48,-0.29,0.64
60.43975329399109,0.5,0.30000000000000004,-73.7,0.48,-0.28,0.64
60.450419187545776,0.6000000000000001,0.2,-73.7,0.47000000000000003,-0.29,0.64
60.45976734161377,0.6000000000000001,0.2,-74.0,0.48,-0.28,0.64
60.470200061798096,0.7000000000000001,0.1,-73.8,0.48,-0.27,0.64
60.480910301208496,0.7000000000000001,0.1,-73.8,0.49,-0.27,0.64
60.49090099334717,0.9,0.30000000000000004,-73.60000000000001,0.47000000000000003,-0.27,0.64
60.49976396560669,0.8,0.2,-73.9,0.47000000000000003,-0.28,0.64
60.509864807128906,0.6000000000000001,0.1,-74.0,0.48,-0.29,0.65
60.51992845535278,0.6000000000000001,0.2,-73.9,0.48,-0.27,0.64
60.52977538108826,0.6000000000000001,0.1,-73.8,0.49,-0.28,0.64
60.53964877128601,0.8,0.2,-73.8,0.49,-0.26,0.64
60.551254749298096,0.8,0.2,-74.2,0.49,-0.26,0.64
60.56087136268616,1.0,0.4,-73.60000000000001,0.47000000000000003,-0.25,0.64
60.56972146034241,0.9,0.30000000000000004,-73.60000000000001,0.46,-0.24,0.64
60.58000659942627,0.9,0.2,-73.3,0.48,-0.26,0.64
60.590227127075195,0.8,0.1,-73.7,0.5,-0.27,0.64
60.599815368652344,0.8,0.30000000000000004,-73.5,0.48,-0.27,0.64
60.60998010635376,0.9,0.1,-73.7,0.48,-0.25,0.64
60.61998009681702,0.7000000000000001,0.1,-73.7,0.5,-0.27,0.64
60.62980675697327,0.5,0.1,-73.7,0.49,-0.3,0.65
60.63973307609558,0.5,0.2,-73.7,0.48,-0.3,0.64
60.65041947364807,0.7000000000000001,0.30000000000000004,-73.7,0.47000000000000003,-0.26,0.64
60.65976905822754,0.8,0.2,-73.8,0.47000000000000003,-0.26,0.64
60.67007756233215,0.7000000000000001,0.2,-73.8,0.48,-0.27,0.65
60.68029308319092,0.4,-0.0,-73.8,0.51,-0.3,0.64
60.69001817703247,0.4,0.1,-74.0,0.5,-0.29,0.64
60.7002534866333,0.5,0.2,-73.8,0.47000000000000003,-0.28,0.64
60.70986723899841,0.7000000000000001,0.30000000000000004,-73.8,0.46,-0.28,0.65
60.72061109542847,0.6000000000000001,0.2,-74.10000000000001,0.47000000000000003,-0.28,0.64
60.730077505111694,0.7000000000000001,0.2,-73.8,0.48,-0.27,0.64
60.740111351013184,0.8,0.2,-73.5,0.48,-0.27,0.64
60.749879598617554,0.8,0.2,-73.7,0.49,-0.27,0.64
60.7606041431427,0.7000000000000001,0.30000000000000004,-73.60000000000001,0.49,-0.28,0.64
60.7697651386261,0.7000000000000001,0.2,-73.60000000000001,0.48,-0.28,0.64
60.77989482879639,0.9,0.30000000000000004,-73.3,0.46,-0.26,0.64
60.79032802581787,0.8,0.2,-73.5,0.48,-0.27,0.64
60.79980158805847,0.6000000000000001,0.1,-73.60000000000001,0.5,-0.28,0.64
60.80979037284851,0.7000000000000001,-0.0,-73.9,0.49,-0.27,0.64
60.81983399391174,0.9,0.1,-73.7,0.49,-0.25,0.64
60.83006834983826,0.8,0.1,-73.60000000000001,0.49,-0.27,0.64
60.83992624282837,0.8,0.2,-73.60000000000001,0.48,-0.27,0.64
60.8499014377594,0.6000000000000001,0.2,-73.7,0.48,-0.26,0.64
60.860233783721924,0.6000000000000001,0.1,-73.7,0.49,-0.28,0.64
60.86977815628052,0.9,0.2,-73.5,0.48,-0.28,0.64
60.8802547454834,0.7000000000000001,0.2,-74.0,0.49,-0.26,0.64
60.89061689376831,0.9,0.2,-73.7,0.48,-0.26,0.64
60.90123796463013,0.8,0.2,-73.2,0.48,-0.27,0.64
60.909903049468994,0.9,0.2,-73.4,0.48,-0.27,0.64
60.92069435119629,0.7000000000000001,0.1,-73.7,0.49,-0.27,0.64
60.93008780479431,0.6000000000000001,-0.0,-73.4,0.5,-0.29,0.65
60.94042921066284,0.7000000000000001,0.1,-73.4,0.49,-0.28,0.64
60.949695348739624,0.6000000000000001,-0.0,-73.2,0.5,-0.28,0.64
60.96123790740967,0.7000000000000001,0.2,-73.5,0.5,-0.29,0.64
60.97008156776428,0.8,0.2,-73.8,0.47000000000000003,-0.27,0.64
60.97978138923645,0.7000000000000001,0.1,-73.7,0.48,-0.25,0.64
60.990483045578,0.6000000000000001,0.1,-73.60000000000001,0.49,-0.27,0.65
61.00077962875366,0.5,-0.0,-73.60000000000001,0.5,-0.31,0.64
61.010682582855225,0.7000000000000001,0.2,-73.4,0.5,-0.28,0.64
61.02065348625183,1.0,0.2,-73.7,0.48,-0.26,0.65
61.03086853027344,0.9,0.30000000000000004,-73.60000000000001,0.48,-0.26,0.65
61.03978633880615,1.0,0.2,-73.60000000000001,0.47000000000000003,-0.25,0.64
61.05000066757202,0.9,0.1,-73.9,0.48,-0.25,0.64
61.06042122840881,0.7000000000000001,-0.0,-73.8,0.49,-0.26,0.64
61.069907426834106,0.7000000000000001,-0.0,-73.4,0.51,-0.29,0.64
61.07999396324158,0.9,0.2,-73.5,0.49,-0.26,0.64
61.090012550354004,0.9,0.2,-73.4,0.48,-0.26,0.65
61.099947929382324,0.8,0.1,-73.4,0.48,-0.27,0.64
61.11002850532532,0.6000000000000001,-0.0,-73.4,0.5,-0.29,0.64
61.12034869194031,0.6000000000000001,-0.0,-73.2,0.51,-0.29,0.64
61.13073134422302,0.8,0.1,-73.3,0.49,-0.26,0.64
61.14003324508667,0.8,0.1,-73.4,0.48,-0.26,0.64
61.1506564617157,0.7000000000000001,-0.0,-73.5,0.5,-0.28,0.64
61.16022706031799,0.7000000000000001,0.1,-73.2,0.5,-0.28,0.64
61.17050361633301,0.6000000000000001,-0.0,-73.5,0.5,-0.28,0.64
61.18060803413391,0.6000000000000001,0.1,-73.5,0.5,-0.28,0.64
61.19065856933594,0.6000000000000001,-0.0,-73.60000000000001,0.49,-0.28,0.65
61.20055294036865,0.6000000000000001,-0.0,-73.60000000000001,0.49,-0.27,0.64
61.21025371551514,0.9,0.1,-73.4,0.48,-0.27,0.65
61.22071313858032,0.6000000000000001,-0.0,-73.7,0.5,-0.28,0.64
61.23076343536377,0.8,-0.0,-73.4,0.5,-0.28,0.64
61.23983454704285,0.8,0.1,-73.2,0.5,-0.27,0.64
61.25019979476929,0.5,-0.0,-73.8,0.5,-0.27,0.64
61.26035451889038,0.8,0.1,-73.4,0.49,-0.27,0.64
61.27016353607178,0.7000000000000001,-0.0,-73.10000000000001,0.5,-0.28,0.64
61.27984929084778,0.9,-0.0,-73.10000000000001,0.51,-0.27,0.64
61.290143966674805,0.9,-0.0,-73.3,0.5,-0.25,0.64
61.30064558982849,0.7000000000000001,-0.0,-73.4,0.5,-0.27,0.64
61.31009292602539,0.7000000000000001,-0.0,-73.4,0.51,-0.28,0.64
61.31973075866699,0.8,-0.0,-73.4,0.5,-0.27,0.64
61.330156326293945,0.8,0.1,-73.3,0.49,-0.25,0.64
61.339974880218506,0.7000000000000001,-0.0,-73.2,0.49,-0.27,0.64
61.349801540374756,0.7000000000000001,-0.0,-73.3,0.51,-0.29,0.64
61.360191106796265,0.9,0.1,-73.4,0.5,-0.26,0.64
61.370158672332764,1.0,0.1,-73.60000000000001,0.49,-0.24,0.64
61.37991213798523,0.9,-0.0,-73.7,0.49,-0.25,0.64
61.389808177948,0.9,-0.0,-73.3,0.5,-0.26,0.64
61.40083146095276,0.8,-0.0,-73.60000000000001,0.51,-0.26,0.64
61.40981721878052,1.0,-0.0,-73.4,0.49,-0.25,0.64
61.41973829269409,0.7000000000000001,-0.1,-73.7,0.51,-0.27,0.64
61.43086004257202,0.8,-0.0,-74.0,0.51,-0.25,0.64
61.43977379798889,0.9,-0.0,-73.3,0.5,-0.26,0.65
61.45002579689026,0.8,-0.0,-73.4,0.5,-0.27,0.64
61.46029758453369,0.6000000000000001,-0.2,-73.10000000000001,0.53,-0.29,0.64
61.471043825149536,0.6000000000000001,-0.0,-72.9,0.53,-0.3,0.64
61.47987365722656,0.8,-0.0,-73.3,0.5,-0.27,0.64
61.490283727645874,0.7000000000000001,-0.0,-73.5,0.5,-0.26,0.64
61.5006308555603,0.7000000000000001,-0.0,-73.2,0.51,-0.27,0.64
61.509788513183594,0.6000000000000001,-0.0,-73.2,0.51,-0.29,0.64
61.51972198486328,0.8,-0.0,-73.3,0.5,-0.27,0.64
61.53022480010986,0.8,-0.0,-73.5,0.51,-0.25,0.64
61.5403094291687,0.8,-0.0,-73.5,0.5,-0.26,0.64
61.55008316040039,0.7000000000000001,-0.1,-73.60000000000001,0.51,-0.27,0.64
61.56024718284607,0.5,-0.1,-73.60000000000001,0.53,-0.29,0.64
61.57005167007446,0.7000000000000001,-0.0,-73.60000000000001,0.51,-0.28,0.64
61.57977271080017,0.9,0.1,-73.4,0.49,-0.26,0.64
61.58997130393982,0.9,0.1,-73.9,0.48,-0.24,0.64
61.600515365600586,0.9,-0.0,-73.3,0.5,-0.26,0.64
61.610008239746094,1.0,-0.0,-73.3,0.5,-0.25,0.64
61.61980652809143,1.1,-0.1,-73.0,0.52,-0.25,0.64
61.629843950271606,0.8,-0.1,-73.10000000000001,0.53,-0.26,0.64
61.640427350997925,0.6000000000000001,-0.2,-73.0,0.54,-0.29,0.64
61.6498384475708,0.9,-0.0,-73.10000000000001,0.51,-0.27,0.64
61.66015839576721,0.9,-0.1,-73.2,0.5,-0.26,0.64
61.67037487030029,0.7000000000000001,-0.2,-73.3,0.53,-0.27,0.64
61.68074131011963,0.6000000000000001,-0.1,-73.10000000000001,0.53,-0.29,0.64
61.68985319137573,0.7000000000000001,-0.30000000000000004,-73.3,0.54,-0.28,0.64
61.700796365737915,0.8,-0.2,-73.5,0.52,-0.26,0.64
61.709858417510986,0.8,-0.2,-73.4,0.54,-0.26,0.64
61.71976590156555,1.0,-0.0,-73.2,0.5,-0.26,0.64
61.730504274368286,0.8,-0.0,-73.3,0.51,-0.25,0.64
61.73988103866577,0.7000000000000001,-0.0,-73.60000000000001,0.52,-0.28,0.65
61.74985957145691,0.8,-0.1,-73.7,0.5,-0.27,0.64
61.759767293930054,0.9,-0.1,-73.7,0.51,-0.24,0.64
61.77018761634827,0.9,-0.1,-73.9,0.52,-0.25,0.64
61.78080463409424,1.0,0.1,-73.0,0.51,-0.27,0.64
61.7905957698822,0.8,-0.0,-73.2,0.52,-0.28,0.64
61.80068111419678,0.9,0.2,-73.0,0.48,-0.27,0.64
61.81066966056824,1.1,-0.0,-73.2,0.49,-0.25,0.64
61.81972932815552,1.2000000000000002,-0.0,-73.2,0.5,-0.24,0.64
61.829749584198,1.0,-0.1,-73.10000000000001,0.52,-0.24,0.64
61.84011769294739,0.9,-0.1,-73.0,0.52,-0.25,0.64
61.849902629852295,0.8,-0.2,-73.4,0.53,-0.26,0.64
61.85998225212097,0.9,-0.0,-73.2,0.51,-0.26,0.64
61.870664834976196,0.9,-0.1,-73.3,0.52,-0.26,0.64
61.880810260772705,0.8,-0.1,-73.5,0.52,-0.26,0.64
61.890703201293945,1.0,-0.30000000000000004,-73.4,0.54,-0.27,0.64
61.900925159454346,1.1,-0.2,-73.3,0.54,-0.25,0.64
61.910908937454224,1.0,-0.30000000000000004,-73.3,0.54,-0.26,0.64
61.92059803009033,1.1,-0.1,-73.3,0.52,-0.25,0.64
61.92973780632019,1.1,-0.1,-73.10000000000001,0.51,-0.25,0.64
61.939796924591064,0.8,-0.2,-73.7,0.52,-0.26,0.65
61.949854612350464,0.8,-0.1,-73.60000000000001,0.52,-0.26,0.64
61.9601788520813,1.1,-0.2,-73.0,0.54,-0.25,0.64
61.970972776412964,1.0,-0.30000000000000004,-73.10000000000001,0.54,-0.25,0.64
61.980138540267944,1.0,-0.30000000000000004,-73.10000000000001,0.54,-0.26,0.65
61.99109148979187,0.9,-0.2,-73.3,0.52,-0.25,0.64
62.00000071525574,1.0,-0.1,-73.2,0.53,-0.26,0.64
62.009848833084106,0.9,-0.1,-73.5,0.51,-0.26,0.64
62.02004384994507,0.9,-0.2,-73.0,0.53,-0.27,0.64
62.02981424331665,0.9,-0.1,-73.2,0.53,-0.26,0.64
62.039918184280396,1.1,-0.0,-73.2,0.51,-0.23,0.64
62.04992151260376,1.0,-0.2,-73.4,0.52,-0.23,0.64
62.060588121414185,0.9,-0.1,-73.2,0.52,-0.25,0.65
62.06996774673462,0.8,-0.2,-73.2,0.53,-0.27,0.64
62.079882860183716,0.9,-0.1,-73.4,0.52,-0.25,0.64
62.0906708240509,0.9,-0.2,-73.4,0.52,-0.24,0.64
62.100255727767944,1.1,-0.1,-73.2,0.52,-0.24,0.64
62.109912395477295,0.8,-0.4,-73.4,0.54,-0.26,0.64
62.11969494819641,0.7000000000000001,-0.5,-73.60000000000001,0.56,-0.27,0.64
62.1298828125,0.7000000000000001,-0.30000000000000004,-73.8,0.54,-0.27,0.64
62.13988995552063,1.0,-0.1,-73.0,0.52,-0.25,0.64
62.15000128746033,1.0,-0.2,-73.0,0.52,-0.24,0.64
62.16075348854065,0.9,-0.30000000000000004,-72.7,0.54,-0.26,0.64
62.17046594619751,1.0,-0.2,-73.2,0.54,-0.26,0.64
62.179853200912476,1.2000000000000002,-0.30000000000000004,-73.10000000000001,0.54,-0.23,0.64
62.19023299217224,1.1,-0.30000000000000004,-73.0,0.54,-0.23,0.64
62.2000150680542,1.0,-0.4,-72.9,0.55,-0.25,0.64
62.20989799499512,1.0,-0.30000000000000004,-73.0,0.54,-0.25,0.64
62.21969652175903,1.0,-0.30000000000000004,-73.2,0.53,-0.23,0.63
62.23010587692261,1.0,-0.2,-72.9,0.53,-0.24,0.64
62.24004673957825,1.0,-0.30000000000000004,-73.2,0.54,-0.25,0.64
62.24977898597717,1.1,-0.2,-73.2,0.53,-0.23,0.64
62.26008200645447,1.2000000000000002,-0.2,-73.3,0.52,-0.22,0.64
62.270907402038574,1.2000000000000002,-0.30000000000000004,-73.4,0.53,-0.22,0.65
62.28065061569214,1.3,-0.0,-73.10000000000001,0.52,-0.23,0.64
62.28985929489136,1.2000000000000002,-0.30000000000000004,-73.2,0.53,-0.24,0.64
62.30050706863403,1.0,-0.4,-73.5,0.54,-0.24,0.64
62.31068396568298,1.2000000000000002,-0.4,-73.0,0.55,-0.24,0.64
62.319788694381714,1.2000000000000002,-0.4,-73.0,0.55,-0.23,0.64
62.33000159263611,1.1,-0.4,-72.8,0.55,-0.24,0.64
62.340778827667236,1.0,-0.5,-72.9,0.56,-0.25,0.64
62.3502402305603,1.0,-0.2,-72.9,0.53,-0.25,0.64
62.35978412628174,1.0,-0.4,-73.2,0.53,-0.24,0.64
62.37040638923645,0.9,-0.6000000000000001,-73.10000000000001,0.56,-0.26,0.64
62.379806995391846,1.0,-0.4,-72.9,0.55,-0.25,0.64
62.38985276222229,1.1,-0.30000000000000004,-73.3,0.52,-0.23,0.64
62.399890422821045,0.9,-0.5,-73.10000000000001,0.55,-0.25,0.64
62.41019558906555,0.9,-0.5,-73.2,0.56,-0.26,0.64
62.419904947280884,1.0,-0.2,-73.2,0.54,-0.25,0.63
62.43004894256592,0.9,-0.30000000000000004,-73.10000000000001,0.53,-0.25,0.64
62.43998408317566,1.0,-0.30000000000000004,-73.2,0.53,-0.25,0.64
62.450663805007935,1.0,-0.4,-73.3,0.56,-0.25,0.64
62.45986223220825,1.5,-0.2,-72.9,0.54,-0.22,0.64
62.47000551223755,1.2000000000000002,-0.4,-73.4,0.54,-0.21,0.64
62.47998118400574,1.3,-0.2,-72.60000000000001,0.54,-0.22,0.64
62.49014663696289,1.3,-0.2,-72.9,0.53,-0.23,0.64
62.49994444847107,1.3,-0.2,-72.9,0.52,-0.23,0.64
62.510719537734985,1.3,-0.30000000000000004,-72.7,0.53,-0.23,0.64
62.52096128463745,1.2000000000000002,-0.5,-72.9,0.55,-0.24,0.64
62.52991437911987,1.2000000000000002,-0.5,-72.8,0.56,-0.23,0.64
62.53982877731323,1.2000000000000002,-0.6000000000000001,-73.10000000000001,0.56,-0.22,0.64
62.55012917518616,1.2000000000000002,-0.6000000000000001,-72.9,0.5700000000000001,-0.24,0.64
62.559879541397095,1.2000000000000002,-0.30000000000000004,-73.0,0.53,-0.23,0.64
62.570430755615234,1.2000000000000002,-0.5,-73.10000000000001,0.53,-0.22,0.64
62.58096957206726,1.1,-0.6000000000000001,-73.2,0.56,-0.23,0.64
62.59028244018555,1.1,-0.5,-73.3,0.56,-0.24,0.64
62.599791288375854,1.2000000000000002,-0.5,-73.3,0.54,-0.22,0.64
62.61009860038757,1.3,-0.5,-73.2,0.55,-0.21,0.64
62.61991238594055,1.2000000000000002,-0.5,-73.10000000000001,0.55,-0.23,0.64
62.62978482246399,1.2000000000000002,-0.5,-73.3,0.56,-0.22,0.64
62.63971304893494,1.1,-0.6000000000000001,-73.4,0.56,-0.21,0.64
62.650534868240356,1.1,-0.7000000000000001,-73.7,0.5700000000000001,-0.24,0.65
62.659767150878906,1.3,-0.30000000000000004,-73.0,0.55,-0.22,0.63
62.67022776603699,1.3,-0.4,-72.9,0.54,-0.22,0.64
62.68006992340088,1.2000000000000002,-0.4,-72.8,0.54,-0.24,0.65
62.689876317977905,1.3,-0.30000000000000004,-72.9,0.54,-0.22,0.64
62.70072150230408,1.5,-0.30000000000000004,-73.2,0.53,-0.19,0.64
62.70986008644104,1.4000000000000001,-0.6000000000000001,-72.9,0.55,-0.2,0.64
62.71981358528137,1.3,-0.6000000000000001,-72.7,0.56,-0.23,0.65
62.72972321510315,1.3,-0.4,-73.0,0.54,-0.22,0.64
62.73991060256958,1.3,-0.4,-72.9,0.55,-0.22,0.64
62.75065088272095,1.3,-0.4,-73.0,0.55,-0.23,0.64
62.76046299934387,1.2000000000000002,-0.4,-72.8,0.55,-0.22,0.64
62.76991152763367,1.2000000000000002,-0.5,-72.9,0.55,-0.23,0.65
62.78059458732605,1.2000000000000002,-0.6000000000000001,-72.7,0.55,-0.23,0.64
62.790629386901855,1.3,-0.5,-73.0,0.56,-0.21,0.64
62.799912214279175,1.5,-0.5,-73.2,0.55,-0.21,0.64
62.809887170791626,1.3,-0.6000000000000001,-73.10000000000001,0.56,-0.22,0.64
62.82067561149597,1.3,-0.7000000000000001,-73.3,0.5700000000000001,-0.21,0.64
62.83000111579895,1.4000000000000001,-0.6000000000000001,-72.9,0.56,-0.22,0.64
62.84007906913757,1.4000000000000001,-0.7000000000000001,-73.0,0.5700000000000001,-0.23,0.64
62.85087060928345,1.3,-0.6000000000000001,-72.9,0.5700000000000001,-0.22,0.64
62.85976719856262,1.3,-0.5,-72.9,0.56,-0.22,0.64
62.87003564834595,1.4000000000000001,-0.5,-73.10000000000001,0.55,-0.22,0.64
62.881447076797485,1.3,-0.5,-73.0,0.56,-0.21,0.64
62.88991451263428,1.3,-0.5,-72.5,0.55,-0.22,0.64
62.899832010269165,1.4000000000000001,-0.5,-73.4,0.54,-0.2,0.64
62.90979766845703,1.5,-0.6000000000000001,-73.10000000000001,0.5700000000000001,-0.2,0.64
62.91979718208313,1.4000000000000001,-0.5,-72.9,0.56,-0.21,0.64
62.9296989440918,1.4000000000000001,-0.4,-72.8,0.54,-0.21,0.64
62.93968868255615,1.4000000000000001,-0.7000000000000001,-73.0,0.56,-0.21,0.64
62.95094585418701,1.3,-0.6000000000000001,-72.9,0.5700000000000001,-0.23,0.64
62.96015524864197,1.6,-0.4,-73.0,0.55,-0.22,0.64
62.96996808052063,1.5,-0.6000000000000001,-73.0,0.55,-0.19,0.64
62.98112726211548,1.4000000000000001,-0.8,-73.4,0.5700000000000001,-0.19,0.64
62.99094295501709,1.5,-0.6000000000000001,-72.8,0.56,-0.21,0.65
63.00066685676575,1.7000000000000002,-0.5,-72.8,0.55,-0.19,0.64
63.00985598564148,1.7000000000000002,-0.6000000000000001,-73.0,0.56,-0.19,0.64
63.02066230773926,1.5,-0.6000000000000001,-72.60000000000001,0.56,-0.21,0.65
63.02984285354614,1.5,-0.6000000000000001,-72.7,0.56,-0.2,0.64
63.03977346420288,1.6,-0.5,-72.60000000000001,0.56,-0.2,0.64
63.05048680305481,1.4000000000000001,-0.6000000000000001,-72.8,0.56,-0.21,0.65
63.06036734580994,1.6,-0.6000000000000001,-72.60000000000001,0.56,-0.2,0.65
63.06979990005493,1.7000000000000002,-0.4,-72.8,0.55,-0.18,0.64
63.08101534843445,1.6,-0.7000000000000001,-72.7,0.56,-0.19,0.65
63.09103178977966,1.8,-0.6000000000000001,-73.3,0.5700000000000001,-0.19,0.64
63.10127139091492,1.7000000000000002,-0.6000000000000001,-73.4,0.56,-0.18,0.63
63.11074090003967,1.5,-0.8,-73.5,0.5700000000000001,-0.19,0.64
63.120851039886475,1.4000000000000001,-0.8,-73.10000000000001,0.5700000000000001,-0.21,0.64
63.13070249557495,1.7000000000000002,-0.5,-72.9,0.55,-0.2,0.64
63.14061427116394,1.8,-0.6000000000000001,-73.10000000000001,0.55,-0.18,0.64
63.149805784225464,1.6,-0.7000000000000001,-72.8,0.5700000000000001,-0.2,0.64
63.16058611869812,1.3,-0.8,-73.0,0.5700000000000001,-0.21,0.64
63.169881105422974,1.7000000000000002,-0.7000000000000001,-73.10000000000001,0.56,-0.18,0.64
63.179784297943115,1.6,-0.7000000000000001,-73.3,0.56,-0.18,0.64
63.19059491157532,1.6,-0.7000000000000001,-72.9,0.56,-0.2,0.64
63.19985842704773,1.6,-0.9,-72.9,0.58,-0.2,0.65
63.20978856086731,1.5,-0.6000000000000001,-72.60000000000001,0.5700000000000001,-0.21,0.64
63.220542669296265,1.5,-0.7000000000000001,-72.9,0.5700000000000001,-0.2,0.64
63.22984981536865,1.6,-0.9,-73.0,0.5700000000000001,-0.19,0.64
63.23977780342102,1.5,-0.9,-72.8,0.58,-0.2,0.64
63.249918937683105,1.5,-0.9,-72.9,0.58,-0.21,0.65
63.26049304008484,1.6,-0.6000000000000001,-73.0,0.56,-0.2,0.64
63.269917726516724,1.7000000000000002,-0.6000000000000001,-73.0,0.55,-0.18,0.64
63.279993772506714,1.6,-1.0,-72.8,0.58,-0.19,0.64
63.290308475494385,1.5,-0.8,-73.0,0.59,-0.2,0.64
63.29985570907593,1.5,-0.6000000000000001,-73.0,0.56,-0.2,0.64
63.30981183052063,1.7000000000000002,-0.30000000000000004,-73.0,0.52,-0.17,0.65
63.31971454620361,1.7000000000000002,-0.7000000000000001,-73.2,0.54,-0.17,0.64
63.330617904663086,1.6,-0.8,-73.0,0.5700000000000001,-0.19,0.64
63.33985185623169,1.6,-0.7000000000000001,-72.9,0.5700000000000001,-0.2,0.64
63.349987506866455,1.4000000000000001,-0.9,-73.2,0.58,-0.21,0.65
63.3605318069458,1.8,-0.7000000000000001,-72.8,0.58,-0.18,0.64
63.36980605125427,1.8,-0.8,-72.7,0.59,-0.17,0.64
63.37998175621033,1.8,-0.8,-72.8,0.5700000000000001,-0.16,0.64
63.390448331832886,1.8,-0.8,-72.9,0.58,-0.18,0.64
63.40014410018921,1.8,-0.6000000000000001,-72.7,0.56,-0.19,0.64
63.40989851951599,1.9000000000000001,-0.5,-72.60000000000001,0.55,-0.18,0.64
63.42068338394165,1.8,-0.7000000000000001,-72.7,0.5700000000000001,-0.17,0.64
63.43039655685425,1.5,-0.9,-72.9,0.58,-0.19,0.64
63.4406898021698,1.6,-0.7000000000000001,-72.60000000000001,0.58,-0.19,0.64
63.44964623451233,1.7000000000000002,-0.8,-72.9,0.58,-0.18,0.64
63.45983171463013,1.8,-0.8,-72.9,0.5700000000000001,-0.18,0.64
63.47004961967468,1.9000000000000001,-0.7000000000000001,-72.9,0.56,-0.15,0.64
63.48081946372986,1.8,-0.6000000000000001,-73.0,0.55,-0.16,0.63
63.49091172218323,1.6,-0.8,-73.0,0.5700000000000001,-0.2,0.64
63.50062274932861,1.8,-0.8,-73.10000000000001,0.58,-0.2,0.64
63.5099561214447,1.8,-0.8,-73.0,0.58,-0.17,0.64
63.51988935470581,1.7000000000000002,-0.9,-73.5,0.5700000000000001,-0.17,0.64
63.530044078826904,1.7000000000000002,-0.9,-73.5,0.5700000000000001,-0.17,0.64
63.540053367614746,1.7000000000000002,-1.0,-72.7,0.6,-0.18,0.64
63.55003046989441,1.7000000000000002,-1.0,-72.8,0.59,-0.19,0.64
63.560771226882935,1.8,-0.9,-72.7,0.59,-0.18,0.64
63.570767641067505,2.0,-0.7000000000000001,-72.60000000000001,0.5700000000000001,-0.16,0.64
63.58025121688843,1.9000000000000001,-0.7000000000000001,-72.9,0.56,-0.16,0.64
63.58982443809509,1.7000000000000002,-0.9,-72.8,0.59,-0.18,0.64
63.60018062591553,1.7000000000000002,-0.9,-72.7,0.59,-0.18,0.64
63.6100869178772,1.8,-0.9,-72.8,0.59,-0.18,0.64
63.61975073814392,1.8,-1.0,-72.8,0.59,-0.18,0.64
63.630629777908325,1.8,-1.1,-73.0,0.6,-0.17,0.64
63.63994026184082,1.8,-0.9,-72.9,0.59,-0.16,0.65
63.65019464492798,1.7000000000000002,-0.7000000000000001,-72.9,0.56,-0.18,0.64
63.660301208496094,1.8,-0.7000000000000001,-73.2,0.5700000000000001,-0.18,0.64
63.670737504959106,2.0,-0.7000000000000001,-73.3,0.5700000000000001,-0.16,0.64
63.67974781990051,2.1,-0.8,-73.0,0.58,-0.14,0.64
63.69038963317871,1.7000000000000002,-1.2000000000000002,-73.0,0.59,-0.17,0.64
63.70090126991272,1.9000000000000001,-0.8,-73.0,0.59,-0.17,0.64
63.71091151237488,2.1,-0.5,-72.9,0.56,-0.15,0.64
63.71983766555786,2.1,-0.8,-73.0,0.56,-0.14,0.64
63.73023080825806,1.9000000000000001,-1.1,-72.7,0.61,-0.17,0.65
63.74021553993225,1.5,-1.1,-72.5,0.61,-0.19,0.64
63.75073289871216,1.6,-1.0,-72.7,0.6,-0.2,0.64
63.76017475128174,1.8,-1.0,-72.8,0.59,-0.19,0.64
63.770280838012695,1.9000000000000001,-1.1,-72.60000000000001,0.6,-0.17,0.64
63.779868364334106,2.1,-0.7000000000000001,-72.5,0.5700000000000001,-0.15,0.64
63.790011405944824,2.0,-0.8,-72.8,0.5700000000000001,-0.15,0.64
63.799882888793945,1.9000000000000001,-1.0,-72.9,0.59,-0.17,0.64
63.81004047393799,1.9000000000000001,-1.1,-73.10000000000001,0.6,-0.17,0.64
63.81978893280029,1.9000000000000001,-1.0,-72.8,0.6,-0.16,0.64
63.83058452606201,1.9000000000000001,-1.0,-73.0,0.59,-0.16,0.64
63.83980464935303,2.0,-0.9,-73.10000000000001,0.5700000000000001,-0.15,0.64
63.85002684593201,2.0,-0.9,-73.4,0.5700000000000001,-0.15,0.64
63.859745264053345,1.9000000000000001,-1.0,-73.3,0.59,-0.16,0.64
63.87025260925293,2.0,-0.9,-73.2,0.58,-0.15,0.64
63.87981843948364,2.1,-0.8,-73.2,0.5700000000000001,-0.14,0.64
63.88980984687805,2.1,-0.9,-72.9,0.59,-0.14,0.64
63.90014982223511,2.2,-0.9,-72.8,0.59,-0.14,0.64
63.91055965423584,2.3000000000000003,-0.9,-72.60000000000001,0.59,-0.14,0.64
63.91972255706787,2.1,-0.9,-72.8,0.59,-0.15,0.64
63.93043351173401,1.9000000000000001,-1.2000000000000002,-72.8,0.61,-0.15,0.64
63.93984317779541,2.0,-1.2000000000000002,-72.9,0.61,-0.16,0.64
63.950119972229004,2.0,-1.1,-72.9,0.6,-0.15,0.63
63.959813594818115,2.1,-1.2000000000000002,-72.8,0.6,-0.15,0.64
63.97016215324402,2.1,-1.1,-72.9,0.6,-0.14,0.64
63.98040246963501,2.0,-1.1,-72.7,0.6,-0.16,0.64
63.98993992805481,2.0,-1.1,-72.8,0.59,-0.16,0.64
64.00076794624329,2.0,-1.0,-72.8,0.58,-0.16,0.64
64.01056265830994,2.2,-1.0,-73.10000000000001,0.59,-0.14,0.64
64.02088594436646,2.2,-0.8,-72.7,0.58,-0.13,0.64
64.03072762489319,2.1,-1.2000000000000002,-73.10000000000001,0.6,-0.15,0.64
64.03971529006958,2.0,-0.9,-72.7,0.6,-0.17,0.64
64.05011177062988,1.9000000000000001,-1.0,-73.4,0.59,-0.16,0.64
64.05981469154358,2.3000000000000003,-1.1,-72.8,0.6,-0.12,0.64
64.0700752735138,2.2,-0.9,-72.60000000000001,0.58,-0.13,0.64
64.08034014701843,2.0,-0.9,-72.60000000000001,0.58,-0.16,0.64
64.09040307998657,2.2,-0.9,-73.0,0.58,-0.15,0.64
64.1000566482544,2.3000000000000003,-0.9,-73.0,0.58,-0.13,0.64
64.1100172996521,2.3000000000000003,-1.0,-72.8,0.6,-0.13,0.64
64.12027621269226,2.3000000000000003,-1.1,-72.8,0.61,-0.13,0.64
64.12981057167053,2.2,-1.2000000000000002,-72.60000000000001,0.62,-0.14,0.64
64.1397614479065,2.1,-1.2000000000000002,-72.7,0.61,-0.15,0.64
64.1499252319336,2.1,-1.2000000000000002,-72.7,0.61,-0.15,0.64
64.16014170646667,2.2,-1.3,-73.0,0.62,-0.14,0.64
64.16987180709839,2.1,-1.1,-72.7,0.6,-0.15,0.64
64.18002843856812,2.0,-1.2000000000000002,-72.7,0.61,-0.15,0.64
64.19031810760498,2.2,-1.1,-72.9,0.6,-0.13,0.64
64.20018076896667,2.4000000000000004,-0.9,-73.10000000000001,0.5700000000000001,-0.12,0.63
64.20994305610657,2.3000000000000003,-1.0,-73.2,0.58,-0.13,0.64
64.21992444992065,2.5,-1.1,-72.9,0.6,-0.11,0.64
64.2300477027893,2.3000000000000003,-1.1,-73.10000000000001,0.6,-0.12,0.64
64.23986434936523,2.3000000000000003,-1.1,-72.8,0.61,-0.14,0.64
64.24979567527771,2.4000000000000004,-1.1,-73.0,0.6,-0.13,0.64
64.26007628440857,2.6,-1.0,-72.9,0.59,-0.1,0.64
64.269944190979,2.5,-0.8,-72.8,0.58,-0.1,0.64
64.28024077415466,2.3000000000000003,-1.0,-72.8,0.59,-0.13,0.64
64.29004192352295,2.3000000000000003,-1.1,-72.7,0.61,-0.13,0.64
64.3010847568512,2.4000000000000004,-1.1,-72.9,0.61,-0.13,0.64
64.30980896949768,2.4000000000000004,-1.1,-72.8,0.61,-0.12,0.64
64.31971287727356,2.5,-1.0,-72.7,0.59,-0.11,0.64
64.33004927635193,2.4000000000000004,-1.2000000000000002,-72.7,0.6,-0.11,0.64
64.33982586860657,2.3000000000000003,-1.3,-72.3,0.62,-0.13,0.64
64.34984731674194,2.2,-1.1,-73.0,0.61,-0.14,0.63
64.3598849773407,2.3000000000000003,-1.3,-73.10000000000001,0.62,-0.13,0.64
64.37095594406128,2.4000000000000004,-1.1,-72.8,0.6,-0.11,0.63
64.37975764274597,2.5,-1.3,-73.0,0.61,-0.1,0.64
64.39000391960144,2.5,-1.2000000000000002,-73.0,0.6,-0.11,0.63
64.40075016021729,2.4000000000000004,-1.3,-73.10000000000001,0.63,-0.12,0.64
64.41078495979309,2.4000000000000004,-1.1,-73.0,0.6,-0.12,0.64
64.4206268787384,2.4000000000000004,-1.2000000000000002,-72.8,0.6,-0.13,0.64
64.43075227737427,2.5,-1.1,-72.5,0.61,-0.12,0.64
64.44012093544006,2.6,-1.1,-72.8,0.6,-0.11,0.64
64.44977641105652,2.6,-0.9,-72.7,0.58,-0.1,0.64
64.46031665802002,2.5,-1.0,-72.7,0.6,-0.11,0.64
64.47034502029419,2.6,-1.0,-72.8,0.6,-0.1,0.64
64.48132872581482,2.5,-1.2000000000000002,-72.7,0.61,-0.1,0.64
64.49004006385803,2.4000000000000004,-1.3,-72.9,0.62,-0.12,0.64
64.5007073879242,2.4000000000000004,-1.0,-72.60000000000001,0.59,-0.12,0.65
64.50989270210266,2.5,-1.2000000000000002,-73.10000000000001,0.6,-0.13,0.63
64.51981520652771,2.5,-1.2000000000000002,-73.0,0.61,-0.11,0.64
64.5298399925232,2.5,-1.3,-72.60000000000001,0.62,-0.09,0.64
64.53992509841919,2.4000000000000004,-1.5,-72.60000000000001,0.64,-0.11,0.64
64.54978132247925,2.4000000000000004,-1.1,-72.60000000000001,0.61,-0.13,0.63
64.56035304069519,2.5,-1.1,-73.0,0.6,-0.11,0.64
64.57105231285095,2.9000000000000004,-1.2000000000000002,-73.2,0.59,-0.07,0.64
64.57995104789734,2.5,-1.5,-72.60000000000001,0.63,-0.11,0.64
64.58990120887756,2.4000000000000004,-1.4000000000000001,-73.10000000000001,0.63,-0.12,0.64
64.5998694896698,2.7,-1.4000000000000001,-73.0,0.62,-0.1,0.64
64.61039328575134,2.8000000000000003,-1.2000000000000002,-72.7,0.6,-0.08,0.64
64.61977791786194,2.8000000000000003,-1.4000000000000001,-72.8,0.62,-0.08,0.64
64.62999749183655,2.6,-1.4000000000000001,-73.0,0.62,-0.1,0.64
64.6410973072052,2.5,-1.3,-72.5,0.61,-0.12,0.65
64.65051579475403,2.6,-0.9,-72.60000000000001,0.59,-0.11,0.63
64.65973830223083,2.7,-0.9,-72.9,0.56,-0.1,0.64
64.67076826095581,2.9000000000000004,-1.3,-73.10000000000001,0.61,-0.07,0.64
64.6806263923645,2.9000000000000004,-1.0,-72.7,0.59,-0.07,0.64
64.68997979164124,2.7,-1.0,-73.0,0.59,-0.08,0.63
64.69981741905212,2.5,-1.1,-72.7,0.61,-0.11,0.64
64.71003007888794,2.5,-1.2000000000000002,-72.8,0.61,-0.11,0.64
64.7198052406311,2.7,-1.0,-73.2,0.59,-0.08,0.64
64.73005390167236,2.8000000000000003,-0.9,-73.0,0.58,-0.06,0.63
64.74077939987183,2.7,-1.3,-73.10000000000001,0.6,-0.08,0.65
64.75042176246643,2.6,-1.3,-72.9,0.62,-0.1,0.64
64.760005235672,2.5,-1.3,-72.9,0.61,-0.13,0.64
64.77017259597778,2.6,-1.4000000000000001,-72.8,0.62,-0.11,0.64
64.78018188476562,2.9000000000000004,-1.3,-72.8,0.61,-0.08,0.64
64.79053688049316,3.1,-1.3,-72.5,0.62,-0.06,0.64
64.80003499984741,2.9000000000000004,-1.5,-72.7,0.63,-0.07,0.64
64.81029391288757,2.7,-1.4000000000000001,-72.8,0.62,-0.09,0.64
64.8203854560852,2.7,-1.3,-72.8,0.61,-0.09,0.64
64.83048462867737,2.8000000000000003,-1.2000000000000002,-72.7,0.59,-0.08,0.64
64.84055709838867,2.8000000000000003,-1.3,-72.7,0.6,-0.08,0.64
64.85006713867188,2.9000000000000004,-1.3,-72.8,0.61,-0.07,0.64
64.86004519462585,2.9000000000000004,-1.3,-72.7,0.61,-0.07,0.64
64.8700749874115,3.0,-1.1,-72.7,0.6,-0.06,0.63
64.88017058372498,3.0,-1.4000000000000001,-72.8,0.62,-0.07,0.64
64.89011406898499,2.9000000000000004,-1.5,-72.60000000000001,0.63,-0.07,0.64
64.89982199668884,2.9000000000000004,-1.4000000000000001,-72.8,0.63,-0.07,0.64
64.91034841537476,3.0,-1.3,-73.10000000000001,0.62,-0.06,0.63
64.92013478279114,3.1,-1.2000000000000002,-72.8,0.61,-0.05,0.64
64.93025279045105,3.0,-1.3,-72.9,0.61,-0.06,0.64
64.94014811515808,2.8000000000000003,-1.3,-72.8,0.62,-0.09,0.65
64.95002913475037,2.8000000000000003,-1.3,-72.9,0.61,-0.08,0.64
64.95978665351868,2.9000000000000004,-1.4000000000000001,-72.9,0.61,-0.07,0.64
64.97005724906921,2.9000000000000004,-1.4000000000000001,-72.60000000000001,0.62,-0.07,0.64
64.9808657169342,2.9000000000000004,-1.2000000000000002,-72.7,0.61,-0.08,0.64
64.99068665504456,2.9000000000000004,-1.2000000000000002,-72.8,0.6,-0.08,0.64
64.99979209899902,2.9000000000000004,-1.4000000000000001,-72.7,0.62,-0.07,0.64
65.01038908958435,2.9000000000000004,-1.5,-72.7,0.62,-0.07,0.64
65.01982402801514,3.0,-1.4000000000000001,-72.7,0.62,-0.07,0.64
65.02990365028381,3.0,-1.3,-72.8,0.62,-0.07,0.63
65.03986692428589,2.9000000000000004,-1.7000000000000002,-72.9,0.66,-0.07,0.63
65.05104994773865,2.8000000000000003,-1.6,-72.60000000000001,0.66,-0.08,0.64
65.05987596511841,2.9000000000000004,-1.3,-72.9,0.63,-0.07,0.64
65.06990504264832,2.9000000000000004,-1.3,-72.9,0.61,-0.08,0.63
65.08054733276367,3.0,-1.2000000000000002,-72.8,0.61,-0.07,0.64
65.08996105194092,3.2,-1.2000000000000002,-72.8,0.61,-0.05,0.64
65.1007719039917,3.1,-1.2000000000000002,-73.0,0.6,-0.05,0.63
65.11068320274353,3.2,-1.1,-72.7,0.61,-0.03,0.64
65.120769739151,3.3000000000000003,-1.1,-72.7,0.61,-0.04,0.64
65.1306381225586,3.3000000000000003,-1.1,-72.7,0.6,-0.05,0.64
65.13977098464966,3.2,-1.3,-72.9,0.61,-0.04,0.64
65.15023493766785,3.1,-1.3,-72.60000000000001,0.62,-0.04,0.64
65.15980076789856,3.2,-1.0,-72.8,0.58,-0.05,0.65
65.16999387741089,3.0,-1.2000000000000002,-72.8,0.59,-0.05,0.63
65.1810188293457,3.1,-1.4000000000000001,-72.60000000000001,0.63,-0.06,0.64
65.18984389305115,3.0,-1.4000000000000001,-72.4,0.63,-0.06,0.64
65.1999158859253,3.0,-1.5,-72.8,0.63,-0.07,0.64
65.21010375022888,3.3000000000000003,-1.3,-72.7,0.61,-0.04,0.64
65.22010397911072,3.3000000000000003,-1.3,-72.9,0.62,-0.03,0.64
65.22997498512268,3.1,-1.3,-73.10000000000001,0.6,-0.04,0.64
65.23972678184509,3.0,-1.5,-73.10000000000001,0.62,-0.06,0.64
65.25086736679077,3.1,-1.3,-72.9,0.63,-0.05,0.64
65.25976252555847,3.1,-1.4000000000000001,-73.0,0.63,-0.06,0.64
65.26974964141846,2.9000000000000004,-1.3,-73.0,0.61,-0.07,0.64
65.28019332885742,3.1,-1.4000000000000001,-72.8,0.63,-0.06,0.65
65.29026961326599,3.4000000000000004,-1.3,-72.8,0.62,-0.02,0.63
65.2999222278595,3.3000000000000003,-1.4000000000000001,-73.10000000000001,0.63,-0.03,0.64
65.30982065200806,3.1,-1.5,-72.8,0.64,-0.06,0.65
65.32011795043945,3.2,-1.3,-72.8,0.63,-0.05,0.64
65.32984280586243,3.3000000000000003,-1.3,-72.8,0.6,-0.04,0.64
65.33969712257385,3.3000000000000003,-1.1,-72.9,0.59,-0.03,0.64
65.35072445869446,3.1,-1.4000000000000001,-72.8,0.62,-0.04,0.64
65.3600914478302,3.0,-1.5,-72.5,0.64,-0.07,0.63
65.3698468208313,3.1,-1.4000000000000001,-72.60000000000001,0.63,-0.06,0.64
65.38110375404358,3.4000000000000004,-1.2000000000000002,-72.9,0.61,-0.02,0.64
65.39083957672119,3.4000000000000004,-1.3,-72.8,0.62,-0.02,0.64
65.39973497390747,3.3000000000000003,-1.4000000000000001,-72.60000000000001,0.62,-0.03,0.64
65.40975284576416,3.2,-1.6,-72.5,0.65,-0.06,0.64
65.42066025733948,3.3000000000000003,-1.3,-73.0,0.63,-0.03,0.63
65.42986917495728,3.5,-1.2000000000000002,-73.0,0.62,-0.01,0.64
65.4397349357605,3.4000000000000004,-1.4000000000000001,-72.8,0.61,-0.01,0.63
65.4505078792572,3.4000000000000004,-1.6,-72.8,0.64,-0.01,0.65
65.46050238609314,3.2,-1.2000000000000002,-72.4,0.61,-0.04,0.64
65.46986103057861,3.2,-1.3,-72.9,0.62,-0.05,0.64
65.48033785820007,3.2,-1.4000000000000001,-72.9,0.62,-0.05,0.64
65.4902753829956,3.4000000000000004,-1.6,-72.8,0.63,-0.02,0.64
65.49982452392578,3.4000000000000004,-1.3,-72.4,0.62,-0.03,0.63
65.50979614257812,3.2,-1.4000000000000001,-72.60000000000001,0.62,-0.04,0.64
65.51984071731567,3.4000000000000004,-1.4000000000000001,-72.9,0.63,-0.02,0.64
65.52987337112427,3.6,-1.3,-72.5,0.62,-0.02,0.64
65.53980660438538,3.4000000000000004,-1.4000000000000001,-72.60000000000001,0.62,-0.02,0.64
65.55091524124146,3.3000000000000003,-1.6,-72.8,0.64,-0.03,0.64
65.56109762191772,3.3000000000000003,-1.5,-72.8,0.64,-0.04,0.64
65.56985998153687,3.4000000000000004,-1.1,-73.3,0.6,-0.04,0.64
65.57986092567444,3.4000000000000004,-1.2000000000000002,-73.0,0.5700000000000001,-0.03,0.64
65.59040570259094,3.5,-1.6,-73.2,0.63,-0.01,0.64
65.60076022148132,3.5,-1.5,-72.7,0.64,-0.02,0.63
65.61066150665283,3.4000000000000004,-1.4000000000000001,-73.10000000000001,0.62,-0.02,0.63
65.62081956863403,3.6,-1.5,-73.0,0.63,-0.02,0.65
65.6307213306427,3.5,-1.1,-72.8,0.6,-0.01,0.64
65.64071822166443,3.5,-1.1,-72.9,0.6,-0.01,0.64
65.64988541603088,3.6,-1.2000000000000002,-72.9,0.6,-0.0,0.63
65.66035270690918,3.5,-1.4000000000000001,-73.10000000000001,0.61,-0.01,0.63
65.66973900794983,3.4000000000000004,-1.5,-72.60000000000001,0.64,-0.02,0.64
65.67985963821411,3.4000000000000004,-1.6,-72.9,0.64,-0.03,0.64
65.68986439704895,3.5,-1.5,-72.7,0.64,-0.02,0.64
65.70057368278503,3.7,-1.3,-72.5,0.62,-0.0,0.64
65.7098503112793,3.7,-1.3,-72.9,0.6,-0.0,0.64
65.72037291526794,3.6,-1.5,-72.8,0.63,-0.01,0.64
65.73032832145691,3.6,-1.4000000000000001,-72.60000000000001,0.64,-0.02,0.64
65.740234375,3.5,-1.5,-72.8,0.64,-0.01,0.63
65.75003862380981,3.5,-1.6,-72.8,0.64,-0.01,0.64
65.76087737083435,3.6,-1.6,-72.9,0.64,-0.01,0.64
65.77005434036255,3.7,-1.4000000000000001,-73.0,0.62,-0.0,0.64
65.77997660636902,3.6,-1.5,-73.0,0.62,-0.0,0.64
65.79024815559387,3.5,-1.6,-72.9,0.63,-0.0,0.64
65.80069327354431,3.4000000000000004,-1.5,-72.9,0.63,-0.01,0.64
65.80992865562439,3.3000000000000003,-1.5,-73.2,0.63,-0.04,0.64
65.81981492042542,3.5,-1.5,-73.0,0.63,-0.03,0.63
65.83076119422913,3.7,-1.4000000000000001,-73.2,0.61,-0.0,0.64
65.8397467136383,3.8000000000000003,-1.4000000000000001,-72.7,0.62,0.01,0.64
65.84974002838135,3.5,-1.4000000000000001,-73.0,0.63,-0.02,0.63
65.8600115776062,3.6,-1.3,-72.7,0.63,-0.01,0.64
65.87122225761414,3.8000000000000003,-0.9,-72.7,0.59,0.01,0.64
65.88022923469543,3.7,-1.2000000000000002,-72.8,0.59,0.01,0.64
65.88998317718506,3.5,-1.7000000000000002,-73.0,0.65,-0.02,0.64
65.90076208114624,3.5,-1.3,-72.4,0.64,-0.03,0.64
65.90989518165588,3.7,-1.3,-72.9,0.61,-0.0,0.64
65.92067193984985,3.8000000000000003,-1.3,-72.9,0.6,0.01,0.63
65.93003916740417,3.8000000000000003,-1.7000000000000002,-73.0,0.64,-0.0,0.64
65.93987655639648,3.7,-1.3,-72.60000000000001,0.63,-0.0,0.63
65.94978475570679,3.7,-1.4000000000000001,-72.7,0.63,-0.0,0.64
65.96004676818848,3.6,-1.6,-73.0,0.63,-0.0,0.64
65.97023391723633,3.6,-1.5,-72.9,0.63,-0.01,0.64
65.98004007339478,3.7,-1.6,-72.9,0.64,-0.0,0.64
65.98997449874878,3.6,-1.7000000000000002,-72.9,0.65,-0.01,0.64
65.99986982345581,3.6,-1.8,-72.9,0.65,-0.0,0.64
66.01055407524109,3.7,-1.7000000000000002,-73.2,0.64,-0.0,0.63
66.02014565467834,3.9000000000000004,-1.6,-72.7,0.64,-0.0,0.63
66.03068137168884,3.8000000000000003,-1.5,-72.5,0.64,-0.0,0.64
66.03973293304443,3.9000000000000004,-1.5,-72.7,0.64,0.01,0.64
66.05008959770203,3.9000000000000004,-0.9,-72.60000000000001,0.58,0.01,0.64
66.06028652191162,4.0,-1.2000000000000002,-72.9,0.59,0.02,0.64
66.06990003585815,4.0,-1.4000000000000001,-72.8,0.62,0.03,0.63
66.08006477355957,3.9000000000000004,-1.5,-72.8,0.64,0.01,0.64
66.08998703956604,3.8000000000000003,-1.4000000000000001,-72.5,0.64,0.01,0.64
66.09979033470154,3.8000000000000003,-1.2000000000000002,-72.7,0.61,0.01,0.63
66.1105387210846,4.0,-1.3,-72.8,0.6,0.02,0.64
66.11978006362915,4.0,-1.3,-72.60000000000001,0.62,0.03,0.63
66.12995862960815,3.8000000000000003,-1.4000000000000001,-72.60000000000001,0.62,0.01,0.63
66.13974595069885,3.9000000000000004,-1.4000000000000001,-72.8,0.63,0.01,0.64
66.15105986595154,4.0,-1.5,-73.0,0.63,0.02,0.63
66.16065716743469,3.8000000000000003,-1.7000000000000002,-72.8,0.64,0.01,0.64
66.16982841491699,3.7,-1.7000000000000002,-73.10000000000001,0.65,-0.0,0.64
66.18037533760071,3.7,-1.6,-73.3,0.63,-0.0,0.63
66.19028735160828,3.9000000000000004,-1.6,-72.8,0.64,0.02,0.64
66.19982314109802,3.9000000000000004,-1.6,-72.60000000000001,0.65,0.01,0.63
66.2098217010498,3.8000000000000003,-1.6,-72.9,0.64,0.01,0.64
66.2199022769928,3.9000000000000004,-1.8,-72.8,0.65,0.01,0.64
66.22991943359375,3.8000000000000003,-1.3,-72.8,0.62,0.01,0.64
66.23975586891174,3.8000000000000003,-1.8,-72.8,0.65,-0.01,0.64
66.2503273487091,3.9000000000000004,-1.6,-72.7,0.65,0.01,0.63
66.26107168197632,4.0,-1.1,-72.8,0.58,0.03,0.65
66.26983046531677,3.9000000000000004,-1.4000000000000001,-72.7,0.62,0.02,0.63
66.27987813949585,3.9000000000000004,-1.2000000000000002,-72.60000000000001,0.63,-0.0,0.63
66.29085612297058,3.9000000000000004,-1.3,-72.8,0.61,0.02,0.64
66.30067849159241,4.0,-1.1,-72.9,0.6,0.03,0.64
66.30980587005615,4.0,-1.5,-73.0,0.63,0.02,0.64
66.319828748703,4.0,-1.4000000000000001,-72.7,0.64,0.02,0.64
66.33023929595947,4.1000000000000005,-1.3,-72.9,0.61,0.04,0.64
66.33993101119995,4.2,-1.1,-72.8,0.6,0.05,0.63
66.35030770301819,4.2,-1.3,-73.10000000000001,0.61,0.04,0.63
66.3603835105896,4.2,-1.4000000000000001,-72.5,0.63,0.05,0.65
66.36983919143677,4.0,-1.3,-72.60000000000001,0.63,0.03,0.64
66.3800036907196,4.0,-1.3,-72.7,0.62,0.02,0.64
66.39042592048645,4.1000000000000005,-1.4000000000000001,-72.8,0.62,0.04,0.64
66.39994740486145,4.2,-1.6,-72.5,0.65,0.04,0.64
66.40991401672363,3.9000000000000004,-1.8,-72.5,0.67,0.02,0.63
66.41968846321106,4.0,-1.9000000000000001,-72.7,0.68,0.02,0.64
66.43084192276001,4.2,-1.5,-72.60000000000001,0.64,0.04,0.64
66.4397201538086,4.2,-1.5,-72.8,0.62,0.05,0.64
66.44993448257446,4.0,-2.0,-72.7,0.67,0.03,0.63
66.46106553077698,4.0,-1.8,-72.7,0.68,0.01,0.64
66.47003531455994,4.1000000000000005,-1.5,-73.0,0.65,0.03,0.64
66.48014974594116,4.2,-1.3,-73.0,0.6,0.04,0.64
66.48992133140564,4.2,-1.4000000000000001,-72.9,0.6,0.04,0.64
66.50071430206299,4.2,-1.2000000000000002,-72.8,0.61,0.04,0.64
66.510089635849,4.3,-1.3,-72.9,0.62,0.05,0.64
66.51983642578125,4.2,-1.4000000000000001,-72.8,0.63,0.04,0.64
66.53029942512512,4.0,-1.5,-73.0,0.64,0.02,0.64
66.54001450538635,4.1000000000000005,-1.2000000000000002,-72.7,0.62,0.03,0.64
66.54978322982788,4.1000000000000005,-1.3,-72.8,0.61,0.04,0.64
66.56050872802734,4.2,-1.4000000000000001,-72.8,0.62,0.05,0.64
66.57061386108398,4.2,-1.4000000000000001,-72.8,0.61,0.05,0.64
66.5799572467804,4.1000000000000005,-1.9000000000000001,-72.8,0.67,0.03,0.63
66.5898003578186,4.0,-1.6,-72.5,0.66,0.02,0.63
66.59995198249817,4.2,-1.3,-72.7,0.62,0.05,0.65
66.61009883880615,4.3,-0.9,-72.7,0.55,0.05,0.64
66.61976766586304,4.4,-1.5,-72.8,0.62,0.06,0.63
66.63007950782776,4.2,-1.6,-72.60000000000001,0.65,0.04,0.64
66.6399838924408,4.0,-1.3,-72.8,0.61,0.03,0.65
66.64973306655884,4.2,-1.8,-72.8,0.65,0.04,0.63
66.65978217124939,4.4,-1.5,-72.8,0.64,0.06,0.63
66.67096304893494,4.4,-1.2000000000000002,-72.7,0.6,0.07,0.65
66.67988348007202,4.4,-1.5,-73.0,0.62,0.06,0.63
66.69007110595703,4.4,-1.8,-72.9,0.66,0.05,0.63
66.70052814483643,4.3,-1.8,-72.9,0.66,0.05,0.64
66.71092128753662,4.3,-1.3,-72.7,0.62,0.05,0.64
66.71972799301147,4.4,-1.2000000000000002,-72.7,0.6,0.05,0.63
66.7299497127533,4.4,-1.4000000000000001,-72.60000000000001,0.62,0.06,0.64
66.73999691009521,4.5,-1.1,-72.8,0.59,0.07,0.65
66.7498254776001,4.5,-1.7000000000000002,-72.9,0.65,0.08,0.63
66.75992155075073,4.4,-1.7000000000000002,-72.8,0.66,0.06,0.63
66.77057337760925,4.3,-1.6,-72.60000000000001,0.64,0.05,0.65
66.78070855140686,4.4,-1.5,-72.8,0.63,0.05,0.63
66.78984665870667,4.3,-1.5,-72.7,0.63,0.05,0.63
66.80078935623169,4.3,-1.4000000000000001,-72.8,0.62,0.06,0.64
66.81089544296265,4.4,-1.2000000000000002,-72.7,0.6,0.06,0.64
66.82068467140198,4.4,-1.6,-72.8,0.65,0.07,0.62
66.83073544502258,4.4,-1.7000000000000002,-72.7,0.66,0.06,0.63
66.8407244682312,4.4,-1.2000000000000002,-73.0,0.61,0.06,0.65
66.84978723526001,4.4,-1.0,-72.7,0.58,0.06,0.64
66.85975551605225,4.4,-1.1,-72.9,0.59,0.07,0.63
66.87115859985352,4.5,-1.2000000000000002,-72.8,0.59,0.07,0.64
66.88033866882324,4.5,-1.7000000000000002,-72.8,0.66,0.06,0.64
66.8898503780365,4.3,-1.8,-73.0,0.67,0.05,0.63
66.90066051483154,4.5,-1.6,-72.60000000000001,0.66,0.05,0.64
66.90991592407227,4.5,-1.0,-73.0,0.5700000000000001,0.08,0.65
66.91976952552795,4.5,-1.4000000000000001,-72.60000000000001,0.61,0.08,0.63
66.9298141002655,4.5,-1.6,-72.7,0.65,0.07,0.64
66.94034457206726,4.4,-1.4000000000000001,-72.7,0.62,0.05,0.65
66.94982314109802,4.4,-1.6,-72.9,0.64,0.06,0.63
66.96004891395569,4.4,-1.6,-72.60000000000001,0.65,0.06,0.63
66.97060680389404,4.5,-1.2000000000000002,-72.60000000000001,0.61,0.07,0.64
66.98077178001404,4.4,-1.5,-72.7,0.63,0.06,0.64
66.99061369895935,4.5,-1.4000000000000001,-72.9,0.62,0.06,0.63
67.00050139427185,4.6000000000000005,-1.3,-72.60000000000001,0.62,0.08,0.64
67.01058220863342,4.6000000000000005,-1.4000000000000001,-72.9,0.62,0.09,0.64
67.01985311508179,4.5,-1.6,-72.9,0.65,0.07,0.64
67.02988338470459,4.4,-1.5,-72.8,0.63,0.07,0.63
67.04014992713928,4.6000000000000005,-1.6,-73.0,0.63,0.08,0.64
67.04988551139832,4.7,-1.4000000000000001,-72.8,0.63,0.09,0.64
67.06005334854126,4.6000000000000005,-1.4000000000000001,-72.9,0.62,0.09,0.64
67.07047724723816,4.7,-1.2000000000000002,-72.4,0.62,0.08,0.64
67.08076906204224,4.7,-1.3,-72.7,0.62,0.08,0.64
67.09058022499084,4.6000000000000005,-1.3,-72.7,0.62,0.07,0.64
67.10060739517212,4.6000000000000005,-1.4000000000000001,-72.7,0.63,0.08,0.64
67.11060905456543,4.6000000000000005,-1.4000000000000001,-72.4,0.65,0.08,0.64
67.11976885795593,4.6000000000000005,-1.3,-72.7,0.62,0.08,0.64
67.12989234924316,4.7,-1.4000000000000001,-72.8,0.62,0.09,0.64
67.1403603553772,4.7,-1.2000000000000002,-72.7,0.61,0.1,0.64
67.1501693725586,4.7,-1.5,-72.8,0.62,0.09,0.64
67.1599588394165,4.5,-1.7000000000000002,-72.8,0.66,0.07,0.63
67.17001605033875,4.5,-1.6,-72.7,0.65,0.06,0.64
67.18002200126648,4.5,-1.1,-72.9,0.59,0.07,0.64
67.1903338432312,4.800000000000001,-1.3,-72.9,0.6,0.1,0.63
67.1998085975647,4.800000000000001,-1.5,-72.7,0.63,0.1,0.63
67.21000170707703,4.6000000000000005,-1.4000000000000001,-72.9,0.64,0.08,0.63
67.22073984146118,4.5,-1.3,-73.0,0.61,0.06,0.64
67.2299132347107,4.6000000000000005,-1.8,-72.9,0.65,0.08,0.64
67.24070835113525,4.7,-1.8,-72.8,0.66,0.08,0.63
67.2501745223999,4.6000000000000005,-1.5,-72.9,0.64,0.08,0.65
67.25979828834534,4.6000000000000005,-1.2000000000000002,-72.7,0.61,0.08,0.64
67.27018666267395,4.800000000000001,-1.4000000000000001,-72.8,0.62,0.1,0.64
67.28074312210083,4.7,-1.7000000000000002,-72.5,0.66,0.09,0.64
67.29019498825073,4.5,-1.6,-72.8,0.65,0.07,0.63
67.30022239685059,4.6000000000000005,-1.5,-72.60000000000001,0.65,0.07,0.64
67.31016159057617,4.7,-1.1,-72.60000000000001,0.6,0.1,0.64
67.32026386260986,4.9,-1.1,-72.7,0.59,0.1,0.64
67.33021879196167,4.800000000000001,-1.2000000000000002,-72.8,0.6,0.1,0.63
67.3399031162262,4.800000000000001,-1.4000000000000001,-72.7,0.63,0.11,0.64
67.35079288482666,4.800000000000001,-1.4000000000000001,-72.7,0.63,0.1,0.63
67.35981631278992,4.800000000000001,-1.5,-72.8,0.64,0.09,0.63
67.36981916427612,4.800000000000001,-1.4000000000000001,-72.8,0.62,0.1,0.63
67.37986874580383,4.9,-1.2000000000000002,-72.8,0.6,0.1,0.64
67.39030194282532,4.9,-1.8,-72.8,0.65,0.11,0.63
67.39979267120361,4.800000000000001,-1.5,-72.8,0.64,0.09,0.64
67.41019701957703,4.7,-1.5,-72.9,0.63,0.09,0.64
67.4202983379364,4.7,-1.3,-72.8,0.59,0.09,0.64
67.42977118492126,4.800000000000001,-1.7000000000000002,-72.8,0.66,0.09,0.63
67.44014143943787,4.9,-1.5,-72.5,0.64,0.09,0.63
67.45002841949463,4.9,-1.5,-72.8,0.63,0.11,0.65
67.45979237556458,4.9,-1.4000000000000001,-72.9,0.63,0.11,0.63
67.47004389762878,4.800000000000001,-1.5,-72.8,0.64,0.09,0.64
67.48095917701721,4.800000000000001,-1.4000000000000001,-72.60000000000001,0.64,0.1,0.64
67.49062418937683,4.800000000000001,-1.4000000000000001,-72.8,0.62,0.1,0.64
67.50066351890564,4.800000000000001,-1.4000000000000001,-72.9,0.62,0.1,0.64
67.50998878479004,4.9,-1.4000000000000001,-72.8,0.64,0.1,0.64
67.51990270614624,4.9,-1.2000000000000002,-72.8,0.61,0.11,0.63
67.52995276451111,5.0,-1.3,-72.7,0.61,0.12,0.63
67.53984355926514,4.9,-1.2000000000000002,-72.8,0.61,0.11,0.63
67.55022525787354,4.7,-1.2000000000000002,-72.9,0.6,0.09,0.63
67.55988121032715,4.9,-1.3,-72.8,0.6,0.1,0.64
67.56975507736206,5.0,-1.7000000000000002,-72.9,0.65,0.11,0.63
67.58018732070923,5.0,-1.3,-72.8,0.63,0.11,0.63
67.5908088684082,4.9,-0.8,-72.7,0.56,0.11,0.64
67.59988021850586,5.0,-1.4000000000000001,-72.8,0.61,0.12,0.63
67.61033797264099,5.0,-1.5,-72.60000000000001,0.64,0.1,0.64
67.62016177177429,4.9,-1.5,-72.7,0.64,0.1,0.64
67.62983536720276,4.9,-1.3,-72.7,0.62,0.11,0.64
67.63976979255676,5.2,-1.3,-72.7,0.62,0.13,0.63
67.6501133441925,5.1000000000000005,-1.1,-72.7,0.59,0.13,0.64
67.66009092330933,5.0,-1.6,-72.7,0.63,0.12,0.63
67.66995429992676,4.9,-1.6,-72.7,0.65,0.1,0.63
67.68057775497437,4.9,-1.6,-72.7,0.65,0.11,0.64
67.69064593315125,4.9,-1.6,-72.9,0.64,0.11,0.63
67.70071864128113,5.0,-1.7000000000000002,-72.7,0.64,0.11,0.64
67.71071481704712,4.9,-1.7000000000000002,-72.7,0.65,0.11,0.63
67.72092938423157,5.0,-1.3,-72.8,0.62,0.11,0.64
67.73074698448181,5.0,-1.4000000000000001,-72.8,0.62,0.12,0.64
67.7397849559784,4.9,-1.6,-72.9,0.64,0.11,0.64
67.75066685676575,4.9,-1.6,-72.7,0.65,0.1,0.63
67.75981116294861,4.800000000000001,-1.1,-72.8,0.59,0.1,0.64
67.76986050605774,4.9,-1.4000000000000001,-73.0,0.61,0.11,0.62
67.7799174785614,5.0,-1.4000000000000001,-72.8,0.63,0.12,0.64
67.79006838798523,5.1000000000000005,-1.3,-72.8,0.63,0.13,0.64
67.80059719085693,5.1000000000000005,-1.2000000000000002,-72.9,0.6,0.12,0.63
67.81007122993469,5.1000000000000005,-1.0,-72.8,0.58,0.12,0.64
67.81973814964294,5.0,-1.0,-72.8,0.59,0.12,0.64
67.82993507385254,4.9,-1.1,-72.60000000000001,0.6,0.1,0.64
67.83984184265137,5.0,-1.1,-72.7,0.61,0.11,0.63
67.85001182556152,5.1000000000000005,-1.2000000000000002,-72.7,0.62,0.13,0.63
67.85972714424133,5.2,-1.4000000000000001,-72.8,0.63,0.14,0.64
67.87069320678711,5.1000000000000005,-1.5,-72.60000000000001,0.64,0.13,0.64
67.88010621070862,5.0,-1.4000000000000001,-72.8,0.62,0.11,0.64
67.88991141319275,5.1000000000000005,-1.6,-72.8,0.64,0.12,0.63
67.899827003479,5.2,-1.5,-72.7,0.63,0.14,0.63
67.91000652313232,5.1000000000000005,-1.5,-72.8,0.63,0.13,0.63
67.91973209381104,5.0,-1.3,-72.8,0.61,0.11,0.64
67.92982268333435,5.1000000000000005,-1.6,-72.9,0.63,0.12,0.63
67.94077920913696,5.1000000000000005,-1.4000000000000001,-72.7,0.62,0.12,0.63
67.95040512084961,5.2,-1.5,-72.60000000000001,0.63,0.13,0.64
67.9601697921753,5.2,-1.5,-72.8,0.64,0.14,0.63
67.97158336639404,5.2,-1.4000000000000001,-72.7,0.63,0.14,0.64
67.98050856590271,5.2,-1.3,-72.8,0.61,0.14,0.64
67.98981213569641,5.2,-1.4000000000000001,-73.0,0.6,0.14,0.63
67.99986004829407,5.300000000000001,-1.5,-72.7,0.65,0.13,0.63
68.01083660125732,5.1000000000000005,-1.3,-72.60000000000001,0.63,0.12,0.64
68.01988887786865,5.1000000000000005,-1.0,-72.7,0.58,0.14,0.63
68.02977681159973,5.2,-1.0,-72.7,0.58,0.14,0.63
68.0403413772583,5.2,-1.1,-72.8,0.59,0.14,0.64
68.05025458335876,5.1000000000000005,-0.9,-72.60000000000001,0.5700000000000001,0.12,0.64
68.05980730056763,5.2,-1.6,-72.9,0.63,0.13,0.63
68.0699291229248,5.2,-1.6,-72.8,0.65,0.13,0.63
68.08118319511414,5.1000000000000005,-1.4000000000000001,-73.0,0.62,0.12,0.64
68.09086012840271,5.2,-1.5,-72.9,0.64,0.13,0.63
68.10045528411865,5.1000000000000005,-1.3,-73.0,0.61,0.12,0.64
68.1100127696991,5.1000000000000005,-1.4000000000000001,-73.0,0.61,0.12,0.64
68.12012577056885,5.1000000000000005,-1.6,-72.8,0.65,0.12,0.63
68.12972903251648,5.2,-1.5,-72.8,0.63,0.13,0.64
68.13972020149231,5.2,-1.4000000000000001,-72.9,0.62,0.13,0.63
68.14998173713684,5.1000000000000005,-1.3,-72.8,0.61,0.13,0.64
68.15999031066895,5.1000000000000005,-1.4000000000000001,-72.60000000000001,0.62,0.12,0.64
68.17033195495605,5.2,-1.5,-72.7,0.65,0.13,0.63
68.18104124069214,5.2,-1.3,-72.8,0.61,0.13,0.64
68.19079279899597,5.2,-1.1,-72.9,0.6,0.14,0.64
68.2007110118866,5.4,-1.3,-72.9,0.6,0.15,0.63
68.20992279052734,5.4,-1.3,-72.60000000000001,0.62,0.15,0.63
68.220876455307,5.2,-1.3,-72.7,0.61,0.14,0.63
68.22984766960144,5.2,-1.3,-72.8,0.61,0.14,0.63
68.23971843719482,5.300000000000001,-1.3,-72.8,0.61,0.14,0.63
68.25125288963318,5.300000000000001,-1.3,-72.8,0.6,0.14,0.64
68.25974941253662,5.300000000000001,-1.2000000000000002,-73.0,0.6,0.15,0.64
68.26980948448181,5.4,-1.3,-72.9,0.61,0.16,0.63
68.28030467033386,5.5,-1.2000000000000002,-72.7,0.6,0.16,0.64
68.29012799263,5.300000000000001,-1.3,-72.7,0.62,0.15,0.64
68.30045676231384,5.2,-1.2000000000000002,-72.60000000000001,0.62,0.13,0.64
68.30983114242554,5.300000000000001,-1.4000000000000001,-72.60000000000001,0.63,0.15,0.64
68.32111144065857,5.300000000000001,-1.4000000000000001,-72.9,0.62,0.15,0.63
68.33095741271973,5.4,-1.4000000000000001,-72.8,0.62,0.15,0.64
68.33970189094543,5.4,-1.5,-72.9,0.63,0.17,0.63
68.35013389587402,5.300000000000001,-1.6,-72.8,0.64,0.15,0.64
68.35999488830566,5.300000000000001,-1.5,-72.8,0.64,0.14,0.63
68.36999821662903,5.300000000000001,-1.5,-72.8,0.63,0.14,0.64
68.37979936599731,5.300000000000001,-1.5,-72.8,0.62,0.13,0.63
68.39010405540466,5.2,-1.4000000000000001,-72.7,0.62,0.14,0.64
68.40114188194275,5.300000000000001,-1.3,-72.8,0.61,0.14,0.63
68.4107186794281,5.4,-1.3,-72.8,0.61,0.15,0.64
68.42080187797546,5.2,-1.3,-73.10000000000001,0.62,0.15,0.63
68.43068933486938,5.2,-1.2000000000000002,-72.9,0.61,0.12,0.64
68.4397337436676,5.2,-1.0,-72.9,0.59,0.13,0.63
68.44982504844666,5.300000000000001,-1.1,-72.9,0.58,0.15,0.63
68.46095371246338,5.4,-1.1,-72.8,0.58,0.16,0.64
68.469895362854,5.4,-1.2000000000000002,-72.8,0.62,0.15,0.63
68.48077249526978,5.300000000000001,-1.1,-72.9,0.6,0.14,0.63
68.49102330207825,5.4,-1.1,-72.9,0.59,0.16,0.64
68.50068163871765,5.300000000000001,-1.1,-72.8,0.6,0.14,0.63
68.51003503799438,5.2,-1.1,-73.0,0.6,0.14,0.63
68.5198085308075,5.300000000000001,-1.2000000000000002,-72.60000000000001,0.61,0.13,0.64
68.53005743026733,5.4,-1.3,-72.8,0.62,0.15,0.63
68.53979444503784,5.4,-1.4000000000000001,-72.8,0.62,0.16,0.63
68.54990863800049,5.5,-1.4000000000000001,-72.7,0.62,0.16,0.63
68.56071066856384,5.5,-1.4000000000000001,-72.7,0.63,0.16,0.63
68.56983757019043,5.300000000000001,-1.5,-72.60000000000001,0.62,0.15,0.63
68.57989621162415,5.300000000000001,-1.8,-72.7,0.66,0.14,0.63
68.5899543762207,5.4,-1.6,-72.7,0.65,0.14,0.63
68.60066723823547,5.5,-1.5,-72.8,0.62,0.17,0.63
68.60981583595276,5.6000000000000005,-1.3,-72.8,0.61,0.17,0.63
68.61976647377014,5.5,-1.5,-72.8,0.62,0.16,0.63
68.62992286682129,5.4,-1.3,-72.60000000000001,0.61,0.15,0.63
68.63982892036438,5.4,-1.3,-72.8,0.6,0.15,0.63
68.64991307258606,5.5,-1.2000000000000002,-72.7,0.6,0.15,0.63
68.66060447692871,5.5,-1.1,-72.8,0.59,0.16,0.63
68.67004442214966,5.6000000000000005,-1.1,-72.7,0.6,0.16,0.63
68.68079257011414,5.5,-1.0,-72.8,0.59,0.16,0.63
68.69056105613708,5.6000000000000005,-1.1,-72.8,0.6,0.17,0.63
68.70063376426697,5.5,-1.1,-72.8,0.6,0.16,0.63
68.70991444587708,5.6000000000000005,-1.1,-72.9,0.6,0.17,0.63
68.7197437286377,5.5,-1.1,-72.8,0.6,0.17,0.63
68.7303991317749,5.4,-1.2000000000000002,-72.8,0.6,0.14,0.63
68.7403392791748,5.4,-1.2000000000000002,-72.9,0.6,0.14,0.63
68.75052404403687,5.4,-1.3,-72.7,0.61,0.15,0.63
68.760427236557,5.4,-1.3,-72.7,0.62,0.14,0.63
68.76996350288391,5.4,-1.1,-72.8,0.6,0.15,0.63
68.78021836280823,5.4,-1.1,-72.8,0.59,0.15,0.64
68.78995776176453,5.5,-1.5,-72.8,0.62,0.16,0.63
68.800865650177,5.4,-1.6,-72.8,0.64,0.15,0.63
68.80979537963867,5.4,-1.4000000000000001,-73.0,0.63,0.15,0.63
68.81976342201233,5.5,-1.5,-73.0,0.62,0.16,0.63
68.83048748970032,5.4,-1.4000000000000001,-72.8,0.61,0.15,0.64
68.83993005752563,5.4,-1.3,-72.7,0.61,0.14,0.63
68.84992957115173,5.4,-1.3,-72.9,0.61,0.15,0.63
68.86056876182556,5.5,-1.2000000000000002,-72.8,0.61,0.16,0.63
68.87015295028687,5.6000000000000005,-1.2000000000000002,-72.8,0.6,0.16,0.63
68.87988543510437,5.5,-1.2000000000000002,-72.7,0.6,0.16,0.63
68.8899359703064,5.4,-1.1,-72.7,0.6,0.15,0.63
68.90077447891235,5.4,-1.3,-72.7,0.6,0.15,0.63
68.90982294082642,5.6000000000000005,-1.3,-72.8,0.6,0.16,0.63
68.91971445083618,5.7,-1.4000000000000001,-72.9,0.61,0.18,0.63
68.93032956123352,5.7,-1.4000000000000001,-72.7,0.62,0.18,0.63
68.93980050086975,5.6000000000000005,-1.5,-72.7,0.63,0.17,0.63
68.94987535476685,5.4,-1.4000000000000001,-72.7,0.62,0.15,0.63
68.96033692359924,5.6000000000000005,-1.2000000000000002,-72.60000000000001,0.6,0.16,0.63
68.97082328796387,5.7,-1.1,-72.9,0.59,0.18,0.63
68.97984194755554,5.7,-1.0,-72.8,0.58,0.17,0.63
68.9902663230896,5.6000000000000005,-1.3,-72.8,0.61,0.18,0.63
69.00006461143494,5.5,-1.4000000000000001,-72.9,0.63,0.16,0.63
69.00992155075073,5.5,-1.3,-72.8,0.62,0.15,0.63
69.0197343826294,5.5,-1.3,-72.8,0.61,0.15,0.63
69.0303246974945,5.6000000000000005,-1.1,-72.8,0.59,0.17,0.63
69.0400493144989,5.800000000000001,-1.2000000000000002,-72.7,0.59,0.18,0.63
69.04981708526611,5.7,-1.3,-72.8,0.61,0.18,0.63
69.06021690368652,5.4,-1.3,-72.7,0.62,0.15,0.63
69.07017803192139,5.4,-1.2000000000000002,-72.8,0.6,0.14,0.63
69.07995390892029,5.5,-1.2000000000000002,-72.7,0.59,0.15,0.63
69.0898871421814,5.6000000000000005,-1.1,-72.9,0.59,0.17,0.63
69.09993290901184,5.6000000000000005,-1.4000000000000001,-72.7,0.61,0.17,0.63
69.11017346382141,5.5,-1.4000000000000001,-72.8,0.62,0.16,0.63
69.11974453926086,5.4,-1.4000000000000001,-72.8,0.62,0.15,0.63
69.12989020347595,5.4,-1.3,-72.9,0.61,0.15,0.63
69.14059162139893,5.4,-1.2000000000000002,-72.7,0.59,0.15,0.63
69.14983940124512,5.5,-1.4000000000000001,-72.9,0.61,0.16,0.63
69.16004204750061,5.5,-1.4000000000000001,-72.8,0.63,0.16,0.63
69.17087125778198,5.5,-1.2000000000000002,-72.8,0.61,0.15,0.63
69.1798644065857,5.6000000000000005,-1.4000000000000001,-72.8,0.61,0.16,0.63
69.18988156318665,5.6000000000000005,-1.4000000000000001,-72.9,0.61,0.18,0.63
69.20082449913025,5.6000000000000005,-1.3,-72.8,0.61,0.16,0.63
69.21083617210388,5.5,-1.3,-72.7,0.61,0.15,0.63
69.22069525718689,5.7,-1.6,-72.9,0.63,0.18,0.63
69.23067355155945,5.7,-1.5,-72.8,0.64,0.18,0.63
69.24058794975281,5.5,-1.3,-72.8,0.62,0.16,0.63
69.24981760978699,5.5,-1.1,-72.8,0.59,0.16,0.63
69.26004791259766,5.800000000000001,-1.3,-72.60000000000001,0.6,0.18,0.63
69.27035331726074,5.800000000000001,-1.4000000000000001,-72.60000000000001,0.62,0.19,0.63
69.27997636795044,5.6000000000000005,-1.1,-72.5,0.6,0.17,0.63
69.28980278968811,5.6000000000000005,-0.9,-72.60000000000001,0.5700000000000001,0.17,0.63
69.30077052116394,5.800000000000001,-1.2000000000000002,-72.60000000000001,0.59,0.19,0.63
69.31049752235413,5.7,-0.9,-72.8,0.58,0.17,0.63
69.31973719596863,5.7,-0.9,-72.9,0.58,0.18,0.63
69.32976293563843,5.800000000000001,-1.0,-72.8,0.59,0.19,0.63
69.34006261825562,5.800000000000001,-1.3,-72.7,0.6,0.19,0.63
69.35065984725952,5.5,-1.1,-72.7,0.6,0.15,0.63
69.3597137928009,5.6000000000000005,-1.3,-72.8,0.6,0.17,0.63
69.37045240402222,5.7,-1.2000000000000002,-72.8,0.59,0.18,0.63
69.3804669380188,5.7,-1.2000000000000002,-72.9,0.61,0.17,0.63
69.38979935646057,5.5,-1.1,-72.7,0.59,0.16,0.63
69.40004825592041,5.6000000000000005,-1.4000000000000001,-72.8,0.62,0.16,0.63
69.41039419174194,5.800000000000001,-1.4000000000000001,-72.7,0.62,0.18,0.63
69.41978716850281,5.6000000000000005,-1.3,-72.8,0.61,0.17,0.63
69.42979621887207,5.5,-1.5,-72.8,0.63,0.17,0.63
69.43992495536804,5.5,-1.4000000000000001,-72.9,0.62,0.16,0.63
69.44989585876465,5.5,-1.3,-72.8,0.61,0.15,0.63
69.45980381965637,5.5,-1.3,-72.8,0.6,0.16,0.63
69.47040390968323,5.7,-1.4000000000000001,-72.8,0.61,0.18,0.63
69.47999906539917,5.800000000000001,-1.4000000000000001,-72.60000000000001,0.61,0.18,0.63
69.4898464679718,5.7,-1.3,-72.7,0.61,0.18,0.63
69.50021886825562,5.6000000000000005,-1.2000000000000002,-72.8,0.6,0.17,0.63
69.50990772247314,5.5,-1.1,-72.7,0.59,0.16,0.63
69.5198004245758,5.6000000000000005,-1.1,-72.60000000000001,0.59,0.16,0.63
69.52970814704895,5.7,-1.1,-72.60000000000001,0.59,0.17,0.63
69.53985404968262,5.7,-1.1,-72.7,0.59,0.18,0.63
69.54998922348022,5.800000000000001,-1.1,-72.7,0.6,0.18,0.63
69.55979800224304,5.800000000000001,-1.3,-72.8,0.6,0.19,0.63
69.5703399181366,5.800000000000001,-1.1,-72.7,0.59,0.18,0.63
69.57982802391052,5.800000000000001,-1.1,-72.7,0.59,0.18,0.63
69.59033513069153,5.7,-1.2000000000000002,-72.60000000000001,0.6,0.18,0.63
69.59978747367859,5.800000000000001,-1.3,-72.60000000000001,0.61,0.18,0.63
69.61061549186707,5.800000000000001,-1.3,-72.7,0.61,0.19,0.63
69.61987853050232,5.800000000000001,-1.3,-72.60000000000001,0.61,0.19,0.63
69.62991261482239,5.800000000000001,-1.4000000000000001,-72.7,0.62,0.19,0.63
69.63999152183533,5.800000000000001,-1.4000000000000001,-72.5,0.61,0.18,0.63
69.65014743804932,5.800000000000001,-1.4000000000000001,-72.60000000000001,0.62,0.18,0.63
69.65986609458923,5.800000000000001,-1.4000000000000001,-72.5,0.62,0.18,0.63
69.67094659805298,5.800000000000001,-1.4000000000000001,-72.5,0.62,0.19,0.63
69.67986369132996,5.800000000000001,-1.3,-72.8,0.61,0.19,0.63
69.69071578979492,5.7,-1.2000000000000002,-72.9,0.6,0.18,0.63
69.69989800453186,5.7,-1.4000000000000001,-72.7,0.63,0.15,0.63
69.71060872077942,5.6000000000000005,-1.3,-72.8,0.61,0.17,0.63
69.71989870071411,5.800000000000001,-1.2000000000000002,-72.7,0.6,0.18,0.63
69.72995662689209,5.9,-1.0,-72.60000000000001,0.59,0.19,0.63
69.73998403549194,5.800000000000001,-1.2000000000000002,-72.8,0.59,0.19,0.63
69.75009346008301,5.6000000000000005,-1.0,-72.7,0.59,0.17,0.63
69.75984120368958,5.5,-1.1,-72.7,0.59,0.16,0.64
69.77027630805969,5.6000000000000005,-0.9,-72.7,0.58,0.16,0.63
69.77984309196472,5.7,-1.0,-72.7,0.58,0.17,0.63
69.79060244560242,5.800000000000001,-1.1,-72.60000000000001,0.59,0.19,0.63
69.80054569244385,5.800000000000001,-1.2000000000000002,-72.7,0.6,0.19,0.63
69.81033563613892,5.800000000000001,-1.1,-72.7,0.59,0.19,0.63
69.81974077224731,5.9,-1.5,-72.7,0.63,0.17,0.63
69.83072876930237,5.7,-1.3,-72.60000000000001,0.61,0.17,0.63
69.83990836143494,5.7,-1.4000000000000001,-72.7,0.61,0.17,0.63
69.84978175163269,5.800000000000001,-1.2000000000000002,-72.4,0.62,0.18,0.63
69.86040925979614,5.9,-1.4000000000000001,-72.7,0.6,0.2,0.64
69.8703875541687,5.800000000000001,-1.2000000000000002,-72.7,0.61,0.18,0.63
69.87998867034912,5.7,-1.3,-72.5,0.6,0.18,0.63
69.88978362083435,5.800000000000001,-1.4000000000000001,-72.7,0.62,0.19,0.63
69.89993739128113,5.9,-1.3,-72.5,0.61,0.19,0.63
69.91059851646423,5.9,-1.2000000000000002,-72.7,0.59,0.2,0.63
69.91974949836731,6.0,-1.2000000000000002,-72.60000000000001,0.6,0.2,0.63
69.93024945259094,5.9,-1.3,-72.60000000000001,0.61,0.2,0.63
69.94013595581055,5.9,-1.3,-72.5,0.62,0.18,0.63
69.94978284835815,5.9,-1.2000000000000002,-72.4,0.6,0.2,0.63
69.9599597454071,6.0,-1.3,-72.5,0.6,0.2,0.63
69.97036457061768,5.9,-1.3,-72.5,0.6,0.19,0.63
69.98007249832153,5.7,-1.2000000000000002,-72.60000000000001,0.61,0.18,0.63
69.99025273323059,5.800000000000001,-1.1,-72.3,0.59,0.18,0.63
70.00069260597229,5.9,-1.3,-72.5,0.6,0.19,0.63
70.0101227760315,5.800000000000001,-1.3,-72.5,0.61,0.19,0.63
70.01985430717468,5.9,-1.5,-72.60000000000001,0.63,0.19,0.63
70.02979302406311,5.9,-1.4000000000000001,-72.5,0.62,0.19,0.63
70.04064345359802,5.800000000000001,-1.4000000000000001,-72.7,0.61,0.18,0.63
70.04985690116882,5.7,-1.3,-72.7,0.61,0.17,0.63
70.05979704856873,5.800000000000001,-1.2000000000000002,-72.7,0.6,0.18,0.63
70.07095098495483,5.800000000000001,-1.3,-72.7,0.61,0.18,0.63
70.08059096336365,5.7,-1.4000000000000001,-72.7,0.63,0.18,0.62
70.08980441093445,5.7,-1.4000000000000001,-72.7,0.63,0.19,0.63
70.0999391078949,5.7,-1.0,-72.7,0.5700000000000001,0.17,0.64
70.11005306243896,5.800000000000001,-1.0,-72.60000000000001,0.5700000000000001,0.17,0.63
70.11982083320618,5.7,-1.3,-72.5,0.6,0.18,0.63
70.1298758983612,5.7,-1.3,-72.60000000000001,0.6,0.18,0.63
70.14092922210693,5.9,-1.4000000000000001,-72.5,0.62,0.18,0.63
70.15002083778381,5.800000000000001,-1.4000000000000001,-72.60000000000001,0.61,0.19,0.63
70.15996265411377,5.9,-1.4000000000000001,-72.7,0.62,0.2,0.63
70.17005586624146,5.9,-1.3,-72.4,0.61,0.18,0.63
70.17992568016052,5.800000000000001,-1.4000000000000001,-72.60000000000001,0.61,0.19,0.63
70.18983006477356,5.800000000000001,-1.2000000000000002,-72.4,0.6,0.18,0.63
70.20078945159912,5.9,-1.4000000000000001,-72.60000000000001,0.62,0.19,0.63
70.21072936058044,5.800000000000001,-1.4000000000000001,-72.60000000000001,0.62,0.19,0.63
70.22081923484802,5.9,-1.2000000000000002,-72.5,0.6,0.19,0.63
70.2306501865387,5.9,-1.2000000000000002,-72.60000000000001,0.6,0.2,0.63
70.240154504776,6.0,-1.2000000000000002,-72.5,0.61,0.19,0.63
70.25106692314148,5.9,-1.3,-72.5,0.61,0.2,0.63
70.26062250137329,5.9,-1.4000000000000001,-72.5,0.62,0.2,0.63
70.26990008354187,5.9,-1.3,-72.4,0.62,0.19,0.63
70.28146052360535,5.7,-1.2000000000000002,-72.9,0.6,0.2,0.63
70.29054307937622,5.7,-1.2000000000000002,-72.4,0.59,0.13,0.64
70.3004674911499,5.9,-1.6,-72.2,0.64,0.19,0.62
70.30984807014465,6.5,-1.3,-72.4,0.61,0.24,0.63
70.31993865966797,6.300000000000001,-1.2000000000000002,-72.5,0.59,0.26,0.63
70.33002233505249,5.9,-1.3,-72.60000000000001,0.6,0.2,0.64
70.33980774879456,5.5,-1.5,-72.2,0.63,0.14,0.63
70.35012245178223,5.6000000000000005,-1.5,-72.4,0.63,0.15,0.63
70.35982203483582,5.7,-1.0,-72.4,0.59,0.17,0.63
70.36988234519958,5.9,-0.9,-72.3,0.56,0.19,0.63
70.37995910644531,6.0,-1.1,-72.4,0.59,0.21,0.63
70.38998460769653,5.9,-1.3,-72.3,0.61,0.2,0.63
70.39982008934021,5.7,-1.3,-72.5,0.61,0.18,0.63
70.40986394882202,5.7,-1.1,-72.60000000000001,0.6,0.18,0.63
70.42076992988586,5.7,-1.1,-72.5,0.6,0.17,0.63
70.42983365058899,5.7,-1.1,-72.5,0.58,0.16,0.63
70.4397714138031,6.0,-1.3,-72.4,0.6,0.2,0.63
70.45074915885925,6.1000000000000005,-1.3,-72.5,0.62,0.21,0.63
70.4598319530487,5.800000000000001,-1.4000000000000001,-72.4,0.63,0.19,0.63
70.47010803222656,5.7,-1.3,-72.5,0.6,0.18,0.63
70.48058605194092,5.9,-1.6,-72.4,0.63,0.19,0.63
70.48980402946472,5.800000000000001,-1.3,-72.3,0.61,0.18,0.63
70.50072741508484,5.6000000000000005,-1.2000000000000002,-72.3,0.6,0.18,0.63
70.51066994667053,5.800000000000001,-1.3,-72.5,0.61,0.17,0.63
70.52097392082214,5.9,-1.3,-72.3,0.6,0.19,0.64
70.53074550628662,5.9,-1.6,-72.4,0.64,0.19,0.63
70.5406858921051,5.9,-1.6,-72.4,0.65,0.19,0.62
70.54992723464966,5.9,-1.4000000000000001,-72.4,0.62,0.19,0.63
70.55990695953369,6.0,-1.2000000000000002,-72.3,0.6,0.19,0.63
70.5698504447937,6.0,-1.5,-72.4,0.62,0.2,0.63
70.58051800727844,6.0,-1.4000000000000001,-72.3,0.62,0.2,0.63
70.59088325500488,5.9,-1.5,-72.3,0.63,0.2,0.63
70.59982705116272,5.800000000000001,-1.4000000000000001,-72.5,0.62,0.19,0.63
70.60986232757568,5.9,-1.2000000000000002,-72.4,0.6,0.17,0.63
70.62096118927002,5.9,-1.6,-72.2,0.63,0.19,0.63
70.63037705421448,5.9,-1.6,-72.4,0.63,0.2,0.63
70.63976168632507,5.800000000000001,-1.3,-72.3,0.61,0.19,0.63
70.6501293182373,6.0,-1.3,-72.3,0.61,0.18,0.63
70.66013503074646,6.0,-1.5,-72.5,0.63,0.2,0.63
70.66987204551697,5.9,-1.4000000000000001,-72.2,0.61,0.19,0.63
70.68000268936157,5.800000000000001,-1.4000000000000001,-72.4,0.62,0.19,0.63
70.6910150051117,5.800000000000001,-1.2000000000000002,-72.4,0.61,0.17,0.63
70.70055031776428,5.800000000000001,-1.4000000000000001,-72.5,0.61,0.18,0.63
70.71003222465515,5.800000000000001,-1.4000000000000001,-72.4,0.62,0.18,0.63
70.72046756744385,5.800000000000001,-1.3,-72.4,0.62,0.18,0.63
70.72996592521667,5.800000000000001,-1.2000000000000002,-72.60000000000001,0.6,0.17,0.63
70.7399160861969,5.800000000000001,-1.3,-72.4,0.6,0.18,0.63
70.75055408477783,5.800000000000001,-1.2000000000000002,-72.2,0.6,0.18,0.63
70.76003503799438,5.800000000000001,-1.3,-72.4,0.62,0.19,0.63
70.76981735229492,5.800000000000001,-1.3,-72.4,0.61,0.18,0.63
70.7798867225647,5.9,-1.5,-72.3,0.62,0.18,0.63
70.7902295589447,5.9,-1.6,-72.4,0.63,0.19,0.63
70.79999828338623,5.9,-1.4000000000000001,-72.2,0.62,0.19,0.63
70.81003427505493,5.800000000000001,-1.5,-72.4,0.61,0.19,0.63
70.8206717967987,6.0,-1.8,-72.2,0.65,0.19,0.63
70.83032155036926,5.800000000000001,-1.7000000000000002,-72.3,0.65,0.18,0.62
70.83977842330933,5.7,-1.6,-72.3,0.63,0.18,0.64
70.8498306274414,5.800000000000001,-1.5,-72.2,0.62,0.18,0.63
70.86017608642578,5.9,-1.6,-72.10000000000001,0.64,0.19,0.63
70.87035393714905,5.9,-1.4000000000000001,-72.2,0.63,0.19,0.63
70.87986993789673,5.9,-1.3,-72.2,0.6,0.19,0.63
70.89070296287537,6.0,-1.4000000000000001,-72.2,0.62,0.2,0.63
70.90065932273865,5.9,-1.4000000000000001,-72.2,0.63,0.19,0.63
70.90982937812805,5.9,-1.1,-72.2,0.59,0.19,0.63
70.91981148719788,5.9,-1.1,-72.3,0.58,0.2,0.64
70.93089580535889,6.0,-1.4000000000000001,-72.10000000000001,0.62,0.2,0.63
70.93976473808289,5.9,-1.5,-72.2,0.63,0.18,0.63
70.9498975276947,5.800000000000001,-1.2000000000000002,-72.4,0.61,0.19,0.64
70.96016812324524,6.0,-1.4000000000000001,-72.2,0.61,0.2,0.63
70.96984887123108,5.9,-1.3,-72.2,0.59,0.19,0.63
70.97984457015991,5.7,-1.7000000000000002,-72.2,0.64,0.17,0.63
70.99066972732544,5.6000000000000005,-1.8,-72.2,0.67,0.16,0.63
71.00012397766113,5.6000000000000005,-1.8,-72.3,0.66,0.17,0.63
71.01027178764343,5.7,-1.5,-72.3,0.62,0.17,0.63
71.01973628997803,5.800000000000001,-1.7000000000000002,-72.2,0.63,0.17,0.64
71.0311906337738,5.800000000000001,-1.6,-72.10000000000001,0.64,0.18,0.63
71.03975892066956,5.800000000000001,-1.4000000000000001,-72.3,0.63,0.18,0.63
71.04978966712952,5.800000000000001,-1.2000000000000002,-72.2,0.61,0.18,0.63
71.06030654907227,6.0,-1.5,-72.2,0.62,0.19,0.63
71.06992220878601,5.9,-1.6,-72.10000000000001,0.65,0.19,0.63
71.07996034622192,5.800000000000001,-1.3,-72.2,0.61,0.18,0.64
71.090252161026,5.800000000000001,-1.1,-72.2,0.59,0.18,0.63
71.10020565986633,5.9,-1.2000000000000002,-72.3,0.6,0.19,0.63
71.11005854606628,5.800000000000001,-1.5,-72.10000000000001,0.63,0.18,0.63
71.11975455284119,5.800000000000001,-1.6,-72.10000000000001,0.64,0.18,0.63
71.1306049823761,5.800000000000001,-1.3,-72.10000000000001,0.62,0.18,0.63
71.13980484008789,5.9,-1.5,-72.10000000000001,0.62,0.19,0.63
71.14994144439697,5.9,-1.6,-72.10000000000001,0.64,0.19,0.63
71.16130328178406,5.800000000000001,-1.4000000000000001,-72.10000000000001,0.61,0.18,0.63
71.16989207267761,5.800000000000001,-1.4000000000000001,-72.10000000000001,0.63,0.18,0.63
71.1797399520874,5.800000000000001,-1.5,-72.0,0.63,0.18,0.63
71.19006848335266,5.9,-1.6,-72.10000000000001,0.63,0.18,0.63
71.20056581497192,5.9,-1.8,-72.10000000000001,0.65,0.19,0.63
71.20976948738098,5.9,-1.5,-72.10000000000001,0.64,0.19,0.63
71.21973872184753,5.800000000000001,-1.5,-72.2,0.62,0.19,0.63
71.22993230819702,5.9,-1.7000000000000002,-72.10000000000001,0.64,0.18,0.63
71.23974275588989,5.800000000000001,-1.6,-72.10000000000001,0.64,0.17,0.63
71.24978971481323,5.7,-1.7000000000000002,-72.10000000000001,0.64,0.18,0.63
71.26074695587158,5.800000000000001,-1.5,-72.10000000000001,0.64,0.18,0.63
71.2714478969574,5.9,-1.7000000000000002,-72.10000000000001,0.65,0.19,0.63
71.2799563407898,5.800000000000001,-1.4000000000000001,-72.10000000000001,0.62,0.18,0.63
71.29017949104309,5.6000000000000005,-1.5,-72.0,0.63,0.17,0.63
71.30020332336426,5.7,-1.1,-72.2,0.59,0.17,0.63
71.31004977226257,5.800000000000001,-1.3,-72.10000000000001,0.6,0.18,0.63
71.3197910785675,5.800000000000001,-1.4000000000000001,-71.9,0.62,0.18,0.63
71.33008360862732,5.9,-1.4000000000000001,-72.10000000000001,0.62,0.19,0.63
71.33982014656067,6.0,-1.4000000000000001,-72.2,0.61,0.19,0.63
71.34976959228516,5.9,-1.5,-72.0,0.62,0.19,0.63
71.35996389389038,5.800000000000001,-1.5,-72.0,0.62,0.18,0.63
71.37029123306274,5.7,-1.5,-72.10000000000001,0.61,0.17,0.63
71.37985014915466,5.800000000000001,-1.6,-72.0,0.63,0.17,0.63
71.38991403579712,5.800000000000001,-1.7000000000000002,-72.0,0.65,0.18,0.63
71.39981460571289,5.9,-1.7000000000000002,-71.9,0.65,0.19,0.63
71.41003227233887,5.800000000000001,-1.5,-71.9,0.62,0.18,0.63
71.41976237297058,5.800000000000001,-1.6,-71.9,0.64,0.18,0.63
71.42990851402283,5.800000000000001,-1.4000000000000001,-71.9,0.62,0.19,0.63
71.4402403831482,5.800000000000001,-1.5,-72.0,0.62,0.18,0.64
71.44978976249695,5.800000000000001,-2.1,-72.10000000000001,0.67,0.19,0.63
71.45984244346619,5.800000000000001,-1.9000000000000001,-71.9,0.68,0.18,0.63
71.47046828269958,5.7,-1.5,-72.0,0.63,0.17,0.63
71.48000741004944,5.800000000000001,-1.8,-72.10000000000001,0.64,0.18,0.63
71.48992776870728,5.800000000000001,-1.9000000000000001,-71.9,0.66,0.18,0.63
71.5000011920929,5.800000000000001,-1.8,-71.9,0.65,0.18,0.63
71.5099778175354,5.800000000000001,-1.5,-72.10000000000001,0.63,0.18,0.63
71.51981472969055,5.800000000000001,-1.4000000000000001,-71.9,0.6,0.17,0.63
71.52983093261719,5.9,-1.6,-71.7,0.64,0.18,0.63
71.53983998298645,5.800000000000001,-1.6,-71.9,0.64,0.18,0.63
71.54981517791748,5.7,-1.2000000000000002,-71.8,0.6,0.17,0.63
71.55990958213806,5.9,-1.3,-71.9,0.6,0.18,0.63
71.57016921043396,6.1000000000000005,-1.7000000000000002,-71.9,0.65,0.21,0.63
71.57987713813782,5.9,-1.7000000000000002,-71.9,0.64,0.19,0.63
71.58999681472778,5.7,-1.3,-71.9,0.61,0.17,0.64
71.59989213943481,5.800000000000001,-1.4000000000000001,-72.0,0.63,0.18,0.63
71.61090087890625,5.800000000000001,-1.7000000000000002,-72.0,0.65,0.19,0.63
71.61972904205322,5.7,-1.7000000000000002,-71.9,0.64,0.17,0.63
71.63003349304199,5.800000000000001,-1.4000000000000001,-71.9,0.62,0.18,0.64
71.63972687721252,5.9,-1.5,-72.0,0.63,0.2,0.63
71.65041780471802,5.9,-1.8,-72.0,0.66,0.19,0.64
71.65969514846802,5.7,-1.5,-71.9,0.62,0.17,0.63
71.67016696929932,5.7,-1.7000000000000002,-72.0,0.63,0.17,0.63
71.68036389350891,5.800000000000001,-1.9000000000000001,-71.7,0.66,0.17,0.62
71.69001984596252,5.800000000000001,-1.7000000000000002,-71.9,0.64,0.18,0.63
71.69998288154602,5.800000000000001,-1.7000000000000002,-71.9,0.63,0.19,0.64
71.70982670783997,5.9,-1.7000000000000002,-71.9,0.64,0.19,0.63
71.71989393234253,6.0,-1.7000000000000002,-71.8,0.65,0.19,0.63
71.73009157180786,5.800000000000001,-1.8,-72.0,0.65,0.19,0.63
71.73977088928223,5.7,-1.7000000000000002,-72.0,0.64,0.17,0.63
71.75072622299194,5.7,-1.6,-71.9,0.63,0.16,0.63
71.76009798049927,5.6000000000000005,-1.5,-71.7,0.63,0.16,0.63
71.77002000808716,5.6000000000000005,-1.5,-72.0,0.63,0.17,0.63
71.77981352806091,5.800000000000001,-1.4000000000000001,-71.8,0.62,0.17,0.63
71.78989315032959,5.800000000000001,-1.6,-71.8,0.64,0.18,0.63
71.80073833465576,5.800000000000001,-1.7000000000000002,-71.9,0.65,0.18,0.63
71.8098075389862,5.7,-1.6,-72.0,0.63,0.18,0.63
71.82002234458923,5.9,-1.6,-72.0,0.63,0.19,0.63
71.83023118972778,5.9,-1.8,-71.8,0.65,0.18,0.62
71.83981156349182,5.7,-1.7000000000000002,-71.7,0.64,0.17,0.63
71.85004210472107,5.7,-1.5,-71.7,0.63,0.17,0.63
71.86159467697144,5.800000000000001,-1.5,-71.8,0.62,0.17,0.63
71.87021923065186,5.800000000000001,-1.8,-71.60000000000001,0.64,0.18,0.63
71.8798348903656,5.800000000000001,-1.6,-71.7,0.65,0.18,0.63
71.89004158973694,5.800000000000001,-1.5,-71.9,0.61,0.19,0.63
71.90080046653748,6.0,-1.8,-71.8,0.66,0.18,0.63
71.90983891487122,5.800000000000001,-2.0,-71.60000000000001,0.67,0.18,0.63
71.91982316970825,5.800000000000001,-1.7000000000000002,-71.9,0.64,0.18,0.63
71.92997121810913,6.0,-1.8,-71.7,0.65,0.19,0.63
71.93988275527954,5.9,-1.7000000000000002,-71.8,0.65,0.19,0.63
71.9500093460083,5.7,-1.8,-71.5,0.66,0.17,0.64
71.96078538894653,5.7,-1.9000000000000001,-71.8,0.66,0.17,0.63
71.97081542015076,5.800000000000001,-1.9000000000000001,-71.9,0.65,0.18,0.63
71.97981858253479,5.7,-1.7000000000000002,-71.7,0.64,0.18,0.63
71.98988723754883,5.800000000000001,-1.7000000000000002,-71.7,0.65,0.17,0.63
72.00063705444336,5.7,-1.8,-71.8,0.65,0.17,0.63
72.00998330116272,5.6000000000000005,-1.6,-71.7,0.63,0.16,0.63
72.01980924606323,5.6000000000000005,-1.7000000000000002,-71.7,0.65,0.17,0.63
72.03012371063232,5.800000000000001,-1.6,-71.7,0.64,0.18,0.62
72.04070782661438,5.800000000000001,-1.5,-71.7,0.63,0.17,0.63
72.0499427318573,5.7,-1.2000000000000002,-71.7,0.59,0.18,0.63
72.06024193763733,5.800000000000001,-1.6,-71.7,0.62,0.18,0.63
72.07006192207336,5.9,-2.0,-71.7,0.67,0.17,0.62
72.07987308502197,5.7,-1.9000000000000001,-71.60000000000001,0.67,0.17,0.63
72.09026288986206,5.7,-1.9000000000000001,-71.7,0.66,0.17,0.63
72.10091209411621,5.800000000000001,-1.7000000000000002,-71.8,0.63,0.18,0.63
72.11053705215454,5.800000000000001,-1.9000000000000001,-71.8,0.66,0.18,0.63
72.11990571022034,5.7,-1.9000000000000001,-71.60000000000001,0.67,0.17,0.63
72.13014531135559,5.6000000000000005,-1.8,-71.5,0.66,0.16,0.63
72.14030456542969,5.7,-2.0,-71.7,0.65,0.17,0.63
72.14981532096863,5.800000000000001,-2.0,-71.60000000000001,0.67,0.18,0.62
72.15994811058044,5.7,-1.8,-71.7,0.65,0.17,0.63
72.1701328754425,5.800000000000001,-1.5,-71.5,0.63,0.17,0.64
72.17984890937805,6.0,-1.9000000000000001,-71.60000000000001,0.66,0.19,0.62
72.1898729801178,5.9,-1.6,-71.4,0.63,0.18,0.63
72.19980049133301,5.800000000000001,-1.6,-71.4,0.63,0.18,0.63
72.21038699150085,5.800000000000001,-1.6,-71.5,0.63,0.18,0.62
72.22004055976868,5.9,-1.8,-71.7,0.65,0.19,0.63
72.22983121871948,5.800000000000001,-1.8,-71.7,0.65,0.18,0.63
72.2407820224762,5.800000000000001,-1.7000000000000002,-71.5,0.64,0.18,0.63
72.25016498565674,5.800000000000001,-2.0,-71.5,0.68,0.18,0.62
72.25997138023376,5.6000000000000005,-1.7000000000000002,-71.5,0.65,0.16,0.63
72.2699122428894,5.5,-1.4000000000000001,-71.5,0.6,0.14,0.63
72.27996039390564,5.7,-1.7000000000000002,-71.5,0.65,0.15,0.62
72.28983759880066,5.7,-1.9000000000000001,-71.5,0.66,0.17,0.63
72.30036425590515,5.800000000000001,-1.8,-71.60000000000001,0.65,0.18,0.63
72.30986022949219,5.800000000000001,-1.8,-71.7,0.65,0.18,0.63
72.32086968421936,5.800000000000001,-2.1,-71.60000000000001,0.68,0.18,0.63
72.32985949516296,5.7,-2.6,-71.7,0.71,0.17,0.63
72.34077572822571,5.6000000000000005,-1.8,-71.7,0.66,0.16,0.63
72.3497588634491,5.5,-1.9000000000000001,-71.7,0.65,0.15,0.63
72.35969829559326,5.7,-1.5,-71.60000000000001,0.62,0.16,0.63
72.37031316757202,5.800000000000001,-2.1,-71.4,0.66,0.17,0.63
72.38078498840332,5.6000000000000005,-1.7000000000000002,-71.4,0.65,0.16,0.63
72.39022374153137,5.7,-2.0,-71.4,0.66,0.17,0.63
72.39979267120361,5.800000000000001,-1.7000000000000002,-71.5,0.64,0.18,0.62
72.41082286834717,5.800000000000001,-1.7000000000000002,-71.5,0.62,0.18,0.63
72.41975283622742,5.800000000000001,-1.9000000000000001,-71.2,0.66,0.18,0.63
72.42985677719116,5.7,-1.7000000000000002,-71.5,0.65,0.18,0.63
72.43974614143372,5.800000000000001,-1.5,-71.3,0.64,0.17,0.63
72.44993138313293,5.800000000000001,-1.5,-71.4,0.61,0.18,0.63
72.45985674858093,5.800000000000001,-1.9000000000000001,-71.4,0.65,0.19,0.63
72.4701476097107,5.800000000000001,-1.7000000000000002,-71.3,0.66,0.18,0.63
72.48060369491577,5.7,-1.6,-71.4,0.64,0.18,0.63
72.49066829681396,5.800000000000001,-1.7000000000000002,-71.3,0.64,0.17,0.62
72.50037050247192,5.7,-1.9000000000000001,-71.3,0.66,0.18,0.62
72.510000705719,5.800000000000001,-1.9000000000000001,-71.4,0.65,0.18,0.63
72.51988506317139,5.800000000000001,-2.1,-71.4,0.66,0.17,0.63
72.52992987632751,5.7,-2.4000000000000004,-71.3,0.71,0.17,0.62
72.54075121879578,5.7,-2.3000000000000003,-71.4,0.7000000000000001,0.17,0.63
72.5499324798584,5.7,-2.0,-71.3,0.66,0.17,0.63
72.56002640724182,5.800000000000001,-1.9000000000000001,-71.4,0.65,0.18,0.63
72.57038187980652,5.800000000000001,-2.3000000000000003,-71.4,0.6900000000000001,0.17,0.63
72.58062815666199,5.7,-2.3000000000000003,-71.2,0.7000000000000001,0.16,0.63
72.59035754203796,5.5,-1.8,-71.4,0.66,0.16,0.63
72.60102343559265,5.800000000000001,-1.8,-71.5,0.65,0.18,0.63
72.61082100868225,5.800000000000001,-1.7000000000000002,-71.4,0.64,0.17,0.63
72.62090110778809,5.6000000000000005,-1.9000000000000001,-71.2,0.68,0.17,0.63
72.63066577911377,5.5,-1.6,-71.4,0.65,0.16,0.63
72.6397316455841,5.5,-1.4000000000000001,-71.4,0.61,0.16,0.64
72.65035581588745,5.6000000000000005,-1.4000000000000001,-71.4,0.62,0.15,0.63
72.6599748134613,5.5,-1.8,-71.5,0.64,0.15,0.63
72.66990065574646,5.6000000000000005,-1.8,-71.3,0.67,0.16,0.63
72.68150401115417,5.7,-1.9000000000000001,-71.4,0.68,0.18,0.63
72.69053936004639,5.800000000000001,-1.9000000000000001,-71.4,0.66,0.18,0.63
72.70003604888916,5.800000000000001,-1.7000000000000002,-71.10000000000001,0.65,0.18,0.63
72.70999813079834,5.6000000000000005,-2.1,-71.4,0.66,0.18,0.63
72.7205262184143,5.6000000000000005,-2.0,-71.2,0.67,0.16,0.63
72.72978806495667,5.6000000000000005,-2.3000000000000003,-71.3,0.6900000000000001,0.15,0.63
72.73988628387451,5.6000000000000005,-2.0,-71.2,0.67,0.16,0.63
72.75073742866516,5.7,-2.1,-71.2,0.67,0.16,0.63
72.76010370254517,5.7,-1.9000000000000001,-71.10000000000001,0.65,0.17,0.63
72.77006936073303,5.7,-1.9000000000000001,-71.3,0.65,0.18,0.63
72.78022241592407,5.7,-2.0,-71.2,0.66,0.17,0.63
72.79060745239258,5.7,-2.1,-71.10000000000001,0.6900000000000001,0.16,0.63
72.79989194869995,5.800000000000001,-2.0,-70.8,0.67,0.17,0.63
72.80990624427795,5.9,-1.8,-71.2,0.65,0.2,0.63
72.82067108154297,6.0,-1.7000000000000002,-71.2,0.65,0.2,0.63
72.82986569404602,5.800000000000001,-1.8,-71.3,0.64,0.18,0.63
72.83981943130493,5.7,-1.8,-71.2,0.65,0.17,0.63
72.85080361366272,5.6000000000000005,-2.0,-71.2,0.6900000000000001,0.16,0.63
72.86008954048157,5.5,-2.0,-71.2,0.67,0.15,0.63
72.86980032920837,5.6000000000000005,-2.0,-71.2,0.66,0.17,0.63
72.88123798370361,5.800000000000001,-1.6,-71.2,0.64,0.18,0.63
72.89011216163635,5.800000000000001,-1.8,-70.9,0.64,0.18,0.63
72.89992761611938,5.7,-1.8,-71.2,0.65,0.17,0.63
72.90980076789856,5.6000000000000005,-2.2,-71.3,0.67,0.17,0.63
72.92052102088928,5.6000000000000005,-1.7000000000000002,-71.10000000000001,0.65,0.15,0.63
72.92997527122498,5.5,-2.0,-71.10000000000001,0.65,0.15,0.63
72.9399139881134,5.6000000000000005,-2.3000000000000003,-71.2,0.6900000000000001,0.16,0.63
72.95108389854431,5.7,-2.5,-71.2,0.72,0.16,0.63
72.96071028709412,5.6000000000000005,-2.2,-71.10000000000001,0.7000000000000001,0.16,0.63
72.96985197067261,5.5,-2.1,-71.2,0.65,0.17,0.63
72.98123621940613,5.6000000000000005,-2.1,-71.2,0.68,0.16,0.63
72.99093079566956,5.4,-2.2,-71.2,0.68,0.14,0.63
73.00069785118103,5.5,-1.8,-71.10000000000001,0.66,0.14,0.63
73.00984287261963,5.6000000000000005,-2.1,-71.3,0.66,0.17,0.63
73.0200126171112,5.7,-1.7000000000000002,-71.10000000000001,0.66,0.17,0.64
73.02988481521606,5.6000000000000005,-1.9000000000000001,-71.0,0.67,0.16,0.64
73.03974413871765,5.6000000000000005,-1.7000000000000002,-71.10000000000001,0.64,0.16,0.63
73.05031394958496,5.7,-1.8,-71.10000000000001,0.65,0.16,0.63
73.06000661849976,5.7,-1.8,-71.0,0.65,0.17,0.63
73.06994867324829,5.800000000000001,-1.9000000000000001,-71.0,0.66,0.17,0.63
73.08012533187866,5.7,-2.0,-71.0,0.66,0.17,0.63
73.09066247940063,5.7,-2.2,-71.0,0.68,0.16,0.63
73.09985542297363,5.6000000000000005,-1.8,-70.8,0.66,0.16,0.63
73.11008048057556,5.7,-1.9000000000000001,-71.0,0.64,0.18,0.63
73.12053966522217,5.7,-1.8,-70.8,0.64,0.16,0.63
73.13025736808777,5.7,-2.3000000000000003,-70.8,0.6900000000000001,0.16,0.63
73.13996601104736,5.7,-2.3000000000000003,-71.0,0.7000000000000001,0.17,0.62
73.15015077590942,5.800000000000001,-2.3000000000000003,-71.0,0.6900000000000001,0.17,0.63
73.16037726402283,5.800000000000001,-2.2,-70.8,0.6900000000000001,0.17,0.63
73.16982388496399,5.6000000000000005,-2.0,-70.8,0.66,0.17,0.63
73.17983222007751,5.800000000000001,-2.2,-70.9,0.68,0.17,0.63
73.19044089317322,5.7,-2.2,-70.9,0.7000000000000001,0.17,0.63
73.20046854019165,5.6000000000000005,-2.1,-70.9,0.6900000000000001,0.16,0.63
73.20976448059082,5.6000000000000005,-2.1,-70.8,0.67,0.16,0.63
73.22075819969177,5.800000000000001,-1.8,-71.0,0.65,0.17,0.64
73.23075866699219,5.7,-1.9000000000000001,-71.0,0.65,0.17,0.63
73.23990988731384,5.5,-2.0,-70.9,0.65,0.15,0.63
73.25003480911255,5.5,-2.1,-71.10000000000001,0.68,0.15,0.63
73.26028847694397,5.6000000000000005,-1.8,-70.8,0.64,0.14,0.63
73.27062392234802,5.6000000000000005,-1.9000000000000001,-70.9,0.64,0.16,0.63
73.28018021583557,5.6000000000000005,-1.8,-70.8,0.64,0.16,0.63
73.29018974304199,5.6000000000000005,-1.8,-70.9,0.65,0.16,0.63
73.29997491836548,5.6000000000000005,-1.8,-71.10000000000001,0.65,0.15,0.63
73.31015515327454,5.5,-2.0,-70.8,0.67,0.15,0.63
73.32094097137451,5.5,-2.3000000000000003,-70.9,0.7000000000000001,0.15,0.63
73.33076429367065,5.5,-2.1,-70.8,0.67,0.14,0.63
73.33979773521423,5.6000000000000005,-2.2,-70.9,0.71,0.16,0.63
73.35006213188171,5.7,-2.3000000000000003,-70.8,0.7000000000000001,0.17,0.63
73.36012148857117,5.5,-2.1,-70.7,0.6900000000000001,0.15,0.63
73.37065529823303,5.5,-2.3000000000000003,-70.9,0.7000000000000001,0.15,0.64
73.37993693351746,5.6000000000000005,-2.3000000000000003,-70.7,0.6900000000000001,0.16,0.63
73.39071536064148,5.7,-2.2,-70.8,0.71,0.18,0.64
73.40116500854492,5.6000000000000005,-2.2,-70.8,0.68,0.15,0.63
73.41037964820862,5.6000000000000005,-2.3000000000000003,-70.8,0.67,0.16,0.63
73.42002606391907,5.6000000000000005,-2.1,-70.8,0.66,0.17,0.63
73.43054366111755,5.7,-2.2,-70.60000000000001,0.6900000000000001,0.16,0.63
73.43985986709595,5.800000000000001,-2.0,-70.5,0.68,0.17,0.63
73.44990944862366,5.800000000000001,-1.9000000000000001,-70.8,0.65,0.19,0.63
73.4599437713623,5.800000000000001,-1.9000000000000001,-70.7,0.66,0.18,0.63
73.4707419872284,5.7,-1.7000000000000002,-70.7,0.65,0.16,0.63
73.47985577583313,5.5,-1.6,-70.5,0.63,0.15,0.63
73.49086046218872,5.6000000000000005,-1.6,-70.7,0.63,0.16,0.63
73.50005531311035,5.6000000000000005,-2.1,-70.7,0.68,0.15,0.63
73.50993704795837,5.6000000000000005,-2.0,-70.60000000000001,0.67,0.16,0.63
73.5198016166687,5.7,-2.0,-70.7,0.68,0.17,0.63
73.53012084960938,5.7,-2.1,-70.9,0.68,0.17,0.63
73.53992986679077,5.800000000000001,-2.2,-70.60000000000001,0.7000000000000001,0.17,0.63
73.54988741874695,5.5,-2.0,-70.7,0.68,0.15,0.64
73.5609838962555,5.4,-2.2,-70.8,0.6900000000000001,0.15,0.64
73.56990599632263,5.5,-2.5,-70.60000000000001,0.72,0.15,0.62
73.57989358901978,5.6000000000000005,-2.4000000000000004,-70.7,0.72,0.16,0.64
73.590172290802,5.5,-2.1,-70.8,0.66,0.16,0.63
73.60058069229126,5.6000000000000005,-2.2,-70.7,0.67,0.16,0.63
73.60990166664124,5.5,-2.1,-70.7,0.66,0.15,0.63
73.61974096298218,5.300000000000001,-2.2,-70.8,0.67,0.14,0.63
73.63066816329956,5.4,-2.6,-70.7,0.73,0.12,0.62
73.63988852500916,5.300000000000001,-2.1,-70.60000000000001,0.6900000000000001,0.12,0.63
73.64988803863525,5.4,-1.6,-70.7,0.62,0.15,0.63
73.6602110862732,5.7,-2.1,-70.7,0.67,0.17,0.62
73.67173171043396,5.7,-2.3000000000000003,-70.7,0.7000000000000001,0.17,0.63
73.67978811264038,5.4,-2.0,-70.7,0.67,0.15,0.63
73.68989181518555,5.4,-2.2,-70.7,0.7000000000000001,0.15,0.63
73.69981026649475,5.5,-2.2,-70.5,0.7000000000000001,0.14,0.62
73.71021938323975,5.4,-2.2,-70.4,0.6900000000000001,0.14,0.64
73.71983122825623,5.6000000000000005,-2.0,-70.7,0.66,0.16,0.63
73.73013019561768,5.7,-2.1,-70.7,0.68,0.18,0.63
73.74066042900085,5.6000000000000005,-2.0,-70.5,0.67,0.17,0.63
73.74993872642517,5.7,-2.3000000000000003,-70.3,0.6900000000000001,0.17,0.63
73.75989174842834,5.6000000000000005,-2.3000000000000003,-70.4,0.7000000000000001,0.16,0.63
73.77007412910461,5.5,-2.2,-70.3,0.6900000000000001,0.14,0.63
73.77998995780945,5.4,-2.0,-70.5,0.65,0.14,0.63
73.79009628295898,5.6000000000000005,-2.2,-70.5,0.68,0.16,0.62
73.7998833656311,5.800000000000001,-2.5,-70.3,0.72,0.18,0.62
73.80985140800476,5.800000000000001,-2.2,-70.3,0.6900000000000001,0.17,0.63
73.82007241249084,5.6000000000000005,-1.9000000000000001,-70.5,0.64,0.18,0.63
73.82994318008423,5.7,-2.2,-70.3,0.67,0.15,0.63
73.83981704711914,5.5,-2.2,-70.4,0.68,0.16,0.63
73.85013175010681,5.4,-2.1,-70.3,0.67,0.14,0.63
73.86004185676575,5.5,-2.2,-70.4,0.6900000000000001,0.15,0.63
73.86979413032532,5.5,-2.1,-70.4,0.68,0.15,0.63
73.88143110275269,5.4,-2.0,-70.5,0.67,0.15,0.63
73.89001989364624,5.6000000000000005,-2.4000000000000004,-70.4,0.6900000000000001,0.16,0.63
73.90006113052368,5.6000000000000005,-2.5,-70.60000000000001,0.72,0.17,0.63
73.9098916053772,5.5,-2.2,-70.4,0.7000000000000001,0.16,0.63
73.92014908790588,5.4,-2.3000000000000003,-70.3,0.7000000000000001,0.14,0.64
73.93004512786865,5.5,-2.5,-70.5,0.71,0.15,0.63
73.9398512840271,5.4,-2.0,-70.2,0.66,0.14,0.63
73.95008945465088,5.5,-2.3000000000000003,-70.4,0.67,0.15,0.63
73.96040391921997,5.6000000000000005,-2.3000000000000003,-70.5,0.68,0.16,0.62
73.96987724304199,5.6000000000000005,-2.1,-70.3,0.66,0.15,0.63
73.97992324829102,5.4,-2.1,-70.2,0.66,0.15,0.63
73.99084877967834,5.5,-2.0,-70.4,0.67,0.15,0.62
74.0000205039978,5.4,-2.1,-70.2,0.68,0.14,0.64
74.00985789299011,5.4,-1.9000000000000001,-70.5,0.63,0.15,0.64
74.01974940299988,5.5,-2.6,-70.4,0.71,0.14,0.63
74.0304696559906,5.5,-2.5,-70.3,0.73,0.14,0.63
74.03982639312744,5.4,-2.0,-70.3,0.66,0.15,0.64
74.04987096786499,5.5,-2.2,-70.5,0.67,0.16,0.62
74.06071448326111,5.6000000000000005,-2.5,-70.5,0.72,0.15,0.63
74.0705726146698,5.5,-2.3000000000000003,-70.4,0.6900000000000001,0.15,0.63
74.0798511505127,5.6000000000000005,-2.4000000000000004,-70.3,0.7000000000000001,0.17,0.63
74.09002089500427,5.7,-2.3000000000000003,-70.4,0.71,0.17,0.62
74.10075187683105,5.4,-2.3000000000000003,-70.10000000000001,0.6900000000000001,0.14,0.63
74.10985946655273,5.4,-2.2,-70.0,0.67,0.14,0.63
74.11975622177124,5.5,-2.3000000000000003,-70.2,0.68,0.16,0.62
74.13071894645691,5.6000000000000005,-2.2,-70.10000000000001,0.68,0.16,0.63
74.13980793952942,5.5,-2.2,-70.2,0.68,0.16,0.63
74.15006899833679,5.5,-2.1,-70.2,0.68,0.16,0.63
74.16030192375183,5.5,-2.2,-70.2,0.68,0.15,0.63
74.1703736782074,5.4,-2.1,-70.10000000000001,0.67,0.14,0.63
74.17985105514526,5.5,-2.4000000000000004,-70.10000000000001,0.7000000000000001,0.15,0.63
74.18992519378662,5.5,-2.5,-70.3,0.72,0.15,0.63
74.20083570480347,5.5,-2.3000000000000003,-70.10000000000001,0.7000000000000001,0.15,0.63
74.21018934249878,5.6000000000000005,-2.2,-70.4,0.68,0.16,0.63
74.2198371887207,5.6000000000000005,-2.2,-70.3,0.68,0.15,0.63
74.2298653125763,5.4,-2.2,-70.10000000000001,0.6900000000000001,0.14,0.63
74.24000072479248,5.300000000000001,-2.2,-70.10000000000001,0.7000000000000001,0.14,0.63
74.25001931190491,5.4,-2.1,-70.4,0.6900000000000001,0.15,0.63
74.25987386703491,5.6000000000000005,-1.8,-70.3,0.65,0.16,0.64
74.27092480659485,5.5,-2.0,-70.2,0.66,0.16,0.63
74.28008770942688,5.5,-2.7,-70.0,0.73,0.14,0.63
74.29020094871521,5.4,-2.4000000000000004,-70.0,0.71,0.13,0.63
74.30056023597717,5.300000000000001,-2.2,-70.2,0.67,0.14,0.63
74.31005382537842,5.4,-2.3000000000000003,-70.3,0.68,0.14,0.63
74.31979203224182,5.4,-2.3000000000000003,-70.2,0.68,0.14,0.63
74.32977938652039,5.300000000000001,-2.1,-70.2,0.67,0.13,0.63
74.3400068283081,5.4,-2.4000000000000004,-70.10000000000001,0.68,0.14,0.63
74.34974336624146,5.5,-2.4000000000000004,-70.10000000000001,0.7000000000000001,0.15,0.62
74.36015844345093,5.5,-2.6,-70.2,0.72,0.15,0.63
74.37127470970154,5.4,-2.4000000000000004,-70.0,0.71,0.14,0.63
74.38006854057312,5.5,-2.6,-70.0,0.72,0.15,0.63
74.39016509056091,5.4,-2.2,-69.9,0.71,0.15,0.63
74.40113663673401,5.5,-2.1,-70.0,0.68,0.15,0.63
74.41073489189148,5.5,-2.4000000000000004,-69.9,0.7000000000000001,0.14,0.62
74.41969895362854,5.5,-2.3000000000000003,-69.9,0.6900000000000001,0.15,0.63
74.42996597290039,5.5,-1.9000000000000001,-70.2,0.66,0.16,0.64
74.44007968902588,5.5,-1.9000000000000001,-70.0,0.67,0.15,0.63
74.45005989074707,5.5,-2.5,-70.10000000000001,0.7000000000000001,0.15,0.63
74.45990109443665,5.5,-2.3000000000000003,-69.8,0.6900000000000001,0.15,0.63
74.47070550918579,5.7,-2.4000000000000004,-70.0,0.7000000000000001,0.17,0.62
74.47998094558716,5.6000000000000005,-2.5,-70.0,0.7000000000000001,0.17,0.62
74.48997831344604,5.4,-2.2,-70.0,0.67,0.15,0.63
74.50002098083496,5.4,-2.2,-70.0,0.67,0.13,0.63
74.51018333435059,5.4,-2.6,-69.7,0.73,0.14,0.62
74.52086639404297,5.5,-2.3000000000000003,-69.9,0.6900000000000001,0.15,0.63
74.53061199188232,5.5,-2.1,-69.8,0.67,0.16,0.64
74.54012823104858,5.6000000000000005,-2.5,-70.0,0.7000000000000001,0.17,0.62
74.54996418952942,5.5,-2.6,-69.8,0.73,0.15,0.63
74.5599160194397,5.300000000000001,-2.3000000000000003,-69.9,0.71,0.12,0.63
74.57073664665222,5.2,-2.2,-70.0,0.68,0.12,0.64
74.57994389533997,5.5,-2.6,-69.9,0.72,0.14,0.62
74.58985614776611,5.5,-2.0,-70.0,0.67,0.16,0.64
74.60074782371521,5.4,-1.9000000000000001,-70.2,0.66,0.15,0.64
74.61092472076416,5.4,-2.5,-69.8,0.71,0.14,0.62
74.62076449394226,5.300000000000001,-2.2,-69.8,0.68,0.14,0.63
74.63070607185364,5.300000000000001,-2.0,-70.0,0.66,0.14,0.63
74.64097023010254,5.4,-2.3000000000000003,-70.0,0.68,0.14,0.63
74.64995265007019,5.4,-2.4000000000000004,-70.0,0.68,0.14,0.63
74.65975427627563,5.4,-2.4000000000000004,-69.9,0.6900000000000001,0.15,0.63
74.67043399810791,5.4,-2.6,-69.8,0.73,0.14,0.63
74.68087363243103,5.300000000000001,-2.6,-69.7,0.72,0.14,0.63
74.69067668914795,5.300000000000001,-2.1,-70.0,0.66,0.14,0.64
74.70069527626038,5.4,-2.6,-69.8,0.7000000000000001,0.14,0.63
74.71049451828003,5.4,-2.7,-69.7,0.75,0.15,0.62
74.71983623504639,5.300000000000001,-2.4000000000000004,-70.0,0.71,0.14,0.64
74.72978639602661,5.300000000000001,-2.2,-70.0,0.68,0.14,0.64
74.74010848999023,5.4,-2.6,-69.9,0.73,0.14,0.63
74.75034356117249,5.4,-2.1,-69.7,0.6900000000000001,0.14,0.63
74.76042437553406,5.4,-2.0,-69.8,0.66,0.15,0.64
74.77025294303894,5.4,-2.5,-70.2,0.72,0.16,0.63
74.78066372871399,5.4,-2.2,-69.9,0.71,0.14,0.63
74.79053521156311,5.4,-2.3000000000000003,-69.7,0.6900000000000001,0.14,0.63
74.79978942871094,5.4,-2.3000000000000003,-69.8,0.68,0.15,0.63
74.81094264984131,5.5,-2.0,-69.9,0.67,0.15,0.63
74.81982827186584,5.5,-2.1,-69.8,0.66,0.14,0.63
74.82981419563293,5.5,-2.6,-69.60000000000001,0.71,0.15,0.63
74.84067916870117,5.5,-2.7,-69.7,0.73,0.15,0.62
74.84993958473206,5.4,-2.3000000000000003,-69.60000000000001,0.6900000000000001,0.15,0.64
74.85977959632874,5.5,-2.2,-69.9,0.64,0.16,0.63
74.8701581954956,5.6000000000000005,-2.3000000000000003,-69.5,0.6900000000000001,0.15,0.62
74.88092470169067,5.300000000000001,-2.5,-69.5,0.71,0.13,0.63
74.89006471633911,5.300000000000001,-2.4000000000000004,-69.8,0.7000000000000001,0.14,0.63
74.90083265304565,5.5,-2.4000000000000004,-69.9,0.71,0.16,0.63
74.91060829162598,5.300000000000001,-2.4000000000000004,-69.60000000000001,0.71,0.14,0.63
74.92053580284119,5.300000000000001,-2.2,-69.8,0.68,0.13,0.64
74.92985153198242,5.4,-2.4000000000000004,-69.9,0.6900000000000001,0.14,0.63
74.94028615951538,5.300000000000001,-2.1,-69.8,0.6900000000000001,0.14,0.63
74.95036101341248,5.4,-2.1,-69.60000000000001,0.6900000000000001,0.14,0.64
74.95976662635803,5.4,-2.4000000000000004,-69.8,0.7000000000000001,0.15,0.63
74.9701018333435,5.4,-2.5,-69.9,0.72,0.15,0.63
74.98005437850952,5.4,-2.4000000000000004,-69.8,0.72,0.14,0.63
74.9899787902832,5.300000000000001,-2.5,-69.60000000000001,0.7000000000000001,0.13,0.63
75.0003387928009,5.300000000000001,-2.5,-69.5,0.6900000000000001,0.12,0.63
75.0104706287384,5.300000000000001,-2.6,-69.7,0.71,0.13,0.63
75.02080154418945,5.4,-2.4000000000000004,-69.60000000000001,0.6900000000000001,0.13,0.63
75.02978110313416,5.4,-2.5,-69.5,0.71,0.15,0.63
75.04012656211853,5.4,-2.5,-69.5,0.73,0.15,0.63
75.05083703994751,5.300000000000001,-2.3000000000000003,-69.5,0.6900000000000001,0.13,0.63
75.06001710891724,5.300000000000001,-2.2,-69.8,0.67,0.13,0.63
75.0702862739563,5.4,-2.1,-69.8,0.66,0.15,0.63
75.08020997047424,5.5,-2.2,-69.7,0.67,0.15,0.63
75.09038376808167,5.5,-2.2,-69.5,0.6900000000000001,0.14,0.63
75.09984111785889,5.300000000000001,-2.3000000000000003,-69.7,0.7000000000000001,0.14,0.63
75.10994911193848,5.4,-2.2,-69.60000000000001,0.68,0.14,0.63
75.1198878288269,5.5,-2.3000000000000003,-69.5,0.6900000000000001,0.15,0.63
75.12989521026611,5.4,-2.1,-69.5,0.68,0.15,0.63
75.13966989517212,5.300000000000001,-2.4000000000000004,-69.5,0.71,0.14,0.64
75.15027594566345,5.2,-2.4000000000000004,-69.4,0.71,0.12,0.63
75.15980672836304,5.300000000000001,-2.5,-69.3,0.71,0.13,0.63
75.16980457305908,5.4,-2.3000000000000003,-69.60000000000001,0.71,0.15,0.63
75.17988967895508,5.5,-2.7,-69.3,0.72,0.16,0.63
75.19110441207886,5.5,-2.5,-69.5,0.71,0.16,0.63
75.19974517822266,5.4,-2.6,-69.3,0.71,0.14,0.63
75.21002388000488,5.4,-2.6,-69.60000000000001,0.7000000000000001,0.15,0.62
75.22053647041321,5.4,-2.6,-69.3,0.72,0.13,0.63
75.22979164123535,5.300000000000001,-2.4000000000000004,-69.4,0.7000000000000001,0.13,0.63
75.24068188667297,5.4,-2.4000000000000004,-69.4,0.6900000000000001,0.14,0.64
75.2500810623169,5.5,-2.2,-69.5,0.67,0.15,0.63
75.26005339622498,5.4,-2.2,-69.5,0.68,0.16,0.64
75.26978826522827,5.300000000000001,-2.6,-69.5,0.72,0.14,0.63
75.28051781654358,5.2,-2.3000000000000003,-69.2,0.71,0.12,0.63
75.29068183898926,5.2,-2.0,-69.60000000000001,0.66,0.12,0.64
75.30069088935852,5.300000000000001,-2.6,-69.4,0.7000000000000001,0.14,0.62
75.30977773666382,5.4,-2.8000000000000003,-69.60000000000001,0.74,0.15,0.62
75.32003378868103,5.4,-2.1,-69.4,0.7000000000000001,0.14,0.63
75.32991862297058,5.300000000000001,-2.3000000000000003,-69.60000000000001,0.7000000000000001,0.13,0.64
75.33975958824158,5.1000000000000005,-2.1,-69.4,0.67,0.13,0.63
75.3499984741211,5.2,-2.4000000000000004,-69.5,0.6900000000000001,0.12,0.64
75.36020731925964,5.300000000000001,-2.7,-69.2,0.74,0.13,0.62
75.36981296539307,5.300000000000001,-2.4000000000000004,-69.2,0.71,0.14,0.63
75.38144302368164,5.2,-1.9000000000000001,-69.2,0.65,0.14,0.63
75.38998365402222,5.300000000000001,-2.5,-69.3,0.68,0.13,0.63
75.40098905563354,5.4,-2.4000000000000004,-69.2,0.72,0.13,0.63
75.41065835952759,5.300000000000001,-2.6,-69.7,0.72,0.14,0.63
75.42097163200378,5.4,-2.3000000000000003,-69.2,0.6900000000000001,0.14,0.64
75.43006491661072,5.4,-2.3000000000000003,-69.60000000000001,0.68,0.16,0.63
75.44071698188782,5.4,-2.5,-69.5,0.7000000000000001,0.15,0.63
75.45078229904175,5.4,-2.5,-69.2,0.72,0.13,0.63
75.4597418308258,5.300000000000001,-2.4000000000000004,-69.2,0.7000000000000001,0.13,0.63
75.46985411643982,5.300000000000001,-2.2,-69.3,0.67,0.14,0.63
75.47990131378174,5.4,-2.6,-69.4,0.73,0.14,0.63
75.49077248573303,5.300000000000001,-2.3000000000000003,-69.10000000000001,0.7000000000000001,0.13,0.63
75.49984955787659,5.300000000000001,-2.7,-69.0,0.72,0.14,0.63
75.51082992553711,5.4,-2.3000000000000003,-69.4,0.71,0.15,0.63
75.51996088027954,5.300000000000001,-2.6,-69.10000000000001,0.71,0.14,0.63
75.53029227256775,5.300000000000001,-2.7,-69.2,0.72,0.14,0.63
75.53976440429688,5.300000000000001,-2.5,-69.2,0.71,0.13,0.63
75.55009865760803,5.2,-2.1,-69.2,0.67,0.13,0.63
75.56019711494446,5.4,-2.4000000000000004,-69.10000000000001,0.68,0.13,0.63
75.56988286972046,5.300000000000001,-2.5,-69.2,0.71,0.14,0.62
75.57980871200562,5.300000000000001,-2.4000000000000004,-69.10000000000001,0.7000000000000001,0.13,0.63
75.59070587158203,5.4,-2.4000000000000004,-69.0,0.6900000000000001,0.14,0.63
75.60043287277222,5.4,-2.2,-69.4,0.6900000000000001,0.16,0.63
75.6098563671112,5.4,-2.3000000000000003,-69.10000000000001,0.6900000000000001,0.15,0.64
75.61978316307068,5.4,-2.6,-69.4,0.71,0.13,0.63
75.62974524497986,5.1000000000000005,-2.6,-69.3,0.72,0.11,0.64
75.63978481292725,5.0,-2.5,-69.0,0.71,0.11,0.63
75.6501214504242,5.2,-2.4000000000000004,-69.2,0.7000000000000001,0.12,0.63
75.66023778915405,5.4,-2.2,-69.5,0.6900000000000001,0.16,0.63
75.67037749290466,5.5,-2.2,-69.0,0.68,0.15,0.64
75.68056678771973,5.4,-2.8000000000000003,-68.9,0.74,0.13,0.62
75.69063639640808,5.300000000000001,-2.4000000000000004,-69.10000000000001,0.72,0.14,0.63
75.69980216026306,5.2,-2.2,-69.2,0.67,0.14,0.63
75.71028757095337,5.4,-2.4000000000000004,-69.0,0.6900000000000001,0.13,0.63
75.71979284286499,5.2,-2.5,-69.10000000000001,0.7000000000000001,0.12,0.63
75.7300021648407,5.2,-2.3000000000000003,-69.0,0.7000000000000001,0.12,0.63
75.74063396453857,5.300000000000001,-2.5,-69.2,0.72,0.14,0.63
75.75028872489929,5.5,-2.5,-69.2,0.71,0.15,0.63
75.76038312911987,5.4,-2.1,-69.10000000000001,0.66,0.15,0.63
75.7707211971283,5.300000000000001,-2.6,-69.10000000000001,0.7000000000000001,0.13,0.63
75.78079390525818,5.300000000000001,-2.7,-69.10000000000001,0.74,0.13,0.62
75.79060387611389,5.2,-2.6,-69.10000000000001,0.73,0.13,0.63
75.80032134056091,5.2,-2.4000000000000004,-69.10000000000001,0.71,0.12,0.63
75.81056642532349,5.2,-2.6,-68.8,0.71,0.13,0.63
75.82039046287537,5.300000000000001,-2.4000000000000004,-69.0,0.7000000000000001,0.14,0.63
75.82989931106567,5.300000000000001,-2.3000000000000003,-69.3,0.7000000000000001,0.14,0.64
75.83996558189392,5.4,-2.5,-69.0,0.72,0.13,0.64
75.85102558135986,5.4,-2.5,-68.9,0.73,0.14,0.63
75.8606767654419,5.4,-2.4000000000000004,-69.0,0.6900000000000001,0.14,0.63
75.86994481086731,5.300000000000001,-2.3000000000000003,-68.9,0.6900000000000001,0.14,0.63
75.87991333007812,5.4,-2.2,-68.9,0.68,0.14,0.63
75.8901743888855,5.300000000000001,-2.5,-68.9,0.73,0.12,0.63
75.90074753761292,5.2,-2.4000000000000004,-68.9,0.6900000000000001,0.12,0.63
75.91067600250244,5.300000000000001,-2.4000000000000004,-69.0,0.6900000000000001,0.14,0.62
75.91993141174316,5.4,-2.2,-69.10000000000001,0.66,0.15,0.63
75.93011975288391,5.300000000000001,-2.3000000000000003,-69.10000000000001,0.68,0.15,0.63
75.940682888031,5.2,-2.5,-68.9,0.72,0.12,0.63
75.95002961158752,5.1000000000000005,-2.6,-68.8,0.72,0.11,0.63
75.95989394187927,5.2,-2.3000000000000003,-69.0,0.6900000000000001,0.12,0.63
75.96998572349548,5.4,-2.6,-69.0,0.7000000000000001,0.14,0.63
75.98013925552368,5.4,-2.5,-68.9,0.72,0.14,0.63
75.99076461791992,5.2,-2.4000000000000004,-68.9,0.71,0.14,0.63
76.00070214271545,5.2,-2.6,-68.9,0.72,0.12,0.63
76.01061987876892,5.2,-2.6,-68.8,0.71,0.13,0.62
76.02084851264954,5.2,-2.8000000000000003,-68.9,0.73,0.12,0.63
76.03067350387573,5.1000000000000005,-2.7,-68.7,0.73,0.12,0.63
76.03968811035156,5.2,-2.7,-69.10000000000001,0.71,0.13,0.63
76.0497829914093,5.300000000000001,-2.4000000000000004,-69.10000000000001,0.7000000000000001,0.14,0.63
76.06062364578247,5.300000000000001,-2.6,-68.8,0.72,0.13,0.63
76.06975245475769,5.2,-2.6,-68.9,0.71,0.13,0.63
76.07975721359253,5.300000000000001,-2.4000000000000004,-68.8,0.7000000000000001,0.14,0.63
76.08988094329834,5.300000000000001,-2.5,-68.8,0.7000000000000001,0.13,0.63
76.10075163841248,5.2,-2.3000000000000003,-68.7,0.7000000000000001,0.12,0.63
76.11073970794678,5.300000000000001,-2.6,-68.9,0.71,0.14,0.63
76.12076592445374,5.300000000000001,-2.4000000000000004,-68.7,0.6900000000000001,0.14,0.63
76.13088178634644,5.4,-2.3000000000000003,-68.8,0.6900000000000001,0.14,0.63
76.14055228233337,5.300000000000001,-2.2,-68.8,0.6900000000000001,0.14,0.63
76.14984941482544,5.300000000000001,-2.5,-69.0,0.71,0.14,0.63
76.16131639480591,5.4,-2.5,-68.8,0.71,0.13,0.63
76.16997218132019,5.300000000000001,-2.3000000000000003,-68.7,0.71,0.13,0.63
76.17993211746216,5.300000000000001,-2.1,-68.9,0.68,0.14,0.64
76.19089937210083,5.300000000000001,-2.2,-69.0,0.68,0.14,0.63
76.19996857643127,5.300000000000001,-2.4000000000000004,-68.8,0.71,0.12,0.63
76.2107675075531,5.2,-2.3000000000000003,-69.0,0.6900000000000001,0.13,0.63
76.22016978263855,5.300000000000001,-2.4000000000000004,-68.60000000000001,0.71,0.13,0.62
76.22992897033691,5.300000000000001,-2.3000000000000003,-68.7,0.68,0.14,0.63
76.23989081382751,5.2,-2.7,-68.60000000000001,0.72,0.13,0.63
76.2497329711914,5.2,-2.8000000000000003,-68.5,0.73,0.12,0.63
76.26110672950745,5.300000000000001,-2.9000000000000004,-68.7,0.74,0.13,0.63
76.27106976509094,5.4,-2.9000000000000004,-68.7,0.74,0.15,0.63
76.28118467330933,5.4,-2.7,-68.8,0.72,0.15,0.63
76.29003953933716,5.4,-2.4000000000000004,-68.4,0.72,0.14,0.63
76.29991555213928,5.2,-2.7,-68.5,0.74,0.13,0.63
76.31108045578003,5.1000000000000005,-2.7,-68.7,0.73,0.12,0.63
76.3195812702179,5.300000000000001,-2.3000000000000003,-68.8,0.71,0.14,0.63
76.33098125457764,5.300000000000001,-1.9000000000000001,-68.5,0.67,0.14,0.63
76.33984851837158,5.2,-2.4000000000000004,-68.60000000000001,0.6900000000000001,0.13,0.63
76.34982347488403,5.2,-2.2,-68.7,0.68,0.13,0.64
76.36025071144104,5.300000000000001,-2.3000000000000003,-68.60000000000001,0.7000000000000001,0.13,0.63
76.37037825584412,5.2,-2.5,-68.7,0.73,0.13,0.63
76.3798041343689,5.300000000000001,-2.3000000000000003,-68.7,0.6900000000000001,0.14,0.63
76.38993716239929,5.300000000000001,-1.7000000000000002,-68.8,0.64,0.14,0.64
76.40066146850586,5.300000000000001,-2.3000000000000003,-68.8,0.67,0.13,0.63
76.40996766090393,5.2,-2.7,-68.5,0.74,0.12,0.62
76.41986727714539,5.2,-2.5,-68.8,0.71,0.13,0.63
76.43065881729126,5.300000000000001,-2.5,-68.5,0.7000000000000001,0.13,0.63
76.43997550010681,5.300000000000001,-2.6,-68.60000000000001,0.71,0.13,0.63
76.44993495941162,5.2,-2.7,-68.60000000000001,0.72,0.13,0.63
76.46037530899048,5.2,-2.8000000000000003,-68.3,0.75,0.13,0.63
76.4700186252594,5.4,-2.6,-68.60000000000001,0.73,0.14,0.63
76.47987341880798,5.300000000000001,-2.7,-68.7,0.72,0.13,0.63
76.48995566368103,5.300000000000001,-2.4000000000000004,-68.60000000000001,0.7000000000000001,0.14,0.63
76.50078010559082,5.2,-2.4000000000000004,-68.4,0.7000000000000001,0.12,0.64
76.51070141792297,5.1000000000000005,-2.4000000000000004,-68.3,0.6900000000000001,0.11,0.63
76.51980876922607,5.2,-2.4000000000000004,-68.7,0.7000000000000001,0.13,0.63
76.53019046783447,5.4,-2.3000000000000003,-68.60000000000001,0.71,0.15,0.63
76.54067778587341,5.4,-2.2,-68.7,0.6900000000000001,0.14,0.63
76.54963827133179,5.300000000000001,-2.5,-68.4,0.71,0.13,0.63
76.56052565574646,5.300000000000001,-2.0,-68.60000000000001,0.68,0.14,0.63
76.57042860984802,5.2,-2.3000000000000003,-68.60000000000001,0.6900000000000001,0.12,0.63
76.57996320724487,5.2,-2.5,-68.5,0.7000000000000001,0.12,0.63
76.59009957313538,5.300000000000001,-2.9000000000000004,-68.5,0.74,0.13,0.63
76.60009551048279,5.4,-2.9000000000000004,-68.3,0.76,0.14,0.62
76.60983490943909,5.300000000000001,-2.6,-68.4,0.72,0.14,0.63
76.61977100372314,5.300000000000001,-2.3000000000000003,-68.4,0.67,0.14,0.63
76.63011932373047,5.4,-2.8000000000000003,-68.3,0.72,0.13,0.63
76.64081764221191,5.300000000000001,-2.7,-68.5,0.72,0.14,0.63
76.64993166923523,5.2,-2.5,-68.5,0.71,0.12,0.63
76.66056489944458,5.2,-2.6,-68.3,0.71,0.13,0.63
76.67073488235474,5.2,-2.3000000000000003,-68.5,0.6900000000000001,0.12,0.63
76.68028593063354,5.2,-2.4000000000000004,-68.5,0.68,0.12,0.64
76.69002413749695,5.300000000000001,-2.2,-68.7,0.67,0.13,0.63
76.70063805580139,5.300000000000001,-2.6,-68.5,0.73,0.13,0.63
76.7105622291565,5.300000000000001,-2.7,-68.4,0.74,0.13,0.63
76.7207715511322,5.2,-2.3000000000000003,-68.5,0.68,0.13,0.63
76.73073148727417,5.2,-2.4000000000000004,-68.5,0.6900000000000001,0.13,0.63
76.74110388755798,5.1000000000000005,-2.4000000000000004,-68.3,0.7000000000000001,0.11,0.63
76.74984622001648,5.1000000000000005,-2.7,-68.4,0.73,0.11,0.63
76.75978946685791,5.1000000000000005,-2.5,-68.3,0.72,0.11,0.63
76.77070999145508,5.2,-2.6,-68.5,0.71,0.13,0.63
76.78047966957092,5.300000000000001,-2.5,-68.3,0.71,0.14,0.63
76.78983926773071,5.300000000000001,-2.5,-68.3,0.7000000000000001,0.14,0.63
76.80068588256836,5.2,-2.3000000000000003,-68.5,0.6900000000000001,0.14,0.63
76.80994272232056,5.2,-3.0,-68.2,0.75,0.12,0.63
76.81984686851501,5.2,-2.6,-68.3,0.72,0.12,0.63
76.82983684539795,5.300000000000001,-2.8000000000000003,-68.3,0.74,0.14,0.63
76.84065842628479,5.4,-2.5,-68.4,0.7000000000000001,0.14,0.63
76.84980297088623,5.300000000000001,-2.2,-68.4,0.68,0.14,0.63
76.85997867584229,5.300000000000001,-2.3000000000000003,-68.4,0.6900000000000001,0.14,0.63
76.87116885185242,5.300000000000001,-2.5,-68.4,0.71,0.13,0.63
76.88021993637085,5.300000000000001,-2.5,-68.2,0.73,0.13,0.63
76.88978981971741,5.300000000000001,-2.1,-68.4,0.68,0.14,0.63
76.90048861503601,5.300000000000001,-2.0,-68.4,0.67,0.14,0.63
76.91022968292236,5.2,-2.5,-68.10000000000001,0.7000000000000001,0.13,0.63
76.92104387283325,5.1000000000000005,-2.5,-68.2,0.7000000000000001,0.13,0.63
76.9298243522644,5.2,-2.5,-68.10000000000001,0.73,0.13,0.63
76.94010376930237,5.300000000000001,-2.7,-68.2,0.74,0.13,0.63
76.95015573501587,5.2,-2.7,-68.2,0.72,0.14,0.63
76.95990347862244,5.300000000000001,-2.6,-68.3,0.71,0.14,0.63
76.9705023765564,5.2,-2.5,-68.3,0.71,0.13,0.63
76.98090887069702,5.2,-2.8000000000000003,-68.2,0.75,0.13,0.63
76.99079608917236,5.2,-2.5,-68.5,0.72,0.12,0.63
77.00048756599426,5.2,-2.7,-68.2,0.74,0.13,0.64
77.01096320152283,5.2,-2.3000000000000003,-68.4,0.71,0.13,0.62
77.01984596252441,5.2,-2.0,-68.4,0.66,0.13,0.64
77.02983117103577,5.2,-1.7000000000000002,-68.3,0.64,0.12,0.64
77.0399112701416,5.1000000000000005,-2.3000000000000003,-68.5,0.67,0.11,0.63
77.05013275146484,5.1000000000000005,-2.6,-68.3,0.74,0.11,0.63
77.05980372428894,5.1000000000000005,-2.7,-68.5,0.75,0.12,0.63
77.07076930999756,5.300000000000001,-2.4000000000000004,-68.3,0.71,0.13,0.63
77.08024525642395,5.300000000000001,-2.3000000000000003,-68.2,0.6900000000000001,0.14,0.63
77.08982610702515,5.300000000000001,-2.2,-68.4,0.68,0.14,0.63
77.09981989860535,5.2,-2.5,-68.2,0.71,0.12,0.63
77.11072254180908,5.1000000000000005,-2.6,-68.0,0.73,0.11,0.63
77.1199095249176,5.300000000000001,-2.7,-68.10000000000001,0.72,0.13,0.63
77.12977147102356,5.4,-2.6,-68.10000000000001,0.72,0.15,0.63
77.14037442207336,5.4,-2.7,-68.10000000000001,0.73,0.14,0.63
77.14995265007019,5.300000000000001,-2.3000000000000003,-67.8,0.67,0.13,0.63
77.15989208221436,5.2,-2.6,-68.0,0.72,0.13,0.63
77.1704752445221,5.2,-2.7,-68.2,0.74,0.13,0.63
77.17990612983704,5.300000000000001,-2.7,-68.0,0.73,0.13,0.64
77.18986988067627,5.4,-2.4000000000000004,-68.3,0.6900000000000001,0.14,0.63
77.19984269142151,5.4,-2.3000000000000003,-68.2,0.7000000000000001,0.15,0.63
77.21010518074036,5.300000000000001,-2.2,-68.2,0.6900000000000001,0.13,0.63
77.2207350730896,5.1000000000000005,-2.2,-68.10000000000001,0.68,0.11,0.63
77.22971963882446,5.2,-2.2,-68.10000000000001,0.6900000000000001,0.12,0.63
77.23992252349854,5.300000000000001,-2.1,-68.2,0.6900000000000001,0.13,0.63
77.25033259391785,5.300000000000001,-2.3000000000000003,-68.2,0.7000000000000001,0.15,0.63
77.25987434387207,5.2,-2.3000000000000003,-68.10000000000001,0.6900000000000001,0.13,0.63
77.27058267593384,5.2,-2.3000000000000003,-68.2,0.68,0.13,0.63
77.27990102767944,5.1000000000000005,-2.4000000000000004,-68.0,0.7000000000000001,0.12,0.62
77.28992199897766,5.2,-2.9000000000000004,-67.9,0.73,0.12,0.63
77.29987812042236,5.300000000000001,-2.7,-68.0,0.74,0.13,0.63
77.30989789962769,5.4,-2.6,-68.0,0.73,0.15,0.63
77.31997013092041,5.300000000000001,-2.9000000000000004,-68.2,0.74,0.15,0.62
77.32981824874878,5.2,-2.8000000000000003,-68.0,0.74,0.12,0.63
77.33983588218689,5.0,-2.5,-68.2,0.7000000000000001,0.1,0.64
77.35002279281616,5.1000000000000005,-2.3000000000000003,-67.9,0.6900000000000001,0.11,0.63
77.35973286628723,5.2,-2.6,-68.0,0.71,0.12,0.63
77.37015199661255,5.300000000000001,-2.4000000000000004,-68.10000000000001,0.71,0.14,0.63
77.38018417358398,5.2,-2.4000000000000004,-68.10000000000001,0.71,0.14,0.63
77.38981080055237,5.2,-2.2,-68.10000000000001,0.68,0.13,0.63
77.39980673789978,5.1000000000000005,-2.2,-68.2,0.68,0.12,0.63
77.41058588027954,5.1000000000000005,-2.3000000000000003,-68.0,0.71,0.11,0.63
77.4208014011383,5.2,-2.5,-68.10000000000001,0.72,0.12,0.63
77.42980813980103,5.2,-2.5,-68.10000000000001,0.7000000000000001,0.13,0.63
77.43979144096375,5.300000000000001,-2.3000000000000003,-67.9,0.7000000000000001,0.14,0.63
77.4508171081543,5.300000000000001,-2.3000000000000003,-68.0,0.7000000000000001,0.14,0.63
77.45972657203674,5.2,-2.5,-68.0,0.71,0.12,0.63
77.47007155418396,5.2,-2.1,-68.0,0.68,0.12,0.63
77.48040866851807,5.2,-2.6,-68.0,0.72,0.13,0.62
77.49005627632141,5.2,-2.8000000000000003,-67.9,0.75,0.12,0.63
77.50045895576477,5.2,-2.5,-67.8,0.72,0.13,0.63
77.51080441474915,5.300000000000001,-2.5,-67.9,0.7000000000000001,0.14,0.63
77.51967692375183,5.4,-2.6,-67.8,0.71,0.14,0.63
77.53027033805847,5.300000000000001,-2.4000000000000004,-68.0,0.71,0.15,0.63
77.53983354568481,5.300000000000001,-2.8000000000000003,-67.9,0.74,0.14,0.63
77.54991579055786,5.2,-2.6,-67.9,0.73,0.12,0.63
77.5608160495758,5.300000000000001,-2.3000000000000003,-68.10000000000001,0.6900000000000001,0.14,0.63
77.5699553489685,5.4,-2.4000000000000004,-67.9,0.71,0.14,0.63
77.58024048805237,5.2,-2.2,-67.9,0.68,0.13,0.63
77.58986210823059,5.2,-2.3000000000000003,-68.0,0.6900000000000001,0.12,0.63
77.600430727005,5.2,-2.4000000000000004,-67.9,0.71,0.12,0.63
77.61016845703125,5.2,-2.4000000000000004,-67.9,0.71,0.12,0.63
77.61973977088928,5.2,-2.2,-68.0,0.6900000000000001,0.13,0.63
77.6301326751709,5.300000000000001,-2.3000000000000003,-68.0,0.6900000000000001,0.14,0.63
77.63985919952393,5.300000000000001,-2.2,-67.9,0.6900000000000001,0.13,0.63
77.64983987808228,5.2,-2.4000000000000004,-67.8,0.6900000000000001,0.12,0.63
77.6600272655487,5.2,-2.7,-68.0,0.73,0.12,0.63
77.6710615158081,5.2,-2.8000000000000003,-67.8,0.75,0.12,0.63
77.6799795627594,5.2,-2.5,-67.8,0.72,0.12,0.63
77.68993282318115,5.2,-2.4000000000000004,-67.9,0.7000000000000001,0.13,0.63
77.7007896900177,5.300000000000001,-2.5,-67.9,0.71,0.13,0.63
77.71081948280334,5.2,-2.7,-67.9,0.73,0.13,0.63
77.72070360183716,5.2,-2.7,-68.0,0.74,0.12,0.63
77.73064136505127,5.1000000000000005,-2.3000000000000003,-67.9,0.7000000000000001,0.12,0.63
77.73992609977722,5.2,-2.3000000000000003,-67.9,0.6900000000000001,0.12,0.63
77.74984216690063,5.2,-2.5,-68.0,0.73,0.13,0.63
77.75981020927429,5.2,-2.4000000000000004,-67.9,0.71,0.13,0.64
77.77029347419739,5.300000000000001,-2.2,-68.0,0.7000000000000001,0.14,0.63
77.78030753135681,5.300000000000001,-2.4000000000000004,-67.8,0.7000000000000001,0.14,0.63
77.78994798660278,5.300000000000001,-2.5,-67.8,0.71,0.13,0.63
77.80026006698608,5.2,-2.5,-67.9,0.73,0.13,0.63
77.81049013137817,5.2,-2.4000000000000004,-67.8,0.71,0.12,0.63
77.81978917121887,5.300000000000001,-2.1,-67.8,0.67,0.14,0.63
77.82989239692688,5.4,-2.5,-67.8,0.7000000000000001,0.14,0.63
77.84089851379395,5.300000000000001,-2.5,-67.7,0.72,0.13,0.62
77.84997224807739,5.2,-2.4000000000000004,-67.60000000000001,0.71,0.13,0.63
77.85975909233093,5.2,-2.3000000000000003,-67.8,0.6900000000000001,0.13,0.63
77.87082648277283,5.300000000000001,-2.2,-67.7,0.68,0.12,0.63
77.8807852268219,5.2,-2.4000000000000004,-67.7,0.68,0.13,0.63
77.89012479782104,5.4,-2.5,-67.7,0.72,0.14,0.63
77.89972615242004,5.4,-2.6,-67.8,0.73,0.15,0.63
77.91053009033203,5.300000000000001,-2.5,-67.7,0.72,0.14,0.63
77.91993498802185,5.300000000000001,-2.8000000000000003,-67.9,0.74,0.14,0.63
77.92984223365784,5.300000000000001,-2.6,-67.8,0.74,0.13,0.63
77.93979787826538,5.2,-2.5,-67.8,0.71,0.13,0.63
77.95051598548889,5.2,-2.2,-67.7,0.7000000000000001,0.13,0.63
77.96013760566711,5.2,-2.3000000000000003,-67.60000000000001,0.7000000000000001,0.12,0.63
77.97063660621643,5.2,-2.3000000000000003,-67.8,0.6900000000000001,0.13,0.63
77.98157691955566,5.2,-2.7,-67.8,0.73,0.12,0.63
77.99004697799683,5.2,-2.3000000000000003,-67.8,0.7000000000000001,0.12,0.63
78.00098204612732,5.1000000000000005,-1.9000000000000001,-67.7,0.66,0.11,0.63
78.01078414916992,5.0,-2.2,-67.9,0.68,0.11,0.63
78.0207028388977,5.2,-2.3000000000000003,-67.7,0.7000000000000001,0.12,0.63
78.02970504760742,5.2,-2.3000000000000003,-67.9,0.6900000000000001,0.13,0.63
78.03984117507935,5.300000000000001,-2.3000000000000003,-67.8,0.7000000000000001,0.13,0.63
78.0499758720398,5.300000000000001,-2.6,-67.8,0.74,0.13,0.63
78.06029510498047,5.2,-2.3000000000000003,-68.0,0.7000000000000001,0.12,0.63
78.07003736495972,5.1000000000000005,-2.4000000000000004,-67.7,0.7000000000000001,0.12,0.63
78.08028745651245,5.2,-2.3000000000000003,-67.7,0.7000000000000001,0.12,0.63
78.09089756011963,5.1000000000000005,-2.3000000000000003,-67.7,0.6900000000000001,0.12,0.63
78.10010099411011,5.2,-2.6,-67.8,0.72,0.13,0.63
78.11013770103455,5.4,-2.8000000000000003,-67.60000000000001,0.75,0.14,0.63
78.12080216407776,5.300000000000001,-2.6,-67.5,0.74,0.14,0.63
78.13033843040466,5.300000000000001,-2.6,-67.4,0.73,0.14,0.63
78.1401014328003,5.300000000000001,-2.4000000000000004,-67.8,0.71,0.14,0.63
78.15028119087219,5.300000000000001,-2.4000000000000004,-67.60000000000001,0.71,0.13,0.63
78.15997695922852,5.2,-2.6,-67.7,0.73,0.12,0.63
78.17002439498901,5.300000000000001,-2.6,-67.5,0.73,0.13,0.63
78.18071913719177,5.4,-2.5,-67.5,0.72,0.14,0.63
78.19088673591614,5.4,-2.4000000000000004,-67.7,0.71,0.15,0.63
78.20072484016418,5.4,-2.3000000000000003,-67.8,0.7000000000000001,0.15,0.63
78.20998430252075,5.300000000000001,-2.1,-67.60000000000001,0.67,0.13,0.63
78.22039318084717,5.2,-2.1,-67.60000000000001,0.68,0.12,0.63
78.23062467575073,5.1000000000000005,-2.1,-67.60000000000001,0.68,0.12,0.63
78.23985385894775,5.2,-1.8,-67.7,0.65,0.13,0.63
78.25047183036804,5.300000000000001,-2.1,-67.8,0.66,0.14,0.63
78.25996541976929,5.4,-2.5,-67.60000000000001,0.72,0.14,0.63
78.27022671699524,5.2,-2.5,-67.7,0.73,0.13,0.63
78.28012108802795,5.2,-2.3000000000000003,-67.7,0.7000000000000001,0.12,0.63
78.29068160057068,5.300000000000001,-2.4000000000000004,-67.60000000000001,0.7000000000000001,0.13,0.63
78.3001058101654,5.300000000000001,-2.3000000000000003,-67.4,0.6900000000000001,0.13,0.63
78.30994391441345,5.2,-2.6,-67.60000000000001,0.72,0.13,0.63
78.32016968727112,5.2,-2.4000000000000004,-67.60000000000001,0.72,0.12,0.63
78.3300633430481,5.1000000000000005,-2.8000000000000003,-67.4,0.75,0.12,0.63
78.33980655670166,5.2,-3.1,-67.5,0.77,0.12,0.63
78.34999418258667,5.2,-2.7,-67.60000000000001,0.73,0.13,0.63
78.36027002334595,5.300000000000001,-2.5,-67.60000000000001,0.72,0.14,0.63
78.36997151374817,5.300000000000001,-2.4000000000000004,-67.7,0.7000000000000001,0.13,0.63
78.37983202934265,5.1000000000000005,-2.5,-67.5,0.71,0.11,0.64
78.39083003997803,5.1000000000000005,-2.6,-67.5,0.73,0.11,0.63
78.40070652961731,5.1000000000000005,-2.6,-67.8,0.73,0.12,0.63
78.40983772277832,5.2,-2.1,-67.8,0.68,0.13,0.63
78.42094779014587,5.2,-2.1,-67.60000000000001,0.67,0.12,0.63
78.42991805076599,5.2,-2.1,-67.7,0.68,0.12,0.63
78.43992447853088,5.2,-2.2,-67.8,0.7000000000000001,0.12,0.63
78.45003962516785,5.1000000000000005,-2.0,-67.7,0.68,0.11,0.63
78.46003341674805,5.1000000000000005,-2.0,-67.60000000000001,0.67,0.12,0.63
78.47030138969421,5.2,-2.0,-67.7,0.67,0.13,0.63
78.48004364967346,5.2,-2.0,-67.60000000000001,0.67,0.13,0.63
78.49030137062073,5.300000000000001,-2.4000000000000004,-67.60000000000001,0.71,0.13,0.63
78.500159740448,5.300000000000001,-2.6,-67.5,0.74,0.13,0.63
78.51001358032227,5.300000000000001,-2.6,-67.3,0.73,0.13,0.63
78.51984453201294,5.300000000000001,-2.5,-67.4,0.71,0.14,0.63
78.5300464630127,5.4,-2.2,-67.4,0.7000000000000001,0.14,0.64
78.53977918624878,5.4,-2.4000000000000004,-67.4,0.7000000000000001,0.15,0.63
78.5497567653656,5.4,-2.7,-67.4,0.73,0.14,0.63
78.56051230430603,5.300000000000001,-2.8000000000000003,-67.4,0.75,0.14,0.63
78.57009148597717,5.300000000000001,-2.6,-67.4,0.73,0.13,0.63
78.57985854148865,5.300000000000001,-2.3000000000000003,-67.5,0.7000000000000001,0.14,0.63
78.59012842178345,5.4,-2.5,-67.3,0.7000000000000001,0.14,0.63
78.6002721786499,5.4,-2.6,-67.4,0.73,0.14,0.63
78.60990118980408,5.300000000000001,-2.6,-67.5,0.73,0.14,0.63
78.61979961395264,5.300000000000001,-2.2,-67.5,0.7000000000000001,0.13,0.63
78.6307487487793,5.300000000000001,-2.5,-67.60000000000001,0.71,0.14,0.63
78.63977098464966,5.2,-2.2,-67.4,0.6900000000000001,0.12,0.63
78.6499388217926,5.2,-2.0,-67.60000000000001,0.67,0.12,0.63
78.66140937805176,5.1000000000000005,-2.1,-67.60000000000001,0.6900000000000001,0.12,0.63
78.67010569572449,5.1000000000000005,-2.2,-67.4,0.71,0.12,0.63
78.67986345291138,5.2,-2.2,-67.60000000000001,0.6900000000000001,0.12,0.63
78.68992137908936,5.2,-2.1,-67.5,0.68,0.13,0.63
78.70071959495544,5.1000000000000005,-2.3000000000000003,-67.60000000000001,0.6900000000000001,0.13,0.63
78.71004247665405,5.2,-2.4000000000000004,-67.60000000000001,0.72,0.12,0.63
78.7197813987732,5.1000000000000005,-2.5,-67.5,0.72,0.12,0.63
78.73080205917358,5.1000000000000005,-2.3000000000000003,-67.7,0.7000000000000001,0.11,0.63
78.73979568481445,5.1000000000000005,-2.4000000000000004,-67.60000000000001,0.71,0.12,0.63
78.74983263015747,5.2,-2.2,-67.60000000000001,0.6900000000000001,0.12,0.63
78.76036715507507,5.1000000000000005,-2.4000000000000004,-67.60000000000001,0.7000000000000001,0.12,0.63
78.76997566223145,5.1000000000000005,-2.7,-67.3,0.74,0.11,0.63
78.77985429763794,5.2,-2.7,-67.5,0.73,0.13,0.63
78.78995299339294,5.300000000000001,-2.7,-67.4,0.74,0.13,0.63
78.80062437057495,5.4,-2.5,-67.5,0.72,0.14,0.63
78.81072235107422,5.300000000000001,-2.5,-67.4,0.71,0.14,0.63
78.81973123550415,5.300000000000001,-2.5,-67.3,0.73,0.13,0.63
78.83011507987976,5.2,-2.4000000000000004,-67.4,0.72,0.13,0.63
78.83997583389282,5.2,-2.3000000000000003,-67.3,0.7000000000000001,0.12,0.63
78.84985280036926,5.300000000000001,-2.1,-67.5,0.68,0.14,0.63
78.8601884841919,5.4,-2.1,-67.4,0.68,0.14,0.63
78.87140989303589,5.300000000000001,-2.1,-67.3,0.6900000000000001,0.14,0.63
78.88031554222107,5.300000000000001,-2.3000000000000003,-67.3,0.7000000000000001,0.14,0.63
78.89009261131287,5.4,-2.3000000000000003,-67.3,0.71,0.14,0.63
78.9006679058075,5.4,-2.2,-67.4,0.6900000000000001,0.14,0.63
78.91042709350586,5.4,-2.1,-67.4,0.6900000000000001,0.15,0.63
78.91992831230164,5.4,-1.9000000000000001,-67.3,0.65,0.14,0.63
78.93000650405884,5.300000000000001,-2.2,-67.2,0.6900000000000001,0.14,0.63
78.93994235992432,5.2,-2.4000000000000004,-67.4,0.72,0.13,0.63
78.94971942901611,5.2,-2.3000000000000003,-67.4,0.72,0.13,0.63
78.96056032180786,5.300000000000001,-2.2,-67.5,0.6900000000000001,0.13,0.63
78.97025275230408,5.300000000000001,-2.3000000000000003,-67.3,0.7000000000000001,0.13,0.63
78.97984266281128,5.300000000000001,-2.4000000000000004,-67.4,0.71,0.14,0.63
78.98982501029968,5.300000000000001,-2.7,-67.5,0.74,0.14,0.63
79.00001358985901,5.2,-2.7,-67.4,0.74,0.12,0.63
79.00998139381409,5.2,-2.7,-67.4,0.74,0.12,0.63
79.0197765827179,5.2,-2.5,-67.4,0.73,0.13,0.63
79.0305118560791,5.2,-2.1,-67.4,0.68,0.13,0.63
79.04016184806824,5.1000000000000005,-2.1,-67.4,0.68,0.12,0.63
79.04986381530762,5.1000000000000005,-2.2,-67.4,0.6900000000000001,0.11,0.63
79.06041979789734,5.0,-2.4000000000000004,-67.60000000000001,0.71,0.11,0.63
79.07025909423828,5.0,-2.4000000000000004,-67.60000000000001,0.72,0.11,0.63
79.0798659324646,5.1000000000000005,-2.1,-67.5,0.67,0.12,0.63
79.0898175239563,5.2,-2.3000000000000003,-67.5,0.6900000000000001,0.13,0.63
79.10036897659302,5.2,-2.3000000000000003,-67.4,0.7000000000000001,0.13,0.63
79.11023330688477,5.2,-2.4000000000000004,-67.5,0.71,0.13,0.63
79.11973738670349,5.2,-2.2,-67.4,0.7000000000000001,0.13,0.63
79.1297812461853,5.2,-2.2,-67.3,0.6900000000000001,0.13,0.63
79.14006423950195,5.2,-2.5,-67.4,0.71,0.13,0.63
79.14996314048767,5.2,-2.4000000000000004,-67.3,0.72,0.13,0.63
79.15989303588867,5.2,-2.1,-67.3,0.6900000000000001,0.13,0.63
79.17071485519409,5.2,-2.3000000000000003,-67.10000000000001,0.6900000000000001,0.13,0.63
79.18008160591125,5.300000000000001,-2.7,-67.2,0.74,0.14,0.63
79.19000744819641,5.4,-2.6,-67.3,0.73,0.14,0.63
79.200448513031,5.4,-2.3000000000000003,-67.2,0.71,0.15,0.63
79.21029424667358,5.4,-2.2,-67.3,0.68,0.15,0.63
79.2198224067688,5.300000000000001,-2.3000000000000003,-67.3,0.7000000000000001,0.14,0.63
79.22998094558716,5.300000000000001,-2.5,-67.2,0.72,0.14,0.63
79.24000811576843,5.300000000000001,-2.5,-67.2,0.72,0.14,0.63
79.24980735778809,5.300000000000001,-2.5,-67.3,0.72,0.15,0.63
79.25974607467651,5.300000000000001,-2.6,-67.3,0.74,0.14,0.63
79.27032661437988,5.2,-2.2,-67.2,0.6900000000000001,0.13,0.63
79.28099536895752,5.2,-2.1,-67.3,0.68,0.13,0.63
79.29036331176758,5.1000000000000005,-2.0,-67.3,0.66,0.12,0.63
79.30096364021301,5.2,-2.1,-67.3,0.68,0.12,0.63
79.31074047088623,5.2,-2.3000000000000003,-67.4,0.71,0.12,0.63
79.31975841522217,5.2,-2.4000000000000004,-67.5,0.71,0.12,0.63
79.3301727771759,5.2,-2.4000000000000004,-67.4,0.71,0.13,0.63
79.34072422981262,5.300000000000001,-2.3000000000000003,-67.3,0.71,0.13,0.63
79.35022974014282,5.2,-2.1,-67.4,0.68,0.13,0.64
79.35989141464233,5.2,-2.2,-67.4,0.68,0.13,0.64
79.3702335357666,5.2,-2.4000000000000004,-67.3,0.72,0.13,0.63
79.38063359260559,5.1000000000000005,-2.6,-67.3,0.74,0.12,0.63
79.3911657333374,5.1000000000000005,-2.3000000000000003,-67.4,0.71,0.12,0.63
79.40067172050476,5.1000000000000005,-2.3000000000000003,-67.3,0.6900000000000001,0.12,0.63
79.4097695350647,5.2,-2.4000000000000004,-67.2,0.7000000000000001,0.12,0.63
79.41986346244812,5.2,-2.4000000000000004,-67.3,0.71,0.13,0.63
79.43016719818115,5.2,-2.3000000000000003,-67.4,0.71,0.13,0.63
79.44009184837341,5.300000000000001,-2.3000000000000003,-67.3,0.71,0.14,0.63
79.4501600265503,5.300000000000001,-2.3000000000000003,-67.3,0.7000000000000001,0.13,0.63
79.46012234687805,5.2,-2.4000000000000004,-67.2,0.71,0.13,0.63
79.47011709213257,5.2,-2.4000000000000004,-67.2,0.72,0.13,0.63
79.48070168495178,5.300000000000001,-2.5,-67.3,0.72,0.14,0.63
79.49020051956177,5.4,-2.3000000000000003,-67.2,0.71,0.15,0.63
79.50080704689026,5.4,-2.2,-67.2,0.6900000000000001,0.14,0.63
79.5106520652771,5.2,-2.2,-67.10000000000001,0.7000000000000001,0.13,0.63
79.52061533927917,5.2,-2.2,-67.2,0.7000000000000001,0.13,0.63
79.53084564208984,5.300000000000001,-2.4000000000000004,-67.2,0.73,0.14,0.63
79.53976583480835,5.300000000000001,-2.4000000000000004,-67.2,0.71,0.14,0.63
79.5499701499939,5.300000000000001,-2.1,-67.4,0.6900000000000001,0.14,0.64
79.56024694442749,5.2,-1.9000000000000001,-67.3,0.67,0.13,0.63
79.57005262374878,5.2,-2.1,-67.2,0.68,0.12,0.63
79.57977366447449,5.2,-2.3000000000000003,-67.3,0.71,0.12,0.63
79.58989334106445,5.2,-2.3000000000000003,-67.3,0.71,0.13,0.63
79.59998440742493,5.300000000000001,-2.3000000000000003,-67.4,0.71,0.14,0.63
79.61016941070557,5.2,-2.2,-67.3,0.6900000000000001,0.13,0.63
79.619797706604,5.2,-2.3000000000000003,-67.3,0.7000000000000001,0.12,0.63
79.6300916671753,5.2,-2.5,-67.3,0.72,0.12,0.63
79.6398572921753,5.2,-2.5,-67.3,0.72,0.12,0.63
79.65005922317505,5.2,-2.4000000000000004,-67.2,0.71,0.13,0.63
79.66031551361084,5.2,-2.3000000000000003,-67.2,0.7000000000000001,0.13,0.63
79.67033171653748,5.2,-2.3000000000000003,-67.2,0.7000000000000001,0.13,0.63
79.67996454238892,5.2,-2.3000000000000003,-67.2,0.7000000000000001,0.13,0.63
79.68981099128723,5.2,-2.3000000000000003,-67.2,0.71,0.12,0.63
79.70000743865967,5.1000000000000005,-2.3000000000000003,-67.2,0.71,0.12,0.63
79.71010422706604,5.2,-2.4000000000000004,-67.3,0.71,0.13,0.63
79.7196934223175,5.2,-2.2,-67.2,0.7000000000000001,0.13,0.63
79.73000764846802,5.300000000000001,-2.0,-67.3,0.68,0.13,0.63
79.74080491065979,5.300000000000001,-2.1,-67.4,0.68,0.14,0.63
79.74996328353882,5.300000000000001,-2.2,-67.2,0.7000000000000001,0.13,0.63
79.76001930236816,5.2,-2.2,-67.10000000000001,0.6900000000000001,0.13,0.63
79.7703104019165,5.2,-2.3000000000000003,-67.2,0.71,0.13,0.63
79.78006911277771,5.300000000000001,-2.2,-67.2,0.7000000000000001,0.13,0.63
79.78999781608582,5.300000000000001,-2.2,-67.10000000000001,0.6900000000000001,0.14,0.63
79.7998435497284,5.300000000000001,-2.2,-67.10000000000001,0.6900000000000001,0.14,0.63
79.81087875366211,5.2,-2.2,-67.2,0.71,0.13,0.63
79.81979870796204,5.2,-2.2,-67.10000000000001,0.7000000000000001,0.13,0.63
79.83000469207764,5.1000000000000005,-2.6,-67.10000000000001,0.73,0.12,0.63
79.83991694450378,5.2,-2.3000000000000003,-67.10000000000001,0.72,0.13,0.63
79.84982514381409,5.2,-2.7,-67.3,0.73,0.13,0.64
79.86026573181152,5.2,-2.3000000000000003,-67.2,0.72,0.13,0.63
79.87122368812561,5.2,-2.2,-67.2,0.6900000000000001,0.13,0.64
79.88041257858276,5.2,-2.3000000000000003,-67.2,0.7000000000000001,0.13,0.63
79.88984394073486,5.1000000000000005,-2.3000000000000003,-67.4,0.72,0.12,0.63
79.89987993240356,5.1000000000000005,-2.1,-67.2,0.7000000000000001,0.12,0.63
79.91006994247437,5.1000000000000005,-2.2,-67.4,0.6900000000000001,0.12,0.63
79.91982793807983,5.0,-2.0,-67.3,0.6900000000000001,0.11,0.63
79.92978119850159,5.0,-2.1,-67.4,0.68,0.11,0.64
79.94020438194275,5.0,-1.9000000000000001,-67.2,0.67,0.11,0.63
79.95043396949768,5.1000000000000005,-2.1,-67.2,0.6900000000000001,0.11,0.63
79.9598925113678,5.2,-2.2,-67.3,0.6900000000000001,0.13,0.63
79.97089576721191,5.1000000000000005,-2.2,-67.2,0.7000000000000001,0.13,0.63
79.9799792766571,5.1000000000000005,-2.2,-67.10000000000001,0.7000000000000001,0.13,0.63
79.98991537094116,5.1000000000000005,-2.3000000000000003,-67.10000000000001,0.7000000000000001,0.12,0.63
79.99988317489624,5.1000000000000005,-2.3000000000000003,-67.2,0.71,0.12,0.63
80.01089525222778,5.1000000000000005,-2.4000000000000004,-67.0,0.71,0.12,0.63
80.01981163024902,5.2,-2.6,-67.10000000000001,0.73,0.13,0.63
80.03085613250732,5.300000000000001,-2.6,-67.10000000000001,0.74,0.14,0.63
80.03984117507935,5.300000000000001,-2.7,-67.0,0.74,0.14,0.63
80.0503613948822,5.300000000000001,-2.6,-67.2,0.74,0.15,0.63
80.06002354621887,5.4,-2.5,-67.10000000000001,0.73,0.14,0.63
80.0704345703125,5.300000000000001,-2.3000000000000003,-67.10000000000001,0.71,0.14,0.63
80.08076739311218,5.2,-2.1,-66.9,0.6900000000000001,0.13,0.63
80.09002304077148,5.2,-2.1,-67.0,0.67,0.13,0.63
80.0999002456665,5.2,-2.1,-67.10000000000001,0.6900000000000001,0.13,0.63
80.11058402061462,5.2,-1.9000000000000001,-67.10000000000001,0.68,0.13,0.63
80.1197259426117,5.2,-2.0,-67.0,0.68,0.13,0.63
80.12980341911316,5.2,-1.9000000000000001,-67.2,0.67,0.13,0.63
80.13968825340271,5.2,-1.9000000000000001,-67.10000000000001,0.66,0.13,0.63
80.15003871917725,5.2,-1.9000000000000001,-67.2,0.68,0.13,0.63
80.16020512580872,5.1000000000000005,-2.1,-66.9,0.7000000000000001,0.12,0.63
80.1698431968689,5.1000000000000005,-2.2,-67.2,0.7000000000000001,0.12,0.63
80.18119049072266,5.1000000000000005,-2.3000000000000003,-67.10000000000001,0.71,0.12,0.63
80.19074511528015,5.1000000000000005,-2.3000000000000003,-67.10000000000001,0.71,0.13,0.63
80.19995450973511,5.2,-2.3000000000000003,-67.2,0.71,0.13,0.63
80.20995116233826,5.1000000000000005,-2.2,-67.2,0.7000000000000001,0.12,0.63
80.21979856491089,5.0,-2.2,-67.0,0.7000000000000001,0.11,0.63
80.23090076446533,5.0,-2.3000000000000003,-67.10000000000001,0.71,0.11,0.63
80.23972916603088,5.1000000000000005,-2.5,-67.0,0.72,0.12,0.63
80.25018644332886,5.1000000000000005,-2.5,-67.2,0.73,0.12,0.63
80.25997400283813,5.1000000000000005,-2.6,-67.2,0.74,0.12,0.63
80.26988577842712,5.1000000000000005,-2.6,-67.2,0.74,0.13,0.63
80.28023791313171,5.1000000000000005,-2.5,-67.10000000000001,0.72,0.12,0.63
80.29029679298401,5.1000000000000005,-2.5,-67.10000000000001,0.72,0.12,0.63
80.30081510543823,5.1000000000000005,-2.4000000000000004,-67.0,0.72,0.11,0.63
80.3107602596283,5.0,-2.4000000000000004,-67.10000000000001,0.71,0.12,0.63
80.32072281837463,5.0,-2.3000000000000003,-67.2,0.71,0.12,0.63
80.33071637153625,5.0,-2.1,-67.10000000000001,0.6900000000000001,0.11,0.63
80.34065222740173,5.0,-1.9000000000000001,-67.10000000000001,0.67,0.11,0.63
80.35037446022034,5.0,-2.0,-67.0,0.67,0.11,0.63
80.35988426208496,5.0,-2.0,-67.0,0.6900000000000001,0.11,0.63
80.36985182762146,5.1000000000000005,-2.2,-67.0,0.71,0.12,0.64
80.38021111488342,5.1000000000000005,-2.0,-67.10000000000001,0.7000000000000001,0.13,0.63
80.39011836051941,5.1000000000000005,-2.0,-67.2,0.68,0.13,0.63
80.3999285697937,5.1000000000000005,-2.0,-67.0,0.67,0.12,0.64
80.4098653793335,5.2,-2.3000000000000003,-67.10000000000001,0.71,0.13,0.63
80.42028999328613,5.2,-2.6,-67.10000000000001,0.74,0.14,0.63
80.4299373626709,5.1000000000000005,-2.3000000000000003,-66.8,0.72,0.13,0.63
80.43981432914734,5.2,-2.4000000000000004,-66.9,0.72,0.13,0.63
80.45004534721375,5.2,-2.5,-67.0,0.72,0.13,0.63
80.46051025390625,5.1000000000000005,-2.4000000000000004,-66.7,0.72,0.13,0.63
80.46999382972717,5.1000000000000005,-2.4000000000000004,-66.8,0.72,0.13,0.63
80.48022556304932,5.2,-2.4000000000000004,-67.0,0.73,0.13,0.63
80.48997783660889,5.1000000000000005,-2.2,-66.8,0.71,0.12,0.63
80.49987816810608,5.1000000000000005,-2.4000000000000004,-66.8,0.71,0.13,0.63
80.5101728439331,5.2,-2.3000000000000003,-66.7,0.71,0.12,0.63
80.5199203491211,5.1000000000000005,-2.3000000000000003,-67.0,0.71,0.13,0.63
80.53031301498413,5.1000000000000005,-2.2,-66.9,0.7000000000000001,0.12,0.63
80.54025197029114,5.0,-2.0,-67.10000000000001,0.6900000000000001,0.12,0.63
80.55042028427124,5.0,-2.0,-67.0,0.68,0.11,0.64
80.56000399589539,5.0,-2.1,-67.2,0.6900000000000001,0.12,0.63
80.57017612457275,5.0,-2.2,-67.2,0.71,0.11,0.64
80.58083128929138,4.9,-2.0,-67.2,0.6900000000000001,0.1,0.63
80.59071803092957,5.0,-2.1,-67.0,0.68,0.11,0.63
80.60064148902893,4.9,-1.9000000000000001,-67.0,0.67,0.1,0.63
80.6101348400116,4.9,-2.3000000000000003,-67.0,0.71,0.11,0.63
80.62069463729858,5.0,-2.2,-67.10000000000001,0.72,0.11,0.63
80.62994718551636,4.9,-2.2,-66.9,0.7000000000000001,0.11,0.63
80.63984870910645,5.1000000000000005,-2.1,-67.0,0.6900000000000001,0.12,0.63
80.6505675315857,5.1000000000000005,-2.4000000000000004,-66.9,0.71,0.12,0.63
80.6603889465332,4.9,-2.3000000000000003,-67.0,0.71,0.11,0.63
80.66982531547546,4.800000000000001,-2.5,-66.9,0.73,0.11,0.64
80.68029808998108,5.0,-2.3000000000000003,-66.9,0.72,0.1,0.63
80.69111609458923,5.0,-2.5,-66.9,0.73,0.11,0.63
80.69999957084656,5.2,-2.7,-66.7,0.75,0.13,0.63
80.71014666557312,5.1000000000000005,-2.3000000000000003,-67.10000000000001,0.72,0.14,0.63
80.72070527076721,5.1000000000000005,-2.1,-66.9,0.6900000000000001,0.12,0.64
80.73104405403137,5.1000000000000005,-2.2,-66.7,0.6900000000000001,0.12,0.63
80.73993682861328,5.0,-2.0,-66.9,0.6900000000000001,0.11,0.63
80.75017237663269,5.0,-2.0,-67.3,0.71,0.11,0.64
80.75988793373108,5.0,-1.9000000000000001,-66.7,0.68,0.11,0.63
80.76991200447083,5.0,-2.0,-67.0,0.7000000000000001,0.13,0.63
80.77986454963684,5.1000000000000005,-1.9000000000000001,-67.0,0.68,0.13,0.64
80.78995060920715,5.300000000000001,-2.0,-67.10000000000001,0.68,0.13,0.63
80.8000807762146,5.300000000000001,-2.3000000000000003,-66.7,0.71,0.13,0.63
80.80982851982117,4.9,-1.9000000000000001,-66.9,0.6900000000000001,0.11,0.63
80.81974029541016,4.800000000000001,-2.2,-67.2,0.71,0.11,0.63
80.8304991722107,5.1000000000000005,-2.5,-66.7,0.74,0.11,0.64
80.83971118927002,5.1000000000000005,-2.2,-66.3,0.6900000000000001,0.11,0.63
80.85004091262817,5.0,-2.1,-67.10000000000001,0.7000000000000001,0.13,0.63
80.86022114753723,5.2,-2.2,-66.7,0.71,0.14,0.63
80.86986446380615,5.1000000000000005,-2.1,-66.8,0.6900000000000001,0.11,0.63
80.87986660003662,4.9,-2.2,-66.9,0.7000000000000001,0.11,0.63
80.89045119285583,4.9,-2.3000000000000003,-67.0,0.72,0.12,0.63
80.90121603012085,4.9,-2.3000000000000003,-66.8,0.71,0.09,0.64
80.90977907180786,5.0,-2.5,-66.8,0.73,0.11,0.63
80.91990804672241,5.0,-2.4000000000000004,-67.7,0.75,0.13,0.63
80.93082356452942,5.1000000000000005,-2.4000000000000004,-66.8,0.72,0.12,0.65
80.93976879119873,5.1000000000000005,-2.1,-66.8,0.6900000000000001,0.12,0.62
80.94996452331543,4.800000000000001,-2.2,-67.10000000000001,0.71,0.1,0.64
80.96029877662659,4.7,-2.1,-67.2,0.6900000000000001,0.07,0.64
80.96997165679932,4.7,-2.0,-67.0,0.68,0.08,0.63
80.97989559173584,4.800000000000001,-1.9000000000000001,-67.0,0.68,0.1,0.64
80.99071455001831,4.9,-1.9000000000000001,-67.10000000000001,0.68,0.11,0.63
81.00068211555481,5.0,-2.0,-66.9,0.7000000000000001,0.12,0.63
81.0097439289093,5.1000000000000005,-2.2,-67.10000000000001,0.71,0.13,0.63
81.01976943016052,5.0,-2.1,-67.0,0.6900000000000001,0.11,0.63
81.02997660636902,5.1000000000000005,-2.2,-66.8,0.71,0.13,0.63
81.03975534439087,4.9,-2.1,-66.9,0.7000000000000001,0.12,0.63
81.04996705055237,4.7,-2.3000000000000003,-66.7,0.71,0.08,0.64
81.05996370315552,4.800000000000001,-2.3000000000000003,-66.8,0.72,0.09,0.63
81.07024908065796,4.9,-2.2,-66.8,0.71,0.11,0.63
81.07990312576294,5.2,-2.2,-66.7,0.7000000000000001,0.14,0.63
81.09018874168396,5.2,-2.0,-66.8,0.68,0.14,0.64
81.10097074508667,5.2,-2.2,-66.8,0.7000000000000001,0.14,0.63
81.1098279953003,4.9,-2.4000000000000004,-66.7,0.73,0.11,0.63
81.1196916103363,4.800000000000001,-2.5,-66.8,0.74,0.09,0.64
81.13069725036621,5.0,-2.5,-66.7,0.73,0.1,0.63
81.1397750377655,5.2,-2.4000000000000004,-66.60000000000001,0.71,0.15,0.63
81.14975905418396,5.2,-2.4000000000000004,-67.0,0.72,0.13,0.64
81.16069769859314,5.2,-2.3000000000000003,-67.0,0.73,0.13,0.63
81.17048954963684,5.0,-2.0,-66.9,0.68,0.11,0.64
81.18096113204956,4.5,-1.8,-66.8,0.67,0.07,0.63
81.19079732894897,4.7,-2.2,-66.7,0.7000000000000001,0.08,0.64
81.20087575912476,5.0,-2.0,-67.0,0.6900000000000001,0.11,0.63
81.21000289916992,5.1000000000000005,-2.0,-66.8,0.68,0.14,0.64
81.21978187561035,4.800000000000001,-1.7000000000000002,-66.8,0.66,0.09,0.63
81.23009085655212,4.800000000000001,-2.1,-66.9,0.71,0.1,0.64
81.24029994010925,5.0,-2.1,-66.9,0.6900000000000001,0.11,0.63
81.24976062774658,4.800000000000001,-2.1,-66.9,0.7000000000000001,0.1,0.63
81.26079106330872,4.800000000000001,-2.1,-66.9,0.71,0.09,0.64
81.27056884765625,5.300000000000001,-2.2,-67.0,0.71,0.14,0.63
81.28019785881042,5.0,-2.1,-66.7,0.6900000000000001,0.12,0.64
81.28985667228699,4.800000000000001,-2.0,-66.8,0.6900000000000001,0.09,0.64
81.29985785484314,4.800000000000001,-2.4000000000000004,-67.10000000000001,0.73,0.11,0.63
81.30994629859924,5.0,-2.4000000000000004,-66.8,0.74,0.11,0.64
81.32050132751465,5.0,-2.3000000000000003,-66.60000000000001,0.7000000000000001,0.12,0.64
81.32978630065918,4.7,-2.2,-66.8,0.7000000000000001,0.09,0.63
81.33971524238586,4.7,-2.5,-66.9,0.73,0.08,0.64
81.35030126571655,5.1000000000000005,-2.4000000000000004,-66.8,0.73,0.13,0.62
81.36068034172058,5.1000000000000005,-2.3000000000000003,-66.60000000000001,0.72,0.14,0.63
81.37002682685852,4.9,-2.3000000000000003,-66.8,0.71,0.11,0.63
81.38059210777283,4.800000000000001,-2.3000000000000003,-66.8,0.73,0.1,0.63
81.38984632492065,5.2,-2.2,-66.7,0.71,0.14,0.63
81.39990139007568,5.0,-1.9000000000000001,-66.5,0.67,0.1,0.64
81.40985536575317,5.0,-1.9000000000000001,-66.9,0.68,0.12,0.63
81.42002892494202,4.800000000000001,-2.1,-66.8,0.7000000000000001,0.11,0.64
81.43004631996155,4.9,-1.9000000000000001,-66.60000000000001,0.6900000000000001,0.09,0.63
81.43973898887634,4.7,-2.1,-66.60000000000001,0.7000000000000001,0.09,0.64
81.45043683052063,4.800000000000001,-2.1,-66.8,0.7000000000000001,0.1,0.63
81.45991826057434,5.2,-2.2,-66.9,0.72,0.16,0.63
81.46994972229004,5.1000000000000005,-2.0,-66.60000000000001,0.6900000000000001,0.11,0.65
81.4801766872406,5.0,-2.2,-66.9,0.7000000000000001,0.13,0.63
81.4899959564209,5.0,-2.5,-67.0,0.74,0.11,0.64
81.50034713745117,5.0,-2.3000000000000003,-66.8,0.73,0.1,0.64
81.51023530960083,4.9,-2.2,-66.60000000000001,0.71,0.09,0.63
81.51980185508728,5.2,-2.2,-66.5,0.7000000000000001,0.12,0.63
81.53046679496765,5.0,-2.0,-66.5,0.68,0.13,0.63
81.53974413871765,5.1000000000000005,-2.1,-66.8,0.7000000000000001,0.12,0.64
81.54975438117981,4.7,-2.1,-66.8,0.7000000000000001,0.08,0.63
81.56054425239563,5.0,-2.2,-66.5,0.71,0.09,0.64
81.56994962692261,5.0,-2.1,-66.60000000000001,0.6900000000000001,0.12,0.63
81.57999920845032,5.0,-2.0,-66.8,0.6900000000000001,0.11,0.64
81.58998489379883,4.800000000000001,-2.1,-66.60000000000001,0.71,0.12,0.63
81.60084772109985,5.0,-2.1,-66.9,0.71,0.1,0.64
81.60986113548279,4.9,-2.2,-66.8,0.71,0.12,0.63
81.61984443664551,4.800000000000001,-2.2,-66.5,0.7000000000000001,0.07,0.64
81.6307156085968,4.7,-1.9000000000000001,-67.0,0.7000000000000001,0.11,0.62
81.63972568511963,4.9,-2.1,-66.7,0.71,0.11,0.64
81.64990067481995,4.7,-1.9000000000000001,-66.5,0.67,0.07,0.63
81.66038250923157,4.6000000000000005,-2.1,-66.5,0.6900000000000001,0.08,0.63
81.67018246650696,5.0,-2.0,-66.5,0.68,0.12,0.63
81.67978429794312,4.800000000000001,-2.1,-66.7,0.7000000000000001,0.11,0.63
81.69005274772644,4.9,-2.3000000000000003,-66.7,0.73,0.1,0.63
81.69988417625427,5.300000000000001,-2.7,-66.60000000000001,0.76,0.14,0.63
81.71025824546814,5.0,-2.5,-66.4,0.74,0.12,0.64
81.71981120109558,4.800000000000001,-2.2,-66.5,0.71,0.12,0.63
81.73012447357178,4.7,-2.3000000000000003,-66.8,0.72,0.08,0.64
81.74037170410156,5.1000000000000005,-2.1,-66.60000000000001,0.7000000000000001,0.12,0.63
81.75012922286987,5.0,-2.1,-66.4,0.7000000000000001,0.12,0.64
81.7602322101593,4.9,-1.9000000000000001,-66.8,0.6900000000000001,0.1,0.64
81.77020788192749,4.800000000000001,-2.0,-66.4,0.7000000000000001,0.09,0.64
81.78013396263123,5.1000000000000005,-1.9000000000000001,-66.60000000000001,0.6900000000000001,0.11,0.63
81.79025030136108,4.800000000000001,-2.0,-66.4,0.6900000000000001,0.11,0.63
81.80032086372375,5.0,-2.1,-66.7,0.7000000000000001,0.09,0.63
81.8101749420166,5.0,-2.1,-66.4,0.71,0.12,0.63
81.81991744041443,5.0,-2.1,-66.60000000000001,0.71,0.1,0.64
81.83017301559448,4.800000000000001,-2.0,-66.7,0.6900000000000001,0.1,0.63
81.84021329879761,5.300000000000001,-2.1,-66.8,0.7000000000000001,0.14,0.63
81.84981083869934,4.9,-1.9000000000000001,-66.5,0.67,0.11,0.64
81.85992693901062,4.6000000000000005,-2.1,-66.60000000000001,0.7000000000000001,0.07,0.64
81.8703944683075,4.9,-2.3000000000000003,-66.3,0.72,0.09,0.63
81.87995862960815,4.800000000000001,-2.0,-66.2,0.68,0.1,0.63
81.88990616798401,4.800000000000001,-2.2,-66.4,0.7000000000000001,0.09,0.64
81.90014362335205,4.9,-2.5,-66.60000000000001,0.74,0.12,0.63
81.91037321090698,5.2,-2.3000000000000003,-66.60000000000001,0.73,0.15,0.64
81.92084503173828,4.9,-2.2,-66.5,0.71,0.1,0.64
81.93034982681274,4.7,-2.2,-66.4,0.71,0.07,0.63
81.93995881080627,4.7,-2.3000000000000003,-66.4,0.7000000000000001,0.09,0.64
81.94982767105103,4.800000000000001,-2.1,-66.5,0.7000000000000001,0.1,0.63
81.95998883247375,5.1000000000000005,-2.0,-66.5,0.7000000000000001,0.14,0.63
81.97137546539307,4.9,-2.2,-66.8,0.7000000000000001,0.12,0.64
81.97972822189331,4.6000000000000005,-1.8,-66.60000000000001,0.68,0.06,0.63
81.99005699157715,4.4,-2.4000000000000004,-67.10000000000001,0.72,0.06,0.64
82.000070810318,4.9,-1.8,-66.3,0.68,0.09,0.63
82.01074314117432,5.1000000000000005,-2.1,-67.10000000000001,0.6900000000000001,0.17,0.63
82.01976418495178,4.7,-1.8,-66.5,0.6900000000000001,0.09,0.63
82.02983808517456,4.5,-2.2,-66.9,0.7000000000000001,0.05,0.64
82.04067873954773,4.800000000000001,-2.3000000000000003,-66.7,0.73,0.09,0.63
82.05067157745361,5.0,-1.9000000000000001,-66.4,0.68,0.12,0.64
82.06012034416199,4.7,-1.9000000000000001,-66.5,0.68,0.1,0.64
82.07036089897156,4.9,-2.2,-66.4,0.71,0.09,0.63
82.08015584945679,5.2,-2.0,-66.60000000000001,0.7000000000000001,0.14,0.63
82.0899920463562,5.0,-2.1,-66.3,0.6900000000000001,0.13,0.64
82.09985399246216,4.7,-2.1,-66.10000000000001,0.6900000000000001,0.09,0.63
82.1101005077362,4.7,-2.2,-66.5,0.72,0.09,0.63
82.11980509757996,4.9,-2.4000000000000004,-66.3,0.73,0.1,0.64
82.12981724739075,5.0,-1.9000000000000001,-66.4,0.6900000000000001,0.12,0.63
82.13990688323975,5.0,-2.2,-66.10000000000001,0.7000000000000001,0.12,0.64
82.1499719619751,5.0,-2.3000000000000003,-66.7,0.72,0.15,0.63
82.15973591804504,5.0,-2.2,-66.60000000000001,0.71,0.1,0.64
82.17070031166077,4.800000000000001,-2.0,-66.2,0.7000000000000001,0.09,0.63
82.18146181106567,4.9,-2.0,-66.4,0.68,0.12,0.64
82.19052720069885,4.800000000000001,-1.9000000000000001,-66.4,0.68,0.08,0.63
82.2007212638855,4.6000000000000005,-1.9000000000000001,-66.60000000000001,0.7000000000000001,0.1,0.63
82.21071481704712,5.1000000000000005,-1.8,-66.5,0.67,0.11,0.65
82.2198657989502,4.9,-1.9000000000000001,-66.3,0.67,0.11,0.63
82.22990322113037,4.5,-2.0,-66.2,0.7000000000000001,0.06,0.64
82.2405617237091,4.5,-1.8,-66.5,0.67,0.08,0.63
82.24986505508423,4.7,-2.1,-65.8,0.6900000000000001,0.07,0.64
82.25984191894531,4.6000000000000005,-1.9000000000000001,-66.60000000000001,0.68,0.09,0.63
82.27034735679626,5.0,-2.3000000000000003,-66.3,0.72,0.1,0.64
82.28119277954102,4.9,-2.2,-66.3,0.72,0.13,0.63
82.29076528549194,4.5,-2.0,-66.3,0.68,0.09,0.64
82.30077815055847,4.6000000000000005,-2.4000000000000004,-66.2,0.73,0.08,0.62
82.31038212776184,4.800000000000001,-2.4000000000000004,-66.2,0.74,0.08,0.64
82.31992244720459,5.1000000000000005,-2.2,-66.60000000000001,0.71,0.13,0.65
82.32987833023071,4.9,-2.0,-66.10000000000001,0.6900000000000001,0.14,0.62
82.34001851081848,4.5,-2.4000000000000004,-66.60000000000001,0.73,0.08,0.64
82.35017776489258,4.6000000000000005,-2.3000000000000003,-66.3,0.75,0.07,0.64
82.3597424030304,4.800000000000001,-2.3000000000000003,-66.60000000000001,0.73,0.08,0.64
82.37023162841797,5.0,-1.9000000000000001,-66.4,0.67,0.1,0.64
82.38026452064514,5.0,-1.9000000000000001,-66.3,0.66,0.12,0.63
82.38987445831299,4.9,-1.9000000000000001,-66.3,0.6900000000000001,0.13,0.63
82.39997339248657,5.0,-1.9000000000000001,-66.10000000000001,0.7000000000000001,0.12,0.63
82.41019916534424,4.9,-1.9000000000000001,-66.5,0.6900000000000001,0.09,0.64
82.42001700401306,4.7,-1.9000000000000001,-66.10000000000001,0.68,0.1,0.63
82.4298095703125,4.9,-1.9000000000000001,-66.3,0.6900000000000001,0.11,0.64
82.44008135795593,5.0,-2.0,-66.3,0.7000000000000001,0.1,0.64
82.45080327987671,4.9,-1.9000000000000001,-66.2,0.68,0.13,0.64
82.45978093147278,5.0,-1.9000000000000001,-66.2,0.6900000000000001,0.11,0.64
82.46999907493591,4.6000000000000005,-2.1,-66.2,0.7000000000000001,0.08,0.63
82.47998690605164,4.9,-2.0,-66.10000000000001,0.7000000000000001,0.11,0.63
82.48983645439148,5.1000000000000005,-1.9000000000000001,-66.10000000000001,0.6900000000000001,0.12,0.64
82.49985408782959,4.800000000000001,-1.9000000000000001,-66.10000000000001,0.68,0.1,0.64
82.50980734825134,4.800000000000001,-2.3000000000000003,-66.3,0.72,0.1,0.64
82.52031373977661,4.800000000000001,-2.5,-66.3,0.74,0.08,0.64
82.52973937988281,4.800000000000001,-2.5,-66.3,0.74,0.1,0.64
82.5396339893341,4.9,-2.4000000000000004,-66.2,0.73,0.12,0.63
82.55054497718811,4.800000000000001,-2.4000000000000004,-66.4,0.73,0.1,0.64
82.55986714363098,4.7,-2.1,-66.10000000000001,0.7000000000000001,0.09,0.63
82.56999516487122,4.7,-2.1,-66.3,0.71,0.1,0.64
82.58039259910583,4.800000000000001,-1.9000000000000001,-66.2,0.68,0.1,0.64
82.5900809764862,4.800000000000001,-1.8,-66.4,0.67,0.08,0.64
82.59989213943481,4.7,-1.8,-66.3,0.68,0.09,0.63
82.60994553565979,4.7,-2.0,-66.2,0.6900000000000001,0.1,0.63
82.61992597579956,4.800000000000001,-2.1,-66.4,0.71,0.09,0.64
82.6298406124115,4.800000000000001,-2.1,-66.2,0.7000000000000001,0.1,0.64
82.63991713523865,4.7,-1.9000000000000001,-66.2,0.68,0.1,0.64
82.6505913734436,4.800000000000001,-1.8,-66.2,0.67,0.09,0.64
82.66001486778259,4.6000000000000005,-1.9000000000000001,-66.2,0.68,0.07,0.63
82.66976499557495,4.4,-1.9000000000000001,-66.3,0.6900000000000001,0.07,0.64
82.68061995506287,4.7,-1.9000000000000001,-66.2,0.6900000000000001,0.09,0.63
82.68999767303467,4.9,-2.1,-66.0,0.6900000000000001,0.11,0.64
82.69985222816467,4.5,-2.1,-66.10000000000001,0.7000000000000001,0.09,0.64
82.70999264717102,4.7,-2.5,-66.2,0.75,0.1,0.64
82.72019147872925,5.0,-2.4000000000000004,-66.4,0.74,0.12,0.64
82.72983574867249,4.800000000000001,-2.1,-66.10000000000001,0.7000000000000001,0.1,0.64
82.74067091941833,4.800000000000001,-2.4000000000000004,-66.3,0.73,0.1,0.64
82.75019001960754,4.800000000000001,-2.4000000000000004,-66.0,0.74,0.11,0.64
82.76005053520203,4.7,-2.1,-65.9,0.7000000000000001,0.08,0.64
82.77000856399536,5.0,-1.9000000000000001,-65.9,0.6900000000000001,0.13,0.63
82.77994084358215,4.9,-1.8,-66.0,0.68,0.12,0.64
82.79100179672241,4.7,-1.7000000000000002,-66.10000000000001,0.67,0.08,0.64
82.79978680610657,4.7,-1.7000000000000002,-65.9,0.67,0.09,0.63
82.81023836135864,4.800000000000001,-1.9000000000000001,-66.3,0.7000000000000001,0.08,0.64
82.82018566131592,4.9,-1.6,-66.10000000000001,0.67,0.11,0.62
82.83007335662842,4.9,-1.6,-66.10000000000001,0.66,0.16,0.63
82.83974552154541,5.0,-1.7000000000000002,-65.9,0.68,0.1,0.64
82.85006356239319,4.5,-1.8,-66.10000000000001,0.67,0.07,0.64
82.85999798774719,4.5,-1.8,-65.9,0.68,0.09,0.64
82.86993384361267,4.9,-1.7000000000000002,-66.3,0.68,0.1,0.64
82.8814857006073,4.7,-1.9000000000000001,-66.10000000000001,0.68,0.09,0.64
82.89097785949707,4.800000000000001,-2.2,-66.10000000000001,0.7000000000000001,0.09,0.64
82.89978790283203,4.5,-2.3000000000000003,-66.0,0.74,0.09,0.63
82.9098150730133,4.800000000000001,-2.5,-65.9,0.75,0.09,0.64
82.91994905471802,5.0,-2.2,-66.4,0.72,0.15,0.62
82.92991304397583,4.6000000000000005,-2.4000000000000004,-66.10000000000001,0.74,0.09,0.64
82.94070363044739,4.3,-2.5,-65.9,0.74,0.04,0.64
82.95044159889221,4.2,-2.3000000000000003,-65.9,0.72,0.04,0.64
82.96018648147583,4.6000000000000005,-2.2,-66.10000000000001,0.72,0.09,0.64
82.96982264518738,5.0,-2.0,-66.0,0.7000000000000001,0.12,0.64
82.98005795478821,5.2,-1.9000000000000001,-66.10000000000001,0.68,0.16,0.64
82.99069690704346,4.7,-1.8,-65.9,0.67,0.11,0.64
82.99986934661865,4.5,-1.8,-66.0,0.6900000000000001,0.05,0.64
83.00985908508301,4.1000000000000005,-1.8,-66.10000000000001,0.68,0.03,0.64
83.02032327651978,4.4,-1.7000000000000002,-65.9,0.67,0.07,0.64
83.03059458732605,5.1000000000000005,-1.8,-66.4,0.68,0.13,0.64
83.03981041908264,4.7,-1.7000000000000002,-66.0,0.67,0.09,0.65
83.05039310455322,4.4,-1.7000000000000002,-66.10000000000001,0.6900000000000001,0.07,0.64
83.06062030792236,4.9,-1.8,-66.3,0.6900000000000001,0.11,0.64
83.06991648674011,5.2,-2.0,-66.10000000000001,0.6900000000000001,0.12,0.64
83.07990598678589,4.5,-2.0,-65.9,0.7000000000000001,0.07,0.64
83.09010100364685,4.800000000000001,-2.1,-65.9,0.72,0.1,0.63
83.09988045692444,5.300000000000001,-2.0,-65.9,0.6900000000000001,0.15,0.63
83.11055731773376,4.9,-2.2,-65.8,0.71,0.11,0.64
83.11986947059631,4.800000000000001,-2.4000000000000004,-65.8,0.73,0.09,0.64
83.13007020950317,4.800000000000001,-2.3000000000000003,-65.8,0.73,0.09,0.64
83.13978052139282,5.1000000000000005,-2.1,-65.8,0.71,0.13,0.63
83.15021562576294,5.2,-2.0,-65.9,0.7000000000000001,0.16,0.64
83.15993428230286,5.300000000000001,-1.8,-66.0,0.6900000000000001,0.13,0.64
83.17005586624146,4.7,-1.8,-65.5,0.68,0.09,0.64
83.17971992492676,4.6000000000000005,-1.9000000000000001,-65.9,0.6900000000000001,0.11,0.63
83.18994450569153,4.9,-1.8,-65.9,0.6900000000000001,0.13,0.64
83.19986605644226,4.9,-1.6,-65.9,0.65,0.08,0.64
83.20978045463562,4.6000000000000005,-1.8,-65.9,0.68,0.1,0.64
83.22021865844727,4.7,-1.9000000000000001,-65.9,0.7000000000000001,0.09,0.64
83.2297580242157,4.7,-2.0,-66.0,0.7000000000000001,0.08,0.64
83.24005341529846,4.7,-2.0,-65.7,0.7000000000000001,0.09,0.64
83.25028204917908,4.5,-1.8,-66.10000000000001,0.68,0.1,0.63
83.25993847846985,4.7,-1.8,-66.2,0.68,0.1,0.64
83.27175855636597,4.7,-1.7000000000000002,-66.0,0.68,0.09,0.63
83.27980971336365,4.7,-2.1,-66.10000000000001,0.71,0.09,0.64
83.29024004936218,4.4,-2.0,-66.0,0.71,0.05,0.64
83.30105352401733,4.7,-2.5,-65.9,0.73,0.09,0.65
83.31085729598999,5.1000000000000005,-2.0,-65.9,0.6900000000000001,0.15,0.62
83.32073473930359,4.6000000000000005,-2.2,-65.9,0.71,0.1,0.64
83.3305914402008,4.3,-2.0,-65.9,0.72,0.04,0.64
83.33993005752563,4.6000000000000005,-2.5,-66.2,0.76,0.08,0.64
83.35050630569458,4.6000000000000005,-1.6,-65.8,0.66,0.07,0.64
83.3597800731659,4.5,-1.5,-65.8,0.64,0.09,0.63
83.37031698226929,4.6000000000000005,-1.9000000000000001,-65.9,0.6900000000000001,0.08,0.64
83.38001990318298,4.6000000000000005,-1.9000000000000001,-65.8,0.6900000000000001,0.08,0.63
83.39019322395325,4.9,-2.0,-66.0,0.71,0.12,0.64
83.39980673789978,4.7,-2.0,-65.9,0.7000000000000001,0.09,0.64
83.41051745414734,4.6000000000000005,-2.0,-65.8,0.7000000000000001,0.09,0.64
83.41999459266663,4.7,-1.9000000000000001,-65.9,0.6900000000000001,0.1,0.63
83.42997431755066,4.800000000000001,-1.6,-65.9,0.66,0.1,0.64
83.4398980140686,4.6000000000000005,-1.9000000000000001,-65.9,0.68,0.08,0.64
83.45014977455139,5.0,-2.0,-66.0,0.7000000000000001,0.12,0.64
83.45978283882141,5.0,-1.7000000000000002,-65.8,0.6900000000000001,0.12,0.64
83.47005844116211,4.800000000000001,-1.8,-65.8,0.6900000000000001,0.11,0.64
83.48099660873413,4.800000000000001,-2.1,-65.60000000000001,0.7000000000000001,0.12,0.64
83.48997378349304,5.1000000000000005,-2.0,-65.60000000000001,0.6900000000000001,0.11,0.64
83.50055289268494,4.6000000000000005,-2.1,-65.8,0.71,0.1,0.64
83.51011276245117,4.9,-2.3000000000000003,-65.7,0.73,0.1,0.64
83.52062964439392,4.9,-1.7000000000000002,-65.60000000000001,0.66,0.1,0.64
83.52988624572754,4.7,-1.8,-65.60000000000001,0.67,0.1,0.63
83.53972363471985,4.5,-1.7000000000000002,-65.5,0.68,0.09,0.64
83.55128288269043,5.0,-1.6,-65.9,0.66,0.09,0.64
83.56031894683838,4.9,-1.8,-66.2,0.67,0.09,0.64
83.56986951828003,4.800000000000001,-2.0,-66.0,0.71,0.09,0.65
83.58012509346008,4.800000000000001,-2.2,-65.60000000000001,0.72,0.08,0.63
83.59001731872559,4.7,-1.9000000000000001,-65.5,0.71,0.11,0.63
83.599937915802,4.6000000000000005,-1.9000000000000001,-65.7,0.7000000000000001,0.09,0.64
83.61013007164001,4.5,-1.7000000000000002,-65.8,0.66,0.05,0.64
83.62002921104431,4.6000000000000005,-2.0,-65.8,0.6900000000000001,0.07,0.63
83.63041996955872,4.7,-1.9000000000000001,-65.9,0.7000000000000001,0.1,0.64
83.63971138000488,4.800000000000001,-2.0,-65.8,0.6900000000000001,0.12,0.64
83.65029573440552,4.6000000000000005,-1.8,-65.9,0.68,0.06,0.64
83.66058778762817,4.5,-2.0,-65.7,0.7000000000000001,0.11,0.63
83.66978549957275,4.5,-1.8,-65.7,0.67,0.09,0.64
83.68006324768066,4.4,-1.7000000000000002,-65.7,0.66,0.03,0.65
83.6907730102539,4.4,-2.1,-65.8,0.71,0.06,0.63
83.69991660118103,4.7,-2.0,-65.7,0.7000000000000001,0.1,0.64
83.70994257926941,4.6000000000000005,-1.6,-65.60000000000001,0.66,0.06,0.65
83.71970701217651,4.7,-2.0,-65.60000000000001,0.6900000000000001,0.1,0.63
83.72989869117737,4.9,-1.9000000000000001,-65.5,0.68,0.15,0.64
83.73974442481995,5.0,-1.8,-65.5,0.68,0.1,0.64
83.74983406066895,4.4,-2.0,-65.5,0.7000000000000001,0.07,0.63
83.76008796691895,4.4,-2.0,-65.5,0.7000000000000001,0.07,0.64
83.76990723609924,4.7,-1.9000000000000001,-65.5,0.6900000000000001,0.08,0.64
83.78089451789856,4.9,-2.1,-65.60000000000001,0.7000000000000001,0.1,0.64
83.79088544845581,4.9,-2.1,-65.7,0.7000000000000001,0.11,0.64
83.800785779953,5.0,-2.1,-65.4,0.73,0.15,0.64
83.81020426750183,5.1000000000000005,-2.2,-65.8,0.71,0.1,0.65
83.81987428665161,4.3,-1.4000000000000001,-65.10000000000001,0.65,0.09,0.63
83.82994771003723,5.0,-2.1,-65.8,0.6900000000000001,0.12,0.65
83.84016227722168,4.7,-1.5,-65.3,0.66,0.13,0.63
83.85002422332764,4.6000000000000005,-2.0,-65.7,0.72,0.07,0.65
83.86102938652039,4.6000000000000005,-1.9000000000000001,-65.3,0.71,0.07,0.64
83.87001729011536,4.800000000000001,-1.7000000000000002,-65.7,0.66,0.11,0.64
83.88075089454651,4.9,-1.9000000000000001,-65.4,0.6900000000000001,0.11,0.64
83.89076709747314,5.2,-2.0,-65.60000000000001,0.7000000000000001,0.13,0.63
83.90075516700745,4.6000000000000005,-1.5,-65.4,0.67,0.13,0.64
83.91081047058105,4.6000000000000005,-1.6,-65.5,0.68,0.07,0.64
83.92067217826843,4.5,-1.9000000000000001,-65.9,0.68,0.06,0.63
83.93107795715332,4.7,-1.7000000000000002,-65.9,0.67,0.09,0.64
83.94072008132935,4.7,-1.6,-65.9,0.66,0.11,0.64
83.94983243942261,5.0,-1.6,-65.5,0.68,0.12,0.64
83.95996713638306,4.5,-1.6,-65.2,0.66,0.09,0.63
83.97039246559143,4.4,-1.8,-65.4,0.68,0.11,0.63
83.98004817962646,4.800000000000001,-2.2,-65.9,0.71,0.1,0.64
83.98999309539795,4.3,-1.8,-65.60000000000001,0.67,0.03,0.64
84.00004744529724,4.6000000000000005,-2.2,-65.60000000000001,0.71,0.07,0.64
84.0100908279419,4.9,-1.8,-65.60000000000001,0.6900000000000001,0.14,0.63
84.0197958946228,5.0,-1.8,-65.60000000000001,0.6900000000000001,0.1,0.65
84.0300030708313,4.3,-1.7000000000000002,-65.5,0.66,0.06,0.64
84.04000401496887,4.4,-2.1,-65.4,0.7000000000000001,0.08,0.64
84.04993224143982,4.9,-1.9000000000000001,-65.4,0.6900000000000001,0.1,0.63
84.06057596206665,4.6000000000000005,-1.9000000000000001,-65.4,0.68,0.09,0.64
84.07027959823608,4.6000000000000005,-2.1,-65.3,0.7000000000000001,0.09,0.64
84.0799949169159,4.800000000000001,-1.9000000000000001,-65.60000000000001,0.6900000000000001,0.11,0.64
84.09011912345886,4.800000000000001,-1.9000000000000001,-65.3,0.7000000000000001,0.08,0.64
84.10078763961792,4.6000000000000005,-1.7000000000000002,-65.3,0.68,0.1,0.63
84.10993790626526,4.5,-1.7000000000000002,-66.0,0.66,0.06,0.64
84.11986041069031,4.800000000000001,-2.0,-65.5,0.71,0.06,0.65
84.12995743751526,4.6000000000000005,-1.5,-65.2,0.65,0.08,0.63
84.13999938964844,4.7,-1.8,-65.5,0.67,0.13,0.64
84.14979839324951,4.6000000000000005,-2.0,-65.7,0.6900000000000001,0.12,0.64
84.15992856025696,4.7,-2.1,-65.3,0.71,0.09,0.64
84.17010307312012,4.800000000000001,-2.2,-65.7,0.72,0.09,0.64
84.18048596382141,4.7,-1.8,-65.2,0.6900000000000001,0.13,0.63
84.1900110244751,5.1000000000000005,-1.7000000000000002,-65.5,0.66,0.12,0.65
84.20057129859924,4.6000000000000005,-1.6,-65.5,0.65,0.07,0.64
84.21003794670105,4.7,-1.6,-65.4,0.67,0.1,0.63
84.21985602378845,4.7,-1.5,-65.3,0.66,0.1,0.64
84.23033738136292,5.0,-1.5,-65.4,0.66,0.11,0.63
84.2399172782898,4.800000000000001,-1.7000000000000002,-65.4,0.68,0.1,0.64
84.24998712539673,4.6000000000000005,-1.7000000000000002,-65.3,0.68,0.1,0.64
84.26036715507507,4.6000000000000005,-1.9000000000000001,-65.4,0.6900000000000001,0.09,0.64
84.27065062522888,4.800000000000001,-1.8,-65.3,0.7000000000000001,0.08,0.64
84.27987289428711,4.6000000000000005,-1.9000000000000001,-65.3,0.6900000000000001,0.09,0.64
84.28995156288147,4.4,-1.7000000000000002,-65.2,0.68,0.07,0.64
84.30052399635315,4.9,-1.8,-65.3,0.6900000000000001,0.1,0.64
84.31032276153564,5.300000000000001,-1.9000000000000001,-65.60000000000001,0.6900000000000001,0.13,0.64
84.32073473930359,4.5,-1.9000000000000001,-65.5,0.6900000000000001,0.06,0.65
84.33074235916138,4.4,-2.1,-65.60000000000001,0.71,0.09,0.63
84.34080910682678,4.800000000000001,-1.9000000000000001,-65.5,0.6900000000000001,0.08,0.65
84.35075974464417,4.7,-1.6,-65.3,0.67,0.08,0.64
84.35970449447632,4.800000000000001,-1.9000000000000001,-65.10000000000001,0.7000000000000001,0.12,0.64
84.37080764770508,4.800000000000001,-1.6,-65.60000000000001,0.65,0.09,0.65
84.3799102306366,4.7,-1.5,-65.3,0.67,0.09,0.63
84.3899998664856,4.3,-1.7000000000000002,-65.3,0.6900000000000001,0.07,0.64
84.39996433258057,4.5,-1.7000000000000002,-65.4,0.68,0.06,0.64
84.41068005561829,4.800000000000001,-1.7000000000000002,-65.2,0.67,0.11,0.64
84.4197998046875,4.9,-1.9000000000000001,-65.4,0.6900000000000001,0.12,0.64
84.42974090576172,4.7,-1.7000000000000002,-65.2,0.6900000000000001,0.1,0.64
84.4398603439331,4.7,-1.7000000000000002,-65.2,0.68,0.1,0.64
84.44982528686523,4.7,-1.6,-65.2,0.67,0.1,0.64
84.46019959449768,4.7,-1.8,-65.2,0.68,0.1,0.64
84.47111439704895,4.800000000000001,-1.8,-65.10000000000001,0.6900000000000001,0.08,0.64
84.48002338409424,4.800000000000001,-1.9000000000000001,-65.5,0.6900000000000001,0.1,0.64
84.48992228507996,5.2,-1.8,-65.3,0.6900000000000001,0.11,0.64
84.50005292892456,5.1000000000000005,-1.5,-64.9,0.66,0.13,0.63
84.51060652732849,5.0,-1.4000000000000001,-65.5,0.64,0.12,0.64
84.51976203918457,4.800000000000001,-1.7000000000000002,-65.4,0.6900000000000001,0.09,0.64
84.52973985671997,4.5,-1.8,-65.3,0.68,0.04,0.64
84.53992581367493,4.9,-1.6,-65.3,0.67,0.13,0.63
84.54991364479065,5.300000000000001,-1.6,-65.3,0.65,0.14,0.65
84.56046557426453,4.800000000000001,-1.4000000000000001,-65.2,0.64,0.11,0.64
84.57066559791565,4.6000000000000005,-1.9000000000000001,-65.2,0.7000000000000001,0.09,0.64
84.58002161979675,4.7,-1.9000000000000001,-65.2,0.7000000000000001,0.09,0.64
84.58994698524475,4.9,-1.8,-65.10000000000001,0.7000000000000001,0.1,0.64
84.60072541236877,5.0,-1.6,-65.10000000000001,0.66,0.15,0.64
84.61082983016968,4.800000000000001,-1.5,-65.2,0.64,0.12,0.65
84.62067437171936,4.3,-1.9000000000000001,-64.9,0.6900000000000001,0.04,0.64
84.63059306144714,4.3,-2.1,-64.9,0.73,0.05,0.63
84.64078164100647,4.7,-2.0,-65.10000000000001,0.71,0.1,0.64
84.64982962608337,5.300000000000001,-1.7000000000000002,-65.5,0.67,0.15,0.64
84.65992069244385,4.800000000000001,-1.6,-65.0,0.67,0.12,0.64
84.67036414146423,4.6000000000000005,-1.9000000000000001,-65.2,0.7000000000000001,0.11,0.63
84.68085598945618,4.7,-1.7000000000000002,-65.4,0.68,0.09,0.64
84.69064974784851,4.7,-1.6,-65.5,0.66,0.07,0.64
84.70068836212158,4.5,-1.7000000000000002,-65.4,0.67,0.04,0.64
84.71074485778809,4.5,-1.9000000000000001,-65.3,0.7000000000000001,0.09,0.63
84.71978163719177,4.9,-1.6,-65.2,0.67,0.12,0.64
84.72977328300476,4.9,-1.5,-65.2,0.65,0.12,0.64
84.740229845047,4.9,-1.6,-65.2,0.67,0.11,0.64
84.75105595588684,4.7,-1.6,-65.2,0.67,0.1,0.64
84.76007199287415,4.6000000000000005,-1.6,-65.7,0.67,0.04,0.64
84.77017831802368,4.7,-1.7000000000000002,-64.9,0.68,0.09,0.63
84.77992677688599,5.2,-1.4000000000000001,-65.0,0.65,0.16,0.64
84.79072546958923,5.1000000000000005,-1.0,-64.8,0.62,0.12,0.64
84.79977560043335,4.6000000000000005,-1.7000000000000002,-65.10000000000001,0.66,0.08,0.64
84.81009149551392,4.5,-2.0,-64.8,0.72,0.05,0.64
84.82081627845764,5.0,-2.0,-65.10000000000001,0.71,0.09,0.63
84.82973837852478,5.300000000000001,-1.5,-65.3,0.66,0.14,0.64
84.83980441093445,5.0,-1.5,-65.10000000000001,0.64,0.11,0.64
84.85010552406311,5.1000000000000005,-1.8,-64.9,0.68,0.13,0.63
84.86000990867615,5.2,-1.8,-65.4,0.6900000000000001,0.13,0.64
84.87029504776001,4.5,-1.6,-65.2,0.67,0.06,0.64
84.8809597492218,4.4,-1.9000000000000001,-65.2,0.68,0.05,0.65
84.89013981819153,4.5,-1.9000000000000001,-65.0,0.6900000000000001,0.07,0.63
84.89980101585388,4.7,-1.8,-65.10000000000001,0.6900000000000001,0.1,0.64
84.90992426872253,5.1000000000000005,-1.6,-65.10000000000001,0.68,0.13,0.64
84.92033338546753,5.0,-1.8,-65.2,0.68,0.12,0.64
84.9298951625824,4.800000000000001,-1.3,-65.10000000000001,0.66,0.09,0.64
84.94014167785645,4.800000000000001,-1.4000000000000001,-65.10000000000001,0.65,0.09,0.64
84.95027446746826,4.800000000000001,-1.5,-64.8,0.66,0.1,0.63
84.95988059043884,5.1000000000000005,-1.5,-65.10000000000001,0.66,0.13,0.64
84.96991991996765,4.9,-1.6,-65.0,0.67,0.11,0.64
84.98018312454224,4.800000000000001,-1.7000000000000002,-64.8,0.68,0.09,0.63
84.99084782600403,4.800000000000001,-1.9000000000000001,-64.8,0.68,0.09,0.64
84.99991989135742,5.0,-1.8,-65.3,0.68,0.11,0.64
85.01054000854492,5.0,-2.1,-64.9,0.71,0.09,0.64
85.02016043663025,5.1000000000000005,-1.8,-65.7,0.66,0.11,0.64
85.02980971336365,4.6000000000000005,-1.2000000000000002,-65.3,0.62,0.1,0.63
85.03983759880066,5.1000000000000005,-1.6,-64.7,0.67,0.08,0.64
85.05006980895996,4.9,-1.8,-65.10000000000001,0.68,0.08,0.64
85.06008839607239,4.800000000000001,-1.6,-65.2,0.67,0.09,0.64
85.07000780105591,5.0,-1.6,-65.10000000000001,0.67,0.13,0.64
85.07999324798584,5.0,-1.5,-65.3,0.65,0.1,0.64
85.08998990058899,4.9,-1.6,-65.0,0.67,0.12,0.63
85.10072708129883,5.0,-1.5,-65.0,0.67,0.13,0.64
85.11068964004517,5.1000000000000005,-1.4000000000000001,-65.10000000000001,0.65,0.11,0.65
85.12068843841553,4.800000000000001,-1.6,-64.9,0.65,0.08,0.64
85.13067078590393,4.5,-1.7000000000000002,-64.8,0.68,0.07,0.64
85.13966464996338,4.6000000000000005,-1.5,-65.10000000000001,0.65,0.08,0.63
85.15002775192261,4.800000000000001,-1.6,-65.10000000000001,0.67,0.1,0.63
85.16011071205139,4.9,-1.6,-64.8,0.67,0.13,0.63
85.17013311386108,5.2,-2.0,-64.9,0.71,0.11,0.64
85.17989587783813,4.6000000000000005,-2.0,-64.60000000000001,0.7000000000000001,0.09,0.63
85.18999910354614,4.7,-2.1,-64.5,0.71,0.11,0.64
85.20076608657837,5.0,-1.9000000000000001,-64.60000000000001,0.6900000000000001,0.1,0.63
85.21077227592468,5.2,-1.5,-65.2,0.65,0.11,0.64
85.22072434425354,5.0,-1.5,-65.0,0.65,0.1,0.64
85.23080348968506,4.9,-1.7000000000000002,-64.3,0.6900000000000001,0.12,0.63
85.24094247817993,5.1000000000000005,-1.6,-65.2,0.65,0.1,0.64
85.25072073936462,4.7,-1.1,-65.2,0.62,0.11,0.64
85.25972318649292,4.800000000000001,-1.5,-64.4,0.67,0.1,0.64
85.2705066204071,4.9,-1.6,-65.2,0.65,0.09,0.64
85.28104066848755,4.9,-1.3,-64.9,0.65,0.12,0.64
85.29070568084717,4.9,-1.7000000000000002,-65.10000000000001,0.68,0.11,0.64
85.3008131980896,4.800000000000001,-1.5,-64.60000000000001,0.67,0.08,0.64
85.31013751029968,4.6000000000000005,-1.7000000000000002,-64.8,0.67,0.08,0.63
85.31982111930847,4.9,-1.4000000000000001,-64.7,0.66,0.13,0.64
85.32988810539246,5.2,-1.5,-64.8,0.67,0.13,0.64
85.34006476402283,4.800000000000001,-1.5,-64.8,0.64,0.11,0.64
85.34980630874634,5.0,-2.2,-64.60000000000001,0.72,0.11,0.64
85.35995864868164,4.800000000000001,-2.1,-64.60000000000001,0.72,0.1,0.63
85.37006878852844,4.9,-1.5,-64.7,0.67,0.11,0.64
85.38081741333008,5.1000000000000005,-1.7000000000000002,-65.5,0.65,0.12,0.64
85.3898503780365,5.0,-1.5,-65.0,0.67,0.13,0.63
85.40012693405151,5.1000000000000005,-1.4000000000000001,-65.10000000000001,0.65,0.1,0.65
85.40991735458374,5.0,-1.4000000000000001,-65.2,0.65,0.11,0.63
85.42048597335815,4.800000000000001,-1.3,-65.0,0.63,0.13,0.64
85.43006801605225,4.7,-1.3,-65.2,0.63,0.1,0.64
85.4402539730072,4.7,-1.4000000000000001,-64.9,0.66,0.07,0.64
85.45067834854126,4.9,-1.6,-64.8,0.68,0.11,0.64
85.46004748344421,5.2,-1.2000000000000002,-64.7,0.63,0.14,0.64
85.47028613090515,5.0,-1.6,-65.0,0.66,0.11,0.64
85.48072147369385,4.800000000000001,-1.8,-64.7,0.6900000000000001,0.11,0.63
85.49021553993225,5.0,-1.6,-64.8,0.67,0.11,0.64
85.4998517036438,4.800000000000001,-1.6,-64.7,0.66,0.07,0.64
85.5102310180664,5.0,-1.5,-64.8,0.66,0.13,0.63
85.52009749412537,5.300000000000001,-1.6,-64.9,0.65,0.13,0.65
85.52982807159424,5.2,-1.7000000000000002,-64.60000000000001,0.6900000000000001,0.14,0.63
85.53993797302246,5.1000000000000005,-2.0,-64.9,0.71,0.12,0.64
85.55018353462219,4.9,-1.7000000000000002,-64.60000000000001,0.68,0.1,0.64
85.56005930900574,5.0,-1.7000000000000002,-65.2,0.66,0.11,0.64
85.56990814208984,5.1000000000000005,-1.5,-65.10000000000001,0.65,0.14,0.64
85.58023715019226,5.0,-1.8,-65.10000000000001,0.68,0.1,0.64
85.59030151367188,4.7,-1.3,-65.4,0.65,0.08,0.63
85.59982633590698,4.800000000000001,-1.3,-65.0,0.65,0.1,0.64
85.60983085632324,4.800000000000001,-1.5,-65.10000000000001,0.65,0.09,0.63
85.61999487876892,4.9,-1.5,-65.0,0.66,0.11,0.64
85.62985396385193,5.0,-1.4000000000000001,-64.9,0.66,0.11,0.64
85.6397602558136,4.9,-1.4000000000000001,-64.8,0.66,0.11,0.64
85.6504054069519,5.2,-1.5,-64.9,0.67,0.11,0.64
85.65983581542969,5.0,-1.5,-64.8,0.66,0.12,0.64
85.66986536979675,4.9,-1.3,-64.7,0.64,0.13,0.63
85.67980027198792,5.2,-1.5,-64.7,0.67,0.1,0.64
85.6910080909729,4.9,-1.7000000000000002,-64.60000000000001,0.67,0.1,0.63
85.7000093460083,4.9,-1.4000000000000001,-65.3,0.64,0.11,0.64
85.70986461639404,5.0,-1.6,-64.4,0.67,0.1,0.64
85.72075009346008,5.1000000000000005,-1.9000000000000001,-64.60000000000001,0.7000000000000001,0.13,0.63
85.73075032234192,5.1000000000000005,-1.6,-65.10000000000001,0.66,0.15,0.64
85.73984551429749,4.9,-1.5,-65.10000000000001,0.67,0.08,0.65
85.75013041496277,4.7,-1.6,-64.7,0.67,0.08,0.63
85.75989961624146,5.5,-1.6,-65.10000000000001,0.66,0.13,0.64
85.77001929283142,5.1000000000000005,-1.3,-65.10000000000001,0.63,0.13,0.64
85.78020668029785,4.800000000000001,-1.2000000000000002,-65.10000000000001,0.64,0.1,0.64
85.79073786735535,5.1000000000000005,-1.5,-64.8,0.66,0.1,0.64
85.7999312877655,5.2,-1.5,-64.9,0.65,0.12,0.64
85.80985856056213,5.300000000000001,-1.3,-64.60000000000001,0.65,0.12,0.64
85.82034182548523,5.1000000000000005,-1.7000000000000002,-64.7,0.68,0.13,0.63
85.83055329322815,5.0,-1.5,-64.9,0.66,0.13,0.64
85.83984971046448,4.9,-1.2000000000000002,-64.9,0.64,0.08,0.64
85.85003161430359,4.6000000000000005,-1.8,-64.8,0.68,0.08,0.63
85.86055374145508,4.9,-1.6,-64.5,0.67,0.09,0.63
85.8697862625122,4.9,-1.6,-64.60000000000001,0.67,0.1,0.63
85.88028764724731,4.9,-1.6,-64.60000000000001,0.66,0.12,0.64
85.89112305641174,4.9,-1.7000000000000002,-64.7,0.68,0.09,0.64
85.90114331245422,5.2,-1.8,-65.10000000000001,0.67,0.12,0.64
85.90992546081543,5.2,-1.7000000000000002,-65.10000000000001,0.6900000000000001,0.13,0.64
85.919837474823,5.0,-1.6,-64.3,0.68,0.12,0.64
85.93075108528137,5.2,-1.6,-64.7,0.66,0.15,0.63
85.93978452682495,5.0,-1.0,-65.0,0.61,0.1,0.64
85.9500675201416,4.5,-1.4000000000000001,-64.9,0.64,0.04,0.64
85.9602472782135,5.1000000000000005,-1.7000000000000002,-65.0,0.6900000000000001,0.08,0.63
85.97017741203308,5.1000000000000005,-1.2000000000000002,-65.0,0.63,0.13,0.64
85.98018002510071,5.300000000000001,-1.0,-65.0,0.62,0.15,0.64
85.99042081832886,5.1000000000000005,-1.2000000000000002,-64.9,0.63,0.12,0.64
86.00002789497375,5.0,-1.4000000000000001,-64.7,0.66,0.14,0.64
86.01005673408508,5.0,-1.2000000000000002,-64.60000000000001,0.65,0.1,0.64
86.01979088783264,4.800000000000001,-1.5,-64.9,0.66,0.08,0.64
86.02987766265869,5.1000000000000005,-1.8,-64.60000000000001,0.6900000000000001,0.13,0.64
86.0397379398346,5.2,-1.6,-64.7,0.67,0.14,0.63
86.04988694190979,5.4,-1.7000000000000002,-64.4,0.68,0.15,0.64
86.06042790412903,5.2,-1.7000000000000002,-64.5,0.67,0.14,0.63
86.06997871398926,5.0,-1.7000000000000002,-65.2,0.67,0.14,0.63
86.08063554763794,5.1000000000000005,-1.8,-64.8,0.6900000000000001,0.12,0.64
86.09014916419983,5.300000000000001,-1.5,-64.8,0.66,0.13,0.64
86.10097551345825,5.2,-1.6,-64.7,0.66,0.12,0.64
86.11068940162659,5.1000000000000005,-1.6,-65.10000000000001,0.67,0.12,0.63
86.12059807777405,5.0,-1.3,-64.4,0.64,0.13,0.64
86.13078761100769,5.0,-1.3,-65.10000000000001,0.65,0.1,0.64
86.14069271087646,4.800000000000001,-1.3,-65.0,0.63,0.1,0.64
86.1497552394867,4.9,-1.2000000000000002,-64.2,0.65,0.1,0.64
86.1610791683197,5.0,-1.2000000000000002,-65.2,0.63,0.09,0.63
86.16992330551147,4.9,-0.9,-65.0,0.61,0.13,0.64
86.17975211143494,5.0,-1.4000000000000001,-64.2,0.65,0.11,0.64
86.18997144699097,5.1000000000000005,-1.4000000000000001,-65.10000000000001,0.65,0.11,0.63
86.20084953308105,4.6000000000000005,-1.6,-64.8,0.67,0.09,0.64
86.2106819152832,4.800000000000001,-1.7000000000000002,-64.7,0.68,0.11,0.63
86.22064304351807,4.9,-1.6,-65.10000000000001,0.66,0.09,0.64
86.23079013824463,5.300000000000001,-1.7000000000000002,-65.2,0.67,0.12,0.63
86.24071884155273,5.300000000000001,-1.5,-65.2,0.66,0.14,0.64
86.24969744682312,5.1000000000000005,-1.7000000000000002,-65.10000000000001,0.66,0.11,0.63
86.26062440872192,5.1000000000000005,-1.8,-64.60000000000001,0.7000000000000001,0.11,0.64
86.27012777328491,5.0,-1.5,-64.9,0.66,0.11,0.64
86.27986240386963,5.1000000000000005,-1.5,-65.0,0.65,0.1,0.64
86.29004502296448,5.2,-1.4000000000000001,-65.10000000000001,0.65,0.13,0.63
86.29993391036987,5.1000000000000005,-1.5,-65.0,0.65,0.15,0.64
86.31004118919373,5.300000000000001,-1.4000000000000001,-64.8,0.67,0.15,0.64
86.31971263885498,5.1000000000000005,-1.4000000000000001,-65.10000000000001,0.65,0.1,0.64
86.32997488975525,5.2,-1.2000000000000002,-64.60000000000001,0.64,0.14,0.64
86.33998131752014,5.300000000000001,-1.3,-65.10000000000001,0.63,0.13,0.64
86.34990191459656,5.300000000000001,-1.4000000000000001,-64.8,0.64,0.16,0.63
86.36044192314148,5.300000000000001,-1.1,-64.8,0.63,0.12,0.64
86.37003993988037,5.1000000000000005,-1.3,-64.4,0.65,0.14,0.63
86.3807144165039,5.300000000000001,-1.5,-64.5,0.66,0.12,0.64
86.39072728157043,5.1000000000000005,-1.5,-64.4,0.66,0.12,0.63
86.40071868896484,5.0,-1.7000000000000002,-65.2,0.66,0.12,0.64
86.41071343421936,5.1000000000000005,-1.4000000000000001,-64.9,0.65,0.1,0.64
86.41972017288208,5.4,-1.5,-65.10000000000001,0.66,0.14,0.63
86.4303183555603,5.2,-1.3,-64.8,0.63,0.13,0.63
86.44001364707947,5.300000000000001,-1.5,-65.3,0.65,0.15,0.63
86.44983887672424,5.1000000000000005,-1.4000000000000001,-64.4,0.65,0.13,0.63
86.46000576019287,5.0,-1.7000000000000002,-64.8,0.6900000000000001,0.11,0.63
86.4707248210907,5.0,-1.5,-65.2,0.65,0.09,0.64
86.47982048988342,5.2,-1.5,-65.0,0.66,0.13,0.64
86.49009728431702,5.1000000000000005,-1.4000000000000001,-64.9,0.65,0.11,0.64
86.5000786781311,5.1000000000000005,-1.3,-64.7,0.65,0.13,0.63
86.51019024848938,5.1000000000000005,-1.3,-65.0,0.64,0.14,0.64
86.51978302001953,4.800000000000001,-1.1,-65.3,0.61,0.06,0.64
86.53053593635559,4.7,-1.4000000000000001,-64.4,0.67,0.09,0.63
86.54001975059509,5.0,-1.5,-64.8,0.66,0.1,0.64
86.55017018318176,4.9,-1.2000000000000002,-64.3,0.64,0.11,0.63
86.5602159500122,5.1000000000000005,-1.6,-64.60000000000001,0.67,0.13,0.64
86.57069444656372,5.2,-1.5,-64.8,0.65,0.13,0.63
86.58070611953735,5.0,-1.3,-65.3,0.64,0.11,0.63
86.58983111381531,4.800000000000001,-1.3,-65.0,0.63,0.09,0.64
86.60013747215271,4.9,-1.5,-64.5,0.66,0.08,0.64
86.61038517951965,5.300000000000001,-1.6,-65.2,0.66,0.14,0.63
86.6198799610138,5.300000000000001,-1.6,-65.4,0.66,0.16,0.64
86.63055348396301,5.2,-1.3,-65.10000000000001,0.63,0.12,0.64
86.64051508903503,5.5,-1.8,-64.8,0.68,0.14,0.64
86.64982318878174,5.300000000000001,-1.7000000000000002,-64.9,0.6900000000000001,0.14,0.63
86.65986824035645,5.1000000000000005,-1.5,-65.10000000000001,0.66,0.13,0.64
86.67045378684998,5.2,-1.4000000000000001,-64.60000000000001,0.66,0.14,0.64
86.68044805526733,5.2,-1.1,-64.5,0.63,0.13,0.63
86.68993616104126,5.300000000000001,-1.2000000000000002,-64.8,0.64,0.12,0.65
86.70018482208252,5.1000000000000005,-1.1,-64.7,0.63,0.13,0.63
86.71031951904297,5.300000000000001,-1.3,-64.4,0.65,0.15,0.64
86.7202935218811,5.2,-1.2000000000000002,-65.10000000000001,0.63,0.12,0.63
86.73063707351685,5.300000000000001,-1.1,-64.60000000000001,0.64,0.14,0.64
86.74088454246521,5.0,-1.3,-64.10000000000001,0.64,0.13,0.63
86.74984884262085,5.1000000000000005,-1.6,-65.10000000000001,0.66,0.09,0.63
86.75990295410156,4.9,-1.5,-64.60000000000001,0.68,0.1,0.63
86.77007484436035,5.1000000000000005,-1.2000000000000002,-64.60000000000001,0.63,0.13,0.63
86.7800726890564,5.2,-1.4000000000000001,-65.0,0.64,0.12,0.64
86.79000520706177,5.1000000000000005,-1.4000000000000001,-65.4,0.65,0.1,0.63
86.80012607574463,4.800000000000001,-1.4000000000000001,-64.60000000000001,0.66,0.11,0.64
86.81050753593445,5.1000000000000005,-1.6,-65.0,0.67,0.09,0.63
86.81986784934998,5.2,-1.6,-64.9,0.67,0.11,0.64
86.82989168167114,5.0,-1.7000000000000002,-65.3,0.67,0.09,0.64
86.84062170982361,5.300000000000001,-1.5,-64.7,0.67,0.15,0.62
86.8498387336731,5.5,-1.5,-65.3,0.65,0.15,0.64
86.85990619659424,5.300000000000001,-1.4000000000000001,-64.5,0.66,0.14,0.63
86.87070870399475,5.0,-1.5,-65.10000000000001,0.68,0.09,0.64
86.88054656982422,5.2,-1.3,-64.9,0.65,0.11,0.63
86.88983917236328,5.1000000000000005,-1.1,-65.10000000000001,0.61,0.12,0.64
86.9008412361145,5.2,-1.0,-64.5,0.62,0.14,0.63
86.91087174415588,5.300000000000001,-1.2000000000000002,-64.7,0.63,0.14,0.64
86.92071199417114,4.9,-1.5,-64.9,0.65,0.11,0.63
86.93065738677979,5.1000000000000005,-1.6,-64.8,0.67,0.09,0.64
86.94038391113281,5.300000000000001,-1.7000000000000002,-65.0,0.67,0.12,0.63
86.94993805885315,5.2,-1.0,-64.4,0.62,0.14,0.63
86.95982336997986,5.5,-1.5,-64.8,0.64,0.15,0.64
86.97085094451904,5.4,-1.3,-64.9,0.64,0.15,0.63
86.98040413856506,5.1000000000000005,-1.5,-64.9,0.67,0.11,0.64
86.98984694480896,4.9,-1.2000000000000002,-64.9,0.63,0.07,0.64
86.99994850158691,5.5,-1.4000000000000001,-64.9,0.65,0.15,0.63
87.01064133644104,5.6000000000000005,-1.3,-64.8,0.63,0.18,0.64
87.01997709274292,5.4,-1.2000000000000002,-65.10000000000001,0.62,0.15,0.63
87.02972388267517,4.9,-1.5,-64.9,0.67,0.11,0.64
87.04019808769226,5.0,-1.4000000000000001,-64.9,0.67,0.11,0.63
87.05005860328674,5.300000000000001,-1.5,-65.10000000000001,0.66,0.12,0.64
87.06001329421997,5.0,-1.2000000000000002,-65.0,0.63,0.12,0.63
87.07035326957703,5.1000000000000005,-1.3,-64.7,0.64,0.11,0.64
87.07999420166016,5.2,-1.4000000000000001,-64.9,0.65,0.12,0.63
87.09031867980957,5.2,-1.3,-64.60000000000001,0.66,0.13,0.64
87.09974074363708,4.9,-1.3,-64.7,0.64,0.11,0.63
87.11007237434387,5.0,-1.3,-64.8,0.65,0.1,0.63
87.12026453018188,5.0,-1.5,-64.7,0.66,0.1,0.63
87.12985515594482,5.1000000000000005,-1.6,-65.0,0.66,0.13,0.63
87.13990640640259,5.1000000000000005,-1.2000000000000002,-64.4,0.63,0.11,0.64
87.14981746673584,5.0,-1.4000000000000001,-64.7,0.65,0.1,0.64
87.16028618812561,5.1000000000000005,-1.3,-64.60000000000001,0.64,0.13,0.63
87.17034673690796,5.1000000000000005,-1.4000000000000001,-64.9,0.64,0.12,0.64
87.17989134788513,5.300000000000001,-1.3,-65.10000000000001,0.64,0.11,0.63
87.18998622894287,5.1000000000000005,-1.3,-65.0,0.63,0.13,0.64
87.19988703727722,5.300000000000001,-1.5,-64.60000000000001,0.66,0.14,0.63
87.21019506454468,5.300000000000001,-1.3,-65.0,0.63,0.13,0.63
87.21973729133606,5.300000000000001,-1.5,-65.2,0.65,0.13,0.64
87.23065829277039,5.1000000000000005,-1.5,-64.60000000000001,0.67,0.14,0.63
87.24022126197815,5.4,-1.6,-64.8,0.67,0.14,0.64
87.25001883506775,5.2,-1.3,-64.60000000000001,0.65,0.12,0.63
87.26142764091492,5.2,-1.4000000000000001,-64.8,0.64,0.15,0.63
87.27009463310242,5.5,-1.3,-64.60000000000001,0.63,0.18,0.63
87.27989387512207,5.5,-1.4000000000000001,-64.60000000000001,0.64,0.14,0.64
87.28994512557983,5.4,-1.5,-64.60000000000001,0.65,0.15,0.63
87.29981184005737,5.300000000000001,-1.7000000000000002,-64.2,0.6900000000000001,0.16,0.63
87.31074094772339,5.300000000000001,-1.5,-64.8,0.67,0.13,0.63
87.31970596313477,5.300000000000001,-1.1,-65.2,0.61,0.11,0.64
87.33044195175171,5.2,-1.2000000000000002,-64.4,0.62,0.14,0.63
87.34088134765625,5.4,-1.1,-64.8,0.62,0.17,0.63
87.35010242462158,5.2,-1.0,-65.3,0.61,0.12,0.64
87.36008763313293,4.9,-1.0,-64.9,0.63,0.09,0.64
87.37179160118103,4.9,-1.1,-64.9,0.62,0.1,0.64
87.3798656463623,5.1000000000000005,-1.3,-65.2,0.63,0.1,0.63
87.39006519317627,4.9,-1.3,-64.3,0.64,0.12,0.63
87.400808095932,5.2,-1.6,-65.0,0.66,0.13,0.64
87.41077399253845,5.300000000000001,-1.6,-64.7,0.67,0.16,0.63
87.4205629825592,5.2,-1.6,-64.9,0.68,0.11,0.64
87.43084359169006,4.9,-1.6,-64.7,0.66,0.09,0.64
87.44009232521057,5.0,-1.7000000000000002,-64.60000000000001,0.68,0.11,0.63
87.44989132881165,5.0,-1.5,-64.5,0.67,0.12,0.63
87.46019172668457,5.1000000000000005,-1.4000000000000001,-64.8,0.65,0.1,0.64
87.4703471660614,5.2,-1.6,-64.4,0.67,0.14,0.63
87.48007035255432,5.4,-1.5,-64.9,0.66,0.14,0.64
87.48984956741333,5.1000000000000005,-1.2000000000000002,-65.0,0.63,0.11,0.64
87.49985885620117,5.1000000000000005,-1.4000000000000001,-64.60000000000001,0.64,0.12,0.64
87.51034164428711,5.300000000000001,-1.3,-65.0,0.64,0.12,0.63
87.52017068862915,5.4,-1.4000000000000001,-65.0,0.65,0.12,0.64
87.5298159122467,5.2,-1.1,-65.10000000000001,0.63,0.13,0.63
87.54032969474792,5.2,-1.0,-65.0,0.62,0.13,0.64
87.5501070022583,5.300000000000001,-1.0,-64.9,0.61,0.15,0.63
87.55985236167908,5.4,-1.1,-64.9,0.62,0.15,0.64
87.57048845291138,5.300000000000001,-1.2000000000000002,-64.7,0.64,0.13,0.63
87.5798614025116,5.300000000000001,-1.2000000000000002,-64.7,0.64,0.12,0.64
87.5898187160492,5.2,-1.3,-64.60000000000001,0.65,0.15,0.63
87.59983897209167,5.4,-1.5,-64.8,0.67,0.14,0.64
87.61000537872314,5.5,-1.4000000000000001,-64.4,0.66,0.16,0.63
87.61987042427063,5.5,-1.4000000000000001,-64.7,0.65,0.15,0.64
87.63016486167908,5.2,-1.4000000000000001,-64.5,0.66,0.13,0.63
87.63983249664307,5.4,-1.8,-64.60000000000001,0.6900000000000001,0.14,0.63
87.64993619918823,5.4,-1.4000000000000001,-64.60000000000001,0.67,0.15,0.63
87.66008353233337,5.2,-1.3,-64.5,0.64,0.13,0.64
87.67026424407959,5.300000000000001,-1.3,-64.7,0.64,0.13,0.63
87.68094277381897,5.4,-1.3,-65.0,0.64,0.13,0.64
87.69007349014282,5.1000000000000005,-1.0,-65.0,0.61,0.12,0.64
87.70074653625488,5.2,-1.3,-64.7,0.64,0.13,0.64
87.71064305305481,5.1000000000000005,-1.3,-64.9,0.64,0.12,0.63
87.71983408927917,4.9,-1.4000000000000001,-65.0,0.66,0.11,0.64
87.72995829582214,4.9,-1.3,-65.0,0.64,0.08,0.64
87.74022793769836,5.0,-1.4000000000000001,-64.9,0.65,0.1,0.64
87.75022101402283,5.1000000000000005,-1.3,-65.0,0.64,0.13,0.63
87.76012563705444,5.2,-1.3,-65.2,0.64,0.13,0.64
87.7701666355133,5.2,-1.2000000000000002,-64.60000000000001,0.64,0.14,0.63
87.78027081489563,5.2,-1.5,-65.2,0.66,0.12,0.64
87.78993630409241,5.1000000000000005,-1.3,-64.60000000000001,0.64,0.12,0.63
87.7999894618988,5.2,-1.6,-64.60000000000001,0.66,0.12,0.64
87.81002998352051,5.2,-1.6,-64.8,0.66,0.11,0.63
87.82092261314392,5.2,-1.6,-64.60000000000001,0.68,0.13,0.64
87.82993578910828,5.300000000000001,-1.6,-65.10000000000001,0.67,0.15,0.63
87.8399167060852,5.300000000000001,-1.3,-64.60000000000001,0.64,0.12,0.64
87.85095429420471,5.5,-1.3,-65.0,0.64,0.14,0.64
87.85989809036255,5.5,-1.0,-64.9,0.61,0.15,0.63
87.87013339996338,5.4,-1.1,-64.9,0.61,0.15,0.64
87.88071322441101,5.5,-1.3,-65.10000000000001,0.64,0.15,0.63
87.89017868041992,5.5,-1.4000000000000001,-64.9,0.65,0.16,0.64
87.8998498916626,5.300000000000001,-1.0,-65.0,0.62,0.13,0.64
87.91025495529175,5.2,-1.2000000000000002,-65.0,0.63,0.11,0.64
87.92063093185425,5.300000000000001,-1.0,-64.7,0.63,0.15,0.63
87.93017101287842,5.300000000000001,-0.8,-64.8,0.59,0.14,0.63
87.93981456756592,5.2,-1.1,-64.8,0.62,0.12,0.64
87.95120668411255,5.300000000000001,-1.5,-64.7,0.66,0.14,0.63
87.96072888374329,5.300000000000001,-1.3,-64.8,0.65,0.14,0.63
87.97004556655884,5.4,-1.2000000000000002,-64.7,0.63,0.14,0.64
87.98020124435425,5.5,-1.8,-64.8,0.67,0.16,0.63
87.99027442932129,5.5,-1.7000000000000002,-64.7,0.68,0.17,0.63
88.00067925453186,5.300000000000001,-1.4000000000000001,-64.7,0.66,0.14,0.64
88.01068258285522,5.2,-1.9000000000000001,-64.8,0.6900000000000001,0.12,0.63
88.0208740234375,5.2,-2.0,-64.8,0.7000000000000001,0.11,0.63
88.03067803382874,4.9,-1.4000000000000001,-64.7,0.65,0.1,0.63
88.0397720336914,5.0,-1.3,-64.8,0.63,0.11,0.64
88.05032014846802,5.1000000000000005,-1.4000000000000001,-65.2,0.64,0.12,0.63
88.06015133857727,5.2,-1.0,-64.5,0.61,0.13,0.64
88.06980657577515,5.0,-1.2000000000000002,-65.2,0.63,0.09,0.64
88.08092284202576,5.0,-1.3,-64.8,0.64,0.1,0.63
88.09113478660583,5.2,-1.4000000000000001,-65.0,0.65,0.11,0.64
88.0999207496643,5.2,-1.2000000000000002,-64.9,0.64,0.13,0.63
88.11012125015259,5.2,-1.2000000000000002,-64.60000000000001,0.63,0.13,0.64
88.11996841430664,5.5,-1.2000000000000002,-64.9,0.63,0.14,0.63
88.13002133369446,5.300000000000001,-1.2000000000000002,-64.8,0.64,0.14,0.63
88.13978362083435,5.1000000000000005,-1.0,-64.9,0.62,0.11,0.64
88.15038204193115,5.1000000000000005,-1.3,-64.60000000000001,0.63,0.12,0.63
88.15978288650513,5.4,-1.7000000000000002,-64.9,0.68,0.14,0.63
88.16989874839783,5.5,-1.5,-64.7,0.67,0.15,0.63
88.18078780174255,5.5,-1.2000000000000002,-65.0,0.64,0.15,0.63
88.19097352027893,5.6000000000000005,-1.6,-64.9,0.65,0.16,0.63
88.20069575309753,5.4,-1.4000000000000001,-64.60000000000001,0.66,0.16,0.63
88.21072363853455,5.4,-1.2000000000000002,-64.9,0.64,0.14,0.64
88.22023797035217,5.5,-1.4000000000000001,-64.8,0.65,0.16,0.63
88.229825258255,5.4,-1.2000000000000002,-65.0,0.63,0.14,0.63
88.23969841003418,5.300000000000001,-1.2000000000000002,-65.2,0.63,0.13,0.64
88.25036644935608,5.5,-1.3,-64.9,0.65,0.15,0.63
88.26011157035828,5.4,-0.9,-64.9,0.61,0.15,0.63
88.26981854438782,5.2,-1.0,-64.8,0.61,0.14,0.64
88.2803041934967,5.300000000000001,-1.5,-65.0,0.65,0.12,0.63
88.29068422317505,5.2,-1.1,-64.7,0.64,0.13,0.63
88.2999632358551,5.1000000000000005,-1.1,-65.0,0.62,0.12,0.64
88.31007194519043,5.2,-1.5,-64.9,0.65,0.12,0.63
88.31994366645813,5.2,-1.5,-64.8,0.66,0.13,0.63
88.33094024658203,5.2,-1.2000000000000002,-64.7,0.64,0.14,0.64
88.33971238136292,5.0,-1.3,-65.2,0.63,0.09,0.63
88.34972596168518,5.1000000000000005,-1.4000000000000001,-64.4,0.64,0.11,0.63
88.36052942276001,5.2,-1.4000000000000001,-64.9,0.64,0.12,0.63
88.3698205947876,5.300000000000001,-1.6,-64.9,0.67,0.15,0.63
88.3797926902771,5.300000000000001,-1.6,-64.7,0.67,0.13,0.63
88.38999128341675,5.0,-1.3,-64.9,0.64,0.1,0.64
88.40080571174622,5.4,-1.7000000000000002,-64.8,0.67,0.14,0.63
88.41073489189148,5.4,-1.7000000000000002,-64.60000000000001,0.67,0.16,0.63
88.42075419425964,5.300000000000001,-1.2000000000000002,-64.8,0.63,0.13,0.64
88.43097972869873,5.2,-1.6,-65.0,0.66,0.12,0.63
88.4397542476654,5.2,-1.7000000000000002,-64.7,0.68,0.14,0.63
88.45023036003113,5.2,-1.1,-64.5,0.63,0.12,0.64
88.46025276184082,5.300000000000001,-1.2000000000000002,-65.10000000000001,0.62,0.13,0.63
88.46990466117859,5.4,-1.4000000000000001,-65.10000000000001,0.64,0.14,0.63
88.47982859611511,5.2,-1.1,-64.9,0.63,0.13,0.64
88.49075102806091,5.300000000000001,-1.1,-64.8,0.63,0.13,0.63
88.50104260444641,5.300000000000001,-1.0,-64.60000000000001,0.61,0.14,0.63
88.51071572303772,5.300000000000001,-1.2000000000000002,-64.9,0.63,0.14,0.63
88.52065086364746,5.300000000000001,-1.1,-64.8,0.63,0.13,0.63
88.53041243553162,5.4,-1.4000000000000001,-65.10000000000001,0.64,0.14,0.64
88.53980565071106,5.5,-1.3,-64.9,0.65,0.15,0.63
88.54999685287476,5.4,-1.1,-64.8,0.62,0.14,0.63
88.56047821044922,5.5,-1.3,-64.9,0.64,0.15,0.63
88.57019114494324,5.4,-1.4000000000000001,-64.9,0.65,0.14,0.64
88.57985997200012,5.300000000000001,-1.6,-64.9,0.66,0.13,0.63
88.5899429321289,5.300000000000001,-1.5,-64.9,0.66,0.13,0.63
88.60021376609802,5.300000000000001,-1.5,-64.9,0.65,0.14,0.63
88.61021280288696,5.4,-1.8,-65.0,0.68,0.14,0.63
88.61973929405212,5.300000000000001,-1.5,-64.9,0.67,0.13,0.63
88.6299877166748,5.2,-1.3,-65.0,0.64,0.13,0.64
88.63988637924194,5.2,-1.2000000000000002,-64.8,0.63,0.13,0.63
88.64978003501892,5.2,-1.3,-65.10000000000001,0.64,0.12,0.64
88.66060876846313,5.2,-1.0,-64.9,0.63,0.12,0.63
88.67099618911743,5.1000000000000005,-0.8,-64.8,0.6,0.13,0.63
88.67989611625671,5.2,-1.0,-65.10000000000001,0.6,0.11,0.64
88.69008827209473,5.2,-1.2000000000000002,-64.9,0.63,0.13,0.63
88.70103979110718,5.300000000000001,-1.4000000000000001,-64.8,0.66,0.14,0.63
88.70992827415466,5.1000000000000005,-1.4000000000000001,-64.9,0.65,0.12,0.63
88.71964597702026,5.1000000000000005,-1.5,-64.8,0.66,0.11,0.63
88.73019170761108,5.2,-1.6,-64.9,0.67,0.12,0.63
88.74030685424805,5.300000000000001,-1.5,-64.7,0.65,0.14,0.63
88.74993133544922,5.4,-1.5,-64.9,0.65,0.14,0.64
88.76010632514954,5.4,-1.5,-64.8,0.66,0.14,0.63
88.77023458480835,5.4,-1.5,-64.9,0.66,0.14,0.64
88.77992987632751,5.300000000000001,-1.3,-64.9,0.64,0.13,0.63
88.78986501693726,5.4,-1.2000000000000002,-65.0,0.63,0.14,0.63
88.79995965957642,5.300000000000001,-1.2000000000000002,-64.8,0.62,0.14,0.63
88.80979466438293,5.4,-1.4000000000000001,-64.8,0.65,0.14,0.63
88.81975674629211,5.300000000000001,-1.5,-65.0,0.67,0.14,0.64
88.82995247840881,5.300000000000001,-1.2000000000000002,-65.10000000000001,0.63,0.14,0.63
88.84016942977905,5.300000000000001,-1.2000000000000002,-64.7,0.62,0.14,0.64
88.84991121292114,5.2,-1.2000000000000002,-64.9,0.63,0.12,0.63
88.8599967956543,5.2,-1.2000000000000002,-64.8,0.63,0.13,0.63
88.87023758888245,5.300000000000001,-1.3,-65.0,0.64,0.13,0.63
88.8798475265503,5.2,-1.0,-64.8,0.61,0.13,0.63
88.88986611366272,5.300000000000001,-1.4000000000000001,-65.0,0.64,0.14,0.63
88.9001100063324,5.300000000000001,-1.3,-64.8,0.64,0.13,0.63
88.9108259677887,5.300000000000001,-1.3,-64.9,0.64,0.14,0.63
88.91966390609741,5.4,-1.4000000000000001,-64.9,0.65,0.14,0.63
88.92983913421631,5.4,-1.5,-64.9,0.65,0.14,0.64
88.93973183631897,5.4,-1.6,-64.9,0.67,0.14,0.63
88.94975543022156,5.4,-1.7000000000000002,-64.9,0.67,0.14,0.63
88.96023392677307,5.300000000000001,-1.2000000000000002,-64.9,0.64,0.13,0.63
88.97050642967224,5.2,-1.2000000000000002,-64.7,0.62,0.13,0.63
88.98101735115051,5.2,-1.4000000000000001,-65.0,0.64,0.12,0.64
88.99021244049072,5.2,-1.5,-64.9,0.66,0.13,0.63
89.0008897781372,5.300000000000001,-1.2000000000000002,-64.8,0.63,0.13,0.63
89.01069831848145,5.300000000000001,-1.4000000000000001,-64.9,0.65,0.14,0.63
89.02079200744629,5.2,-1.4000000000000001,-64.8,0.65,0.12,0.63
89.03075075149536,5.1000000000000005,-1.3,-64.9,0.63,0.1,0.64
89.0398154258728,5.300000000000001,-1.6,-64.9,0.66,0.13,0.63
89.05058741569519,5.300000000000001,-1.5,-64.8,0.66,0.14,0.63
89.05983877182007,5.300000000000001,-1.3,-64.8,0.64,0.14,0.64
89.07038474082947,5.300000000000001,-1.2000000000000002,-64.9,0.63,0.13,0.63
89.07994818687439,5.4,-1.2000000000000002,-65.0,0.63,0.14,0.63
89.0912766456604,5.300000000000001,-1.0,-64.9,0.61,0.14,0.63
89.10072588920593,5.2,-1.1,-64.9,0.62,0.13,0.63
89.11077857017517,5.300000000000001,-1.3,-64.8,0.64,0.13,0.63
89.1208963394165,5.2,-1.3,-64.8,0.65,0.12,0.63
89.13075184822083,5.2,-1.3,-64.9,0.63,0.12,0.64
89.13979434967041,5.300000000000001,-1.5,-64.9,0.65,0.13,0.63
89.1498556137085,5.300000000000001,-1.4000000000000001,-64.8,0.64,0.14,0.63
89.15994596481323,5.300000000000001,-1.4000000000000001,-64.9,0.65,0.14,0.64
89.1703269481659,5.300000000000001,-1.4000000000000001,-64.9,0.65,0.14,0.63
89.17976903915405,5.300000000000001,-1.4000000000000001,-64.8,0.64,0.13,0.63
89.19039273262024,5.300000000000001,-1.4000000000000001,-64.8,0.64,0.13,0.63
89.20057559013367,5.2,-1.4000000000000001,-64.8,0.64,0.13,0.63
89.20985674858093,5.2,-1.3,-64.9,0.64,0.13,0.63
89.21986031532288,5.2,-1.4000000000000001,-64.8,0.64,0.13,0.63
89.2299554347992,5.300000000000001,-1.3,-64.8,0.64,0.13,0.63
89.23975801467896,5.300000000000001,-1.4000000000000001,-64.8,0.65,0.13,0.63
89.24995708465576,5.300000000000001,-1.4000000000000001,-64.8,0.64,0.13,0.63
89.26023888587952,5.2,-1.3,-64.9,0.64,0.12,0.63
89.26993560791016,5.2,-1.5,-64.9,0.65,0.13,0.63
89.28012943267822,5.2,-1.5,-64.9,0.66,0.13,0.63
89.29049301147461,5.1000000000000005,-1.3,-64.9,0.64,0.12,0.63
89.30082321166992,5.1000000000000005,-1.2000000000000002,-64.8,0.63,0.12,0.63
89.31076383590698,5.2,-1.2000000000000002,-64.8,0.63,0.12,0.63
89.320631980896,5.300000000000001,-1.3,-64.9,0.63,0.13,0.64
89.3307785987854,5.300000000000001,-1.4000000000000001,-64.8,0.64,0.14,0.63
89.33979535102844,5.4,-1.5,-64.8,0.65,0.14,0.63
89.35006022453308,5.300000000000001,-1.4000000000000001,-64.8,0.65,0.13,0.63
89.36053228378296,5.2,-1.5,-64.8,0.65,0.13,0.63
89.37095546722412,5.2,-1.5,-64.8,0.65,0.12,0.63
89.37976098060608,5.2,-1.3,-65.0,0.64,0.12,0.63
89.39002633094788,5.2,-1.3,-64.7,0.64,0.13,0.63
89.39980983734131,5.2,-1.2000000000000002,-64.8,0.63,0.13,0.63
89.40992617607117,5.2,-1.2000000000000002,-64.8,0.63,0.12,0.63
89.41977119445801,5.2,-1.2000000000000002,-64.8,0.64,0.12,0.63
89.42981743812561,5.2,-1.3,-64.8,0.63,0.13,0.63
89.44073677062988,5.2,-1.3,-64.9,0.64,0.13,0.63
89.44987726211548,5.300000000000001,-1.5,-64.8,0.65,0.13,0.63
89.46035361289978,5.300000000000001,-1.4000000000000001,-64.9,0.65,0.13,0.63
89.47047185897827,5.300000000000001,-1.5,-64.9,0.65,0.13,0.63
89.48098611831665,5.300000000000001,-1.3,-64.8,0.64,0.13,0.63
89.4903028011322,5.4,-1.3,-64.8,0.63,0.14,0.63
89.49987077713013,5.300000000000001,-1.3,-64.9,0.63,0.14,0.63
89.51015210151672,5.300000000000001,-1.3,-64.8,0.64,0.14,0.63
89.51984882354736,5.2,-1.3,-64.8,0.64,0.13,0.63
89.53061819076538,5.2,-1.3,-64.8,0.63,0.12,0.63
89.54062223434448,5.2,-1.4000000000000001,-64.9,0.64,0.13,0.63
89.54988741874695,5.300000000000001,-1.4000000000000001,-64.9,0.65,0.13,0.63
89.5597333908081,5.300000000000001,-1.4000000000000001,-64.8,0.65,0.13,0.63
89.57068657875061,5.300000000000001,-1.5,-64.9,0.65,0.13,0.63
89.57984280586243,5.300000000000001,-1.5,-64.9,0.66,0.13,0.63
89.58986520767212,5.2,-1.3,-64.9,0.64,0.12,0.63
89.59985780715942,5.2,-1.3,-64.9,0.64,0.13,0.63
89.6101188659668,5.2,-1.3,-65.0,0.63,0.12,0.63
89.62010145187378,5.1000000000000005,-1.3,-64.9,0.63,0.11,0.63
89.62984085083008,5.1000000000000005,-1.3,-64.9,0.64,0.12,0.64
89.64012694358826,5.2,-1.4000000000000001,-64.8,0.64,0.12,0.63
89.64994072914124,5.2,-1.4000000000000001,-64.9,0.65,0.13,0.63
89.65995645523071,5.2,-1.5,-64.8,0.66,0.13,0.63
89.67054653167725,5.2,-1.5,-64.8,0.65,0.12,0.63
89.68014025688171,5.2,-1.5,-64.8,0.65,0.12,0.63
89.69002938270569,5.2,-1.4000000000000001,-64.9,0.65,0.12,0.63
89.699942111969,5.1000000000000005,-1.3,-64.8,0.64,0.12,0.63
89.71028661727905,5.1000000000000005,-1.4000000000000001,-64.7,0.64,0.11,0.64
89.71984958648682,5.1000000000000005,-1.2000000000000002,-64.9,0.62,0.1,0.63
89.7299370765686,5.1000000000000005,-1.3,-64.8,0.63,0.12,0.63
89.740305185318,5.2,-1.2000000000000002,-64.9,0.63,0.12,0.63
89.74980330467224,5.2,-1.3,-64.7,0.63,0.13,0.63
89.75979208946228,5.2,-1.4000000000000001,-64.9,0.65,0.12,0.63
89.7701187133789,5.1000000000000005,-1.3,-64.8,0.64,0.12,0.63
89.7803246974945,5.1000000000000005,-1.3,-64.9,0.64,0.12,0.63
89.79137372970581,5.2,-1.3,-64.7,0.64,0.13,0.63
89.79975128173828,5.2,-1.4000000000000001,-64.8,0.64,0.13,0.63
89.81071734428406,5.300000000000001,-1.4000000000000001,-64.8,0.64,0.13,0.63
89.82005047798157,5.2,-1.4000000000000001,-64.8,0.65,0.13,0.63
89.82995986938477,5.2,-1.4000000000000001,-64.8,0.64,0.13,0.63
89.84007143974304,5.2,-1.4000000000000001,-64.7,0.64,0.13,0.63
89.85040211677551,5.2,-1.5,-64.7,0.65,0.13,0.63
89.85970449447632,5.2,-1.5,-64.7,0.65,0.13,0.63
89.87005996704102,5.1000000000000005,-1.4000000000000001,-64.8,0.65,0.12,0.63
89.88039875030518,5.1000000000000005,-1.5,-64.8,0.65,0.12,0.63
89.89078116416931,5.1000000000000005,-1.3,-64.8,0.63,0.12,0.63
89.90077710151672,5.1000000000000005,-1.1,-64.7,0.62,0.12,0.63
89.91083884239197,5.0,-1.1,-64.8,0.62,0.11,0.63
89.92090797424316,5.1000000000000005,-1.2000000000000002,-64.7,0.63,0.11,0.63
89.93063068389893,5.1000000000000005,-1.3,-64.8,0.63,0.11,0.64
89.94061589241028,5.1000000000000005,-1.3,-64.9,0.63,0.11,0.63
89.95081639289856,5.2,-1.5,-64.9,0.65,0.13,0.63
89.9597384929657,5.2,-1.6,-64.7,0.66,0.13,0.63
89.9701771736145,5.2,-1.5,-64.8,0.66,0.12,0.63
89.98140144348145,5.1000000000000005,-1.6,-64.7,0.67,0.11,0.63
89.99009537696838,5.0,-1.5,-64.7,0.65,0.11,0.63
89.99989366531372,5.1000000000000005,-1.4000000000000001,-65.0,0.64,0.12,0.63
90.01043462753296,5.2,-1.4000000000000001,-64.60000000000001,0.64,0.13,0.63
90.01996302604675,5.2,-1.4000000000000001,-64.9,0.64,0.12,0.63
90.0298421382904,5.0,-1.0,-64.7,0.62,0.11,0.63
90.03981280326843,4.9,-1.2000000000000002,-64.8,0.61,0.1,0.63
90.05006551742554,4.9,-1.2000000000000002,-64.8,0.63,0.1,0.63
90.05998396873474,4.9,-1.1,-64.9,0.61,0.09,0.64
90.07041144371033,5.1000000000000005,-1.3,-64.9,0.63,0.11,0.63
90.08158135414124,5.2,-1.6,-64.8,0.66,0.13,0.63
90.09038877487183,5.2,-1.6,-64.7,0.67,0.13,0.64
90.09976124763489,5.2,-1.8,-64.8,0.67,0.13,0.63
90.11017560958862,5.300000000000001,-1.9000000000000001,-64.9,0.68,0.13,0.63
90.12044048309326,5.2,-1.5,-64.7,0.66,0.12,0.63
90.12972474098206,5.1000000000000005,-1.4000000000000001,-64.5,0.64,0.12,0.63
90.14010787010193,5.1000000000000005,-1.5,-64.7,0.65,0.12,0.63
90.15116095542908,5.1000000000000005,-1.3,-64.7,0.64,0.11,0.63
90.15987014770508,5.0,-1.0,-64.60000000000001,0.62,0.1,0.63
90.16987442970276,5.0,-1.1,-65.0,0.61,0.1,0.63
90.18031716346741,5.0,-0.9,-64.60000000000001,0.6,0.11,0.63
90.19022965431213,5.0,-1.0,-64.7,0.6,0.11,0.63
90.20004343986511,5.0,-1.0,-64.9,0.61,0.1,0.63
90.2104845046997,5.0,-1.0,-65.10000000000001,0.6,0.1,0.63
90.22097110748291,5.1000000000000005,-1.2000000000000002,-64.60000000000001,0.62,0.13,0.63
90.22978019714355,5.2,-1.6,-65.0,0.65,0.11,0.63
90.23978304862976,5.1000000000000005,-1.7000000000000002,-65.0,0.68,0.12,0.63
90.24993658065796,5.2,-1.9000000000000001,-64.8,0.6900000000000001,0.12,0.63
90.25997352600098,5.300000000000001,-1.8,-64.7,0.68,0.13,0.63
90.26983165740967,5.1000000000000005,-1.6,-64.7,0.66,0.12,0.63
90.28017926216125,5.2,-1.6,-64.9,0.66,0.12,0.64
90.29015612602234,5.1000000000000005,-1.4000000000000001,-64.8,0.64,0.12,0.63
90.30008554458618,5.2,-1.4000000000000001,-64.9,0.65,0.12,0.63
90.31009984016418,5.1000000000000005,-1.3,-64.7,0.63,0.12,0.63
90.32045531272888,5.0,-1.2000000000000002,-64.7,0.63,0.1,0.64
90.32982850074768,5.0,-1.0,-64.7,0.61,0.1,0.63
90.33988332748413,5.0,-1.2000000000000002,-64.7,0.62,0.11,0.64
90.35033631324768,5.0,-1.0,-64.9,0.61,0.1,0.63
90.36001467704773,4.9,-1.2000000000000002,-64.8,0.63,0.1,0.63
90.37046718597412,5.0,-1.1,-64.9,0.62,0.1,0.63
90.37974572181702,4.9,-1.0,-64.5,0.61,0.1,0.64
90.3906741142273,5.0,-1.2000000000000002,-65.0,0.62,0.09,0.63
90.3999137878418,5.0,-1.6,-64.7,0.66,0.11,0.63
90.4098379611969,5.0,-1.5,-64.5,0.65,0.11,0.63
90.41987466812134,5.0,-1.6,-64.60000000000001,0.65,0.11,0.63
90.42988872528076,5.0,-1.4000000000000001,-64.60000000000001,0.64,0.1,0.63
90.43977284431458,5.1000000000000005,-1.4000000000000001,-64.7,0.63,0.11,0.64
90.44988989830017,5.1000000000000005,-1.5,-64.8,0.64,0.12,0.63
90.46026349067688,5.2,-1.6,-64.8,0.66,0.13,0.63
90.46979451179504,5.300000000000001,-1.6,-64.9,0.66,0.13,0.63
90.48085427284241,5.2,-1.6,-64.9,0.66,0.13,0.63
90.49104070663452,5.0,-1.4000000000000001,-64.5,0.64,0.11,0.63
90.50073027610779,5.1000000000000005,-1.4000000000000001,-65.0,0.64,0.1,0.63
90.51064920425415,4.9,-1.1,-64.9,0.6,0.09,0.63
90.51982498168945,4.7,-1.2000000000000002,-64.5,0.62,0.09,0.64
90.5300452709198,5.0,-1.2000000000000002,-64.9,0.62,0.09,0.63
90.53976440429688,5.1000000000000005,-1.2000000000000002,-64.8,0.62,0.12,0.64
90.55034232139587,5.1000000000000005,-1.1,-64.5,0.62,0.13,0.63
90.56103444099426,5.0,-1.2000000000000002,-64.8,0.61,0.11,0.64
90.56996822357178,5.0,-1.4000000000000001,-64.8,0.64,0.1,0.63
90.57992267608643,4.9,-1.3,-64.3,0.63,0.11,0.63
90.59007120132446,4.9,-1.4000000000000001,-64.8,0.64,0.09,0.64
90.60077428817749,5.1000000000000005,-1.3,-64.9,0.64,0.11,0.63
90.61067318916321,5.300000000000001,-1.2000000000000002,-64.60000000000001,0.62,0.14,0.64
90.62087559700012,5.300000000000001,-1.3,-64.8,0.63,0.13,0.63
90.63070964813232,5.1000000000000005,-1.3,-64.8,0.63,0.1,0.63
90.63968300819397,4.9,-1.3,-64.60000000000001,0.64,0.1,0.63
90.64995074272156,5.0,-1.5,-64.9,0.65,0.09,0.63
90.66022229194641,4.9,-1.5,-65.0,0.65,0.09,0.63
90.66990327835083,4.9,-1.3,-64.5,0.63,0.11,0.63
90.67997336387634,5.0,-1.2000000000000002,-64.60000000000001,0.62,0.11,0.63
90.68990898132324,5.1000000000000005,-1.4000000000000001,-64.8,0.63,0.11,0.63
90.70082139968872,5.1000000000000005,-1.5,-64.5,0.65,0.12,0.63
90.70983171463013,5.0,-1.5,-64.5,0.65,0.12,0.63
90.72058129310608,5.0,-1.5,-64.8,0.64,0.1,0.63
90.73013830184937,5.0,-1.6,-64.7,0.66,0.1,0.63
90.7399308681488,5.0,-1.4000000000000001,-64.4,0.64,0.11,0.63
90.75008296966553,5.0,-1.2000000000000002,-64.5,0.62,0.1,0.64
90.76005744934082,4.800000000000001,-1.1,-64.60000000000001,0.6,0.08,0.63
90.76993489265442,4.800000000000001,-1.4000000000000001,-64.8,0.63,0.08,0.63
90.78061294555664,4.800000000000001,-1.3,-64.5,0.63,0.09,0.63
90.79016733169556,4.9,-1.4000000000000001,-65.0,0.64,0.09,0.64
90.80081033706665,4.800000000000001,-1.2000000000000002,-64.7,0.62,0.09,0.63
90.81069707870483,4.9,-1.4000000000000001,-64.8,0.63,0.1,0.64
90.82075357437134,4.9,-1.3,-64.8,0.64,0.1,0.63
90.83087038993835,4.7,-1.3,-64.60000000000001,0.64,0.08,0.64
90.83975076675415,4.800000000000001,-1.2000000000000002,-64.9,0.62,0.08,0.63
90.84978604316711,4.9,-1.2000000000000002,-64.5,0.62,0.11,0.63
90.86020302772522,5.1000000000000005,-1.4000000000000001,-65.0,0.64,0.11,0.63
90.87032651901245,5.2,-1.4000000000000001,-65.0,0.64,0.12,0.63
90.87981224060059,5.0,-1.4000000000000001,-64.3,0.63,0.13,0.64
90.88995170593262,5.0,-1.7000000000000002,-64.8,0.66,0.09,0.63
90.89986419677734,4.800000000000001,-1.5,-64.5,0.65,0.08,0.63
90.91002106666565,4.7,-1.4000000000000001,-64.60000000000001,0.64,0.07,0.63
90.91993045806885,4.9,-1.2000000000000002,-64.7,0.62,0.09,0.63
90.92983889579773,4.9,-1.4000000000000001,-64.7,0.63,0.1,0.63
90.94052386283875,4.9,-1.3,-64.8,0.63,0.09,0.63
90.9498884677887,4.9,-1.4000000000000001,-64.60000000000001,0.64,0.1,0.63
90.95982122421265,4.9,-1.4000000000000001,-64.4,0.64,0.11,0.63
90.97056770324707,4.9,-1.4000000000000001,-64.9,0.64,0.08,0.63
90.97980809211731,4.6000000000000005,-1.3,-64.9,0.62,0.07,0.63
90.98997092247009,4.6000000000000005,-1.1,-64.60000000000001,0.61,0.07,0.63
90.99978399276733,4.9,-1.1,-64.60000000000001,0.61,0.1,0.63
91.00989413261414,5.0,-1.3,-65.10000000000001,0.62,0.09,0.63
91.01994705200195,4.7,-1.3,-64.5,0.63,0.07,0.63
91.0297303199768,4.7,-1.3,-64.3,0.64,0.09,0.63
91.03974986076355,4.800000000000001,-1.2000000000000002,-64.7,0.62,0.07,0.63
91.05038642883301,4.9,-1.6,-64.8,0.64,0.09,0.64
91.06004476547241,4.800000000000001,-1.6,-64.2,0.67,0.11,0.63
91.07031202316284,4.7,-1.3,-64.60000000000001,0.64,0.07,0.64
91.0799777507782,4.6000000000000005,-1.3,-64.5,0.63,0.05,0.63
91.09027290344238,4.800000000000001,-1.6,-64.60000000000001,0.65,0.09,0.62
91.09979891777039,4.9,-1.2000000000000002,-64.4,0.62,0.11,0.63
91.11019921302795,4.800000000000001,-1.4000000000000001,-64.7,0.64,0.09,0.63
91.12051820755005,4.7,-1.3,-64.8,0.63,0.07,0.63
91.12977433204651,4.6000000000000005,-1.1,-64.4,0.61,0.08,0.63
91.13978219032288,4.7,-1.2000000000000002,-64.7,0.62,0.05,0.63
91.15015149116516,4.7,-1.3,-64.9,0.62,0.06,0.63
91.15993046760559,4.9,-1.5,-64.7,0.64,0.1,0.63
91.16989827156067,4.800000000000001,-1.4000000000000001,-64.5,0.65,0.1,0.63
91.18012833595276,4.9,-1.5,-64.9,0.65,0.09,0.63
91.19058799743652,4.6000000000000005,-1.2000000000000002,-64.7,0.63,0.06,0.63
91.1998519897461,4.5,-1.4000000000000001,-64.4,0.64,0.06,0.64
91.2098183631897,4.6000000000000005,-1.5,-64.7,0.65,0.06,0.63
91.2203540802002,4.7,-1.2000000000000002,-64.60000000000001,0.62,0.09,0.63
91.22992968559265,4.5,-1.2000000000000002,-64.4,0.62,0.08,0.64
91.23977518081665,4.5,-1.4000000000000001,-64.7,0.64,0.05,0.63
91.2502064704895,4.3,-1.1,-64.5,0.61,0.04,0.63
91.26047492027283,4.4,-1.2000000000000002,-64.4,0.63,0.04,0.63
91.2698392868042,4.800000000000001,-1.2000000000000002,-64.4,0.61,0.09,0.63
91.28012180328369,4.800000000000001,-1.3,-64.60000000000001,0.63,0.09,0.64
91.29014110565186,4.3,-1.3,-64.5,0.63,0.05,0.63
91.30076241493225,4.3,-1.6,-64.7,0.66,0.04,0.64
91.30987596511841,4.800000000000001,-1.3,-64.3,0.64,0.08,0.63
91.3198971748352,4.9,-1.4000000000000001,-64.8,0.63,0.09,0.64
91.3299252986908,4.6000000000000005,-1.2000000000000002,-64.3,0.62,0.08,0.63
91.33985424041748,4.4,-1.4000000000000001,-64.60000000000001,0.63,0.05,0.63
91.35017323493958,4.5,-1.2000000000000002,-64.7,0.63,0.05,0.63
91.36006546020508,4.800000000000001,-1.4000000000000001,-64.8,0.63,0.08,0.63
91.36992168426514,4.7,-1.2000000000000002,-64.5,0.62,0.09,0.63
91.37982439994812,4.5,-1.3,-64.4,0.63,0.05,0.64
91.3904161453247,4.7,-1.5,-64.5,0.65,0.09,0.62
91.40051007270813,4.6000000000000005,-1.2000000000000002,-64.2,0.63,0.09,0.64
91.40987968444824,4.4,-1.1,-64.60000000000001,0.6,0.05,0.63
91.42080783843994,4.6000000000000005,-1.3,-64.4,0.63,0.06,0.63
91.43052411079407,4.4,-1.2000000000000002,-64.4,0.62,0.05,0.63
91.4405734539032,4.6000000000000005,-1.3,-64.7,0.62,0.05,0.64
91.44992923736572,4.6000000000000005,-1.3,-64.3,0.62,0.08,0.63
91.46015667915344,4.5,-1.3,-64.60000000000001,0.64,0.05,0.63
91.46997785568237,4.3,-1.2000000000000002,-64.5,0.62,0.03,0.63
91.47987461090088,4.5,-1.2000000000000002,-64.2,0.62,0.06,0.63
91.4908037185669,4.4,-1.5,-64.60000000000001,0.64,0.05,0.63
91.5006411075592,4.1000000000000005,-1.3,-64.60000000000001,0.64,0.03,0.63
91.51073813438416,4.5,-1.5,-64.3,0.65,0.07,0.63
91.52062582969666,4.6000000000000005,-1.4000000000000001,-64.5,0.63,0.07,0.63
91.53066563606262,4.3,-1.3,-64.5,0.63,0.04,0.63
91.54094791412354,3.9000000000000004,-1.4000000000000001,-64.5,0.64,0.02,0.63
91.55021166801453,4.3,-1.3,-64.7,0.62,0.04,0.63
91.56068134307861,4.4,-1.1,-64.5,0.61,0.07,0.63
91.57008242607117,4.2,-1.1,-64.0,0.62,0.04,0.63
91.58084440231323,4.5,-1.4000000000000001,-64.5,0.63,0.04,0.63
91.59059476852417,4.4,-1.5,-64.3,0.65,0.05,0.63
91.60072469711304,4.5,-1.5,-64.7,0.65,0.06,0.63
91.61065006256104,4.2,-1.0,-64.4,0.61,0.02,0.63
91.61978554725647,4.4,-1.5,-64.4,0.64,0.07,0.63
91.63009738922119,4.5,-1.3,-64.5,0.63,0.04,0.63
91.64031791687012,4.5,-1.2000000000000002,-64.5,0.63,0.07,0.63
91.64989423751831,4.4,-1.0,-64.2,0.6,0.06,0.63
91.66011548042297,4.5,-1.4000000000000001,-64.2,0.63,0.04,0.64
91.67015433311462,4.5,-1.5,-64.8,0.64,0.04,0.63
91.68028807640076,4.1000000000000005,-1.2000000000000002,-64.60000000000001,0.62,0.01,0.63
91.68999767303467,4.4,-1.3,-64.60000000000001,0.62,0.06,0.63
91.70031762123108,4.5,-1.1,-64.7,0.6,0.06,0.63
91.70993041992188,4.3,-1.4000000000000001,-64.5,0.64,0.03,0.63
91.71981763839722,4.5,-1.4000000000000001,-64.7,0.66,0.03,0.63
91.73001790046692,4.5,-1.2000000000000002,-64.60000000000001,0.62,0.06,0.63
91.74000525474548,4.3,-1.2000000000000002,-64.5,0.61,0.04,0.63
91.75055193901062,4.2,-1.3,-64.10000000000001,0.64,0.04,0.63
91.7602596282959,3.9000000000000004,-1.2000000000000002,-64.4,0.62,0.01,0.63
91.77075862884521,4.1000000000000005,-1.1,-64.8,0.61,-0.0,0.63
91.78047180175781,4.2,-1.3,-64.0,0.63,0.04,0.63
91.78982305526733,4.4,-1.3,-64.3,0.63,0.05,0.63
91.80027532577515,4.2,-1.1,-64.3,0.6,0.02,0.63
91.81031012535095,4.1000000000000005,-1.5,-64.5,0.63,0.01,0.63
91.8197374343872,4.2,-1.6,-64.60000000000001,0.65,0.03,0.63
91.82975435256958,4.1000000000000005,-1.3,-64.4,0.64,0.04,0.63
91.84009838104248,4.1000000000000005,-1.4000000000000001,-64.5,0.63,0.03,0.63
91.84983420372009,4.1000000000000005,-1.2000000000000002,-64.2,0.62,0.03,0.63
91.85984683036804,4.2,-1.4000000000000001,-64.2,0.63,0.01,0.64
91.87123131752014,4.5,-1.7000000000000002,-64.60000000000001,0.67,0.04,0.63
91.88005638122559,4.0,-1.0,-64.2,0.6,0.04,0.63
91.89000487327576,4.0,-1.3,-65.0,0.62,-0.0,0.64
91.89995265007019,4.4,-1.4000000000000001,-64.60000000000001,0.66,0.02,0.63
91.91071653366089,4.2,-1.2000000000000002,-64.10000000000001,0.62,0.04,0.63
91.91965293884277,4.2,-0.9,-64.0,0.6,0.02,0.64
91.92981266975403,4.2,-1.2000000000000002,-63.400000000000006,0.62,0.07,0.63
91.94002628326416,4.3,-1.2000000000000002,-65.2,0.6,-0.01,0.64
91.95011615753174,3.8000000000000003,-1.1,-63.800000000000004,0.63,0.04,0.62
91.95994210243225,4.0,-1.1,-64.0,0.61,0.03,0.64
91.97043108940125,4.4,-1.1,-64.3,0.59,0.03,0.63
91.98003196716309,4.2,-1.2000000000000002,-64.4,0.63,0.01,0.63
91.98989057540894,4.0,-1.4000000000000001,-64.4,0.63,0.01,0.63
92.00074434280396,4.3,-1.5,-63.800000000000004,0.66,0.06,0.63
92.01076126098633,4.4,-1.3,-64.9,0.62,0.01,0.63
92.02073645591736,4.0,-1.2000000000000002,-64.3,0.62,0.03,0.64
92.0306007862091,4.0,-1.3,-64.4,0.63,0.02,0.62
92.04017400741577,3.6,-1.3,-64.3,0.63,-0.03,0.63
92.0500168800354,4.0,-1.5,-64.60000000000001,0.65,0.01,0.63
92.05985283851624,4.2,-1.4000000000000001,-64.10000000000001,0.64,0.04,0.63
92.07057118415833,4.3,-1.3,-64.8,0.63,0.04,0.63
92.08027338981628,3.8000000000000003,-1.2000000000000002,-64.10000000000001,0.62,-0.0,0.64
92.09011673927307,3.8000000000000003,-1.3,-64.5,0.63,-0.02,0.64
92.09981751441956,3.7,-1.2000000000000002,-64.0,0.62,-0.01,0.63
92.11050724983215,3.9000000000000004,-1.3,-64.10000000000001,0.63,-0.0,0.63
92.11979842185974,4.2,-1.3,-64.3,0.63,0.04,0.63
92.12971377372742,4.0,-1.2000000000000002,-64.2,0.61,0.03,0.63
92.13990712165833,3.6,-1.0,-64.10000000000001,0.6,-0.0,0.63
92.14985847473145,3.7,-1.2000000000000002,-64.5,0.61,-0.0,0.63
92.15988230705261,3.8000000000000003,-1.0,-64.0,0.62,-0.0,0.63
92.17055535316467,4.1000000000000005,-1.2000000000000002,-64.2,0.61,0.02,0.63
92.18023943901062,3.9000000000000004,-1.1,-64.4,0.61,-0.0,0.63
92.18987607955933,4.0,-1.3,-64.4,0.63,0.01,0.63
92.19984364509583,4.0,-1.2000000000000002,-64.10000000000001,0.62,0.02,0.63
92.21000957489014,3.9000000000000004,-1.2000000000000002,-64.5,0.62,-0.0,0.63
92.21992015838623,4.0,-1.2000000000000002,-64.3,0.61,0.02,0.63
92.22980332374573,4.0,-1.1,-64.4,0.62,-0.0,0.64
92.2409291267395,4.1000000000000005,-1.4000000000000001,-64.60000000000001,0.65,0.01,0.62
92.25014925003052,3.8000000000000003,-1.2000000000000002,-64.2,0.62,-0.01,0.64
92.25990128517151,3.9000000000000004,-1.2000000000000002,-64.0,0.63,-0.0,0.63
92.2703206539154,3.9000000000000004,-1.4000000000000001,-64.3,0.64,0.02,0.63
92.2804217338562,3.7,-1.0,-64.2,0.59,0.01,0.63
92.28976917266846,3.5,-1.1,-64.0,0.62,-0.02,0.63
92.30047678947449,3.9000000000000004,-1.5,-64.2,0.64,-0.0,0.63
92.30991315841675,3.7,-1.1,-64.10000000000001,0.62,-0.01,0.63
92.31991696357727,3.6,-1.1,-64.10000000000001,0.61,-0.0,0.63
92.32984161376953,3.7,-1.1,-64.0,0.61,-0.0,0.63
92.34014916419983,3.8000000000000003,-1.3,-64.3,0.62,-0.0,0.63
92.3513388633728,3.6,-1.2000000000000002,-64.2,0.63,-0.01,0.64
92.35968542098999,3.5,-1.3,-64.2,0.63,-0.03,0.63
92.37038564682007,3.6,-1.3,-64.7,0.64,-0.02,0.63
92.38010907173157,3.7,-1.3,-64.4,0.64,-0.01,0.63
92.3898675441742,4.1000000000000005,-1.2000000000000002,-64.7,0.61,-0.0,0.63
92.39992952346802,4.1000000000000005,-1.3,-64.5,0.61,0.03,0.63
92.40991568565369,4.0,-1.3,-64.4,0.64,0.02,0.63
92.42052173614502,3.6,-1.1,-64.60000000000001,0.62,-0.05,0.64
92.42980122566223,3.5,-1.3,-63.900000000000006,0.63,-0.03,0.63
92.44108700752258,3.7,-1.4000000000000001,-64.60000000000001,0.64,-0.02,0.63
92.45003819465637,3.5,-1.0,-63.900000000000006,0.61,-0.02,0.63
92.45979571342468,3.6,-1.2000000000000002,-64.9,0.61,-0.02,0.63
92.47029638290405,3.4000000000000004,-1.0,-63.800000000000004,0.61,-0.01,0.63
92.48011445999146,3.6,-1.2000000000000002,-64.2,0.63,-0.01,0.63
92.49014115333557,3.7,-0.9,-64.0,0.6,-0.01,0.64
92.49980330467224,3.6,-1.0,-64.10000000000001,0.6,-0.01,0.63
92.5101957321167,3.6,-1.1,-64.5,0.6,-0.03,0.63
92.52003145217896,3.5,-1.1,-64.3,0.6,-0.03,0.64
92.5299174785614,3.5,-1.3,-64.3,0.62,-0.01,0.63
92.54005098342896,3.7,-1.1,-64.10000000000001,0.62,-0.0,0.63
92.55010533332825,3.7,-1.2000000000000002,-64.8,0.61,-0.03,0.63
92.55976963043213,3.4000000000000004,-1.2000000000000002,-64.2,0.62,-0.03,0.63
92.56999611854553,3.6,-1.4000000000000001,-64.60000000000001,0.63,-0.01,0.63
92.58023643493652,3.7,-1.0,-64.3,0.6,-0.0,0.63
92.5903148651123,3.5,-1.1,-64.0,0.62,-0.02,0.63
92.60079336166382,3.5,-1.0,-63.7,0.61,-0.0,0.63
92.61073064804077,3.4000000000000004,-1.4000000000000001,-64.4,0.62,-0.06,0.63
92.6208848953247,3.4000000000000004,-1.3,-64.0,0.64,-0.03,0.63
92.63069701194763,3.4000000000000004,-1.3,-64.4,0.63,-0.04,0.64
92.64067363739014,3.4000000000000004,-0.9,-64.7,0.58,-0.02,0.62
92.65013432502747,3.5,-1.2000000000000002,-64.2,0.63,-0.01,0.63
92.65991473197937,3.5,-1.2000000000000002,-64.2,0.62,-0.03,0.62
92.66992235183716,3.5,-0.8,-64.10000000000001,0.59,-0.03,0.64
92.68038249015808,3.4000000000000004,-1.0,-64.10000000000001,0.6,-0.03,0.63
92.69051671028137,3.3000000000000003,-1.0,-64.2,0.6,-0.05,0.63
92.6999294757843,3.3000000000000003,-1.4000000000000001,-64.4,0.64,-0.04,0.63
92.71071481704712,3.6,-1.1,-63.900000000000006,0.62,-0.02,0.63
92.72007465362549,3.6,-1.1,-64.3,0.6,-0.03,0.63
92.73013401031494,3.4000000000000004,-1.2000000000000002,-64.5,0.62,-0.03,0.63
92.74034905433655,3.2,-1.0,-64.4,0.61,-0.07,0.64
92.75049901008606,3.3000000000000003,-1.1,-64.5,0.61,-0.04,0.63
92.760329246521,3.4000000000000004,-1.3,-64.0,0.63,-0.0,0.64
92.76986527442932,3.6,-1.2000000000000002,-63.900000000000006,0.63,-0.01,0.63
92.78079128265381,3.5,-1.2000000000000002,-64.60000000000001,0.63,-0.03,0.63
92.79013848304749,3.2,-1.3,-64.0,0.64,-0.04,0.63
92.79996967315674,3.1,-1.3,-64.10000000000001,0.62,-0.07,0.63
92.81018376350403,2.9000000000000004,-1.3,-64.10000000000001,0.63,-0.06,0.63
92.82044816017151,3.2,-1.1,-64.0,0.62,-0.04,0.63
92.83064341545105,3.3000000000000003,-0.9,-63.900000000000006,0.59,-0.05,0.64
92.84067511558533,3.5,-1.2000000000000002,-64.0,0.62,-0.02,0.63
92.85005354881287,3.2,-0.8,-64.3,0.58,-0.04,0.63
92.85999321937561,2.9000000000000004,-1.0,-64.3,0.6,-0.09,0.64
92.87031102180481,3.0,-1.0,-64.10000000000001,0.61,-0.06,0.62
92.88075518608093,3.1,-1.0,-64.2,0.6,-0.06,0.64
92.89081144332886,3.3000000000000003,-0.7000000000000001,-63.900000000000006,0.58,-0.03,0.63
92.90068912506104,3.3000000000000003,-1.1,-64.10000000000001,0.61,-0.05,0.64
92.9109034538269,3.3000000000000003,-1.1,-64.10000000000001,0.62,-0.04,0.63
92.91974568367004,3.2,-1.0,-63.800000000000004,0.62,-0.06,0.64
92.93058156967163,3.1,-0.8,-64.60000000000001,0.58,-0.04,0.63
92.94014835357666,3.2,-1.1,-63.900000000000006,0.61,-0.03,0.64
92.94974780082703,3.3000000000000003,-1.2000000000000002,-63.800000000000004,0.62,-0.03,0.63
92.95998430252075,3.5,-1.1,-64.5,0.61,-0.05,0.64
92.97023963928223,3.1,-1.2000000000000002,-63.800000000000004,0.64,-0.05,0.63
92.98042488098145,3.0,-1.3,-63.900000000000006,0.64,-0.06,0.64
92.98992967605591,3.2,-1.0,-64.10000000000001,0.59,-0.07,0.64
92.99996995925903,3.1,-1.2000000000000002,-63.900000000000006,0.63,-0.04,0.63
93.01028490066528,3.0,-1.2000000000000002,-64.2,0.61,-0.05,0.63
93.01976823806763,2.9000000000000004,-1.1,-64.3,0.61,-0.09,0.63
93.02985715866089,3.0,-1.2000000000000002,-63.900000000000006,0.64,-0.05,0.63
93.0399386882782,3.1,-0.9,-64.3,0.6,-0.05,0.63
93.05010628700256,3.3000000000000003,-0.8,-64.3,0.58,-0.06,0.64
93.06022644042969,3.1,-1.1,-64.3,0.61,-0.06,0.63
93.07026624679565,3.1,-1.1,-64.5,0.62,-0.07,0.63
93.08025979995728,3.0,-0.8,-64.2,0.6,-0.08,0.63
93.08989667892456,2.9000000000000004,-0.8,-64.10000000000001,0.59,-0.08,0.63
93.10049891471863,3.1,-0.9,-64.3,0.59,-0.06,0.64
93.10987520217896,2.9000000000000004,-1.1,-63.900000000000006,0.62,-0.07,0.64
93.1206636428833,3.1,-1.1,-64.60000000000001,0.62,-0.09,0.63
93.12976837158203,2.9000000000000004,-1.0,-64.0,0.6,-0.09,0.64
93.14044189453125,3.2,-1.2000000000000002,-64.7,0.63,-0.06,0.63
93.1499035358429,3.0,-1.1,-64.10000000000001,0.6,-0.07,0.64
93.15993666648865,3.0,-1.1,-63.800000000000004,0.61,-0.06,0.63
93.17054080963135,3.0,-1.4000000000000001,-64.0,0.64,-0.07,0.63
93.17996764183044,3.0,-1.2000000000000002,-63.900000000000006,0.63,-0.05,0.63
93.19012665748596,3.0,-1.2000000000000002,-64.0,0.63,-0.08,0.64
93.20009446144104,2.9000000000000004,-1.0,-64.2,0.59,-0.07,0.63
93.21078372001648,3.1,-1.2000000000000002,-64.2,0.62,-0.05,0.63
93.22089099884033,3.1,-0.9,-63.900000000000006,0.61,-0.06,0.63
93.23066663742065,3.0,-0.8,-64.5,0.58,-0.08,0.64
93.23974752426147,2.9000000000000004,-0.7000000000000001,-64.4,0.59,-0.07,0.63
93.25050783157349,3.0,-0.8,-64.4,0.59,-0.09,0.63
93.25978970527649,3.1,-0.9,-64.10000000000001,0.6,-0.07,0.63
93.26995038986206,3.1,-0.8,-64.7,0.58,-0.06,0.63
93.2812807559967,2.9000000000000004,-0.9,-64.10000000000001,0.6,-0.07,0.63
93.29011988639832,2.4000000000000004,-1.0,-63.800000000000004,0.61,-0.11,0.63
93.30042862892151,2.6,-1.1,-64.3,0.61,-0.12,0.64
93.30987572669983,2.8000000000000003,-0.7000000000000001,-63.800000000000004,0.58,-0.09,0.63
93.32065606117249,3.0,-1.1,-64.8,0.6,-0.08,0.63
93.32983565330505,3.0,-1.1,-64.0,0.61,-0.07,0.64
93.33968782424927,2.9000000000000004,-1.1,-64.0,0.62,-0.08,0.64
93.35053253173828,2.7,-0.8,-63.800000000000004,0.59,-0.08,0.63
93.36043214797974,2.6,-1.2000000000000002,-64.0,0.62,-0.12,0.64
93.3698034286499,2.5,-1.4000000000000001,-64.0,0.64,-0.12,0.63
93.38019585609436,2.7,-1.1,-63.800000000000004,0.63,-0.08,0.64
93.39051461219788,2.9000000000000004,-1.3,-64.60000000000001,0.61,-0.1,0.63
93.3998064994812,2.8000000000000003,-0.9,-63.900000000000006,0.59,-0.1,0.64
93.41064310073853,2.9000000000000004,-1.4000000000000001,-64.4,0.62,-0.09,0.63
93.42040395736694,2.8000000000000003,-1.0,-64.3,0.61,-0.08,0.63
93.43072509765625,2.6,-1.1,-64.2,0.62,-0.1,0.63
93.43971681594849,2.6,-0.8,-63.900000000000006,0.59,-0.08,0.64
93.44975233078003,2.8000000000000003,-0.7000000000000001,-64.60000000000001,0.58,-0.1,0.64
93.4600613117218,2.9000000000000004,-0.5,-64.3,0.5700000000000001,-0.07,0.63
93.46998286247253,2.9000000000000004,-0.7000000000000001,-64.60000000000001,0.5700000000000001,-0.09,0.64
93.48160362243652,2.7,-0.7000000000000001,-64.3,0.5700000000000001,-0.11,0.64
93.49070930480957,2.4000000000000004,-0.9,-63.6,0.62,-0.12,0.63
93.50092077255249,2.6,-1.0,-64.7,0.59,-0.14,0.63
93.51064348220825,2.7,-0.8,-64.0,0.59,-0.1,0.64
93.51976919174194,3.0,-1.0,-64.10000000000001,0.61,-0.08,0.62
93.5302848815918,2.9000000000000004,-0.9,-63.900000000000006,0.59,-0.07,0.64
93.53983283042908,2.8000000000000003,-1.0,-64.10000000000001,0.6,-0.07,0.63
93.5497214794159,2.6,-1.0,-63.800000000000004,0.61,-0.11,0.63
93.56046986579895,2.4000000000000004,-1.4000000000000001,-64.2,0.64,-0.16,0.63
93.57015180587769,2.5,-1.0,-64.3,0.62,-0.13,0.62
93.57987761497498,2.6,-0.9,-64.10000000000001,0.59,-0.09,0.64
93.58999729156494,3.0,-0.9,-64.5,0.59,-0.09,0.63
93.60088467597961,2.8000000000000003,-1.2000000000000002,-64.3,0.62,-0.08,0.63
93.60994815826416,2.6,-1.1,-63.800000000000004,0.63,-0.11,0.64
93.61983633041382,2.4000000000000004,-0.7000000000000001,-64.7,0.5700000000000001,-0.11,0.63
93.62989377975464,2.6,-1.0,-64.10000000000001,0.63,-0.12,0.64
93.63980913162231,2.7,-0.7000000000000001,-64.60000000000001,0.5700000000000001,-0.12,0.62
93.65025234222412,2.5,-0.6000000000000001,-64.60000000000001,0.55,-0.12,0.65
93.66171383857727,2.5,-0.8,-63.900000000000006,0.6,-0.11,0.63
93.66998243331909,2.5,-0.9,-63.900000000000006,0.6,-0.12,0.63
93.6799578666687,2.5,-1.0,-64.60000000000001,0.6,-0.13,0.64
93.69002962112427,2.3000000000000003,-0.6000000000000001,-63.6,0.59,-0.12,0.63
93.70089101791382,2.5,-0.8,-64.0,0.5700000000000001,-0.13,0.63
93.71093583106995,2.6,-0.7000000000000001,-64.2,0.5700000000000001,-0.12,0.64
93.72067260742188,2.4000000000000004,-1.0,-64.0,0.6,-0.1,0.62
93.73076891899109,2.4000000000000004,-1.2000000000000002,-64.2,0.63,-0.12,0.63
93.74067831039429,2.5,-1.2000000000000002,-64.3,0.63,-0.13,0.63
93.75048184394836,2.5,-0.9,-64.10000000000001,0.6,-0.13,0.64
93.76023054122925,2.4000000000000004,-0.6000000000000001,-64.0,0.58,-0.13,0.63
93.77093434333801,2.5,-1.1,-64.5,0.6,-0.12,0.63
93.77977728843689,2.3000000000000003,-0.9,-63.800000000000004,0.61,-0.13,0.64
93.79004335403442,2.2,-1.0,-64.7,0.61,-0.17,0.63
93.800776720047,2.2,-0.9,-64.10000000000001,0.61,-0.14,0.63
93.80983257293701,2.5,-1.0,-63.800000000000004,0.61,-0.1,0.64
93.8197193145752,2.7,-0.7000000000000001,-64.60000000000001,0.58,-0.11,0.64
93.83011484146118,2.5,-0.7000000000000001,-64.4,0.59,-0.11,0.64
93.84020733833313,2.3000000000000003,-0.8,-63.800000000000004,0.59,-0.13,0.63
93.85003924369812,2.0,-1.0,-63.900000000000006,0.61,-0.16,0.64
93.86094784736633,2.3000000000000003,-0.9,-63.900000000000006,0.61,-0.12,0.63
93.87017035484314,2.4000000000000004,-0.6000000000000001,-63.900000000000006,0.58,-0.13,0.63
93.88057899475098,2.2,-0.7000000000000001,-64.0,0.5700000000000001,-0.14,0.63
93.88984394073486,2.3000000000000003,-0.8,-63.800000000000004,0.59,-0.11,0.63
93.9000358581543,2.4000000000000004,-0.5,-64.0,0.58,-0.14,0.64
93.90983033180237,2.2,-0.7000000000000001,-64.2,0.5700000000000001,-0.16,0.64
93.92004036903381,2.2,-0.9,-64.10000000000001,0.6,-0.13,0.63
93.93016600608826,2.3000000000000003,-1.0,-64.3,0.6,-0.14,0.64
93.94009494781494,2.4000000000000004,-0.9,-64.2,0.6,-0.14,0.63
93.9498188495636,2.1,-1.1,-64.0,0.62,-0.13,0.64
93.9599711894989,2.3000000000000003,-1.2000000000000002,-64.5,0.61,-0.15,0.63
93.97023725509644,2.2,-1.1,-64.5,0.61,-0.17,0.64
93.97984671592712,2.3000000000000003,-1.1,-64.3,0.62,-0.15,0.63
93.98994135856628,2.3000000000000003,-0.8,-64.4,0.59,-0.13,0.63
94.00046396255493,2.5,-1.0,-64.60000000000001,0.59,-0.12,0.64
94.01083421707153,2.2,-1.0,-63.800000000000004,0.62,-0.14,0.64
94.01977324485779,2.1,-0.7000000000000001,-64.0,0.58,-0.15,0.64
94.02981781959534,2.0,-0.6000000000000001,-63.900000000000006,0.58,-0.16,0.64
94.03997111320496,2.0,-0.5,-64.0,0.55,-0.15,0.63
94.04987382888794,2.3000000000000003,-0.5,-64.3,0.55,-0.13,0.64
94.05987763404846,2.2,-0.5,-63.800000000000004,0.58,-0.13,0.64
94.07030034065247,2.0,-0.7000000000000001,-63.900000000000006,0.6,-0.14,0.63
94.07997846603394,1.8,-0.8,-64.0,0.59,-0.19,0.64
94.09000205993652,2.0,-0.8,-64.10000000000001,0.59,-0.18,0.63
94.1000189781189,2.2,-0.7000000000000001,-64.2,0.58,-0.16,0.64
94.1104474067688,2.1,-0.9,-64.2,0.6,-0.14,0.63
94.11971735954285,2.3000000000000003,-0.7000000000000001,-64.10000000000001,0.58,-0.13,0.64
94.13012170791626,2.3000000000000003,-1.2000000000000002,-64.60000000000001,0.62,-0.14,0.64
94.14002251625061,2.1,-1.1,-64.4,0.63,-0.17,0.63
94.14975380897522,2.0,-0.9,-64.0,0.6,-0.16,0.63
94.16045594215393,2.0,-0.9,-64.4,0.59,-0.18,0.64
94.17038631439209,2.0,-0.8,-63.900000000000006,0.59,-0.14,0.64
94.17981004714966,1.9000000000000001,-1.0,-64.10000000000001,0.6,-0.18,0.64
94.1897943019867,2.2,-1.0,-64.60000000000001,0.61,-0.15,0.64
94.20025515556335,2.1,-0.6000000000000001,-64.0,0.5700000000000001,-0.14,0.64
94.2104423046112,2.1,-0.7000000000000001,-64.0,0.58,-0.17,0.64
94.22016739845276,1.9000000000000001,-0.7000000000000001,-63.900000000000006,0.59,-0.16,0.63
94.23035216331482,2.0,-0.5,-64.4,0.56,-0.16,0.64
94.24114918708801,1.9000000000000001,-0.6000000000000001,-63.900000000000006,0.5700000000000001,-0.19,0.63
94.25001096725464,1.8,-0.6000000000000001,-64.4,0.56,-0.18,0.63
94.2600929737091,1.9000000000000001,-0.6000000000000001,-64.5,0.5700000000000001,-0.17,0.64
94.27043581008911,2.2,-0.5,-63.900000000000006,0.59,-0.16,0.63
94.28008437156677,2.1,-0.6000000000000001,-64.2,0.56,-0.14,0.63
94.2901542186737,2.2,-0.6000000000000001,-64.3,0.5700000000000001,-0.15,0.64
94.29992604255676,1.8,-0.8,-64.4,0.58,-0.18,0.63
94.30993890762329,2.0,-0.8,-64.2,0.61,-0.18,0.64
94.31977701187134,1.9000000000000001,-0.9,-64.2,0.6,-0.19,0.63
94.32991409301758,1.9000000000000001,-1.0,-64.4,0.6,-0.18,0.64
94.3402111530304,2.0,-0.9,-64.4,0.61,-0.16,0.64
94.34983015060425,1.9000000000000001,-0.7000000000000001,-64.5,0.5700000000000001,-0.17,0.64
94.3598222732544,1.8,-1.0,-64.3,0.61,-0.19,0.64
94.37048268318176,2.2,-1.2000000000000002,-64.7,0.62,-0.16,0.64
94.38022494316101,1.8,-0.8,-64.3,0.59,-0.19,0.64
94.38989400863647,2.0,-0.7000000000000001,-64.0,0.58,-0.18,0.64
94.40076327323914,1.7000000000000002,-0.6000000000000001,-63.900000000000006,0.5700000000000001,-0.16,0.63
94.41099238395691,1.8,-0.8,-64.2,0.58,-0.17,0.64
94.42072319984436,1.7000000000000002,-0.6000000000000001,-64.2,0.58,-0.22,0.64
94.43062329292297,1.6,-0.5,-64.9,0.56,-0.21,0.63
94.43976044654846,1.8,-0.5,-64.10000000000001,0.58,-0.16,0.63
94.44994235038757,2.2,-0.4,-64.5,0.54,-0.16,0.63
94.45993685722351,1.9000000000000001,-0.5,-64.60000000000001,0.55,-0.16,0.64
94.47089147567749,1.8,-0.6000000000000001,-64.2,0.59,-0.18,0.63
94.48094034194946,1.4000000000000001,-0.7000000000000001,-63.800000000000004,0.59,-0.22,0.64
94.49000763893127,1.4000000000000001,-0.4,-63.800000000000004,0.56,-0.22,0.64
94.49998378753662,1.5,-0.6000000000000001,-64.4,0.56,-0.22,0.64
94.5106520652771,1.8,-0.6000000000000001,-64.3,0.58,-0.19,0.64
94.51984095573425,1.8,-1.0,-64.0,0.61,-0.15,0.63
94.52984094619751,2.3000000000000003,-0.9,-64.3,0.6,-0.15,0.65
94.53978705406189,1.7000000000000002,-1.2000000000000002,-64.7,0.62,-0.21,0.63
94.5498960018158,1.6,-0.8,-64.4,0.59,-0.2,0.65
94.56006860733032,1.4000000000000001,-0.6000000000000001,-64.10000000000001,0.5700000000000001,-0.22,0.64
94.57105469703674,1.7000000000000002,-0.5,-63.900000000000006,0.56,-0.17,0.63
94.58010911941528,1.8,-0.6000000000000001,-64.10000000000001,0.58,-0.15,0.63
94.58995938301086,1.6,-0.7000000000000001,-64.7,0.58,-0.24,0.63
94.5998215675354,1.5,-0.8,-63.800000000000004,0.61,-0.19,0.64
94.60977625846863,1.8,-0.9,-64.5,0.59,-0.19,0.63
94.62055349349976,1.8,-0.5,-64.2,0.5700000000000001,-0.17,0.64
94.6298131942749,1.6,-0.4,-64.3,0.56,-0.22,0.63
94.6409649848938,1.8,-0.5,-64.4,0.56,-0.18,0.64
94.64994812011719,1.4000000000000001,-0.5,-64.4,0.56,-0.21,0.63
94.65974688529968,1.4000000000000001,-0.9,-64.5,0.62,-0.23,0.64
94.67048120498657,1.5,-0.6000000000000001,-64.5,0.5700000000000001,-0.22,0.64
94.68099975585938,1.5,-0.6000000000000001,-64.60000000000001,0.5700000000000001,-0.24,0.63
94.69087815284729,1.8,-0.7000000000000001,-64.0,0.58,-0.17,0.64
94.70060563087463,1.7000000000000002,-0.5,-64.5,0.55,-0.16,0.63
94.70998859405518,1.3,-0.4,-63.900000000000006,0.5700000000000001,-0.22,0.63
94.72023296356201,1.0,-0.8,-64.0,0.6,-0.25,0.63
94.73006248474121,1.4000000000000001,-0.9,-64.3,0.59,-0.22,0.64
94.74046492576599,1.6,-0.7000000000000001,-64.10000000000001,0.58,-0.19,0.63
94.75018811225891,1.4000000000000001,-0.8,-64.2,0.58,-0.2,0.64
94.75979685783386,1.4000000000000001,-0.8,-64.10000000000001,0.6,-0.22,0.64
94.77015042304993,1.3,-0.9,-64.4,0.59,-0.27,0.63
94.78000688552856,1.2000000000000002,-0.8,-64.10000000000001,0.6,-0.21,0.63
94.79022216796875,1.7000000000000002,-0.7000000000000001,-64.4,0.58,-0.2,0.64
94.8007001876831,1.7000000000000002,-0.30000000000000004,-64.2,0.54,-0.18,0.64
94.81070899963379,1.6,-0.8,-64.3,0.59,-0.21,0.64
94.8207221031189,1.4000000000000001,-0.4,-64.5,0.56,-0.24,0.64
94.83068323135376,1.4000000000000001,-0.6000000000000001,-64.4,0.5700000000000001,-0.23,0.64
94.84004807472229,1.7000000000000002,-0.5,-64.4,0.5700000000000001,-0.19,0.63
94.84994435310364,1.9000000000000001,-0.1,-64.5,0.53,-0.17,0.64
94.86114406585693,1.8,-0.2,-64.4,0.53,-0.18,0.64
94.8697817325592,1.2000000000000002,-0.30000000000000004,-63.900000000000006,0.55,-0.24,0.64
94.87981009483337,1.1,-0.4,-64.4,0.56,-0.25,0.64
94.88996505737305,1.3,-0.6000000000000001,-64.4,0.58,-0.25,0.64
94.90080738067627,1.2000000000000002,-0.7000000000000001,-63.900000000000006,0.59,-0.27,0.63
94.91056990623474,1.5,-0.8,-64.4,0.58,-0.19,0.64
94.9197051525116,1.7000000000000002,-0.6000000000000001,-64.2,0.5700000000000001,-0.17,0.63
94.92998886108398,1.2000000000000002,-0.5,-64.0,0.58,-0.23,0.63
94.93980073928833,0.9,-0.9,-64.4,0.6,-0.28,0.64
94.94980573654175,1.3,-0.8,-64.10000000000001,0.6,-0.21,0.64
94.96001410484314,1.6,-0.6000000000000001,-64.3,0.5700000000000001,-0.2,0.63
94.97039675712585,1.0,-0.9,-64.4,0.59,-0.25,0.63
94.98074078559875,1.2000000000000002,-0.8,-64.5,0.6,-0.24,0.64
94.99084186553955,1.2000000000000002,-0.6000000000000001,-64.5,0.58,-0.22,0.62
95.00086498260498,1.3,-0.6000000000000001,-64.5,0.59,-0.24,0.64
95.01025605201721,1.4000000000000001,-0.6000000000000001,-64.7,0.56,-0.24,0.64
95.01975059509277,1.5,-0.6000000000000001,-64.7,0.5700000000000001,-0.22,0.64
95.03024506568909,1.4000000000000001,-0.5,-64.60000000000001,0.5700000000000001,-0.22,0.63
95.0402238368988,1.4000000000000001,-0.4,-64.4,0.55,-0.23,0.64
95.05028653144836,1.1,-0.2,-64.8,0.53,-0.25,0.64
95.05984044075012,1.0,-0.2,-64.2,0.53,-0.24,0.63
95.07022547721863,1.2000000000000002,-0.4,-64.3,0.5700000000000001,-0.24,0.64
95.08057713508606,1.1,-0.30000000000000004,-64.10000000000001,0.56,-0.27,0.64
95.09031391143799,1.4000000000000001,-0.30000000000000004,-64.3,0.55,-0.21,0.63
95.09993696212769,1.5,-0.4,-64.3,0.56,-0.19,0.64
95.11069989204407,1.0,-0.1,-64.3,0.54,-0.26,0.63
95.11979222297668,0.8,-0.6000000000000001,-64.2,0.58,-0.26,0.64
95.13011527061462,1.1,-0.8,-64.5,0.59,-0.25,0.64
95.14035701751709,1.1,-0.6000000000000001,-64.4,0.58,-0.27,0.64
95.14977812767029,1.3,-0.6000000000000001,-64.4,0.58,-0.21,0.64
95.16074252128601,1.3,-0.6000000000000001,-64.60000000000001,0.5700000000000001,-0.2,0.64
95.1703896522522,0.8,-0.6000000000000001,-64.60000000000001,0.58,-0.3,0.64
95.18016624450684,0.9,-0.7000000000000001,-64.4,0.6,-0.26,0.64
95.1898877620697,1.4000000000000001,-0.6000000000000001,-64.60000000000001,0.5700000000000001,-0.22,0.63
95.20079946517944,1.1,-0.6000000000000001,-64.8,0.5700000000000001,-0.24,0.63
95.21080040931702,0.8,-0.5,-64.2,0.5700000000000001,-0.24,0.64
95.22078776359558,1.0,-0.5,-64.0,0.59,-0.25,0.64
95.230712890625,1.2000000000000002,-0.1,-64.2,0.52,-0.23,0.63
95.24077320098877,1.1,-0.4,-64.0,0.5700000000000001,-0.25,0.64
95.25000238418579,1.0,-0.6000000000000001,-64.10000000000001,0.59,-0.24,0.63
95.25982904434204,1.2000000000000002,-0.4,-64.4,0.56,-0.22,0.64
95.27037334442139,0.9,-0.5,-64.5,0.56,-0.26,0.64
95.28015518188477,0.8,-0.30000000000000004,-64.2,0.56,-0.29,0.64
95.28998255729675,1.2000000000000002,-0.30000000000000004,-64.3,0.56,-0.23,0.64
95.30027985572815,1.2000000000000002,-0.1,-64.5,0.52,-0.22,0.63
95.3104088306427,0.7000000000000001,-0.30000000000000004,-64.5,0.55,-0.27,0.64
95.32031965255737,0.8,-0.4,-64.4,0.58,-0.27,0.64
95.3300256729126,1.1,-0.7000000000000001,-64.8,0.59,-0.26,0.64
95.33978700637817,1.0,-0.5,-64.8,0.56,-0.27,0.64
95.35058879852295,0.8,-0.4,-64.4,0.55,-0.26,0.64
95.35982990264893,0.7000000000000001,-0.30000000000000004,-64.5,0.55,-0.28,0.64
95.37019872665405,1.3,-0.4,-64.7,0.55,-0.24,0.65
95.3802900314331,1.1,-0.6000000000000001,-64.60000000000001,0.56,-0.24,0.63
95.39004921913147,0.9,-0.7000000000000001,-64.7,0.58,-0.28,0.64
95.40097236633301,0.8,-0.8,-64.60000000000001,0.61,-0.29,0.64
95.40978598594666,0.6000000000000001,-0.5,-64.4,0.5700000000000001,-0.29,0.63
95.42003583908081,1.0,-0.6000000000000001,-64.7,0.56,-0.26,0.64
95.42990016937256,0.9,-0.5,-64.4,0.54,-0.26,0.64
95.43976616859436,0.8,-0.2,-64.2,0.56,-0.25,0.63
95.44988894462585,0.6000000000000001,-0.5,-64.4,0.59,-0.3,0.65
95.45979285240173,0.9,-0.30000000000000004,-64.5,0.54,-0.28,0.64
95.4703917503357,1.1,-0.0,-64.7,0.51,-0.22,0.63
95.47996068000793,0.9,-0.2,-64.4,0.55,-0.22,0.63
95.48999524116516,0.8,-0.4,-64.7,0.5700000000000001,-0.29,0.65
95.50003910064697,0.6000000000000001,-0.2,-64.60000000000001,0.54,-0.3,0.64
95.51019835472107,0.7000000000000001,-0.2,-64.60000000000001,0.55,-0.27,0.64
95.51988291740417,1.0,-0.1,-64.7,0.54,-0.26,0.64
95.53020334243774,1.0,-0.4,-64.7,0.55,-0.27,0.64
95.53976464271545,0.9,-0.5,-64.7,0.56,-0.27,0.64
95.55069327354431,0.9,-0.4,-64.60000000000001,0.5700000000000001,-0.28,0.64
95.56024765968323,0.5,-0.6000000000000001,-64.3,0.5700000000000001,-0.3,0.65
95.56979084014893,0.8,-0.7000000000000001,-64.8,0.58,-0.27,0.65
95.58001399040222,1.0,-0.5,-64.60000000000001,0.58,-0.24,0.64
95.59018158912659,0.6000000000000001,-0.6000000000000001,-64.7,0.58,-0.32,0.64
95.60075521469116,0.8,-0.4,-64.5,0.56,-0.28,0.65
95.61067414283752,1.0,-0.1,-64.2,0.53,-0.24,0.63
95.6207447052002,0.5,-0.4,-64.3,0.55,-0.3,0.64
95.6307020187378,0.4,-0.5,-64.5,0.5700000000000001,-0.3,0.64
95.63972616195679,0.5,-0.7000000000000001,-64.4,0.61,-0.29,0.64
95.65031361579895,0.8,-0.5,-64.8,0.56,-0.28,0.64
95.6602532863617,0.6000000000000001,-0.4,-64.7,0.5700000000000001,-0.29,0.64
95.6700050830841,0.8,-0.30000000000000004,-64.9,0.54,-0.27,0.64
95.68030548095703,0.6000000000000001,-0.0,-64.5,0.52,-0.27,0.64
95.69030690193176,0.30000000000000004,-0.30000000000000004,-64.5,0.55,-0.33,0.64
95.70050191879272,0.4,-0.30000000000000004,-64.8,0.56,-0.29,0.65
95.70976185798645,0.8,-0.4,-64.7,0.5700000000000001,-0.28,0.64
95.7209403514862,0.8,-0.2,-64.7,0.53,-0.29,0.64
95.73002099990845,0.6000000000000001,-0.30000000000000004,-64.3,0.53,-0.31,0.65
95.73991513252258,1.0,-0.4,-64.9,0.56,-0.25,0.64
95.75070381164551,1.0,-0.2,-64.7,0.55,-0.24,0.64
95.76042437553406,0.1,-0.30000000000000004,-64.4,0.56,-0.35000000000000003,0.64
95.76993656158447,0.6000000000000001,-0.30000000000000004,-64.5,0.55,-0.29,0.65
95.77981948852539,0.8,-0.1,-64.3,0.52,-0.26,0.63
95.7904543876648,0.4,-0.2,-64.5,0.55,-0.3,0.64
95.79986453056335,0.4,-0.30000000000000004,-64.60000000000001,0.5700000000000001,-0.31,0.65
95.81010437011719,0.9,-0.5,-64.60000000000001,0.5700000000000001,-0.24,0.64
95.82082772254944,0.4,-0.4,-64.60000000000001,0.55,-0.32,0.64
95.83086824417114,0.30000000000000004,-0.4,-64.8,0.55,-0.3,0.64
95.84066796302795,0.4,-0.30000000000000004,-64.60000000000001,0.56,-0.31,0.64
95.84977579116821,0.5,-0.6000000000000001,-64.60000000000001,0.59,-0.32,0.64
95.86033725738525,0.5,-0.30000000000000004,-64.9,0.54,-0.31,0.64
95.87005543708801,0.6000000000000001,-0.30000000000000004,-64.9,0.55,-0.28,0.64
95.87995386123657,0.5,-0.2,-64.60000000000001,0.55,-0.3,0.64
95.8902199268341,0.5,-0.5,-64.8,0.56,-0.31,0.64
95.90062522888184,0.5,-0.2,-64.8,0.55,-0.3,0.64
95.90981268882751,0.6000000000000001,-0.5,-64.4,0.56,-0.26,0.64
95.91982674598694,0.8,-0.2,-64.9,0.55,-0.28,0.64
95.9302806854248,0.1,-0.30000000000000004,-64.8,0.54,-0.34,0.65
95.93984293937683,0.2,-0.30000000000000004,-64.5,0.56,-0.33,0.65
95.95011186599731,0.9,-0.2,-64.8,0.54,-0.25,0.64
95.96062850952148,0.5,-0.0,-64.60000000000001,0.52,-0.27,0.64
95.97018074989319,0.4,-0.5,-64.7,0.5700000000000001,-0.3,0.65
95.97979140281677,0.30000000000000004,-0.1,-64.60000000000001,0.55,-0.31,0.63
95.99023485183716,0.2,-0.2,-64.60000000000001,0.55,-0.33,0.65
96.00063180923462,0.30000000000000004,-0.2,-64.8,0.53,-0.34,0.64
96.00979685783386,0.6000000000000001,-0.2,-64.8,0.54,-0.27,0.64
96.02002573013306,0.6000000000000001,-0.30000000000000004,-64.8,0.56,-0.27,0.64
96.03001761436462,0.0,-0.2,-64.60000000000001,0.56,-0.38,0.64
96.03977274894714,0.0,-0.2,-65.0,0.54,-0.35000000000000003,0.64
96.04997181892395,0.4,-0.2,-64.9,0.54,-0.29,0.64
96.06071853637695,0.4,-0.30000000000000004,-65.0,0.54,-0.31,0.64
96.06995940208435,0.30000000000000004,-0.4,-64.9,0.55,-0.32,0.64
96.079833984375,0.4,-0.2,-64.9,0.56,-0.31,0.64
96.09021425247192,0.5,-0.5,-65.10000000000001,0.56,-0.3,0.64
96.09998869895935,-0.1,-0.2,-65.0,0.53,-0.38,0.64
96.1101586818695,0.2,-0.30000000000000004,-64.7,0.56,-0.31,0.65
96.11970853805542,0.8,-0.30000000000000004,-64.9,0.55,-0.26,0.64
96.12996792793274,0.6000000000000001,-0.30000000000000004,-64.9,0.53,-0.3,0.65
96.13980150222778,0.0,-0.1,-64.7,0.54,-0.37,0.65
96.14971232414246,0.0,-0.1,-64.60000000000001,0.53,-0.35000000000000003,0.64
96.16025710105896,0.5,-0.2,-64.7,0.55,-0.27,0.64
96.17027044296265,0.5,-0.30000000000000004,-65.0,0.56,-0.28,0.64
96.17980456352234,0.2,-0.0,-64.7,0.53,-0.31,0.65
96.19054675102234,-0.2,-0.1,-64.8,0.53,-0.38,0.64
96.2004451751709,-0.30000000000000004,-0.4,-64.9,0.58,-0.38,0.64
96.2098741531372,0.5,-0.30000000000000004,-65.10000000000001,0.5700000000000001,-0.3,0.65
96.21977949142456,0.7000000000000001,-0.1,-65.10000000000001,0.53,-0.28,0.64
96.23034119606018,0.0,-0.0,-64.9,0.51,-0.33,0.64
96.23989510536194,-0.1,-0.2,-65.0,0.56,-0.37,0.64
96.24981188774109,0.4,-0.2,-65.0,0.56,-0.32,0.64
96.26011276245117,0.30000000000000004,-0.0,-64.9,0.51,-0.32,0.63
96.2701804637909,0.0,-0.1,-65.0,0.53,-0.34,0.65
96.27987051010132,0.2,-0.30000000000000004,-64.9,0.55,-0.32,0.65
96.29014039039612,0.6000000000000001,-0.4,-65.2,0.55,-0.29,0.64
96.30079460144043,-0.1,-0.1,-64.7,0.54,-0.37,0.64
96.31070041656494,-0.2,-0.2,-64.8,0.54,-0.37,0.64
96.32071042060852,0.30000000000000004,-0.1,-64.7,0.53,-0.3,0.64
96.33102345466614,0.2,-0.1,-64.7,0.53,-0.32,0.63
96.34109354019165,0.0,-0.2,-65.0,0.53,-0.35000000000000003,0.64
96.34980773925781,0.0,-0.30000000000000004,-64.9,0.54,-0.37,0.64
96.36030054092407,0.30000000000000004,-0.2,-64.8,0.56,-0.32,0.63
96.37058472633362,0.0,-0.2,-64.9,0.55,-0.33,0.64
96.37977170944214,0.2,-0.4,-65.0,0.56,-0.31,0.65
96.3898754119873,0.0,0.1,-64.9,0.51,-0.33,0.64
96.40094089508057,-0.2,-0.2,-65.0,0.54,-0.38,0.64
96.41070675849915,0.0,-0.0,-64.9,0.54,-0.37,0.65
96.42065668106079,0.5,-0.2,-65.10000000000001,0.53,-0.31,0.64
96.43078541755676,0.30000000000000004,-0.0,-65.2,0.51,-0.29,0.64
96.44093108177185,-0.30000000000000004,-0.2,-64.7,0.54,-0.38,0.65
96.45061016082764,0.0,-0.2,-64.60000000000001,0.56,-0.35000000000000003,0.64
96.459805727005,0.1,-0.2,-64.7,0.55,-0.31,0.64
96.4706711769104,0.2,-0.1,-65.10000000000001,0.52,-0.33,0.65
96.4798800945282,-0.4,-0.2,-64.8,0.55,-0.39,0.65
96.4898328781128,0.0,-0.2,-64.9,0.55,-0.33,0.65
96.50086832046509,0.0,-0.0,-64.9,0.53,-0.35000000000000003,0.64
96.5107798576355,-0.2,-0.1,-64.9,0.54,-0.36,0.64
96.52066588401794,0.0,0.2,-64.9,0.5,-0.3,0.65
96.53065490722656,0.0,-0.0,-64.8,0.52,-0.33,0.64
96.54080772399902,0.0,-0.1,-65.2,0.55,-0.35000000000000003,0.64
96.54981184005737,-0.1,-0.1,-65.2,0.54,-0.38,0.65
96.56020712852478,-0.1,-0.1,-65.2,0.53,-0.35000000000000003,0.64
96.57030987739563,-0.2,-0.1,-65.2,0.53,-0.38,0.64
96.57999086380005,-0.1,-0.2,-65.10000000000001,0.54,-0.36,0.65
96.58994841575623,0.0,-0.1,-65.10000000000001,0.53,-0.32,0.64
96.59991908073425,-0.2,-0.2,-65.0,0.55,-0.39,0.65
96.61067700386047,-0.2,-0.2,-65.10000000000001,0.55,-0.37,0.64
96.61975860595703,0.1,-0.1,-64.8,0.53,-0.32,0.65
96.62995100021362,0.2,-0.1,-65.10000000000001,0.52,-0.31,0.64
96.64006876945496,-0.1,-0.1,-65.0,0.54,-0.36,0.64
96.6498498916626,-0.4,-0.30000000000000004,-64.8,0.5700000000000001,-0.38,0.65
96.66009449958801,0.0,-0.0,-65.10000000000001,0.52,-0.36,0.64
96.67022967338562,0.0,-0.30000000000000004,-64.9,0.54,-0.33,0.64
96.68055558204651,0.0,-0.0,-65.0,0.53,-0.35000000000000003,0.64
96.6898992061615,-0.1,-0.0,-64.9,0.54,-0.34,0.64
96.70066165924072,0.0,-0.1,-65.10000000000001,0.53,-0.34,0.65
96.70986008644104,-0.5,0.30000000000000004,-64.9,0.5,-0.4,0.64
96.71986627578735,-0.2,-0.0,-65.2,0.53,-0.35000000000000003,0.65
96.73003959655762,0.0,0.2,-65.10000000000001,0.5,-0.36,0.64
96.73996877670288,-0.1,0.2,-65.0,0.49,-0.35000000000000003,0.65
96.750816822052,0.0,0.1,-65.2,0.5,-0.32,0.65
96.76003885269165,-0.1,-0.30000000000000004,-65.3,0.54,-0.36,0.64
96.77011442184448,-0.1,-0.1,-65.2,0.54,-0.37,0.64
96.77976393699646,-0.4,-0.30000000000000004,-65.2,0.56,-0.41000000000000003,0.64
96.79003572463989,-0.4,-0.30000000000000004,-65.3,0.55,-0.4,0.64
96.80001664161682,-0.2,-0.30000000000000004,-65.2,0.55,-0.36,0.65
96.80982446670532,-0.2,-0.2,-65.10000000000001,0.54,-0.36,0.64
96.82000708580017,-0.4,-0.2,-65.10000000000001,0.54,-0.39,0.66
96.82992959022522,-0.6000000000000001,-0.2,-65.10000000000001,0.55,-0.4,0.63
96.83983850479126,-0.30000000000000004,-0.0,-65.10000000000001,0.53,-0.38,0.65
96.85031604766846,-0.1,-0.0,-65.2,0.51,-0.37,0.64
96.86086535453796,-0.30000000000000004,0.2,-65.2,0.5,-0.37,0.64
96.86995553970337,-0.5,0.30000000000000004,-65.0,0.49,-0.38,0.65
96.87986397743225,-0.2,0.1,-65.10000000000001,0.52,-0.35000000000000003,0.64
96.89037847518921,-0.4,0.1,-65.3,0.51,-0.4,0.64
96.90071606636047,-0.5,-0.0,-65.2,0.54,-0.39,0.65
96.9098310470581,0.0,0.1,-65.3,0.51,-0.32,0.65
96.91978001594543,0.0,0.2,-65.2,0.5,-0.32,0.64
96.92999768257141,-0.5,-0.0,-65.3,0.53,-0.41000000000000003,0.65
96.93976712226868,-0.4,0.2,-65.4,0.51,-0.4,0.65
96.94981241226196,-0.1,-0.0,-65.4,0.51,-0.37,0.64
96.96052813529968,-0.1,-0.0,-65.10000000000001,0.54,-0.33,0.63
96.96997261047363,-0.4,-0.0,-65.10000000000001,0.53,-0.39,0.65
96.97983884811401,-0.30000000000000004,-0.0,-65.2,0.51,-0.38,0.65
96.99033427238464,-0.6000000000000001,-0.4,-64.9,0.5700000000000001,-0.4,0.65
97.00052070617676,-0.30000000000000004,-0.4,-64.9,0.55,-0.38,0.64
97.00988602638245,-0.2,-0.2,-65.10000000000001,0.54,-0.35000000000000003,0.64
97.01977324485779,-0.2,-0.4,-65.2,0.55,-0.38,0.65
97.03004145622253,-0.8,-0.2,-65.10000000000001,0.55,-0.44,0.64
97.03985905647278,-0.7000000000000001,-0.1,-65.10000000000001,0.54,-0.41000000000000003,0.65
97.04978322982788,-0.2,-0.0,-65.10000000000001,0.52,-0.34,0.64
97.06040787696838,-0.2,-0.0,-65.2,0.52,-0.36,0.64
97.07030463218689,-0.5,0.2,-65.3,0.52,-0.39,0.65
97.07980346679688,-0.5,0.1,-65.4,0.51,-0.39,0.65
97.08974146842957,-0.6000000000000001,0.30000000000000004,-65.4,0.5,-0.4,0.63
97.09987425804138,-0.6000000000000001,0.1,-65.4,0.52,-0.41000000000000003,0.65
97.11026501655579,-0.4,0.30000000000000004,-65.3,0.48,-0.4,0.65
97.11970734596252,-0.2,0.30000000000000004,-65.60000000000001,0.51,-0.34,0.64
97.13009667396545,-0.4,0.4,-65.3,0.49,-0.39,0.65
97.14013695716858,-0.9,-0.0,-65.3,0.51,-0.43,0.64
97.14974188804626,-0.30000000000000004,-0.1,-65.4,0.56,-0.36,0.65
97.16007113456726,-0.2,-0.0,-65.60000000000001,0.53,-0.36,0.65
97.17121028900146,-0.5,-0.0,-65.4,0.52,-0.4,0.65
97.18032431602478,-0.9,0.30000000000000004,-65.0,0.48,-0.44,0.66
97.19003653526306,-0.8,-0.2,-65.2,0.52,-0.41000000000000003,0.64
97.20012331008911,-0.7000000000000001,-0.30000000000000004,-65.10000000000001,0.56,-0.42,0.64
97.20981121063232,-0.5,-0.2,-65.2,0.5700000000000001,-0.4,0.65
97.21984481811523,-0.5,-0.0,-65.3,0.52,-0.38,0.65
97.22980427742004,-0.30000000000000004,-0.1,-65.4,0.52,-0.36,0.64
97.23993730545044,-0.7000000000000001,0.4,-65.2,0.51,-0.38,0.65
97.24983620643616,-0.9,-0.0,-65.2,0.52,-0.45,0.66
97.26090955734253,-0.7000000000000001,0.2,-65.2,0.51,-0.41000000000000003,0.64
97.27034282684326,-0.30000000000000004,-0.0,-65.60000000000001,0.53,-0.36,0.64
97.27993559837341,-0.2,0.30000000000000004,-65.5,0.51,-0.35000000000000003,0.65
97.28984951972961,-0.6000000000000001,0.1,-65.3,0.51,-0.41000000000000003,0.65
97.30041289329529,-0.7000000000000001,-0.0,-65.5,0.53,-0.41000000000000003,0.64
97.30993676185608,-0.5,0.2,-65.3,0.51,-0.4,0.65
97.31977677345276,-0.2,0.1,-65.3,0.5,-0.35000000000000003,0.64
97.3297393321991,-0.4,-0.0,-65.4,0.53,-0.38,0.64
97.34090995788574,-0.8,-0.0,-65.4,0.52,-0.42,0.64
97.35011196136475,-0.9,-0.0,-65.2,0.52,-0.45,0.66
97.35992789268494,-0.4,-0.1,-65.4,0.53,-0.37,0.65
97.36993980407715,-0.6000000000000001,0.1,-65.3,0.51,-0.4,0.64
97.38012862205505,-0.9,-0.0,-65.10000000000001,0.52,-0.43,0.65
97.39041256904602,-0.7000000000000001,-0.0,-65.2,0.53,-0.41000000000000003,0.65
97.39996433258057,-0.7000000000000001,0.2,-65.4,0.5,-0.38,0.64
97.41055011749268,-0.6000000000000001,-0.0,-65.4,0.52,-0.4,0.65
97.41997289657593,-0.7000000000000001,0.1,-65.5,0.52,-0.39,0.64
97.43025231361389,-0.8,0.1,-65.5,0.52,-0.43,0.66
97.44069957733154,-1.1,0.30000000000000004,-65.5,0.49,-0.45,0.64
97.45063781738281,-0.8,0.1,-65.5,0.5,-0.42,0.65
97.45983958244324,-0.5,0.2,-65.60000000000001,0.5,-0.38,0.65
97.47018265724182,-0.5,-0.0,-65.5,0.53,-0.38,0.64
97.48068881034851,-1.1,0.1,-65.4,0.52,-0.45,0.65
97.49026346206665,-1.1,0.30000000000000004,-65.2,0.49,-0.46,0.66
97.50075840950012,-0.5,0.30000000000000004,-65.4,0.47000000000000003,-0.38,0.64
97.51069450378418,-0.7000000000000001,0.2,-65.2,0.5,-0.4,0.64
97.5208740234375,-0.9,-0.0,-65.2,0.54,-0.43,0.65
97.53069853782654,-0.8,-0.0,-65.3,0.52,-0.42,0.64
97.54076266288757,-0.7000000000000001,0.1,-65.5,0.5,-0.41000000000000003,0.65
97.55040979385376,-0.6000000000000001,0.1,-65.2,0.52,-0.39,0.64
97.56005668640137,-0.5,0.1,-65.3,0.52,-0.38,0.65
97.57035756111145,-0.6000000000000001,0.4,-65.3,0.49,-0.4,0.65
97.58032965660095,-1.2000000000000002,0.30000000000000004,-65.4,0.5,-0.47000000000000003,0.65
97.59024238586426,-1.0,0.2,-65.2,0.5,-0.45,0.65
97.59989786148071,-0.5,-0.0,-65.60000000000001,0.52,-0.36,0.64
97.61076307296753,-0.6000000000000001,-0.0,-65.4,0.52,-0.4,0.64
97.62045407295227,-0.9,-0.1,-65.60000000000001,0.55,-0.44,0.65
97.62989616394043,-0.6000000000000001,0.5,-65.4,0.48,-0.38,0.65
97.63970375061035,-0.9,-0.0,-65.5,0.52,-0.41000000000000003,0.65
97.65001726150513,-1.3,0.2,-65.4,0.52,-0.47000000000000003,0.64
97.65978050231934,-1.3,0.1,-65.60000000000001,0.52,-0.47000000000000003,0.65
97.67010402679443,-0.6000000000000001,0.1,-65.60000000000001,0.51,-0.39,0.64
97.68129014968872,-0.6000000000000001,0.1,-65.4,0.5,-0.38,0.64
97.69008946418762,-1.0,0.2,-65.2,0.51,-0.43,0.65
97.70008778572083,-0.8,-0.0,-65.3,0.51,-0.42,0.65
97.71022343635559,-1.0,0.1,-65.5,0.51,-0.45,0.64
97.71996831893921,-0.9,0.2,-65.5,0.51,-0.42,0.65
97.72978830337524,-0.8,0.7000000000000001,-65.4,0.45,-0.42,0.65
97.73976135253906,-0.7000000000000001,0.2,-65.7,0.51,-0.4,0.64
97.75006294250488,-1.0,0.4,-65.3,0.5,-0.43,0.65
97.75990724563599,-1.1,0.4,-65.60000000000001,0.49,-0.44,0.65
97.77029824256897,-0.9,0.30000000000000004,-65.5,0.49,-0.42,0.65
97.78074264526367,-0.9,0.5,-65.60000000000001,0.49,-0.42,0.65
97.79074716567993,-0.9,0.30000000000000004,-65.60000000000001,0.49,-0.43,0.65
97.80065155029297,-0.8,0.2,-65.5,0.5,-0.42,0.65
97.81069731712341,-0.9,0.4,-65.7,0.5,-0.41000000000000003,0.64
97.8198459148407,-1.2000000000000002,0.1,-65.60000000000001,0.51,-0.45,0.66
97.82991814613342,-1.1,0.1,-65.7,0.51,-0.46,0.65
97.83982181549072,-1.2000000000000002,-0.0,-65.60000000000001,0.53,-0.45,0.64
97.85039043426514,-1.0,-0.0,-65.7,0.52,-0.43,0.65
97.85992193222046,-0.8,-0.0,-65.60000000000001,0.53,-0.41000000000000003,0.65
97.8699860572815,-1.0,-0.0,-65.60000000000001,0.52,-0.44,0.65
97.87975883483887,-1.1,-0.0,-65.5,0.52,-0.44,0.64
97.8903923034668,-1.1,-0.0,-65.60000000000001,0.52,-0.45,0.65
97.89978122711182,-0.9,0.30000000000000004,-65.4,0.5,-0.42,0.65
97.90985488891602,-0.8,0.5,-65.5,0.47000000000000003,-0.4,0.65
97.9199652671814,-0.9,0.4,-65.4,0.49,-0.41000000000000003,0.65
97.92990398406982,-1.0,0.4,-65.5,0.5,-0.43,0.65
97.93970704078674,-1.0,0.5,-65.60000000000001,0.48,-0.45,0.65
97.9512689113617,-0.9,0.30000000000000004,-65.5,0.49,-0.42,0.65
97.96033191680908,-1.0,0.4,-65.5,0.49,-0.42,0.65
97.96980142593384,-0.9,0.30000000000000004,-65.60000000000001,0.48,-0.42,0.65
97.98032760620117,-1.1,0.30000000000000004,-65.7,0.5,-0.44,0.64
97.9900906085968,-1.3,0.2,-65.7,0.5,-0.48,0.65
97.9998459815979,-1.1,0.4,-65.7,0.49,-0.43,0.65
98.00987815856934,-1.0,0.4,-65.8,0.47000000000000003,-0.42,0.65
98.02015423774719,-1.2000000000000002,0.2,-65.60000000000001,0.51,-0.45,0.64
98.02992749214172,-1.3,0.1,-65.8,0.52,-0.47000000000000003,0.65
98.03977584838867,-1.2000000000000002,0.30000000000000004,-65.7,0.49,-0.44,0.65
98.05047535896301,-1.1,0.2,-65.7,0.5,-0.44,0.65
98.06038665771484,-1.1,0.1,-65.60000000000001,0.51,-0.43,0.65
98.0697853565216,-1.1,0.2,-65.60000000000001,0.51,-0.44,0.65
98.08001732826233,-1.3,0.30000000000000004,-65.60000000000001,0.49,-0.47000000000000003,0.65
98.09020066261292,-1.2000000000000002,0.2,-65.60000000000001,0.51,-0.45,0.64
98.09985089302063,-1.2000000000000002,0.30000000000000004,-65.60000000000001,0.5,-0.44,0.66
98.10987091064453,-1.2000000000000002,0.30000000000000004,-65.7,0.49,-0.46,0.65
98.12014746665955,-1.0,0.30000000000000004,-65.60000000000001,0.5,-0.43,0.64
98.13010692596436,-1.0,0.30000000000000004,-65.7,0.5,-0.42,0.65
98.13980889320374,-1.3,0.30000000000000004,-65.7,0.5,-0.46,0.65
98.15037226676941,-1.3,0.4,-65.60000000000001,0.49,-0.47000000000000003,0.65
98.16096210479736,-0.8,0.30000000000000004,-65.5,0.49,-0.43,0.65
98.1697735786438,-0.6000000000000001,0.4,-65.9,0.48,-0.39,0.65
98.18015766143799,-0.9,0.30000000000000004,-65.8,0.49,-0.4,0.65
98.19080257415771,-1.4000000000000001,0.2,-65.60000000000001,0.52,-0.47000000000000003,0.64
98.20005679130554,-1.7000000000000002,0.4,-65.7,0.49,-0.49,0.66
98.20992541313171,-1.2000000000000002,0.6000000000000001,-65.7,0.46,-0.46,0.66
98.22064399719238,-0.9,0.30000000000000004,-65.7,0.48,-0.42,0.64
98.22999691963196,-1.4000000000000001,0.4,-65.60000000000001,0.5,-0.46,0.66
98.23977637290955,-1.3,0.5,-65.7,0.48,-0.46,0.65
98.25028681755066,-1.2000000000000002,0.30000000000000004,-65.8,0.49,-0.44,0.65
98.26007652282715,-1.4000000000000001,0.5,-65.7,0.48,-0.46,0.65
98.27003693580627,-1.3,0.6000000000000001,-65.7,0.47000000000000003,-0.47000000000000003,0.66
98.28102660179138,-1.5,0.5,-65.7,0.47000000000000003,-0.48,0.65
98.2908387184143,-1.3,0.4,-65.7,0.49,-0.47000000000000003,0.65
98.30075287818909,-1.1,0.5,-65.8,0.47000000000000003,-0.43,0.66
98.30985760688782,-1.1,0.2,-65.8,0.5,-0.44,0.65
98.32027506828308,-1.2000000000000002,0.30000000000000004,-65.7,0.51,-0.46,0.65
98.33026003837585,-1.5,0.30000000000000004,-65.8,0.5,-0.48,0.65
98.33986330032349,-1.5,0.5,-65.7,0.48,-0.49,0.66
98.35020875930786,-1.1,0.6000000000000001,-65.8,0.46,-0.43,0.65
98.36034321784973,-1.1,0.4,-65.7,0.48,-0.43,0.65
98.37017226219177,-1.3,0.5,-65.8,0.48,-0.47000000000000003,0.65
98.37984275817871,-1.4000000000000001,0.30000000000000004,-65.7,0.5,-0.47000000000000003,0.65
98.38984155654907,-1.3,0.2,-65.8,0.5,-0.45,0.64
98.40065360069275,-1.3,0.30000000000000004,-65.7,0.49,-0.46,0.65
98.41069102287292,-1.1,0.4,-65.7,0.49,-0.44,0.65
98.42075514793396,-1.1,0.4,-65.7,0.48,-0.43,0.65
98.43044900894165,-1.2000000000000002,0.30000000000000004,-65.60000000000001,0.5,-0.44,0.65
98.43977642059326,-1.3,0.30000000000000004,-65.7,0.5,-0.46,0.65
98.44998502731323,-1.7000000000000002,0.6000000000000001,-65.7,0.48,-0.51,0.65
98.46118593215942,-1.4000000000000001,0.30000000000000004,-65.8,0.49,-0.47000000000000003,0.65
98.47038125991821,-1.1,0.5,-65.7,0.48,-0.42,0.65
98.47981905937195,-1.0,0.4,-65.7,0.48,-0.42,0.65
98.49072051048279,-1.3,0.30000000000000004,-65.7,0.51,-0.47000000000000003,0.65
98.4999315738678,-1.6,0.30000000000000004,-65.8,0.51,-0.5,0.65
98.50980114936829,-1.5,0.7000000000000001,-65.7,0.46,-0.49,0.66
98.51978397369385,-1.2000000000000002,0.4,-65.9,0.48,-0.43,0.65
98.5298399925232,-1.3,0.5,-65.8,0.47000000000000003,-0.44,0.65
98.53979778289795,-1.6,0.5,-65.7,0.49,-0.5,0.65
98.54980635643005,-1.6,0.5,-65.8,0.48,-0.49,0.65
98.5600700378418,-1.5,0.7000000000000001,-65.9,0.45,-0.48,0.65
98.56998252868652,-1.5,0.30000000000000004,-65.9,0.48,-0.47000000000000003,0.65
98.58022952079773,-1.5,0.4,-65.9,0.49,-0.47000000000000003,0.65
98.59038972854614,-1.5,0.7000000000000001,-65.8,0.47000000000000003,-0.47000000000000003,0.65
98.59985208511353,-1.4000000000000001,0.9,-65.8,0.45,-0.46,0.65
98.61027193069458,-1.5,0.7000000000000001,-65.9,0.45,-0.47000000000000003,0.65
98.61978220939636,-1.5,0.5,-65.9,0.47000000000000003,-0.48,0.65
98.62987565994263,-1.5,0.6000000000000001,-65.8,0.48,-0.48,0.65
98.63989186286926,-1.4000000000000001,0.6000000000000001,-65.8,0.47000000000000003,-0.47000000000000003,0.66
98.65010190010071,-1.4000000000000001,0.5,-65.9,0.48,-0.46,0.65
98.66042566299438,-1.4000000000000001,0.30000000000000004,-65.8,0.5,-0.47000000000000003,0.65
98.66989731788635,-1.5,0.5,-65.8,0.49,-0.47000000000000003,0.65
98.68096923828125,-1.5,0.6000000000000001,-65.60000000000001,0.46,-0.48,0.66
98.69072651863098,-1.5,0.30000000000000004,-65.8,0.49,-0.48,0.64
98.70069622993469,-1.3,0.4,-65.8,0.49,-0.46,0.66
98.71031045913696,-1.2000000000000002,0.30000000000000004,-65.8,0.49,-0.44,0.65
98.71987414360046,-1.4000000000000001,0.4,-65.60000000000001,0.48,-0.47000000000000003,0.65
98.72996640205383,-1.5,0.6000000000000001,-65.7,0.46,-0.48,0.65
98.73981738090515,-1.4000000000000001,0.5,-65.8,0.47000000000000003,-0.47000000000000003,0.65
98.74993753433228,-1.4000000000000001,0.5,-65.8,0.47000000000000003,-0.46,0.65
98.7601866722107,-1.4000000000000001,0.6000000000000001,-65.7,0.47000000000000003,-0.47000000000000003,0.65
98.77031254768372,-1.2000000000000002,0.7000000000000001,-65.8,0.46,-0.43,0.65
98.78071475028992,-1.5,0.4,-65.9,0.48,-0.47000000000000003,0.65
98.79098272323608,-1.7000000000000002,0.30000000000000004,-65.8,0.5,-0.51,0.65
98.80063366889954,-1.8,0.6000000000000001,-65.9,0.47000000000000003,-0.5,0.65
98.80988073348999,-1.5,0.6000000000000001,-65.9,0.46,-0.48,0.65
98.82061576843262,-1.5,0.8,-65.8,0.45,-0.47000000000000003,0.65
98.82982134819031,-1.5,0.6000000000000001,-65.9,0.47000000000000003,-0.46,0.65
98.83988618850708,-1.4000000000000001,0.8,-65.8,0.46,-0.47000000000000003,0.65
98.85009050369263,-1.7000000000000002,0.6000000000000001,-65.9,0.46,-0.49,0.65
98.86029434204102,-1.8,0.6000000000000001,-65.9,0.47000000000000003,-0.51,0.65
98.86992907524109,-1.8,0.6000000000000001,-66.0,0.47000000000000003,-0.51,0.66
98.88035321235657,-1.6,0.6000000000000001,-65.9,0.47000000000000003,-0.48,0.65
98.89011454582214,-1.6,0.5,-65.9,0.48,-0.48,0.65
98.89992213249207,-1.6,0.7000000000000001,-65.8,0.47000000000000003,-0.49,0.65
98.90989804267883,-1.7000000000000002,0.7000000000000001,-65.9,0.46,-0.49,0.65
98.91989612579346,-1.6,0.8,-65.9,0.45,-0.48,0.65
98.92991709709167,-1.4000000000000001,0.6000000000000001,-65.9,0.47000000000000003,-0.47000000000000003,0.65
98.93971276283264,-1.5,0.6000000000000001,-65.9,0.47000000000000003,-0.47000000000000003,0.65
98.95012044906616,-1.6,0.5,-65.8,0.47000000000000003,-0.48,0.65
98.96027517318726,-1.8,0.6000000000000001,-66.0,0.47000000000000003,-0.5,0.65
98.96981859207153,-1.8,0.5,-66.0,0.47000000000000003,-0.5,0.65
98.97986388206482,-1.6,0.7000000000000001,-65.9,0.48,-0.48,0.65
98.98997402191162,-1.5,0.9,-65.9,0.45,-0.48,0.65
98.99990105628967,-1.5,0.9,-65.9,0.43,-0.48,0.65
99.00980162620544,-1.5,0.8,-65.9,0.45,-0.47000000000000003,0.65
99.01976180076599,-1.5,0.7000000000000001,-65.9,0.46,-0.47000000000000003,0.65
99.0309407711029,-1.7000000000000002,0.5,-66.0,0.47000000000000003,-0.49,0.65
99.0396888256073,-1.9000000000000001,0.4,-66.0,0.49,-0.52,0.66
99.05014944076538,-1.8,0.5,-65.9,0.48,-0.51,0.65
99.06123447418213,-1.6,0.4,-66.0,0.48,-0.48,0.65
99.0701801776886,-1.7000000000000002,0.6000000000000001,-66.0,0.47000000000000003,-0.49,0.65
99.07986807823181,-1.7000000000000002,0.5,-65.9,0.47000000000000003,-0.49,0.66
99.09016609191895,-1.9000000000000001,0.5,-66.0,0.48,-0.51,0.65
99.1000816822052,-1.9000000000000001,0.5,-65.9,0.48,-0.52,0.65
99.11002087593079,-1.6,0.7000000000000001,-65.9,0.46,-0.48,0.65
99.11974501609802,-1.4000000000000001,0.8,-65.9,0.44,-0.46,0.65
99.13001823425293,-1.5,0.7000000000000001,-65.9,0.45,-0.48,0.65
99.13984274864197,-1.6,0.8,-65.9,0.46,-0.49,0.65
99.14973044395447,-1.6,0.9,-65.9,0.45,-0.48,0.65
99.16031956672668,-1.6,0.8,-66.0,0.44,-0.48,0.65
99.17080020904541,-1.5,0.8,-66.0,0.45,-0.48,0.65
99.18041825294495,-1.5,1.0,-65.9,0.44,-0.48,0.65
99.18997502326965,-1.7000000000000002,0.9,-66.0,0.44,-0.49,0.65
99.20011377334595,-1.8,0.9,-65.9,0.43,-0.5,0.65
99.210125207901,-1.8,0.7000000000000001,-66.0,0.46,-0.5,0.65
99.21975636482239,-1.8,0.7000000000000001,-65.9,0.46,-0.51,0.65
99.22995495796204,-1.8,0.7000000000000001,-65.9,0.46,-0.5,0.65
99.23994612693787,-1.8,0.6000000000000001,-66.0,0.46,-0.5,0.65
99.24992442131042,-1.9000000000000001,0.7000000000000001,-65.9,0.46,-0.51,0.66
99.25999164581299,-1.9000000000000001,0.7000000000000001,-65.9,0.46,-0.52,0.65
99.27078652381897,-2.0,0.5,-66.0,0.47000000000000003,-0.52,0.65
99.2801582813263,-2.0,0.6000000000000001,-66.10000000000001,0.48,-0.52,0.66
99.28999638557434,-1.9000000000000001,0.5,-65.9,0.47000000000000003,-0.52,0.65
99.3008508682251,-1.8,0.7000000000000001,-65.9,0.45,-0.5,0.65
99.31000661849976,-1.8,0.8,-66.10000000000001,0.45,-0.49,0.65
99.3198356628418,-1.8,0.8,-66.0,0.46,-0.51,0.65
99.33035945892334,-1.7000000000000002,0.7000000000000001,-65.9,0.46,-0.49,0.65
99.33999800682068,-1.6,0.9,-66.0,0.43,-0.48,0.65
99.34990215301514,-1.5,1.1,-65.9,0.42,-0.47000000000000003,0.66
99.36018824577332,-1.5,1.1,-65.9,0.42,-0.47000000000000003,0.65
99.3710868358612,-1.6,1.0,-65.9,0.43,-0.48,0.65
99.37976956367493,-1.6,0.8,-65.9,0.45,-0.49,0.65
99.38993072509766,-1.5,0.9,-66.0,0.45,-0.48,0.65
99.39996576309204,-1.5,0.9,-66.0,0.44,-0.47000000000000003,0.65
99.41013216972351,-1.8,0.9,-65.9,0.44,-0.5,0.65
99.42068457603455,-1.8,0.7000000000000001,-65.9,0.46,-0.51,0.66
99.42971158027649,-1.8,0.7000000000000001,-66.10000000000001,0.46,-0.5,0.65
99.4400327205658,-1.8,0.6000000000000001,-65.9,0.47000000000000003,-0.51,0.65
99.4499580860138,-1.9000000000000001,0.6000000000000001,-65.9,0.47000000000000003,-0.51,0.65
99.46037030220032,-2.0,0.7000000000000001,-66.10000000000001,0.46,-0.52,0.65
99.47183465957642,-1.9000000000000001,0.7000000000000001,-66.10000000000001,0.45,-0.52,0.66
99.47991728782654,-1.9000000000000001,0.8,-66.10000000000001,0.44,-0.5,0.65
99.49004316329956,-1.9000000000000001,0.8,-66.0,0.45,-0.51,0.65
99.50004529953003,-2.2,0.7000000000000001,-66.10000000000001,0.46,-0.54,0.66
99.51020097732544,-2.1,0.8,-66.10000000000001,0.45,-0.53,0.65
99.51993536949158,-1.8,0.8,-66.10000000000001,0.44,-0.5,0.66
99.52986311912537,-1.8,0.7000000000000001,-66.10000000000001,0.46,-0.49,0.65
99.54051947593689,-2.0,0.8,-66.0,0.45,-0.52,0.65
99.5498116016388,-1.9000000000000001,0.9,-66.10000000000001,0.44,-0.52,0.65
99.56008410453796,-1.9000000000000001,1.0,-66.0,0.43,-0.52,0.65
99.57064461708069,-1.8,1.1,-65.9,0.42,-0.49,0.65
99.57993125915527,-1.6,1.1,-65.9,0.43,-0.49,0.65
99.59015226364136,-2.0,1.1,-66.0,0.42,-0.51,0.65
99.59978175163269,-1.8,1.1,-65.7,0.43,-0.52,0.65
99.6105842590332,-1.5,1.0,-66.10000000000001,0.43,-0.46,0.65
99.62066411972046,-1.5,0.9,-65.9,0.43,-0.5,0.66
99.630704164505,-1.6,0.8,-66.3,0.45,-0.47000000000000003,0.65
99.63996267318726,-2.0,0.9,-66.10000000000001,0.44,-0.52,0.65
99.65057706832886,-1.9000000000000001,0.7000000000000001,-66.2,0.46,-0.53,0.66
99.65982818603516,-2.1,0.8,-66.3,0.44,-0.51,0.65
99.67050218582153,-2.1,0.6000000000000001,-66.0,0.47000000000000003,-0.54,0.66
99.679851770401,-2.0,0.8,-66.2,0.46,-0.5,0.65
99.68987917900085,-2.2,0.7000000000000001,-66.10000000000001,0.46,-0.54,0.66
99.6998519897461,-2.1,0.8,-66.0,0.45,-0.54,0.65
99.71055507659912,-1.9000000000000001,1.2000000000000002,-66.10000000000001,0.43,-0.51,0.65
99.71983504295349,-1.8,1.2000000000000002,-66.0,0.4,-0.5,0.65
99.72988295555115,-2.0,1.0,-66.0,0.43,-0.51,0.65
99.74063444137573,-1.9000000000000001,1.1,-65.9,0.43,-0.52,0.66
99.75007915496826,-1.7000000000000002,1.0,-66.10000000000001,0.44,-0.48,0.65
99.76018571853638,-1.7000000000000002,1.0,-66.0,0.43,-0.49,0.66
99.77048754692078,-2.0,1.0,-66.10000000000001,0.43,-0.51,0.65
99.78033804893494,-2.1,1.0,-65.9,0.43,-0.53,0.65
99.78995823860168,-1.9000000000000001,0.7000000000000001,-66.10000000000001,0.45,-0.51,0.65
99.80003905296326,-1.8,0.9,-66.0,0.45,-0.5,0.65
99.8102195262909,-2.0,1.0,-66.0,0.45,-0.51,0.66
99.81981301307678,-2.1,1.1,-66.2,0.43,-0.52,0.65
99.82986307144165,-2.0,1.1,-66.0,0.43,-0.52,0.65
99.83995795249939,-1.7000000000000002,1.3,-66.2,0.41000000000000003,-0.49,0.65
99.8504991531372,-1.8,1.2000000000000002,-66.2,0.42,-0.5,0.65
99.86009788513184,-1.9000000000000001,1.1,-66.10000000000001,0.42,-0.51,0.65
99.87023878097534,-1.8,1.3,-66.0,0.42,-0.5,0.65
99.88039636611938,-1.9000000000000001,1.2000000000000002,-66.2,0.41000000000000003,-0.5,0.66
99.89017915725708,-2.1,1.1,-66.0,0.42,-0.53,0.65
99.90073227882385,-2.0,1.1,-66.10000000000001,0.43,-0.51,0.65
99.909832239151,-2.0,1.0,-66.2,0.44,-0.52,0.65
99.9200267791748,-2.3000000000000003,0.7000000000000001,-66.2,0.45,-0.55,0.66
99.93049502372742,-2.3000000000000003,0.9,-66.0,0.46,-0.54,0.65
99.94011449813843,-2.3000000000000003,0.8,-66.0,0.46,-0.53,0.65
99.95015549659729,-2.3000000000000003,0.8,-65.9,0.44,-0.54,0.65
99.96005630493164,-2.1,0.7000000000000001,-65.9,0.47000000000000003,-0.52,0.65
99.96996235847473,-2.2,0.9,-66.0,0.45,-0.53,0.65
99.98041558265686,-2.1,1.1,-65.9,0.43,-0.53,0.66
99.9899160861969,-1.8,1.1,-66.2,0.42,-0.5,0.65
99.99990153312683,-1.9000000000000001,1.1,-66.0,0.42,-0.49,0.65
100.00998997688293,-1.9000000000000001,1.1,-66.0,0.44,-0.51,0.65
100.01981329917908,-2.0,1.2000000000000002,-66.10000000000001,0.42,-0.52,0.65
100.03066802024841,-1.9000000000000001,1.1,-66.2,0.42,-0.5,0.65
100.03968787193298,-1.9000000000000001,1.2000000000000002,-66.0,0.42,-0.5,0.65
100.05070686340332,-2.0,1.1,-66.2,0.43,-0.52,0.65
100.05975866317749,-2.0,1.2000000000000002,-66.0,0.43,-0.51,0.65
100.07013988494873,-2.0,1.3,-66.2,0.41000000000000003,-0.52,0.65
100.08063125610352,-2.1,1.1,-65.8,0.42,-0.53,0.65
100.08996295928955,-2.1,1.3,-66.0,0.42,-0.52,0.65
100.09977960586548,-2.0,1.1,-66.0,0.43,-0.51,0.66
100.11070394515991,-2.1,1.1,-66.0,0.43,-0.52,0.65
100.11994743347168,-2.2,1.0,-65.8,0.44,-0.53,0.66
100.12979245185852,-2.3000000000000003,1.0,-66.10000000000001,0.44,-0.54,0.65
100.13964295387268,-2.4000000000000004,0.9,-66.0,0.44,-0.55,0.66
100.15086603164673,-2.4000000000000004,0.9,-66.10000000000001,0.45,-0.55,0.65
100.1601951122284,-2.3000000000000003,0.8,-66.4,0.45,-0.54,0.66
100.16987657546997,-2.2,0.9,-66.10000000000001,0.46,-0.54,0.65
100.18023180961609,-2.1,1.2000000000000002,-65.9,0.43,-0.52,0.66
100.19038891792297,-2.0,1.3,-66.2,0.4,-0.52,0.65
100.19995856285095,-2.2,1.3,-66.3,0.41000000000000003,-0.53,0.66
100.21008396148682,-2.3000000000000003,1.1,-66.2,0.43,-0.55,0.65
100.22011613845825,-2.1,1.5,-66.10000000000001,0.41000000000000003,-0.52,0.65
100.22978639602661,-1.9000000000000001,1.5,-66.2,0.38,-0.51,0.65
100.23978304862976,-2.0,1.4000000000000001,-66.10000000000001,0.39,-0.52,0.65
100.25033473968506,-2.2,1.3,-66.10000000000001,0.43,-0.53,0.65
100.25986695289612,-2.2,1.3,-66.10000000000001,0.42,-0.53,0.65
100.27007722854614,-2.1,1.3,-65.9,0.41000000000000003,-0.52,0.65
100.28030943870544,-2.1,1.2000000000000002,-66.10000000000001,0.41000000000000003,-0.51,0.66
100.29036235809326,-2.3000000000000003,1.2000000000000002,-65.9,0.42,-0.55,0.65
100.300039768219,-2.4000000000000004,0.9,-66.10000000000001,0.45,-0.56,0.65
100.30979466438293,-2.3000000000000003,1.1,-66.10000000000001,0.44,-0.54,0.65
100.32093858718872,-2.3000000000000003,1.2000000000000002,-66.10000000000001,0.43,-0.54,0.65
100.32980847358704,-2.3000000000000003,1.2000000000000002,-66.3,0.42,-0.54,0.65
100.33972954750061,-2.3000000000000003,1.1,-66.2,0.43,-0.55,0.66
100.35036158561707,-2.2,1.4000000000000001,-66.10000000000001,0.4,-0.53,0.65
100.36092853546143,-2.2,1.3,-66.3,0.4,-0.53,0.65
100.36990022659302,-2.3000000000000003,1.2000000000000002,-66.10000000000001,0.43,-0.55,0.65
100.38046026229858,-2.2,1.0,-66.10000000000001,0.46,-0.53,0.65
100.39077663421631,-2.2,1.2000000000000002,-66.2,0.41000000000000003,-0.53,0.65
100.39982438087463,-2.4000000000000004,1.0,-66.2,0.43,-0.55,0.65
100.40975975990295,-2.2,1.4000000000000001,-66.0,0.42,-0.54,0.65
100.41988015174866,-2.1,1.6,-66.10000000000001,0.39,-0.52,0.66
100.42995429039001,-2.1,1.6,-66.10000000000001,0.38,-0.51,0.65
100.43987512588501,-2.3000000000000003,1.3,-66.0,0.4,-0.54,0.66
100.45005011558533,-2.1,1.3,-66.2,0.43,-0.53,0.65
100.45997953414917,-1.9000000000000001,1.6,-66.10000000000001,0.4,-0.5,0.65
100.47010827064514,-2.0,1.7000000000000002,-66.0,0.38,-0.5,0.65
100.48073291778564,-2.0,1.4000000000000001,-65.9,0.4,-0.52,0.65
100.49094986915588,-2.2,1.3,-66.2,0.41000000000000003,-0.54,0.65
100.5005042552948,-2.1,1.3,-66.4,0.41000000000000003,-0.52,0.65
100.50978016853333,-2.2,1.4000000000000001,-66.2,0.39,-0.53,0.66
100.51986598968506,-2.2,1.2000000000000002,-65.9,0.41000000000000003,-0.52,0.66
100.53083109855652,-2.3000000000000003,1.0,-65.9,0.44,-0.54,0.65
100.53966355323792,-2.5,1.1,-66.10000000000001,0.44,-0.56,0.65
100.5503294467926,-2.3000000000000003,1.1,-65.7,0.44,-0.55,0.65
100.5601007938385,-2.2,1.2000000000000002,-66.2,0.42,-0.52,0.66
100.57006216049194,-2.4000000000000004,0.9,-66.3,0.44,-0.55,0.65
100.57994413375854,-2.5,0.9,-66.0,0.47000000000000003,-0.5700000000000001,0.65
100.59084153175354,-2.2,1.4000000000000001,-65.9,0.42,-0.54,0.66
100.59995913505554,-1.9000000000000001,1.5,-66.10000000000001,0.39,-0.5,0.65
100.60986757278442,-2.1,1.3,-66.10000000000001,0.41000000000000003,-0.52,0.65
100.61990141868591,-2.2,1.4000000000000001,-66.10000000000001,0.42,-0.54,0.66
100.62977194786072,-2.2,1.6,-65.9,0.4,-0.51,0.65
100.6398253440857,-2.1,1.2000000000000002,-65.9,0.41000000000000003,-0.53,0.66
100.65069484710693,-2.1,1.5,-66.10000000000001,0.41000000000000003,-0.52,0.65
100.66010189056396,-2.0,1.7000000000000002,-65.9,0.38,-0.51,0.66
100.67024421691895,-2.1,1.6,-65.9,0.39,-0.51,0.65
100.68046832084656,-2.3000000000000003,1.6,-66.0,0.38,-0.54,0.66
100.69024014472961,-2.4000000000000004,1.3,-66.4,0.41000000000000003,-0.55,0.65
100.70001745223999,-2.4000000000000004,1.5,-66.2,0.41000000000000003,-0.55,0.65
100.70988965034485,-2.3000000000000003,1.5,-66.0,0.4,-0.54,0.65
100.72003245353699,-2.4000000000000004,1.7000000000000002,-66.4,0.36,-0.53,0.66
100.7300374507904,-2.5,1.3,-66.3,0.42,-0.56,0.66
100.74004888534546,-2.6,1.1,-66.4,0.44,-0.5700000000000001,0.65
100.74999141693115,-2.5,1.3,-66.3,0.43,-0.56,0.65
100.75980234146118,-2.3000000000000003,1.4000000000000001,-66.10000000000001,0.4,-0.55,0.66
100.77013325691223,-2.3000000000000003,1.5,-66.10000000000001,0.39,-0.53,0.65
100.78056454658508,-2.2,1.5,-66.10000000000001,0.41000000000000003,-0.55,0.66
100.78999900817871,-2.2,1.4000000000000001,-66.10000000000001,0.4,-0.53,0.66
100.79979848861694,-2.2,1.5,-65.9,0.41000000000000003,-0.52,0.65
100.80996370315552,-2.2,1.7000000000000002,-65.8,0.38,-0.53,0.66
100.82002520561218,-2.2,1.5,-66.0,0.39,-0.52,0.65
100.82977271080017,-2.1,1.5,-65.9,0.4,-0.53,0.65
100.83993434906006,-2.3000000000000003,1.5,-65.9,0.4,-0.53,0.66
100.85009837150574,-2.1,1.6,-65.8,0.4,-0.53,0.65
100.85988354682922,-2.1,1.7000000000000002,-65.9,0.38,-0.51,0.65
100.87015748023987,-2.2,1.1,-65.9,0.42,-0.54,0.66
100.8803596496582,-2.3000000000000003,1.3,-65.8,0.44,-0.54,0.65
100.89088940620422,-2.3000000000000003,1.4000000000000001,-66.10000000000001,0.41000000000000003,-0.54,0.65
100.90041446685791,-2.3000000000000003,1.2000000000000002,-66.10000000000001,0.4,-0.54,0.65
100.90986514091492,-2.3000000000000003,1.2000000000000002,-66.0,0.43,-0.55,0.66
100.92073106765747,-2.4000000000000004,1.4000000000000001,-66.10000000000001,0.4,-0.52,0.65
100.9297924041748,-2.4000000000000004,1.2000000000000002,-66.0,0.41000000000000003,-0.55,0.66
100.94010710716248,-2.4000000000000004,1.4000000000000001,-65.9,0.43,-0.55,0.65
100.95000767707825,-2.3000000000000003,1.4000000000000001,-66.0,0.41000000000000003,-0.53,0.66
100.95990633964539,-2.2,1.7000000000000002,-66.0,0.38,-0.51,0.65
100.97008538246155,-2.3000000000000003,1.6,-66.0,0.39,-0.55,0.66
100.98094916343689,-2.4000000000000004,1.7000000000000002,-65.8,0.39,-0.54,0.65
100.99063277244568,-2.3000000000000003,1.6,-66.0,0.4,-0.54,0.66
100.99994611740112,-2.4000000000000004,1.4000000000000001,-66.2,0.4,-0.53,0.65
101.009929895401,-2.4000000000000004,1.4000000000000001,-66.0,0.44,-0.56,0.66
101.01988410949707,-2.4000000000000004,1.7000000000000002,-65.9,0.4,-0.55,0.66
101.03019762039185,-2.5,1.3,-65.9,0.41000000000000003,-0.56,0.65
101.03978562355042,-2.7,1.4000000000000001,-65.9,0.42,-0.56,0.66
101.05019021034241,-2.4000000000000004,1.6,-65.8,0.4,-0.55,0.66
101.06022500991821,-2.3000000000000003,1.8,-66.0,0.37,-0.53,0.65
101.07010388374329,-2.3000000000000003,1.6,-66.4,0.39,-0.54,0.66
101.08000469207764,-2.3000000000000003,1.4000000000000001,-66.2,0.42,-0.55,0.65
101.09009671211243,-2.5,1.6,-66.10000000000001,0.4,-0.55,0.66
101.09981560707092,-2.5,1.6,-66.0,0.39,-0.54,0.65
101.10982632637024,-2.2,1.7000000000000002,-66.2,0.38,-0.54,0.66
101.1199049949646,-2.3000000000000003,1.7000000000000002,-66.2,0.4,-0.53,0.66
101.12992835044861,-2.3000000000000003,1.6,-66.3,0.39,-0.53,0.66
101.13989639282227,-2.2,1.6,-65.8,0.4,-0.54,0.66
101.14982748031616,-2.2,1.6,-66.10000000000001,0.39,-0.52,0.66
101.16016745567322,-2.2,1.6,-65.9,0.4,-0.53,0.65
101.17021465301514,-2.2,1.6,-65.8,0.39,-0.52,0.66
101.18072748184204,-2.2,1.6,-65.7,0.4,-0.53,0.65
101.19090008735657,-2.3000000000000003,1.5,-65.7,0.41000000000000003,-0.54,0.66
101.20058512687683,-2.4000000000000004,1.4000000000000001,-66.3,0.41000000000000003,-0.55,0.65
101.21070337295532,-2.4000000000000004,1.6,-66.3,0.38,-0.55,0.65
101.22027587890625,-2.3000000000000003,1.7000000000000002,-66.10000000000001,0.38,-0.54,0.66
101.23019576072693,-2.2,1.5,-66.0,0.38,-0.53,0.65
101.2398533821106,-2.2,1.3,-66.10000000000001,0.41000000000000003,-0.53,0.66
101.25058197975159,-2.3000000000000003,1.5,-66.2,0.41000000000000003,-0.53,0.65
101.26039671897888,-2.5,1.6,-66.2,0.38,-0.56,0.66
101.27035617828369,-2.6,1.2000000000000002,-66.10000000000001,0.43,-0.5700000000000001,0.65
101.28080630302429,-2.6,1.6,-66.0,0.41000000000000003,-0.58,0.66
101.29085206985474,-2.5,1.7000000000000002,-66.0,0.39,-0.56,0.66
101.30080509185791,-2.3000000000000003,1.6,-66.0,0.39,-0.53,0.65
101.3107008934021,-2.2,1.7000000000000002,-66.0,0.4,-0.53,0.66
101.31972241401672,-2.2,2.1,-65.8,0.36,-0.52,0.66
101.33035492897034,-2.1,1.8,-65.9,0.38,-0.51,0.66
101.33983016014099,-2.2,1.9000000000000001,-65.9,0.36,-0.52,0.66
101.35008835792542,-2.4000000000000004,1.5,-65.8,0.41000000000000003,-0.55,0.65
101.36099076271057,-2.5,1.9000000000000001,-65.8,0.4,-0.55,0.66
101.3702290058136,-2.5,1.7000000000000002,-66.3,0.36,-0.55,0.65
101.38072872161865,-2.3000000000000003,1.6,-65.9,0.41000000000000003,-0.54,0.65
101.39092898368835,-2.3000000000000003,1.7000000000000002,-66.2,0.37,-0.55,0.66
101.40071153640747,-2.3000000000000003,1.7000000000000002,-66.3,0.38,-0.53,0.65
101.41079950332642,-2.3000000000000003,1.6,-65.9,0.39,-0.54,0.66
101.41970705986023,-2.4000000000000004,1.5,-66.2,0.41000000000000003,-0.54,0.66
101.430823802948,-2.5,1.6,-65.8,0.42,-0.56,0.65
101.43974232673645,-2.6,1.2000000000000002,-66.0,0.41000000000000003,-0.56,0.67
101.45013308525085,-2.7,1.2000000000000002,-65.9,0.45,-0.58,0.65
101.46035623550415,-2.7,1.5,-65.9,0.41000000000000003,-0.58,0.67
101.47013974189758,-2.5,1.5,-66.10000000000001,0.4,-0.55,0.65
101.4809741973877,-2.4000000000000004,1.5,-65.9,0.42,-0.54,0.65
101.49060845375061,-2.3000000000000003,1.9000000000000001,-65.7,0.38,-0.53,0.66
101.50083136558533,-2.2,1.7000000000000002,-65.9,0.37,-0.52,0.65
101.51092100143433,-2.1,1.5,-66.10000000000001,0.39,-0.52,0.66
101.5198757648468,-2.0,1.9000000000000001,-65.8,0.37,-0.51,0.65
101.53024435043335,-2.0,2.0,-65.8,0.37,-0.5,0.66
101.53999423980713,-2.0,2.0,-65.7,0.35000000000000003,-0.51,0.66
101.5497784614563,-2.1,1.7000000000000002,-65.8,0.38,-0.52,0.65
101.56040930747986,-2.2,1.4000000000000001,-65.60000000000001,0.42,-0.53,0.66
101.57024812698364,-2.3000000000000003,1.6,-66.0,0.41000000000000003,-0.55,0.66
101.5799355506897,-2.2,1.7000000000000002,-65.9,0.38,-0.53,0.65
101.59025025367737,-2.2,2.0,-65.8,0.36,-0.51,0.66
101.6004114151001,-2.3000000000000003,1.4000000000000001,-66.10000000000001,0.4,-0.54,0.66
101.61028838157654,-2.5,1.5,-66.10000000000001,0.42,-0.56,0.65
101.61972713470459,-2.6,1.5,-66.10000000000001,0.41000000000000003,-0.5700000000000001,0.66
101.63043236732483,-2.5,1.7000000000000002,-66.0,0.38,-0.56,0.65
101.64013624191284,-2.6,1.5,-66.0,0.39,-0.5700000000000001,0.66
101.64975380897522,-2.6,1.7000000000000002,-66.0,0.41000000000000003,-0.5700000000000001,0.65
101.6602075099945,-2.4000000000000004,2.1,-65.9,0.35000000000000003,-0.55,0.67
101.67062568664551,-2.4000000000000004,2.0,-66.10000000000001,0.35000000000000003,-0.54,0.65
101.68011665344238,-2.5,1.8,-65.9,0.39,-0.56,0.66
101.69010877609253,-2.5,1.8,-65.8,0.41000000000000003,-0.56,0.65
101.70077610015869,-2.4000000000000004,2.0,-65.8,0.38,-0.54,0.67
101.71030068397522,-2.2,2.0,-65.8,0.35000000000000003,-0.52,0.65
101.7197470664978,-2.2,1.9000000000000001,-65.8,0.37,-0.51,0.65
101.72992157936096,-2.3000000000000003,1.7000000000000002,-65.5,0.39,-0.53,0.66
101.73984289169312,-2.3000000000000003,1.9000000000000001,-65.7,0.39,-0.54,0.65
101.7499451637268,-2.3000000000000003,1.7000000000000002,-65.5,0.38,-0.52,0.66
101.75979590415955,-2.3000000000000003,1.7000000000000002,-65.60000000000001,0.4,-0.53,0.66
101.77060604095459,-2.4000000000000004,1.4000000000000001,-65.7,0.41000000000000003,-0.54,0.66
101.78048896789551,-2.4000000000000004,1.3,-65.9,0.42,-0.55,0.66
101.79002547264099,-2.4000000000000004,1.4000000000000001,-66.0,0.42,-0.54,0.66
101.80075287818909,-2.3000000000000003,1.7000000000000002,-65.9,0.39,-0.54,0.66
101.81008791923523,-2.3000000000000003,1.5,-65.9,0.4,-0.54,0.66
101.81988978385925,-2.4000000000000004,1.1,-65.9,0.43,-0.54,0.65
101.82977938652039,-2.4000000000000004,1.6,-65.7,0.41000000000000003,-0.54,0.66
101.83993983268738,-2.4000000000000004,1.3,-65.8,0.44,-0.55,0.66
101.84983611106873,-2.4000000000000004,1.4000000000000001,-65.7,0.43,-0.54,0.65
101.85999584197998,-2.0,1.7000000000000002,-65.8,0.39,-0.53,0.66
101.87104845046997,-2.2,1.9000000000000001,-65.60000000000001,0.36,-0.52,0.66
101.8799729347229,-2.2,1.8,-65.9,0.36,-0.53,0.65
101.89022040367126,-2.2,1.8,-65.7,0.38,-0.53,0.65
101.90068125724792,-2.3000000000000003,1.7000000000000002,-65.7,0.42,-0.54,0.67
101.90990734100342,-2.2,2.1,-66.2,0.35000000000000003,-0.51,0.65
101.91984605789185,-2.2,1.9000000000000001,-65.5,0.38,-0.53,0.65
101.92975854873657,-2.1,2.0,-65.60000000000001,0.37,-0.52,0.67
101.94010853767395,-2.1,1.9000000000000001,-65.7,0.37,-0.51,0.66
101.94983553886414,-2.3000000000000003,1.9000000000000001,-66.0,0.37,-0.53,0.65
101.9598183631897,-2.3000000000000003,1.7000000000000002,-66.0,0.41000000000000003,-0.55,0.66
101.97033762931824,-2.4000000000000004,1.9000000000000001,-66.0,0.36,-0.53,0.65
101.98007369041443,-2.5,1.9000000000000001,-65.8,0.37,-0.56,0.66
101.99003481864929,-2.4000000000000004,1.9000000000000001,-65.8,0.37,-0.55,0.66
102.00004243850708,-2.5,2.0,-65.9,0.37,-0.54,0.66
102.01036810874939,-2.5,1.6,-65.8,0.41000000000000003,-0.56,0.66
102.0198347568512,-2.6,2.0,-65.7,0.37,-0.5700000000000001,0.66
102.03007054328918,-2.6,1.7000000000000002,-65.8,0.39,-0.56,0.66
102.04002356529236,-2.6,1.6,-65.60000000000001,0.4,-0.5700000000000001,0.66
102.0498456954956,-2.5,1.9000000000000001,-65.7,0.38,-0.55,0.66
102.06010794639587,-2.5,1.7000000000000002,-65.7,0.4,-0.56,0.66
102.07082748413086,-2.4000000000000004,1.6,-65.5,0.42,-0.55,0.65
102.0799446105957,-2.2,1.8,-66.0,0.37,-0.52,0.66
102.08988189697266,-2.2,1.8,-65.7,0.39,-0.51,0.65
102.09989166259766,-2.0,1.8,-65.5,0.39,-0.51,0.67
102.11085629463196,-2.1,1.9000000000000001,-65.4,0.37,-0.52,0.65
102.11999821662903,-2.0,1.7000000000000002,-65.9,0.39,-0.5,0.65
102.12988495826721,-2.1,1.6,-65.8,0.4,-0.51,0.66
102.13993048667908,-2.2,1.6,-65.7,0.4,-0.53,0.67
102.14989686012268,-2.2,1.7000000000000002,-65.9,0.37,-0.52,0.65
102.15988731384277,-2.2,1.6,-65.60000000000001,0.41000000000000003,-0.53,0.66
102.1703109741211,-2.5,1.4000000000000001,-65.8,0.41000000000000003,-0.54,0.66
102.18047666549683,-2.2,1.5,-65.8,0.42,-0.52,0.66
102.19006609916687,-2.3000000000000003,1.5,-65.7,0.41000000000000003,-0.54,0.66
102.1998975276947,-2.5,1.4000000000000001,-65.60000000000001,0.41000000000000003,-0.56,0.66
102.21025490760803,-2.2,1.6,-65.8,0.4,-0.52,0.66
102.2199547290802,-2.5,1.7000000000000002,-65.7,0.4,-0.54,0.66
102.22978448867798,-2.2,1.8,-65.2,0.39,-0.55,0.66
102.24059891700745,-2.3000000000000003,1.9000000000000001,-65.60000000000001,0.36,-0.53,0.66
102.25084066390991,-2.3000000000000003,1.9000000000000001,-65.5,0.38,-0.54,0.66
102.25972270965576,-2.1,1.6,-65.9,0.39,-0.5,0.65
102.2707097530365,-2.1,1.7000000000000002,-65.5,0.41000000000000003,-0.53,0.65
102.27987313270569,-2.2,2.2,-65.8,0.34,-0.54,0.66
102.2906494140625,-2.3000000000000003,2.3000000000000003,-65.60000000000001,0.33,-0.51,0.65
102.30039191246033,-2.2,2.0,-65.7,0.35000000000000003,-0.52,0.66
102.31029939651489,-2.3000000000000003,2.2,-65.8,0.37,-0.52,0.66
102.32005739212036,-2.4000000000000004,2.1,-65.8,0.36,-0.56,0.66
102.32988047599792,-2.2,1.8,-65.8,0.37,-0.52,0.66
102.33987975120544,-2.3000000000000003,1.8,-65.8,0.38,-0.54,0.66
102.35032296180725,-2.4000000000000004,1.7000000000000002,-65.8,0.4,-0.55,0.66
102.35977673530579,-2.2,2.0,-65.60000000000001,0.39,-0.52,0.65
102.3702130317688,-2.3000000000000003,1.9000000000000001,-65.8,0.37,-0.54,0.66
102.38065981864929,-2.1,1.6,-65.7,0.41000000000000003,-0.54,0.66
102.39061522483826,-2.3000000000000003,1.6,-65.60000000000001,0.41000000000000003,-0.53,0.66
102.39990782737732,-2.5,1.5,-65.5,0.42,-0.55,0.65
102.41032218933105,-2.4000000000000004,1.7000000000000002,-65.5,0.4,-0.54,0.66
102.41993546485901,-2.3000000000000003,2.0,-65.2,0.36,-0.52,0.66
102.42999982833862,-2.3000000000000003,1.4000000000000001,-65.3,0.42,-0.52,0.65
102.43979406356812,-2.3000000000000003,1.2000000000000002,-65.3,0.44,-0.54,0.66
102.45021390914917,-2.3000000000000003,1.4000000000000001,-65.4,0.44,-0.53,0.66
102.45988202095032,-2.2,1.4000000000000001,-65.9,0.41000000000000003,-0.53,0.66
102.46981883049011,-2.2,1.4000000000000001,-65.2,0.42,-0.53,0.66
102.47996377944946,-2.0,1.7000000000000002,-65.7,0.38,-0.5,0.66
102.49029731750488,-2.1,1.6,-65.7,0.39,-0.51,0.66
102.50074052810669,-2.2,1.7000000000000002,-65.60000000000001,0.38,-0.53,0.66
102.51072382926941,-2.1,1.9000000000000001,-65.60000000000001,0.39,-0.5,0.65
102.52078938484192,-2.2,1.9000000000000001,-65.5,0.39,-0.52,0.66
102.53071975708008,-2.1,1.8,-65.8,0.39,-0.52,0.65
102.53963971138,-2.0,2.2,-65.60000000000001,0.37,-0.49,0.66
102.55063676834106,-2.1,2.2,-65.5,0.34,-0.52,0.66
102.560218334198,-2.1,2.2,-65.3,0.36,-0.51,0.66
102.56982040405273,-2.2,1.8,-65.60000000000001,0.39,-0.51,0.65
102.58018684387207,-2.4000000000000004,1.8,-65.60000000000001,0.39,-0.55,0.66
102.59014534950256,-2.2,1.7000000000000002,-66.10000000000001,0.37,-0.54,0.66
102.60013771057129,-2.5,1.8,-65.4,0.39,-0.53,0.66
102.60989165306091,-2.6,1.8,-65.3,0.39,-0.56,0.66
102.6198742389679,-2.5,1.8,-65.5,0.39,-0.55,0.66
102.62979912757874,-2.4000000000000004,2.0,-65.3,0.38,-0.55,0.66
102.63993549346924,-2.4000000000000004,1.8,-65.8,0.37,-0.54,0.66
102.65014266967773,-2.3000000000000003,1.9000000000000001,-65.7,0.37,-0.54,0.66
102.65983557701111,-2.2,1.9000000000000001,-65.7,0.37,-0.53,0.66
102.66986179351807,-2.1,1.7000000000000002,-65.7,0.39,-0.52,0.66
102.68022561073303,-2.1,1.9000000000000001,-65.7,0.38,-0.51,0.66
102.68988943099976,-2.2,1.7000000000000002,-65.60000000000001,0.41000000000000003,-0.52,0.66
102.69992852210999,-2.0,1.7000000000000002,-65.4,0.39,-0.48,0.65
102.71065616607666,-2.1,1.9000000000000001,-65.60000000000001,0.38,-0.52,0.66
102.71979236602783,-2.0,1.7000000000000002,-65.5,0.4,-0.52,0.66
102.72997713088989,-1.9000000000000001,1.7000000000000002,-65.60000000000001,0.39,-0.5,0.66
102.73980569839478,-2.1,1.1,-65.5,0.44,-0.53,0.66
102.75050973892212,-2.5,1.4000000000000001,-65.2,0.45,-0.55,0.66
102.7601318359375,-2.3000000000000003,1.5,-65.2,0.43,-0.52,0.65
102.77073621749878,-2.4000000000000004,1.6,-65.2,0.41000000000000003,-0.54,0.66
102.78020358085632,-2.3000000000000003,1.7000000000000002,-65.3,0.39,-0.53,0.66
102.79007649421692,-2.2,1.5,-65.10000000000001,0.41000000000000003,-0.53,0.66
102.80044436454773,-1.9000000000000001,1.6,-65.2,0.4,-0.5,0.66
102.81005549430847,-2.1,1.6,-65.60000000000001,0.4,-0.52,0.66
102.81976890563965,-2.2,1.8,-65.7,0.38,-0.52,0.65
102.82973575592041,-2.0,1.8,-65.10000000000001,0.38,-0.51,0.66
102.83987140655518,-2.1,1.8,-65.0,0.38,-0.52,0.66
102.84988260269165,-2.0,2.1,-65.60000000000001,0.36,-0.49,0.66
102.85997605323792,-2.0,1.9000000000000001,-65.7,0.38,-0.48,0.66
102.87070155143738,-2.0,1.8,-65.9,0.39,-0.5,0.66
102.88104844093323,-2.1,2.1,-65.60000000000001,0.38,-0.53,0.66
102.88976883888245,-2.1,2.3000000000000003,-65.4,0.35000000000000003,-0.49,0.65
102.89981818199158,-2.2,2.1,-65.5,0.35000000000000003,-0.53,0.66
102.91051054000854,-2.2,2.1,-65.5,0.36,-0.52,0.67
102.91989040374756,-1.9000000000000001,2.0,-65.5,0.37,-0.5,0.66
102.92974352836609,-2.2,2.0,-65.4,0.39,-0.54,0.65
102.9398353099823,-2.4000000000000004,1.8,-65.2,0.41000000000000003,-0.56,0.66
102.95027828216553,-2.4000000000000004,1.8,-65.4,0.38,-0.53,0.66
102.95985841751099,-2.5,1.7000000000000002,-65.2,0.4,-0.54,0.66
102.97062969207764,-2.5,1.5,-65.3,0.41000000000000003,-0.56,0.66
102.98038530349731,-2.4000000000000004,1.8,-65.7,0.37,-0.53,0.66
102.98997974395752,-2.3000000000000003,1.5,-65.7,0.4,-0.54,0.66
103.00074100494385,-2.2,1.5,-65.60000000000001,0.41000000000000003,-0.5,0.66
103.01083588600159,-2.2,1.5,-65.5,0.41000000000000003,-0.53,0.67
103.02076363563538,-2.3000000000000003,1.5,-65.60000000000001,0.41000000000000003,-0.51,0.65
103.03063726425171,-2.2,1.3,-65.5,0.43,-0.53,0.66
103.04062581062317,-2.1,1.5,-65.4,0.44,-0.51,0.66
103.0505576133728,-1.9000000000000001,1.6,-65.4,0.4,-0.5,0.66
103.06005930900574,-2.2,1.6,-65.3,0.39,-0.51,0.66
103.07024693489075,-2.1,1.7000000000000002,-65.2,0.41000000000000003,-0.52,0.67
103.0800712108612,-1.9000000000000001,1.7000000000000002,-65.5,0.4,-0.49,0.65
103.09053373336792,-1.9000000000000001,1.8,-65.0,0.4,-0.5,0.66
103.10072231292725,-1.9000000000000001,1.9000000000000001,-65.2,0.39,-0.5,0.66
103.11071062088013,-1.9000000000000001,2.0,-65.10000000000001,0.36,-0.47000000000000003,0.66
103.12082529067993,-1.7000000000000002,2.0,-65.10000000000001,0.37,-0.48,0.66
103.13073301315308,-1.9000000000000001,1.7000000000000002,-65.4,0.37,-0.48,0.66
103.13968515396118,-1.8,2.0,-65.3,0.37,-0.47000000000000003,0.65
103.15132880210876,-1.9000000000000001,2.0,-65.2,0.36,-0.49,0.66
103.16033053398132,-2.0,2.0,-65.60000000000001,0.36,-0.5,0.66
103.17016744613647,-2.4000000000000004,1.9000000000000001,-65.3,0.38,-0.54,0.66
103.1799943447113,-2.4000000000000004,2.2,-65.2,0.35000000000000003,-0.53,0.67
103.19026398658752,-2.4000000000000004,1.8,-65.7,0.38,-0.56,0.66
103.20011878013611,-2.5,1.8,-65.5,0.4,-0.55,0.65
103.20982480049133,-2.5,1.6,-65.5,0.42,-0.5700000000000001,0.67
103.22081017494202,-2.4000000000000004,1.9000000000000001,-65.60000000000001,0.39,-0.55,0.66
103.23035764694214,-2.3000000000000003,1.8,-65.60000000000001,0.38,-0.52,0.66
103.24046492576599,-2.3000000000000003,1.8,-65.5,0.39,-0.52,0.66
103.25152444839478,-2.2,1.4000000000000001,-65.4,0.41000000000000003,-0.51,0.66
103.2598831653595,-2.3000000000000003,1.5,-65.3,0.38,-0.53,0.66
103.26994919776917,-2.3000000000000003,1.5,-64.8,0.4,-0.53,0.65
103.27993702888489,-2.2,1.3,-65.2,0.42,-0.55,0.68
103.29002070426941,-2.1,1.8,-65.4,0.39,-0.51,0.65
103.30001616477966,-2.3000000000000003,1.1,-64.9,0.45,-0.54,0.65
103.30978631973267,-2.1,1.7000000000000002,-64.9,0.41000000000000003,-0.52,0.66
103.3200352191925,-1.9000000000000001,1.4000000000000001,-65.0,0.4,-0.49,0.67
103.33104062080383,-1.9000000000000001,1.6,-64.9,0.4,-0.48,0.65
103.33980059623718,-1.8,1.6,-65.3,0.39,-0.48,0.66
103.34996843338013,-1.6,1.4000000000000001,-64.7,0.43,-0.46,0.64
103.36023354530334,-1.6,1.8,-65.5,0.37,-0.47000000000000003,0.67
103.36996245384216,-1.5,1.9000000000000001,-65.5,0.36,-0.46,0.65
103.37982869148254,-1.8,1.8,-65.2,0.4,-0.49,0.65
103.3905622959137,-1.8,1.9000000000000001,-65.3,0.38,-0.49,0.66
103.40070509910583,-1.8,2.1,-65.60000000000001,0.35000000000000003,-0.48,0.66
103.41021537780762,-1.9000000000000001,1.9000000000000001,-65.5,0.39,-0.48,0.65
103.41986751556396,-2.0,2.0,-65.3,0.38,-0.51,0.66
103.43014311790466,-1.8,1.9000000000000001,-65.5,0.39,-0.5,0.66
103.43982982635498,-2.1,1.9000000000000001,-65.4,0.38,-0.51,0.66
103.44979858398438,-2.4000000000000004,1.9000000000000001,-65.2,0.39,-0.54,0.66
103.46060681343079,-2.4000000000000004,1.8,-65.3,0.4,-0.53,0.66
103.46996641159058,-2.5,1.7000000000000002,-65.3,0.4,-0.55,0.67
103.47993040084839,-2.3000000000000003,2.0,-65.0,0.38,-0.53,0.65
103.49045777320862,-2.3000000000000003,1.7000000000000002,-65.10000000000001,0.39,-0.54,0.66
103.50090861320496,-2.1,1.8,-65.2,0.39,-0.51,0.66
103.50992608070374,-2.6,1.7000000000000002,-65.7,0.39,-0.54,0.66
103.5199625492096,-2.2,1.6,-65.10000000000001,0.41000000000000003,-0.55,0.66
103.53063559532166,-2.2,1.5,-65.0,0.4,-0.51,0.66
103.539963722229,-2.4000000000000004,1.5,-65.7,0.4,-0.55,0.66
103.54985737800598,-2.3000000000000003,1.4000000000000001,-65.3,0.43,-0.52,0.65
103.56054973602295,-2.2,1.3,-65.4,0.44,-0.53,0.66
103.56999897956848,-2.0,1.7000000000000002,-65.3,0.39,-0.5,0.66
103.5800187587738,-2.0,1.4000000000000001,-65.10000000000001,0.42,-0.48,0.65
103.58993911743164,-1.7000000000000002,1.7000000000000002,-65.0,0.4,-0.48,0.66
103.60082745552063,-1.5,1.5,-65.3,0.4,-0.47000000000000003,0.67
103.61004900932312,-1.6,1.6,-65.0,0.41000000000000003,-0.46,0.65
103.62021207809448,-1.7000000000000002,1.6,-64.9,0.42,-0.47000000000000003,0.66
103.63068675994873,-1.7000000000000002,1.7000000000000002,-64.9,0.41000000000000003,-0.48,0.66
103.63992071151733,-1.7000000000000002,1.7000000000000002,-65.2,0.39,-0.47000000000000003,0.66
103.64988160133362,-1.6,1.4000000000000001,-65.0,0.41000000000000003,-0.44,0.65
103.66108727455139,-1.6,1.5,-64.8,0.43,-0.48,0.66
103.67067885398865,-1.9000000000000001,1.7000000000000002,-65.4,0.38,-0.48,0.66
103.67985272407532,-1.8,1.8,-65.10000000000001,0.37,-0.45,0.65
103.69078993797302,-1.8,1.6,-64.60000000000001,0.39,-0.5,0.67
103.69981956481934,-2.0,2.2,-65.3,0.35000000000000003,-0.5,0.65
103.70988440513611,-2.2,1.9000000000000001,-64.8,0.37,-0.5,0.66
103.71983575820923,-2.1,2.0,-65.5,0.37,-0.51,0.66
103.73064661026001,-2.2,1.8,-65.60000000000001,0.38,-0.53,0.67
103.74011850357056,-2.3000000000000003,1.9000000000000001,-65.5,0.38,-0.53,0.65
103.75042605400085,-2.2,1.9000000000000001,-65.5,0.38,-0.51,0.66
103.76062226295471,-2.4000000000000004,1.6,-65.8,0.41000000000000003,-0.55,0.66
103.77064681053162,-2.5,1.7000000000000002,-65.60000000000001,0.41000000000000003,-0.54,0.66
103.78002381324768,-2.6,1.9000000000000001,-65.10000000000001,0.39,-0.54,0.65
103.78988003730774,-2.6,1.7000000000000002,-65.5,0.4,-0.55,0.67
103.80089473724365,-2.4000000000000004,1.3,-65.4,0.43,-0.55,0.66
103.80993318557739,-2.3000000000000003,1.4000000000000001,-65.3,0.43,-0.52,0.66
103.82076168060303,-2.2,1.2000000000000002,-65.10000000000001,0.45,-0.52,0.66
103.83068633079529,-2.1,1.1,-65.3,0.43,-0.51,0.66
103.83990359306335,-2.0,1.4000000000000001,-65.4,0.42,-0.5,0.66
103.84983015060425,-1.8,1.6,-64.7,0.4,-0.49,0.66
103.8599636554718,-1.7000000000000002,1.5,-64.5,0.41000000000000003,-0.49,0.66
103.8705644607544,-1.6,1.7000000000000002,-64.60000000000001,0.4,-0.48,0.66
103.87989926338196,-1.4000000000000001,1.8,-65.0,0.38,-0.44,0.65
103.89009928703308,-1.1,1.5,-64.5,0.4,-0.43,0.66
103.90073895454407,-1.2000000000000002,1.8,-65.10000000000001,0.39,-0.42,0.66
103.91022157669067,-1.2000000000000002,1.6,-65.3,0.4,-0.42,0.66
103.91974115371704,-1.2000000000000002,2.0,-65.0,0.37,-0.4,0.65
103.930091381073,-1.3,1.9000000000000001,-65.3,0.37,-0.45,0.67
103.94009256362915,-1.6,1.8,-65.2,0.37,-0.47000000000000003,0.66
103.94985675811768,-1.9000000000000001,1.9000000000000001,-65.10000000000001,0.39,-0.48,0.66
103.96046137809753,-2.0,1.7000000000000002,-65.2,0.4,-0.5,0.66
103.97101044654846,-1.9000000000000001,1.4000000000000001,-65.3,0.41000000000000003,-0.52,0.67
103.97983455657959,-2.3000000000000003,1.4000000000000001,-65.0,0.43,-0.53,0.66
103.99000978469849,-2.2,1.6,-65.0,0.43,-0.5,0.64
104.00088143348694,-2.3000000000000003,1.7000000000000002,-65.5,0.38,-0.55,0.68
104.0107626914978,-2.2,1.6,-65.4,0.37,-0.54,0.66
104.02069997787476,-2.3000000000000003,1.4000000000000001,-65.5,0.41000000000000003,-0.53,0.65
104.03074288368225,-2.6,1.7000000000000002,-65.5,0.38,-0.55,0.67
104.0401930809021,-2.5,1.4000000000000001,-65.60000000000001,0.42,-0.55,0.66
104.0498149394989,-1.9000000000000001,1.5,-64.7,0.4,-0.49,0.65
104.06037044525146,-2.0,1.5,-64.8,0.42,-0.53,0.66
104.07019996643066,-2.1,1.1,-65.60000000000001,0.44,-0.52,0.66
104.0799765586853,-2.0,1.4000000000000001,-65.2,0.42,-0.51,0.66
104.08987426757812,-1.9000000000000001,1.7000000000000002,-65.2,0.41000000000000003,-0.49,0.66
104.0998797416687,-1.9000000000000001,1.6,-65.2,0.39,-0.49,0.66
104.11036920547485,-1.8,1.8,-65.10000000000001,0.38,-0.48,0.65
104.11976027488708,-1.7000000000000002,1.7000000000000002,-65.10000000000001,0.4,-0.48,0.66
104.13003826141357,-1.7000000000000002,1.7000000000000002,-64.9,0.4,-0.47000000000000003,0.66
104.14017677307129,-1.5,1.8,-65.0,0.4,-0.46,0.66
104.14978766441345,-1.4000000000000001,1.6,-65.0,0.4,-0.44,0.66
104.16000533103943,-1.4000000000000001,1.7000000000000002,-64.7,0.41000000000000003,-0.44,0.65
104.17080330848694,-1.3,1.8,-64.8,0.4,-0.43,0.66
104.1798951625824,-1.2000000000000002,1.8,-65.0,0.37,-0.42,0.66
104.19004797935486,-1.4000000000000001,1.5,-64.9,0.39,-0.44,0.66
104.19996190071106,-1.5,1.5,-64.5,0.43,-0.47000000000000003,0.65
104.21049284934998,-1.8,1.4000000000000001,-64.60000000000001,0.43,-0.49,0.66
104.2202467918396,-1.8,1.8,-65.2,0.37,-0.48,0.65
104.22995281219482,-1.9000000000000001,1.3,-65.2,0.41000000000000003,-0.51,0.67
104.24099445343018,-1.9000000000000001,1.7000000000000002,-65.3,0.4,-0.5,0.66
104.24982047080994,-1.9000000000000001,1.5,-65.4,0.41000000000000003,-0.48,0.66
104.25987219810486,-1.9000000000000001,1.3,-65.10000000000001,0.43,-0.45,0.65
104.27022051811218,-2.0,1.3,-65.4,0.43,-0.51,0.67
104.28113794326782,-2.1,1.4000000000000001,-65.4,0.43,-0.5,0.66
104.29001665115356,-2.3000000000000003,1.4000000000000001,-65.3,0.42,-0.52,0.66
104.30034279823303,-2.3000000000000003,1.1,-64.7,0.42,-0.52,0.67
104.31102299690247,-2.3000000000000003,0.9,-65.2,0.48,-0.55,0.66
104.3197672367096,-2.4000000000000004,1.5,-65.10000000000001,0.42,-0.55,0.66
104.329758644104,-1.9000000000000001,1.3,-64.7,0.43,-0.48,0.66
104.33992719650269,-1.7000000000000002,1.5,-64.9,0.41000000000000003,-0.49,0.66
104.34996151924133,-1.6,1.9000000000000001,-64.9,0.36,-0.47000000000000003,0.67
104.3600025177002,-1.5,2.0,-64.7,0.38,-0.46,0.65
104.37037491798401,-1.5,1.8,-64.8,0.37,-0.46,0.66
104.38052439689636,-1.5,1.8,-64.8,0.39,-0.47000000000000003,0.66
104.38991165161133,-1.6,1.7000000000000002,-65.2,0.4,-0.46,0.66
104.39985775947571,-1.3,1.7000000000000002,-64.7,0.39,-0.45,0.66
104.41032433509827,-1.4000000000000001,1.8,-64.7,0.37,-0.45,0.65
104.41974472999573,-1.2000000000000002,1.9000000000000001,-65.3,0.36,-0.41000000000000003,0.66
104.4297308921814,-1.5,1.6,-65.2,0.39,-0.46,0.66
104.4398877620697,-1.6,1.4000000000000001,-65.3,0.42,-0.46,0.66
104.45032286643982,-1.5,1.5,-65.2,0.43,-0.48,0.67
104.45979690551758,-1.8,1.5,-65.3,0.41000000000000003,-0.47000000000000003,0.65
104.47046542167664,-1.7000000000000002,1.5,-65.3,0.41000000000000003,-0.48,0.67
104.47984957695007,-1.8,1.1,-65.3,0.45,-0.49,0.66
104.48985934257507,-2.0,1.4000000000000001,-65.10000000000001,0.42,-0.49,0.66
104.5003514289856,-1.8,1.1,-64.9,0.45,-0.49,0.66
104.50981593132019,-2.1,1.1,-64.9,0.45,-0.51,0.66
104.52001094818115,-1.9000000000000001,1.1,-65.0,0.45,-0.49,0.66
104.52984833717346,-1.6,1.1,-64.9,0.44,-0.5,0.66
104.53979682922363,-1.7000000000000002,1.3,-64.9,0.43,-0.47000000000000003,0.66
104.55027747154236,-1.4000000000000001,1.1,-64.60000000000001,0.44,-0.45,0.65
104.56027579307556,-1.5,1.3,-64.60000000000001,0.44,-0.47000000000000003,0.66
104.57013034820557,-1.7000000000000002,1.5,-64.3,0.4,-0.48,0.66
104.57981252670288,-1.6,1.4000000000000001,-64.4,0.4,-0.47000000000000003,0.66
104.59038662910461,-1.5,1.3,-64.4,0.42,-0.47000000000000003,0.66
104.60081458091736,-1.6,1.5,-65.10000000000001,0.41000000000000003,-0.48,0.66
104.61067938804626,-1.6,1.5,-65.10000000000001,0.4,-0.47000000000000003,0.66
104.62028217315674,-1.5,1.6,-64.8,0.39,-0.44,0.66
104.6302797794342,-1.5,1.5,-64.9,0.42,-0.47000000000000003,0.66
104.63990545272827,-1.4000000000000001,1.8,-65.0,0.38,-0.44,0.65
104.64990234375,-1.7000000000000002,1.7000000000000002,-65.0,0.39,-0.48,0.66
104.66026592254639,-1.7000000000000002,1.7000000000000002,-65.10000000000001,0.39,-0.48,0.66
104.67073321342468,-1.7000000000000002,1.8,-65.10000000000001,0.4,-0.47000000000000003,0.66
104.67985463142395,-1.7000000000000002,1.7000000000000002,-65.10000000000001,0.39,-0.48,0.66
104.68998503684998,-1.8,1.7000000000000002,-65.0,0.39,-0.47000000000000003,0.66
104.69994735717773,-1.6,1.5,-64.7,0.41000000000000003,-0.47000000000000003,0.66
104.71027994155884,-1.6,1.2000000000000002,-64.9,0.42,-0.47000000000000003,0.66
104.71978998184204,-1.5,1.5,-64.60000000000001,0.43,-0.45,0.65
104.73051524162292,-1.8,1.4000000000000001,-64.8,0.42,-0.47000000000000003,0.67
104.73986959457397,-1.9000000000000001,1.3,-65.3,0.41000000000000003,-0.49,0.65
104.75044417381287,-1.8,1.1,-64.60000000000001,0.45,-0.5,0.66
104.76002335548401,-1.8,1.0,-65.10000000000001,0.45,-0.5,0.65
104.77021193504333,-1.8,1.0,-65.10000000000001,0.45,-0.48,0.66
104.7807240486145,-1.4000000000000001,1.2000000000000002,-65.3,0.43,-0.44,0.66
104.79004907608032,-1.5,1.1,-65.10000000000001,0.43,-0.46,0.66
104.8002097606659,-1.5,1.0,-64.9,0.45,-0.46,0.66
104.81080150604248,-1.5,0.9,-65.10000000000001,0.45,-0.45,0.66
104.81981611251831,-1.5,1.1,-64.9,0.44,-0.48,0.66
104.83046174049377,-1.7000000000000002,1.0,-64.7,0.46,-0.48,0.65
104.83995485305786,-1.6,1.2000000000000002,-64.7,0.44,-0.48,0.66
104.84976100921631,-1.3,1.5,-64.7,0.4,-0.46,0.66
104.85976338386536,-1.3,1.4000000000000001,-64.8,0.42,-0.44,0.65
104.87058115005493,-1.3,1.4000000000000001,-65.0,0.41000000000000003,-0.45,0.67
104.88002061843872,-1.3,1.4000000000000001,-65.0,0.42,-0.45,0.65
104.88984060287476,-1.4000000000000001,1.7000000000000002,-64.5,0.4,-0.43,0.66
104.90024590492249,-1.2000000000000002,1.6,-64.9,0.39,-0.44,0.66
104.91022229194641,-1.2000000000000002,1.8,-65.0,0.36,-0.41000000000000003,0.66
104.92023539543152,-1.4000000000000001,1.5,-64.7,0.41000000000000003,-0.46,0.66
104.92990446090698,-1.8,1.6,-65.0,0.4,-0.47000000000000003,0.65
104.93980360031128,-1.8,1.4000000000000001,-64.8,0.41000000000000003,-0.49,0.67
104.94986844062805,-1.7000000000000002,1.5,-64.7,0.4,-0.47000000000000003,0.65
104.95995664596558,-1.6,1.1,-64.3,0.43,-0.48,0.66
104.97017621994019,-1.8,1.6,-65.10000000000001,0.4,-0.47000000000000003,0.66
104.98081088066101,-1.8,1.5,-65.4,0.4,-0.49,0.67
104.99063849449158,-1.7000000000000002,1.4000000000000001,-65.2,0.41000000000000003,-0.46,0.66
105.00068020820618,-1.9000000000000001,1.3,-65.10000000000001,0.43,-0.49,0.67
105.01072716712952,-1.9000000000000001,1.4000000000000001,-65.0,0.42,-0.49,0.66
105.01983499526978,-1.6,1.1,-64.8,0.43,-0.46,0.66
105.03019285202026,-1.7000000000000002,1.3,-64.8,0.43,-0.48,0.66
105.03991436958313,-1.6,1.0,-64.9,0.45,-0.48,0.66
105.05023860931396,-1.5,0.7000000000000001,-64.7,0.47000000000000003,-0.45,0.66
105.0598042011261,-1.5,0.8,-64.5,0.48,-0.44,0.66
105.07058501243591,-1.2000000000000002,0.9,-64.60000000000001,0.45,-0.44,0.67
105.08139252662659,-1.1,0.8,-65.0,0.45,-0.43,0.65
105.09093236923218,-1.5,0.8,-64.60000000000001,0.47000000000000003,-0.44,0.65
105.10069370269775,-1.3,1.0,-64.7,0.46,-0.45,0.65
105.11013579368591,-0.9,1.1,-64.5,0.45,-0.41000000000000003,0.66
105.12006831169128,-1.2000000000000002,1.3,-64.10000000000001,0.43,-0.42,0.64
105.12988448143005,-1.3,1.3,-64.10000000000001,0.42,-0.44,0.65
105.13968682289124,-1.3,1.3,-64.9,0.42,-0.44,0.66
105.15004849433899,-1.3,1.3,-64.10000000000001,0.41000000000000003,-0.44,0.66
105.16029095649719,-1.2000000000000002,1.4000000000000001,-65.0,0.41000000000000003,-0.43,0.66
105.16997003555298,-0.9,1.5,-64.9,0.4,-0.38,0.66
105.18023085594177,-1.1,1.6,-65.0,0.39,-0.43,0.66
105.1901023387909,-1.4000000000000001,1.5,-64.8,0.4,-0.46,0.66
105.19981217384338,-1.8,1.7000000000000002,-64.9,0.39,-0.47000000000000003,0.66
105.21000361442566,-1.9000000000000001,1.5,-64.9,0.41000000000000003,-0.49,0.66
105.21989393234253,-2.0,1.6,-65.0,0.4,-0.5,0.66
105.22983241081238,-2.0,1.5,-65.10000000000001,0.41000000000000003,-0.52,0.66
105.23971223831177,-1.8,1.4000000000000001,-64.9,0.42,-0.48,0.66
105.25096249580383,-1.6,1.4000000000000001,-65.2,0.42,-0.47000000000000003,0.66
105.26029014587402,-1.2000000000000002,1.1,-65.3,0.42,-0.42,0.66
105.26984333992004,-1.6,1.2000000000000002,-64.3,0.43,-0.46,0.66
105.28054356575012,-1.8,0.9,-64.4,0.46,-0.49,0.66
105.29038166999817,-1.9000000000000001,0.7000000000000001,-65.0,0.47000000000000003,-0.51,0.66
105.3003282546997,-2.0,0.7000000000000001,-64.8,0.47000000000000003,-0.51,0.66
105.3098201751709,-1.5,0.5,-64.9,0.49,-0.47000000000000003,0.66
105.31998419761658,-1.3,0.7000000000000001,-65.0,0.47000000000000003,-0.43,0.66
105.32993412017822,-1.0,0.8,-64.9,0.47000000000000003,-0.4,0.66
105.33967471122742,-0.9,1.0,-65.0,0.44,-0.41000000000000003,0.66
105.3506109714508,-0.8,0.9,-64.60000000000001,0.45,-0.4,0.66
105.35994291305542,-0.8,1.2000000000000002,-64.8,0.44,-0.4,0.66
105.37004542350769,-0.9,1.3,-64.60000000000001,0.43,-0.38,0.66
105.38023567199707,-0.4,1.2000000000000002,-64.5,0.42,-0.36,0.66
105.3902428150177,-0.6000000000000001,1.1,-64.7,0.44,-0.39,0.66
105.3999547958374,-0.9,1.2000000000000002,-64.5,0.45,-0.41000000000000003,0.65
105.4098858833313,-1.0,1.0,-64.8,0.44,-0.39,0.66
105.41988348960876,-1.1,1.4000000000000001,-64.7,0.43,-0.45,0.66
105.42977285385132,-1.3,1.3,-64.5,0.42,-0.44,0.66
105.43972158432007,-1.2000000000000002,1.4000000000000001,-64.60000000000001,0.4,-0.42,0.65
105.45140361785889,-1.5,1.2000000000000002,-64.60000000000001,0.43,-0.46,0.66
105.45981025695801,-1.7000000000000002,1.3,-65.10000000000001,0.43,-0.47000000000000003,0.65
105.46985030174255,-1.4000000000000001,1.2000000000000002,-64.2,0.41000000000000003,-0.46,0.64
105.48096418380737,-1.7000000000000002,0.8,-64.60000000000001,0.46,-0.48,0.67
105.49008274078369,-1.6,1.4000000000000001,-65.10000000000001,0.41000000000000003,-0.49,0.66
105.4999270439148,-1.8,1.2000000000000002,-64.9,0.44,-0.47000000000000003,0.65
105.50979566574097,-2.0,1.3,-65.0,0.42,-0.51,0.67
105.5205705165863,-1.9000000000000001,1.2000000000000002,-65.2,0.43,-0.5,0.66
105.5298216342926,-1.6,1.1,-65.10000000000001,0.44,-0.47000000000000003,0.65
105.53971409797668,-1.4000000000000001,1.0,-64.9,0.46,-0.44,0.66
105.55087685585022,-1.3,1.5,-64.7,0.4,-0.44,0.66
105.56089806556702,-1.2000000000000002,0.9,-65.0,0.44,-0.45,0.66
105.57002711296082,-1.3,1.0,-64.60000000000001,0.45,-0.44,0.65
105.57997798919678,-1.1,0.4,-64.2,0.5,-0.42,0.66
105.59082674980164,-0.6000000000000001,0.8,-64.5,0.48,-0.41000000000000003,0.66
105.60067081451416,-1.0,0.7000000000000001,-64.5,0.47000000000000003,-0.4,0.65
105.610675573349,-1.1,0.8,-64.7,0.46,-0.42,0.65
105.62072968482971,-1.1,0.6000000000000001,-64.7,0.47000000000000003,-0.42,0.66
105.6308319568634,-1.0,0.7000000000000001,-64.8,0.47000000000000003,-0.42,0.65
105.63973903656006,-0.8,0.8,-64.60000000000001,0.47000000000000003,-0.39,0.65
105.65012669563293,-0.5,0.8,-64.0,0.47000000000000003,-0.39,0.65
105.6601345539093,-0.6000000000000001,0.8,-64.9,0.45,-0.4,0.66
105.66975355148315,-0.7000000000000001,1.2000000000000002,-65.0,0.42,-0.37,0.65
105.68019437789917,-1.1,1.2000000000000002,-64.8,0.44,-0.42,0.66
105.69084930419922,-1.2000000000000002,1.3,-64.7,0.41000000000000003,-0.44,0.66
105.70017123222351,-1.0,1.3,-64.7,0.43,-0.41000000000000003,0.66
105.70994925498962,-1.3,1.4000000000000001,-64.8,0.41000000000000003,-0.46,0.66
105.72064423561096,-1.2000000000000002,1.0,-64.60000000000001,0.45,-0.45,0.66
105.73014259338379,-1.2000000000000002,1.5,-64.8,0.42,-0.45,0.66
105.73980593681335,-1.3,1.7000000000000002,-64.8,0.37,-0.42,0.65
105.7506639957428,-1.3,1.3,-64.8,0.42,-0.46,0.66
105.75986075401306,-1.5,1.0,-64.9,0.44,-0.46,0.66
105.770259141922,-1.4000000000000001,1.2000000000000002,-64.7,0.44,-0.45,0.65
105.78000712394714,-1.7000000000000002,1.1,-64.7,0.45,-0.5,0.66
105.78996682167053,-1.6,0.7000000000000001,-64.8,0.47000000000000003,-0.47000000000000003,0.66
105.8007984161377,-1.4000000000000001,1.0,-64.60000000000001,0.46,-0.47000000000000003,0.66
105.809743642807,-1.3,0.7000000000000001,-65.0,0.45,-0.42,0.66
105.82020878791809,-1.0,0.9,-64.4,0.45,-0.45,0.66
105.8301031589508,-1.0,0.5,-65.10000000000001,0.47000000000000003,-0.44,0.66
105.83975481987,-0.9,0.4,-65.0,0.5,-0.42,0.66
105.85030341148376,-0.9,0.5,-64.7,0.5,-0.41000000000000003,0.65
105.86060905456543,-0.8,0.5,-64.8,0.48,-0.4,0.66
105.8698627948761,-0.9,0.6000000000000001,-64.8,0.47000000000000003,-0.41000000000000003,0.66
105.87995600700378,-0.9,0.5,-64.5,0.49,-0.41000000000000003,0.65
105.8907220363617,-0.7000000000000001,0.5,-64.7,0.48,-0.38,0.66
105.89987373352051,-0.7000000000000001,0.7000000000000001,-64.60000000000001,0.47000000000000003,-0.39,0.65
105.90992212295532,-0.8,0.9,-64.60000000000001,0.47000000000000003,-0.4,0.65
105.91980147361755,-0.7000000000000001,1.0,-64.5,0.44,-0.41000000000000003,0.66
105.93102669715881,-0.7000000000000001,0.8,-64.5,0.46,-0.38,0.66
105.94057202339172,-0.6000000000000001,1.4000000000000001,-64.5,0.42,-0.39,0.65
105.95003604888916,-0.6000000000000001,1.2000000000000002,-64.5,0.41000000000000003,-0.38,0.66
105.96072173118591,-0.6000000000000001,1.1,-64.60000000000001,0.42,-0.36,0.65
105.96989798545837,-0.9,1.2000000000000002,-64.3,0.43,-0.42,0.66
105.97979688644409,-1.2000000000000002,1.3,-64.60000000000001,0.41000000000000003,-0.45,0.65
105.98990988731384,-1.5,1.0,-64.60000000000001,0.43,-0.49,0.65
106.00047826766968,-1.4000000000000001,0.9,-64.5,0.45,-0.45,0.65
106.01023387908936,-1.7000000000000002,1.3,-65.10000000000001,0.41000000000000003,-0.48,0.66
106.02023839950562,-1.7000000000000002,0.8,-65.10000000000001,0.44,-0.47000000000000003,0.66
106.03038191795349,-1.5,1.1,-65.0,0.44,-0.47000000000000003,0.66
106.04004645347595,-1.3,0.8,-65.0,0.46,-0.44,0.66
106.04991102218628,-1.4000000000000001,1.3,-65.0,0.43,-0.45,0.65
106.06003665924072,-1.2000000000000002,0.7000000000000001,-65.0,0.44,-0.41000000000000003,0.67
106.06989526748657,-1.1,0.6000000000000001,-65.0,0.49,-0.44,0.66
106.08074140548706,-1.4000000000000001,0.8,-64.7,0.46,-0.46,0.66
106.09096717834473,-1.2000000000000002,0.5,-64.60000000000001,0.5,-0.44,0.66
106.10089135169983,-0.8,0.6000000000000001,-64.60000000000001,0.46,-0.41000000000000003,0.66
106.11030578613281,-0.7000000000000001,0.30000000000000004,-64.10000000000001,0.49,-0.38,0.66
106.11973261833191,-0.6000000000000001,0.5,-64.3,0.49,-0.4,0.65
106.13012790679932,-0.6000000000000001,0.6000000000000001,-64.10000000000001,0.48,-0.38,0.66
106.13994312286377,-0.5,0.7000000000000001,-64.4,0.47000000000000003,-0.38,0.65
106.14976334571838,-0.4,0.6000000000000001,-64.3,0.47000000000000003,-0.37,0.65
106.16033959388733,-0.30000000000000004,0.6000000000000001,-64.0,0.48,-0.35000000000000003,0.65
106.17039918899536,-0.5,0.6000000000000001,-64.5,0.47000000000000003,-0.35000000000000003,0.66
106.1807267665863,-0.5,0.7000000000000001,-64.5,0.47000000000000003,-0.36,0.65
106.19077897071838,-0.4,0.7000000000000001,-64.4,0.46,-0.35000000000000003,0.66
106.2008605003357,-0.8,0.6000000000000001,-64.60000000000001,0.46,-0.4,0.67
106.21000385284424,-0.8,0.7000000000000001,-64.60000000000001,0.47000000000000003,-0.4,0.65
106.21978521347046,-1.1,0.6000000000000001,-64.60000000000001,0.47000000000000003,-0.44,0.66
106.22997879981995,-1.3,0.5,-64.60000000000001,0.5,-0.45,0.65
106.24087738990784,-1.1,0.9,-64.60000000000001,0.46,-0.42,0.66
106.24981260299683,-1.3,1.3,-64.5,0.42,-0.44,0.66
106.26028490066528,-1.1,1.0,-64.9,0.41000000000000003,-0.43,0.66
106.27029752731323,-1.1,1.0,-64.9,0.45,-0.43,0.66
106.28071236610413,-1.1,1.1,-64.9,0.44,-0.43,0.66
106.29057836532593,-1.2000000000000002,1.3,-64.5,0.41000000000000003,-0.43,0.65
106.30072903633118,-1.5,1.0,-64.8,0.44,-0.46,0.66
106.3108139038086,-1.5,1.1,-64.5,0.42,-0.49,0.66
106.31980276107788,-1.4000000000000001,0.8,-64.60000000000001,0.46,-0.44,0.66
106.32989311218262,-0.9,0.9,-64.60000000000001,0.44,-0.4,0.66
106.33985090255737,-1.1,1.0,-64.4,0.46,-0.43,0.65
106.34995222091675,-1.0,0.8,-64.60000000000001,0.46,-0.43,0.66
106.36039638519287,-0.9,0.9,-64.3,0.45,-0.41000000000000003,0.65
106.37041592597961,-0.6000000000000001,0.4,-64.60000000000001,0.5,-0.37,0.66
106.38037204742432,-0.6000000000000001,0.8,-64.5,0.46,-0.37,0.65
106.38991069793701,-0.4,0.30000000000000004,-64.60000000000001,0.5,-0.36,0.66
106.39986610412598,-0.30000000000000004,0.6000000000000001,-64.7,0.48,-0.37,0.65
106.41067957878113,-0.7000000000000001,0.1,-64.60000000000001,0.51,-0.38,0.66
106.41987442970276,-0.7000000000000001,0.2,-64.5,0.52,-0.4,0.66
106.42993664741516,-0.4,0.1,-64.60000000000001,0.51,-0.36,0.66
106.43988132476807,-0.30000000000000004,0.1,-64.4,0.52,-0.36,0.66
106.45001149177551,-0.5,0.1,-64.5,0.51,-0.37,0.66
106.45990920066833,-0.5,-0.0,-64.60000000000001,0.54,-0.37,0.65
106.47030448913574,-0.7000000000000001,0.5,-64.3,0.49,-0.39,0.66
106.48013019561768,-0.6000000000000001,0.8,-64.4,0.44,-0.37,0.66
106.49091148376465,-0.5,0.6000000000000001,-64.4,0.46,-0.4,0.65
106.49997043609619,-0.8,0.8,-64.7,0.47000000000000003,-0.41000000000000003,0.66
106.51012682914734,-0.8,1.0,-64.3,0.45,-0.41000000000000003,0.66
106.5199019908905,-0.9,1.1,-64.4,0.44,-0.4,0.65
106.53021550178528,-0.9,1.3,-64.3,0.39,-0.41000000000000003,0.66
106.53977012634277,-0.8,1.3,-64.8,0.41000000000000003,-0.39,0.65
106.55034470558167,-0.9,1.3,-64.3,0.39,-0.43,0.66
106.55982780456543,-1.2000000000000002,1.1,-64.8,0.44,-0.47000000000000003,0.66
106.56985521316528,-1.2000000000000002,0.9,-64.7,0.46,-0.42,0.66
106.5799994468689,-1.3,1.0,-64.9,0.44,-0.47000000000000003,0.66
106.59023022651672,-1.2000000000000002,0.6000000000000001,-64.60000000000001,0.48,-0.44,0.65
106.60072755813599,-1.1,0.9,-64.60000000000001,0.46,-0.42,0.66
106.61067771911621,-0.9,0.6000000000000001,-64.7,0.47000000000000003,-0.4,0.66
106.62072587013245,-0.7000000000000001,0.5,-64.7,0.48,-0.38,0.66
106.63089728355408,-0.6000000000000001,0.5,-64.3,0.49,-0.4,0.66
106.63981580734253,-0.7000000000000001,0.5,-64.10000000000001,0.49,-0.4,0.65
106.64979219436646,-0.6000000000000001,0.5,-64.3,0.48,-0.41000000000000003,0.66
106.66017961502075,-0.5,0.4,-64.4,0.5,-0.38,0.65
106.66979503631592,-0.30000000000000004,0.30000000000000004,-64.4,0.5,-0.36,0.65
106.68015003204346,-0.30000000000000004,0.4,-64.4,0.49,-0.35000000000000003,0.65
106.69015121459961,-0.2,0.30000000000000004,-64.2,0.5,-0.34,0.66
106.70078921318054,-0.2,0.2,-64.3,0.49,-0.32,0.65
106.71070885658264,-0.30000000000000004,0.30000000000000004,-64.8,0.51,-0.36,0.66
106.7206482887268,-0.5,0.1,-64.5,0.51,-0.37,0.66
106.73072218894958,-0.4,0.30000000000000004,-64.3,0.51,-0.37,0.66
106.73991322517395,-0.5,0.2,-64.7,0.5,-0.37,0.66
106.74992609024048,-0.30000000000000004,0.5,-64.3,0.49,-0.35000000000000003,0.65
106.76004433631897,-0.5,0.30000000000000004,-64.5,0.5,-0.37,0.66
106.7700629234314,-0.8,0.8,-64.60000000000001,0.47000000000000003,-0.41000000000000003,0.66
106.77982783317566,-0.8,0.5,-64.60000000000001,0.47000000000000003,-0.41000000000000003,0.66
106.7903528213501,-0.8,0.5,-64.60000000000001,0.48,-0.4,0.66
106.79997372627258,-0.5,0.8,-64.60000000000001,0.47000000000000003,-0.37,0.66
106.80995559692383,-0.7000000000000001,0.9,-64.60000000000001,0.44,-0.41000000000000003,0.66
106.81971597671509,-1.0,1.1,-64.8,0.43,-0.42,0.66
106.830815076828,-1.1,0.7000000000000001,-64.7,0.46,-0.41000000000000003,0.66
106.83988928794861,-0.9,0.9,-64.60000000000001,0.46,-0.43,0.65
106.84977984428406,-0.9,1.0,-64.4,0.43,-0.42,0.66
106.85997796058655,-1.1,0.6000000000000001,-64.4,0.46,-0.43,0.66
106.87062907218933,-1.1,0.7000000000000001,-64.4,0.46,-0.43,0.66
106.88062739372253,-0.9,0.5,-64.60000000000001,0.48,-0.41000000000000003,0.65
106.88991069793701,-0.8,0.5,-64.5,0.48,-0.41000000000000003,0.66
106.90001726150513,-0.7000000000000001,0.4,-64.3,0.48,-0.4,0.66
106.90989875793457,-0.5,0.5,-64.60000000000001,0.49,-0.39,0.66
106.91974997520447,-0.4,0.5,-64.5,0.48,-0.38,0.65
106.92981314659119,-0.4,0.7000000000000001,-64.4,0.46,-0.37,0.66
106.93989396095276,-0.30000000000000004,0.2,-64.60000000000001,0.51,-0.35000000000000003,0.65
106.94974541664124,-0.1,0.4,-64.5,0.5,-0.34,0.65
106.9599084854126,-0.1,0.2,-64.4,0.52,-0.33,0.65
106.97184038162231,0.2,0.5,-64.4,0.49,-0.31,0.66
106.9806261062622,-0.2,0.2,-64.5,0.5,-0.35000000000000003,0.66
106.99066114425659,-0.2,0.30000000000000004,-63.7,0.49,-0.36,0.65
107.00063943862915,-0.30000000000000004,-0.0,-64.10000000000001,0.53,-0.36,0.66
107.01059246063232,-0.5,0.30000000000000004,-64.10000000000001,0.5,-0.37,0.65
107.02020740509033,-0.2,0.30000000000000004,-64.10000000000001,0.49,-0.34,0.65
107.02984142303467,-0.5,0.6000000000000001,-64.2,0.47000000000000003,-0.39,0.66
107.04029655456543,-0.5,0.30000000000000004,-64.3,0.5,-0.39,0.65
107.04985523223877,-0.5,0.7000000000000001,-64.5,0.47000000000000003,-0.39,0.65
107.06004023551941,-0.6000000000000001,0.30000000000000004,-64.3,0.5,-0.37,0.65
107.07048916816711,-0.5,0.8,-64.9,0.47000000000000003,-0.36,0.66
107.08087682723999,-0.6000000000000001,0.7000000000000001,-64.8,0.45,-0.39,0.66
107.09083867073059,-0.7000000000000001,0.5,-64.8,0.48,-0.4,0.65
107.1006247997284,-0.9,0.4,-64.60000000000001,0.49,-0.4,0.66
107.11022877693176,-0.9,0.6000000000000001,-64.3,0.48,-0.4,0.65
107.11989116668701,-0.6000000000000001,0.4,-64.60000000000001,0.49,-0.38,0.66
107.1307258605957,-0.7000000000000001,0.6000000000000001,-64.5,0.47000000000000003,-0.43,0.66
107.1403398513794,-0.7000000000000001,0.4,-64.4,0.5,-0.4,0.65
107.15001916885376,-0.7000000000000001,0.5,-64.2,0.47000000000000003,-0.39,0.65
107.1610176563263,-0.6000000000000001,0.30000000000000004,-64.5,0.5,-0.38,0.65
107.17069745063782,-0.6000000000000001,0.30000000000000004,-64.7,0.5,-0.39,0.66
107.18117904663086,-0.4,0.4,-64.3,0.48,-0.36,0.65
107.19069528579712,-0.4,0.30000000000000004,-64.5,0.49,-0.37,0.65
107.20084381103516,-0.2,0.4,-64.0,0.48,-0.36,0.66
107.21041011810303,-0.1,0.30000000000000004,-64.60000000000001,0.49,-0.33,0.65
107.22064805030823,0.0,0.2,-64.4,0.51,-0.35000000000000003,0.65
107.23019576072693,-0.1,0.4,-64.5,0.49,-0.36,0.65
107.24008750915527,-0.2,0.2,-64.3,0.51,-0.35000000000000003,0.65
107.25059819221497,-0.2,0.2,-64.4,0.51,-0.35000000000000003,0.65
107.2597713470459,-0.2,0.30000000000000004,-64.60000000000001,0.5,-0.36,0.66
107.27022624015808,-0.30000000000000004,0.4,-64.3,0.49,-0.34,0.65
107.28031158447266,-0.1,0.30000000000000004,-64.60000000000001,0.49,-0.34,0.66
107.29044938087463,0.0,0.4,-64.4,0.47000000000000003,-0.32,0.66
107.30007696151733,-0.1,0.4,-64.4,0.5,-0.35000000000000003,0.65
107.31063771247864,-0.5,0.30000000000000004,-64.3,0.5,-0.38,0.66
107.32080578804016,-0.6000000000000001,0.4,-64.8,0.48,-0.37,0.65
107.32980489730835,-0.9,0.4,-64.3,0.49,-0.43,0.66
107.34011888504028,-0.8,0.2,-64.3,0.51,-0.41000000000000003,0.65
107.34988784790039,-0.6000000000000001,0.5,-64.5,0.49,-0.39,0.66
107.35983443260193,-0.5,0.30000000000000004,-64.60000000000001,0.48,-0.38,0.66
107.36999750137329,-0.4,0.4,-64.5,0.5,-0.36,0.65
107.38007879257202,-0.5,0.4,-64.4,0.49,-0.38,0.66
107.38986206054688,-0.5,0.6000000000000001,-64.3,0.48,-0.38,0.65
107.39983415603638,-0.6000000000000001,0.7000000000000001,-64.4,0.45,-0.38,0.66
107.41011643409729,-0.30000000000000004,0.5,-64.5,0.47000000000000003,-0.37,0.65
107.42061495780945,-0.30000000000000004,0.5,-64.4,0.49,-0.36,0.65
107.42977094650269,-0.30000000000000004,0.5,-64.5,0.48,-0.36,0.66
107.44001770019531,-0.2,0.2,-64.60000000000001,0.48,-0.33,0.65
107.45074248313904,-0.30000000000000004,-0.0,-64.4,0.53,-0.36,0.66
107.45972776412964,-0.5,0.1,-64.4,0.53,-0.39,0.65
107.47011518478394,-0.6000000000000001,0.2,-64.4,0.51,-0.4,0.65
107.4813506603241,-0.4,0.1,-64.60000000000001,0.51,-0.38,0.66
107.49027895927429,-0.1,-0.0,-64.60000000000001,0.53,-0.34,0.66
107.49977898597717,0.0,0.2,-64.0,0.51,-0.33,0.65
107.51027202606201,0.0,-0.0,-64.3,0.54,-0.32,0.66
107.52031588554382,-0.2,0.30000000000000004,-64.3,0.5,-0.34,0.65
107.52977633476257,-0.2,0.4,-64.3,0.47000000000000003,-0.33,0.65
107.54041767120361,-0.2,0.2,-64.3,0.5,-0.36,0.65
107.55052661895752,-0.30000000000000004,0.30000000000000004,-64.4,0.5,-0.37,0.66
107.56027436256409,-0.30000000000000004,0.2,-64.2,0.51,-0.35000000000000003,0.65
107.56977796554565,-0.2,0.4,-64.2,0.49,-0.35000000000000003,0.65
107.58043026924133,-0.2,0.4,-64.3,0.48,-0.35000000000000003,0.66
107.58993172645569,-0.30000000000000004,0.6000000000000001,-64.5,0.47000000000000003,-0.36,0.65
107.6001889705658,-0.30000000000000004,0.7000000000000001,-64.3,0.45,-0.36,0.65
107.61021542549133,-0.2,0.5,-64.8,0.47000000000000003,-0.33,0.65
107.61993074417114,-0.4,0.30000000000000004,-64.60000000000001,0.5,-0.38,0.66
107.62989521026611,-0.7000000000000001,0.4,-64.5,0.5,-0.39,0.65
107.639723777771,-0.7000000000000001,0.2,-64.5,0.5,-0.41000000000000003,0.66
107.65051698684692,-0.5,-0.0,-64.4,0.52,-0.38,0.65
107.6597728729248,-0.30000000000000004,0.1,-64.4,0.52,-0.37,0.66
107.66996812820435,-0.4,0.1,-64.4,0.51,-0.36,0.65
107.68013906478882,-0.30000000000000004,0.30000000000000004,-64.4,0.5,-0.37,0.66
107.68996548652649,-0.30000000000000004,0.2,-64.5,0.5,-0.36,0.65
107.6997754573822,-0.2,0.2,-64.4,0.51,-0.35000000000000003,0.65
107.71014094352722,-0.2,0.30000000000000004,-64.4,0.5,-0.35000000000000003,0.65
107.72078609466553,-0.1,0.4,-64.3,0.5,-0.34,0.65
107.72969174385071,0.0,0.4,-64.4,0.49,-0.33,0.66
107.7397952079773,0.0,0.4,-64.2,0.49,-0.33,0.65
107.75006580352783,0.0,0.4,-64.3,0.48,-0.34,0.65
107.76042079925537,-0.1,0.4,-64.10000000000001,0.49,-0.33,0.65
107.76987361907959,0.2,0.4,-64.4,0.5,-0.31,0.65
107.78079032897949,0.0,0.30000000000000004,-64.10000000000001,0.48,-0.32,0.65
107.79096055030823,-0.1,0.1,-64.5,0.52,-0.34,0.65
107.80070948600769,-0.2,-0.0,-64.5,0.52,-0.35000000000000003,0.65
107.81072950363159,-0.2,-0.1,-64.3,0.55,-0.36,0.65
107.82085657119751,-0.30000000000000004,-0.0,-64.3,0.52,-0.36,0.66
107.83074021339417,-0.30000000000000004,0.1,-64.60000000000001,0.5,-0.34,0.65
107.8397159576416,-0.30000000000000004,0.2,-64.0,0.51,-0.37,0.66
107.85014772415161,-0.30000000000000004,-0.0,-64.5,0.51,-0.37,0.65
107.85995388031006,-0.30000000000000004,-0.0,-64.5,0.53,-0.36,0.65
107.86996459960938,-0.4,0.30000000000000004,-64.4,0.51,-0.36,0.65
107.88059568405151,-0.30000000000000004,0.30000000000000004,-64.4,0.49,-0.36,0.65
107.890695810318,-0.30000000000000004,0.4,-64.4,0.48,-0.36,0.66
107.90073370933533,-0.2,0.4,-64.4,0.48,-0.36,0.65
107.91073298454285,-0.2,0.30000000000000004,-64.7,0.5,-0.34,0.65
107.92083501815796,-0.1,0.30000000000000004,-64.5,0.5,-0.34,0.66
107.93070840835571,-0.2,0.4,-64.4,0.49,-0.35000000000000003,0.65
107.93965744972229,-0.1,0.4,-64.5,0.48,-0.35000000000000003,0.65
107.9505250453949,0.0,0.30000000000000004,-64.10000000000001,0.49,-0.34,0.65
107.96040749549866,0.0,0.30000000000000004,-64.3,0.5,-0.32,0.65
107.9701316356659,0.0,0.1,-64.4,0.51,-0.32,0.65
107.98014521598816,-0.1,0.2,-64.4,0.51,-0.34,0.66
107.9907341003418,0.0,0.1,-64.4,0.51,-0.33,0.65
107.99990677833557,-0.2,-0.0,-64.5,0.52,-0.35000000000000003,0.65
108.00994062423706,-0.2,-0.0,-64.3,0.53,-0.35000000000000003,0.65
108.01988053321838,-0.2,-0.1,-64.4,0.55,-0.36,0.65
108.03024435043335,-0.1,-0.1,-64.5,0.55,-0.36,0.65
108.03973722457886,-0.1,-0.1,-64.5,0.54,-0.35000000000000003,0.65
108.05065417289734,-0.1,-0.0,-64.3,0.53,-0.34,0.65
108.0604338645935,-0.1,-0.0,-64.3,0.52,-0.34,0.65
108.06975650787354,0.0,0.2,-64.3,0.5,-0.34,0.65
108.08046317100525,0.0,0.2,-64.3,0.51,-0.34,0.65
108.09017300605774,0.0,0.30000000000000004,-64.2,0.5,-0.34,0.66
108.09986209869385,-0.1,0.5,-64.10000000000001,0.48,-0.34,0.65
108.11011815071106,-0.1,0.5,-64.2,0.47000000000000003,-0.34,0.65
108.11980509757996,0.0,0.4,-64.2,0.48,-0.34,0.65
108.13018608093262,0.0,0.4,-64.2,0.49,-0.33,0.65
108.13972687721252,0.0,0.30000000000000004,-64.5,0.5,-0.33,0.65
108.15015506744385,-0.1,0.4,-64.0,0.49,-0.34,0.65
108.1598870754242,0.0,0.4,-64.4,0.49,-0.35000000000000003,0.65
108.16989874839783,0.0,0.30000000000000004,-64.2,0.49,-0.32,0.65
108.17978382110596,-0.1,-0.0,-64.10000000000001,0.51,-0.32,0.65
108.19011163711548,0.0,-0.0,-63.900000000000006,0.52,-0.34,0.65
108.20009112358093,-0.4,-0.1,-64.2,0.53,-0.36,0.65
108.20978450775146,-0.6000000000000001,-0.2,-64.4,0.55,-0.4,0.66
108.2200882434845,-0.5,-0.1,-64.3,0.55,-0.38,0.65
108.2306227684021,-0.1,-0.2,-64.60000000000001,0.55,-0.36,0.66
108.23992204666138,0.0,0.1,-64.4,0.52,-0.33,0.65
108.25002765655518,0.0,0.1,-64.3,0.51,-0.32,0.66
108.25995635986328,0.0,0.1,-64.2,0.51,-0.33,0.65
108.2705283164978,0.0,0.30000000000000004,-64.2,0.5,-0.35000000000000003,0.65
108.27981686592102,-0.1,0.30000000000000004,-64.4,0.49,-0.34,0.66
108.29046273231506,0.0,0.2,-64.4,0.5,-0.32,0.65
108.29996633529663,0.1,0.2,-64.3,0.51,-0.31,0.65
108.30981993675232,0.1,0.2,-64.3,0.51,-0.31,0.65
108.31985449790955,0.0,0.2,-64.2,0.5,-0.33,0.66
108.32979607582092,0.0,0.2,-64.3,0.51,-0.33,0.65
108.34054017066956,0.0,0.1,-64.4,0.52,-0.33,0.66
108.35045337677002,0.0,0.2,-64.3,0.51,-0.33,0.65
108.35975384712219,-0.1,-0.0,-64.5,0.52,-0.35000000000000003,0.66
108.37029886245728,-0.2,-0.0,-64.10000000000001,0.52,-0.34,0.65
108.38060140609741,0.0,-0.0,-64.5,0.54,-0.35000000000000003,0.66
108.39029216766357,-0.1,0.2,-64.3,0.51,-0.34,0.65
108.40071988105774,0.0,-0.0,-64.3,0.52,-0.33,0.66
108.4099988937378,0.0,0.1,-64.3,0.51,-0.32,0.65
108.42084860801697,0.0,0.1,-64.3,0.52,-0.34,0.66
108.43024373054504,0.0,0.30000000000000004,-64.10000000000001,0.5,-0.33,0.65
108.43987202644348,0.0,0.2,-64.2,0.49,-0.33,0.66
108.45036768913269,0.0,0.2,-64.2,0.51,-0.32,0.65
108.45969700813293,0.0,0.1,-64.3,0.51,-0.33,0.65
108.46989464759827,0.0,0.1,-64.10000000000001,0.51,-0.33,0.65
108.47989225387573,0.0,-0.0,-64.2,0.52,-0.33,0.65
108.49095726013184,0.0,-0.0,-64.10000000000001,0.53,-0.33,0.65
108.50034618377686,0.0,0.1,-64.3,0.52,-0.34,0.65
108.5105972290039,0.0,-0.0,-64.3,0.51,-0.34,0.65
108.52088189125061,0.0,-0.0,-64.3,0.53,-0.33,0.65
108.5307068824768,0.0,0.1,-64.2,0.51,-0.33,0.65
108.54067635536194,0.0,0.1,-64.3,0.51,-0.33,0.65
108.54997634887695,0.0,-0.0,-64.3,0.52,-0.34,0.65
108.56025123596191,0.0,-0.1,-64.3,0.54,-0.33,0.65
108.56998777389526,0.0,-0.0,-64.3,0.54,-0.33,0.65
108.57997393608093,0.0,0.1,-64.10000000000001,0.52,-0.33,0.65
108.59049487113953,0.0,0.1,-64.2,0.51,-0.33,0.65
108.59979128837585,0.0,0.1,-64.2,0.51,-0.33,0.65
108.60993838310242,0.0,0.1,-64.2,0.51,-0.32,0.65
108.6198480129242,0.0,0.2,-64.10000000000001,0.51,-0.33,0.65
108.62984275817871,0.0,0.2,-64.2,0.5,-0.32,0.65
108.6397774219513,0.1,0.1,-64.10000000000001,0.51,-0.32,0.65
108.65031456947327,0.1,0.1,-64.10000000000001,0.51,-0.32,0.65
108.66016864776611,0.0,-0.0,-64.4,0.51,-0.33,0.65
108.66979622840881,0.0,-0.0,-64.3,0.54,-0.32,0.65
108.68012881278992,0.0,-0.0,-64.10000000000001,0.53,-0.33,0.65
108.69048523902893,0.0,0.30000000000000004,-64.3,0.5,-0.34,0.65
108.70047545433044,0.0,-0.0,-64.4,0.52,-0.33,0.65
108.70990228652954,0.0,0.2,-64.3,0.51,-0.33,0.65
108.72041940689087,0.0,0.2,-64.3,0.51,-0.32,0.65
108.72996473312378,0.0,0.1,-64.3,0.51,-0.33,0.65
108.73989129066467,0.0,0.30000000000000004,-64.3,0.49,-0.33,0.65
108.75001335144043,0.0,-0.0,-64.4,0.53,-0.33,0.65
108.76071190834045,0.0,0.2,-64.3,0.49,-0.33,0.65
108.76982355117798,0.0,-0.0,-64.2,0.52,-0.33,0.65
108.78038620948792,0.0,0.2,-64.3,0.51,-0.34,0.65
108.79072690010071,0.0,-0.0,-64.4,0.52,-0.34,0.65
108.79982614517212,0.0,-0.0,-64.10000000000001,0.52,-0.33,0.65
108.81029009819031,0.0,0.2,-64.2,0.51,-0.34,0.65
108.81964135169983,0.0,-0.0,-64.10000000000001,0.53,-0.32,0.65
108.83062672615051,0.0,-0.0,-64.2,0.53,-0.33,0.65
108.83989310264587,0.0,-0.0,-64.3,0.53,-0.33,0.65
108.84996438026428,0.0,-0.0,-64.4,0.53,-0.32,0.65
108.86018085479736,0.1,-0.0,-64.3,0.52,-0.31,0.65
108.87036633491516,0.1,0.1,-64.3,0.52,-0.31,0.65
108.87978768348694,0.1,0.1,-64.2,0.5,-0.32,0.65
108.8899495601654,0.1,-0.0,-64.2,0.52,-0.32,0.65
108.89986944198608,0.2,-0.0,-64.3,0.52,-0.32,0.65
108.91009593009949,0.2,-0.1,-64.3,0.53,-0.31,0.65
108.91971182823181,0.1,0.1,-64.3,0.53,-0.31,0.65
108.93033599853516,0.1,0.1,-64.3,0.51,-0.32,0.65
108.94050240516663,0.0,0.1,-64.0,0.51,-0.32,0.65
108.94983720779419,0.0,0.1,-64.2,0.51,-0.32,0.65
108.96101403236389,0.0,-0.0,-64.3,0.53,-0.33,0.65
108.97019386291504,0.0,-0.1,-64.4,0.55,-0.33,0.65
108.97988533973694,0.0,-0.0,-64.10000000000001,0.53,-0.33,0.65
108.98987054824829,0.0,-0.0,-64.2,0.52,-0.33,0.65
109.00091409683228,0.0,0.1,-64.2,0.51,-0.34,0.65
109.0106987953186,0.0,-0.0,-64.2,0.52,-0.33,0.65
109.02064800262451,0.0,0.1,-64.2,0.51,-0.32,0.65
109.03107190132141,0.1,-0.0,-64.2,0.52,-0.32,0.65
109.03975486755371,0.0,0.2,-64.2,0.51,-0.33,0.65
109.04984259605408,0.1,0.1,-64.3,0.51,-0.33,0.65
109.06031799316406,0.1,0.1,-64.3,0.52,-0.32,0.65
109.0702075958252,0.1,0.1,-64.3,0.52,-0.32,0.65
109.08013558387756,0.1,0.2,-64.3,0.51,-0.32,0.65
109.09062433242798,0.1,0.1,-64.2,0.51,-0.31,0.65
109.10015773773193,0.1,0.1,-64.2,0.51,-0.32,0.65
109.11005640029907,0.1,-0.0,-64.2,0.53,-0.33,0.65
109.11984324455261,0.1,-0.0,-64.10000000000001,0.54,-0.32,0.65
109.13015007972717,0.0,-0.0,-64.10000000000001,0.53,-0.32,0.65
109.13997149467468,0.1,-0.0,-64.10000000000001,0.52,-0.32,0.65
109.14972400665283,0.1,-0.0,-64.2,0.52,-0.32,0.65
109.16016459465027,0.2,-0.0,-64.3,0.53,-0.32,0.65
109.17107629776001,0.2,-0.0,-64.2,0.53,-0.31,0.65
109.17986869812012,0.0,0.2,-64.10000000000001,0.51,-0.32,0.65
109.18990731239319,0.1,0.1,-64.3,0.5,-0.33,0.65
109.20016551017761,0.2,0.1,-64.2,0.52,-0.32,0.65
109.21037602424622,0.1,0.2,-64.2,0.51,-0.32,0.65
109.21979117393494,0.1,0.1,-64.2,0.51,-0.32,0.65
109.22982001304626,0.1,0.1,-64.2,0.51,-0.32,0.65
109.2400233745575,0.1,0.1,-64.2,0.51,-0.32,0.65
109.2497456073761,0.1,-0.0,-64.2,0.51,-0.32,0.65
109.26014256477356,0.1,-0.1,-64.3,0.54,-0.32,0.65
109.27130389213562,0.0,-0.0,-64.3,0.54,-0.33,0.65
109.28001666069031,0.0,-0.1,-64.3,0.54,-0.32,0.65
109.28989696502686,0.1,-0.1,-64.3,0.54,-0.32,0.65
109.30006790161133,0.2,-0.0,-64.2,0.53,-0.32,0.65
109.30995774269104,0.2,0.1,-64.10000000000001,0.51,-0.31,0.65
109.31982517242432,0.2,-0.0,-64.2,0.52,-0.3,0.65
109.3298909664154,0.2,0.1,-64.2,0.52,-0.31,0.65
109.34019160270691,0.1,-0.0,-64.3,0.52,-0.31,0.65
109.34981346130371,0.1,-0.0,-64.3,0.54,-0.32,0.65
109.35988879203796,0.1,0.2,-64.2,0.51,-0.32,0.65
109.37076950073242,0.0,-0.0,-64.2,0.52,-0.31,0.65
109.38072109222412,0.0,0.2,-64.2,0.5,-0.33,0.65
109.38981676101685,0.0,0.1,-64.2,0.52,-0.34,0.65
109.40096163749695,0.0,0.1,-64.4,0.52,-0.33,0.65
109.4107813835144,0.0,0.1,-64.3,0.51,-0.33,0.65
109.42102670669556,0.0,-0.0,-64.2,0.52,-0.33,0.65
109.42982339859009,0.1,0.1,-64.3,0.51,-0.33,0.65
109.44006943702698,0.1,-0.0,-64.2,0.52,-0.33,0.65
109.44978761672974,0.0,-0.1,-64.2,0.54,-0.32,0.65
109.46015310287476,0.0,-0.0,-64.3,0.53,-0.33,0.65
109.47088479995728,0.0,-0.0,-64.2,0.53,-0.33,0.65
109.48023676872253,0.0,0.2,-64.2,0.5,-0.32,0.65
109.48988842964172,0.2,0.2,-64.3,0.5,-0.31,0.65
109.50078916549683,0.2,0.1,-64.2,0.51,-0.31,0.65
109.51042580604553,0.2,0.1,-64.10000000000001,0.52,-0.31,0.65
109.51988554000854,0.30000000000000004,-0.0,-64.2,0.52,-0.31,0.65
109.52973747253418,0.30000000000000004,0.1,-64.2,0.52,-0.29,0.65
109.54013681411743,0.30000000000000004,-0.0,-64.2,0.52,-0.3,0.65
109.55069613456726,0.30000000000000004,-0.2,-64.2,0.54,-0.3,0.65
109.5597779750824,0.4,-0.0,-64.10000000000001,0.54,-0.31,0.65
109.57032704353333,0.4,-0.0,-64.2,0.53,-0.3,0.65
109.58002471923828,0.4,-0.0,-64.2,0.53,-0.3,0.65
109.59001326560974,0.30000000000000004,-0.0,-64.2,0.53,-0.3,0.65
109.60001373291016,0.2,-0.0,-64.2,0.53,-0.32,0.65
109.61011958122253,0.2,-0.0,-64.2,0.52,-0.31,0.65
109.62047719955444,0.2,-0.0,-64.3,0.54,-0.31,0.65
109.62978267669678,0.0,-0.0,-64.2,0.52,-0.32,0.65
109.6407117843628,0.0,-0.0,-64.2,0.52,-0.33,0.65
109.65063118934631,0.0,-0.0,-64.10000000000001,0.53,-0.33,0.65
109.65986680984497,0.0,0.1,-64.2,0.51,-0.33,0.65
109.67049431800842,0.0,0.2,-64.10000000000001,0.5,-0.33,0.65
109.6808853149414,0.1,0.2,-64.2,0.5,-0.32,0.65
109.69014525413513,0.2,0.1,-64.2,0.51,-0.31,0.65
109.69986200332642,0.2,-0.0,-64.3,0.53,-0.3,0.65
109.71029376983643,0.1,0.2,-64.3,0.52,-0.33,0.65
109.71983575820923,0.1,-0.0,-64.3,0.51,-0.32,0.65
109.72993230819702,0.2,-0.0,-64.3,0.52,-0.3,0.65
109.74066948890686,0.30000000000000004,-0.0,-64.2,0.52,-0.31,0.65
109.7502236366272,0.2,-0.0,-64.10000000000001,0.53,-0.31,0.65
109.7599229812622,0.1,-0.0,-64.10000000000001,0.53,-0.32,0.65
109.77035999298096,0.30000000000000004,-0.1,-64.10000000000001,0.54,-0.31,0.65
109.7798478603363,0.30000000000000004,-0.2,-64.2,0.54,-0.3,0.65
109.78983855247498,0.4,-0.2,-64.2,0.54,-0.29,0.65
109.8001925945282,0.4,-0.2,-64.10000000000001,0.55,-0.3,0.65
109.81040239334106,0.30000000000000004,-0.2,-64.10000000000001,0.55,-0.3,0.65
109.82026958465576,0.30000000000000004,-0.0,-64.10000000000001,0.53,-0.3,0.65
109.82991909980774,0.30000000000000004,-0.0,-64.2,0.52,-0.31,0.65
109.84031105041504,0.4,0.1,-64.10000000000001,0.52,-0.3,0.65
109.85050392150879,0.4,-0.0,-64.3,0.52,-0.29,0.65
109.85975694656372,0.4,-0.0,-64.2,0.52,-0.29,0.65
109.87000727653503,0.30000000000000004,-0.0,-64.10000000000001,0.52,-0.29,0.65
109.88105821609497,0.30000000000000004,0.1,-64.2,0.51,-0.31,0.65
109.89082622528076,0.30000000000000004,-0.0,-64.10000000000001,0.52,-0.31,0.65
109.90067315101624,0.2,-0.1,-64.2,0.55,-0.31,0.65
109.91070604324341,0.2,-0.0,-64.10000000000001,0.52,-0.32,0.65
109.92059850692749,0.2,-0.1,-64.0,0.54,-0.32,0.65
109.92981934547424,0.2,0.1,-64.10000000000001,0.52,-0.31,0.65
109.94142961502075,0.2,0.2,-64.0,0.49,-0.31,0.65
109.94985055923462,0.4,-0.2,-64.0,0.53,-0.3,0.65
109.95983862876892,0.30000000000000004,-0.2,-64.4,0.56,-0.31,0.65
109.9700858592987,0.1,-0.2,-64.0,0.55,-0.31,0.65
109.98031568527222,0.1,-0.0,-64.2,0.54,-0.32,0.65
109.99049472808838,0.30000000000000004,-0.0,-64.3,0.52,-0.3,0.65
109.99983787536621,0.4,-0.0,-64.0,0.53,-0.29,0.65
110.01064682006836,0.2,-0.0,-64.3,0.52,-0.32,0.65
110.02057433128357,0.30000000000000004,-0.0,-64.0,0.52,-0.3,0.65
110.0299322605133,0.5,-0.0,-64.0,0.54,-0.28,0.65
110.03985857963562,0.4,0.1,-64.2,0.51,-0.3,0.65
110.05021476745605,0.30000000000000004,0.1,-64.2,0.51,-0.3,0.65
110.06037521362305,0.4,-0.0,-64.2,0.52,-0.29,0.65
110.0700044631958,0.6000000000000001,-0.1,-64.0,0.55,-0.27,0.65
110.08064341545105,0.5,-0.30000000000000004,-64.0,0.56,-0.28,0.65
110.09036469459534,0.5,-0.2,-63.900000000000006,0.55,-0.3,0.65
110.09982228279114,0.5,-0.2,-63.900000000000006,0.55,-0.28,0.65
110.11012244224548,0.5,-0.0,-64.10000000000001,0.52,-0.29,0.65
110.12007403373718,0.5,-0.4,-64.0,0.56,-0.29,0.65
110.13028955459595,0.4,-0.1,-64.0,0.54,-0.29,0.64
110.13976883888245,0.5,-0.30000000000000004,-64.0,0.56,-0.28,0.65
110.15013384819031,0.5,-0.1,-64.2,0.54,-0.3,0.64
110.16048645973206,0.5,-0.30000000000000004,-64.2,0.55,-0.28,0.65
110.17015051841736,0.4,-0.1,-64.0,0.55,-0.28,0.65
110.1799066066742,0.4,-0.0,-64.10000000000001,0.52,-0.3,0.65
110.19000244140625,0.30000000000000004,0.2,-64.0,0.49,-0.31,0.65
110.1998496055603,0.4,-0.0,-64.4,0.52,-0.3,0.65
110.21025133132935,0.4,-0.0,-64.10000000000001,0.52,-0.29,0.65
110.21973872184753,0.2,0.1,-64.2,0.52,-0.3,0.65
110.22992086410522,0.0,0.4,-64.2,0.48,-0.34,0.65
110.24049997329712,0.0,0.30000000000000004,-64.3,0.48,-0.34,0.65
110.25005960464478,0.4,-0.0,-64.0,0.53,-0.28,0.64
110.25992488861084,0.4,-0.0,-64.10000000000001,0.53,-0.29,0.65
110.27034401893616,0.2,0.1,-64.10000000000001,0.51,-0.32,0.65
110.28008508682251,0.2,-0.30000000000000004,-64.0,0.55,-0.3,0.65
110.2899477481842,0.5,-0.4,-64.10000000000001,0.56,-0.29,0.65
110.30000329017639,0.4,-0.2,-64.10000000000001,0.56,-0.3,0.65
110.31006693840027,0.4,-0.1,-64.10000000000001,0.54,-0.3,0.65
110.31979036331177,0.5,-0.30000000000000004,-64.2,0.55,-0.29,0.65
110.3305435180664,0.5,-0.30000000000000004,-64.10000000000001,0.5700000000000001,-0.27,0.64
110.33989667892456,0.6000000000000001,-0.2,-64.0,0.55,-0.27,0.64
110.34989333152771,0.6000000000000001,0.1,-64.10000000000001,0.51,-0.27,0.65
110.35988926887512,0.7000000000000001,-0.1,-64.10000000000001,0.52,-0.26,0.65
110.37080097198486,0.7000000000000001,-0.4,-64.10000000000001,0.56,-0.26,0.65
110.38048768043518,0.4,-0.0,-64.10000000000001,0.53,-0.3,0.65
110.38986015319824,0.30000000000000004,-0.2,-64.10000000000001,0.55,-0.3,0.65
110.40002036094666,0.4,-0.2,-64.2,0.54,-0.28,0.64
110.4106719493866,0.5,-0.2,-64.2,0.55,-0.28,0.65
110.42013430595398,0.7000000000000001,-0.0,-64.0,0.53,-0.27,0.65
110.4298620223999,0.6000000000000001,-0.1,-63.900000000000006,0.54,-0.27,0.64
110.44005942344666,0.30000000000000004,-0.0,-64.4,0.53,-0.31,0.65
110.45071983337402,0.2,-0.0,-64.10000000000001,0.52,-0.31,0.65
110.45975255966187,0.5,-0.1,-64.2,0.53,-0.28,0.65
110.47046184539795,0.4,0.1,-64.2,0.52,-0.3,0.65
110.48012256622314,0.2,-0.2,-64.2,0.55,-0.31,0.65
110.48983883857727,0.1,-0.0,-64.10000000000001,0.53,-0.32,0.65
110.49988150596619,0.30000000000000004,-0.1,-64.10000000000001,0.54,-0.3,0.65
110.51022291183472,0.4,-0.0,-64.2,0.51,-0.3,0.65
110.51984357833862,0.4,-0.5,-64.2,0.56,-0.29,0.65
110.52978777885437,0.30000000000000004,-0.30000000000000004,-64.2,0.5700000000000001,-0.3,0.65
110.54025268554688,0.2,-0.0,-64.3,0.53,-0.32,0.65
110.55061292648315,0.6000000000000001,-0.1,-64.0,0.53,-0.28,0.65
110.56001996994019,0.9,-0.30000000000000004,-64.10000000000001,0.55,-0.25,0.64
110.56983852386475,0.7000000000000001,-0.30000000000000004,-64.3,0.56,-0.27,0.65
110.5812349319458,0.5,-0.2,-64.10000000000001,0.55,-0.28,0.65
110.59070682525635,0.6000000000000001,-0.30000000000000004,-63.800000000000004,0.55,-0.28,0.64
110.60068678855896,0.9,-0.4,-64.10000000000001,0.5700000000000001,-0.27,0.64
110.61034750938416,0.9,-0.2,-64.10000000000001,0.55,-0.25,0.64
110.62009739875793,0.9,-0.1,-63.900000000000006,0.54,-0.25,0.65
110.62976264953613,0.9,-0.1,-64.0,0.54,-0.26,0.64
110.63985681533813,0.8,-0.30000000000000004,-64.10000000000001,0.55,-0.27,0.64
110.65136432647705,0.6000000000000001,-0.4,-63.900000000000006,0.5700000000000001,-0.27,0.64
110.66009974479675,0.6000000000000001,-0.0,-64.0,0.54,-0.29,0.65
110.66992926597595,0.7000000000000001,-0.1,-64.3,0.54,-0.27,0.64
110.68028402328491,0.2,0.2,-64.10000000000001,0.51,-0.31,0.65
110.69003820419312,0.1,-0.0,-64.10000000000001,0.52,-0.33,0.65
110.69990110397339,0.5,-0.30000000000000004,-64.10000000000001,0.55,-0.29,0.64
110.70988941192627,0.5,-0.30000000000000004,-64.3,0.55,-0.27,0.64
110.7206871509552,0.2,-0.0,-64.2,0.54,-0.3,0.65
110.7300238609314,0.1,-0.0,-64.3,0.52,-0.32,0.65
110.74019384384155,0.30000000000000004,-0.1,-64.4,0.53,-0.29,0.65
110.75037407875061,0.30000000000000004,-0.1,-64.60000000000001,0.53,-0.3,0.65
110.76040601730347,0.30000000000000004,-0.0,-64.0,0.52,-0.33,0.65
110.77033162117004,0.30000000000000004,-0.0,-64.2,0.52,-0.28,0.64
110.7806990146637,0.6000000000000001,-0.2,-64.2,0.53,-0.28,0.65
110.79080438613892,0.4,-0.4,-64.10000000000001,0.5700000000000001,-0.29,0.64
110.80091619491577,0.30000000000000004,-0.4,-64.10000000000001,0.56,-0.31,0.65
110.81060099601746,0.4,-0.30000000000000004,-64.0,0.56,-0.28,0.64
110.82072353363037,0.6000000000000001,-0.4,-64.3,0.5700000000000001,-0.3,0.65
110.82989597320557,0.4,-0.5,-64.0,0.58,-0.3,0.64
110.83982634544373,0.6000000000000001,-0.5,-64.0,0.58,-0.27,0.64
110.850426197052,0.8,-0.30000000000000004,-64.10000000000001,0.54,-0.26,0.64
110.86051034927368,0.9,-0.4,-64.10000000000001,0.56,-0.25,0.65
110.8698718547821,1.0,-0.2,-64.10000000000001,0.55,-0.24,0.64
110.88076114654541,0.9,-0.2,-64.10000000000001,0.55,-0.26,0.65
110.89083623886108,0.5,-0.2,-64.2,0.54,-0.28,0.64
110.90091562271118,0.9,-0.1,-64.2,0.54,-0.25,0.65
110.91051483154297,1.0,-0.2,-64.0,0.54,-0.23,0.64
110.92020082473755,0.6000000000000001,-0.2,-64.3,0.55,-0.27,0.65
110.92999172210693,0.1,-0.2,-64.4,0.54,-0.34,0.65
110.93986439704895,0.6000000000000001,-0.4,-64.2,0.56,-0.28,0.65
110.94996643066406,0.8,-0.5,-64.3,0.56,-0.23,0.64
110.96001410484314,0.4,-0.1,-64.4,0.54,-0.31,0.66
110.97000646591187,0.5,-0.30000000000000004,-64.4,0.55,-0.3,0.64
110.97994446754456,0.6000000000000001,-0.4,-63.900000000000006,0.5700000000000001,-0.28,0.64
110.9905755519867,0.6000000000000001,-0.30000000000000004,-64.0,0.5700000000000001,-0.29,0.65
110.99992275238037,0.5,-0.30000000000000004,-64.0,0.55,-0.28,0.64
111.00997710227966,0.4,-0.30000000000000004,-64.3,0.56,-0.3,0.65
111.02035164833069,0.4,-0.1,-64.10000000000001,0.53,-0.3,0.65
111.03001999855042,0.7000000000000001,-0.4,-64.0,0.56,-0.25,0.64
111.03986239433289,0.6000000000000001,-0.2,-64.3,0.55,-0.3,0.65
111.05000162124634,0.5,-0.30000000000000004,-64.2,0.56,-0.27,0.64
111.06103801727295,0.6000000000000001,-0.2,-64.10000000000001,0.55,-0.26,0.65
111.06978559494019,0.8,-0.1,-64.2,0.53,-0.28,0.65
111.08006119728088,0.7000000000000001,-0.2,-64.3,0.55,-0.26,0.64
111.0899224281311,0.6000000000000001,-0.0,-64.3,0.52,-0.28,0.65
111.10010933876038,0.7000000000000001,-0.30000000000000004,-64.3,0.54,-0.26,0.65
111.11029052734375,0.9,-0.5,-64.3,0.5700000000000001,-0.24,0.65
111.11969470977783,1.1,-0.30000000000000004,-64.5,0.56,-0.24,0.65
111.13009476661682,0.6000000000000001,-0.4,-64.4,0.56,-0.28,0.65
111.13986039161682,0.7000000000000001,-0.4,-64.2,0.56,-0.26,0.64
111.14997029304504,0.7000000000000001,-0.30000000000000004,-64.5,0.55,-0.29,0.65
111.16064524650574,0.7000000000000001,-0.5,-64.2,0.5700000000000001,-0.27,0.64
111.17020225524902,0.5,-0.2,-63.900000000000006,0.56,-0.28,0.65
111.17988061904907,0.6000000000000001,-0.30000000000000004,-64.10000000000001,0.54,-0.29,0.65
111.18998384475708,0.9,-0.30000000000000004,-64.2,0.55,-0.24,0.64
111.1999192237854,0.7000000000000001,-0.4,-64.10000000000001,0.55,-0.25,0.65
111.20982813835144,0.6000000000000001,-0.5,-64.10000000000001,0.56,-0.27,0.65
111.21969866752625,0.5,-0.4,-64.3,0.5700000000000001,-0.29,0.65
111.23014903068542,0.30000000000000004,-0.4,-64.10000000000001,0.55,-0.28,0.65
111.23982191085815,0.6000000000000001,-0.30000000000000004,-64.10000000000001,0.54,-0.28,0.65
111.24992346763611,0.6000000000000001,-0.6000000000000001,-64.3,0.58,-0.27,0.65
111.26060795783997,0.8,-0.7000000000000001,-64.2,0.58,-0.25,0.64
111.27071857452393,0.6000000000000001,-0.6000000000000001,-64.2,0.58,-0.27,0.65
111.27982926368713,0.7000000000000001,-0.6000000000000001,-64.2,0.59,-0.29,0.64
111.2900869846344,0.7000000000000001,-0.7000000000000001,-64.3,0.58,-0.26,0.65
111.29996967315674,1.0,-0.4,-64.4,0.55,-0.24,0.65
111.31083154678345,1.0,-0.5,-64.4,0.5700000000000001,-0.25,0.65
111.31967902183533,1.0,-0.0,-64.2,0.53,-0.25,0.64
111.32994294166565,0.9,-0.30000000000000004,-64.5,0.55,-0.25,0.65
111.34094905853271,1.0,-0.1,-64.2,0.53,-0.26,0.64
111.34992361068726,0.6000000000000001,-0.2,-64.10000000000001,0.55,-0.29,0.65
111.36169576644897,0.6000000000000001,-0.30000000000000004,-64.2,0.58,-0.27,0.64
111.3701844215393,0.6000000000000001,-0.0,-64.2,0.52,-0.29,0.65
111.37978863716125,0.7000000000000001,-0.6000000000000001,-64.7,0.58,-0.24,0.64
111.38992929458618,0.7000000000000001,-0.0,-64.10000000000001,0.52,-0.31,0.65
111.40034651756287,0.8,-0.5,-64.10000000000001,0.56,-0.25,0.64
111.41053080558777,0.9,-0.4,-64.0,0.54,-0.24,0.65
111.42061495780945,0.8,-0.5,-64.2,0.5700000000000001,-0.25,0.65
111.43003511428833,0.2,-0.8,-64.4,0.59,-0.32,0.65
111.4398901462555,0.4,-0.7000000000000001,-64.4,0.58,-0.31,0.65
111.44982385635376,0.7000000000000001,-0.9,-64.5,0.62,-0.26,0.64
111.46005153656006,0.8,-0.30000000000000004,-64.3,0.54,-0.24,0.65
111.4711389541626,0.8,-0.7000000000000001,-64.5,0.58,-0.26,0.65
111.47973227500916,0.6000000000000001,-0.6000000000000001,-64.2,0.58,-0.26,0.64
111.49000382423401,0.6000000000000001,-1.0,-64.8,0.62,-0.3,0.65
111.50059628486633,0.9,-0.0,-64.2,0.53,-0.26,0.64
111.50998306274414,1.1,-0.4,-64.2,0.54,-0.22,0.65
111.51974630355835,1.1,-0.4,-64.0,0.56,-0.23,0.64
111.53053665161133,1.0,-0.1,-64.10000000000001,0.54,-0.24,0.64
111.54091143608093,0.7000000000000001,-0.5,-63.7,0.56,-0.27,0.65
111.54976868629456,1.0,-0.7000000000000001,-64.3,0.6,-0.25,0.64
111.56020021438599,1.1,-0.4,-64.3,0.5700000000000001,-0.24,0.64
111.57044696807861,1.0,-0.6000000000000001,-64.10000000000001,0.5700000000000001,-0.23,0.65
111.58003115653992,1.2000000000000002,-0.30000000000000004,-64.3,0.55,-0.25,0.65
111.59000706672668,1.4000000000000001,-0.6000000000000001,-64.4,0.5700000000000001,-0.2,0.64
111.60016989707947,1.0,-0.6000000000000001,-64.0,0.58,-0.23,0.65
111.61014223098755,0.8,-0.6000000000000001,-64.2,0.5700000000000001,-0.27,0.64
111.61976552009583,1.1,-0.6000000000000001,-64.3,0.58,-0.25,0.65
111.62996888160706,0.9,-1.2000000000000002,-64.4,0.62,-0.24,0.63
111.64122438430786,0.30000000000000004,-0.6000000000000001,-64.3,0.58,-0.29,0.66
111.64973568916321,0.2,-0.6000000000000001,-64.3,0.5700000000000001,-0.32,0.65
111.66007280349731,0.5,-0.8,-65.0,0.6,-0.27,0.65
111.67044258117676,0.6000000000000001,-0.0,-64.3,0.51,-0.29,0.64
111.68106007575989,0.6000000000000001,-0.1,-64.0,0.53,-0.26,0.65
111.69098138809204,0.9,-0.30000000000000004,-64.3,0.55,-0.26,0.65
111.70076775550842,1.0,-0.7000000000000001,-64.4,0.61,-0.25,0.64
111.70996713638306,0.5,-0.1,-64.10000000000001,0.55,-0.31,0.65
111.71987009048462,0.4,-0.30000000000000004,-64.10000000000001,0.56,-0.29,0.64
111.7299451828003,0.6000000000000001,-0.0,-64.4,0.51,-0.26,0.64
111.7406439781189,0.9,-0.4,-64.10000000000001,0.54,-0.22,0.64
111.7509593963623,1.3,-0.7000000000000001,-64.2,0.58,-0.23,0.65
111.75985026359558,1.0,-0.7000000000000001,-64.3,0.59,-0.23,0.65
111.77060174942017,0.9,-0.7000000000000001,-64.3,0.58,-0.26,0.65
111.78097128868103,0.8,-1.0,-64.3,0.6,-0.24,0.64
111.79071879386902,1.3,-0.5,-64.0,0.5700000000000001,-0.23,0.65
111.8006501197815,1.4000000000000001,-1.2000000000000002,-64.0,0.62,-0.19,0.63
111.81066799163818,1.5,-1.0,-64.4,0.63,-0.21,0.64
111.81979250907898,1.1,-1.0,-63.900000000000006,0.62,-0.24,0.63
111.83002877235413,1.2000000000000002,-1.1,-64.3,0.64,-0.22,0.65
111.83992123603821,1.2000000000000002,-0.8,-64.3,0.6,-0.22,0.64
111.8498854637146,1.3,-0.8,-64.4,0.6,-0.21,0.65
111.85991787910461,1.5,-0.5,-63.900000000000006,0.56,-0.21,0.64
111.87092566490173,1.4000000000000001,-0.4,-64.0,0.56,-0.21,0.64
111.88061714172363,1.0,-0.2,-63.900000000000006,0.55,-0.23,0.65
111.89064121246338,0.7000000000000001,-0.30000000000000004,-64.3,0.56,-0.3,0.64
111.90065693855286,0.6000000000000001,-0.2,-64.0,0.55,-0.27,0.64
111.91073632240295,0.9,-0.0,-64.3,0.52,-0.27,0.64
111.9198522567749,1.1,-0.2,-64.5,0.53,-0.24,0.64
111.92977976799011,1.1,-0.5,-64.4,0.56,-0.22,0.63
111.93990421295166,0.7000000000000001,-0.30000000000000004,-64.3,0.55,-0.27,0.65
111.94984316825867,0.2,-0.8,-64.5,0.59,-0.33,0.65
111.9599781036377,0.6000000000000001,-1.0,-64.3,0.62,-0.26,0.64
111.9705581665039,0.5,-0.8,-64.5,0.58,-0.3,0.65
111.98109531402588,0.30000000000000004,-0.7000000000000001,-64.2,0.59,-0.32,0.64
111.99103689193726,0.8,-0.8,-64.3,0.6,-0.27,0.65
112.00071740150452,1.3,-0.9,-64.2,0.62,-0.24,0.64
112.01081109046936,1.3,-0.5,-64.10000000000001,0.58,-0.26,0.64
112.01978421211243,0.7000000000000001,-0.7000000000000001,-64.0,0.58,-0.25,0.64
112.03035998344421,1.4000000000000001,-0.9,-65.10000000000001,0.59,-0.2,0.65
112.03983616828918,1.4000000000000001,-0.6000000000000001,-64.60000000000001,0.56,-0.22,0.64
112.05016779899597,1.1,-0.9,-63.7,0.62,-0.21,0.64
112.0597665309906,1.1,-0.5,-64.0,0.58,-0.26,0.64
112.07045221328735,1.2000000000000002,-0.7000000000000001,-64.3,0.58,-0.24,0.64
112.07988429069519,1.6,-0.7000000000000001,-63.800000000000004,0.61,-0.22,0.64
112.0906274318695,1.8,-0.5,-64.10000000000001,0.5700000000000001,-0.16,0.63
112.10019135475159,1.9000000000000001,-0.7000000000000001,-64.10000000000001,0.58,-0.16,0.64
112.11024117469788,1.3,-0.7000000000000001,-63.800000000000004,0.59,-0.22,0.64
112.12002158164978,1.2000000000000002,-0.6000000000000001,-63.900000000000006,0.5700000000000001,-0.23,0.65
112.13005995750427,1.5,-1.0,-64.3,0.61,-0.21,0.64
112.13993740081787,1.5,-0.9,-64.10000000000001,0.59,-0.21,0.64
112.15012073516846,1.2000000000000002,-0.7000000000000001,-64.3,0.59,-0.22,0.64
112.16069149971008,1.0,-0.8,-64.3,0.59,-0.22,0.65
112.16994738578796,1.1,-0.7000000000000001,-64.3,0.58,-0.25,0.65
112.1799864768982,1.1,-0.6000000000000001,-64.4,0.59,-0.26,0.63
112.19043278694153,1.0,-0.5,-64.7,0.5700000000000001,-0.24,0.65
112.2009129524231,1.0,-0.30000000000000004,-64.3,0.55,-0.25,0.64
112.21070909500122,1.0,-0.5,-64.3,0.5700000000000001,-0.28,0.65
112.22067761421204,0.8,-0.8,-64.4,0.61,-0.27,0.64
112.23087191581726,0.8,-0.4,-64.4,0.5700000000000001,-0.29,0.65
112.24000644683838,0.9,-0.6000000000000001,-64.2,0.5700000000000001,-0.27,0.64
112.2497763633728,1.2000000000000002,-0.8,-64.4,0.6,-0.22,0.65
112.26031875610352,1.0,-0.7000000000000001,-64.60000000000001,0.58,-0.26,0.64
112.27016520500183,0.8,-0.8,-64.2,0.6,-0.24,0.65
112.28035974502563,1.1,-1.1,-64.2,0.61,-0.24,0.64
112.28985047340393,1.2000000000000002,-0.9,-64.2,0.61,-0.24,0.65
112.30055332183838,1.1,-1.4000000000000001,-64.2,0.65,-0.25,0.64
112.31065344810486,1.1,-0.9,-64.10000000000001,0.58,-0.23,0.64
112.31969547271729,1.7000000000000002,-1.2000000000000002,-64.2,0.61,-0.17,0.64
112.3299629688263,1.9000000000000001,-0.9,-64.2,0.6,-0.15,0.65
112.34041547775269,1.2000000000000002,-1.0,-64.3,0.61,-0.23,0.64
112.34977149963379,1.2000000000000002,-0.9,-64.2,0.59,-0.2,0.65
112.35978555679321,1.8,-0.9,-64.5,0.6,-0.16,0.64
112.36996102333069,1.6,-0.6000000000000001,-64.4,0.58,-0.18,0.64
112.37991309165955,1.2000000000000002,-0.7000000000000001,-64.60000000000001,0.58,-0.23,0.66
112.39010381698608,1.5,-0.5,-64.0,0.5700000000000001,-0.2,0.63
112.40081191062927,1.5,-0.4,-64.0,0.56,-0.2,0.64
112.41018152236938,1.3,-0.2,-64.2,0.53,-0.21,0.64
112.4207706451416,1.5,-0.8,-64.2,0.58,-0.23,0.65
112.43082475662231,1.4000000000000001,-0.8,-64.5,0.61,-0.22,0.63
112.44077682495117,0.8,-0.9,-64.10000000000001,0.6,-0.24,0.64
112.44981408119202,1.1,-0.6000000000000001,-64.4,0.58,-0.25,0.64
112.46007776260376,1.2000000000000002,-1.0,-64.5,0.59,-0.23,0.64
112.47056460380554,1.4000000000000001,-1.3,-64.60000000000001,0.63,-0.25,0.65
112.4809775352478,1.3,-1.3,-64.5,0.64,-0.23,0.64
112.48996496200562,1.0,-1.2000000000000002,-64.2,0.63,-0.22,0.64
112.49990749359131,1.1,-1.0,-64.60000000000001,0.61,-0.23,0.64
112.51065707206726,1.1,-1.2000000000000002,-64.5,0.61,-0.25,0.65
112.51978492736816,1.5,-1.4000000000000001,-64.2,0.65,-0.21,0.64
112.52977013587952,1.6,-0.9,-64.60000000000001,0.6,-0.19,0.64
112.54013133049011,1.5,-0.7000000000000001,-64.5,0.56,-0.19,0.64
112.5497579574585,1.2000000000000002,-1.0,-64.2,0.63,-0.24,0.64
112.55999445915222,1.4000000000000001,-0.5,-64.7,0.58,-0.21,0.65
112.57184886932373,1.6,-0.6000000000000001,-64.10000000000001,0.56,-0.19,0.64
112.58047652244568,1.6,-0.6000000000000001,-64.0,0.56,-0.2,0.65
112.59030652046204,1.7000000000000002,-0.8,-64.8,0.61,-0.19,0.63
112.59990549087524,1.1,-0.30000000000000004,-64.10000000000001,0.5700000000000001,-0.27,0.65
112.61079287528992,1.0,-0.9,-64.10000000000001,0.59,-0.24,0.63
112.6206784248352,1.8,-0.9,-64.3,0.59,-0.17,0.64
112.63060355186462,2.0,-0.8,-64.4,0.59,-0.14,0.63
112.63984322547913,1.7000000000000002,-0.7000000000000001,-64.2,0.59,-0.17,0.65
112.65102958679199,1.4000000000000001,-0.9,-64.3,0.61,-0.23,0.64
112.65981030464172,1.4000000000000001,-1.2000000000000002,-64.4,0.63,-0.23,0.65
112.6701807975769,1.6,-1.3,-64.4,0.63,-0.2,0.64
112.68072509765625,1.8,-1.2000000000000002,-64.4,0.62,-0.18,0.64
112.68981003761292,1.5,-1.1,-64.5,0.62,-0.21,0.64
112.69982147216797,1.2000000000000002,-1.3,-64.5,0.63,-0.23,0.65
112.71052193641663,1.2000000000000002,-1.4000000000000001,-64.60000000000001,0.65,-0.23,0.64
112.71989607810974,1.2000000000000002,-1.0,-64.3,0.62,-0.24,0.64
112.7303032875061,1.6,-0.9,-64.3,0.59,-0.21,0.65
112.73968863487244,1.7000000000000002,-0.9,-64.4,0.59,-0.19,0.63
112.75045871734619,1.5,-0.8,-64.7,0.6,-0.18,0.65
112.76020216941833,1.5,-0.8,-64.3,0.59,-0.21,0.64
112.77005672454834,1.7000000000000002,-0.9,-64.3,0.61,-0.19,0.64
112.78021502494812,1.7000000000000002,-0.9,-64.3,0.6,-0.19,0.64
112.79008412361145,1.7000000000000002,-0.9,-64.10000000000001,0.59,-0.19,0.64
112.79990720748901,1.5,-0.9,-64.10000000000001,0.59,-0.19,0.64
112.81007695198059,1.5,-0.9,-64.2,0.6,-0.2,0.64
112.8200216293335,1.7000000000000002,-1.0,-64.2,0.6,-0.17,0.64
112.8297975063324,1.7000000000000002,-0.9,-64.3,0.59,-0.18,0.64
112.83975481987,1.6,-1.0,-64.2,0.59,-0.19,0.64
112.85052680969238,1.5,-1.1,-64.2,0.61,-0.21,0.64
112.86080241203308,1.8,-1.2000000000000002,-64.3,0.62,-0.17,0.65
112.86982107162476,1.8,-0.7000000000000001,-64.4,0.59,-0.18,0.64
112.88122510910034,1.4000000000000001,-1.1,-64.5,0.61,-0.2,0.65
112.88993573188782,1.3,-1.4000000000000001,-64.4,0.65,-0.25,0.64
112.8998920917511,1.4000000000000001,-1.6,-64.7,0.66,-0.2,0.65
112.90988111495972,1.8,-0.9,-64.60000000000001,0.6,-0.16,0.64
112.91991758346558,1.7000000000000002,-1.0,-64.2,0.61,-0.2,0.65
112.93002557754517,1.7000000000000002,-1.3,-64.5,0.63,-0.2,0.64
112.93972420692444,1.8,-1.3,-64.3,0.64,-0.16,0.63
112.9513828754425,1.6,-1.3,-64.3,0.63,-0.19,0.64
112.9597659111023,1.4000000000000001,-1.1,-64.3,0.61,-0.25,0.64
112.96977996826172,1.8,-1.4000000000000001,-64.9,0.65,-0.15,0.63
112.98117089271545,1.4000000000000001,-1.2000000000000002,-64.2,0.61,-0.19,0.64
112.99076390266418,1.4000000000000001,-1.2000000000000002,-64.10000000000001,0.63,-0.24,0.65
113.00072693824768,1.8,-0.9,-65.0,0.6,-0.16,0.64
113.01069474220276,2.2,-0.8,-64.4,0.58,-0.13,0.64
113.02041292190552,1.7000000000000002,-0.8,-64.2,0.59,-0.17,0.65
113.02987384796143,1.4000000000000001,-0.7000000000000001,-64.5,0.58,-0.23,0.65
113.03989672660828,1.7000000000000002,-1.1,-64.3,0.62,-0.18,0.64
113.05031967163086,1.8,-0.7000000000000001,-64.4,0.5700000000000001,-0.16,0.64
113.05985045433044,1.8,-0.9,-64.5,0.6,-0.18,0.65
113.06976914405823,1.6,-0.9,-64.60000000000001,0.59,-0.17,0.64
113.0810546875,1.6,-1.2000000000000002,-64.60000000000001,0.62,-0.17,0.65
113.09029006958008,1.7000000000000002,-1.1,-64.3,0.62,-0.19,0.64
113.09988117218018,1.8,-1.3,-64.3,0.63,-0.18,0.64
113.10996890068054,1.8,-1.2000000000000002,-64.3,0.62,-0.16,0.64
113.1206226348877,1.7000000000000002,-1.3,-64.10000000000001,0.63,-0.18,0.64
113.12987875938416,1.6,-1.4000000000000001,-64.2,0.62,-0.21,0.64
113.13974809646606,2.1,-2.0,-64.4,0.6900000000000001,-0.14,0.63
113.15058422088623,2.1,-1.9000000000000001,-64.3,0.6900000000000001,-0.15,0.64
113.15995955467224,1.4000000000000001,-1.9000000000000001,-64.0,0.6900000000000001,-0.21,0.64
113.16983795166016,1.6,-1.5,-64.2,0.65,-0.19,0.65
113.18005967140198,2.1,-1.0,-64.5,0.59,-0.15,0.64
113.1908016204834,1.9000000000000001,-1.3,-64.4,0.61,-0.17,0.64
113.20009231567383,1.7000000000000002,-1.2000000000000002,-64.4,0.62,-0.17,0.64
113.20998859405518,1.8,-1.0,-64.5,0.61,-0.17,0.64
113.22062683105469,1.5,-0.8,-64.60000000000001,0.58,-0.19,0.65
113.23106575012207,1.6,-0.6000000000000001,-64.60000000000001,0.56,-0.21,0.64
113.24000787734985,2.0,-0.6000000000000001,-64.5,0.5700000000000001,-0.16,0.63
113.25001287460327,1.8,-0.9,-64.8,0.61,-0.15,0.64
113.26103925704956,1.4000000000000001,-0.7000000000000001,-64.4,0.5700000000000001,-0.21,0.63
113.27071571350098,1.5,-1.2000000000000002,-64.5,0.62,-0.22,0.64
113.27981925010681,1.9000000000000001,-1.1,-64.7,0.64,-0.16,0.63
113.29022359848022,1.9000000000000001,-0.9,-64.3,0.59,-0.17,0.64
113.30068874359131,1.7000000000000002,-1.5,-64.3,0.63,-0.18,0.64
113.31085968017578,1.9000000000000001,-1.9000000000000001,-64.4,0.6900000000000001,-0.18,0.64
113.31996870040894,2.3000000000000003,-1.6,-64.3,0.68,-0.14,0.63
113.33005666732788,2.2,-1.3,-64.2,0.62,-0.14,0.64
113.33981394767761,2.1,-1.6,-64.2,0.65,-0.15,0.64
113.35054397583008,2.0,-1.5,-64.3,0.63,-0.15,0.64
113.36076760292053,2.2,-2.0,-64.2,0.6900000000000001,-0.14,0.64
113.37004351615906,2.3000000000000003,-1.5,-64.3,0.65,-0.11,0.63
113.37987470626831,2.1,-1.4000000000000001,-64.3,0.64,-0.14,0.65
113.38992977142334,1.7000000000000002,-1.3,-64.4,0.63,-0.18,0.64
113.40066313743591,1.7000000000000002,-1.3,-64.4,0.63,-0.18,0.65
113.4106457233429,2.5,-1.1,-64.3,0.62,-0.11,0.64
113.42062258720398,2.3000000000000003,-0.7000000000000001,-64.5,0.59,-0.11,0.63
113.43078947067261,1.8,-0.4,-64.4,0.56,-0.17,0.65
113.43985366821289,1.5,-0.9,-64.3,0.59,-0.21,0.64
113.44975328445435,1.6,-0.9,-64.3,0.6,-0.21,0.64
113.46039247512817,1.6,-0.9,-64.8,0.61,-0.17,0.64
113.46997475624084,1.9000000000000001,-1.1,-64.4,0.61,-0.16,0.64
113.47988557815552,2.3000000000000003,-1.0,-64.60000000000001,0.59,-0.13,0.65
113.49012780189514,1.9000000000000001,-1.4000000000000001,-64.60000000000001,0.62,-0.16,0.63
113.50053930282593,1.5,-1.7000000000000002,-64.4,0.67,-0.23,0.65
113.50981497764587,1.9000000000000001,-1.7000000000000002,-64.5,0.66,-0.18,0.64
113.51993727684021,2.3000000000000003,-1.6,-64.60000000000001,0.67,-0.11,0.63
113.52985954284668,1.8,-1.6,-64.3,0.64,-0.18,0.64
113.5398199558258,2.0,-1.5,-64.4,0.64,-0.18,0.64
113.54989814758301,2.3000000000000003,-1.9000000000000001,-64.5,0.67,-0.14,0.64
113.56121492385864,2.4000000000000004,-2.0,-64.4,0.68,-0.11,0.64
113.5698652267456,2.2,-1.6,-64.60000000000001,0.65,-0.13,0.63
113.58066010475159,1.8,-2.0,-65.0,0.72,-0.15,0.64
113.59072637557983,2.0,-0.8,-64.5,0.6,-0.17,0.64
113.60078454017639,2.6,-1.0,-64.5,0.6,-0.14,0.64
113.61002254486084,2.7,-1.0,-64.4,0.59,-0.06,0.63
113.61971640586853,2.4000000000000004,-0.8,-64.4,0.58,-0.09,0.63
113.63022375106812,2.1,-1.1,-64.2,0.62,-0.18,0.65
113.63990092277527,1.6,-1.1,-64.4,0.62,-0.19,0.63
113.64975833892822,2.4000000000000004,-1.1,-64.5,0.61,-0.13,0.65
113.66064620018005,2.5,-0.6000000000000001,-64.5,0.56,-0.11,0.63
113.67083621025085,1.9000000000000001,-1.0,-64.2,0.61,-0.16,0.65
113.67982721328735,2.1,-0.8,-64.4,0.5700000000000001,-0.14,0.64
113.69013452529907,2.5,-1.4000000000000001,-64.3,0.64,-0.13,0.64
113.69999837875366,1.9000000000000001,-1.5,-64.2,0.63,-0.16,0.63
113.70989441871643,2.0,-2.0,-64.60000000000001,0.68,-0.16,0.65
113.71974492073059,2.5,-1.9000000000000001,-64.7,0.6900000000000001,-0.13,0.64
113.72987985610962,2.3000000000000003,-2.2,-64.4,0.7000000000000001,-0.12,0.64
113.74035215377808,2.0,-1.9000000000000001,-64.5,0.67,-0.13,0.64
113.75024175643921,2.3000000000000003,-1.9000000000000001,-65.0,0.66,-0.13,0.64
113.76003170013428,2.1,-2.5,-64.9,0.72,-0.14,0.64
113.77045941352844,2.0,-1.6,-64.60000000000001,0.68,-0.15,0.64
113.77995228767395,2.4000000000000004,-1.6,-64.7,0.66,-0.15,0.64
113.790118932724,2.6,-1.3,-64.8,0.61,-0.09,0.63
113.799973487854,2.4000000000000004,-1.4000000000000001,-64.5,0.63,-0.1,0.64
113.80996322631836,2.1,-1.3,-64.3,0.63,-0.15,0.64
113.8196668624878,1.8,-1.0,-64.5,0.6,-0.19,0.64
113.83028078079224,1.9000000000000001,-1.1,-64.60000000000001,0.6,-0.18,0.64
113.84025192260742,2.1,-1.0,-64.3,0.59,-0.18,0.64
113.84986209869385,2.3000000000000003,-0.8,-64.60000000000001,0.5700000000000001,-0.12,0.63
113.86026287078857,2.6,-0.6000000000000001,-64.5,0.56,-0.1,0.64
113.87032222747803,2.1,-0.8,-64.2,0.58,-0.15,0.64
113.87982487678528,2.2,-1.2000000000000002,-64.4,0.6,-0.16,0.65
113.88983273506165,2.6,-1.7000000000000002,-64.8,0.66,-0.09,0.63
113.89996767044067,2.9000000000000004,-2.0,-64.4,0.72,-0.09,0.63
113.91013026237488,2.4000000000000004,-1.7000000000000002,-64.60000000000001,0.66,-0.11,0.64
113.91980981826782,2.4000000000000004,-1.8,-64.8,0.66,-0.11,0.64
113.92992758750916,2.6,-1.8,-64.60000000000001,0.66,-0.11,0.64
113.93993544578552,2.6,-2.0,-64.5,0.7000000000000001,-0.11,0.63
113.9503276348114,3.0,-2.1,-64.8,0.7000000000000001,-0.08,0.63
113.96114706993103,2.8000000000000003,-2.1,-64.5,0.6900000000000001,-0.09,0.63
113.96977615356445,2.4000000000000004,-1.8,-64.60000000000001,0.68,-0.11,0.63
113.98018455505371,2.2,-1.8,-65.2,0.6900000000000001,-0.12,0.65
113.98997569084167,2.1,-1.5,-64.5,0.63,-0.17,0.64
114.00010538101196,2.6,-1.3,-64.7,0.63,-0.11,0.64
114.01037335395813,2.5,-1.0,-64.8,0.58,-0.07,0.63
114.02002286911011,2.3000000000000003,-0.9,-64.9,0.58,-0.12,0.64
114.03042936325073,2.0,-1.0,-64.60000000000001,0.6,-0.18,0.64
114.03984808921814,1.7000000000000002,-0.9,-64.4,0.58,-0.2,0.64
114.05029845237732,2.0,-1.3,-64.7,0.63,-0.15,0.64
114.06039118766785,2.3000000000000003,-1.0,-64.7,0.59,-0.14,0.64
114.07025194168091,2.4000000000000004,-0.9,-64.7,0.58,-0.13,0.64
114.08031988143921,2.4000000000000004,-1.4000000000000001,-64.60000000000001,0.62,-0.1,0.64
114.09023857116699,2.5,-1.7000000000000002,-64.9,0.66,-0.12,0.64
114.09989333152771,2.3000000000000003,-1.9000000000000001,-64.60000000000001,0.6900000000000001,-0.11,0.64
114.10982728004456,2.5,-1.9000000000000001,-64.8,0.68,-0.12,0.64
114.1200737953186,2.7,-2.1,-65.0,0.6900000000000001,-0.08,0.64
114.12992882728577,2.9000000000000004,-2.2,-64.7,0.71,-0.07,0.64
114.13973641395569,3.0,-2.3000000000000003,-64.8,0.71,-0.05,0.64
114.15035009384155,2.8000000000000003,-2.0,-64.9,0.6900000000000001,-0.06,0.64
114.16002774238586,2.6,-2.0,-64.60000000000001,0.6900000000000001,-0.11,0.63
114.16993546485901,3.0,-1.7000000000000002,-64.60000000000001,0.68,-0.06,0.64
114.17985010147095,3.1,-1.5,-64.5,0.64,-0.06,0.63
114.19033074378967,2.9000000000000004,-1.5,-64.60000000000001,0.63,-0.09,0.64
114.20055651664734,2.4000000000000004,-1.4000000000000001,-64.5,0.63,-0.11,0.63
114.20977354049683,2.5,-0.9,-64.5,0.61,-0.13,0.64
114.21982192993164,2.6,-1.0,-64.5,0.6,-0.12,0.63
114.23029661178589,2.5,-1.1,-64.7,0.6,-0.13,0.63
114.23976922035217,2.3000000000000003,-0.8,-64.60000000000001,0.58,-0.13,0.64
114.2500388622284,2.7,-0.8,-64.8,0.56,-0.08,0.64
114.26109528541565,2.4000000000000004,-0.9,-64.8,0.58,-0.12,0.64
114.26988911628723,2.4000000000000004,-1.4000000000000001,-64.9,0.65,-0.15,0.64
114.28012347221375,2.5,-1.8,-65.0,0.68,-0.11,0.63
114.2907543182373,2.8000000000000003,-1.7000000000000002,-65.10000000000001,0.66,-0.09,0.63
114.30100679397583,2.7,-2.0,-64.7,0.6900000000000001,-0.11,0.64
114.309814453125,2.9000000000000004,-1.9000000000000001,-65.0,0.67,-0.09,0.64
114.31972527503967,2.9000000000000004,-2.2,-65.2,0.71,-0.04,0.64
114.3300518989563,2.8000000000000003,-2.5,-64.9,0.72,-0.09,0.63
114.33974432945251,2.9000000000000004,-2.4000000000000004,-64.9,0.73,-0.09,0.63
114.35016202926636,3.2,-2.1,-65.0,0.6900000000000001,-0.04,0.64
114.36072254180908,2.7,-2.1,-64.9,0.68,-0.08,0.63
114.37068128585815,2.8000000000000003,-2.1,-64.8,0.7000000000000001,-0.1,0.64
114.3798234462738,2.9000000000000004,-1.9000000000000001,-64.8,0.68,-0.08,0.63
114.38988471031189,2.7,-1.5,-64.7,0.65,-0.09,0.64
114.40021896362305,2.3000000000000003,-1.1,-64.7,0.59,-0.13,0.63
114.410724401474,2.7,-1.0,-64.8,0.58,-0.11,0.64
114.42046809196472,3.3000000000000003,-0.8,-64.9,0.5700000000000001,-0.03,0.64
114.43028259277344,2.7,-0.9,-64.7,0.58,-0.06,0.63
114.44005489349365,2.1,-0.9,-64.7,0.61,-0.16,0.65
114.45000433921814,2.3000000000000003,-1.5,-64.5,0.65,-0.15,0.64
114.46066951751709,2.8000000000000003,-1.4000000000000001,-64.9,0.6,-0.06,0.63
114.47071838378906,3.3000000000000003,-1.5,-64.9,0.64,-0.02,0.63
114.4802815914154,3.0,-1.2000000000000002,-65.0,0.61,-0.07,0.64
114.49013471603394,2.9000000000000004,-1.9000000000000001,-64.7,0.67,-0.09,0.64
114.50060820579529,3.1,-2.3000000000000003,-64.60000000000001,0.72,-0.07,0.63
114.51008582115173,3.1,-2.2,-64.7,0.6900000000000001,-0.06,0.63
114.5197982788086,3.3000000000000003,-2.3000000000000003,-64.8,0.71,-0.06,0.63
114.53006553649902,3.4000000000000004,-2.4000000000000004,-64.9,0.7000000000000001,-0.03,0.63
114.53985023498535,3.3000000000000003,-2.7,-64.60000000000001,0.74,-0.06,0.63
114.5498993396759,3.2,-2.0,-64.9,0.68,-0.05,0.63
114.5598714351654,2.8000000000000003,-1.8,-64.8,0.66,-0.09,0.64
114.57091355323792,2.7,-2.0,-65.0,0.67,-0.11,0.63
114.57988333702087,3.1,-1.7000000000000002,-65.0,0.65,-0.06,0.64
114.59024548530579,3.0,-1.1,-64.60000000000001,0.6,-0.07,0.63
114.59983730316162,2.4000000000000004,-1.0,-65.10000000000001,0.58,-0.12,0.64
114.61016631126404,2.6,-1.3,-65.10000000000001,0.6,-0.11,0.64
114.61975240707397,2.8000000000000003,-1.4000000000000001,-65.10000000000001,0.62,-0.09,0.64
114.62980818748474,2.5,-1.0,-65.10000000000001,0.6,-0.1,0.63
114.64011788368225,2.3000000000000003,-1.0,-65.0,0.6,-0.14,0.64
114.65069937705994,2.6,-1.0,-64.9,0.59,-0.12,0.64
114.65974712371826,3.2,-1.5,-65.10000000000001,0.63,-0.03,0.63
114.67044377326965,3.3000000000000003,-1.6,-65.0,0.66,-0.02,0.63
114.6805624961853,2.9000000000000004,-1.7000000000000002,-64.7,0.67,-0.11,0.64
114.68978595733643,3.1,-2.0,-65.0,0.67,-0.05,0.64
114.6998381614685,3.8000000000000003,-2.3000000000000003,-64.8,0.71,-0.0,0.63
114.70989155769348,3.7,-2.4000000000000004,-64.9,0.6900000000000001,-0.0,0.63
114.71979475021362,3.4000000000000004,-2.8000000000000003,-64.60000000000001,0.74,-0.05,0.63
114.72992730140686,3.4000000000000004,-2.5,-64.9,0.73,-0.02,0.63
114.7404510974884,3.5,-2.1,-64.9,0.68,-0.02,0.63
114.74980854988098,3.4000000000000004,-2.3000000000000003,-64.7,0.6900000000000001,-0.03,0.64
114.75987696647644,3.5,-2.0,-64.7,0.68,-0.04,0.63
114.77023029327393,3.2,-2.2,-65.10000000000001,0.6900000000000001,-0.05,0.63
114.78003311157227,3.2,-1.6,-64.7,0.65,-0.04,0.64
114.7900824546814,3.1,-1.2000000000000002,-65.10000000000001,0.6,-0.05,0.64
114.79978466033936,2.7,-1.0,-64.9,0.59,-0.09,0.64
114.81044936180115,2.5,-0.8,-65.0,0.58,-0.11,0.64
114.81991028785706,2.5,-1.1,-65.0,0.63,-0.12,0.64
114.82983040809631,2.8000000000000003,-0.6000000000000001,-64.9,0.56,-0.08,0.64
114.84037804603577,2.9000000000000004,-0.8,-65.4,0.56,-0.04,0.64
114.84990429878235,2.8000000000000003,-1.9000000000000001,-65.10000000000001,0.67,-0.09,0.63
114.85993194580078,3.2,-1.8,-65.2,0.67,-0.08,0.64
114.87047243118286,3.2,-1.5,-65.2,0.64,-0.04,0.63
114.88053774833679,3.2,-2.2,-65.10000000000001,0.68,-0.05,0.64
114.88994574546814,3.4000000000000004,-2.3000000000000003,-65.0,0.7000000000000001,-0.05,0.63
114.89990401268005,3.4000000000000004,-2.7,-65.2,0.73,-0.02,0.63
114.91077613830566,3.4000000000000004,-2.6,-64.8,0.73,-0.05,0.64
114.91988468170166,3.5,-2.8000000000000003,-65.10000000000001,0.74,-0.01,0.63
114.92978262901306,3.9000000000000004,-2.4000000000000004,-65.0,0.72,-0.0,0.64
114.93996453285217,3.7,-2.4000000000000004,-65.0,0.6900000000000001,-0.0,0.64
114.9499340057373,3.2,-2.3000000000000003,-64.9,0.7000000000000001,-0.04,0.63
114.95974946022034,3.6,-2.0,-64.9,0.6900000000000001,-0.01,0.64
114.97012066841125,3.7,-1.3,-65.0,0.62,-0.0,0.63
114.98041987419128,3.0,-1.2000000000000002,-64.7,0.62,-0.06,0.64
114.99001455307007,2.8000000000000003,-0.8,-65.10000000000001,0.58,-0.07,0.64
114.99985790252686,3.1,-1.1,-65.0,0.6,-0.06,0.64
115.01013326644897,3.0,-1.0,-65.0,0.6,-0.06,0.64
115.0205945968628,2.9000000000000004,-1.1,-65.0,0.61,-0.07,0.64
115.02986931800842,3.3000000000000003,-1.0,-65.10000000000001,0.59,-0.04,0.63
115.03987884521484,3.4000000000000004,-1.3,-65.10000000000001,0.61,-0.02,0.64
115.05125999450684,3.4000000000000004,-1.5,-65.10000000000001,0.63,-0.03,0.63
115.05974054336548,3.3000000000000003,-2.0,-65.0,0.68,-0.05,0.63
115.0700991153717,3.5,-2.0,-64.5,0.71,-0.05,0.64
115.08067440986633,3.6,-2.1,-65.2,0.67,-0.01,0.63
115.09063863754272,3.7,-2.4000000000000004,-64.8,0.7000000000000001,-0.01,0.63
115.09988307952881,4.0,-2.8000000000000003,-65.0,0.74,-0.0,0.64
115.11029720306396,4.1000000000000005,-2.6,-64.8,0.72,0.04,0.62
115.12025690078735,3.9000000000000004,-2.5,-65.3,0.71,-0.0,0.64
115.12977266311646,3.3000000000000003,-2.6,-65.0,0.73,-0.05,0.64
115.13971304893494,3.5,-2.5,-64.9,0.71,-0.04,0.64
115.14989876747131,3.5,-2.3000000000000003,-65.3,0.7000000000000001,-0.0,0.62
115.15978479385376,3.6,-1.6,-65.3,0.65,-0.01,0.64
115.16998314857483,3.4000000000000004,-1.5,-65.2,0.62,-0.03,0.64
115.18040680885315,2.8000000000000003,-1.5,-65.3,0.64,-0.09,0.64
115.19024538993835,2.9000000000000004,-1.3,-65.2,0.63,-0.1,0.64
115.19980072975159,3.4000000000000004,-1.1,-65.4,0.61,-0.01,0.63
115.21021866798401,3.2,-0.8,-65.3,0.5700000000000001,-0.03,0.64
115.2208788394928,3.0,-1.2000000000000002,-65.4,0.6,-0.08,0.64
115.2306718826294,3.5,-1.4000000000000001,-65.2,0.62,-0.01,0.63
115.24068999290466,3.6,-1.4000000000000001,-65.2,0.62,-0.01,0.63
115.24993419647217,3.3000000000000003,-1.8,-65.2,0.66,-0.05,0.64
115.2598991394043,3.2,-2.0,-65.0,0.67,-0.07,0.63
115.27001905441284,3.8000000000000003,-2.4000000000000004,-65.2,0.7000000000000001,-0.0,0.63
115.28128623962402,4.0,-2.3000000000000003,-65.0,0.71,0.02,0.63
115.29069781303406,4.2,-1.9000000000000001,-65.3,0.67,0.06,0.64
115.3007504940033,4.3,-2.2,-64.4,0.7000000000000001,0.04,0.64
115.31072354316711,4.2,-2.8000000000000003,-64.9,0.74,0.03,0.63
115.32003474235535,3.9000000000000004,-2.8000000000000003,-64.60000000000001,0.75,-0.0,0.63
115.32994771003723,3.9000000000000004,-2.5,-65.0,0.73,-0.0,0.64
115.33983969688416,4.1000000000000005,-2.2,-65.2,0.68,0.04,0.63
115.35015296936035,4.0,-1.9000000000000001,-64.9,0.66,0.02,0.64
115.36006236076355,3.6,-1.6,-65.2,0.64,-0.01,0.63
115.36987781524658,3.4000000000000004,-1.4000000000000001,-64.8,0.63,-0.01,0.64
115.38107943534851,3.4000000000000004,-1.0,-65.3,0.6,-0.02,0.64
115.39042448997498,3.2,-1.5,-65.3,0.63,-0.07,0.64
115.39992451667786,3.5,-0.9,-65.60000000000001,0.6,-0.02,0.63
115.40987420082092,3.5,-0.7000000000000001,-65.4,0.56,-0.01,0.64
115.41979241371155,3.0,-1.2000000000000002,-65.2,0.59,-0.07,0.63
115.43013191223145,3.3000000000000003,-1.7000000000000002,-65.60000000000001,0.64,-0.06,0.64
115.43980193138123,3.8000000000000003,-2.0,-65.5,0.68,-0.0,0.63
115.45023560523987,4.0,-1.9000000000000001,-65.5,0.66,0.02,0.63
115.46088290214539,3.6,-1.9000000000000001,-65.4,0.66,-0.03,0.63
115.4700403213501,3.5,-2.2,-65.2,0.66,-0.02,0.64
115.481036901474,4.0,-2.4000000000000004,-65.3,0.71,0.02,0.63
115.49080467224121,4.1000000000000005,-2.6,-65.0,0.72,0.03,0.63
115.49980688095093,4.2,-2.9000000000000004,-65.2,0.77,0.02,0.64
115.50985980033875,4.3,-3.0,-65.2,0.77,0.04,0.63
115.51981401443481,4.2,-2.5,-65.10000000000001,0.71,0.04,0.63
115.52987718582153,4.2,-2.5,-65.10000000000001,0.72,0.03,0.64
115.53973770141602,4.1000000000000005,-2.2,-65.3,0.6900000000000001,0.05,0.63
115.55114459991455,3.8000000000000003,-1.8,-65.0,0.66,0.01,0.64
115.56045985221863,3.6,-1.6,-65.3,0.65,-0.01,0.63
115.56995058059692,3.6,-1.4000000000000001,-65.3,0.63,-0.02,0.64
115.57984018325806,3.6,-1.2000000000000002,-65.4,0.61,-0.01,0.63
115.58991813659668,3.4000000000000004,-1.1,-65.3,0.59,-0.05,0.64
115.6008710861206,3.6,-0.9,-65.7,0.5700000000000001,-0.02,0.63
115.6107406616211,4.0,-1.0,-65.5,0.5700000000000001,0.03,0.63
115.62081456184387,3.9000000000000004,-0.8,-65.3,0.56,0.01,0.64
115.63074350357056,3.5,-1.5,-65.2,0.62,-0.03,0.64
115.64071536064148,3.4000000000000004,-2.1,-65.0,0.6900000000000001,-0.05,0.64
115.65030527114868,3.7,-2.1,-65.4,0.7000000000000001,-0.0,0.63
115.65998816490173,4.1000000000000005,-1.7000000000000002,-65.4,0.64,0.02,0.64
115.67026686668396,4.3,-2.0,-65.10000000000001,0.65,0.06,0.64
115.67984557151794,4.4,-2.6,-65.10000000000001,0.71,0.05,0.63
115.69095540046692,4.3,-2.7,-65.3,0.73,0.05,0.64
115.70018196105957,4.6000000000000005,-3.1,-65.3,0.79,0.07,0.63
115.71012830734253,4.4,-2.8000000000000003,-64.9,0.76,0.06,0.64
115.71981906890869,4.3,-2.4000000000000004,-65.2,0.71,0.04,0.64
115.73017382621765,3.9000000000000004,-2.2,-65.3,0.6900000000000001,0.03,0.64
115.7398521900177,4.2,-2.5,-65.5,0.71,0.04,0.63
115.75005340576172,4.5,-2.3000000000000003,-65.7,0.7000000000000001,0.07,0.63
115.76096105575562,4.0,-1.6,-65.7,0.63,0.01,0.64
115.77029013633728,3.5,-1.4000000000000001,-65.5,0.62,-0.01,0.63
115.78019523620605,3.6,-1.6,-65.60000000000001,0.64,-0.02,0.64
115.78989291191101,3.7,-1.3,-65.7,0.61,-0.01,0.63
115.79996085166931,3.5,-1.1,-65.60000000000001,0.59,-0.03,0.63
115.80993175506592,3.4000000000000004,-1.0,-65.4,0.59,-0.04,0.64
115.82016682624817,3.7,-1.1,-65.5,0.58,-0.0,0.63
115.83001804351807,3.9000000000000004,-1.4000000000000001,-65.60000000000001,0.6,0.02,0.64
115.83981037139893,4.2,-1.8,-65.3,0.65,0.03,0.63
115.84981608390808,4.0,-2.1,-65.4,0.68,0.01,0.63
115.86023926734924,3.9000000000000004,-2.1,-65.4,0.7000000000000001,0.01,0.63
115.87096619606018,4.2,-2.0,-65.10000000000001,0.66,0.03,0.63
115.87991046905518,4.800000000000001,-2.2,-65.4,0.6900000000000001,0.1,0.63
115.88992428779602,4.9,-2.5,-65.2,0.71,0.11,0.63
115.90069508552551,4.5,-2.9000000000000004,-65.0,0.75,0.08,0.63
115.91073536872864,4.5,-3.1,-65.5,0.78,0.06,0.63
115.92089247703552,4.9,-2.8000000000000003,-65.10000000000001,0.76,0.1,0.64
115.93066787719727,4.800000000000001,-2.3000000000000003,-65.5,0.7000000000000001,0.11,0.62
115.94060969352722,4.5,-2.1,-65.2,0.68,0.06,0.64
115.95005297660828,4.3,-2.0,-65.3,0.67,0.02,0.63
115.95988655090332,4.2,-2.1,-65.5,0.6900000000000001,0.05,0.63
115.97024464607239,4.0,-1.4000000000000001,-65.7,0.62,0.01,0.63
115.97998404502869,3.9000000000000004,-1.1,-65.60000000000001,0.59,-0.0,0.63
115.99063086509705,4.0,-1.0,-65.8,0.58,0.03,0.64
115.99992561340332,3.8000000000000003,-1.3,-65.60000000000001,0.6,-0.0,0.63
116.0101854801178,3.7,-0.9,-65.8,0.58,-0.02,0.64
116.0206995010376,3.6,-1.4000000000000001,-65.8,0.62,-0.01,0.63
116.03006744384766,3.9000000000000004,-1.0,-65.7,0.59,-0.0,0.63
116.03975129127502,4.2,-1.5,-65.5,0.61,0.04,0.63
116.05026769638062,4.2,-1.9000000000000001,-65.9,0.65,0.05,0.63
116.06055045127869,3.8000000000000003,-2.1,-65.60000000000001,0.6900000000000001,0.01,0.63
116.06971788406372,4.3,-2.2,-65.7,0.7000000000000001,0.04,0.63
116.08028793334961,4.5,-2.1,-65.60000000000001,0.68,0.07,0.64
116.09004855155945,4.6000000000000005,-2.9000000000000004,-65.5,0.75,0.08,0.63
116.09994339942932,4.9,-2.8000000000000003,-65.60000000000001,0.74,0.09,0.64
116.10989427566528,5.2,-3.0,-65.5,0.77,0.12,0.63
116.11998629570007,5.0,-3.0,-65.5,0.77,0.11,0.63
116.12982702255249,4.800000000000001,-3.0,-65.7,0.77,0.08,0.63
116.13969588279724,4.6000000000000005,-2.5,-65.60000000000001,0.73,0.09,0.63
116.15070509910583,4.6000000000000005,-2.2,-65.4,0.6900000000000001,0.07,0.64
116.16074991226196,4.5,-1.8,-65.7,0.64,0.07,0.63
116.16979575157166,4.5,-1.7000000000000002,-65.3,0.65,0.07,0.64
116.18128490447998,4.1000000000000005,-1.1,-65.60000000000001,0.6,0.04,0.63
116.1910412311554,3.7,-1.3,-65.8,0.63,-0.01,0.64
116.20093011856079,4.1000000000000005,-1.2000000000000002,-66.0,0.62,-0.0,0.64
116.21005034446716,4.3,-0.9,-65.8,0.6,0.05,0.63
116.21994042396545,4.3,-1.0,-64.9,0.5700000000000001,0.05,0.63
116.23097896575928,4.2,-0.9,-65.9,0.5700000000000001,0.02,0.63
116.23987412452698,4.4,-1.3,-65.7,0.61,0.03,0.64
116.24976539611816,4.4,-1.2000000000000002,-65.3,0.61,0.07,0.63
116.26065349578857,4.4,-1.8,-65.5,0.65,0.06,0.64
116.26981949806213,4.6000000000000005,-2.5,-65.60000000000001,0.74,0.05,0.63
116.27980709075928,4.7,-2.3000000000000003,-65.5,0.71,0.08,0.64
116.29016065597534,4.7,-2.1,-65.8,0.6900000000000001,0.09,0.62
116.30110120773315,4.7,-2.3000000000000003,-65.5,0.6900000000000001,0.06,0.64
116.30980396270752,5.1000000000000005,-3.0,-65.4,0.76,0.1,0.63
116.31990075111389,5.4,-2.9000000000000004,-65.4,0.75,0.15,0.63
116.3299708366394,5.300000000000001,-3.0,-65.60000000000001,0.77,0.15,0.63
116.33975148200989,4.9,-2.9000000000000004,-65.4,0.76,0.09,0.63
116.34990167617798,4.9,-2.8000000000000003,-65.8,0.72,0.09,0.64
116.3604187965393,4.6000000000000005,-2.4000000000000004,-65.7,0.6900000000000001,0.1,0.63
116.36989831924438,4.5,-2.1,-65.8,0.68,0.06,0.63
116.37997341156006,4.5,-1.8,-65.5,0.65,0.06,0.64
116.38986825942993,4.2,-1.6,-65.7,0.63,0.05,0.63
116.40027785301208,4.0,-1.3,-65.9,0.62,0.02,0.63
116.41002678871155,4.2,-1.0,-66.2,0.59,0.04,0.64
116.41979837417603,4.3,-0.9,-65.8,0.56,0.05,0.63
116.43067336082458,3.9000000000000004,-0.9,-65.8,0.58,0.02,0.64
116.4401490688324,4.1000000000000005,-1.6,-65.7,0.66,0.02,0.63
116.44980311393738,4.4,-1.0,-65.9,0.6,0.05,0.64
116.46020078659058,4.4,-1.4000000000000001,-66.0,0.61,0.06,0.63
116.47003102302551,4.7,-1.9000000000000001,-65.5,0.66,0.06,0.63
116.48013091087341,4.7,-2.0,-65.60000000000001,0.67,0.08,0.63
116.48995161056519,4.800000000000001,-2.2,-65.8,0.6900000000000001,0.12,0.63
116.49990797042847,5.2,-2.4000000000000004,-65.5,0.72,0.12,0.63
116.50985813140869,5.0,-2.7,-65.60000000000001,0.74,0.12,0.63
116.51968789100647,4.800000000000001,-2.5,-65.4,0.72,0.1,0.64
116.52992153167725,5.0,-2.7,-65.4,0.72,0.12,0.63
116.54015779495239,5.5,-2.7,-65.3,0.73,0.15,0.63
116.5498468875885,5.4,-2.8000000000000003,-65.4,0.73,0.16,0.63
116.5602798461914,5.300000000000001,-2.7,-65.60000000000001,0.74,0.15,0.63
116.56995129585266,4.9,-2.5,-65.3,0.72,0.11,0.63
116.57977986335754,4.800000000000001,-2.2,-65.5,0.7000000000000001,0.09,0.63
116.58985328674316,4.800000000000001,-2.1,-65.7,0.68,0.1,0.63
116.6000235080719,4.9,-1.7000000000000002,-65.5,0.66,0.11,0.63
116.61076283454895,4.7,-1.3,-65.7,0.62,0.09,0.64
116.61984658241272,4.5,-1.0,-66.10000000000001,0.58,0.06,0.64
116.62997579574585,4.5,-1.0,-66.0,0.59,0.06,0.63
116.64001369476318,4.3,-1.2000000000000002,-66.2,0.61,0.04,0.63
116.64978408813477,4.2,-1.4000000000000001,-66.10000000000001,0.63,0.02,0.63
116.6601312160492,4.3,-1.2000000000000002,-66.60000000000001,0.6,0.05,0.64
116.67023491859436,4.7,-1.1,-65.9,0.6,0.06,0.64
116.67999529838562,4.5,-1.2000000000000002,-66.3,0.58,0.08,0.63
116.68994355201721,4.800000000000001,-1.9000000000000001,-66.3,0.67,0.09,0.64
116.70022940635681,4.800000000000001,-2.1,-65.8,0.6900000000000001,0.08,0.63
116.70991230010986,4.800000000000001,-2.4000000000000004,-65.8,0.71,0.1,0.64
116.7196774482727,5.0,-2.5,-66.0,0.72,0.12,0.63
116.73002195358276,5.4,-2.8000000000000003,-65.7,0.76,0.14,0.63
116.74082517623901,5.2,-2.5,-65.5,0.72,0.14,0.63
116.7499098777771,5.1000000000000005,-2.2,-66.0,0.6900000000000001,0.13,0.64
116.75969791412354,5.5,-2.5,-65.4,0.7000000000000001,0.15,0.64
116.77030348777771,5.5,-3.1,-65.60000000000001,0.77,0.17,0.62
116.78039813041687,5.300000000000001,-3.0,-65.3,0.78,0.13,0.64
116.79051423072815,5.4,-2.6,-65.9,0.74,0.14,0.64
116.80074715614319,5.300000000000001,-2.0,-65.7,0.67,0.16,0.63
116.81037282943726,5.2,-1.9000000000000001,-65.7,0.66,0.13,0.64
116.81984496116638,5.1000000000000005,-1.7000000000000002,-65.8,0.65,0.1,0.63
116.83015275001526,5.0,-1.6,-65.8,0.64,0.1,0.63
116.83998537063599,4.7,-1.6,-65.8,0.65,0.09,0.63
116.8498420715332,4.5,-0.9,-66.10000000000001,0.58,0.07,0.63
116.86000108718872,4.6000000000000005,-1.0,-66.0,0.58,0.08,0.64
116.87057113647461,4.6000000000000005,-0.9,-65.9,0.58,0.08,0.63
116.88017463684082,4.6000000000000005,-1.0,-65.9,0.58,0.06,0.64
116.89065504074097,4.9,-1.2000000000000002,-65.7,0.61,0.1,0.63
116.90068411827087,4.7,-1.4000000000000001,-66.10000000000001,0.63,0.09,0.63
116.90997242927551,4.7,-1.5,-65.9,0.64,0.08,0.63
116.91991877555847,4.9,-1.7000000000000002,-65.9,0.63,0.1,0.64
116.92989683151245,5.1000000000000005,-2.2,-65.9,0.68,0.12,0.63
116.940584897995,5.2,-2.2,-65.5,0.71,0.12,0.63
116.94999599456787,5.6000000000000005,-2.5,-65.9,0.72,0.17,0.64
116.96074366569519,5.7,-2.1,-65.60000000000001,0.68,0.18,0.63
116.97072958946228,5.5,-2.8000000000000003,-65.9,0.74,0.16,0.63
116.97984600067139,5.4,-2.9000000000000004,-65.9,0.76,0.14,0.63
116.99003529548645,5.4,-2.9000000000000004,-65.9,0.76,0.15,0.63
117.0002384185791,5.1000000000000005,-2.7,-65.8,0.73,0.13,0.63
117.01008534431458,5.300000000000001,-2.4000000000000004,-66.2,0.7000000000000001,0.13,0.63
117.01983880996704,5.800000000000001,-2.3000000000000003,-65.7,0.6900000000000001,0.18,0.64
117.02972054481506,5.7,-2.3000000000000003,-66.10000000000001,0.7000000000000001,0.19,0.62
117.0408308506012,5.0,-2.2,-66.10000000000001,0.72,0.12,0.63
117.05004239082336,4.7,-1.7000000000000002,-66.10000000000001,0.67,0.09,0.64
117.05974864959717,4.800000000000001,-1.0,-65.8,0.58,0.09,0.64
117.07091784477234,5.0,-1.6,-66.2,0.62,0.12,0.63
117.08093214035034,5.0,-1.8,-66.0,0.66,0.11,0.63
117.09065794944763,4.7,-0.9,-66.0,0.59,0.09,0.64
117.10078239440918,4.800000000000001,-0.7000000000000001,-66.3,0.56,0.1,0.64
117.11059784889221,4.9,-1.2000000000000002,-66.2,0.61,0.08,0.64
117.11977434158325,4.9,-1.5,-65.9,0.64,0.09,0.63
117.12977647781372,5.0,-1.4000000000000001,-65.9,0.63,0.13,0.63
117.14001250267029,5.4,-1.7000000000000002,-65.8,0.66,0.15,0.63
117.1498806476593,5.1000000000000005,-1.4000000000000001,-65.7,0.63,0.13,0.63
117.15978598594666,5.1000000000000005,-1.5,-65.7,0.62,0.13,0.64
117.17085862159729,5.4,-1.9000000000000001,-65.7,0.67,0.16,0.63
117.17982292175293,5.300000000000001,-2.5,-65.9,0.73,0.13,0.64
117.18987727165222,5.6000000000000005,-2.6,-65.8,0.73,0.16,0.63
117.1998598575592,5.800000000000001,-2.8000000000000003,-65.9,0.76,0.2,0.63
117.20993113517761,5.7,-2.5,-66.0,0.73,0.17,0.64
117.21997809410095,5.5,-2.2,-66.10000000000001,0.68,0.17,0.64
117.22991156578064,5.7,-2.3000000000000003,-65.8,0.68,0.18,0.63
117.24082136154175,5.7,-2.6,-65.8,0.73,0.17,0.63
117.2498619556427,5.300000000000001,-2.4000000000000004,-66.0,0.73,0.15,0.63
117.25978922843933,5.4,-1.9000000000000001,-65.9,0.66,0.14,0.64
117.27059555053711,5.6000000000000005,-2.0,-66.0,0.67,0.16,0.63
117.28071284294128,5.300000000000001,-1.8,-66.0,0.66,0.15,0.63
117.28983616828918,5.300000000000001,-1.6,-66.4,0.64,0.14,0.64
117.2998595237732,5.2,-1.6,-66.3,0.64,0.14,0.63
117.30989933013916,5.0,-2.0,-65.5,0.6900000000000001,0.1,0.63
117.32003283500671,4.9,-1.5,-66.3,0.65,0.1,0.63
117.32997369766235,5.2,-1.2000000000000002,-66.3,0.61,0.15,0.63
117.34030961990356,5.4,-0.8,-66.2,0.5700000000000001,0.15,0.63
117.35027074813843,5.2,-1.3,-66.5,0.61,0.13,0.64
117.35982823371887,5.1000000000000005,-1.6,-66.0,0.66,0.11,0.63
117.37069797515869,4.800000000000001,-1.6,-66.0,0.65,0.08,0.64
117.37990307807922,5.1000000000000005,-1.7000000000000002,-66.10000000000001,0.66,0.13,0.63
117.38996601104736,5.5,-1.3,-65.9,0.61,0.16,0.63
117.39985585212708,5.800000000000001,-1.6,-66.0,0.63,0.19,0.64
117.4098699092865,5.7,-2.1,-66.0,0.6900000000000001,0.19,0.63
117.42002296447754,5.5,-2.2,-65.7,0.6900000000000001,0.15,0.64
117.42978954315186,5.5,-2.4000000000000004,-66.10000000000001,0.72,0.16,0.63
117.4397976398468,5.5,-2.4000000000000004,-66.10000000000001,0.71,0.15,0.63
117.45023822784424,5.7,-2.5,-65.9,0.72,0.17,0.63
117.4597749710083,5.9,-2.3000000000000003,-65.8,0.71,0.2,0.63
117.47011232376099,5.800000000000001,-2.0,-66.10000000000001,0.66,0.2,0.63
117.4801971912384,5.6000000000000005,-2.0,-65.8,0.67,0.17,0.63
117.49043035507202,5.300000000000001,-2.2,-65.9,0.68,0.13,0.63
117.4998197555542,5.5,-2.4000000000000004,-66.2,0.73,0.15,0.63
117.51067090034485,5.6000000000000005,-1.9000000000000001,-65.7,0.67,0.17,0.63
117.52071237564087,5.6000000000000005,-1.8,-66.5,0.67,0.17,0.63
117.52986216545105,5.2,-1.3,-66.10000000000001,0.6,0.13,0.64
117.54002285003662,5.5,-1.6,-66.10000000000001,0.64,0.16,0.63
117.55027675628662,5.7,-2.0,-66.3,0.68,0.18,0.63
117.55998039245605,5.5,-1.9000000000000001,-66.3,0.68,0.16,0.63
117.57007622718811,5.4,-1.8,-66.2,0.67,0.16,0.63
117.5805242061615,5.4,-1.7000000000000002,-66.2,0.65,0.16,0.63
117.59065270423889,5.300000000000001,-1.6,-66.2,0.64,0.14,0.64
117.5999014377594,5.5,-1.5,-66.0,0.62,0.15,0.64
117.61073350906372,5.7,-1.7000000000000002,-65.9,0.65,0.18,0.63
117.61979150772095,5.5,-1.7000000000000002,-66.0,0.66,0.16,0.63
117.62986207008362,5.4,-1.4000000000000001,-66.0,0.63,0.15,0.64
117.63977122306824,5.7,-1.9000000000000001,-66.10000000000001,0.66,0.19,0.63
117.6503746509552,5.5,-1.6,-66.0,0.65,0.16,0.63
117.66074991226196,5.5,-1.9000000000000001,-66.3,0.67,0.15,0.64
117.67007112503052,5.7,-1.9000000000000001,-66.3,0.68,0.18,0.63
117.68066024780273,5.800000000000001,-1.9000000000000001,-66.10000000000001,0.67,0.19,0.64
117.69081115722656,5.800000000000001,-2.0,-66.2,0.6900000000000001,0.19,0.63
117.69985771179199,5.6000000000000005,-1.9000000000000001,-66.2,0.67,0.18,0.63
117.70992660522461,5.7,-1.9000000000000001,-66.3,0.68,0.18,0.63
117.71978664398193,5.6000000000000005,-2.0,-66.4,0.68,0.16,0.63
117.73011112213135,5.5,-2.1,-66.3,0.6900000000000001,0.15,0.63
117.73974871635437,5.5,-1.7000000000000002,-66.3,0.67,0.16,0.63
117.75016617774963,5.7,-1.8,-66.5,0.65,0.17,0.64
117.76007723808289,5.9,-2.0,-66.2,0.68,0.2,0.62
117.77001118659973,5.6000000000000005,-1.6,-66.2,0.64,0.17,0.64
117.78077530860901,5.5,-1.9000000000000001,-66.2,0.66,0.16,0.64
117.79098463058472,5.7,-2.3000000000000003,-66.3,0.71,0.17,0.62
117.79977774620056,5.7,-1.9000000000000001,-66.4,0.6900000000000001,0.17,0.64
117.81007432937622,5.7,-1.8,-66.2,0.66,0.18,0.63
117.82051229476929,5.6000000000000005,-1.7000000000000002,-66.2,0.65,0.17,0.63
117.82996773719788,5.6000000000000005,-1.6,-66.2,0.63,0.16,0.64
117.83978700637817,6.0,-1.9000000000000001,-66.0,0.67,0.21,0.63
117.84997463226318,6.0,-1.8,-66.2,0.66,0.2,0.63
117.86006546020508,5.800000000000001,-2.2,-65.9,0.7000000000000001,0.19,0.63
117.87046504020691,5.7,-1.7000000000000002,-66.10000000000001,0.67,0.17,0.63
117.87986946105957,5.800000000000001,-1.8,-66.2,0.65,0.19,0.64
117.88990378379822,6.1000000000000005,-1.7000000000000002,-66.10000000000001,0.66,0.22,0.62
117.9001133441925,5.7,-1.6,-66.2,0.65,0.18,0.63
117.90983867645264,5.5,-1.5,-66.2,0.64,0.16,0.64
117.91987872123718,5.6000000000000005,-1.6,-66.10000000000001,0.64,0.16,0.63
117.92968988418579,5.800000000000001,-1.8,-66.2,0.66,0.19,0.63
117.94036316871643,5.9,-1.7000000000000002,-66.3,0.66,0.2,0.63
117.95019602775574,5.800000000000001,-1.8,-66.10000000000001,0.66,0.19,0.63
117.95973944664001,5.6000000000000005,-1.5,-66.0,0.64,0.17,0.63
117.9713683128357,5.7,-1.6,-66.3,0.64,0.18,0.63
117.98065161705017,5.7,-1.5,-66.5,0.64,0.17,0.63
117.9901020526886,5.6000000000000005,-1.4000000000000001,-66.10000000000001,0.63,0.16,0.63
117.99975824356079,5.800000000000001,-1.8,-66.2,0.66,0.19,0.63
118.01088213920593,5.7,-1.8,-66.3,0.65,0.17,0.63
118.02071356773376,5.9,-2.2,-66.60000000000001,0.71,0.19,0.63
118.03067064285278,5.9,-1.8,-66.4,0.67,0.2,0.63
118.04032444953918,5.800000000000001,-1.7000000000000002,-66.5,0.64,0.19,0.64
118.04991722106934,5.9,-2.1,-66.2,0.6900000000000001,0.18,0.63
118.05987000465393,5.7,-2.1,-66.4,0.7000000000000001,0.18,0.63
118.07057619094849,5.9,-1.9000000000000001,-66.3,0.67,0.19,0.63
118.08050203323364,6.1000000000000005,-2.1,-66.5,0.68,0.23,0.63
118.09064388275146,6.0,-1.4000000000000001,-66.3,0.62,0.2,0.64
118.09995412826538,5.9,-1.8,-66.3,0.65,0.19,0.63
118.11030578613281,5.800000000000001,-2.2,-66.3,0.7000000000000001,0.19,0.63
118.12020659446716,5.7,-2.1,-66.3,0.7000000000000001,0.16,0.63
118.1301474571228,6.0,-1.9000000000000001,-66.2,0.67,0.2,0.63
118.1399621963501,6.2,-1.7000000000000002,-66.3,0.65,0.22,0.63
118.15004539489746,6.0,-1.4000000000000001,-66.2,0.62,0.22,0.63
118.15974307060242,5.7,-1.7000000000000002,-66.3,0.65,0.19,0.63
118.17019438743591,5.6000000000000005,-1.5,-66.3,0.64,0.16,0.63
118.17995929718018,5.7,-1.7000000000000002,-66.2,0.65,0.17,0.63
118.1903190612793,6.0,-1.7000000000000002,-66.10000000000001,0.66,0.2,0.63
118.20004844665527,6.2,-1.9000000000000001,-66.3,0.68,0.23,0.64
118.21065378189087,6.1000000000000005,-1.6,-65.9,0.64,0.21,0.63
118.22063732147217,6.1000000000000005,-2.2,-66.2,0.7000000000000001,0.22,0.63
118.22996926307678,6.2,-2.0,-66.4,0.7000000000000001,0.23,0.63
118.23989987373352,5.9,-1.8,-66.2,0.66,0.18,0.64
118.25174045562744,6.0,-1.9000000000000001,-66.4,0.68,0.21,0.63
118.25990128517151,5.9,-1.6,-66.3,0.65,0.19,0.63
118.26985740661621,5.800000000000001,-1.5,-66.2,0.62,0.18,0.64
118.28076696395874,6.0,-2.0,-66.2,0.6900000000000001,0.22,0.62
118.29023861885071,5.9,-2.1,-66.4,0.71,0.2,0.63
118.30082678794861,5.9,-1.5,-66.4,0.64,0.18,0.64
118.31065011024475,6.1000000000000005,-1.7000000000000002,-66.3,0.65,0.22,0.63
118.32077217102051,6.0,-1.7000000000000002,-66.2,0.65,0.21,0.63
118.33067512512207,5.7,-1.6,-66.4,0.64,0.17,0.64
118.33973145484924,5.9,-1.8,-66.4,0.66,0.19,0.63
118.34978914260864,5.9,-1.8,-66.5,0.67,0.2,0.63
118.35993003845215,5.800000000000001,-1.5,-66.5,0.63,0.19,0.63
118.37001729011536,5.9,-1.6,-66.5,0.64,0.2,0.63
118.38004684448242,6.0,-1.6,-66.5,0.65,0.2,0.63
118.39037704467773,5.7,-1.3,-66.7,0.62,0.17,0.64
118.40073871612549,6.0,-1.9000000000000001,-66.5,0.66,0.19,0.63
118.41080093383789,6.2,-2.2,-66.7,0.71,0.23,0.62
118.42081785202026,6.1000000000000005,-1.8,-66.5,0.68,0.22,0.63
118.43072962760925,5.9,-1.8,-66.5,0.65,0.2,0.64
118.44063591957092,6.1000000000000005,-2.1,-66.60000000000001,0.6900000000000001,0.21,0.63
118.44971656799316,6.1000000000000005,-1.8,-66.4,0.67,0.2,0.63
118.46027946472168,6.0,-1.6,-66.4,0.64,0.2,0.63
118.47029232978821,6.2,-1.9000000000000001,-66.4,0.67,0.22,0.63
118.47994470596313,6.1000000000000005,-2.1,-66.5,0.6900000000000001,0.23,0.63
118.4909496307373,6.1000000000000005,-1.7000000000000002,-66.5,0.66,0.21,0.63
118.49979066848755,6.1000000000000005,-2.1,-66.3,0.6900000000000001,0.22,0.63
118.51004528999329,6.2,-1.8,-66.3,0.67,0.22,0.63
118.51997494697571,6.0,-1.7000000000000002,-66.3,0.65,0.21,0.64
118.5300681591034,6.0,-1.5,-66.3,0.63,0.2,0.63
118.53981804847717,6.2,-1.9000000000000001,-66.4,0.67,0.22,0.63
118.54984736442566,6.2,-1.5,-66.10000000000001,0.65,0.22,0.63
118.5611047744751,5.9,-1.5,-66.3,0.64,0.2,0.63
118.57002186775208,6.0,-1.7000000000000002,-66.4,0.67,0.21,0.63
118.58014750480652,5.9,-1.4000000000000001,-66.5,0.63,0.2,0.63
118.59082245826721,5.9,-1.5,-66.4,0.64,0.19,0.63
118.60074877738953,6.0,-1.6,-66.5,0.64,0.2,0.63
118.6107566356659,6.300000000000001,-1.9000000000000001,-66.4,0.67,0.23,0.63
118.6206886768341,6.5,-1.9000000000000001,-66.4,0.6900000000000001,0.26,0.63
118.63068461418152,6.1000000000000005,-1.9000000000000001,-66.3,0.67,0.21,0.63
118.63975620269775,6.1000000000000005,-2.1,-66.3,0.68,0.21,0.63
118.64998364448547,6.2,-2.1,-66.3,0.68,0.22,0.63
118.66111612319946,6.0,-2.0,-66.5,0.68,0.21,0.63
118.67030668258667,6.0,-1.9000000000000001,-66.4,0.67,0.2,0.63
118.68008065223694,6.1000000000000005,-1.7000000000000002,-66.5,0.66,0.21,0.63
118.68984031677246,6.1000000000000005,-1.9000000000000001,-66.60000000000001,0.66,0.21,0.63
118.70097041130066,5.9,-1.8,-66.7,0.67,0.2,0.63
118.71070194244385,5.9,-1.8,-66.9,0.67,0.19,0.63
118.72068119049072,6.1000000000000005,-1.5,-66.8,0.64,0.21,0.63
118.73079514503479,6.1000000000000005,-1.5,-66.8,0.63,0.21,0.64
118.73981618881226,6.0,-1.6,-67.0,0.65,0.21,0.63
118.74994230270386,6.0,-2.0,-66.3,0.68,0.2,0.63
118.76043605804443,6.0,-1.7000000000000002,-66.7,0.67,0.2,0.63
118.76997065544128,6.300000000000001,-1.9000000000000001,-66.8,0.68,0.24,0.63
118.7799460887909,6.2,-1.5,-66.7,0.64,0.22,0.63
118.79004859924316,6.1000000000000005,-1.7000000000000002,-66.5,0.64,0.22,0.63
118.80003094673157,5.9,-1.9000000000000001,-66.5,0.68,0.2,0.63
118.80990147590637,5.9,-2.0,-66.5,0.6900000000000001,0.19,0.63
118.81970000267029,5.9,-1.7000000000000002,-66.2,0.66,0.19,0.63
118.83000802993774,6.2,-1.9000000000000001,-66.4,0.67,0.23,0.63
118.8399338722229,6.300000000000001,-1.6,-66.4,0.65,0.23,0.63
118.84986162185669,6.300000000000001,-1.7000000000000002,-66.4,0.65,0.24,0.63
118.86038494110107,6.2,-1.7000000000000002,-66.2,0.66,0.23,0.63
118.87060928344727,6.2,-1.7000000000000002,-66.4,0.65,0.23,0.63
118.87979531288147,6.300000000000001,-1.8,-66.2,0.67,0.23,0.63
118.88988018035889,6.300000000000001,-1.8,-66.2,0.67,0.24,0.63
118.90052628517151,6.2,-1.7000000000000002,-66.5,0.66,0.24,0.63
118.90972948074341,6.0,-1.7000000000000002,-66.5,0.66,0.21,0.63
118.91973972320557,6.0,-1.5,-66.4,0.64,0.2,0.63
118.9306972026825,6.2,-1.9000000000000001,-66.3,0.67,0.22,0.63
118.93975901603699,6.300000000000001,-2.1,-66.5,0.7000000000000001,0.24,0.63
118.9498999118805,6.1000000000000005,-1.8,-66.5,0.68,0.22,0.63
118.95994400978088,5.800000000000001,-1.3,-66.5,0.63,0.19,0.63
118.97025442123413,6.1000000000000005,-1.7000000000000002,-66.60000000000001,0.65,0.21,0.63
118.97982478141785,6.2,-1.7000000000000002,-66.7,0.65,0.21,0.63
118.98990225791931,6.1000000000000005,-1.5,-66.7,0.64,0.22,0.63
118.99995374679565,6.300000000000001,-1.9000000000000001,-66.8,0.68,0.23,0.63
119.00980949401855,6.0,-1.7000000000000002,-66.8,0.68,0.22,0.63
119.020681142807,5.9,-1.6,-66.9,0.65,0.19,0.64
119.03011989593506,5.9,-1.6,-66.8,0.65,0.2,0.63
119.03995752334595,5.9,-1.6,-66.7,0.64,0.19,0.63
119.04992508888245,6.1000000000000005,-1.9000000000000001,-66.8,0.66,0.22,0.63
119.06038618087769,6.6000000000000005,-2.5,-66.60000000000001,0.73,0.26,0.63
119.07014989852905,6.2,-2.0,-66.8,0.6900000000000001,0.23,0.63
119.07994413375854,5.9,-2.0,-66.8,0.68,0.2,0.64
119.0899224281311,6.300000000000001,-2.4000000000000004,-66.60000000000001,0.72,0.23,0.63
119.10013270378113,6.2,-1.9000000000000001,-66.8,0.67,0.22,0.63
119.1107885837555,5.9,-1.3,-66.5,0.62,0.2,0.63
119.12060904502869,6.300000000000001,-2.0,-66.60000000000001,0.66,0.22,0.63
119.13070487976074,6.300000000000001,-1.9000000000000001,-66.60000000000001,0.68,0.23,0.63
119.14006686210632,6.1000000000000005,-1.8,-66.4,0.67,0.22,0.63
119.14989018440247,6.2,-1.8,-66.5,0.67,0.22,0.63
119.16042613983154,6.300000000000001,-1.8,-66.60000000000001,0.67,0.23,0.63
119.17046236991882,6.300000000000001,-1.8,-66.4,0.67,0.25,0.63
119.17984247207642,6.2,-1.4000000000000001,-66.4,0.64,0.23,0.63
119.19014048576355,6.0,-1.5,-66.3,0.63,0.2,0.63
119.20023894309998,6.0,-1.4000000000000001,-66.5,0.63,0.21,0.63
119.2099781036377,5.9,-1.5,-66.3,0.64,0.2,0.63
119.22079467773438,5.9,-1.4000000000000001,-66.4,0.63,0.19,0.63
119.23060131072998,6.1000000000000005,-1.8,-66.3,0.67,0.21,0.63
119.24039936065674,6.300000000000001,-1.8,-66.4,0.67,0.24,0.63
119.24988722801208,6.4,-1.6,-66.5,0.66,0.26,0.63
119.25977206230164,6.2,-1.7000000000000002,-66.60000000000001,0.65,0.23,0.63
119.27081179618835,5.9,-1.7000000000000002,-66.4,0.65,0.18,0.63
119.28013634681702,6.4,-2.1,-66.60000000000001,0.6900000000000001,0.24,0.63
119.28984999656677,6.6000000000000005,-2.1,-66.7,0.7000000000000001,0.26,0.63
119.29987359046936,6.300000000000001,-2.2,-66.7,0.7000000000000001,0.24,0.63
119.31035566329956,6.1000000000000005,-2.2,-66.7,0.7000000000000001,0.21,0.63
119.31977772712708,6.300000000000001,-2.3000000000000003,-66.7,0.7000000000000001,0.23,0.63
119.33064222335815,6.2,-1.9000000000000001,-66.9,0.67,0.23,0.63
119.33998918533325,6.0,-1.9000000000000001,-66.8,0.67,0.21,0.63
119.34995818138123,6.0,-1.9000000000000001,-66.8,0.68,0.2,0.63
119.35979342460632,6.1000000000000005,-1.9000000000000001,-66.8,0.68,0.22,0.63
119.3703031539917,6.0,-1.8,-67.0,0.67,0.22,0.63
119.3804235458374,6.0,-1.8,-66.9,0.67,0.21,0.63
119.38991594314575,6.0,-1.6,-66.9,0.64,0.2,0.63
119.40069389343262,6.0,-1.6,-67.0,0.65,0.2,0.63
119.41026067733765,6.0,-1.6,-67.10000000000001,0.65,0.21,0.63
119.4197907447815,5.9,-1.6,-67.0,0.65,0.19,0.63
119.4297571182251,5.9,-1.6,-67.0,0.66,0.2,0.63
119.44003939628601,6.1000000000000005,-1.7000000000000002,-67.10000000000001,0.65,0.22,0.63
119.44993591308594,6.2,-1.7000000000000002,-66.8,0.66,0.21,0.63
119.45981884002686,6.0,-1.4000000000000001,-66.9,0.62,0.2,0.63
119.47126293182373,6.0,-1.4000000000000001,-67.0,0.62,0.21,0.63
119.48050451278687,6.1000000000000005,-1.8,-66.7,0.67,0.22,0.63
119.48999094963074,6.300000000000001,-1.9000000000000001,-66.5,0.68,0.22,0.63
119.49981117248535,6.300000000000001,-2.1,-66.60000000000001,0.7000000000000001,0.24,0.63
119.51069784164429,6.300000000000001,-2.2,-66.5,0.7000000000000001,0.24,0.63
119.51974415779114,6.4,-2.1,-66.2,0.7000000000000001,0.24,0.63
119.52982234954834,6.4,-1.8,-66.4,0.67,0.25,0.63
119.53991293907166,6.2,-1.9000000000000001,-66.3,0.68,0.24,0.63
119.54997205734253,6.300000000000001,-2.1,-66.5,0.7000000000000001,0.22,0.63
119.55998516082764,6.300000000000001,-2.0,-66.4,0.6900000000000001,0.23,0.63
119.57093524932861,6.4,-1.9000000000000001,-66.5,0.6900000000000001,0.25,0.63
119.58005809783936,6.300000000000001,-1.7000000000000002,-66.9,0.66,0.24,0.63
119.5900399684906,6.1000000000000005,-1.5,-66.7,0.64,0.21,0.63
119.60008597373962,6.0,-1.7000000000000002,-66.7,0.65,0.21,0.63
119.6101758480072,6.1000000000000005,-1.8,-66.8,0.67,0.22,0.63
119.62000155448914,6.0,-1.6,-66.9,0.66,0.2,0.63
119.62974095344543,6.0,-1.6,-66.9,0.65,0.2,0.63
119.64036893844604,5.9,-1.5,-67.10000000000001,0.63,0.2,0.63
119.65066742897034,6.0,-1.6,-66.9,0.64,0.2,0.63
119.65972995758057,6.2,-2.0,-67.0,0.6900000000000001,0.22,0.63
119.67026805877686,6.2,-1.8,-66.7,0.68,0.21,0.63
119.68081283569336,6.2,-2.1,-67.0,0.6900000000000001,0.23,0.63
119.68986535072327,6.1000000000000005,-1.9000000000000001,-67.0,0.6900000000000001,0.22,0.63
119.70076322555542,6.1000000000000005,-2.1,-66.8,0.6900000000000001,0.21,0.63
119.71078205108643,6.0,-1.9000000000000001,-67.0,0.68,0.21,0.63
119.72088027000427,6.0,-2.1,-66.7,0.6900000000000001,0.21,0.63
119.73070192337036,6.0,-1.9000000000000001,-67.0,0.68,0.21,0.63
119.74011540412903,5.9,-1.8,-67.0,0.67,0.21,0.63
119.74991774559021,6.2,-1.9000000000000001,-66.9,0.67,0.22,0.63
119.76010537147522,6.300000000000001,-2.0,-67.0,0.68,0.23,0.63
119.77009606361389,6.1000000000000005,-1.9000000000000001,-66.9,0.67,0.22,0.63
119.77981972694397,6.2,-2.0,-66.7,0.68,0.22,0.63
119.79017281532288,6.2,-2.0,-66.8,0.6900000000000001,0.22,0.63
119.80000734329224,6.2,-1.9000000000000001,-67.10000000000001,0.67,0.22,0.63
119.80983686447144,6.4,-2.2,-66.9,0.7000000000000001,0.24,0.63
119.81981873512268,6.2,-2.0,-66.8,0.6900000000000001,0.22,0.63
119.83004856109619,6.0,-1.7000000000000002,-66.7,0.66,0.21,0.63
119.83982419967651,5.9,-1.5,-66.9,0.64,0.2,0.63
119.84986925125122,6.0,-1.6,-66.7,0.64,0.21,0.63
119.86052012443542,6.2,-1.6,-66.7,0.66,0.22,0.63
119.87028336524963,6.1000000000000005,-1.4000000000000001,-66.8,0.64,0.22,0.63
119.87984561920166,6.2,-1.7000000000000002,-66.60000000000001,0.67,0.22,0.64
119.88990378379822,6.2,-1.6,-66.7,0.66,0.22,0.63
119.89993858337402,6.2,-1.8,-66.7,0.66,0.23,0.63
119.9107735157013,6.300000000000001,-1.9000000000000001,-66.7,0.68,0.24,0.63
119.91964888572693,6.300000000000001,-2.0,-66.7,0.68,0.23,0.63
119.93006110191345,6.2,-1.9000000000000001,-66.7,0.68,0.22,0.63
119.94067740440369,6.1000000000000005,-1.9000000000000001,-66.9,0.67,0.22,0.63
119.94975543022156,6.1000000000000005,-1.9000000000000001,-66.8,0.68,0.22,0.63
119.96000599861145,6.1000000000000005,-2.0,-66.8,0.6900000000000001,0.22,0.63
119.97052097320557,6.1000000000000005,-2.0,-66.9,0.68,0.21,0.63
119.98024654388428,6.1000000000000005,-2.0,-67.0,0.68,0.22,0.63
119.99003338813782,6.2,-2.0,-66.8,0.6900000000000001,0.22,0.63
119.99986410140991,6.1000000000000005,-1.8,-67.0,0.67,0.22,0.63
120.01058340072632,6.1000000000000005,-1.8,-67.0,0.66,0.22,0.63
120.01971197128296,6.2,-1.9000000000000001,-67.0,0.68,0.22,0.63
120.02994847297668,6.1000000000000005,-2.0,-67.10000000000001,0.6900000000000001,0.22,0.63
120.0400972366333,5.9,-1.7000000000000002,-67.10000000000001,0.67,0.21,0.63
120.04990911483765,5.9,-1.8,-67.0,0.66,0.2,0.63
120.0597288608551,5.9,-1.8,-67.2,0.66,0.2,0.63
120.07039284706116,6.0,-1.7000000000000002,-67.2,0.66,0.2,0.63
120.08012199401855,6.0,-1.8,-67.10000000000001,0.67,0.21,0.63
120.08979845046997,6.1000000000000005,-2.2,-66.9,0.7000000000000001,0.22,0.63
120.09983730316162,6.0,-2.0,-67.10000000000001,0.6900000000000001,0.21,0.63
120.11077976226807,6.1000000000000005,-2.0,-67.0,0.68,0.22,0.63
120.12076210975647,6.1000000000000005,-2.0,-67.0,0.68,0.22,0.63
120.12976312637329,6.1000000000000005,-2.1,-67.0,0.7000000000000001,0.22,0.63
120.14001512527466,6.2,-2.2,-66.8,0.71,0.22,0.63
120.15057611465454,6.2,-2.1,-67.10000000000001,0.6900000000000001,0.22,0.63
120.15999841690063,6.1000000000000005,-1.8,-66.9,0.66,0.21,0.63
120.17015504837036,6.1000000000000005,-1.6,-66.8,0.65,0.21,0.63
120.18136096000671,6.0,-1.6,-66.8,0.66,0.21,0.63
120.18970680236816,6.0,-1.6,-66.9,0.66,0.21,0.63
120.20012640953064,6.1000000000000005,-1.7000000000000002,-66.8,0.65,0.21,0.63
120.21030139923096,6.1000000000000005,-1.6,-66.8,0.66,0.21,0.63
120.22047472000122,6.0,-1.7000000000000002,-66.8,0.66,0.21,0.63
120.2297294139862,6.0,-1.7000000000000002,-66.8,0.67,0.21,0.63
120.24009227752686,6.0,-1.6,-66.8,0.66,0.21,0.63
120.2501289844513,6.0,-1.7000000000000002,-66.9,0.66,0.21,0.63
120.25995516777039,6.0,-1.8,-66.9,0.66,0.21,0.63
120.2702898979187,6.1000000000000005,-1.8,-66.7,0.67,0.21,0.63
120.28061246871948,6.1000000000000005,-2.0,-66.9,0.68,0.22,0.63
120.29047298431396,6.0,-1.9000000000000001,-67.0,0.68,0.21,0.63
120.29991745948792,6.1000000000000005,-2.1,-66.9,0.6900000000000001,0.21,0.63
120.31031489372253,6.1000000000000005,-2.2,-67.0,0.7000000000000001,0.21,0.63
120.3198344707489,6.1000000000000005,-2.2,-66.9,0.7000000000000001,0.21,0.63
120.33088874816895,6.2,-2.4000000000000004,-67.0,0.72,0.22,0.63
120.33979749679565,6.1000000000000005,-2.2,-67.10000000000001,0.7000000000000001,0.22,0.63
120.3507227897644,6.300000000000001,-2.5,-67.0,0.73,0.22,0.64
120.35983920097351,6.1000000000000005,-2.2,-66.9,0.71,0.21,0.63
120.37024068832397,6.0,-2.3000000000000003,-67.3,0.71,0.21,0.63
120.38001322746277,5.800000000000001,-1.9000000000000001,-67.10000000000001,0.68,0.19,0.63
120.39053606987,5.800000000000001,-1.9000000000000001,-67.2,0.68,0.18,0.63
120.40066695213318,5.800000000000001,-1.8,-66.9,0.66,0.18,0.63
120.40981841087341,5.800000000000001,-2.0,-67.10000000000001,0.6900000000000001,0.2,0.63
120.41993570327759,5.800000000000001,-1.7000000000000002,-67.2,0.67,0.19,0.63
120.43044686317444,5.9,-1.8,-67.10000000000001,0.67,0.2,0.63
120.4397964477539,5.9,-1.8,-67.2,0.67,0.2,0.63
120.45049977302551,5.9,-1.8,-67.0,0.67,0.2,0.63
120.45994758605957,5.9,-1.8,-67.0,0.67,0.2,0.63
120.46993327140808,5.9,-1.9000000000000001,-67.10000000000001,0.68,0.2,0.63
120.48001217842102,6.0,-2.1,-67.0,0.6900000000000001,0.21,0.63
120.49016189575195,6.1000000000000005,-2.0,-66.9,0.6900000000000001,0.2,0.63
120.50023198127747,6.0,-2.1,-66.8,0.6900000000000001,0.2,0.63
120.50984334945679,5.9,-2.0,-66.9,0.68,0.21,0.63
120.52091979980469,6.2,-2.1,-67.0,0.6900000000000001,0.21,0.63
120.53010153770447,6.1000000000000005,-2.1,-66.8,0.7000000000000001,0.22,0.63
120.53981757164001,6.0,-2.0,-66.8,0.7000000000000001,0.21,0.63
120.55043029785156,6.0,-2.0,-66.8,0.68,0.2,0.63
120.56017327308655,6.0,-1.9000000000000001,-66.7,0.68,0.2,0.63
120.56983160972595,6.0,-2.0,-66.7,0.6900000000000001,0.21,0.63
120.58042478561401,6.1000000000000005,-2.1,-66.8,0.7000000000000001,0.22,0.63
120.59003520011902,6.1000000000000005,-2.0,-66.8,0.7000000000000001,0.21,0.63
120.60075426101685,5.9,-1.9000000000000001,-66.9,0.68,0.2,0.64
120.61068224906921,5.9,-1.7000000000000002,-67.0,0.66,0.2,0.63
120.62109065055847,5.9,-1.9000000000000001,-67.0,0.67,0.2,0.63
120.63093400001526,5.9,-1.9000000000000001,-66.9,0.68,0.2,0.63
120.63976740837097,5.800000000000001,-1.8,-67.0,0.66,0.19,0.63
120.65112042427063,5.800000000000001,-1.8,-67.0,0.67,0.19,0.63
120.65998387336731,5.800000000000001,-1.9000000000000001,-67.0,0.67,0.19,0.63
120.66980457305908,5.9,-2.1,-67.10000000000001,0.6900000000000001,0.19,0.63
120.68123054504395,5.9,-2.1,-67.3,0.71,0.19,0.63
120.69090485572815,5.7,-1.9000000000000001,-67.2,0.68,0.18,0.63
120.70076656341553,5.7,-1.9000000000000001,-67.4,0.66,0.18,0.63
120.70993614196777,6.0,-2.1,-66.9,0.7000000000000001,0.18,0.63
120.72132849693298,5.9,-2.1,-67.3,0.71,0.21,0.63
120.73026823997498,5.800000000000001,-2.0,-67.10000000000001,0.6900000000000001,0.2,0.63
120.73986673355103,6.0,-2.3000000000000003,-67.10000000000001,0.7000000000000001,0.19,0.64
120.75023102760315,6.0,-2.2,-67.0,0.71,0.2,0.63
120.75996708869934,5.9,-2.2,-67.2,0.71,0.2,0.63
120.77003407478333,5.9,-2.2,-67.10000000000001,0.71,0.19,0.64
120.77989387512207,5.800000000000001,-2.1,-67.10000000000001,0.71,0.18,0.63
120.79068160057068,5.800000000000001,-2.1,-67.10000000000001,0.7000000000000001,0.19,0.63
120.79983520507812,5.800000000000001,-1.9000000000000001,-66.8,0.68,0.19,0.63
120.81001806259155,5.800000000000001,-1.8,-67.0,0.67,0.18,0.63
120.81976318359375,5.800000000000001,-1.8,-67.0,0.66,0.18,0.63
120.83004093170166,5.800000000000001,-1.7000000000000002,-67.0,0.66,0.18,0.63
120.83973383903503,5.9,-1.9000000000000001,-66.9,0.6900000000000001,0.2,0.63
120.85008454322815,6.0,-1.9000000000000001,-66.8,0.6900000000000001,0.2,0.63
120.86137747764587,5.9,-1.8,-67.10000000000001,0.67,0.2,0.63
120.86975002288818,5.7,-1.6,-67.0,0.65,0.18,0.63
120.87975716590881,5.800000000000001,-1.6,-67.0,0.64,0.17,0.63
120.89055371284485,5.7,-1.6,-66.9,0.64,0.17,0.63
120.900075674057,5.9,-1.9000000000000001,-66.60000000000001,0.68,0.2,0.63
120.90986394882202,6.1000000000000005,-2.3000000000000003,-66.8,0.73,0.21,0.63
120.91986536979675,6.1000000000000005,-2.4000000000000004,-66.9,0.74,0.22,0.63
120.93001985549927,6.0,-2.2,-66.9,0.72,0.22,0.63
120.9397144317627,5.9,-2.0,-66.9,0.6900000000000001,0.21,0.63
120.95053339004517,5.7,-1.9000000000000001,-67.0,0.67,0.17,0.64
120.95997262001038,5.800000000000001,-2.0,-66.9,0.68,0.19,0.63
120.97001242637634,6.1000000000000005,-2.5,-66.9,0.73,0.2,0.63
120.9800341129303,6.0,-2.2,-67.10000000000001,0.72,0.2,0.63
120.99019384384155,5.7,-1.9000000000000001,-67.10000000000001,0.68,0.18,0.64
120.99983167648315,5.7,-2.0,-67.10000000000001,0.6900000000000001,0.17,0.63
121.00985050201416,5.800000000000001,-2.1,-67.3,0.6900000000000001,0.18,0.63
121.02013397216797,5.800000000000001,-2.0,-67.3,0.6900000000000001,0.19,0.63
121.03003978729248,5.800000000000001,-2.0,-67.2,0.7000000000000001,0.19,0.63
121.03978967666626,5.7,-2.0,-67.3,0.68,0.17,0.63
121.04971051216125,5.7,-1.8,-67.2,0.67,0.17,0.63
121.06106066703796,5.800000000000001,-1.9000000000000001,-67.4,0.67,0.18,0.63
121.07025480270386,5.6000000000000005,-1.9000000000000001,-67.2,0.67,0.18,0.63
121.07995963096619,5.6000000000000005,-1.9000000000000001,-67.0,0.6900000000000001,0.17,0.63
121.09011793136597,5.7,-1.8,-67.10000000000001,0.67,0.17,0.63
121.10010266304016,5.7,-2.0,-67.2,0.68,0.18,0.63
121.11013579368591,5.9,-2.2,-67.10000000000001,0.71,0.2,0.63
121.11965847015381,5.800000000000001,-2.0,-67.0,0.7000000000000001,0.18,0.64
121.13071155548096,5.800000000000001,-2.1,-66.7,0.7000000000000001,0.18,0.63
121.13971710205078,5.800000000000001,-2.0,-67.0,0.6900000000000001,0.2,0.62
121.14999198913574,5.800000000000001,-2.0,-67.0,0.68,0.18,0.64
121.16022729873657,5.9,-1.9000000000000001,-66.9,0.68,0.19,0.63
121.17043089866638,5.9,-2.1,-66.8,0.6900000000000001,0.19,0.64
121.17983269691467,5.9,-2.1,-66.9,0.7000000000000001,0.19,0.63
121.19020819664001,5.9,-2.2,-67.0,0.71,0.2,0.63
121.20010542869568,6.0,-2.2,-66.9,0.71,0.21,0.63
121.20983123779297,6.0,-2.1,-67.0,0.68,0.19,0.64
121.21971321105957,5.9,-2.0,-66.9,0.6900000000000001,0.2,0.63
121.22988533973694,5.9,-1.9000000000000001,-66.9,0.6900000000000001,0.2,0.63
121.23980784416199,5.7,-1.7000000000000002,-66.8,0.66,0.18,0.63
121.24976468086243,5.6000000000000005,-2.0,-66.9,0.68,0.16,0.63
121.26092743873596,5.7,-1.7000000000000002,-66.8,0.67,0.18,0.63
121.27107286453247,5.6000000000000005,-1.7000000000000002,-67.0,0.66,0.17,0.63
121.27986359596252,5.7,-2.1,-67.0,0.7000000000000001,0.17,0.63
121.28991222381592,5.7,-2.1,-67.2,0.6900000000000001,0.17,0.63
121.30049896240234,5.7,-1.7000000000000002,-66.8,0.65,0.19,0.63
121.30985617637634,5.7,-1.9000000000000001,-67.10000000000001,0.67,0.17,0.63
121.31972312927246,5.5,-2.0,-67.10000000000001,0.7000000000000001,0.16,0.63
121.3300564289093,5.9,-2.2,-67.2,0.7000000000000001,0.19,0.64
121.33977246284485,5.9,-2.2,-67.2,0.71,0.19,0.63
121.34982013702393,5.6000000000000005,-2.2,-67.10000000000001,0.71,0.18,0.63
121.3605089187622,5.7,-2.0,-67.3,0.6900000000000001,0.18,0.63
121.37149786949158,5.9,-2.2,-67.10000000000001,0.68,0.19,0.63
121.38050818443298,5.9,-2.6,-67.0,0.74,0.18,0.63
121.39004111289978,5.6000000000000005,-2.2,-67.2,0.72,0.17,0.63
121.40065836906433,5.6000000000000005,-2.0,-67.10000000000001,0.68,0.18,0.64
121.41009664535522,5.6000000000000005,-2.0,-67.0,0.67,0.16,0.63
121.41974544525146,5.6000000000000005,-2.3000000000000003,-67.10000000000001,0.72,0.16,0.63
121.43010544776917,5.5,-2.1,-67.10000000000001,0.71,0.17,0.63
121.44006419181824,5.5,-1.7000000000000002,-67.10000000000001,0.66,0.16,0.63
121.44996929168701,5.4,-1.8,-67.0,0.66,0.15,0.64
121.46050310134888,5.6000000000000005,-1.9000000000000001,-66.9,0.68,0.16,0.63
121.47095465660095,5.7,-1.9000000000000001,-66.9,0.6900000000000001,0.18,0.63
121.47977209091187,5.5,-1.7000000000000002,-66.9,0.66,0.17,0.64
121.48983359336853,5.7,-2.0,-66.60000000000001,0.7000000000000001,0.18,0.63
121.50064420700073,5.800000000000001,-1.9000000000000001,-66.9,0.68,0.19,0.63
121.51086521148682,5.800000000000001,-1.9000000000000001,-66.8,0.68,0.19,0.64
121.51977491378784,5.9,-2.2,-66.4,0.73,0.19,0.63
121.5298924446106,5.7,-2.0,-66.8,0.7000000000000001,0.19,0.63
121.53987121582031,5.6000000000000005,-1.6,-66.8,0.64,0.18,0.64
121.54988098144531,5.800000000000001,-1.9000000000000001,-66.8,0.66,0.17,0.64
121.56022834777832,6.0,-2.5,-66.7,0.72,0.21,0.63
121.57024073600769,6.0,-2.5,-66.7,0.75,0.21,0.63
121.57982325553894,5.800000000000001,-2.2,-66.8,0.71,0.19,0.63
121.5900342464447,5.6000000000000005,-2.1,-66.7,0.6900000000000001,0.18,0.63
121.60007452964783,5.800000000000001,-2.0,-66.7,0.67,0.19,0.63
121.60987782478333,5.6000000000000005,-2.0,-66.7,0.68,0.16,0.63
121.61995363235474,5.6000000000000005,-2.2,-66.8,0.7000000000000001,0.17,0.63
121.63038873672485,5.6000000000000005,-1.8,-67.0,0.67,0.17,0.63
121.64072775840759,5.6000000000000005,-1.8,-67.10000000000001,0.67,0.17,0.64
121.65006256103516,5.2,-1.6,-66.9,0.65,0.12,0.63
121.65975999832153,5.5,-1.9000000000000001,-67.10000000000001,0.6900000000000001,0.15,0.63
121.67023611068726,5.4,-1.9000000000000001,-67.3,0.68,0.14,0.64
121.67989444732666,5.4,-1.9000000000000001,-67.0,0.67,0.16,0.63
121.68991208076477,5.5,-1.9000000000000001,-67.10000000000001,0.68,0.16,0.63
121.70027017593384,5.5,-2.0,-66.9,0.6900000000000001,0.16,0.63
121.70997548103333,5.6000000000000005,-2.2,-67.2,0.6900000000000001,0.17,0.63
121.71989631652832,5.6000000000000005,-2.4000000000000004,-67.0,0.72,0.16,0.63
121.73031330108643,5.7,-2.3000000000000003,-67.4,0.72,0.19,0.63
121.73976707458496,5.7,-2.3000000000000003,-66.9,0.71,0.17,0.64
121.75042152404785,5.5,-2.5,-67.10000000000001,0.72,0.15,0.64
121.75977301597595,5.800000000000001,-2.6,-67.0,0.74,0.2,0.62
121.7701325416565,5.6000000000000005,-2.3000000000000003,-66.8,0.72,0.17,0.64
121.77984595298767,5.5,-2.0,-66.8,0.6900000000000001,0.16,0.63
121.79041934013367,5.5,-2.0,-67.0,0.68,0.17,0.63
121.80078077316284,5.5,-1.9000000000000001,-66.60000000000001,0.67,0.16,0.63
121.80998921394348,5.4,-2.0,-66.8,0.6900000000000001,0.15,0.63
121.81999635696411,5.800000000000001,-1.8,-66.8,0.6900000000000001,0.18,0.63
121.83001708984375,5.5,-1.5,-66.9,0.65,0.17,0.63
121.83973860740662,5.5,-1.7000000000000002,-66.8,0.66,0.17,0.63
121.85026621818542,5.6000000000000005,-1.6,-66.8,0.66,0.16,0.63
121.86063575744629,5.5,-1.7000000000000002,-66.8,0.66,0.17,0.63
121.86979532241821,5.6000000000000005,-2.0,-66.8,0.7000000000000001,0.17,0.63
121.87975835800171,5.7,-1.9000000000000001,-66.5,0.7000000000000001,0.17,0.63
121.89022159576416,5.6000000000000005,-1.5,-66.8,0.63,0.18,0.64
121.90040826797485,5.7,-2.0,-66.7,0.68,0.18,0.63
121.90983748435974,5.6000000000000005,-2.2,-66.7,0.71,0.17,0.63
121.91972804069519,5.800000000000001,-2.3000000000000003,-66.8,0.73,0.18,0.64
121.93005776405334,5.6000000000000005,-2.1,-66.9,0.7000000000000001,0.19,0.62
121.93982744216919,5.4,-1.9000000000000001,-66.8,0.67,0.16,0.64
121.95005130767822,5.6000000000000005,-2.1,-66.7,0.6900000000000001,0.16,0.63
121.96080899238586,5.6000000000000005,-2.3000000000000003,-66.9,0.71,0.16,0.63
121.9710009098053,5.5,-2.3000000000000003,-67.0,0.72,0.15,0.64
121.97976899147034,5.5,-2.2,-66.8,0.72,0.17,0.63
121.99023914337158,5.6000000000000005,-2.2,-67.0,0.71,0.17,0.63
122.00081968307495,5.4,-1.9000000000000001,-67.10000000000001,0.67,0.15,0.64
122.01064085960388,5.5,-2.1,-67.10000000000001,0.6900000000000001,0.17,0.63
122.02062273025513,5.4,-2.1,-67.0,0.71,0.15,0.63
122.03085684776306,5.300000000000001,-2.1,-67.2,0.71,0.15,0.64
122.04080843925476,5.300000000000001,-1.7000000000000002,-67.0,0.67,0.15,0.64
122.04974889755249,5.300000000000001,-2.0,-66.9,0.67,0.14,0.63
122.06051063537598,5.4,-2.0,-67.10000000000001,0.7000000000000001,0.14,0.63
122.07142806053162,5.300000000000001,-1.8,-67.2,0.67,0.15,0.64
122.07986354827881,5.2,-2.2,-66.9,0.7000000000000001,0.13,0.63
122.09010767936707,5.4,-2.4000000000000004,-66.8,0.73,0.13,0.63
122.10011649131775,5.4,-2.0,-66.9,0.6900000000000001,0.17,0.63
122.10994172096252,5.4,-1.9000000000000001,-66.9,0.66,0.15,0.64
122.119788646698,5.6000000000000005,-2.4000000000000004,-66.4,0.71,0.17,0.63
122.12977981567383,5.7,-2.3000000000000003,-66.60000000000001,0.72,0.18,0.63
122.13987469673157,5.7,-2.2,-66.5,0.71,0.19,0.63
122.1498634815216,5.6000000000000005,-2.1,-66.5,0.6900000000000001,0.17,0.64
122.16000580787659,5.7,-2.3000000000000003,-66.7,0.71,0.19,0.63
122.17097496986389,5.6000000000000005,-1.9000000000000001,-66.60000000000001,0.6900000000000001,0.16,0.63
122.17985892295837,5.4,-1.8,-66.60000000000001,0.67,0.16,0.63
122.19003915786743,5.4,-2.0,-66.4,0.71,0.14,0.63
122.19974613189697,5.300000000000001,-1.5,-66.60000000000001,0.63,0.15,0.63
122.20998430252075,5.4,-1.8,-66.5,0.66,0.15,0.64
122.22022747993469,5.7,-2.1,-66.60000000000001,0.7000000000000001,0.17,0.63
122.22980952262878,5.6000000000000005,-2.1,-66.9,0.71,0.17,0.64
122.24074721336365,5.5,-1.8,-66.8,0.6900000000000001,0.16,0.63
122.25085806846619,5.5,-1.6,-66.9,0.65,0.16,0.63
122.25987148284912,5.4,-1.9000000000000001,-66.60000000000001,0.67,0.15,0.63
122.27099561691284,5.5,-2.1,-66.7,0.7000000000000001,0.15,0.63
122.28067517280579,5.300000000000001,-1.7000000000000002,-66.7,0.65,0.15,0.63
122.29004335403442,5.6000000000000005,-2.4000000000000004,-66.8,0.72,0.18,0.63
122.29985690116882,5.5,-2.3000000000000003,-66.7,0.72,0.14,0.63
122.31044411659241,5.300000000000001,-2.2,-66.8,0.6900000000000001,0.16,0.63
122.31971740722656,5.4,-2.1,-66.8,0.6900000000000001,0.14,0.64
122.32975888252258,5.2,-2.5,-67.0,0.73,0.13,0.63
122.3399486541748,5.5,-2.1,-66.9,0.71,0.15,0.63
122.35011100769043,5.300000000000001,-2.0,-66.9,0.68,0.15,0.63
122.35998582839966,5.4,-2.0,-66.9,0.6900000000000001,0.14,0.64
122.37016344070435,5.300000000000001,-2.0,-67.0,0.68,0.15,0.63
122.37996912002563,5.4,-2.1,-66.9,0.6900000000000001,0.15,0.64
122.38993883132935,5.4,-2.2,-67.0,0.71,0.16,0.63
122.39985823631287,5.5,-1.8,-67.0,0.68,0.14,0.64
122.41067624092102,5.2,-1.9000000000000001,-66.9,0.67,0.14,0.63
122.4197940826416,5.2,-1.9000000000000001,-66.7,0.67,0.15,0.63
122.42978119850159,5.300000000000001,-2.1,-66.8,0.7000000000000001,0.13,0.64
122.43974876403809,5.2,-1.6,-66.8,0.66,0.13,0.63
122.45012640953064,5.4,-2.1,-66.8,0.6900000000000001,0.15,0.64
122.45985102653503,5.6000000000000005,-2.1,-66.5,0.71,0.16,0.63
122.47021126747131,5.5,-2.2,-66.8,0.71,0.17,0.63
122.48004961013794,5.4,-1.7000000000000002,-66.3,0.66,0.15,0.64
122.49095869064331,5.4,-2.0,-66.60000000000001,0.67,0.15,0.64
122.49977445602417,5.7,-1.9000000000000001,-66.5,0.68,0.19,0.63
122.51074552536011,5.800000000000001,-2.3000000000000003,-66.60000000000001,0.73,0.19,0.64
122.51986193656921,5.5,-1.7000000000000002,-66.4,0.67,0.16,0.63
122.53006625175476,5.300000000000001,-1.9000000000000001,-66.5,0.67,0.15,0.64
122.53991031646729,5.6000000000000005,-2.2,-66.5,0.71,0.17,0.62
122.54981112480164,5.6000000000000005,-2.0,-66.8,0.6900000000000001,0.18,0.64
122.55991768836975,5.4,-1.8,-66.3,0.68,0.15,0.64
122.57033252716064,5.4,-2.1,-66.8,0.7000000000000001,0.15,0.63
122.58037829399109,5.4,-2.1,-66.7,0.6900000000000001,0.16,0.63
122.5900092124939,5.1000000000000005,-1.7000000000000002,-66.5,0.67,0.12,0.64
122.59979367256165,5.2,-1.8,-66.7,0.65,0.14,0.64
122.60983347892761,5.5,-2.2,-66.7,0.7000000000000001,0.16,0.63
122.62027931213379,5.6000000000000005,-2.3000000000000003,-66.9,0.72,0.16,0.63
122.62984275817871,5.2,-2.0,-66.60000000000001,0.68,0.14,0.64
122.63976812362671,5.300000000000001,-2.3000000000000003,-66.7,0.72,0.13,0.64
122.65087151527405,5.300000000000001,-2.1,-66.60000000000001,0.6900000000000001,0.14,0.63
122.65979790687561,5.1000000000000005,-1.9000000000000001,-66.8,0.68,0.13,0.63
122.67023158073425,5.4,-2.1,-66.7,0.71,0.14,0.64
122.68026566505432,5.2,-2.0,-66.7,0.67,0.13,0.63
122.69008779525757,5.300000000000001,-2.2,-66.8,0.7000000000000001,0.14,0.64
122.7007520198822,5.2,-1.9000000000000001,-66.60000000000001,0.6900000000000001,0.15,0.63
122.71026754379272,5.1000000000000005,-2.1,-66.9,0.6900000000000001,0.13,0.64
122.71997714042664,5.5,-2.2,-66.60000000000001,0.72,0.14,0.63
122.73008489608765,5.2,-1.9000000000000001,-66.60000000000001,0.67,0.13,0.64
122.74000310897827,5.1000000000000005,-1.9000000000000001,-66.7,0.68,0.13,0.64
122.75034308433533,5.4,-2.2,-66.8,0.7000000000000001,0.16,0.63
122.75997018814087,5.5,-2.4000000000000004,-66.60000000000001,0.73,0.15,0.64
122.77008080482483,5.2,-2.2,-66.5,0.72,0.13,0.64
122.78091859817505,5.300000000000001,-1.9000000000000001,-66.60000000000001,0.67,0.16,0.63
122.79005432128906,5.2,-1.9000000000000001,-66.5,0.67,0.14,0.63
122.79987478256226,5.4,-2.2,-66.5,0.71,0.13,0.64
122.8100414276123,5.300000000000001,-1.7000000000000002,-66.5,0.66,0.16,0.63
122.82078981399536,5.300000000000001,-1.7000000000000002,-66.3,0.64,0.14,0.64
122.83001279830933,5.5,-1.7000000000000002,-66.4,0.66,0.15,0.63
122.83984017372131,5.4,-2.1,-66.4,0.7000000000000001,0.15,0.64
122.85009860992432,5.2,-1.5,-66.4,0.65,0.14,0.63
122.86076617240906,5.4,-1.7000000000000002,-66.4,0.64,0.17,0.64
122.86986780166626,5.5,-2.2,-66.4,0.7000000000000001,0.16,0.63
122.88001585006714,5.300000000000001,-2.4000000000000004,-66.5,0.75,0.14,0.63
122.89090538024902,5.2,-1.8,-66.3,0.67,0.15,0.63
122.89989304542542,5.2,-2.0,-66.5,0.67,0.14,0.64
122.91010046005249,5.4,-2.2,-66.5,0.72,0.14,0.63
122.92066597938538,5.300000000000001,-2.0,-66.5,0.6900000000000001,0.16,0.63
122.93060755729675,5.2,-1.9000000000000001,-66.5,0.68,0.14,0.64
122.94003653526306,5.4,-2.4000000000000004,-66.60000000000001,0.73,0.14,0.63
122.95072364807129,5.2,-2.2,-66.8,0.71,0.13,0.63
122.95993399620056,5.1000000000000005,-1.8,-66.60000000000001,0.66,0.13,0.64
122.9700756072998,5.300000000000001,-2.0,-66.8,0.68,0.13,0.64
122.98109817504883,5.300000000000001,-2.0,-66.8,0.6900000000000001,0.14,0.63
122.9910991191864,5.1000000000000005,-1.8,-66.8,0.67,0.11,0.64
123.00097393989563,5.1000000000000005,-2.2,-66.7,0.7000000000000001,0.13,0.63
123.00996327400208,5.1000000000000005,-2.2,-66.5,0.71,0.12,0.64
123.0197913646698,5.0,-1.5,-66.8,0.65,0.12,0.63
123.03053951263428,4.9,-1.7000000000000002,-66.4,0.64,0.1,0.64
123.03973197937012,5.5,-2.1,-66.7,0.7000000000000001,0.14,0.63
123.05071234703064,5.300000000000001,-2.7,-66.5,0.76,0.14,0.63
123.06089377403259,5.2,-2.3000000000000003,-66.5,0.73,0.15,0.63
123.069828748703,5.2,-2.1,-66.5,0.7000000000000001,0.14,0.64
123.08035707473755,5.4,-2.3000000000000003,-66.4,0.7000000000000001,0.16,0.62
123.09079265594482,5.4,-2.1,-66.5,0.7000000000000001,0.16,0.63
123.09981346130371,5.2,-1.8,-66.3,0.67,0.13,0.64
123.11076807975769,5.300000000000001,-2.5,-66.3,0.75,0.14,0.63
123.12073922157288,5.4,-2.2,-66.4,0.72,0.16,0.63
123.13073015213013,5.2,-1.8,-66.3,0.66,0.14,0.64
123.13967442512512,5.1000000000000005,-1.5,-66.2,0.64,0.11,0.63
123.15085744857788,5.2,-1.4000000000000001,-66.5,0.63,0.12,0.64
123.16000318527222,5.4,-1.9000000000000001,-66.4,0.67,0.15,0.63
123.17000341415405,5.4,-2.1,-66.10000000000001,0.72,0.15,0.63
123.18008399009705,5.4,-2.0,-66.3,0.6900000000000001,0.17,0.63
123.19080066680908,5.2,-1.5,-66.3,0.65,0.14,0.63
123.1999306678772,5.2,-1.6,-66.3,0.64,0.14,0.64
123.21008229255676,5.1000000000000005,-1.9000000000000001,-66.2,0.68,0.11,0.63
123.22011208534241,5.1000000000000005,-1.9000000000000001,-66.4,0.67,0.13,0.63
123.23001337051392,5.2,-1.9000000000000001,-66.5,0.6900000000000001,0.13,0.64
123.23979616165161,5.4,-1.7000000000000002,-66.4,0.67,0.15,0.63
123.25021576881409,5.1000000000000005,-1.9000000000000001,-66.4,0.66,0.14,0.64
123.26008915901184,5.2,-1.8,-66.4,0.68,0.12,0.64
123.26995062828064,5.1000000000000005,-2.0,-66.4,0.68,0.13,0.63
123.27982020378113,5.2,-2.1,-66.7,0.7000000000000001,0.13,0.64
123.29038214683533,5.2,-2.1,-66.7,0.71,0.14,0.63
123.30021786689758,5.2,-2.2,-66.5,0.71,0.13,0.64
123.30991101264954,5.0,-2.4000000000000004,-66.7,0.73,0.12,0.64
123.32024097442627,5.1000000000000005,-2.3000000000000003,-66.60000000000001,0.72,0.13,0.63
123.33093190193176,5.300000000000001,-2.3000000000000003,-66.60000000000001,0.71,0.15,0.63
123.3397867679596,4.9,-1.9000000000000001,-66.60000000000001,0.67,0.1,0.64
123.34993600845337,5.0,-2.3000000000000003,-66.60000000000001,0.72,0.1,0.64
123.36004877090454,4.9,-1.9000000000000001,-66.3,0.66,0.12,0.63
123.37051630020142,5.0,-1.9000000000000001,-66.60000000000001,0.67,0.11,0.64
123.37981677055359,5.0,-2.0,-66.3,0.6900000000000001,0.13,0.63
123.39004182815552,4.9,-2.2,-66.5,0.71,0.1,0.64
123.40009665489197,5.1000000000000005,-1.9000000000000001,-66.3,0.7000000000000001,0.13,0.63
123.41071844100952,5.1000000000000005,-1.7000000000000002,-66.4,0.66,0.13,0.64
123.42068791389465,5.1000000000000005,-1.8,-66.3,0.67,0.13,0.64
123.43002414703369,5.2,-2.1,-66.3,0.7000000000000001,0.12,0.64
123.43992352485657,5.4,-1.9000000000000001,-66.0,0.71,0.16,0.62
123.44972038269043,5.2,-1.5,-66.3,0.65,0.15,0.64
123.46037793159485,5.5,-1.8,-66.0,0.65,0.16,0.64
123.47012710571289,5.5,-2.3000000000000003,-66.10000000000001,0.71,0.16,0.63
123.47997045516968,5.4,-2.0,-66.10000000000001,0.71,0.15,0.64
123.49066758155823,5.300000000000001,-2.0,-65.9,0.68,0.15,0.64
123.49981617927551,5.4,-2.1,-66.0,0.7000000000000001,0.15,0.63
123.5101375579834,5.300000000000001,-2.3000000000000003,-65.9,0.72,0.14,0.64
123.51980829238892,5.1000000000000005,-1.9000000000000001,-65.9,0.6900000000000001,0.14,0.63
123.53086638450623,5.6000000000000005,-1.9000000000000001,-66.2,0.68,0.16,0.64
123.54012680053711,5.2,-1.6,-66.0,0.65,0.12,0.64
123.54990673065186,5.0,-1.5,-66.10000000000001,0.65,0.1,0.64
123.56002831459045,5.0,-1.5,-66.2,0.64,0.12,0.63
123.56996965408325,5.2,-1.8,-66.2,0.67,0.14,0.63
123.58007192611694,5.2,-1.8,-66.3,0.67,0.14,0.63
123.59040093421936,5.0,-2.0,-66.2,0.7000000000000001,0.13,0.64
123.59980750083923,5.1000000000000005,-2.2,-66.3,0.71,0.11,0.63
123.61071920394897,5.1000000000000005,-2.2,-66.2,0.71,0.14,0.62
123.61992716789246,5.1000000000000005,-1.7000000000000002,-66.5,0.66,0.13,0.64
123.62983393669128,4.9,-1.9000000000000001,-66.2,0.67,0.09,0.65
123.64076900482178,5.300000000000001,-1.8,-66.5,0.67,0.13,0.63
123.65021324157715,5.1000000000000005,-2.2,-66.60000000000001,0.7000000000000001,0.13,0.64
123.6600592136383,5.0,-2.0,-66.3,0.72,0.1,0.64
123.67003393173218,4.9,-2.1,-66.5,0.7000000000000001,0.11,0.64
123.6808533668518,5.0,-2.2,-66.7,0.7000000000000001,0.12,0.63
123.69035863876343,5.0,-2.0,-66.4,0.67,0.12,0.64
123.69997048377991,4.800000000000001,-2.2,-66.3,0.7000000000000001,0.1,0.63
123.71003651618958,5.0,-1.9000000000000001,-66.5,0.6900000000000001,0.12,0.63
123.72050666809082,5.2,-2.0,-66.2,0.6900000000000001,0.14,0.64
123.72981333732605,5.0,-1.7000000000000002,-66.4,0.67,0.12,0.63
123.74001026153564,5.0,-2.1,-66.0,0.6900000000000001,0.12,0.64
123.75036597251892,4.9,-1.9000000000000001,-66.60000000000001,0.6900000000000001,0.12,0.63
123.76042675971985,5.1000000000000005,-1.8,-65.9,0.68,0.12,0.64
123.76991653442383,5.0,-1.8,-66.10000000000001,0.68,0.11,0.63
123.7800087928772,5.4,-1.9000000000000001,-66.10000000000001,0.6900000000000001,0.14,0.63
123.79042649269104,5.1000000000000005,-1.8,-66.10000000000001,0.67,0.14,0.64
123.79978346824646,5.2,-1.8,-65.7,0.68,0.12,0.64
123.81074380874634,5.2,-1.9000000000000001,-66.3,0.67,0.14,0.63
123.82075381278992,5.4,-1.9000000000000001,-65.9,0.68,0.17,0.63
123.83071446418762,5.2,-1.7000000000000002,-65.9,0.65,0.13,0.64
123.83968114852905,5.5,-1.8,-65.7,0.68,0.14,0.63
123.85008025169373,5.300000000000001,-1.6,-66.10000000000001,0.66,0.14,0.64
123.86049294471741,5.4,-1.8,-65.9,0.66,0.15,0.63
123.8697772026062,5.6000000000000005,-2.1,-65.8,0.7000000000000001,0.16,0.63
123.88017320632935,5.300000000000001,-2.5,-66.10000000000001,0.75,0.15,0.64
123.89051914215088,5.300000000000001,-1.8,-65.8,0.67,0.16,0.63
123.8997905254364,5.1000000000000005,-1.7000000000000002,-65.9,0.65,0.12,0.65
123.91073679924011,4.9,-1.7000000000000002,-65.9,0.67,0.1,0.63
123.92070984840393,5.2,-1.8,-66.0,0.66,0.14,0.64
123.93034434318542,5.2,-1.8,-66.2,0.68,0.12,0.64
123.93974781036377,5.1000000000000005,-2.0,-66.10000000000001,0.7000000000000001,0.13,0.63
123.95014476776123,5.300000000000001,-1.9000000000000001,-66.4,0.6900000000000001,0.15,0.63
123.96153545379639,4.9,-1.6,-66.10000000000001,0.65,0.11,0.64
123.9698805809021,4.7,-1.6,-66.10000000000001,0.63,0.09,0.64
123.97990727424622,4.9,-2.4000000000000004,-66.2,0.71,0.08,0.64
123.98989033699036,5.1000000000000005,-2.0,-66.4,0.7000000000000001,0.12,0.63
124.00009536743164,5.0,-1.9000000000000001,-66.3,0.68,0.13,0.64
124.01006031036377,5.0,-2.2,-66.3,0.71,0.11,0.63
124.01984357833862,5.0,-2.4000000000000004,-66.4,0.72,0.12,0.64
124.03080368041992,4.9,-1.9000000000000001,-66.2,0.6900000000000001,0.1,0.64
124.04031801223755,4.800000000000001,-2.0,-66.0,0.67,0.1,0.63
124.05004549026489,4.800000000000001,-2.1,-66.3,0.68,0.08,0.64
124.06038475036621,5.0,-1.9000000000000001,-66.0,0.68,0.11,0.63
124.07039022445679,5.1000000000000005,-2.0,-66.10000000000001,0.6900000000000001,0.14,0.64
124.08028197288513,5.300000000000001,-1.8,-66.10000000000001,0.68,0.12,0.64
124.09031772613525,5.0,-1.7000000000000002,-66.2,0.66,0.12,0.64
124.10086965560913,5.0,-1.7000000000000002,-66.10000000000001,0.65,0.12,0.64
124.11105632781982,5.2,-1.7000000000000002,-66.0,0.66,0.13,0.63
124.12063336372375,5.2,-2.0,-66.0,0.72,0.14,0.63
124.13074493408203,5.2,-1.7000000000000002,-66.10000000000001,0.68,0.13,0.64
124.13976526260376,4.9,-1.3,-65.9,0.63,0.12,0.64
124.15074896812439,5.1000000000000005,-1.7000000000000002,-65.8,0.67,0.12,0.63
124.1597511768341,5.4,-2.1,-65.9,0.71,0.16,0.62
124.17041206359863,5.2,-1.9000000000000001,-65.8,0.7000000000000001,0.13,0.65
124.18015480041504,5.1000000000000005,-1.6,-65.7,0.65,0.15,0.63
124.1902642250061,5.2,-2.0,-65.9,0.68,0.13,0.64
124.20059108734131,5.1000000000000005,-1.7000000000000002,-65.9,0.67,0.13,0.63
124.2104880809784,5.2,-2.0,-65.5,0.68,0.14,0.64
124.21992015838623,5.2,-2.0,-65.8,0.6900000000000001,0.12,0.64
124.2308087348938,5.300000000000001,-2.2,-66.10000000000001,0.71,0.16,0.63
124.24090814590454,5.300000000000001,-2.0,-65.8,0.6900000000000001,0.15,0.64
124.24978828430176,5.2,-2.1,-65.7,0.6900000000000001,0.13,0.64
124.25979495048523,5.2,-2.3000000000000003,-65.8,0.72,0.13,0.63
124.27073001861572,5.2,-1.9000000000000001,-66.3,0.68,0.16,0.63
124.28008770942688,5.1000000000000005,-1.6,-66.0,0.65,0.11,0.64
124.28996276855469,4.800000000000001,-2.0,-65.9,0.7000000000000001,0.09,0.63
124.30077171325684,4.800000000000001,-1.8,-66.2,0.68,0.1,0.64
124.3107807636261,4.800000000000001,-1.4000000000000001,-66.2,0.64,0.1,0.63
124.32073712348938,4.7,-1.8,-66.0,0.67,0.08,0.64
124.3307535648346,4.9,-1.8,-66.2,0.68,0.09,0.64
124.33995699882507,4.800000000000001,-1.9000000000000001,-66.2,0.68,0.1,0.64
124.34981322288513,5.300000000000001,-2.0,-66.10000000000001,0.7000000000000001,0.12,0.63
124.36014485359192,5.2,-2.3000000000000003,-66.3,0.72,0.15,0.63
124.37124991416931,5.1000000000000005,-1.7000000000000002,-66.10000000000001,0.68,0.11,0.64
124.37995791435242,4.800000000000001,-1.8,-65.9,0.65,0.09,0.64
124.3899302482605,4.9,-2.1,-66.0,0.7000000000000001,0.08,0.63
124.39995098114014,5.1000000000000005,-1.9000000000000001,-65.9,0.68,0.13,0.63
124.4107620716095,5.1000000000000005,-2.0,-65.9,0.6900000000000001,0.13,0.64
124.41974520683289,5.300000000000001,-2.3000000000000003,-65.9,0.72,0.16,0.62
124.42973065376282,5.2,-1.9000000000000001,-65.8,0.7000000000000001,0.12,0.65
124.44070053100586,5.1000000000000005,-1.7000000000000002,-65.9,0.67,0.12,0.63
124.44979286193848,5.2,-1.8,-65.8,0.67,0.14,0.64
124.45983147621155,5.1000000000000005,-1.6,-65.7,0.67,0.12,0.63
124.47155332565308,5.300000000000001,-1.6,-65.8,0.66,0.14,0.63
124.48031330108643,5.2,-1.7000000000000002,-65.9,0.66,0.14,0.64
124.48985433578491,5.2,-1.9000000000000001,-65.5,0.6900000000000001,0.12,0.63
124.5002338886261,5.0,-1.4000000000000001,-65.9,0.64,0.13,0.64
124.51037645339966,5.0,-1.2000000000000002,-65.9,0.62,0.11,0.64
124.51976752281189,5.1000000000000005,-1.6,-65.8,0.65,0.13,0.63
124.52988839149475,5.2,-1.9000000000000001,-66.0,0.7000000000000001,0.13,0.64
124.53995108604431,5.4,-1.4000000000000001,-65.9,0.67,0.13,0.64
124.54974007606506,5.0,-1.8,-65.8,0.66,0.13,0.64
124.55983281135559,5.2,-2.0,-66.0,0.7000000000000001,0.14,0.63
124.57120370864868,5.1000000000000005,-2.0,-65.8,0.6900000000000001,0.13,0.64
124.58028602600098,5.1000000000000005,-1.5,-65.8,0.64,0.12,0.64
124.58987712860107,5.0,-2.2,-65.9,0.7000000000000001,0.1,0.64
124.6008071899414,5.300000000000001,-1.8,-66.0,0.68,0.12,0.63
124.61078882217407,5.2,-2.2,-65.8,0.7000000000000001,0.13,0.64
124.62076044082642,5.1000000000000005,-2.6,-65.9,0.75,0.12,0.63
124.63063669204712,5.2,-2.5,-65.7,0.76,0.14,0.64
124.63990139961243,5.0,-2.0,-65.9,0.7000000000000001,0.12,0.63
124.6499125957489,5.0,-1.8,-65.8,0.68,0.11,0.64
124.66013860702515,5.1000000000000005,-2.0,-66.2,0.6900000000000001,0.13,0.63
124.67160868644714,4.9,-1.6,-65.9,0.67,0.1,0.64
124.67987036705017,4.9,-1.9000000000000001,-65.7,0.67,0.11,0.63
124.68984007835388,5.1000000000000005,-2.2,-66.0,0.72,0.11,0.63
124.69985818862915,5.1000000000000005,-1.4000000000000001,-66.10000000000001,0.66,0.11,0.63
124.71009469032288,4.7,-1.3,-65.8,0.62,0.11,0.64
124.72087478637695,4.800000000000001,-1.5,-66.10000000000001,0.64,0.09,0.63
124.7297260761261,5.0,-1.8,-66.0,0.67,0.11,0.64
124.74043488502502,4.9,-1.7000000000000002,-65.8,0.6900000000000001,0.1,0.64
124.75023651123047,5.2,-1.7000000000000002,-65.8,0.67,0.12,0.63
124.75975823402405,5.1000000000000005,-1.8,-65.7,0.67,0.14,0.64
124.77039337158203,5.1000000000000005,-1.6,-65.60000000000001,0.66,0.12,0.64
124.78070163726807,5.300000000000001,-1.5,-65.7,0.66,0.14,0.64
124.79051685333252,5.2,-1.8,-65.8,0.66,0.13,0.64
124.80017066001892,5.1000000000000005,-1.7000000000000002,-65.5,0.67,0.11,0.64
124.81029796600342,5.300000000000001,-2.0,-65.7,0.7000000000000001,0.15,0.64
124.82005190849304,5.5,-2.1,-65.7,0.72,0.16,0.63
124.82979917526245,5.4,-1.9000000000000001,-65.5,0.71,0.16,0.63
124.84027862548828,5.2,-1.6,-65.9,0.66,0.15,0.64
124.8505551815033,5.1000000000000005,-1.6,-65.8,0.65,0.13,0.63
124.85976839065552,5.2,-1.7000000000000002,-65.7,0.67,0.13,0.64
124.86979150772095,4.9,-1.7000000000000002,-65.60000000000001,0.68,0.1,0.64
124.88032746315002,5.2,-1.8,-66.10000000000001,0.68,0.14,0.63
124.89110255241394,5.1000000000000005,-1.6,-66.0,0.67,0.12,0.64
124.8997859954834,5.0,-1.9000000000000001,-65.9,0.67,0.11,0.64
124.90997052192688,4.7,-1.7000000000000002,-65.9,0.68,0.08,0.63
124.92021799087524,4.800000000000001,-1.5,-66.2,0.65,0.11,0.64
124.92977499961853,5.1000000000000005,-1.7000000000000002,-65.9,0.65,0.11,0.64
124.93975877761841,4.9,-1.9000000000000001,-66.0,0.68,0.11,0.62
124.95016169548035,5.1000000000000005,-2.0,-66.0,0.7000000000000001,0.12,0.65
124.96082854270935,5.0,-2.0,-65.9,0.7000000000000001,0.12,0.63
124.96992588043213,4.9,-1.9000000000000001,-65.8,0.6900000000000001,0.11,0.64
124.98022174835205,5.0,-1.9000000000000001,-65.9,0.68,0.12,0.64
124.9900381565094,5.0,-1.8,-65.9,0.68,0.11,0.63
124.99982810020447,5.300000000000001,-1.8,-65.8,0.68,0.13,0.64
125.01004481315613,5.300000000000001,-2.3000000000000003,-65.7,0.72,0.15,0.63
125.01996183395386,5.300000000000001,-2.2,-65.7,0.72,0.14,0.63
125.0298204421997,5.300000000000001,-2.1,-65.7,0.71,0.16,0.64
125.03983616828918,5.1000000000000005,-1.7000000000000002,-65.8,0.68,0.12,0.63
125.0501618385315,5.1000000000000005,-1.5,-65.60000000000001,0.65,0.11,0.64
125.06001591682434,5.1000000000000005,-1.6,-65.5,0.64,0.12,0.64
125.06978726387024,5.1000000000000005,-1.6,-65.7,0.67,0.12,0.63
125.08096837997437,5.2,-1.7000000000000002,-65.7,0.68,0.14,0.63
125.08996319770813,5.0,-1.6,-65.60000000000001,0.66,0.12,0.64
125.09990572929382,5.1000000000000005,-1.4000000000000001,-65.7,0.65,0.11,0.64
125.1106641292572,5.1000000000000005,-1.5,-65.7,0.64,0.13,0.63
125.12058806419373,5.2,-1.5,-65.7,0.65,0.13,0.64
125.1299078464508,5.1000000000000005,-1.5,-65.7,0.66,0.13,0.63
125.13978123664856,5.2,-1.7000000000000002,-65.60000000000001,0.68,0.13,0.64
125.15028476715088,5.2,-1.4000000000000001,-65.9,0.64,0.16,0.63
125.15988397598267,5.2,-1.6,-65.7,0.66,0.13,0.65
125.16986036300659,5.2,-1.4000000000000001,-65.7,0.67,0.12,0.63
125.18107676506042,5.0,-1.8,-65.7,0.67,0.12,0.64
125.19067478179932,5.1000000000000005,-1.7000000000000002,-65.7,0.68,0.12,0.64
125.19983625411987,5.0,-2.3000000000000003,-65.5,0.73,0.11,0.63
125.2100203037262,4.9,-1.9000000000000001,-65.8,0.7000000000000001,0.11,0.64
125.22020983695984,5.1000000000000005,-1.8,-65.8,0.67,0.13,0.63
125.23012828826904,5.2,-2.0,-65.60000000000001,0.71,0.13,0.63
125.24009275436401,5.300000000000001,-2.0,-65.60000000000001,0.7000000000000001,0.12,0.64
125.25029039382935,4.9,-1.8,-65.8,0.68,0.11,0.64
125.25988531112671,4.800000000000001,-1.6,-65.8,0.66,0.11,0.63
125.26988744735718,5.0,-1.8,-65.9,0.67,0.11,0.63
125.28073811531067,5.0,-1.7000000000000002,-65.8,0.67,0.12,0.63
125.29006862640381,4.800000000000001,-1.6,-65.8,0.66,0.1,0.64
125.30070304870605,4.800000000000001,-1.6,-65.8,0.66,0.1,0.64
125.31013655662537,4.7,-1.6,-65.8,0.66,0.09,0.63
125.31997537612915,4.800000000000001,-1.6,-65.8,0.67,0.1,0.64
125.3300712108612,4.9,-1.6,-65.7,0.67,0.09,0.63
125.33984279632568,5.0,-1.6,-65.7,0.66,0.11,0.64
125.35009503364563,5.0,-1.7000000000000002,-65.7,0.67,0.12,0.64
125.35996079444885,5.1000000000000005,-1.7000000000000002,-65.60000000000001,0.67,0.11,0.63
125.37029123306274,5.0,-1.8,-65.7,0.68,0.11,0.64
125.37990641593933,5.2,-1.9000000000000001,-65.60000000000001,0.6900000000000001,0.14,0.64
125.39080119132996,5.5,-2.1,-65.4,0.71,0.17,0.63
125.40074849128723,5.5,-2.1,-65.5,0.71,0.16,0.63
125.4097888469696,5.300000000000001,-1.9000000000000001,-65.5,0.7000000000000001,0.16,0.64
125.41980767250061,5.5,-1.6,-65.60000000000001,0.66,0.15,0.64
125.4299168586731,5.4,-1.8,-65.60000000000001,0.68,0.15,0.63
125.43984532356262,5.300000000000001,-1.8,-65.4,0.68,0.14,0.63
125.45024299621582,5.1000000000000005,-1.4000000000000001,-65.60000000000001,0.64,0.12,0.63
125.45994210243225,5.0,-1.6,-65.3,0.65,0.11,0.63
125.47026085853577,5.2,-1.4000000000000001,-65.5,0.64,0.12,0.64
125.47985172271729,5.0,-1.5,-65.4,0.64,0.12,0.64
125.4898955821991,5.0,-1.5,-65.4,0.66,0.11,0.63
125.5001482963562,5.0,-1.5,-65.7,0.64,0.12,0.63
125.51002192497253,5.0,-1.5,-65.7,0.65,0.11,0.64
125.5197639465332,5.2,-1.5,-65.5,0.66,0.12,0.64
125.52970218658447,5.0,-1.5,-65.7,0.65,0.11,0.63
125.54075598716736,5.1000000000000005,-1.5,-65.7,0.66,0.12,0.64
125.55006217956543,5.0,-1.7000000000000002,-65.5,0.66,0.13,0.63
125.56002402305603,5.1000000000000005,-1.8,-65.60000000000001,0.68,0.1,0.64
125.57055377960205,5.2,-2.0,-65.7,0.6900000000000001,0.14,0.63
125.58039784431458,5.2,-1.9000000000000001,-65.7,0.6900000000000001,0.13,0.64
125.58980655670166,4.9,-1.7000000000000002,-65.60000000000001,0.68,0.1,0.64
125.60002899169922,5.1000000000000005,-1.9000000000000001,-65.7,0.68,0.14,0.63
125.61015820503235,5.1000000000000005,-1.9000000000000001,-65.5,0.6900000000000001,0.13,0.63
125.62041568756104,5.2,-1.8,-65.8,0.6900000000000001,0.13,0.64
125.629958152771,5.1000000000000005,-1.9000000000000001,-65.60000000000001,0.7000000000000001,0.11,0.64
125.63994264602661,5.0,-1.8,-65.5,0.67,0.12,0.63
125.65087699890137,5.0,-2.0,-65.5,0.68,0.11,0.64
125.65978908538818,5.0,-1.7000000000000002,-65.5,0.67,0.12,0.63
125.67001438140869,4.800000000000001,-1.8,-65.60000000000001,0.6900000000000001,0.1,0.63
125.67987108230591,5.2,-1.5,-65.7,0.66,0.12,0.64
125.69099450111389,5.1000000000000005,-1.8,-65.7,0.67,0.13,0.64
125.69986391067505,4.9,-1.4000000000000001,-65.7,0.65,0.1,0.63
125.71077036857605,4.9,-1.6,-65.7,0.67,0.11,0.64
125.72058629989624,5.1000000000000005,-1.3,-65.7,0.65,0.14,0.62
125.72977447509766,5.1000000000000005,-1.4000000000000001,-65.7,0.64,0.11,0.65
125.73976302146912,5.0,-1.4000000000000001,-65.60000000000001,0.66,0.12,0.63
125.75006437301636,5.300000000000001,-1.7000000000000002,-65.60000000000001,0.67,0.15,0.64
125.76020574569702,5.2,-1.4000000000000001,-65.60000000000001,0.65,0.13,0.63
125.77027606964111,5.300000000000001,-1.8,-65.5,0.67,0.14,0.64
125.7802460193634,5.300000000000001,-2.0,-65.3,0.7000000000000001,0.14,0.64
125.79000067710876,5.5,-1.5,-65.4,0.66,0.15,0.63
125.79978394508362,5.5,-1.9000000000000001,-65.4,0.67,0.17,0.64
125.80979204177856,5.5,-1.8,-65.5,0.68,0.15,0.63
125.82062649726868,5.300000000000001,-1.9000000000000001,-65.5,0.68,0.15,0.64
125.82982420921326,5.300000000000001,-1.6,-65.4,0.67,0.13,0.63
125.83978915214539,5.0,-1.9000000000000001,-65.4,0.68,0.11,0.63
125.85089111328125,5.2,-1.9000000000000001,-65.4,0.6900000000000001,0.13,0.63
125.86021614074707,5.2,-1.6,-65.5,0.68,0.14,0.63
125.87009048461914,5.0,-1.6,-65.60000000000001,0.66,0.1,0.64
125.88007307052612,5.0,-1.6,-65.60000000000001,0.66,0.14,0.62
125.89010334014893,5.0,-1.4000000000000001,-65.60000000000001,0.65,0.11,0.64
125.89982056617737,5.0,-1.5,-65.7,0.65,0.11,0.64
125.90988278388977,4.9,-1.9000000000000001,-65.7,0.6900000000000001,0.1,0.64
125.92073345184326,5.0,-2.0,-65.60000000000001,0.7000000000000001,0.12,0.63
125.93023633956909,5.0,-1.8,-65.5,0.6900000000000001,0.11,0.64
125.9398581981659,5.0,-1.6,-65.7,0.68,0.11,0.64
125.95020008087158,4.9,-1.9000000000000001,-65.8,0.68,0.11,0.63
125.96092915534973,5.0,-1.7000000000000002,-65.60000000000001,0.66,0.11,0.64
125.96995258331299,4.9,-1.6,-65.60000000000001,0.66,0.11,0.64
125.98077249526978,4.9,-1.8,-65.60000000000001,0.68,0.09,0.64
125.99071550369263,5.1000000000000005,-1.9000000000000001,-65.7,0.68,0.12,0.63
126.00060772895813,4.9,-1.5,-65.7,0.64,0.09,0.64
126.00981545448303,5.0,-1.4000000000000001,-65.60000000000001,0.64,0.12,0.63
126.01990485191345,5.1000000000000005,-1.7000000000000002,-65.60000000000001,0.66,0.11,0.64
126.03030586242676,5.300000000000001,-1.5,-65.7,0.66,0.13,0.63
126.03983306884766,5.2,-1.8,-65.60000000000001,0.67,0.14,0.64
126.04985070228577,5.0,-1.6,-65.4,0.66,0.12,0.64
126.0609884262085,5.0,-1.8,-65.5,0.67,0.11,0.64
126.07049298286438,5.1000000000000005,-1.3,-65.5,0.65,0.13,0.63
126.07985544204712,4.9,-1.5,-65.10000000000001,0.64,0.1,0.64
126.09024477005005,5.1000000000000005,-1.5,-65.4,0.66,0.11,0.63
126.10013461112976,5.5,-1.9000000000000001,-65.60000000000001,0.68,0.18,0.63
126.10995125770569,5.4,-1.7000000000000002,-65.5,0.68,0.17,0.63
126.11974167823792,5.1000000000000005,-1.4000000000000001,-65.5,0.65,0.12,0.64
126.13013863563538,4.9,-1.7000000000000002,-65.5,0.66,0.1,0.64
126.13975167274475,5.0,-1.6,-65.4,0.67,0.11,0.63
126.1498920917511,4.9,-1.6,-65.4,0.66,0.11,0.63
126.16106796264648,5.1000000000000005,-1.7000000000000002,-65.4,0.67,0.11,0.63
126.17001557350159,5.300000000000001,-1.7000000000000002,-65.4,0.66,0.15,0.64
126.17984819412231,5.300000000000001,-1.7000000000000002,-65.5,0.66,0.14,0.64
126.19077205657959,5.4,-1.4000000000000001,-65.5,0.66,0.16,0.63
126.19988012313843,5.2,-1.7000000000000002,-65.5,0.66,0.15,0.65
126.20983743667603,5.0,-2.1,-65.2,0.7000000000000001,0.11,0.63
126.21988940238953,5.1000000000000005,-1.9000000000000001,-65.4,0.7000000000000001,0.12,0.63
126.22996401786804,5.2,-1.9000000000000001,-65.60000000000001,0.6900000000000001,0.12,0.64
126.24079155921936,5.2,-1.9000000000000001,-65.2,0.6900000000000001,0.13,0.63
126.24978709220886,5.2,-1.8,-65.5,0.68,0.14,0.64
126.26123476028442,5.1000000000000005,-1.8,-65.7,0.6900000000000001,0.12,0.64
126.2700583934784,5.2,-1.6,-65.60000000000001,0.67,0.15,0.63
126.27981400489807,5.0,-1.4000000000000001,-65.5,0.64,0.11,0.64
126.28994250297546,5.2,-1.2000000000000002,-65.8,0.62,0.11,0.64
126.30076503753662,5.1000000000000005,-1.7000000000000002,-65.60000000000001,0.67,0.12,0.64
126.30998373031616,4.9,-1.5,-65.7,0.66,0.09,0.64
126.31982660293579,4.6000000000000005,-1.6,-65.9,0.66,0.07,0.64
126.3301317691803,4.800000000000001,-1.6,-65.7,0.67,0.09,0.63
126.33980059623718,5.0,-1.8,-65.7,0.68,0.11,0.64
126.34986543655396,5.0,-1.3,-65.7,0.64,0.13,0.63
126.36014819145203,4.9,-1.7000000000000002,-65.7,0.65,0.1,0.65
126.37129545211792,5.2,-1.9000000000000001,-65.5,0.6900000000000001,0.1,0.64
126.37988209724426,4.9,-1.9000000000000001,-65.5,0.6900000000000001,0.11,0.64
126.38988924026489,5.0,-2.1,-65.3,0.71,0.11,0.63
126.39994406700134,5.300000000000001,-1.9000000000000001,-65.7,0.6900000000000001,0.15,0.63
126.4098858833313,5.300000000000001,-1.6,-65.60000000000001,0.65,0.17,0.64
126.41974067687988,5.2,-1.7000000000000002,-65.4,0.68,0.14,0.63
126.43065547943115,5.1000000000000005,-1.7000000000000002,-65.5,0.67,0.11,0.64
126.43987727165222,5.1000000000000005,-1.5,-65.5,0.66,0.14,0.63
126.44978022575378,5.2,-1.5,-65.10000000000001,0.66,0.12,0.64
126.46020817756653,5.4,-1.5,-65.4,0.66,0.16,0.62
126.47012233734131,5.5,-1.5,-65.4,0.66,0.16,0.64
126.48072934150696,5.300000000000001,-1.4000000000000001,-65.60000000000001,0.65,0.15,0.63
126.49065279960632,5.300000000000001,-1.5,-65.2,0.66,0.15,0.64
126.50077986717224,5.0,-1.2000000000000002,-65.4,0.62,0.1,0.64
126.5107192993164,5.0,-1.6,-65.2,0.65,0.11,0.63
126.52001905441284,5.2,-1.5,-65.2,0.65,0.13,0.63
126.53040528297424,5.1000000000000005,-1.5,-65.4,0.65,0.13,0.64
126.54030513763428,5.2,-1.4000000000000001,-65.4,0.65,0.15,0.64
126.55038928985596,5.300000000000001,-1.4000000000000001,-65.3,0.64,0.14,0.64
126.56024384498596,5.300000000000001,-1.9000000000000001,-65.60000000000001,0.68,0.13,0.64
126.57076859474182,5.4,-1.7000000000000002,-65.60000000000001,0.68,0.16,0.63
126.58071804046631,5.2,-1.8,-65.60000000000001,0.68,0.14,0.64
126.59063339233398,4.800000000000001,-1.6,-65.60000000000001,0.66,0.09,0.64
126.6006908416748,5.0,-1.8,-65.8,0.68,0.12,0.64
126.6106436252594,5.1000000000000005,-1.9000000000000001,-65.7,0.6900000000000001,0.12,0.64
126.62059330940247,5.300000000000001,-1.7000000000000002,-65.7,0.67,0.15,0.63
126.62993741035461,5.1000000000000005,-2.0,-65.9,0.6900000000000001,0.13,0.64
126.64056253433228,5.0,-1.9000000000000001,-65.5,0.7000000000000001,0.11,0.64
126.65073490142822,5.0,-1.9000000000000001,-65.7,0.68,0.12,0.63
126.66034889221191,4.9,-1.7000000000000002,-65.5,0.66,0.09,0.64
126.67032217979431,4.7,-1.9000000000000001,-65.60000000000001,0.6900000000000001,0.08,0.64
126.68077659606934,5.2,-1.8,-65.7,0.68,0.12,0.63
126.6907548904419,5.2,-1.9000000000000001,-65.60000000000001,0.68,0.14,0.64
126.700847864151,5.1000000000000005,-1.7000000000000002,-65.60000000000001,0.67,0.12,0.64
126.71083235740662,5.4,-1.8,-65.60000000000001,0.68,0.15,0.64
126.71979784965515,5.4,-1.8,-65.5,0.67,0.15,0.64
126.73072171211243,5.2,-1.6,-65.5,0.66,0.13,0.64
126.74061822891235,5.2,-1.4000000000000001,-65.60000000000001,0.63,0.14,0.64
126.75070261955261,5.1000000000000005,-1.5,-65.4,0.66,0.12,0.64
126.76004433631897,5.300000000000001,-1.4000000000000001,-65.4,0.66,0.13,0.63
126.77083587646484,5.2,-1.4000000000000001,-65.5,0.64,0.13,0.64
126.78083753585815,5.300000000000001,-1.3,-65.4,0.64,0.15,0.63
126.79015374183655,5.2,-1.2000000000000002,-65.5,0.63,0.13,0.64
126.80021858215332,5.2,-1.4000000000000001,-65.3,0.66,0.13,0.63
126.81069993972778,5.300000000000001,-1.4000000000000001,-65.3,0.64,0.15,0.64
126.81984686851501,5.4,-1.5,-65.3,0.65,0.15,0.64
126.82981610298157,5.4,-1.9000000000000001,-65.3,0.7000000000000001,0.16,0.63
126.84006381034851,5.300000000000001,-1.6,-65.3,0.67,0.14,0.63
126.84989643096924,5.4,-1.6,-65.5,0.65,0.16,0.64
126.85978484153748,5.6000000000000005,-1.8,-65.3,0.68,0.16,0.63
126.87077832221985,5.2,-1.8,-65.3,0.68,0.13,0.63
126.88016414642334,5.2,-1.8,-65.4,0.67,0.13,0.64
126.88990879058838,5.0,-1.7000000000000002,-65.4,0.66,0.1,0.64
126.90071558952332,5.1000000000000005,-1.8,-65.60000000000001,0.68,0.12,0.63
126.91027736663818,5.300000000000001,-1.7000000000000002,-65.5,0.68,0.14,0.64
126.92002868652344,5.0,-1.4000000000000001,-65.7,0.64,0.13,0.63
126.92967224121094,5.0,-1.5,-65.7,0.65,0.11,0.64
126.94011211395264,5.1000000000000005,-1.4000000000000001,-65.7,0.63,0.11,0.64
126.95091366767883,4.9,-1.6,-65.60000000000001,0.66,0.11,0.64
126.96006941795349,4.800000000000001,-1.8,-65.60000000000001,0.6900000000000001,0.08,0.64
126.97103238105774,4.800000000000001,-1.4000000000000001,-65.60000000000001,0.64,0.1,0.63
126.97993779182434,5.1000000000000005,-1.9000000000000001,-65.60000000000001,0.68,0.13,0.64
126.98999834060669,5.2,-1.5,-65.60000000000001,0.65,0.13,0.63
127.00005578994751,5.1000000000000005,-1.6,-65.4,0.66,0.13,0.64
127.01006841659546,5.2,-1.7000000000000002,-65.60000000000001,0.67,0.14,0.63
127.01989221572876,4.9,-1.6,-65.4,0.67,0.1,0.63
127.02977657318115,5.0,-1.8,-65.4,0.68,0.11,0.63
127.04009675979614,5.1000000000000005,-1.9000000000000001,-65.4,0.68,0.13,0.63
127.05051898956299,5.2,-1.8,-65.4,0.67,0.13,0.64
127.06020832061768,5.2,-1.8,-65.60000000000001,0.6900000000000001,0.14,0.63
127.0704083442688,5.5,-1.8,-65.5,0.68,0.16,0.64
127.08055114746094,5.5,-1.9000000000000001,-65.4,0.68,0.17,0.64
127.08977031707764,5.4,-1.8,-65.3,0.68,0.14,0.64
127.10079097747803,5.2,-1.6,-65.4,0.65,0.14,0.64
127.11082625389099,5.4,-1.5,-65.4,0.65,0.16,0.63
127.12071967124939,5.2,-1.5,-65.4,0.65,0.13,0.64
127.13064646720886,5.1000000000000005,-1.4000000000000001,-65.4,0.65,0.12,0.63
127.1398696899414,5.2,-1.2000000000000002,-65.5,0.63,0.12,0.64
127.14994621276855,5.2,-1.4000000000000001,-65.4,0.64,0.15,0.63
127.15984177589417,5.2,-1.3,-65.4,0.64,0.13,0.63
127.17024660110474,5.2,-1.3,-65.5,0.65,0.14,0.64
127.18021512031555,5.2,-1.3,-65.5,0.64,0.12,0.64
127.18989944458008,5.300000000000001,-1.6,-65.4,0.66,0.13,0.63
127.19986772537231,5.300000000000001,-1.6,-65.5,0.67,0.14,0.63
127.20985913276672,5.300000000000001,-1.7000000000000002,-65.60000000000001,0.67,0.16,0.63
127.21994972229004,5.2,-1.8,-65.4,0.68,0.12,0.64
127.22979283332825,5.2,-1.9000000000000001,-65.3,0.68,0.12,0.63
127.24075388908386,5.2,-2.1,-65.3,0.7000000000000001,0.13,0.63
127.2498505115509,5.300000000000001,-1.8,-65.5,0.68,0.16,0.63
127.26063823699951,5.1000000000000005,-1.8,-65.60000000000001,0.66,0.12,0.64
127.27069401741028,5.300000000000001,-1.7000000000000002,-65.60000000000001,0.67,0.14,0.63
127.27975511550903,5.2,-2.0,-65.60000000000001,0.7000000000000001,0.14,0.64
127.29000854492188,5.1000000000000005,-1.7000000000000002,-65.7,0.68,0.13,0.63
127.30043482780457,5.0,-1.6,-65.7,0.66,0.11,0.64
127.3098840713501,5.0,-1.4000000000000001,-65.8,0.65,0.11,0.64
127.3200569152832,4.9,-1.3,-65.5,0.63,0.1,0.64
127.33027219772339,4.9,-1.2000000000000002,-65.60000000000001,0.61,0.1,0.64
127.3400547504425,5.300000000000001,-1.7000000000000002,-65.5,0.66,0.14,0.64
127.34976553916931,5.300000000000001,-1.5,-65.5,0.66,0.14,0.63
127.36058855056763,5.2,-1.9000000000000001,-65.4,0.6900000000000001,0.14,0.64
127.37012887001038,5.1000000000000005,-1.4000000000000001,-65.4,0.65,0.12,0.63
127.3798177242279,5.1000000000000005,-1.7000000000000002,-65.60000000000001,0.65,0.12,0.64
127.38987493515015,5.4,-1.9000000000000001,-65.3,0.68,0.13,0.63
127.40099620819092,5.5,-2.1,-65.3,0.7000000000000001,0.16,0.63
127.41044020652771,5.2,-1.6,-65.5,0.66,0.14,0.64
127.41973185539246,5.300000000000001,-1.9000000000000001,-65.4,0.68,0.14,0.64
127.43025135993958,5.5,-1.8,-65.3,0.67,0.15,0.62
127.44079566001892,5.6000000000000005,-1.6,-65.4,0.66,0.18,0.64
127.44984269142151,5.300000000000001,-1.7000000000000002,-65.5,0.67,0.15,0.64
127.45998120307922,5.2,-1.7000000000000002,-65.5,0.68,0.11,0.64
127.47060322761536,5.1000000000000005,-1.5,-65.60000000000001,0.65,0.13,0.63
127.48002791404724,5.2,-1.4000000000000001,-65.4,0.64,0.13,0.64
127.48988223075867,5.1000000000000005,-1.1,-65.5,0.62,0.13,0.63
127.50009036064148,5.2,-1.4000000000000001,-65.5,0.64,0.12,0.64
127.51111245155334,5.2,-1.5,-65.60000000000001,0.66,0.14,0.63
127.52065086364746,5.0,-1.6,-65.5,0.65,0.12,0.63
127.53074598312378,5.0,-1.5,-65.4,0.67,0.11,0.63
127.54036974906921,5.1000000000000005,-1.4000000000000001,-65.5,0.62,0.11,0.64
127.54977989196777,5.2,-1.7000000000000002,-65.4,0.65,0.14,0.64
127.56004881858826,5.4,-1.9000000000000001,-65.4,0.7000000000000001,0.15,0.62
127.5705292224884,5.300000000000001,-1.8,-65.5,0.68,0.14,0.64
127.5806519985199,5.300000000000001,-1.8,-65.5,0.68,0.14,0.63
127.58980560302734,5.300000000000001,-2.0,-65.5,0.6900000000000001,0.14,0.64
127.59984397888184,5.1000000000000005,-1.8,-65.3,0.67,0.12,0.63
127.61072611808777,5.4,-2.0,-65.5,0.7000000000000001,0.15,0.63
127.619802236557,5.5,-1.7000000000000002,-65.60000000000001,0.68,0.15,0.64
127.62999367713928,5.4,-1.5,-65.5,0.65,0.15,0.63
127.64077258110046,5.2,-1.5,-65.5,0.64,0.13,0.64
127.64982795715332,5.1000000000000005,-1.5,-65.60000000000001,0.65,0.13,0.63
127.65994954109192,5.0,-1.5,-65.5,0.64,0.11,0.64
127.67067337036133,5.300000000000001,-1.8,-65.5,0.6900000000000001,0.14,0.63
127.68066191673279,5.300000000000001,-1.5,-65.5,0.65,0.14,0.64
127.69024991989136,5.2,-1.3,-65.60000000000001,0.64,0.14,0.64
127.70074510574341,5.1000000000000005,-1.5,-65.4,0.66,0.12,0.64
127.71076726913452,5.1000000000000005,-1.4000000000000001,-65.4,0.64,0.12,0.63
127.72073984146118,5.300000000000001,-1.5,-65.60000000000001,0.66,0.15,0.63
127.73078799247742,5.300000000000001,-1.7000000000000002,-65.4,0.67,0.14,0.64
127.74058270454407,5.4,-1.5,-65.60000000000001,0.65,0.16,0.63
127.75026059150696,5.4,-1.5,-65.5,0.64,0.15,0.64
127.7601375579834,5.4,-1.9000000000000001,-65.4,0.68,0.15,0.64
127.7700548171997,5.4,-1.7000000000000002,-65.4,0.68,0.15,0.63
127.78074026107788,5.2,-1.8,-65.4,0.68,0.13,0.64
127.79099917411804,5.4,-1.6,-65.5,0.67,0.13,0.63
127.80087208747864,5.300000000000001,-1.8,-65.60000000000001,0.67,0.15,0.64
127.81081461906433,5.300000000000001,-1.7000000000000002,-65.4,0.67,0.13,0.64
127.82073855400085,5.2,-1.6,-65.5,0.66,0.14,0.64
127.83079361915588,5.2,-1.4000000000000001,-65.5,0.63,0.14,0.64
127.83988547325134,5.300000000000001,-1.6,-65.60000000000001,0.66,0.14,0.64
127.85015654563904,5.5,-1.6,-65.5,0.66,0.15,0.64
127.86034512519836,5.300000000000001,-1.7000000000000002,-65.60000000000001,0.67,0.14,0.64
127.86993026733398,5.2,-1.7000000000000002,-65.60000000000001,0.68,0.13,0.63
127.8804247379303,5.1000000000000005,-1.5,-65.4,0.65,0.12,0.64
127.89054203033447,5.2,-1.8,-65.4,0.68,0.13,0.64
127.90000128746033,5.300000000000001,-1.5,-65.5,0.66,0.14,0.63
127.90983414649963,5.4,-1.6,-65.5,0.65,0.16,0.64
127.92054915428162,5.300000000000001,-1.6,-65.5,0.66,0.13,0.64
127.93005990982056,5.2,-1.8,-65.4,0.67,0.13,0.63
127.93968367576599,5.2,-1.5,-65.4,0.66,0.13,0.63
127.95048260688782,5.2,-1.6,-65.3,0.65,0.12,0.64
127.95984935760498,5.300000000000001,-1.7000000000000002,-65.5,0.66,0.14,0.63
127.9701452255249,5.5,-1.6,-65.5,0.66,0.18,0.64
127.9807026386261,5.4,-1.8,-65.5,0.68,0.14,0.64
127.99001002311707,5.2,-1.9000000000000001,-65.7,0.68,0.13,0.64
127.9998209476471,5.300000000000001,-1.7000000000000002,-65.60000000000001,0.68,0.14,0.63
128.0100347995758,5.300000000000001,-1.6,-65.5,0.66,0.14,0.64
128.02062582969666,5.2,-1.4000000000000001,-65.5,0.64,0.13,0.64
128.02983260154724,5.4,-1.5,-65.5,0.66,0.16,0.63
128.0397162437439,5.5,-1.7000000000000002,-65.60000000000001,0.67,0.17,0.64
128.05071473121643,5.300000000000001,-1.5,-65.4,0.66,0.13,0.64
128.05973029136658,5.2,-1.6,-65.5,0.66,0.14,0.64
128.06973576545715,5.300000000000001,-2.0,-65.4,0.6900000000000001,0.13,0.64
128.08053040504456,5.2,-1.6,-65.4,0.67,0.11,0.63
128.09028458595276,5.1000000000000005,-1.4000000000000001,-65.60000000000001,0.65,0.14,0.64
128.1001045703888,5.2,-1.5,-65.3,0.64,0.15,0.63
128.1107518672943,5.2,-1.3,-65.5,0.63,0.12,0.63
128.12092518806458,5.4,-1.9000000000000001,-65.60000000000001,0.7000000000000001,0.14,0.63
128.13071727752686,5.300000000000001,-1.5,-65.5,0.66,0.14,0.64
128.13973712921143,5.2,-1.7000000000000002,-65.5,0.66,0.13,0.64
128.14997029304504,5.4,-1.8,-65.3,0.67,0.14,0.63
128.1600558757782,5.800000000000001,-1.9000000000000001,-65.60000000000001,0.6900000000000001,0.19,0.63
128.16999793052673,5.300000000000001,-1.6,-65.60000000000001,0.66,0.14,0.64
128.17985153198242,5.0,-1.7000000000000002,-65.5,0.6900000000000001,0.12,0.64
128.18991041183472,5.2,-1.9000000000000001,-65.60000000000001,0.67,0.12,0.64
128.20108199119568,5.4,-1.9000000000000001,-65.4,0.7000000000000001,0.16,0.62
128.21099853515625,5.2,-1.5,-65.5,0.65,0.14,0.64
128.2208149433136,5.1000000000000005,-1.5,-65.4,0.64,0.12,0.64
128.23087859153748,5.300000000000001,-1.8,-65.4,0.67,0.14,0.63
128.24066710472107,5.4,-1.6,-65.5,0.66,0.14,0.64
128.24990677833557,5.4,-1.6,-65.5,0.66,0.15,0.63
128.26013374328613,5.300000000000001,-1.6,-65.5,0.65,0.15,0.63
128.26986145973206,5.1000000000000005,-1.4000000000000001,-65.5,0.64,0.12,0.64
128.28019499778748,5.2,-1.5,-65.4,0.65,0.12,0.63
128.2908639907837,5.300000000000001,-1.7000000000000002,-65.4,0.67,0.14,0.63
128.30025005340576,5.300000000000001,-1.6,-65.60000000000001,0.66,0.14,0.64
128.3097915649414,5.4,-1.6,-65.5,0.66,0.16,0.63
128.32042336463928,5.4,-1.6,-65.5,0.66,0.15,0.64
128.3299160003662,5.2,-1.5,-65.5,0.64,0.12,0.64
128.3397843837738,5.300000000000001,-1.8,-65.5,0.66,0.14,0.63
128.34986209869385,5.300000000000001,-1.9000000000000001,-65.4,0.6900000000000001,0.15,0.63
128.36134219169617,5.300000000000001,-1.5,-65.4,0.65,0.13,0.64
128.3697633743286,5.300000000000001,-1.6,-65.5,0.65,0.14,0.64
128.3807508945465,5.5,-2.0,-65.3,0.67,0.15,0.64
128.39089798927307,5.6000000000000005,-1.9000000000000001,-65.5,0.7000000000000001,0.17,0.63
128.40060758590698,5.5,-1.9000000000000001,-65.5,0.6900000000000001,0.16,0.64
128.4097921848297,5.2,-1.6,-65.5,0.67,0.14,0.63
128.4198215007782,5.2,-1.9000000000000001,-65.60000000000001,0.68,0.12,0.64
128.43002843856812,5.4,-1.8,-65.4,0.68,0.13,0.63
128.43978190422058,5.300000000000001,-1.7000000000000002,-65.4,0.67,0.15,0.63
128.44994950294495,5.1000000000000005,-1.4000000000000001,-65.5,0.63,0.12,0.64
128.4610631465912,5.2,-1.6,-65.5,0.64,0.13,0.64
128.4697985649109,5.4,-1.6,-65.60000000000001,0.66,0.14,0.63
128.4801321029663,5.2,-1.4000000000000001,-65.4,0.64,0.13,0.63
128.49036383628845,5.2,-1.6,-65.60000000000001,0.66,0.14,0.63
128.5000684261322,5.300000000000001,-1.7000000000000002,-65.60000000000001,0.66,0.13,0.64
128.50990176200867,5.300000000000001,-1.7000000000000002,-65.5,0.68,0.13,0.63
128.51991844177246,5.2,-1.7000000000000002,-65.5,0.67,0.14,0.64
128.5299789905548,5.300000000000001,-1.7000000000000002,-65.60000000000001,0.66,0.14,0.64
128.5397982597351,5.5,-1.8,-65.60000000000001,0.68,0.15,0.63
128.5497682094574,5.4,-1.8,-65.5,0.68,0.15,0.63
128.56021857261658,5.300000000000001,-1.7000000000000002,-65.5,0.67,0.14,0.64
128.57099151611328,5.4,-1.8,-65.5,0.67,0.14,0.63
128.579833984375,5.300000000000001,-1.7000000000000002,-65.5,0.67,0.15,0.63
128.59015798568726,5.300000000000001,-1.8,-65.5,0.67,0.14,0.64
128.600017786026,5.4,-1.8,-65.5,0.68,0.14,0.63
128.6098780632019,5.300000000000001,-1.7000000000000002,-65.5,0.67,0.15,0.64
128.62052202224731,5.300000000000001,-1.6,-65.5,0.66,0.13,0.63
128.63012528419495,5.4,-1.9000000000000001,-65.60000000000001,0.68,0.14,0.63
128.64045310020447,5.300000000000001,-1.7000000000000002,-65.60000000000001,0.67,0.14,0.63
128.64992475509644,5.300000000000001,-1.9000000000000001,-65.60000000000001,0.68,0.14,0.64
128.66023421287537,5.300000000000001,-1.7000000000000002,-65.5,0.67,0.14,0.63
128.6699137687683,5.4,-1.7000000000000002,-65.5,0.67,0.14,0.64
128.67998909950256,5.4,-1.8,-65.5,0.68,0.16,0.63
128.68979239463806,5.300000000000001,-1.6,-65.60000000000001,0.66,0.14,0.64
128.70055222511292,5.300000000000001,-1.6,-65.60000000000001,0.66,0.13,0.64
128.71031618118286,5.300000000000001,-1.7000000000000002,-65.5,0.67,0.14,0.63
128.71968722343445,5.1000000000000005,-1.5,-65.5,0.65,0.12,0.64
128.72993922233582,5.2,-1.7000000000000002,-65.5,0.67,0.13,0.63
128.74040365219116,5.4,-1.9000000000000001,-65.5,0.6900000000000001,0.14,0.63
128.7498643398285,5.4,-1.6,-65.60000000000001,0.67,0.15,0.63
128.75999665260315,5.4,-1.5,-65.60000000000001,0.64,0.14,0.64
128.7709674835205,5.4,-1.4000000000000001,-65.5,0.64,0.16,0.63
128.7798089981079,5.4,-1.6,-65.60000000000001,0.66,0.15,0.64
128.78999137878418,5.300000000000001,-1.7000000000000002,-65.5,0.66,0.14,0.63
128.7998399734497,5.2,-1.6,-65.5,0.66,0.12,0.63
128.80993366241455,5.2,-1.7000000000000002,-65.5,0.66,0.13,0.64
128.8197145462036,5.4,-1.7000000000000002,-65.4,0.66,0.14,0.63
128.82999444007874,5.4,-1.7000000000000002,-65.5,0.66,0.15,0.63
128.84074640274048,5.4,-1.7000000000000002,-65.5,0.66,0.16,0.63
128.8497462272644,5.4,-1.7000000000000002,-65.5,0.67,0.14,0.63
128.8603653907776,5.2,-1.7000000000000002,-65.60000000000001,0.67,0.13,0.64
128.8705916404724,5.300000000000001,-1.8,-65.5,0.68,0.13,0.63
128.87981390953064,5.300000000000001,-1.8,-65.60000000000001,0.68,0.14,0.63
128.89002776145935,5.4,-1.8,-65.60000000000001,0.68,0.14,0.63
128.90089297294617,5.4,-1.8,-65.60000000000001,0.68,0.15,0.63
128.91091227531433,5.4,-1.7000000000000002,-65.7,0.67,0.15,0.63
128.9206883907318,5.300000000000001,-1.8,-65.60000000000001,0.68,0.14,0.63
128.93079447746277,5.300000000000001,-1.7000000000000002,-65.7,0.66,0.13,0.63
128.93986892700195,5.2,-1.9000000000000001,-65.60000000000001,0.68,0.13,0.63
128.94988489151,5.2,-1.9000000000000001,-65.7,0.7000000000000001,0.13,0.63
128.9607858657837,5.300000000000001,-1.8,-65.60000000000001,0.67,0.12,0.63
128.97039413452148,5.1000000000000005,-1.6,-65.7,0.65,0.13,0.63
128.97995781898499,5.1000000000000005,-1.7000000000000002,-65.60000000000001,0.66,0.13,0.64
128.98988223075867,5.2,-1.5,-65.60000000000001,0.65,0.12,0.63
129.00004363059998,5.2,-1.7000000000000002,-65.60000000000001,0.66,0.13,0.63
129.01042556762695,5.4,-1.7000000000000002,-65.60000000000001,0.67,0.14,0.63
129.01995825767517,5.4,-1.7000000000000002,-65.60000000000001,0.67,0.14,0.64
129.0307159423828,5.4,-1.7000000000000002,-65.60000000000001,0.67,0.15,0.63
129.04000973701477,5.4,-1.7000000000000002,-65.60000000000001,0.67,0.15,0.64
129.04990220069885,5.4,-1.9000000000000001,-65.5,0.68,0.14,0.63
129.0605185031891,5.4,-1.8,-65.60000000000001,0.68,0.14,0.63
129.07038760185242,5.4,-1.9000000000000001,-65.5,0.6900000000000001,0.15,0.64
129.08029627799988,5.5,-1.8,-65.5,0.67,0.15,0.63
129.0900456905365,5.5,-1.8,-65.60000000000001,0.67,0.17,0.63
129.09998726844788,5.5,-1.7000000000000002,-65.5,0.68,0.16,0.63
129.11070799827576,5.300000000000001,-1.4000000000000001,-65.60000000000001,0.64,0.13,0.63
129.12060022354126,5.2,-1.5,-65.60000000000001,0.64,0.13,0.64
129.12997460365295,5.4,-1.6,-65.60000000000001,0.66,0.14,0.63
129.13995218276978,5.300000000000001,-1.5,-65.60000000000001,0.65,0.14,0.63
129.14989829063416,5.2,-1.5,-65.60000000000001,0.66,0.13,0.63
129.15987586975098,5.1000000000000005,-1.7000000000000002,-65.7,0.66,0.12,0.63
129.17076778411865,5.2,-1.7000000000000002,-65.8,0.66,0.12,0.63
129.1799511909485,5.4,-2.1,-65.7,0.7000000000000001,0.15,0.63
129.189954996109,5.4,-2.0,-65.60000000000001,0.6900000000000001,0.15,0.63
129.20022344589233,5.300000000000001,-1.8,-65.7,0.67,0.14,0.63
129.2101013660431,5.4,-2.0,-65.8,0.7000000000000001,0.14,0.63
129.22063636779785,5.300000000000001,-2.0,-65.7,0.6900000000000001,0.13,0.63
129.22977256774902,5.2,-2.0,-65.7,0.6900000000000001,0.12,0.64
129.24037194252014,5.4,-2.3000000000000003,-65.7,0.71,0.14,0.63
129.24986338615417,5.5,-2.2,-65.8,0.71,0.16,0.63
129.25975251197815,5.4,-2.0,-65.7,0.7000000000000001,0.16,0.63
129.27012586593628,5.2,-1.7000000000000002,-65.7,0.66,0.12,0.64
129.2800931930542,5.300000000000001,-1.8,-65.7,0.67,0.12,0.63
129.28994750976562,5.4,-1.8,-65.60000000000001,0.68,0.15,0.63
129.30073857307434,5.4,-1.6,-65.7,0.66,0.15,0.63
129.30978059768677,5.2,-1.4000000000000001,-65.7,0.64,0.13,0.63
129.3198823928833,5.0,-1.5,-65.60000000000001,0.64,0.11,0.64
129.33076858520508,5.2,-1.6,-65.60000000000001,0.66,0.12,0.63
129.33969569206238,5.4,-1.7000000000000002,-65.7,0.67,0.15,0.63
129.35004019737244,5.300000000000001,-1.5,-65.60000000000001,0.65,0.15,0.63
129.36039519309998,5.4,-1.8,-65.5,0.67,0.15,0.63
129.3698012828827,5.5,-1.7000000000000002,-65.7,0.67,0.16,0.63
129.37979197502136,5.4,-1.7000000000000002,-65.60000000000001,0.66,0.15,0.63
129.3900384902954,5.4,-1.9000000000000001,-65.60000000000001,0.67,0.14,0.63
129.3998613357544,5.5,-2.0,-65.60000000000001,0.7000000000000001,0.14,0.63
129.40999269485474,5.4,-2.0,-65.60000000000001,0.6900000000000001,0.15,0.63
129.41982579231262,5.6000000000000005,-2.0,-65.60000000000001,0.6900000000000001,0.16,0.63
129.43049478530884,5.5,-1.8,-65.5,0.68,0.16,0.63
129.43980956077576,5.4,-1.5,-65.60000000000001,0.65,0.14,0.64
129.4501190185547,5.5,-1.8,-65.60000000000001,0.67,0.15,0.63
129.46094346046448,5.5,-1.8,-65.5,0.68,0.15,0.63
129.47050499916077,5.4,-1.8,-65.60000000000001,0.67,0.14,0.63
129.47975206375122,5.300000000000001,-1.7000000000000002,-65.60000000000001,0.66,0.15,0.63
129.490140914917,5.300000000000001,-1.7000000000000002,-65.5,0.65,0.14,0.63
129.50020599365234,5.2,-1.5,-65.60000000000001,0.65,0.13,0.63
129.50991797447205,5.1000000000000005,-1.5,-65.7,0.64,0.12,0.63
129.51966619491577,5.1000000000000005,-1.6,-65.8,0.65,0.12,0.63
129.52983260154724,5.1000000000000005,-1.5,-65.8,0.64,0.11,0.63
129.53996062278748,5.0,-1.4000000000000001,-65.9,0.64,0.11,0.63
129.54986119270325,5.0,-1.5,-65.9,0.64,0.11,0.63
129.5603482723236,4.9,-1.6,-66.0,0.65,0.1,0.63
129.57041120529175,4.9,-1.7000000000000002,-66.0,0.66,0.1,0.63
129.57992577552795,4.9,-1.8,-66.10000000000001,0.67,0.09,0.63
129.59018540382385,4.9,-2.0,-66.10000000000001,0.6900000000000001,0.1,0.63
129.60109519958496,4.9,-1.9000000000000001,-66.10000000000001,0.68,0.09,0.63
129.60993218421936,4.9,-2.0,-66.10000000000001,0.6900000000000001,0.1,0.63
129.6197166442871,4.9,-2.1,-66.10000000000001,0.6900000000000001,0.1,0.63
129.63012266159058,4.9,-2.2,-66.0,0.71,0.1,0.63
129.64089274406433,5.1000000000000005,-2.2,-66.0,0.71,0.11,0.63
129.6497402191162,5.2,-2.2,-66.0,0.71,0.12,0.63
129.66019296646118,5.2,-2.0,-66.0,0.6900000000000001,0.13,0.63
129.671217918396,5.300000000000001,-1.8,-65.8,0.67,0.14,0.63
129.68007516860962,5.300000000000001,-1.8,-65.8,0.67,0.14,0.63
129.69027876853943,5.2,-1.8,-65.8,0.68,0.12,0.63
129.70087337493896,5.2,-1.7000000000000002,-65.8,0.66,0.13,0.63
129.70993089675903,5.4,-1.6,-65.7,0.66,0.14,0.63
129.71984338760376,5.5,-1.5,-65.7,0.65,0.15,0.63
129.72975039482117,5.6000000000000005,-1.5,-65.60000000000001,0.65,0.16,0.63
129.74079060554504,5.6000000000000005,-1.6,-65.7,0.65,0.16,0.63
129.75003695487976,5.6000000000000005,-1.8,-65.5,0.68,0.16,0.63
129.7599413394928,5.6000000000000005,-1.7000000000000002,-65.5,0.67,0.17,0.63
129.77072596549988,5.7,-1.8,-65.5,0.67,0.18,0.63
129.78060007095337,5.7,-1.7000000000000002,-65.5,0.67,0.18,0.63
129.79006147384644,5.6000000000000005,-1.8,-65.60000000000001,0.67,0.17,0.63
129.79977250099182,5.4,-1.8,-65.60000000000001,0.68,0.15,0.63
129.81032967567444,5.4,-1.8,-65.7,0.67,0.14,0.63
129.82057428359985,5.300000000000001,-1.8,-65.8,0.67,0.14,0.63
129.82978892326355,5.300000000000001,-1.7000000000000002,-65.8,0.67,0.14,0.63
129.8404097557068,5.300000000000001,-1.7000000000000002,-65.9,0.66,0.14,0.63
129.8499321937561,5.2,-1.8,-65.9,0.67,0.13,0.63
129.85980772972107,5.1000000000000005,-1.9000000000000001,-65.9,0.68,0.11,0.63
129.87042450904846,5.0,-1.9000000000000001,-66.0,0.68,0.11,0.63
129.87989807128906,5.1000000000000005,-2.0,-66.0,0.6900000000000001,0.11,0.63
129.88989901542664,5.1000000000000005,-2.0,-66.0,0.6900000000000001,0.12,0.63
129.89990639686584,5.1000000000000005,-2.0,-66.0,0.6900000000000001,0.12,0.63
129.91088318824768,5.1000000000000005,-2.1,-66.0,0.6900000000000001,0.12,0.63
129.92007279396057,5.1000000000000005,-2.0,-65.9,0.6900000000000001,0.11,0.63
129.9298231601715,5.1000000000000005,-2.0,-65.9,0.6900000000000001,0.12,0.63
129.93989419937134,5.2,-1.9000000000000001,-65.9,0.68,0.13,0.63
129.95074701309204,5.300000000000001,-1.8,-65.8,0.68,0.13,0.63
129.9597373008728,5.300000000000001,-1.8,-65.8,0.68,0.13,0.63
129.97017240524292,5.300000000000001,-1.8,-65.7,0.67,0.14,0.63
129.98130416870117,5.4,-1.7000000000000002,-65.7,0.67,0.14,0.63
129.99072694778442,5.5,-1.7000000000000002,-65.7,0.66,0.15,0.63
130.00069522857666,5.5,-1.7000000000000002,-65.7,0.66,0.16,0.63
130.01034903526306,5.5,-1.6,-65.60000000000001,0.66,0.16,0.63
130.02071142196655,5.5,-1.7000000000000002,-65.7,0.66,0.15,0.63
130.02978134155273,5.5,-1.8,-65.5,0.68,0.15,0.63
130.03995084762573,5.5,-1.7000000000000002,-65.60000000000001,0.66,0.15,0.63
130.05097126960754,5.5,-1.7000000000000002,-65.7,0.66,0.16,0.63
130.05972599983215,5.5,-1.8,-65.60000000000001,0.67,0.15,0.63
130.07020235061646,5.4,-1.8,-65.7,0.67,0.15,0.63
130.08016443252563,5.4,-1.8,-65.8,0.68,0.14,0.63
130.0898039340973,5.300000000000001,-1.9000000000000001,-65.8,0.68,0.14,0.63
130.10074138641357,5.300000000000001,-1.7000000000000002,-65.8,0.67,0.14,0.63
130.11069798469543,5.300000000000001,-1.9000000000000001,-65.9,0.68,0.14,0.63
130.12076425552368,5.2,-1.9000000000000001,-65.9,0.68,0.13,0.63
130.13069605827332,5.1000000000000005,-1.8,-65.9,0.68,0.12,0.64
130.14024090766907,5.1000000000000005,-1.9000000000000001,-65.9,0.68,0.12,0.63
130.15082430839539,5.1000000000000005,-1.9000000000000001,-65.9,0.68,0.12,0.63
130.16019821166992,5.1000000000000005,-1.8,-66.0,0.67,0.12,0.63
130.17070174217224,5.1000000000000005,-2.0,-65.9,0.68,0.12,0.63
130.18056774139404,5.2,-1.9000000000000001,-65.9,0.6900000000000001,0.12,0.63
130.18996787071228,5.1000000000000005,-2.0,-65.9,0.6900000000000001,0.12,0.63
130.20067143440247,5.2,-1.9000000000000001,-65.9,0.6900000000000001,0.13,0.63
130.21043729782104,5.300000000000001,-1.9000000000000001,-65.8,0.68,0.13,0.63
130.2198715209961,5.300000000000001,-1.9000000000000001,-65.8,0.68,0.14,0.63
130.23013997077942,5.300000000000001,-1.9000000000000001,-65.8,0.68,0.14,0.63
130.24000549316406,5.300000000000001,-1.8,-65.8,0.68,0.14,0.63
130.2502052783966,5.4,-1.8,-65.8,0.67,0.14,0.63
130.2605857849121,5.4,-1.7000000000000002,-65.7,0.66,0.15,0.63
130.269775390625,5.5,-1.7000000000000002,-65.7,0.66,0.15,0.63
130.28064250946045,5.4,-1.7000000000000002,-65.7,0.66,0.15,0.63
130.29058480262756,5.4,-1.7000000000000002,-65.7,0.67,0.14,0.63
130.30054235458374,5.4,-1.7000000000000002,-65.7,0.67,0.15,0.63
130.3099970817566,5.5,-1.7000000000000002,-65.7,0.67,0.15,0.63
130.3198652267456,5.5,-1.8,-65.7,0.67,0.15,0.63
130.32980108261108,5.4,-1.8,-65.7,0.67,0.15,0.63
130.33970546722412,5.4,-1.9000000000000001,-65.7,0.68,0.14,0.63
130.35063934326172,5.300000000000001,-1.9000000000000001,-65.7,0.68,0.14,0.63
130.3598928451538,5.300000000000001,-1.9000000000000001,-65.7,0.68,0.14,0.63
130.36985421180725,5.300000000000001,-1.8,-65.8,0.68,0.14,0.63
130.37998795509338,5.300000000000001,-1.9000000000000001,-65.9,0.68,0.13,0.63
130.3904128074646,5.2,-1.8,-65.9,0.68,0.13,0.63
130.39971733093262,5.2,-1.8,-65.9,0.68,0.12,0.63
130.40972566604614,5.2,-1.8,-65.9,0.68,0.12,0.63
130.42040014266968,5.2,-1.9000000000000001,-65.9,0.68,0.13,0.63
130.43098092079163,5.2,-1.8,-66.0,0.68,0.13,0.63
130.43970704078674,5.2,-1.9000000000000001,-65.9,0.68,0.12,0.63
130.45074820518494,5.2,-2.0,-65.9,0.6900000000000001,0.13,0.63
130.45979356765747,5.2,-1.9000000000000001,-65.9,0.68,0.13,0.63
130.46990394592285,5.300000000000001,-1.9000000000000001,-65.8,0.68,0.13,0.63
130.48142886161804,5.300000000000001,-1.8,-65.8,0.68,0.14,0.63
130.490478515625,5.300000000000001,-1.8,-65.8,0.68,0.14,0.63
130.50081634521484,5.300000000000001,-1.8,-65.8,0.68,0.14,0.63
130.5106782913208,5.4,-1.8,-65.8,0.67,0.14,0.63
130.5208706855774,5.4,-1.7000000000000002,-65.7,0.67,0.14,0.63
130.53070187568665,5.4,-1.8,-65.8,0.67,0.15,0.63
130.54052472114563,5.4,-1.7000000000000002,-65.7,0.67,0.15,0.63
130.550222158432,5.4,-1.8,-65.7,0.67,0.15,0.63
130.5600152015686,5.4,-1.7000000000000002,-65.7,0.67,0.14,0.63
130.56985425949097,5.4,-1.8,-65.7,0.67,0.15,0.63
130.58083033561707,5.4,-1.8,-65.7,0.67,0.15,0.63
130.5910680294037,5.4,-1.8,-65.8,0.67,0.15,0.63
130.60072565078735,5.4,-1.8,-65.7,0.68,0.14,0.63
130.61036801338196,5.300000000000001,-1.8,-65.8,0.68,0.13,0.63
130.61985516548157,5.300000000000001,-1.9000000000000001,-65.8,0.68,0.13,0.63
130.62998700141907,5.300000000000001,-1.9000000000000001,-65.8,0.68,0.14,0.63
130.63975763320923,5.300000000000001,-1.8,-65.9,0.67,0.14,0.63
130.65024375915527,5.300000000000001,-1.9000000000000001,-65.8,0.68,0.13,0.63
130.66007900238037,5.2,-1.9000000000000001,-65.8,0.68,0.13,0.63
130.66995000839233,5.2,-1.9000000000000001,-65.9,0.68,0.12,0.63
130.68032550811768,5.2,-1.9000000000000001,-65.9,0.68,0.13,0.63
130.6902050971985,5.2,-1.8,-65.9,0.68,0.13,0.63
130.70048570632935,5.300000000000001,-1.8,-65.9,0.68,0.13,0.63
130.70990014076233,5.300000000000001,-1.8,-65.9,0.68,0.13,0.63
130.72002124786377,5.2,-1.9000000000000001,-65.9,0.68,0.13,0.63
130.73065161705017,5.300000000000001,-1.9000000000000001,-65.8,0.68,0.13,0.63
130.7397904396057,5.300000000000001,-1.8,-65.8,0.68,0.14,0.63
130.74996519088745,5.300000000000001,-1.8,-65.8,0.68,0.14,0.63
130.76104354858398,5.4,-1.8,-65.8,0.68,0.14,0.63
130.77018666267395,5.4,-1.8,-65.7,0.67,0.14,0.63
130.77984929084778,5.300000000000001,-1.8,-65.7,0.68,0.14,0.63
130.78997230529785,5.4,-1.8,-65.7,0.67,0.14,0.63
130.80079340934753,5.4,-1.8,-65.7,0.67,0.15,0.63
130.81065392494202,5.4,-1.7000000000000002,-65.7,0.67,0.15,0.63
130.82073950767517,5.4,-1.7000000000000002,-65.8,0.67,0.14,0.63
130.8308048248291,5.300000000000001,-1.8,-65.8,0.67,0.14,0.63
130.83971667289734,5.300000000000001,-1.8,-65.8,0.67,0.14,0.63
130.85003638267517,5.4,-1.8,-65.8,0.67,0.14,0.63
130.85986232757568,5.4,-1.8,-65.8,0.67,0.14,0.63
130.86996817588806,5.300000000000001,-1.8,-65.8,0.67,0.14,0.63
130.8798577785492,5.300000000000001,-1.9000000000000001,-65.8,0.68,0.14,0.63
130.89037537574768,5.300000000000001,-1.9000000000000001,-65.8,0.68,0.13,0.63
130.90066647529602,5.300000000000001,-1.9000000000000001,-65.8,0.68,0.13,0.63
130.90979075431824,5.300000000000001,-1.9000000000000001,-65.8,0.68,0.14,0.63
130.91991662979126,5.300000000000001,-1.9000000000000001,-65.8,0.68,0.13,0.63
130.93002700805664,5.300000000000001,-1.9000000000000001,-65.8,0.68,0.13,0.63
130.93990063667297,5.2,-1.9000000000000001,-65.9,0.68,0.13,0.63
130.94995427131653,5.2,-1.9000000000000001,-65.8,0.68,0.13,0.63
130.95995259284973,5.2,-1.8,-65.9,0.68,0.13,0.63
130.9702606201172,5.300000000000001,-1.8,-65.8,0.67,0.13,0.63
130.9797763824463,5.300000000000001,-1.8,-65.8,0.67,0.14,0.63
130.990642786026,5.300000000000001,-1.9000000000000001,-65.8,0.68,0.13,0.63
131.00004720687866,5.300000000000001,-1.8,-65.8,0.68,0.13,0.63
131.0101797580719,5.300000000000001,-1.8,-65.7,0.67,0.14,0.63
131.02064394950867,5.4,-1.8,-65.8,0.67,0.14,0.63
131.03063130378723,5.4,-1.8,-65.8,0.67,0.14,0.63
131.04007577896118,5.4,-1.8,-65.8,0.67,0.14,0.63
131.04973578453064,5.300000000000001,-1.8,-65.7,0.68,0.14,0.63
131.06026649475098,5.4,-1.8,-65.8,0.67,0.14,0.63
131.070086479187,5.4,-1.8,-65.7,0.67,0.14,0.63
131.08005714416504,5.4,-1.7000000000000002,-65.7,0.67,0.14,0.63
131.0901017189026,5.4,-1.8,-65.8,0.67,0.14,0.63
131.10078978538513,5.300000000000001,-1.8,-65.8,0.67,0.14,0.63
131.1108512878418,5.300000000000001,-1.8,-65.8,0.67,0.14,0.63
131.12073802947998,5.300000000000001,-1.8,-65.8,0.67,0.14,0.63
131.13027811050415,5.300000000000001,-1.8,-65.8,0.67,0.14,0.63
131.14002537727356,5.300000000000001,-1.8,-65.8,0.67,0.14,0.63
131.1498875617981,5.300000000000001,-1.8,-65.8,0.68,0.14,0.63
131.15998673439026,5.300000000000001,-1.9000000000000001,-65.8,0.68,0.13,0.63
131.17042112350464,5.300000000000001,-1.9000000000000001,-65.9,0.68,0.13,0.63
131.1818985939026,5.300000000000001,-1.8,-65.8,0.68,0.14,0.63
131.19079446792603,5.300000000000001,-1.8,-65.8,0.68,0.14,0.63
131.2005956172943,5.300000000000001,-1.9000000000000001,-65.8,0.68,0.13,0.63
131.21063208580017,5.300000000000001,-1.8,-65.9,0.68,0.13,0.63
131.21980953216553,5.2,-1.8,-65.8,0.68,0.13,0.63
131.2298653125763,5.300000000000001,-1.8,-65.8,0.68,0.14,0.63
131.2397837638855,5.300000000000001,-1.8,-65.8,0.67,0.14,0.63
131.25105476379395,5.300000000000001,-1.8,-65.8,0.67,0.14,0.63
131.25977230072021,5.300000000000001,-1.8,-65.8,0.68,0.14,0.63
131.27015137672424,5.300000000000001,-1.8,-65.8,0.68,0.14,0.63
131.28035068511963,5.300000000000001,-1.8,-65.8,0.67,0.14,0.63
131.2908353805542,5.4,-1.8,-65.8,0.67,0.14,0.63
131.29981589317322,5.4,-1.8,-65.8,0.67,0.14,0.63
131.30999898910522,5.300000000000001,-1.8,-65.8,0.67,0.14,0.63
131.32058811187744,5.4,-1.8,-65.7,0.67,0.14,0.63
131.33005785942078,5.300000000000001,-1.8,-65.8,0.68,0.14,0.63
131.33978605270386,5.4,-1.8,-65.7,0.67,0.14,0.63
131.3501317501068,5.4,-1.8,-65.8,0.67,0.14,0.63
131.3602340221405,5.300000000000001,-1.8,-65.7,0.67,0.14,0.63
131.36992049217224,5.300000000000001,-1.8,-65.8,0.67,0.14,0.63
131.38013529777527,5.300000000000001,-1.9000000000000001,-65.8,0.68,0.13,0.63
131.39073038101196,5.300000000000001,-1.8,-65.8,0.68,0.13,0.63
131.40016889572144,5.300000000000001,-1.8,-65.8,0.67,0.14,0.63
131.41049361228943,5.300000000000001,-1.8,-65.8,0.68,0.14,0.63
131.41979122161865,5.300000000000001,-1.8,-65.8,0.68,0.14,0.63
131.4304337501526,5.300000000000001,-1.9000000000000001,-65.8,0.68,0.13,0.63
131.44068789482117,5.300000000000001,-1.9000000000000001,-65.8,0.68,0.13,0.63
131.450457572937,5.300000000000001,-1.9000000000000001,-65.8,0.68,0.13,0.63
131.46069264411926,5.300000000000001,-1.8,-65.8,0.68,0.14,0.63
131.4700403213501,5.300000000000001,-1.8,-65.8,0.67,0.14,0.63
131.4809455871582,5.300000000000001,-1.8,-65.8,0.68,0.14,0.63
131.49065279960632,5.300000000000001,-1.9000000000000001,-65.8,0.68,0.13,0.63
131.50076985359192,5.300000000000001,-1.8,-65.8,0.68,0.13,0.63
131.50996279716492,5.300000000000001,-1.8,-65.8,0.67,0.14,0.63
131.52001667022705,5.4,-1.8,-65.8,0.67,0.14,0.63
131.53058648109436,5.4,-1.8,-65.8,0.67,0.14,0.63
131.5397915840149,5.300000000000001,-1.8,-65.8,0.67,0.14,0.63
131.55002546310425,5.300000000000001,-1.8,-65.7,0.68,0.13,0.63
131.561443567276,5.300000000000001,-1.8,-65.7,0.67,0.14,0.63
131.57017922401428,5.4,-1.8,-65.8,0.67,0.14,0.63
131.58002495765686,5.4,-1.8,-65.8,0.67,0.14,0.63
131.58993935585022,5.4,-1.8,-65.8,0.68,0.14,0.63
131.6006817817688,5.300000000000001,-1.8,-65.8,0.68,0.14,0.63
131.6098828315735,5.300000000000001,-1.8,-65.8,0.68,0.13,0.63
131.61977553367615,5.300000000000001,-1.8,-65.8,0.67,0.14,0.63
131.62994980812073,5.300000000000001,-1.8,-65.8,0.67,0.14,0.63
131.63995099067688,5.300000000000001,-1.8,-65.8,0.67,0.14,0.63
131.64990520477295,5.300000000000001,-1.8,-65.8,0.68,0.13,0.63
131.66030502319336,5.300000000000001,-1.8,-65.8,0.68,0.13,0.63
131.66991424560547,5.300000000000001,-1.9000000000000001,-65.8,0.68,0.13,0.63
131.67989659309387,5.300000000000001,-1.8,-65.8,0.68,0.14,0.63
131.68994188308716,5.300000000000001,-1.8,-65.8,0.67,0.14,0.63
131.70062732696533,5.300000000000001,-1.8,-65.8,0.68,0.14,0.63
131.71021795272827,5.300000000000001,-1.9000000000000001,-65.8,0.68,0.13,0.63
131.71985054016113,5.300000000000001,-1.8,-65.8,0.68,0.13,0.63
131.7306945323944,5.300000000000001,-1.8,-65.8,0.67,0.14,0.63
131.7399764060974,5.300000000000001,-1.8,-65.8,0.67,0.14,0.63
131.75058388710022,5.300000000000001,-1.8,-65.8,0.67,0.14,0.63
131.7598397731781,5.300000000000001,-1.8,-65.8,0.68,0.14,0.63
131.77010488510132,5.300000000000001,-1.8,-65.8,0.68,0.14,0.63
131.78108716011047,5.300000000000001,-1.8,-65.8,0.68,0.14,0.63
131.79005551338196,5.300000000000001,-1.8,-65.8,0.67,0.14,0.63
131.80073833465576,5.300000000000001,-1.8,-65.8,0.67,0.14,0.63
131.81000065803528,5.4,-1.8,-65.8,0.67,0.14,0.63
131.82071566581726,5.300000000000001,-1.8,-65.8,0.68,0.14,0.63
131.83066940307617,5.300000000000001,-1.8,-65.7,0.68,0.14,0.63
131.83986973762512,5.300000000000001,-1.8,-65.8,0.67,0.14,0.63
131.84993195533752,5.4,-1.8,-65.8,0.67,0.14,0.63
131.859787940979,5.300000000000001,-1.8,-65.8,0.67,0.14,0.63
131.87104749679565,5.300000000000001,-1.8,-65.8,0.67,0.14,0.63
131.88058376312256,5.300000000000001,-1.8,-65.8,0.68,0.14,0.63
131.88991832733154,5.300000000000001,-1.8,-65.8,0.68,0.14,0.63
131.9008584022522,5.300000000000001,-1.8,-65.8,0.67,0.14,0.63
131.90998220443726,5.300000000000001,-1.8,-65.8,0.68,0.14,0.63
131.9197976589203,5.300000000000001,-1.8,-65.8,0.68,0.14,0.63
131.92971777915955,5.300000000000001,-1.8,-65.8,0.68,0.13,0.63
131.94000840187073,5.300000000000001,-1.8,-65.8,0.68,0.13,0.63
131.9498336315155,5.300000000000001,-1.8,-65.8,0.68,0.13,0.63
131.9601411819458,5.300000000000001,-1.8,-65.8,0.68,0.14,0.63
131.97043824195862,5.300000000000001,-1.8,-65.8,0.67,0.14,0.63
131.98063707351685,5.300000000000001,-1.8,-65.8,0.67,0.14,0.63
131.98979663848877,5.300000000000001,-1.8,-65.8,0.68,0.14,0.63
132.0000102519989,5.300000000000001,-1.8,-65.8,0.68,0.14,0.63
132.00985050201416,5.300000000000001,-1.8,-65.8,0.68,0.13,0.63
132.01984930038452,5.300000000000001,-1.8,-65.8,0.67,0.14,0.63
132.02988457679749,5.300000000000001,-1.8,-65.8,0.67,0.14,0.63
132.0399842262268,5.4,-1.8,-65.7,0.67,0.14,0.63
132.04982948303223,5.300000000000001,-1.8,-65.8,0.67,0.14,0.63
132.06006741523743,5.300000000000001,-1.8,-65.8,0.68,0.14,0.63
132.07102870941162,5.300000000000001,-1.8,-65.8,0.67,0.14,0.63
132.0808868408203,5.300000000000001,-1.8,-65.7,0.67,0.14,0.63
132.08987665176392,5.300000000000001,-1.8,-65.8,0.67,0.14,0.63
132.09977269172668,5.300000000000001,-1.8,-65.8,0.67,0.14,0.63
132.11021280288696,5.300000000000001,-1.8,-65.8,0.68,0.14,0.63
132.11983728408813,5.300000000000001,-1.8,-65.8,0.68,0.13,0.63
132.12978649139404,5.300000000000001,-1.8,-65.8,0.68,0.14,0.63
132.14019632339478,5.300000000000001,-1.8,-65.8,0.67,0.14,0.63
132.14979720115662,5.300000000000001,-1.8,-65.8,0.67,0.14,0.63
132.15994787216187,5.300000000000001,-1.8,-65.8,0.68,0.14,0.63
132.1705231666565,5.300000000000001,-1.8,-65.8,0.68,0.13,0.63
132.17983508110046,5.300000000000001,-1.9000000000000001,-65.8,0.68,0.13,0.63
132.18982982635498,5.300000000000001,-1.8,-65.8,0.68,0.14,0.63
132.1997947692871,5.300000000000001,-1.8,-65.8,0.67,0.14,0.63
132.210613489151,5.300000000000001,-1.8,-65.7,0.67,0.14,0.63
132.21975564956665,5.300000000000001,-1.8,-65.8,0.68,0.13,0.63
132.22975850105286,5.300000000000001,-1.8,-65.8,0.68,0.13,0.63
132.24078059196472,5.300000000000001,-1.8,-65.8,0.68,0.14,0.63
132.25010132789612,5.300000000000001,-1.8,-65.8,0.67,0.14,0.63
132.25976300239563,5.300000000000001,-1.8,-65.8,0.67,0.14,0.63
132.2703709602356,5.300000000000001,-1.8,-65.8,0.68,0.14,0.63
132.28006172180176,5.300000000000001,-1.8,-65.8,0.68,0.13,0.63
132.29008603096008,5.300000000000001,-1.8,-65.8,0.68,0.13,0.63
132.30037760734558,5.300000000000001,-1.8,-65.8,0.67,0.14,0.63
132.31004190444946,5.300000000000001,-1.8,-65.8,0.67,0.14,0.63
132.32019758224487,5.4,-1.8,-65.8,0.67,0.14,0.63
132.32983589172363,5.300000000000001,-1.8,-65.8,0.68,0.14,0.63
132.34078764915466,5.300000000000001,-1.8,-65.8,0.68,0.13,0.63
132.3512418270111,5.300000000000001,-1.8,-65.8,0.68,0.14,0.63
132.35973000526428,5.300000000000001,-1.8,-65.8,0.67,0.14,0.63
132.37022638320923,5.300000000000001,-1.8,-65.8,0.67,0.14,0.63
132.3802638053894,5.300000000000001,-1.8,-65.8,0.67,0.14,0.63
132.38994908332825,5.300000000000001,-1.8,-65.8,0.68,0.13,0.63
132.39986491203308,5.300000000000001,-1.8,-65.8,0.68,0.13,0.63
132.41001677513123,5.300000000000001,-1.8,-65.8,0.68,0.14,0.63
132.4198179244995,5.300000000000001,-1.8,-65.8,0.67,0.14,0.63
132.4300148487091,5.300000000000001,-1.8,-65.8,0.67,0.14,0.63
132.44013714790344,5.300000000000001,-1.8,-65.8,0.68,0.14,0.63
132.45013785362244,5.300000000000001,-1.8,-65.8,0.68,0.14,0.63
132.45975184440613,5.300000000000001,-1.8,-65.8,0.68,0.14,0.63
132.4701337814331,5.300000000000001,-1.8,-65.8,0.67,0.14,0.63
132.48153519630432,5.300000000000001,-1.8,-65.8,0.67,0.14,0.63
132.48995161056519,5.300000000000001,-1.8,-65.8,0.67,0.14,0.63
132.49986386299133,5.300000000000001,-1.8,-65.8,0.68,0.14,0.63
132.50998854637146,5.300000000000001,-1.8,-65.8,0.68,0.14,0.63
132.52074718475342,5.300000000000001,-1.8,-65.8,0.68,0.14,0.63
132.53005409240723,5.300000000000001,-1.8,-65.8,0.67,0.14,0.63
132.540433883667,5.300000000000001,-1.8,-65.8,0.67,0.14,0.63
132.55020999908447,5.300000000000001,-1.8,-65.8,0.67,0.14,0.63
132.55986380577087,5.300000000000001,-1.8,-65.8,0.67,0.14,0.63
132.57061910629272,5.300000000000001,-1.8,-65.8,0.67,0.14,0.63
132.58018231391907,5.300000000000001,-1.8,-65.7,0.68,0.14,0.63
132.59080696105957,5.300000000000001,-1.8,-65.8,0.68,0.14,0.63
132.60018801689148,5.300000000000001,-1.8,-65.8,0.67,0.14,0.63
132.61012506484985,5.300000000000001,-1.8,-65.8,0.67,0.14,0.63
132.62031388282776,5.300000000000001,-1.8,-65.8,0.68,0.14,0.63
132.63001608848572,5.300000000000001,-1.8,-65.8,0.68,0.13,0.63
132.64079642295837,5.300000000000001,-1.8,-65.8,0.68,0.13,0.63
132.650705575943,5.300000000000001,-1.8,-65.8,0.67,0.13,0.63
132.66067600250244,5.300000000000001,-1.8,-65.8,0.67,0.14,0.63
132.66993618011475,5.300000000000001,-1.8,-65.8,0.67,0.14,0.63
132.68092393875122,5.300000000000001,-1.8,-65.8,0.67,0.14,0.63
132.69097328186035,5.300000000000001,-1.8,-65.8,0.68,0.14,0.63
132.70067048072815,5.300000000000001,-1.8,-65.8,0.68,0.13,0.63
132.710129737854,5.300000000000001,-1.8,-65.8,0.68,0.14,0.63
132.71997809410095,5.300000000000001,-1.8,-65.8,0.67,0.14,0.63
132.72991919517517,5.300000000000001,-1.8,-65.8,0.67,0.14,0.63
132.7397837638855,5.300000000000001,-1.8,-65.8,0.68,0.14,0.63
132.75080633163452,5.300000000000001,-1.8,-65.8,0.67,0.13,0.63
132.76015877723694,5.300000000000001,-1.8,-65.8,0.67,0.13,0.63
132.7699613571167,5.300000000000001,-1.8,-65.7,0.67,0.14,0.63
132.78015542030334,5.300000000000001,-1.8,-65.8,0.67,0.14,0.63
132.79007530212402,5.300000000000001,-1.8,-65.8,0.68,0.14,0.63
132.79987049102783,5.300000000000001,-1.8,-65.8,0.68,0.14,0.63
132.80995178222656,5.300000000000001,-1.8,-65.8,0.68,0.14,0.63
132.8208818435669,5.300000000000001,-1.8,-65.7,0.67,0.14,0.63
132.83066654205322,5.300000000000001,-1.8,-65.8,0.67,0.14,0.63
132.83976030349731,5.4,-1.8,-65.8,0.68,0.14,0.63
132.85072374343872,5.300000000000001,-1.8,-65.8,0.67,0.14,0.63
132.86031532287598,5.300000000000001,-1.9000000000000001,-65.8,0.68,0.14,0.63
132.8698375225067,5.300000000000001,-1.8,-65.8,0.68,0.13,0.63
132.8805525302887,5.300000000000001,-1.7000000000000002,-65.8,0.67,0.13,0.63
132.88985514640808,5.300000000000001,-1.8,-65.7,0.67,0.14,0.63
132.89979147911072,5.300000000000001,-1.8,-65.8,0.68,0.14,0.63
132.90974760055542,5.300000000000001,-1.8,-65.8,0.67,0.14,0.63
132.91985607147217,5.300000000000001,-1.9000000000000001,-65.7,0.68,0.14,0.63
132.93029832839966,5.300000000000001,-1.8,-65.8,0.68,0.14,0.63
132.93977165222168,5.300000000000001,-1.8,-65.8,0.67,0.14,0.63
132.95023941993713,5.300000000000001,-1.8,-65.7,0.67,0.14,0.63
132.96027946472168,5.300000000000001,-1.8,-65.8,0.67,0.13,0.63
132.97078227996826,5.300000000000001,-1.8,-65.8,0.68,0.14,0.63
132.98063588142395,5.300000000000001,-1.8,-65.8,0.67,0.14,0.63
132.9899125099182,5.300000000000001,-1.8,-65.7,0.67,0.13,0.63
132.99996757507324,5.300000000000001,-1.8,-65.9,0.68,0.13,0.63
133.00975036621094,5.300000000000001,-1.8,-65.8,0.67,0.13,0.63
133.02038383483887,5.300000000000001,-1.9000000000000001,-65.7,0.68,0.14,0.63
133.02985095977783,5.4,-1.9000000000000001,-65.8,0.68,0.14,0.63
133.0397253036499,5.300000000000001,-1.8,-65.8,0.67,0.14,0.64
133.05123329162598,5.300000000000001,-1.9000000000000001,-65.8,0.68,0.14,0.63
133.05965733528137,5.300000000000001,-1.8,-65.8,0.67,0.14,0.63
133.07020163536072,5.300000000000001,-1.8,-65.8,0.68,0.14,0.63
133.0800747871399,5.300000000000001,-1.8,-65.8,0.67,0.14,0.63
133.08990216255188,5.4,-1.8,-65.8,0.67,0.14,0.63
133.1001319885254,5.300000000000001,-1.8,-65.8,0.67,0.14,0.63
133.11046433448792,5.300000000000001,-1.8,-65.8,0.68,0.13,0.63
133.1197910308838,5.300000000000001,-1.8,-65.8,0.67,0.14,0.63
133.12976050376892,5.300000000000001,-1.8,-65.8,0.67,0.14,0.63
133.13991355895996,5.300000000000001,-1.8,-65.8,0.67,0.14,0.63
133.15017747879028,5.300000000000001,-1.9000000000000001,-65.8,0.68,0.14,0.63
133.16008162498474,5.300000000000001,-1.9000000000000001,-65.8,0.68,0.14,0.63
133.17063236236572,5.300000000000001,-1.8,-65.7,0.67,0.14,0.63
133.18010425567627,5.4,-1.9000000000000001,-65.8,0.68,0.14,0.63
133.19011545181274,5.300000000000001,-1.8,-65.8,0.68,0.14,0.63
133.19990181922913,5.300000000000001,-1.8,-65.8,0.68,0.14,0.63
133.2098627090454,5.300000000000001,-1.8,-65.8,0.68,0.14,0.63
133.21994400024414,5.300000000000001,-1.9000000000000001,-65.8,0.68,0.13,0.63
133.22974348068237,5.300000000000001,-1.8,-65.8,0.67,0.13,0.63
133.24053502082825,5.300000000000001,-1.8,-65.8,0.67,0.14,0.63
133.2509696483612,5.300000000000001,-1.8,-65.8,0.67,0.13,0.63
133.25970196723938,5.300000000000001,-1.8,-65.7,0.68,0.13,0.63
133.2707004547119,5.300000000000001,-1.8,-65.8,0.67,0.14,0.63
133.28040313720703,5.4,-1.8,-65.8,0.67,0.15,0.63
133.29045343399048,5.300000000000001,-1.8,-65.8,0.67,0.14,0.63
133.30075907707214,5.300000000000001,-1.8,-65.8,0.67,0.14,0.63
133.31076645851135,5.300000000000001,-1.9000000000000001,-65.8,0.68,0.13,0.63
133.3207814693451,5.300000000000001,-1.8,-65.7,0.68,0.14,0.63
133.3306291103363,5.4,-1.9000000000000001,-65.9,0.68,0.14,0.64
133.3396921157837,5.4,-1.7000000000000002,-65.7,0.67,0.14,0.63
133.35047316551208,5.300000000000001,-1.8,-65.8,0.67,0.14,0.63
133.35974788665771,5.300000000000001,-1.8,-65.7,0.67,0.13,0.63
133.37026619911194,5.300000000000001,-2.0,-65.7,0.6900000000000001,0.13,0.63
133.3804326057434,5.300000000000001,-1.8,-65.8,0.68,0.14,0.63
133.39037036895752,5.4,-1.8,-65.8,0.67,0.15,0.63
133.39982318878174,5.4,-1.7000000000000002,-65.7,0.67,0.14,0.63
133.41020560264587,5.300000000000001,-1.8,-65.8,0.67,0.14,0.63
133.4208562374115,5.300000000000001,-1.8,-65.8,0.68,0.13,0.63
133.4298119544983,5.300000000000001,-1.9000000000000001,-65.8,0.68,0.13,0.63
133.43978261947632,5.4,-1.8,-65.8,0.68,0.14,0.63
133.45044708251953,5.4,-1.8,-65.8,0.68,0.15,0.63
133.46000599861145,5.300000000000001,-1.8,-65.8,0.67,0.13,0.63
133.47005558013916,5.2,-1.7000000000000002,-65.8,0.67,0.13,0.63
133.47984957695007,5.2,-1.9000000000000001,-65.8,0.68,0.13,0.63
133.49117827415466,5.2,-1.9000000000000001,-65.8,0.6900000000000001,0.13,0.63
133.4998118877411,5.300000000000001,-1.8,-65.8,0.68,0.14,0.63
133.50987935066223,5.4,-1.8,-65.8,0.67,0.15,0.63
133.52008938789368,5.4,-1.8,-65.7,0.67,0.15,0.63
133.52992224693298,5.300000000000001,-1.8,-65.8,0.67,0.13,0.63
133.53969812393188,5.300000000000001,-1.9000000000000001,-65.7,0.68,0.13,0.63
133.55018281936646,5.4,-1.9000000000000001,-65.8,0.68,0.14,0.63
133.56058549880981,5.4,-1.8,-65.8,0.68,0.15,0.63
133.5699758529663,5.4,-1.8,-65.8,0.67,0.15,0.63
133.57991456985474,5.300000000000001,-1.7000000000000002,-65.8,0.66,0.14,0.63
133.58987522125244,5.2,-1.8,-65.7,0.67,0.13,0.63
133.59999442100525,5.2,-1.8,-65.8,0.68,0.13,0.63
133.6098620891571,5.300000000000001,-1.8,-65.8,0.68,0.14,0.63
133.6199767589569,5.4,-1.8,-65.8,0.67,0.15,0.63
133.63002753257751,5.4,-1.8,-65.8,0.67,0.15,0.63
133.63983631134033,5.300000000000001,-1.8,-65.8,0.67,0.13,0.63
133.65016150474548,5.2,-1.8,-65.8,0.68,0.13,0.63
133.66065621376038,5.300000000000001,-1.9000000000000001,-65.8,0.6900000000000001,0.14,0.63
133.6705024242401,5.4,-1.8,-65.8,0.67,0.15,0.63
133.67985486984253,5.4,-1.7000000000000002,-65.8,0.67,0.15,0.63
133.69005227088928,5.300000000000001,-1.8,-65.8,0.67,0.14,0.63
133.70089030265808,5.300000000000001,-1.8,-65.8,0.67,0.13,0.63
133.70980858802795,5.300000000000001,-1.9000000000000001,-65.8,0.6900000000000001,0.13,0.63
133.72000288963318,5.300000000000001,-1.8,-65.8,0.68,0.14,0.63
133.73003768920898,5.300000000000001,-1.8,-65.8,0.67,0.14,0.64
133.74006867408752,5.300000000000001,-1.8,-65.8,0.67,0.14,0.63
133.75065684318542,5.300000000000001,-1.8,-65.8,0.67,0.13,0.63
133.76013612747192,5.300000000000001,-1.8,-65.8,0.68,0.13,0.63
133.7699511051178,5.4,-1.8,-65.8,0.68,0.14,0.63
133.78025650978088,5.4,-1.8,-65.9,0.68,0.14,0.63
133.7906620502472,5.300000000000001,-1.7000000000000002,-65.8,0.67,0.14,0.63
133.7998547554016,5.300000000000001,-1.7000000000000002,-65.8,0.67,0.13,0.63
133.81044030189514,5.2,-1.7000000000000002,-65.7,0.67,0.13,0.63
133.81993913650513,5.300000000000001,-1.9000000000000001,-65.7,0.68,0.13,0.63
133.8304054737091,5.4,-1.8,-65.8,0.68,0.14,0.63
133.8398473262787,5.4,-1.8,-65.8,0.68,0.15,0.63
133.85004711151123,5.300000000000001,-1.8,-65.7,0.67,0.14,0.63
133.86097598075867,5.2,-1.8,-65.7,0.67,0.12,0.63
133.8706033229828,5.2,-1.9000000000000001,-65.8,0.66,0.11,0.63
133.87990379333496,5.4,-2.0,-65.8,0.7000000000000001,0.15,0.63
133.89005947113037,5.4,-1.8,-65.9,0.67,0.15,0.64
133.9009063243866,5.4,-1.7000000000000002,-65.8,0.66,0.15,0.63
133.91070175170898,5.4,-1.9000000000000001,-65.8,0.68,0.14,0.63
133.91974401474,5.2,-1.7000000000000002,-65.7,0.66,0.13,0.63
133.93034744262695,5.2,-1.9000000000000001,-65.8,0.68,0.13,0.63
133.9400498867035,5.4,-1.9000000000000001,-65.8,0.6900000000000001,0.14,0.63
133.95024371147156,5.4,-1.9000000000000001,-65.8,0.68,0.15,0.63
133.96061277389526,5.4,-1.7000000000000002,-65.8,0.66,0.15,0.63
133.9706974029541,5.300000000000001,-1.7000000000000002,-65.8,0.66,0.13,0.63
133.9798243045807,5.2,-1.8,-65.7,0.68,0.12,0.63
133.98985981941223,5.2,-1.9000000000000001,-65.8,0.68,0.12,0.63
134.00002479553223,5.300000000000001,-1.9000000000000001,-65.8,0.68,0.14,0.63
134.00975632667542,5.4,-1.9000000000000001,-65.8,0.68,0.15,0.63
134.01982641220093,5.4,-1.8,-65.8,0.67,0.15,0.63
134.0299654006958,5.300000000000001,-1.8,-65.8,0.67,0.14,0.63
134.0407838821411,5.300000000000001,-1.8,-65.8,0.68,0.13,0.63
134.04969716072083,5.300000000000001,-1.8,-65.8,0.67,0.13,0.63
134.06012535095215,5.4,-1.8,-65.8,0.68,0.15,0.63
134.07041382789612,5.4,-1.7000000000000002,-65.8,0.67,0.15,0.63
134.0808708667755,5.300000000000001,-1.7000000000000002,-65.7,0.66,0.14,0.63
134.08983492851257,5.300000000000001,-1.8,-65.8,0.67,0.13,0.63
134.10021328926086,5.2,-1.8,-65.8,0.67,0.12,0.63
134.11064386367798,5.300000000000001,-1.9000000000000001,-65.8,0.68,0.14,0.63
134.11979031562805,5.4,-1.9000000000000001,-65.8,0.6900000000000001,0.15,0.63
134.13082599639893,5.4,-1.8,-65.7,0.67,0.15,0.63
134.14057207107544,5.300000000000001,-1.9000000000000001,-65.8,0.68,0.14,0.63
134.1498086452484,5.2,-1.9000000000000001,-65.7,0.68,0.13,0.63
134.16003370285034,5.2,-1.9000000000000001,-65.8,0.68,0.12,0.63
134.1715636253357,5.300000000000001,-1.8,-65.8,0.68,0.14,0.63
134.18001770973206,5.4,-1.8,-65.7,0.67,0.15,0.63
134.18990874290466,5.4,-1.7000000000000002,-65.8,0.66,0.14,0.63
134.19991517066956,5.300000000000001,-1.8,-65.8,0.67,0.14,0.63
134.2097806930542,5.300000000000001,-1.8,-65.8,0.67,0.13,0.63
134.21991181373596,5.2,-1.8,-65.8,0.68,0.13,0.63
134.22988843917847,5.300000000000001,-1.9000000000000001,-65.8,0.68,0.14,0.63
134.24071049690247,5.300000000000001,-1.8,-65.8,0.67,0.14,0.63
134.24973011016846,5.300000000000001,-1.8,-65.8,0.67,0.14,0.63
134.26007771492004,5.300000000000001,-2.0,-65.8,0.6900000000000001,0.14,0.63
134.27186822891235,5.300000000000001,-1.9000000000000001,-65.8,0.6900000000000001,0.13,0.63
134.27982544898987,5.300000000000001,-1.8,-65.8,0.68,0.14,0.63
134.29015231132507,5.300000000000001,-1.8,-65.8,0.68,0.14,0.63
134.30006623268127,5.300000000000001,-1.8,-65.7,0.67,0.14,0.63
134.3100984096527,5.300000000000001,-1.8,-65.8,0.67,0.14,0.63
134.3207290172577,5.300000000000001,-1.8,-65.8,0.67,0.14,0.63
134.32977199554443,5.4,-1.7000000000000002,-65.7,0.66,0.14,0.63
134.34002304077148,5.4,-1.7000000000000002,-65.8,0.67,0.14,0.63
134.34977436065674,5.300000000000001,-1.8,-65.8,0.67,0.14,0.63
134.360093832016,5.300000000000001,-1.8,-65.7,0.68,0.13,0.63
134.370046377182,5.4,-1.9000000000000001,-65.7,0.68,0.15,0.63
134.38060665130615,5.4,-1.8,-65.7,0.68,0.15,0.63
134.38986229896545,5.300000000000001,-1.8,-65.7,0.67,0.14,0.63
134.39996552467346,5.300000000000001,-1.8,-65.8,0.68,0.14,0.63
134.41074347496033,5.300000000000001,-1.8,-65.7,0.68,0.13,0.63
134.41973519325256,5.300000000000001,-1.8,-65.8,0.68,0.14,0.63
134.43002772331238,5.300000000000001,-1.8,-65.8,0.67,0.14,0.63
134.44025182724,5.300000000000001,-1.8,-65.8,0.67,0.14,0.63
134.44991540908813,5.300000000000001,-1.8,-65.8,0.67,0.13,0.63
134.45972871780396,5.300000000000001,-1.8,-65.8,0.67,0.13,0.63
134.4707953929901,5.300000000000001,-1.8,-65.8,0.68,0.13,0.63
134.48026061058044,5.300000000000001,-1.8,-65.8,0.68,0.14,0.63
134.4901089668274,5.300000000000001,-1.8,-65.8,0.67,0.14,0.63
134.5000925064087,5.300000000000001,-1.9000000000000001,-65.8,0.68,0.14,0.63
134.5110514163971,5.300000000000001,-1.9000000000000001,-65.8,0.68,0.13,0.63
134.51969933509827,5.2,-1.9000000000000001,-65.8,0.68,0.13,0.63
134.52978610992432,5.300000000000001,-1.9000000000000001,-65.8,0.68,0.13,0.63
134.54026246070862,5.300000000000001,-1.8,-65.8,0.67,0.14,0.63
134.5499107837677,5.300000000000001,-1.8,-65.7,0.67,0.14,0.63
134.55970907211304,5.300000000000001,-1.8,-65.8,0.68,0.13,0.63
134.57066798210144,5.300000000000001,-1.8,-65.7,0.68,0.14,0.63
134.58022046089172,5.4,-1.9000000000000001,-65.8,0.68,0.14,0.63
134.58996534347534,5.4,-1.8,-65.7,0.67,0.15,0.63
134.60043478012085,5.4,-1.7000000000000002,-65.7,0.67,0.14,0.63
134.60984683036804,5.4,-1.8,-65.8,0.67,0.14,0.63
134.61980485916138,5.300000000000001,-1.8,-65.8,0.67,0.14,0.63
134.63024973869324,5.300000000000001,-1.8,-65.8,0.67,0.14,0.63
134.64012336730957,5.300000000000001,-1.8,-65.8,0.68,0.14,0.63
134.65004706382751,5.300000000000001,-1.8,-65.8,0.67,0.14,0.63
134.65980458259583,5.300000000000001,-1.8,-65.8,0.67,0.14,0.63
134.67072701454163,5.300000000000001,-1.8,-65.8,0.68,0.14,0.63
134.68095874786377,5.300000000000001,-1.8,-65.8,0.67,0.13,0.63
134.6898443698883,5.300000000000001,-1.9000000000000001,-65.8,0.68,0.14,0.63
134.70003175735474,5.300000000000001,-1.8,-65.8,0.68,0.14,0.63
134.71096992492676,5.300000000000001,-1.8,-65.8,0.68,0.14,0.63
134.72059202194214,5.4,-1.8,-65.8,0.67,0.15,0.63
134.7297384738922,5.300000000000001,-1.9000000000000001,-65.8,0.68,0.14,0.63
134.739981174469,5.4,-2.0,-65.7,0.6900000000000001,0.14,0.63
134.75079369544983,5.300000000000001,-1.8,-65.8,0.67,0.14,0.63
134.75981521606445,5.2,-1.8,-65.8,0.68,0.13,0.63
134.77032446861267,5.300000000000001,-1.8,-65.8,0.68,0.13,0.63
134.7799289226532,5.300000000000001,-1.7000000000000002,-65.8,0.67,0.13,0.63
134.78999304771423,5.300000000000001,-1.8,-65.8,0.67,0.13,0.63
134.80071926116943,5.300000000000001,-1.8,-65.8,0.67,0.13,0.63
134.81078362464905,5.300000000000001,-1.8,-65.8,0.67,0.13,0.63
134.82085871696472,5.300000000000001,-1.8,-65.8,0.68,0.13,0.63
134.8306486606598,5.300000000000001,-1.8,-65.8,0.67,0.13,0.63
134.83984971046448,5.300000000000001,-1.9000000000000001,-65.8,0.68,0.14,0.63
134.84995794296265,5.4,-1.9000000000000001,-65.8,0.68,0.14,0.63
134.85996413230896,5.4,-1.9000000000000001,-65.8,0.68,0.14,0.63
134.86993598937988,5.300000000000001,-1.9000000000000001,-65.8,0.68,0.14,0.63
134.8809835910797,5.300000000000001,-1.8,-65.8,0.68,0.14,0.63
134.8898708820343,5.5,-1.5,-65.8,0.64,0.16,0.63
134.8998942375183,5.4,-1.9000000000000001,-65.8,0.67,0.16,0.63
134.91001176834106,5.2,-1.8,-65.8,0.68,0.13,0.63
134.9207580089569,5.1000000000000005,-1.9000000000000001,-65.7,0.68,0.11,0.64
134.9306972026825,5.300000000000001,-1.7000000000000002,-65.8,0.67,0.13,0.63
134.94073462486267,5.4,-1.9000000000000001,-65.8,0.68,0.15,0.64
134.9501597881317,5.4,-1.7000000000000002,-65.7,0.67,0.15,0.63
134.9601435661316,5.4,-1.9000000000000001,-65.8,0.68,0.15,0.63
134.97022438049316,5.4,-2.0,-65.8,0.6900000000000001,0.14,0.63
134.98000407218933,5.300000000000001,-1.9000000000000001,-65.8,0.68,0.13,0.63
134.9904124736786,5.300000000000001,-1.8,-65.8,0.68,0.14,0.63
134.99991822242737,5.300000000000001,-1.9000000000000001,-65.8,0.68,0.14,0.63
135.0104603767395,5.2,-1.7000000000000002,-65.8,0.67,0.13,0.63
135.02033925056458,5.300000000000001,-1.8,-65.9,0.67,0.13,0.63
135.02990221977234,5.2,-1.8,-65.8,0.68,0.13,0.63
135.03997921943665,5.2,-1.7000000000000002,-65.8,0.67,0.13,0.63
135.04991221427917,5.300000000000001,-1.8,-65.8,0.67,0.14,0.63
135.06088876724243,5.300000000000001,-1.9000000000000001,-65.8,0.68,0.14,0.63
135.06996202468872,5.2,-1.9000000000000001,-65.8,0.68,0.13,0.63
135.08022928237915,5.300000000000001,-1.9000000000000001,-65.8,0.68,0.13,0.63
135.09029173851013,5.300000000000001,-1.9000000000000001,-65.8,0.68,0.14,0.63
135.10018396377563,5.4,-1.8,-65.8,0.68,0.14,0.63
135.11073517799377,5.4,-1.8,-65.8,0.68,0.15,0.63
135.11987495422363,5.300000000000001,-1.8,-65.8,0.68,0.14,0.63
135.12997460365295,5.2,-1.7000000000000002,-65.8,0.67,0.13,0.63
135.13990449905396,5.300000000000001,-1.7000000000000002,-65.8,0.67,0.13,0.63
135.14993405342102,5.2,-1.6,-65.7,0.65,0.13,0.63
135.1601917743683,5.2,-1.6,-65.7,0.65,0.13,0.63
135.17074036598206,5.4,-1.9000000000000001,-65.8,0.68,0.14,0.63
135.17998790740967,5.4,-1.9000000000000001,-65.7,0.6900000000000001,0.15,0.63
135.19071221351624,5.4,-1.9000000000000001,-65.8,0.68,0.15,0.63
135.2006130218506,5.4,-1.9000000000000001,-65.8,0.68,0.15,0.63
135.21083331108093,5.300000000000001,-2.0,-65.8,0.6900000000000001,0.14,0.63
135.21980571746826,5.1000000000000005,-1.8,-65.7,0.68,0.11,0.64
135.2297911643982,5.2,-1.8,-65.8,0.67,0.13,0.63
135.24025011062622,5.5,-1.9000000000000001,-65.8,0.67,0.17,0.63
135.24977231025696,5.5,-1.8,-65.9,0.68,0.16,0.63
135.25989031791687,5.2,-1.6,-65.8,0.66,0.13,0.64
135.27117824554443,5.0,-1.6,-65.8,0.66,0.11,0.63
135.27988147735596,5.2,-1.9000000000000001,-65.8,0.68,0.12,0.63
135.2901566028595,5.4,-1.8,-65.8,0.68,0.14,0.63
135.30080723762512,5.4,-1.7000000000000002,-65.9,0.67,0.15,0.63
135.3098635673523,5.300000000000001,-1.8,-65.9,0.67,0.14,0.63
135.31987047195435,5.4,-1.9000000000000001,-65.8,0.68,0.14,0.63
135.32977890968323,5.300000000000001,-2.0,-65.8,0.6900000000000001,0.14,0.63
135.3398244380951,5.300000000000001,-1.9000000000000001,-65.8,0.68,0.14,0.63
135.34993767738342,5.300000000000001,-1.8,-65.7,0.67,0.14,0.63
135.36004066467285,5.300000000000001,-1.7000000000000002,-65.7,0.67,0.14,0.63
135.37066221237183,5.300000000000001,-1.8,-65.7,0.67,0.13,0.63
135.38058280944824,5.4,-1.9000000000000001,-65.7,0.6900000000000001,0.15,0.63
135.390154838562,5.300000000000001,-1.7000000000000002,-65.7,0.67,0.14,0.63
135.39994311332703,5.300000000000001,-1.7000000000000002,-65.7,0.66,0.14,0.63
135.41088724136353,5.300000000000001,-1.8,-65.7,0.67,0.14,0.63
135.42097783088684,5.300000000000001,-1.8,-65.8,0.67,0.14,0.63
135.42977166175842,5.4,-1.9000000000000001,-65.8,0.6900000000000001,0.14,0.63
135.43982911109924,5.4,-2.0,-65.8,0.6900000000000001,0.15,0.63
135.45098495483398,5.4,-1.9000000000000001,-65.8,0.6900000000000001,0.15,0.63
135.4597008228302,5.300000000000001,-1.8,-65.8,0.68,0.14,0.63
135.47012615203857,5.300000000000001,-1.8,-65.8,0.67,0.14,0.63
135.48026418685913,5.1000000000000005,-1.6,-65.8,0.66,0.12,0.63
135.4901258945465,5.1000000000000005,-1.7000000000000002,-65.8,0.66,0.11,0.63
135.49986147880554,5.300000000000001,-1.9000000000000001,-65.8,0.68,0.13,0.63
135.50992584228516,5.300000000000001,-1.8,-65.8,0.68,0.14,0.63
135.5203230381012,5.300000000000001,-1.8,-65.8,0.68,0.14,0.63
135.5298192501068,5.4,-2.0,-65.8,0.6900000000000001,0.14,0.63
135.54005217552185,5.300000000000001,-1.9000000000000001,-65.8,0.6900000000000001,0.14,0.63
135.550696849823,5.300000000000001,-1.9000000000000001,-65.8,0.68,0.14,0.63
135.56001448631287,5.4,-1.9000000000000001,-65.8,0.68,0.14,0.63
135.57000541687012,5.4,-1.8,-65.8,0.68,0.14,0.63
135.58024072647095,5.300000000000001,-1.7000000000000002,-65.8,0.67,0.14,0.63
135.5901906490326,5.300000000000001,-1.7000000000000002,-65.7,0.67,0.13,0.63
135.60007762908936,5.300000000000001,-1.7000000000000002,-65.8,0.67,0.13,0.63
135.60992050170898,5.2,-1.7000000000000002,-65.8,0.67,0.13,0.63
135.62057065963745,5.300000000000001,-1.7000000000000002,-65.8,0.67,0.14,0.63
135.62980270385742,5.300000000000001,-1.8,-65.8,0.68,0.14,0.63
135.63985133171082,5.4,-1.9000000000000001,-65.7,0.68,0.14,0.63
135.6505081653595,5.2,-2.2,-65.8,0.72,0.11,0.63
135.65997624397278,5.300000000000001,-1.8,-65.7,0.68,0.14,0.63
135.66988229751587,5.6000000000000005,-1.7000000000000002,-65.8,0.66,0.17,0.63
135.67972922325134,5.6000000000000005,-1.7000000000000002,-65.9,0.66,0.17,0.63
135.6907434463501,5.300000000000001,-1.9000000000000001,-65.8,0.68,0.14,0.64
135.69981789588928,5.1000000000000005,-1.7000000000000002,-65.8,0.67,0.12,0.63
135.70989227294922,5.1000000000000005,-1.9000000000000001,-65.8,0.68,0.12,0.63
135.72060871124268,5.2,-1.7000000000000002,-65.8,0.67,0.12,0.63
135.73016834259033,5.300000000000001,-1.6,-65.8,0.65,0.14,0.63
135.73978304862976,5.4,-1.8,-65.8,0.67,0.15,0.63
135.7500593662262,5.300000000000001,-1.9000000000000001,-65.8,0.68,0.14,0.63
135.76074123382568,5.300000000000001,-1.8,-65.8,0.68,0.13,0.63
135.76998448371887,5.4,-2.0,-65.8,0.6900000000000001,0.14,0.63
135.7801868915558,5.4,-1.9000000000000001,-65.8,0.68,0.14,0.63
135.79091358184814,5.300000000000001,-1.8,-65.8,0.67,0.14,0.63
135.7999300956726,5.300000000000001,-1.9000000000000001,-65.8,0.68,0.14,0.63
135.80987930297852,5.300000000000001,-1.8,-65.7,0.68,0.13,0.63
135.82065200805664,5.2,-1.8,-65.7,0.67,0.13,0.63
135.83070707321167,5.300000000000001,-1.8,-65.8,0.67,0.14,0.63
135.83978056907654,5.300000000000001,-1.7000000000000002,-65.7,0.67,0.14,0.63
135.8499801158905,5.300000000000001,-1.7000000000000002,-65.8,0.67,0.14,0.63
135.85996913909912,5.300000000000001,-1.8,-65.8,0.68,0.14,0.63
135.86986708641052,5.300000000000001,-1.9000000000000001,-65.7,0.68,0.13,0.63
135.8800675868988,5.300000000000001,-1.8,-65.8,0.68,0.14,0.63
135.8908929824829,5.4,-1.9000000000000001,-65.8,0.68,0.15,0.63
135.90013575553894,5.4,-1.8,-65.8,0.68,0.14,0.63
135.9097888469696,5.300000000000001,-1.8,-65.8,0.68,0.14,0.63
135.91990900039673,5.300000000000001,-1.8,-65.8,0.68,0.13,0.63
135.93012070655823,5.300000000000001,-1.8,-65.8,0.68,0.13,0.63
135.93981432914734,5.300000000000001,-1.8,-65.8,0.67,0.13,0.63
135.94976902008057,5.300000000000001,-1.8,-65.8,0.67,0.14,0.63
135.96012353897095,5.300000000000001,-1.8,-65.8,0.67,0.14,0.63
135.96991395950317,5.300000000000001,-1.8,-65.8,0.67,0.14,0.63
135.9797580242157,5.300000000000001,-1.8,-65.8,0.68,0.14,0.63
135.99046921730042,5.300000000000001,-1.8,-65.8,0.68,0.14,0.63
136.0008783340454,5.300000000000001,-1.8,-65.8,0.68,0.14,0.63
136.01065945625305,5.4,-1.8,-65.8,0.68,0.14,0.63
136.02069783210754,5.300000000000001,-1.8,-65.8,0.68,0.14,0.63
136.03078532218933,5.300000000000001,-1.8,-65.7,0.67,0.14,0.63
136.03974151611328,5.300000000000001,-1.8,-65.7,0.67,0.14,0.63
136.0498604774475,5.300000000000001,-1.8,-65.8,0.67,0.14,0.63
136.06068205833435,5.300000000000001,-1.8,-65.8,0.67,0.14,0.63
136.07052612304688,5.300000000000001,-1.8,-65.8,0.67,0.14,0.63
136.07981753349304,5.300000000000001,-1.8,-65.8,0.68,0.14,0.63
136.08986592292786,5.300000000000001,-1.8,-65.8,0.68,0.14,0.63
136.0999050140381,5.300000000000001,-1.8,-65.7,0.67,0.14,0.63
136.10978388786316,5.4,-1.8,-65.8,0.67,0.15,0.63
136.11989092826843,5.4,-1.9000000000000001,-65.8,0.68,0.14,0.63
136.130309343338,5.300000000000001,-1.8,-65.8,0.68,0.14,0.63
136.139910697937,5.300000000000001,-1.8,-65.8,0.67,0.14,0.63
136.15024948120117,5.300000000000001,-1.8,-65.8,0.67,0.14,0.63
136.160062789917,5.2,-1.8,-65.8,0.68,0.13,0.63
136.1706280708313,5.2,-1.8,-65.8,0.68,0.13,0.63
136.18066310882568,5.300000000000001,-1.8,-65.8,0.67,0.14,0.63
136.190993309021,5.300000000000001,-1.8,-65.8,0.67,0.14,0.63
136.20087718963623,5.300000000000001,-1.8,-65.7,0.68,0.14,0.63
136.2107048034668,5.300000000000001,-1.9000000000000001,-65.8,0.68,0.14,0.63
136.2198383808136,5.300000000000001,-1.9000000000000001,-65.8,0.68,0.14,0.63
136.2299234867096,5.300000000000001,-1.8,-65.8,0.68,0.14,0.63
136.24083137512207,5.2,-1.8,-65.8,0.68,0.14,0.63
136.25068712234497,5.2,-1.5,-65.8,0.65,0.12,0.64
136.26066327095032,5.300000000000001,-1.7000000000000002,-65.8,0.66,0.13,0.63
136.2704155445099,5.300000000000001,-1.8,-65.8,0.68,0.14,0.63
136.28003931045532,5.4,-1.9000000000000001,-65.7,0.68,0.14,0.64
136.29026794433594,5.4,-1.9000000000000001,-65.7,0.68,0.15,0.63
136.3008532524109,5.300000000000001,-2.0,-65.8,0.68,0.14,0.63
136.31059765815735,5.4,-2.0,-65.7,0.6900000000000001,0.14,0.63
136.31975746154785,5.4,-2.0,-65.7,0.68,0.14,0.63
136.33043265342712,5.4,-1.9000000000000001,-65.7,0.6900000000000001,0.14,0.63
136.3399760723114,5.4,-1.8,-65.7,0.68,0.14,0.63
136.3497416973114,5.300000000000001,-1.7000000000000002,-65.7,0.66,0.13,0.63
136.36137509346008,5.2,-1.7000000000000002,-65.8,0.66,0.13,0.63
136.37060499191284,5.300000000000001,-1.7000000000000002,-65.8,0.66,0.13,0.63
136.3798599243164,5.300000000000001,-1.7000000000000002,-65.8,0.66,0.13,0.63
136.38986444473267,5.300000000000001,-1.8,-65.8,0.67,0.14,0.63
136.39990782737732,5.300000000000001,-1.8,-65.8,0.67,0.14,0.63
136.40987992286682,5.4,-1.8,-65.8,0.68,0.14,0.63
136.41974806785583,5.300000000000001,-1.9000000000000001,-65.8,0.68,0.14,0.63
136.42999458312988,5.300000000000001,-1.9000000000000001,-65.8,0.68,0.14,0.63
136.44005680084229,5.300000000000001,-1.9000000000000001,-65.8,0.68,0.14,0.63
136.4498360157013,5.300000000000001,-1.9000000000000001,-65.8,0.68,0.14,0.63
136.46009469032288,5.300000000000001,-1.9000000000000001,-65.8,0.68,0.14,0.63
136.4709439277649,5.300000000000001,-1.8,-65.7,0.68,0.14,0.63
136.47982573509216,5.300000000000001,-1.8,-65.8,0.67,0.13,0.63
136.48991560935974,5.300000000000001,-1.8,-65.8,0.67,0.13,0.63
136.50022315979004,5.300000000000001,-1.8,-65.8,0.67,0.13,0.63
136.50981521606445,5.300000000000001,-1.8,-65.8,0.67,0.14,0.63
136.51982355117798,5.300000000000001,-1.8,-65.8,0.67,0.14,0.63
136.53110599517822,5.300000000000001,-1.8,-65.8,0.67,0.14,0.63
136.54036474227905,5.300000000000001,-1.8,-65.8,0.67,0.14,0.63
136.5500202178955,5.300000000000001,-1.8,-65.8,0.68,0.14,0.63
136.56005549430847,5.300000000000001,-1.8,-65.8,0.68,0.14,0.63
136.57099843025208,5.300000000000001,-1.8,-65.8,0.68,0.14,0.63
136.57983374595642,5.300000000000001,-1.8,-65.8,0.67,0.14,0.63
136.58997201919556,5.300000000000001,-1.8,-65.7,0.67,0.13,0.63
136.59998178482056,5.1000000000000005,-1.6,-65.8,0.65,0.12,0.63
136.60995388031006,5.4,-2.1,-65.7,0.7000000000000001,0.15,0.63
136.61975169181824,5.4,-1.7000000000000002,-65.8,0.67,0.14,0.63
136.6297914981842,5.300000000000001,-1.8,-65.8,0.67,0.14,0.64
136.63995671272278,5.4,-2.0,-65.8,0.6900000000000001,0.15,0.63
136.64980936050415,5.300000000000001,-1.7000000000000002,-65.8,0.66,0.13,0.63
136.6600480079651,5.300000000000001,-1.9000000000000001,-65.8,0.68,0.14,0.63
136.67022585868835,5.4,-1.9000000000000001,-65.8,0.68,0.14,0.63
136.67981910705566,5.300000000000001,-1.7000000000000002,-65.8,0.67,0.14,0.63
136.689857006073,5.300000000000001,-1.8,-65.8,0.67,0.14,0.63
136.70008158683777,5.300000000000001,-1.8,-65.8,0.67,0.14,0.63
136.7099838256836,5.2,-1.7000000000000002,-65.8,0.67,0.13,0.63
136.71972680091858,5.300000000000001,-1.8,-65.8,0.68,0.13,0.63
136.72992849349976,5.300000000000001,-1.8,-65.8,0.67,0.14,0.63
136.73982667922974,5.300000000000001,-1.9000000000000001,-65.8,0.68,0.14,0.63
136.75005340576172,5.4,-1.8,-65.7,0.68,0.14,0.63
136.75975275039673,5.4,-1.8,-65.9,0.67,0.15,0.63
136.77032327651978,5.300000000000001,-1.9000000000000001,-65.8,0.6900000000000001,0.14,0.63
136.7810845375061,5.300000000000001,-1.8,-65.7,0.67,0.13,0.63
136.79025435447693,5.300000000000001,-1.9000000000000001,-65.8,0.67,0.14,0.63
136.8003466129303,5.300000000000001,-1.8,-65.8,0.68,0.14,0.63
136.80999112129211,5.300000000000001,-1.7000000000000002,-65.7,0.67,0.13,0.63
136.81980681419373,5.300000000000001,-1.8,-65.8,0.67,0.14,0.63
136.8298830986023,5.300000000000001,-1.8,-65.8,0.68,0.13,0.63
136.839946269989,5.300000000000001,-1.7000000000000002,-65.8,0.67,0.13,0.63
136.84982705116272,5.300000000000001,-1.8,-65.8,0.68,0.14,0.63
136.86012363433838,5.300000000000001,-1.9000000000000001,-65.8,0.68,0.13,0.63
136.87054133415222,5.2,-1.8,-65.8,0.68,0.13,0.63
136.88079524040222,5.4,-1.9000000000000001,-65.8,0.68,0.14,0.63
136.88987112045288,5.300000000000001,-1.9000000000000001,-65.8,0.68,0.14,0.63
136.90000247955322,5.300000000000001,-1.8,-65.8,0.68,0.13,0.63
136.91082453727722,5.300000000000001,-1.9000000000000001,-65.8,0.68,0.14,0.63
136.91983556747437,5.300000000000001,-1.8,-65.8,0.68,0.13,0.63
136.92989778518677,5.300000000000001,-1.8,-65.8,0.67,0.13,0.63
136.93978834152222,5.300000000000001,-1.8,-65.8,0.67,0.14,0.63
136.95061492919922,5.300000000000001,-1.8,-65.8,0.67,0.14,0.63
136.96002221107483,5.300000000000001,-1.8,-65.8,0.67,0.14,0.63
136.97088503837585,5.300000000000001,-1.8,-65.8,0.67,0.14,0.63
136.98030471801758,5.300000000000001,-1.8,-65.8,0.68,0.14,0.63
136.99005913734436,5.300000000000001,-1.8,-65.7,0.67,0.14,0.63
137.00075936317444,5.5,-2.0,-65.8,0.6900000000000001,0.16,0.63
137.01065254211426,5.4,-1.9000000000000001,-65.8,0.68,0.15,0.63
137.0209674835205,5.300000000000001,-1.8,-65.7,0.68,0.14,0.63
137.03101921081543,5.300000000000001,-1.8,-65.8,0.67,0.13,0.63
137.0398087501526,5.300000000000001,-1.8,-65.8,0.67,0.13,0.63
137.05004453659058,5.300000000000001,-1.7000000000000002,-65.8,0.67,0.13,0.63
137.0600619316101,5.2,-1.7000000000000002,-65.8,0.66,0.13,0.63
137.07009840011597,5.2,-1.8,-65.8,0.67,0.13,0.63
137.07984113693237,5.2,-1.7000000000000002,-65.8,0.67,0.13,0.63
137.0901710987091,5.300000000000001,-1.8,-65.8,0.67,0.13,0.63
137.10024189949036,5.300000000000001,-1.9000000000000001,-65.8,0.68,0.14,0.63
137.11041903495789,5.300000000000001,-1.9000000000000001,-65.8,0.68,0.14,0.63
137.11979746818542,5.4,-1.9000000000000001,-65.8,0.68,0.14,0.63
137.13082790374756,5.300000000000001,-1.9000000000000001,-65.8,0.68,0.14,0.63
137.139746427536,5.300000000000001,-1.8,-65.8,0.68,0.13,0.63
137.1499319076538,5.300000000000001,-1.8,-65.7,0.68,0.13,0.63
137.16098475456238,5.300000000000001,-1.8,-65.8,0.67,0.13,0.63
137.1700460910797,5.300000000000001,-1.8,-65.8,0.67,0.13,0.63
137.17985939979553,5.300000000000001,-1.8,-65.8,0.67,0.13,0.63
137.19005417823792,5.300000000000001,-1.8,-65.8,0.67,0.13,0.63
137.20048451423645,5.6000000000000005,-1.4000000000000001,-65.7,0.64,0.15,0.63
137.20975255966187,5.5,-2.0,-65.8,0.68,0.16,0.64
137.2198841571808,5.300000000000001,-1.7000000000000002,-65.8,0.68,0.13,0.63
137.23007988929749,5.1000000000000005,-2.0,-65.7,0.6900000000000001,0.12,0.64
137.24006390571594,5.300000000000001,-1.8,-65.8,0.68,0.14,0.62
137.24978160858154,5.4,-2.0,-65.8,0.68,0.14,0.64
137.26010537147522,5.5,-1.9000000000000001,-65.8,0.6900000000000001,0.17,0.63
137.2712757587433,5.5,-2.0,-65.9,0.6900000000000001,0.16,0.64
137.28007531166077,5.300000000000001,-1.9000000000000001,-65.7,0.6900000000000001,0.13,0.63
137.29000973701477,5.2,-1.8,-65.8,0.67,0.12,0.63
137.30091834068298,5.2,-1.8,-65.9,0.67,0.12,0.64
137.3108687400818,5.300000000000001,-1.8,-65.8,0.67,0.13,0.63
137.3207142353058,5.2,-1.6,-65.8,0.65,0.13,0.64
137.3303632736206,5.2,-1.7000000000000002,-65.9,0.67,0.13,0.63
137.3405623435974,5.2,-1.8,-65.8,0.67,0.13,0.63
137.3498408794403,5.2,-1.7000000000000002,-65.9,0.66,0.12,0.64
137.3598039150238,5.300000000000001,-1.9000000000000001,-65.9,0.68,0.14,0.63
137.37048029899597,5.4,-1.9000000000000001,-65.9,0.68,0.14,0.63
137.38108682632446,5.300000000000001,-1.9000000000000001,-65.8,0.68,0.14,0.63
137.3900499343872,5.300000000000001,-2.0,-65.8,0.6900000000000001,0.14,0.63
137.4007923603058,5.300000000000001,-1.9000000000000001,-65.8,0.68,0.13,0.63
137.4101264476776,5.300000000000001,-1.9000000000000001,-65.7,0.68,0.14,0.63
137.42021250724792,5.300000000000001,-1.8,-65.7,0.68,0.14,0.63
137.43015050888062,5.300000000000001,-1.8,-65.8,0.68,0.14,0.63
137.44079995155334,5.300000000000001,-1.8,-65.7,0.67,0.14,0.63
137.45015120506287,5.300000000000001,-1.8,-65.8,0.67,0.14,0.63
137.45978593826294,5.300000000000001,-1.7000000000000002,-65.7,0.67,0.14,0.63
137.4700677394867,5.300000000000001,-1.7000000000000002,-65.8,0.66,0.14,0.63
137.48001503944397,5.4,-1.7000000000000002,-65.8,0.67,0.15,0.63
137.49048924446106,5.300000000000001,-1.9000000000000001,-65.8,0.67,0.14,0.63
137.49998259544373,5.300000000000001,-1.8,-65.7,0.68,0.13,0.63
137.51048350334167,5.300000000000001,-1.7000000000000002,-65.8,0.67,0.14,0.63
137.52068877220154,5.300000000000001,-1.9000000000000001,-65.8,0.68,0.14,0.63
137.5305893421173,5.300000000000001,-1.8,-65.7,0.68,0.13,0.63
137.53990006446838,5.300000000000001,-1.8,-65.7,0.67,0.14,0.63
137.55047273635864,5.300000000000001,-1.9000000000000001,-65.7,0.6900000000000001,0.14,0.63
137.55973887443542,5.300000000000001,-1.8,-65.7,0.68,0.13,0.63
137.57028818130493,5.300000000000001,-1.8,-65.8,0.67,0.14,0.63
137.58044624328613,5.300000000000001,-1.9000000000000001,-65.8,0.68,0.14,0.63
137.5909926891327,5.300000000000001,-1.8,-65.8,0.67,0.14,0.63
137.60068702697754,5.1000000000000005,-2.1,-65.9,0.7000000000000001,0.13,0.63
137.6107897758484,5.2,-1.8,-65.8,0.68,0.12,0.63
137.6209785938263,5.5,-1.6,-65.8,0.65,0.15,0.64
137.6297743320465,5.5,-1.6,-65.9,0.65,0.17,0.63
137.6399965286255,5.4,-1.9000000000000001,-65.8,0.68,0.14,0.64
137.65090227127075,5.1000000000000005,-1.7000000000000002,-65.8,0.67,0.12,0.63
137.66038012504578,5.2,-1.8,-65.8,0.68,0.12,0.63
137.66991806030273,5.300000000000001,-1.9000000000000001,-65.7,0.68,0.13,0.63
137.68041682243347,5.300000000000001,-1.7000000000000002,-65.8,0.66,0.14,0.63
137.68978905677795,5.4,-1.8,-65.8,0.67,0.15,0.63
137.69976353645325,5.4,-2.0,-65.7,0.6900000000000001,0.15,0.63
137.70995712280273,5.300000000000001,-1.8,-65.7,0.68,0.13,0.63
137.71989274024963,5.4,-1.9000000000000001,-65.8,0.68,0.14,0.63
137.72998905181885,5.4,-1.9000000000000001,-65.8,0.68,0.15,0.63
137.73983716964722,5.300000000000001,-1.7000000000000002,-65.8,0.67,0.14,0.63
137.75041437149048,5.300000000000001,-1.8,-65.8,0.67,0.14,0.63
137.75983786582947,5.2,-1.8,-65.8,0.67,0.13,0.63
137.77004551887512,5.2,-1.7000000000000002,-65.8,0.67,0.13,0.63
137.7803339958191,5.300000000000001,-1.7000000000000002,-65.8,0.66,0.14,0.63
137.79033756256104,5.4,-1.8,-65.8,0.67,0.14,0.63
137.79977679252625,5.300000000000001,-1.8,-65.8,0.67,0.14,0.63
137.80982875823975,5.300000000000001,-1.8,-65.8,0.68,0.14,0.63
137.8208043575287,5.300000000000001,-1.9000000000000001,-65.7,0.68,0.13,0.63
137.82974910736084,5.300000000000001,-1.9000000000000001,-65.7,0.68,0.14,0.63
137.84018516540527,5.4,-1.9000000000000001,-65.8,0.68,0.14,0.63
137.85007166862488,5.4,-1.9000000000000001,-65.8,0.68,0.15,0.63
137.85979509353638,5.300000000000001,-1.8,-65.8,0.68,0.14,0.63
137.87000036239624,5.2,-1.8,-65.8,0.67,0.13,0.63
137.88134741783142,5.2,-1.8,-65.8,0.67,0.13,0.63
137.89010500907898,5.300000000000001,-1.7000000000000002,-65.8,0.67,0.13,0.63
137.89980673789978,5.300000000000001,-1.8,-65.8,0.67,0.14,0.63
137.90982270240784,5.300000000000001,-1.8,-65.8,0.67,0.14,0.63
137.9199779033661,5.300000000000001,-1.8,-65.8,0.67,0.14,0.63
137.92980980873108,5.300000000000001,-1.8,-65.8,0.67,0.14,0.63
137.939701795578,5.300000000000001,-1.8,-65.8,0.68,0.14,0.63
137.9502649307251,5.4,-1.8,-65.8,0.68,0.14,0.63
137.96064066886902,5.300000000000001,-1.9000000000000001,-65.8,0.68,0.14,0.63
137.96998023986816,5.300000000000001,-1.9000000000000001,-65.8,0.68,0.14,0.63
137.98007011413574,5.300000000000001,-1.8,-65.7,0.68,0.14,0.63
137.99008011817932,5.300000000000001,-1.8,-65.8,0.68,0.14,0.63
137.99982380867004,5.300000000000001,-1.8,-65.8,0.67,0.14,0.63
138.00978779792786,5.300000000000001,-1.8,-65.8,0.67,0.14,0.63
138.02054977416992,5.300000000000001,-1.8,-65.8,0.67,0.14,0.63
138.03002262115479,5.300000000000001,-1.8,-65.8,0.67,0.14,0.63
138.0397653579712,5.300000000000001,-1.8,-65.8,0.67,0.14,0.63
138.05057334899902,5.300000000000001,-1.8,-65.8,0.67,0.14,0.63
138.06055569648743,5.300000000000001,-1.8,-65.8,0.67,0.14,0.63
138.0697898864746,5.300000000000001,-1.8,-65.8,0.68,0.14,0.63
138.0800392627716,5.5,-2.2,-65.7,0.71,0.15,0.63
138.0899941921234,5.4,-1.8,-65.8,0.68,0.15,0.63
138.0997543334961,5.2,-1.7000000000000002,-65.8,0.66,0.13,0.64
138.10977506637573,5.4,-1.9000000000000001,-65.8,0.68,0.13,0.63
138.12109184265137,5.2,-1.9000000000000001,-65.8,0.68,0.13,0.63
138.13071274757385,5.2,-1.7000000000000002,-65.8,0.67,0.13,0.63
138.13970947265625,5.300000000000001,-1.9000000000000001,-65.8,0.67,0.14,0.63
138.15016674995422,5.300000000000001,-1.7000000000000002,-65.8,0.67,0.14,0.63
138.1606547832489,5.2,-1.7000000000000002,-65.8,0.67,0.13,0.63
138.16984033584595,5.300000000000001,-1.8,-65.8,0.67,0.14,0.63
138.1801826953888,5.300000000000001,-1.8,-65.8,0.67,0.14,0.63
138.1911232471466,5.300000000000001,-1.9000000000000001,-65.8,0.68,0.14,0.63
138.2000150680542,5.4,-1.9000000000000001,-65.8,0.68,0.15,0.63
138.20982909202576,5.4,-1.9000000000000001,-65.8,0.68,0.15,0.63
138.21999549865723,5.300000000000001,-1.8,-65.8,0.68,0.14,0.63
138.2305588722229,5.300000000000001,-1.8,-65.7,0.68,0.14,0.63
138.23970651626587,5.300000000000001,-1.8,-65.7,0.67,0.14,0.63
138.2514033317566,5.300000000000001,-1.8,-65.7,0.67,0.13,0.63
138.2604639530182,5.300000000000001,-1.8,-65.8,0.67,0.14,0.63
138.27007722854614,5.300000000000001,-1.8,-65.8,0.67,0.14,0.63
138.28070783615112,5.300000000000001,-1.8,-65.7,0.67,0.13,0.63
138.29082679748535,5.300000000000001,-1.8,-65.8,0.67,0.14,0.63
138.3006627559662,5.1000000000000005,-2.2,-65.8,0.6900000000000001,0.13,0.63
138.30983352661133,5.2,-1.8,-65.7,0.6900000000000001,0.1,0.64
138.3202531337738,5.2,-1.7000000000000002,-65.7,0.67,0.13,0.63
138.33074617385864,5.6000000000000005,-1.7000000000000002,-65.9,0.66,0.18,0.63
138.33980131149292,5.5,-1.8,-65.8,0.67,0.16,0.63
138.34969568252563,5.2,-1.7000000000000002,-65.8,0.67,0.13,0.63
138.36139798164368,5.2,-1.9000000000000001,-65.8,0.68,0.12,0.63
138.3701593875885,5.1000000000000005,-1.9000000000000001,-65.7,0.68,0.12,0.63
138.37983012199402,5.2,-1.7000000000000002,-65.7,0.66,0.12,0.63
138.3904242515564,5.300000000000001,-1.8,-65.8,0.67,0.15,0.63
138.40080285072327,5.4,-1.9000000000000001,-65.8,0.68,0.15,0.63
138.4106845855713,5.4,-2.0,-65.7,0.7000000000000001,0.15,0.63
138.41981077194214,5.4,-1.9000000000000001,-65.8,0.6900000000000001,0.16,0.63
138.4300892353058,5.300000000000001,-1.8,-65.7,0.67,0.14,0.63
138.4398329257965,5.300000000000001,-1.7000000000000002,-65.7,0.66,0.13,0.63
138.44979286193848,5.4,-1.9000000000000001,-65.8,0.68,0.15,0.63
138.4602792263031,5.300000000000001,-1.7000000000000002,-65.7,0.67,0.14,0.63
138.46995615959167,5.1000000000000005,-1.3,-65.7,0.63,0.11,0.64
138.47994565963745,5.2,-1.7000000000000002,-65.8,0.66,0.13,0.63
138.49010157585144,5.300000000000001,-1.7000000000000002,-65.8,0.66,0.14,0.63
138.50070333480835,5.300000000000001,-1.8,-65.7,0.67,0.14,0.64
138.50979280471802,5.4,-1.9000000000000001,-65.9,0.6900000000000001,0.15,0.63
138.52058815956116,5.4,-2.0,-65.8,0.6900000000000001,0.14,0.63
138.53059482574463,5.300000000000001,-2.0,-65.8,0.7000000000000001,0.14,0.63
138.53976774215698,5.4,-2.1,-65.8,0.6900000000000001,0.14,0.63
138.5499701499939,5.4,-2.0,-65.8,0.6900000000000001,0.15,0.63
138.5599582195282,5.300000000000001,-1.9000000000000001,-65.8,0.6900000000000001,0.14,0.63
138.57002806663513,5.2,-1.8,-65.8,0.67,0.13,0.63
138.5798671245575,5.2,-1.7000000000000002,-65.8,0.66,0.12,0.63
138.59068131446838,5.1000000000000005,-1.6,-65.8,0.66,0.12,0.63
138.60075616836548,5.2,-1.6,-65.9,0.66,0.12,0.63
138.61069893836975,5.2,-1.7000000000000002,-65.8,0.67,0.13,0.63
138.61976552009583,5.300000000000001,-1.7000000000000002,-65.8,0.66,0.14,0.63
138.63034772872925,5.4,-1.8,-65.8,0.67,0.14,0.63
138.64015531539917,5.4,-1.9000000000000001,-65.8,0.68,0.15,0.63
138.64998388290405,5.4,-1.9000000000000001,-65.7,0.68,0.15,0.63
138.66075158119202,5.4,-1.9000000000000001,-65.7,0.68,0.14,0.63
138.67064571380615,5.4,-1.9000000000000001,-65.7,0.68,0.15,0.63
138.67980861663818,5.300000000000001,-1.9000000000000001,-65.8,0.68,0.14,0.63
138.69036293029785,5.300000000000001,-1.8,-65.7,0.68,0.13,0.63
138.70092463493347,5.300000000000001,-1.8,-65.7,0.67,0.13,0.63
138.71068239212036,5.300000000000001,-1.8,-65.7,0.67,0.14,0.63
138.72069716453552,5.2,-1.6,-65.8,0.66,0.12,0.63
138.73071193695068,5.2,-1.6,-65.8,0.66,0.13,0.63
138.74058508872986,5.300000000000001,-1.8,-65.8,0.67,0.14,0.63
138.75044989585876,5.300000000000001,-1.8,-65.8,0.68,0.13,0.63
138.76018238067627,5.4,-1.8,-65.8,0.68,0.15,0.63
138.77006483078003,5.300000000000001,-1.7000000000000002,-65.9,0.66,0.14,0.63
138.78073501586914,5.4,-2.1,-65.8,0.7000000000000001,0.15,0.63
138.79063987731934,5.300000000000001,-1.9000000000000001,-65.8,0.68,0.13,0.64
138.79998588562012,5.2,-1.9000000000000001,-65.8,0.68,0.13,0.63
138.81081199645996,5.300000000000001,-2.0,-65.7,0.6900000000000001,0.14,0.63
138.81971287727356,5.2,-1.7000000000000002,-65.7,0.67,0.13,0.63
138.82995986938477,5.2,-1.7000000000000002,-65.7,0.67,0.13,0.63
138.83979105949402,5.300000000000001,-1.9000000000000001,-65.8,0.68,0.13,0.63
138.84988522529602,5.300000000000001,-1.8,-65.8,0.67,0.13,0.63
138.86063718795776,5.300000000000001,-1.8,-65.7,0.68,0.14,0.63
138.87067079544067,5.4,-1.8,-65.8,0.68,0.14,0.63
138.88077187538147,5.300000000000001,-1.8,-65.8,0.67,0.14,0.63
138.89018559455872,5.4,-1.8,-65.8,0.67,0.14,0.63
138.90034794807434,5.300000000000001,-1.8,-65.8,0.67,0.14,0.63
138.90972423553467,5.300000000000001,-1.8,-65.7,0.67,0.14,0.63
138.91997694969177,5.300000000000001,-1.8,-65.7,0.67,0.14,0.63
138.92982387542725,5.300000000000001,-1.8,-65.7,0.67,0.14,0.63
138.93971967697144,5.300000000000001,-1.8,-65.7,0.68,0.14,0.63
138.94986414909363,5.300000000000001,-1.8,-65.7,0.67,0.14,0.63
138.9612488746643,5.300000000000001,-1.8,-65.7,0.67,0.14,0.63
138.96998858451843,5.300000000000001,-1.9000000000000001,-65.8,0.68,0.14,0.63
138.97990465164185,5.300000000000001,-1.9000000000000001,-65.8,0.68,0.14,0.63
138.9902057647705,5.4,-1.9000000000000001,-65.8,0.68,0.14,0.63
138.99993586540222,5.4,-1.9000000000000001,-65.8,0.68,0.14,0.63
139.00988006591797,5.300000000000001,-1.8,-65.8,0.67,0.14,0.63
139.02099561691284,5.300000000000001,-1.8,-65.7,0.67,0.14,0.63
139.02976942062378,5.300000000000001,-1.7000000000000002,-65.8,0.66,0.14,0.63
139.03978943824768,5.300000000000001,-1.8,-65.8,0.67,0.14,0.63
139.05051350593567,5.2,-1.7000000000000002,-65.7,0.67,0.13,0.63
139.06033635139465,5.300000000000001,-1.9000000000000001,-65.8,0.67,0.13,0.64
139.06989336013794,5.4,-2.0,-65.8,0.7000000000000001,0.15,0.63
139.08015966415405,5.300000000000001,-1.9000000000000001,-65.7,0.6900000000000001,0.14,0.63
139.09012961387634,5.300000000000001,-1.8,-65.8,0.67,0.14,0.63
139.10078763961792,5.300000000000001,-2.0,-65.8,0.6900000000000001,0.14,0.63
139.11063194274902,5.300000000000001,-1.9000000000000001,-65.8,0.68,0.13,0.63
139.12071776390076,5.2,-1.8,-65.8,0.67,0.13,0.63
139.13007855415344,5.300000000000001,-1.9000000000000001,-65.8,0.68,0.14,0.63
139.13982033729553,5.300000000000001,-1.8,-65.8,0.68,0.14,0.63
139.15015387535095,5.2,-1.6,-65.8,0.66,0.14,0.63
139.15990090370178,5.2,-1.7000000000000002,-65.8,0.66,0.13,0.63
139.16984128952026,5.300000000000001,-1.9000000000000001,-65.8,0.68,0.13,0.63
139.18086767196655,5.4,-1.9000000000000001,-65.8,0.6900000000000001,0.15,0.63
139.19064235687256,5.2,-1.6,-65.8,0.66,0.14,0.63
139.20067405700684,5.2,-1.8,-65.7,0.66,0.12,0.63
139.2098729610443,5.4,-2.1,-65.8,0.7000000000000001,0.14,0.63
139.21996998786926,5.300000000000001,-1.8,-65.7,0.68,0.15,0.63
139.23112726211548,5.2,-1.8,-65.7,0.67,0.13,0.64
139.23969721794128,5.4,-2.0,-65.8,0.6900000000000001,0.14,0.63
139.25013089179993,5.4,-1.8,-65.8,0.68,0.15,0.63
139.26080060005188,5.2,-1.7000000000000002,-65.7,0.66,0.13,0.64
139.27040553092957,5.300000000000001,-1.8,-65.8,0.67,0.13,0.63
139.28075909614563,5.5,-1.9000000000000001,-65.8,0.6900000000000001,0.15,0.63
139.290762424469,5.300000000000001,-1.5,-65.7,0.66,0.14,0.63
139.3006694316864,5.1000000000000005,-1.5,-65.8,0.64,0.12,0.64
139.31002354621887,5.300000000000001,-1.9000000000000001,-65.8,0.67,0.13,0.63
139.31981229782104,5.4,-1.9000000000000001,-65.8,0.6900000000000001,0.14,0.63
139.33037877082825,5.300000000000001,-1.6,-65.8,0.67,0.14,0.63
139.3398187160492,5.2,-1.8,-65.8,0.67,0.13,0.63
139.34988141059875,5.300000000000001,-1.9000000000000001,-65.8,0.68,0.13,0.63
139.35993218421936,5.300000000000001,-1.9000000000000001,-65.8,0.68,0.14,0.63
139.37086939811707,5.4,-2.0,-65.8,0.6900000000000001,0.14,0.63
139.38093852996826,5.300000000000001,-1.9000000000000001,-65.8,0.6900000000000001,0.14,0.63
139.38995218276978,5.300000000000001,-1.8,-65.8,0.67,0.13,0.63
139.40043354034424,5.300000000000001,-1.8,-65.8,0.68,0.13,0.63
139.41001915931702,5.300000000000001,-1.8,-65.8,0.67,0.13,0.63
139.4199275970459,5.300000000000001,-1.7000000000000002,-65.8,0.67,0.13,0.63
139.42990612983704,5.300000000000001,-1.7000000000000002,-65.8,0.66,0.13,0.63
139.44007349014282,5.300000000000001,-1.7000000000000002,-65.8,0.66,0.13,0.63
139.44986987113953,5.300000000000001,-1.7000000000000002,-65.8,0.67,0.14,0.63
139.46007585525513,5.300000000000001,-1.7000000000000002,-65.7,0.67,0.13,0.63
139.47089171409607,5.4,-1.9000000000000001,-65.8,0.68,0.14,0.63
139.48022174835205,5.4,-1.9000000000000001,-65.8,0.68,0.14,0.63
139.48998832702637,5.4,-1.9000000000000001,-65.7,0.68,0.14,0.63
139.5004518032074,5.4,-1.9000000000000001,-65.7,0.68,0.15,0.63
139.50980806350708,5.7,-1.5,-65.8,0.65,0.16,0.63
139.51969289779663,5.4,-2.0,-65.7,0.67,0.18,0.63
139.5298891067505,5.300000000000001,-1.8,-65.8,0.6900000000000001,0.13,0.63
139.53997611999512,5.0,-2.0,-65.60000000000001,0.6900000000000001,0.11,0.64
139.55009269714355,5.1000000000000005,-1.7000000000000002,-65.8,0.68,0.12,0.63
139.5597755908966,5.4,-1.9000000000000001,-65.7,0.68,0.14,0.64
139.5707106590271,5.4,-1.5,-65.8,0.65,0.15,0.63
139.5797984600067,5.4,-1.8,-65.9,0.67,0.15,0.64
139.59008193016052,5.300000000000001,-1.9000000000000001,-65.8,0.6900000000000001,0.14,0.63
139.60003352165222,5.2,-1.8,-65.8,0.68,0.13,0.63
139.61015701293945,5.2,-1.9000000000000001,-65.8,0.68,0.13,0.63
139.62002205848694,5.300000000000001,-1.9000000000000001,-65.8,0.68,0.14,0.63
139.62986087799072,5.2,-1.8,-65.8,0.67,0.13,0.64
139.64004635810852,5.300000000000001,-1.9000000000000001,-65.8,0.68,0.13,0.63
139.65017127990723,5.300000000000001,-1.9000000000000001,-65.8,0.6900000000000001,0.13,0.63
139.65994143486023,5.300000000000001,-1.8,-65.8,0.67,0.13,0.63
139.67096400260925,5.300000000000001,-1.8,-65.8,0.67,0.14,0.63
139.68069744110107,5.300000000000001,-1.8,-65.8,0.68,0.14,0.63
139.69013118743896,5.300000000000001,-1.8,-65.8,0.68,0.13,0.63
139.69983196258545,5.300000000000001,-1.8,-65.8,0.68,0.13,0.63
139.70992732048035,5.300000000000001,-1.9000000000000001,-65.8,0.68,0.14,0.63
139.71991634368896,5.300000000000001,-1.8,-65.8,0.67,0.14,0.63
139.72983503341675,5.300000000000001,-1.8,-65.8,0.67,0.14,0.63
139.740389585495,5.300000000000001,-1.9000000000000001,-65.8,0.68,0.14,0.63
139.75068020820618,5.300000000000001,-1.8,-65.7,0.68,0.13,0.63
139.75983810424805,5.300000000000001,-1.8,-65.8,0.66,0.14,0.63
139.77063727378845,5.300000000000001,-1.8,-65.7,0.67,0.14,0.63
139.7808792591095,5.300000000000001,-1.8,-65.7,0.67,0.14,0.63
139.78996872901917,5.4,-1.8,-65.7,0.67,0.15,0.63
139.79988050460815,5.4,-1.8,-65.7,0.68,0.15,0.63
139.81056213378906,5.300000000000001,-1.8,-65.7,0.67,0.14,0.63
139.82051157951355,5.300000000000001,-1.8,-65.8,0.67,0.14,0.63
139.8298909664154,5.300000000000001,-1.9000000000000001,-65.7,0.68,0.14,0.63
139.8398449420929,5.2,-2.0,-65.7,0.7000000000000001,0.12,0.63
139.8503930568695,5.2,-1.8,-65.8,0.67,0.13,0.63
139.8597981929779,5.4,-1.7000000000000002,-65.8,0.66,0.15,0.63
139.87064266204834,5.5,-1.7000000000000002,-65.9,0.66,0.15,0.63
139.88049983978271,5.300000000000001,-1.8,-65.8,0.68,0.14,0.63
139.89002680778503,5.2,-1.8,-65.8,0.68,0.12,0.63
139.90017700195312,5.2,-1.8,-65.8,0.68,0.12,0.63
139.91073989868164,5.300000000000001,-1.7000000000000002,-65.8,0.67,0.13,0.63
139.919860124588,5.4,-1.8,-65.8,0.67,0.15,0.63
139.93038654327393,5.4,-1.8,-65.8,0.68,0.14,0.63
139.9399790763855,5.300000000000001,-1.9000000000000001,-65.8,0.68,0.13,0.63
139.95024514198303,5.300000000000001,-1.9000000000000001,-65.8,0.68,0.13,0.63
139.95980739593506,5.300000000000001,-1.9000000000000001,-65.7,0.68,0.14,0.63
139.9700379371643,5.300000000000001,-1.8,-65.8,0.67,0.14,0.63
139.98033356666565,5.300000000000001,-1.8,-65.8,0.67,0.14,0.63
139.99087977409363,5.300000000000001,-1.8,-65.8,0.68,0.13,0.63
140.00016403198242,5.2,-1.8,-65.8,0.68,0.13,0.63
140.01033806800842,5.300000000000001,-1.8,-65.8,0.67,0.13,0.63
140.01998162269592,5.4,-1.7000000000000002,-65.8,0.67,0.14,0.63
140.02979397773743,5.4,-1.8,-65.8,0.67,0.15,0.63
140.04057693481445,5.4,-1.8,-65.7,0.67,0.14,0.63
140.05043005943298,5.300000000000001,-1.8,-65.7,0.67,0.14,0.63
140.0598864555359,5.300000000000001,-1.8,-65.8,0.68,0.14,0.63
140.07008004188538,5.300000000000001,-1.8,-65.8,0.68,0.14,0.63
140.0811767578125,5.4,-1.8,-65.7,0.68,0.14,0.63
140.09095907211304,5.300000000000001,-1.9000000000000001,-65.8,0.68,0.14,0.63
140.09977102279663,5.300000000000001,-1.8,-65.8,0.68,0.14,0.63
140.10994601249695,5.300000000000001,-1.8,-65.8,0.68,0.13,0.63
140.11980843544006,5.2,-1.8,-65.8,0.68,0.13,0.63
140.12986612319946,5.300000000000001,-1.8,-65.8,0.67,0.13,0.63
140.1400110721588,5.300000000000001,-1.8,-65.8,0.67,0.14,0.63
140.15187668800354,5.300000000000001,-1.8,-65.8,0.67,0.14,0.63
140.1599907875061,5.300000000000001,-1.8,-65.8,0.68,0.14,0.63
140.17009830474854,5.300000000000001,-1.8,-65.8,0.67,0.14,0.63
140.18010210990906,5.300000000000001,-1.8,-65.8,0.68,0.14,0.63
140.19093823432922,5.300000000000001,-1.8,-65.8,0.68,0.14,0.63
140.19973421096802,5.300000000000001,-1.8,-65.7,0.68,0.14,0.63
140.20984601974487,5.300000000000001,-1.8,-65.8,0.68,0.14,0.63
140.2209222316742,5.300000000000001,-1.8,-65.8,0.68,0.14,0.63
140.23028659820557,5.300000000000001,-1.8,-65.8,0.68,0.14,0.63
140.2399446964264,5.300000000000001,-1.8,-65.8,0.68,0.14,0.63
140.25025606155396,5.1000000000000005,-1.5,-65.8,0.65,0.13,0.64
140.25988006591797,5.300000000000001,-2.0,-65.7,0.6900000000000001,0.13,0.64
140.269793510437,5.4,-1.8,-65.8,0.68,0.14,0.62
140.28081130981445,5.5,-2.0,-65.60000000000001,0.68,0.15,0.64
140.29047775268555,5.7,-2.1,-65.8,0.71,0.17,0.63
140.3007616996765,5.5,-2.1,-65.8,0.6900000000000001,0.16,0.63
140.31010055541992,5.300000000000001,-1.7000000000000002,-65.7,0.67,0.14,0.64
140.31998348236084,5.2,-1.8,-65.8,0.67,0.12,0.63
140.32982420921326,5.300000000000001,-1.8,-65.8,0.67,0.13,0.63
140.33977365493774,5.2,-1.6,-65.8,0.66,0.14,0.63
140.35008597373962,5.2,-1.6,-65.8,0.65,0.13,0.63
140.36029148101807,5.300000000000001,-1.7000000000000002,-65.8,0.66,0.13,0.63
140.3697648048401,5.2,-1.6,-65.8,0.66,0.13,0.63
140.3803253173828,5.2,-1.7000000000000002,-65.8,0.67,0.13,0.63
140.3903615474701,5.300000000000001,-1.9000000000000001,-65.8,0.6900000000000001,0.14,0.63
140.39986371994019,5.300000000000001,-1.9000000000000001,-65.8,0.68,0.14,0.63
140.4097602367401,5.4,-2.0,-65.8,0.6900000000000001,0.15,0.63
140.42094683647156,5.4,-2.0,-65.8,0.6900000000000001,0.15,0.63
140.4299008846283,5.300000000000001,-1.9000000000000001,-65.8,0.68,0.14,0.63
140.4398009777069,5.300000000000001,-1.8,-65.7,0.68,0.14,0.63
140.44992899894714,5.2,-1.8,-65.7,0.67,0.13,0.63
140.46037793159485,5.2,-1.8,-65.8,0.67,0.13,0.63
140.46979331970215,5.2,-1.8,-65.8,0.67,0.13,0.63
140.4799735546112,5.300000000000001,-1.7000000000000002,-65.8,0.67,0.14,0.63
140.48991870880127,5.300000000000001,-1.7000000000000002,-65.7,0.67,0.14,0.63
140.4997866153717,5.300000000000001,-1.8,-65.8,0.67,0.13,0.63
140.50975728034973,5.1000000000000005,-2.1,-65.8,0.71,0.12,0.63
140.51992774009705,5.2,-1.8,-65.8,0.68,0.13,0.63
140.5299789905548,5.6000000000000005,-1.8,-65.8,0.66,0.16,0.64
140.53975415229797,5.6000000000000005,-1.8,-65.8,0.67,0.18,0.63
140.55052399635315,5.4,-1.8,-65.7,0.68,0.15,0.64
140.56072974205017,5.2,-1.7000000000000002,-65.7,0.67,0.12,0.63
140.56998991966248,5.2,-1.9000000000000001,-65.8,0.68,0.13,0.63
140.5801227092743,5.300000000000001,-1.9000000000000001,-65.7,0.68,0.14,0.63
140.5903298854828,5.300000000000001,-1.6,-65.7,0.66,0.14,0.63
140.6006407737732,5.300000000000001,-1.8,-65.7,0.66,0.14,0.64
140.60972952842712,5.4,-1.9000000000000001,-65.7,0.6900000000000001,0.14,0.63
140.61996912956238,5.300000000000001,-1.8,-65.7,0.67,0.13,0.63
140.6306631565094,5.300000000000001,-1.8,-65.8,0.68,0.14,0.63
140.63981986045837,5.4,-1.9000000000000001,-65.8,0.68,0.14,0.63
140.64983868598938,5.4,-1.7000000000000002,-65.8,0.67,0.14,0.63
140.65991401672363,5.300000000000001,-1.8,-65.8,0.68,0.14,0.63
140.67005681991577,5.300000000000001,-1.9000000000000001,-65.8,0.68,0.13,0.63
140.6799614429474,5.2,-1.8,-65.8,0.67,0.13,0.63
140.69000959396362,5.300000000000001,-1.8,-65.8,0.67,0.14,0.63
140.70063376426697,5.4,-1.8,-65.8,0.67,0.14,0.63
140.709801197052,5.300000000000001,-1.8,-65.8,0.67,0.14,0.63
140.71996426582336,5.2,-1.9000000000000001,-65.8,0.68,0.13,0.63
140.73017048835754,5.300000000000001,-1.8,-65.8,0.68,0.13,0.63
140.7399022579193,5.300000000000001,-1.8,-65.8,0.68,0.14,0.63
140.74991416931152,5.300000000000001,-1.8,-65.8,0.67,0.14,0.63
140.75985765457153,5.4,-1.9000000000000001,-65.8,0.68,0.14,0.63
140.77074265480042,5.300000000000001,-1.8,-65.8,0.68,0.14,0.63
140.78059363365173,5.300000000000001,-1.8,-65.8,0.67,0.13,0.63
140.78983068466187,5.300000000000001,-1.8,-65.8,0.67,0.13,0.63
140.80000162124634,5.300000000000001,-1.8,-65.8,0.67,0.14,0.63
140.81008291244507,5.300000000000001,-1.8,-65.8,0.67,0.14,0.63
140.82067584991455,5.300000000000001,-1.8,-65.7,0.67,0.14,0.63
140.829763174057,5.300000000000001,-1.8,-65.7,0.67,0.14,0.63
140.8399350643158,5.4,-1.7000000000000002,-65.7,0.67,0.14,0.63
140.8499071598053,5.300000000000001,-1.8,-65.8,0.67,0.14,0.63
140.85985231399536,5.300000000000001,-1.8,-65.8,0.68,0.14,0.63
140.8708782196045,5.300000000000001,-1.8,-65.8,0.67,0.14,0.63
140.88005876541138,5.300000000000001,-1.9000000000000001,-65.8,0.68,0.14,0.63
140.88994765281677,5.300000000000001,-1.8,-65.8,0.68,0.14,0.63
140.89981889724731,5.300000000000001,-1.8,-65.8,0.67,0.14,0.63
140.91020679473877,5.300000000000001,-1.8,-65.8,0.68,0.14,0.63
140.92020416259766,5.300000000000001,-1.8,-65.8,0.67,0.13,0.63
140.92970776557922,5.2,-1.8,-65.9,0.67,0.13,0.63
140.94007349014282,5.2,-1.8,-65.8,0.68,0.13,0.63
140.95013165473938,5.2,-1.8,-65.8,0.67,0.13,0.63
140.95978951454163,5.300000000000001,-1.8,-65.8,0.67,0.14,0.63
140.97004199028015,5.300000000000001,-1.8,-65.8,0.68,0.14,0.63
140.97986960411072,5.300000000000001,-1.8,-65.8,0.68,0.14,0.63
140.99011993408203,5.300000000000001,-1.9000000000000001,-65.8,0.68,0.14,0.63
140.9997866153717,5.300000000000001,-1.9000000000000001,-65.8,0.68,0.14,0.63
141.0101237297058,5.300000000000001,-1.8,-65.8,0.68,0.14,0.63
141.0201005935669,5.300000000000001,-1.8,-65.8,0.68,0.14,0.63
141.02981185913086,5.300000000000001,-1.8,-65.8,0.68,0.14,0.63
141.03983664512634,5.300000000000001,-1.8,-65.8,0.67,0.14,0.63
141.0509123802185,5.300000000000001,-1.8,-65.8,0.67,0.14,0.63
141.0600299835205,5.300000000000001,-1.8,-65.7,0.67,0.14,0.63
141.0700170993805,5.300000000000001,-1.7000000000000002,-65.7,0.67,0.14,0.63
141.08087968826294,5.4,-1.7000000000000002,-65.8,0.67,0.14,0.63
141.0908784866333,5.300000000000001,-1.8,-65.7,0.67,0.14,0.63
141.1007387638092,5.300000000000001,-1.8,-65.7,0.68,0.13,0.63
141.11065363883972,5.300000000000001,-1.8,-65.8,0.68,0.14,0.63
141.1198799610138,5.4,-1.8,-65.8,0.67,0.14,0.63
141.13012170791626,5.300000000000001,-1.8,-65.7,0.67,0.14,0.63
141.13983702659607,5.300000000000001,-1.8,-65.8,0.67,0.14,0.63
141.15040135383606,5.300000000000001,-1.8,-65.8,0.68,0.13,0.63
141.1602499485016,5.2,-1.7000000000000002,-65.8,0.67,0.12,0.63
141.1700313091278,5.2,-1.8,-65.8,0.67,0.13,0.63
141.17997860908508,5.300000000000001,-1.8,-65.8,0.68,0.14,0.63
141.19006276130676,5.300000000000001,-1.9000000000000001,-65.8,0.68,0.14,0.63
141.1998691558838,5.300000000000001,-1.9000000000000001,-65.8,0.68,0.14,0.63
141.20976781845093,5.300000000000001,-1.9000000000000001,-65.8,0.68,0.14,0.63
141.21979594230652,5.300000000000001,-1.9000000000000001,-65.8,0.68,0.14,0.63
141.22999835014343,5.300000000000001,-1.9000000000000001,-65.8,0.68,0.14,0.63
141.23976588249207,5.300000000000001,-1.9000000000000001,-65.8,0.68,0.14,0.63
141.24978017807007,5.300000000000001,-1.8,-65.8,0.68,0.14,0.63
141.26068329811096,5.6000000000000005,-2.3000000000000003,-65.7,0.71,0.15,0.63
141.26993227005005,5.300000000000001,-1.6,-65.7,0.66,0.14,0.63
141.2798409461975,5.1000000000000005,-1.8,-65.8,0.66,0.13,0.64
141.29009175300598,5.4,-1.7000000000000002,-65.8,0.67,0.13,0.63
141.30044651031494,5.300000000000001,-1.8,-65.8,0.67,0.14,0.63
141.31072998046875,5.2,-1.6,-65.7,0.66,0.12,0.64
141.32073712348938,5.300000000000001,-1.8,-65.8,0.67,0.14,0.63
141.33078718185425,5.300000000000001,-1.6,-65.8,0.65,0.14,0.63
141.3396918773651,5.300000000000001,-1.7000000000000002,-65.7,0.66,0.14,0.64
141.34990239143372,5.300000000000001,-1.7000000000000002,-65.8,0.67,0.13,0.63
141.36124062538147,5.300000000000001,-1.8,-65.8,0.68,0.14,0.63
141.37018060684204,5.4,-1.9000000000000001,-65.8,0.6900000000000001,0.14,0.63
141.38011264801025,5.4,-2.0,-65.8,0.6900000000000001,0.15,0.63
141.38990092277527,5.4,-2.0,-65.8,0.68,0.15,0.63
141.4006209373474,5.300000000000001,-1.9000000000000001,-65.8,0.6900000000000001,0.14,0.63
141.4104881286621,5.300000000000001,-1.9000000000000001,-65.8,0.68,0.13,0.63
141.41970992088318,5.2,-1.8,-65.8,0.67,0.13,0.63
141.4309332370758,5.2,-1.8,-65.8,0.67,0.13,0.63
141.43976211547852,5.2,-1.7000000000000002,-65.8,0.67,0.13,0.63
141.4498748779297,5.2,-1.8,-65.9,0.67,0.13,0.63
141.46035838127136,5.2,-1.8,-65.8,0.67,0.13,0.63
141.47003436088562,5.300000000000001,-1.8,-65.8,0.67,0.13,0.63
141.47993397712708,5.300000000000001,-1.8,-65.8,0.67,0.14,0.63
141.48977661132812,5.300000000000001,-1.8,-65.8,0.67,0.14,0.63
141.50061106681824,5.300000000000001,-1.9000000000000001,-65.8,0.68,0.14,0.63
141.50982308387756,5.4,-1.9000000000000001,-65.8,0.68,0.14,0.63
141.5198700428009,5.300000000000001,-1.9000000000000001,-65.8,0.68,0.14,0.63
141.53149795532227,5.300000000000001,-1.8,-65.7,0.68,0.14,0.63
141.54090642929077,5.2,-1.8,-65.8,0.67,0.13,0.63
141.5498399734497,5.2,-1.9000000000000001,-65.7,0.6900000000000001,0.12,0.63
141.56031394004822,5.2,-1.7000000000000002,-65.8,0.67,0.14,0.63
141.57035493850708,5.300000000000001,-1.8,-65.8,0.67,0.14,0.63
141.5798180103302,5.300000000000001,-1.8,-65.7,0.67,0.13,0.63
141.58989477157593,5.300000000000001,-1.8,-65.8,0.67,0.14,0.63
141.60015869140625,5.300000000000001,-1.8,-65.8,0.68,0.14,0.63
141.60992431640625,5.300000000000001,-1.8,-65.8,0.68,0.13,0.63
141.61970281600952,5.300000000000001,-1.7000000000000002,-65.8,0.67,0.14,0.63
