t,shoulder_pan,shoulder_lift,elbow_flex,wrist_flex,wrist_roll,gripper
0.000000,-0,-715,-559,-143,6.5,0
0.020000,-19.5,-702,-585,-188.5,26,0
0.040000,19.5,-728,-572,-195,-6.5,0
0.060000,-13,-715,-585,-182,-6.5,0
0.080000,19.5,-708.5,-578.5,-195,6.5,0
0.100000,13,-702,-591.5,-156,26,0
0.120000,6.5,-682.5,-565.5,-169,6.5,0
0.140000,13,-695.5,-598,-175.5,19.5,0
0.160000,-19.5,-702,-591.5,-169,13,0
0.180000,19.5,-682.5,-565.5,-182,0,0
0.200000,6.5,-708.5,-591.5,-188.5,13,0
0.220000,-19.5,-689,-591.5,-143,-6.5,0
0.240000,0,-689,-604.5,-188.5,6.5,0
0.260000,-6.5,-708.5,-591.5,-175.5,-6.5,0
0.280000,19.5,-715,-565.5,-162.5,6.5,0
0.300000,-13,-702,-565.5,-162.5,0,0
0.320000,6.5,-708.5,-559,-156,-6.5,0
0.340000,6.5,-663,-585,-188.5,-6.5,0
0.360000,-6.5,-728,-591.5,-208,-6.5,0
0.380000,-13,-702,-565.5,-208,-6.5,0
0.400000,-32.5,-695.5,-598,-195,32.5,0
0.420000,-19.5,-695.5,-578.5,-188.5,13,0
0.440000,-6.5,-702,-585,-195,-19.5,0
0.460000,-13,-682.5,-585,-182,-32.5,0
0.480000,-6.5,-695.5,-604.5,-201.5,-6.5,0
0.500000,-26,-682.5,-572,-208,-0,0
0.520000,-0,-663,-572,-182,-6.5,0
0.540000,-26,-682.5,-591.5,-182,13,0
0.560000,-26,-663,-565.5,-169,-19.5,0
0.580000,-26,-663,-578.5,-195,6.5,0
0.600000,-39,-676,-546,-195,26,0
0.620000,-26,-689,-565.5,-201.5,-0,0
0.640000,-45.5,-689,-565.5,-208,13,0
0.660000,-26,-663,-604.5,-182,39,0
0.680000,-26,-643.5,-591.5,-201.5,-0,0
0.700000,-19.5,-663,-572,-188.5,6.5,0
0.720000,-13,-643.5,-585,-182,19.5,0
0.740000,-19.5,-689,-585,-182,32.5,0
0.760000,-39,-650,-565.5,-208,13,0
0.780000,-45.5,-643.5,-565.5,-201.5,-0,0
0.800000,-26,-650,-572,-214.5,6.5,0
0.820000,-39,-630.5,-591.5,-195,19.5,0
0.840000,-13,-650,-559,-195,6.5,0
0.860000,-52,-650,-552.5,-214.5,13,0
0.880000,-32.5,-656.5,-611,-227.5,19.5,0
0.900000,-39,-650,-565.5,-214.5,26,0
0.920000,-32.5,-663,-591.5,-195,32.5,0
0.940000,-26,-643.5,-559,-221,26,0
0.960000,-26,-669.5,-585,-214.5,13,0
0.980000,-39,-624,-559,-175.5,45.5,0
1.000000,-39,-656.5,-578.5,-260,13,0
1.020000,-32.5,-650,-585,-214.5,19.5,0
1.040000,-58.5,-650,-578.5,-201.5,19.5,0
1.060000,-13,-669.5,-585,-188.5,-13,0
1.080000,-26,-663,-578.5,-182,32.5,0
1.100000,-19.5,-669.5,-585,-208,19.5,0
1.120000,-26,-663,-559,-201.5,6.5,0
1.140000,-32.5,-650,-585,-214.5,45.5,0
1.160000,-32.5,-656.5,-572,-214.5,26,0
1.180000,-58.5,-689,-585,-208,19.5,0
1.200000,-39,-650,-565.5,-214.5,39,0
1.220000,-45.5,-643.5,-598,-182,19.5,0
1.240000,-13,-669.5,-565.5,-195,19.5,0
1.260000,-39,-663,-598,-188.5,-6.5,0
1.280000,-19.5,-689,-591.5,-188.5,39,0
1.300000,-32.5,-656.5,-598,-195,-13,0
1.320000,-45.5,-630.5,-598,-208,19.5,0
1.340000,-52,-650,-604.5,-195,0,0
1.360000,-13,-637,-565.5,-208,6.5,0
1.380000,-19.5,-656.5,-598,-182,13,0
1.400000,-32.5,-669.5,-598,-188.5,26,0
1.420000,-32.5,-689,-611,-208,-0,0
1.440000,-39,-676,-578.5,-214.5,-13,0
1.460000,-52,-669.5,-591.5,-214.5,-13,0
1.480000,-26,-676,-611,-208,-19.5,0
1.500000,-32.5,-682.5,-604.5,-221,-26,0
1.520000,-39,-689,-591.5,-208,-26,0
1.540000,-26,-669.5,-624,-201.5,-13,0
1.560000,-26,-702,-643.5,-175.5,-39,0
1.580000,-32.5,-695.5,-598,-188.5,-13,0
1.600000,-32.5,-669.5,-585,-195,-32.5,0
1.620000,-39,-663,-617.5,-227.5,-19.5,0
1.640000,-32.5,-663,-617.5,-201.5,-39,0
1.660000,-52,-676,-643.5,-214.5,-26,0
1.680000,-39,-689,-604.5,-188.5,-6.5,0
1.700000,-52,-689,-617.5,-195,-26,0
1.720000,-58.5,-682.5,-617.5,-182,-19.5,0
1.740000,-6.5,-676,-617.5,-195,-19.5,0
1.760000,-39,-695.5,-617.5,-201.5,-26,0
1.780000,-26,-650,-611,-195,-6.5,0
1.800000,-32.5,-669.5,-624,-208,-52,0
1.820000,-45.5,-702,-591.5,-188.5,-19.5,0
1.840000,-32.5,-669.5,-630.5,-182,-39,0
1.860000,-39,-682.5,-617.5,-214.5,-19.5,0
1.880000,-71.5,-695.5,-617.5,-188.5,-26,0
1.900000,-45.5,-676,-630.5,-201.5,-6.5,0
1.920000,-45.5,-682.5,-650,-208,-19.5,0
1.940000,-45.5,-676,-637,-208,-32.5,0
1.960000,-45.5,-715,-650,-195,-19.5,0
1.980000,-58.5,-689,-611,-188.5,-13,0
2.000000,-19.5,-702,-650,-195,-26,0
2.020000,-45.5,-715,-624,-227.5,-39,0
2.040000,-32.5,-689,-630.5,-188.5,-26,0
2.060000,-6.5,-702,-637,-208,-0,0
2.080000,-52,-715,-637,-208,-32.5,0
2.100000,-39,-682.5,-617.5,-208,-19.5,0
2.120000,-26,-689,-630.5,-214.5,-39,0
2.140000,-52,-695.5,-637,-195,-13,0
2.160000,-45.5,-708.5,-624,-208,-58.5,0
2.180000,-32.5,-728,-630.5,-208,-19.5,0
2.200000,-6.5,-708.5,-611,-221,-6.5,0
2.220000,-6.5,-695.5,-637,-214.5,-13,0
2.240000,-32.5,-682.5,-604.5,-188.5,0,0
2.260000,-13,-721.5,-617.5,-214.5,-6.5,0
2.280000,-39,-682.5,-656.5,-221,-26,0
2.300000,-26,-689,-598,-221,-32.5,0
2.320000,-6.5,-689,-637,-227.5,0,0
2.340000,-45.5,-656.5,-630.5,-201.5,-13,0
2.360000,-39,-721.5,-611,-208,-19.5,0
2.380000,-58.5,-702,-676,-201.5,-26,0
2.400000,-13,-682.5,-611,-214.5,-13,0
2.420000,-32.5,-715,-630.5,-195,-32.5,0
2.440000,-13,-702,-617.5,-208,-19.5,0
2.460000,-19.5,-708.5,-637,-162.5,-26,0
2.480000,-32.5,-721.5,-624,-214.5,19.5,0
2.500000,-26,-689,-611,-195,-32.5,0
2.520000,-52,-721.5,-617.5,-208,-6.5,0
2.540000,-26,-702,-637,-214.5,-39,0
2.560000,-32.5,-702,-630.5,-201.5,-19.5,0
2.580000,-39,-728,-637,-188.5,-45.5,0
2.600000,-19.5,-695.5,-630.5,-188.5,-32.5,0
2.620000,-6.5,-741,-617.5,-201.5,-39,0
2.640000,-39,-715,-643.5,-188.5,-39,0
2.660000,-32.5,-728,-604.5,-188.5,-32.5,0
2.680000,-39,-734.5,-630.5,-156,-26,0
2.700000,-26,-747.5,-617.5,-221,-26,0
2.720000,-52,-780,-630.5,-195,-19.5,0
2.740000,-13,-780,-637,-201.5,-6.5,0
2.760000,-13,-780,-617.5,-214.5,-6.5,0
2.780000,-13,-799.5,-650,-208,-45.5,0
2.800000,-32.5,-825.5,-637,-195,-19.5,0
2.820000,-32.5,-806,-650,-188.5,0,0
2.840000,0,-806,-630.5,-214.5,-0,0
2.860000,-6.5,-786.5,-611,-195,-26,0
2.880000,-13,-838.5,-578.5,-208,-13,0
2.900000,-6.5,-799.5,-637,-214.5,-45.5,0
2.920000,-39,-799.5,-585,-201.5,-26,0
2.940000,-13,-786.5,-637,-169,-26,0
2.960000,-6.5,-812.5,-630.5,-188.5,-52,0
2.980000,19.5,-825.5,-624,-169,-32.5,0
3.000000,39,-799.5,-591.5,-195,-52,0
3.020000,26,-806,-611,-162.5,-6.5,0
3.040000,39,-819,-604.5,-182,-26,0
3.060000,13,-832,-604.5,-156,-26,0
3.080000,39,-786.5,-591.5,-136.5,-32.5,0
3.100000,39,-819,-559,-156,-0,0
3.120000,45.5,-780,-572,-182,-13,0
3.140000,39,-806,-565.5,-156,-26,0
3.160000,52,-806,-552.5,-149.5,-13,0
3.180000,26,-806,-546,-162.5,-26,0
3.200000,39,-799.5,-578.5,-162.5,-32.5,0
3.220000,32.5,-799.5,-559,-136.5,-32.5,0
3.240000,52,-793,-539.5,-162.5,-19.5,0
3.260000,71.5,-793,-552.5,-182,-13,0
3.280000,39,-799.5,-526.5,-156,-32.5,0
3.300000,45.5,-806,-526.5,-143,-52,0
3.320000,32.5,-786.5,-533,-143,-26,0
3.340000,32.5,-806,-552.5,-149.5,-26,0
3.360000,13,-799.5,-533,-136.5,-19.5,0
3.380000,26,-786.5,-546,-130,-26,0
3.400000,58.5,-767,-552.5,-130,-6.5,0
3.420000,45.5,-806,-565.5,-143,-13,0
3.440000,58.5,-760.5,-552.5,-130,-13,0
3.460000,45.5,-793,-559,-149.5,-19.5,0
3.480000,45.5,-760.5,-520,-123.5,6.5,0
3.500000,65,-793,-494,-130,-26,0
3.520000,58.5,-767,-552.5,-156,-26,0
3.540000,52,-773.5,-546,-149.5,-0,0
3.560000,45.5,-773.5,-539.5,-130,-26,0
3.580000,32.5,-780,-539.5,-143,-13,0
3.600000,65,-786.5,-552.5,-149.5,-26,0
3.620000,32.5,-780,-552.5,-136.5,-32.5,0
3.640000,32.5,-780,-533,-156,-26,0
3.660000,58.5,-760.5,-533,-143,-32.5,0
3.680000,65,-747.5,-513.5,-143,-52,0
3.700000,39,-767,-533,-117,-13,0
3.720000,39,-747.5,-533,-156,-19.5,0
3.740000,45.5,-741,-539.5,-136.5,-19.5,0
3.760000,32.5,-754,-533,-156,-19.5,0
3.780000,39,-747.5,-513.5,-162.5,-19.5,0
3.800000,65,-754,-513.5,-136.5,-6.5,0
3.820000,45.5,-773.5,-533,-136.5,-19.5,0
3.840000,52,-702,-546,-130,-0,0
3.860000,58.5,-728,-513.5,-162.5,-13,0
3.880000,32.5,-734.5,-539.5,-130,-32.5,0
3.900000,58.5,-728,-520,-162.5,-26,0
3.920000,84.5,-715,-533,-149.5,-45.5,0
3.940000,71.5,-721.5,-520,-143,-6.5,0
3.960000,32.5,-682.5,-539.5,-123.5,0,0
3.980000,45.5,-702,-539.5,-130,-19.5,0
4.000000,45.5,-695.5,-539.5,-143,-39,0
4.020000,32.5,-708.5,-513.5,-143,-6.5,0
4.040000,52,-689,-494,-156,-19.5,0
4.060000,52,-689,-533,-143,-32.5,0
4.080000,39,-695.5,-539.5,-156,-19.5,0
4.100000,52,-702,-533,-156,-32.5,0
4.120000,52,-669.5,-513.5,-156,-32.5,0
4.140000,52,-669.5,-513.5,-149.5,-32.5,0
4.160000,39,-689,-513.5,-149.5,-6.5,0
4.180000,45.5,-682.5,-526.5,-175.5,-39,0
4.200000,45.5,-663,-526.5,-110.5,-32.5,0
4.220000,45.5,-656.5,-546,-156,-6.5,0
4.240000,52,-669.5,-520,-162.5,-52,0
4.260000,52,-643.5,-500.5,-149.5,-39,0
4.280000,32.5,-650,-474.5,-149.5,-45.5,0
4.300000,39,-624,-507,-143,-6.5,0
4.320000,58.5,-643.5,-500.5,-143,-6.5,0
4.340000,45.5,-637,-507,-136.5,-45.5,0
4.360000,78,-630.5,-500.5,-123.5,-6.5,0
4.380000,52,-611,-513.5,-162.5,-13,0
4.400000,32.5,-604.5,-520,-130,-13,0
4.420000,58.5,-611,-513.5,-110.5,-19.5,0
4.440000,32.5,-565.5,-500.5,-136.5,-13,0
4.460000,19.5,-591.5,-526.5,-136.5,6.5,0
4.480000,52,-604.5,-520,-130,-0,0
4.500000,19.5,-578.5,-520,-110.5,0,0
4.520000,32.5,-585,-526.5,-149.5,-19.5,0
4.540000,52,-604.5,-494,-130,0,0
4.560000,26,-585,-507,-149.5,-39,0
4.580000,32.5,-565.5,-507,-149.5,-13,0
4.600000,32.5,-578.5,-507,-162.5,-26,0
4.620000,45.5,-552.5,-513.5,-123.5,-32.5,0
4.640000,39,-565.5,-500.5,-162.5,0,0
4.660000,65,-565.5,-494,-130,-26,0
4.680000,52,-546,-520,-123.5,-19.5,0
4.700000,52,-526.5,-507,-162.5,-26,0
4.720000,45.5,-552.5,-533,-143,6.5,0
4.740000,39,-539.5,-487.5,-117,-26,0
4.760000,52,-559,-513.5,-156,6.5,0
4.780000,52,-559,-487.5,-169,-19.5,0
4.800000,39,-526.5,-487.5,-156,6.5,0
4.820000,39,-513.5,-513.5,-143,-26,0
4.840000,78,-507,-526.5,-117,-39,0
4.860000,39,-520,-487.5,-149.5,-26,0
4.880000,65,-494,-507,-149.5,-0,0
4.900000,32.5,-494,-513.5,-149.5,-39,0
4.920000,65,-487.5,-481,-162.5,0,0
4.940000,65,-500.5,-481,-149.5,-45.5,0
4.960000,19.5,-487.5,-481,-136.5,-32.5,0
4.980000,45.5,-487.5,-494,-136.5,6.5,0
5.000000,58.5,-474.5,-481,-136.5,-13,0
5.020000,45.5,-474.5,-500.5,-143,-19.5,0
5.040000,39,-468,-520,-162.5,-45.5,0
5.060000,39,-455,-513.5,-143,-26,0
5.080000,45.5,-474.5,-487.5,-117,-26,0
5.100000,78,-474.5,-507,-149.5,-45.5,0
5.120000,45.5,-468,-500.5,-130,-0,0
5.140000,19.5,-474.5,-507,-123.5,-39,0
5.160000,26,-442,-487.5,-143,-6.5,0
5.180000,13,-461.5,-481,-149.5,13,0
5.200000,52,-468,-513.5,-149.5,-39,0
5.220000,32.5,-442,-494,-136.5,-26,0
5.240000,32.5,-461.5,-481,-149.5,-39,0
5.260000,26,-429,-507,-143,-13,0
5.280000,39,-448.5,-513.5,-149.5,-19.5,0
5.300000,39,-448.5,-507,-136.5,-32.5,0
5.320000,52,-429,-513.5,-123.5,6.5,0
5.340000,45.5,-435.5,-474.5,-149.5,0,0
5.360000,58.5,-422.5,-513.5,-143,-6.5,0
5.380000,39,-403,-507,-123.5,-13,0
5.400000,32.5,-351,-481,-130,-13,0
5.420000,32.5,-396.5,-507,-130,-6.5,0
5.440000,65,-409.5,-500.5,-156,6.5,0
5.460000,39,-435.5,-520,-130,13,0
5.480000,39,-396.5,-513.5,-149.5,26,0
5.500000,39,-403,-494,-188.5,19.5,0
5.520000,58.5,-377,-481,-117,32.5,0
5.540000,52,-377,-468,-162.5,19.5,0
5.560000,45.5,-403,-487.5,-149.5,19.5,0
5.580000,39,-357.5,-487.5,-130,-0,0
5.600000,52,-377,-520,-130,19.5,0
5.620000,45.5,-383.5,-494,-149.5,19.5,0
5.640000,26,-403,-494,-130,6.5,0
5.660000,6.5,-377,-487.5,-130,13,0
5.680000,26,-351,-474.5,-123.5,13,0
5.700000,32.5,-383.5,-494,-156,45.5,0
5.720000,26,-364,-487.5,-169,19.5,0
5.740000,45.5,-357.5,-507,-136.5,32.5,0
5.760000,6.5,-364,-481,-162.5,26,0
5.780000,6.5,-351,-481,-149.5,-0,0
5.800000,39,-331.5,-494,-169,6.5,0
5.820000,58.5,-312,-487.5,-143,19.5,0
5.840000,13,-318.5,-494,-143,58.5,0
5.860000,45.5,-377,-533,-97.5,13,0
5.880000,39,-357.5,-500.5,-175.5,39,0
5.900000,39,-351,-494,-136.5,26,0
5.920000,39,-344.5,-487.5,-136.5,6.5,0
5.940000,45.5,-370.5,-500.5,-143,32.5,0
5.960000,39,-351,-494,-156,39,0
5.980000,32.5,-325,-494,-136.5,45.5,0
6.000000,39,-331.5,-513.5,-130,13,0
6.020000,32.5,-351,-487.5,-156,19.5,0
6.040000,58.5,-331.5,-500.5,-149.5,52,0
6.060000,32.5,-344.5,-507,-130,26,0
6.080000,32.5,-318.5,-513.5,-169,13,0
6.100000,45.5,-299,-500.5,-169,26,0
6.120000,52,-331.5,-487.5,-175.5,13,0
6.140000,32.5,-325,-520,-143,39,0
6.160000,39,-325,-487.5,-156,13,0
6.180000,26,-357.5,-507,-143,45.5,0
6.200000,32.5,-344.5,-487.5,-136.5,0,0
6.220000,32.5,-318.5,-500.5,-136.5,13,0
6.240000,45.5,-331.5,-494,-182,26,0
6.260000,32.5,-286,-487.5,-162.5,6.5,0
6.280000,32.5,-299,-513.5,-143,39,0
6.300000,32.5,-318.5,-513.5,-156,39,0
6.320000,45.5,-325,-520,-149.5,-0,0
6.340000,32.5,-299,-507,-156,32.5,0
6.360000,32.5,-279.5,-513.5,-136.5,26,0
6.380000,13,-299,-468,-149.5,6.5,0
6.400000,45.5,-292.5,-520,-162.5,52,0
6.420000,32.5,-318.5,-520,-123.5,45.5,0
6.440000,13,-312,-500.5,-156,13,0
6.460000,26,-292.5,-487.5,-162.5,6.5,0
6.480000,32.5,-325,-494,-143,13,0
6.500000,19.5,-338,-507,-130,26,0
6.520000,45.5,-299,-520,-123.5,32.5,0
6.540000,45.5,-286,-494,-156,39,0
6.560000,32.5,-292.5,-526.5,-149.5,52,0
6.580000,45.5,-318.5,-526.5,-143,39,0
6.600000,39,-318.5,-494,-149.5,-0,0
6.620000,39,-292.5,-520,-156,32.5,0
6.640000,26,-325,-487.5,-136.5,52,0
6.660000,13,-312,-513.5,-162.5,26,0
6.680000,45.5,-305.5,-513.5,-130,65,0
6.700000,6.5,-305.5,-526.5,-149.5,39,0
6.720000,19.5,-292.5,-526.5,-169,19.5,0
6.740000,39,-299,-507,-117,26,0
6.760000,52,-318.5,-507,-162.5,26,0
6.780000,26,-299,-500.5,-149.5,19.5,0
6.800000,26,-318.5,-494,-149.5,32.5,0
6.820000,39,-318.5,-526.5,-156,13,0
6.840000,6.5,-305.5,-526.5,-136.5,19.5,0
6.860000,58.5,-292.5,-546,-162.5,39,0
6.880000,39,-247,-520,-123.5,45.5,0
6.900000,19.5,-292.5,-513.5,-156,6.5,0
6.920000,19.5,-325,-494,-143,19.5,0
6.940000,26,-286,-526.5,-156,19.5,0
6.960000,52,-266.5,-546,-143,32.5,0
6.980000,13,-240.5,-494,-156,32.5,0
7.000000,39,-214.5,-500.5,-136.5,19.5,0
7.020000,13,-234,-552.5,-169,-6.5,0
7.040000,39,-201.5,-533,-175.5,19.5,0
7.060000,45.5,-201.5,-513.5,-123.5,-13,0
7.080000,39,-221,-507,-149.5,32.5,0
7.100000,13,-201.5,-539.5,-169,6.5,0
7.120000,39,-234,-520,-156,-6.5,0
7.140000,32.5,-195,-513.5,-143,32.5,0
7.160000,32.5,-195,-539.5,-143,19.5,0
7.180000,26,-188.5,-539.5,-130,58.5,0
7.200000,-6.5,-201.5,-513.5,-169,26,0
7.220000,13,-195,-526.5,-149.5,32.5,0
7.240000,6.5,-208,-533,-136.5,19.5,0
7.260000,6.5,-240.5,-520,-149.5,65,0
7.280000,26,-208,-513.5,-143,19.5,0
7.300000,6.5,-175.5,-494,-123.5,26,0
7.320000,0,-234,-513.5,-123.5,39,0
7.340000,-19.5,-227.5,-533,-143,32.5,0
7.360000,-32.5,-227.5,-513.5,-149.5,45.5,0
7.380000,-6.5,-188.5,-520,-130,32.5,0
7.400000,-32.5,-188.5,-520,-136.5,26,0
7.420000,-19.5,-208,-507,-130,39,0
7.440000,-13,-188.5,-533,-110.5,-6.5,0
7.460000,-19.5,-214.5,-539.5,-143,6.5,0
7.480000,-32.5,-195,-520,-123.5,32.5,0
7.500000,-32.5,-188.5,-552.5,-162.5,26,0
7.520000,-19.5,-195,-500.5,-123.5,-6.5,0
7.540000,-32.5,-182,-513.5,-143,-19.5,0
7.560000,-32.5,-208,-500.5,-143,-13,0
7.580000,-45.5,-221,-513.5,-136.5,-13,0
7.600000,-26,-182,-520,-149.5,-26,0
7.620000,-39,-221,-507,-136.5,-19.5,0
7.640000,-13,-214.5,-513.5,-130,-19.5,0
7.660000,-32.5,-214.5,-513.5,-136.5,-45.5,0
7.680000,-19.5,-208,-552.5,-143,-26,0
7.700000,-45.5,-175.5,-520,-149.5,-6.5,0
7.720000,-19.5,-227.5,-539.5,-130,-32.5,0
7.740000,-52,-201.5,-500.5,-123.5,-32.5,0
7.760000,-52,-221,-526.5,-104,-19.5,0
7.780000,-39,-221,-539.5,-136.5,-19.5,0
7.800000,-39,-214.5,-533,-136.5,-19.5,0
7.820000,-45.5,-221,-546,-136.5,-39,0
7.840000,-52,-234,-539.5,-143,-32.5,0
7.860000,-19.5,-234,-494,-117,-39,0
7.880000,-32.5,-227.5,-539.5,-130,-13,0
7.900000,-19.5,-221,-507,-136.5,-13,0
7.920000,-52,-214.5,-533,-117,-13,0
7.940000,-19.5,-221,-520,-143,-26,0
7.960000,-13,-208,-513.5,-117,-13,0
7.980000,-32.5,-227.5,-533,-156,-26,0
8.000000,-32.5,-234,-539.5,-156,-32.5,0
8.020000,-13,-221,-533,-117,-13,0
8.040000,-45.5,-247,-500.5,-149.5,-6.5,0
8.060000,-13,-221,-494,-143,-6.5,0
8.080000,-39,-201.5,-539.5,-117,-19.5,0
8.100000,-39,-208,-533,-143,-26,0
8.120000,-26,-240.5,-533,-130,-32.5,0
8.140000,-39,-227.5,-520,-136.5,-32.5,0
8.160000,-32.5,-247,-539.5,-136.5,-26,0
8.180000,-45.5,-234,-559,-130,-0,0
8.200000,-45.5,-266.5,-565.5,-130,-19.5,0
8.220000,-52,-253.5,-591.5,-123.5,-26,0
8.240000,-26,-214.5,-617.5,-123.5,-0,0
8.260000,-19.5,-240.5,-604.5,-104,-19.5,0
8.280000,-32.5,-227.5,-598,-130,-13,0
8.300000,-52,-247,-630.5,-136.5,-13,0
8.320000,-32.5,-247,-598,-143,-0,0
8.340000,-39,-247,-585,-110.5,-19.5,0
8.360000,-45.5,-201.5,-611,-117,-13,0
8.380000,-19.5,-247,-591.5,-130,-13,0
8.400000,-32.5,-240.5,-617.5,-110.5,-19.5,0
8.420000,-19.5,-234,-637,-136.5,-13,0
8.440000,-45.5,-266.5,-624,-130,13,0
8.460000,-39,-260,-591.5,-123.5,-19.5,0
8.480000,-26,-234,-611,-104,-6.5,0
8.500000,-26,-273,-611,-143,-13,0
8.520000,-19.5,-279.5,-630.5,-117,-6.5,0
8.540000,-19.5,-247,-611,-143,-26,0
8.560000,-26,-266.5,-617.5,-130,-13,0
8.580000,-6.5,-253.5,-572,-149.5,6.5,0
8.600000,-6.5,-247,-617.5,-136.5,-26,0
8.620000,-39,-247,-591.5,-110.5,-13,0
8.640000,6.5,-299,-617.5,-130,-32.5,0
8.660000,-32.5,-273,-591.5,-110.5,-39,0
8.680000,-19.5,-273,-611,-117,-13,0
8.700000,-32.5,-260,-611,-117,-52,0
8.720000,-32.5,-266.5,-565.5,-130,-19.5,0
8.740000,-45.5,-234,-598,-110.5,-0,0
8.760000,-13,-273,-611,-123.5,6.5,0
8.780000,-32.5,-286,-578.5,-123.5,-0,0
8.800000,-32.5,-273,-637,-91,-26,0
8.820000,-52,-286,-617.5,-104,-32.5,0
8.840000,-26,-273,-585,-110.5,-13,0
8.860000,-6.5,-240.5,-598,-123.5,-6.5,0
8.880000,-32.5,-266.5,-572,-84.5,-32.5,0
8.900000,-19.5,-266.5,-565.5,-97.5,-13,0
8.920000,-39,-279.5,-591.5,-110.5,-26,0
8.940000,-26,-286,-604.5,-104,-32.5,0
8.960000,-26,-266.5,-604.5,-123.5,-13,0
8.980000,-32.5,-286,-604.5,-117,-19.5,0
9.000000,-0,-292.5,-604.5,-104,-39,0
9.020000,-26,-279.5,-585,-104,-6.5,0
9.040000,-6.5,-292.5,-578.5,-104,-19.5,0
9.060000,-26,-279.5,-611,-78,-19.5,0
9.080000,-6.5,-299,-630.5,-104,-19.5,0
9.100000,-39,-266.5,-604.5,-123.5,-52,0
9.120000,-39,-305.5,-559,-136.5,-39,0
9.140000,-19.5,-292.5,-598,-117,-13,0
9.160000,-39,-292.5,-624,-104,-19.5,0
9.180000,-19.5,-305.5,-611,-97.5,-19.5,0
9.200000,-6.5,-292.5,-598,-78,-39,0
9.220000,-6.5,-305.5,-617.5,-104,-13,0
9.240000,-6.5,-305.5,-585,-104,-26,0
9.260000,6.5,-299,-578.5,-104,-6.5,0
9.280000,6.5,-292.5,-572,-84.5,-13,0
9.300000,6.5,-286,-572,-97.5,-39,0
9.320000,13,-318.5,-591.5,-104,-26,0
9.340000,32.5,-305.5,-591.5,-123.5,19.5,0
9.360000,65,-312,-572,-104,-6.5,0
9.380000,6.5,-318.5,-604.5,-91,-13,0
9.400000,32.5,-292.5,-585,-97.5,-32.5,0
9.420000,39,-325,-591.5,-97.5,-19.5,0
9.440000,45.5,-318.5,-585,-117,-13,0
9.460000,32.5,-331.5,-598,-91,-32.5,0
9.480000,26,-318.5,-591.5,-97.5,-19.5,0
9.500000,32.5,-299,-604.5,-130,-6.5,0
9.520000,13,-305.5,-591.5,-117,-6.5,0
9.540000,39,-331.5,-604.5,-84.5,-26,0
9.560000,6.5,-325,-585,-97.5,13,0
9.580000,13,-305.5,-611,-117,-6.5,0
9.600000,39,-318.5,-578.5,-104,-13,0
9.620000,32.5,-292.5,-591.5,-104,-26,0
9.640000,26,-312,-604.5,-97.5,-13,0
9.660000,26,-331.5,-572,-78,-26,0
9.680000,39,-318.5,-624,-104,-32.5,0
9.700000,6.5,-325,-585,-104,-19.5,0
9.720000,58.5,-325,-611,-110.5,-32.5,0
9.740000,45.5,-325,-624,-97.5,-0,0
9.760000,26,-318.5,-591.5,-104,-19.5,0
9.780000,26,-338,-591.5,-97.5,-6.5,0
9.800000,58.5,-338,-624,-91,-32.5,0
9.820000,39,-331.5,-591.5,-97.5,-32.5,0
9.840000,26,-305.5,-591.5,-84.5,-32.5,0
9.860000,19.5,-318.5,-630.5,-91,-26,0
9.880000,65,-318.5,-611,-71.5,-19.5,0
9.900000,19.5,-331.5,-591.5,-104,-32.5,0
9.920000,26,-331.5,-572,-110.5,-19.5,0
9.940000,39,-344.5,-617.5,-117,-39,0
9.960000,71.5,-331.5,-572,-123.5,-13,0
9.980000,58.5,-338,-591.5,-104,-13,0
10.000000,19.5,-364,-604.5,-97.5,-19.5,0
10.020000,19.5,-331.5,-611,-110.5,-26,0
10.040000,13,-344.5,-624,-84.5,-6.5,0
10.060000,39,-331.5,-604.5,-91,-45.5,0
10.080000,19.5,-351,-611,-91,-26,0
10.100000,26,-338,-604.5,-104,-6.5,0
10.120000,39,-357.5,-598,-71.5,-13,0
10.140000,45.5,-370.5,-585,-123.5,-32.5,0
10.160000,52,-429,-591.5,-78,-26,0
10.180000,32.5,-416,-598,-78,-26,0
10.200000,32.5,-422.5,-604.5,-110.5,-19.5,0
10.220000,0,-429,-591.5,-97.5,-6.5,0
10.240000,52,-461.5,-617.5,-110.5,-26,0
10.260000,19.5,-409.5,-604.5,-97.5,-26,0
10.280000,32.5,-461.5,-617.5,-97.5,-13,0
10.300000,19.5,-442,-604.5,-104,-13,0
10.320000,32.5,-422.5,-578.5,-71.5,-6.5,0
10.340000,52,-448.5,-611,-110.5,-32.5,0
10.360000,0,-448.5,-598,-110.5,-26,0
10.380000,45.5,-429,-604.5,-91,-52,0
10.400000,39,-442,-604.5,-123.5,-26,0
10.420000,71.5,-448.5,-585,-97.5,0,0
10.440000,45.5,-435.5,-578.5,-117,-32.5,0
10.460000,6.5,-416,-585,-130,-13,0
10.480000,39,-429,-585,-136.5,-45.5,0
10.500000,39,-416,-598,-104,-19.5,0
10.520000,39,-435.5,-598,-117,-26,0
10.540000,52,-429,-617.5,-123.5,-13,0
10.560000,52,-435.5,-585,-104,-13,0
10.580000,32.5,-422.5,-604.5,-84.5,-19.5,0
10.600000,19.5,-461.5,-585,-117,-26,0
10.620000,26,-429,-611,-104,-19.5,0
10.640000,65,-435.5,-604.5,-117,26,0
10.660000,26,-409.5,-604.5,-123.5,-6.5,0
10.680000,26,-403,-598,-123.5,-19.5,0
10.700000,45.5,-409.5,-578.5,-123.5,-0,0
10.720000,45.5,-429,-578.5,-110.5,-58.5,0
10.740000,39,-416,-578.5,-104,-19.5,0
10.760000,32.5,-416,-578.5,-110.5,-13,0
10.780000,0,-416,-578.5,-117,-13,0
10.800000,13,-429,-591.5,-123.5,-26,0
10.820000,13,-383.5,-604.5,-104,-32.5,0
10.840000,-13,-403,-604.5,-130,13,0
10.860000,-6.5,-403,-598,-104,-13,0
10.880000,-26,-396.5,-598,-130,-26,0
10.900000,-39,-429,-611,-117,-26,0
10.920000,0,-403,-546,-110.5,-26,0
10.940000,-13,-435.5,-598,-123.5,0,0
10.960000,-39,-396.5,-604.5,-136.5,-39,0
10.980000,-13,-422.5,-578.5,-143,-45.5,0
11.000000,-45.5,-422.5,-598,-149.5,-19.5,0
11.020000,-32.5,-390,-585,-136.5,-26,0
11.040000,-39,-409.5,-591.5,-136.5,-26,0
11.060000,-39,-390,-598,-117,-6.5,0
11.080000,-39,-403,-572,-117,-6.5,0
11.100000,-52,-383.5,-578.5,-149.5,-45.5,0
11.120000,-65,-377,-585,-136.5,-19.5,0
11.140000,-13,-409.5,-598,-117,-6.5,0
11.160000,-39,-357.5,-572,-130,-32.5,0
11.180000,-0,-390,-598,-143,-45.5,0
11.200000,-39,-377,-578.5,-130,-39,0
11.220000,-39,-377,-552.5,-110.5,-45.5,0
11.240000,-39,-377,-598,-117,-19.5,0
11.260000,-19.5,-377,-578.5,-143,-26,0
11.280000,-58.5,-357.5,-565.5,-123.5,-32.5,0
11.300000,-26,-331.5,-546,-117,-6.5,0
11.320000,-32.5,-351,-591.5,-143,-19.5,0
11.340000,-26,-357.5,-578.5,-149.5,-26,0
11.360000,-19.5,-377,-572,-130,-13,0
11.380000,-19.5,-364,-539.5,-149.5,6.5,0
11.400000,-26,-370.5,-539.5,-156,-32.5,0
11.420000,-52,-331.5,-552.5,-156,-52,0
11.440000,-19.5,-344.5,-565.5,-136.5,-19.5,0
11.460000,-26,-351,-559,-136.5,-6.5,0
11.480000,-26,-331.5,-546,-149.5,-26,0
11.500000,-32.5,-325,-552.5,-149.5,13,0
11.520000,-58.5,-338,-572,-156,6.5,0
11.540000,-39,-312,-552.5,-162.5,-26,0
11.560000,-26,-325,-552.5,-188.5,-13,0
11.580000,-26,-312,-526.5,-143,13,0
11.600000,-19.5,-318.5,-533,-188.5,6.5,0
11.620000,-32.5,-305.5,-546,-182,32.5,0
11.640000,-26,-318.5,-546,-195,26,0
11.660000,19.5,-305.5,-533,-188.5,58.5,0
11.680000,-39,-299,-533,-195,32.5,0
11.700000,-32.5,-312,-526.5,-195,39,0
11.720000,-45.5,-292.5,-520,-214.5,45.5,0
11.740000,-39,-318.5,-494,-195,26,0
11.760000,-39,-305.5,-526.5,-188.5,32.5,0
11.780000,-45.5,-318.5,-520,-162.5,-13,0
11.800000,-13,-266.5,-513.5,-208,0,0
11.820000,-19.5,-240.5,-513.5,-214.5,32.5,0
11.840000,-45.5,-247,-507,-201.5,-0,0
11.860000,-45.5,-260,-526.5,-169,-6.5,0
11.880000,-52,-273,-513.5,-221,6.5,0
11.900000,-39,-247,-500.5,-201.5,45.5,0
11.920000,-45.5,-253.5,-500.5,-208,0,0
11.940000,-65,-214.5,-481,-195,19.5,0
11.960000,-32.5,-253.5,-500.5,-195,19.5,0
11.980000,-6.5,-227.5,-500.5,-162.5,58.5,0
12.000000,-26,-214.5,-481,-208,19.5,0
12.020000,-32.5,-240.5,-507,-214.5,19.5,0
12.040000,-45.5,-240.5,-481,-214.5,32.5,0
12.060000,-58.5,-234,-487.5,-208,26,0
12.080000,-58.5,-208,-474.5,-201.5,45.5,0
12.100000,-52,-234,-468,-188.5,13,0
12.120000,-45.5,-214.5,-474.5,-201.5,6.5,0
12.140000,-26,-214.5,-481,-182,32.5,0
12.160000,-58.5,-188.5,-487.5,-195,19.5,0
12.180000,-32.5,-195,-422.5,-201.5,19.5,0
12.200000,-19.5,-208,-487.5,-208,32.5,0
12.220000,-45.5,-188.5,-455,-188.5,39,0
12.240000,-6.5,-162.5,-461.5,-234,32.5,0
12.260000,-65,-175.5,-461.5,-188.5,26,0
12.280000,-32.5,-182,-442,-195,6.5,0
12.300000,-13,-162.5,-442,-188.5,26,0
12.320000,-39,-182,-468,-175.5,13,0
12.340000,-26,-156,-429,-188.5,52,0
12.360000,-58.5,-156,-435.5,-227.5,6.5,0
12.380000,-52,-149.5,-429,-208,0,0
12.400000,-58.5,-110.5,-448.5,-201.5,39,0
12.420000,-19.5,-136.5,-429,-201.5,39,0
12.440000,-32.5,-130,-435.5,-208,32.5,0
12.460000,-26,-143,-442,-195,13,0
12.480000,-39,-130,-416,-195,32.5,0
12.500000,-26,-91,-409.5,-221,26,0
12.520000,-45.5,-117,-409.5,-182,39,0
12.540000,-45.5,-110.5,-403,-182,13,0
12.560000,13,-97.5,-416,-201.5,45.5,0
12.580000,-65,-104,-435.5,-195,39,0
12.600000,-26,-143,-422.5,-201.5,26,0
12.620000,-58.5,-104,-403,-188.5,19.5,0
12.640000,-19.5,-117,-396.5,-214.5,-13,0
12.660000,-19.5,-123.5,-390,-201.5,19.5,0
12.680000,-39,-91,-396.5,-201.5,26,0
12.700000,-32.5,-71.5,-377,-175.5,45.5,0
12.720000,-26,-97.5,-390,-188.5,19.5,0
12.740000,-65,-91,-357.5,-195,32.5,0
12.760000,-13,-58.5,-357.5,-188.5,19.5,0
12.780000,-6.5,-65,-390,-208,26,0
12.800000,-58.5,-58.5,-377,-221,19.5,0
12.820000,-45.5,-91,-390,-201.5,6.5,0
12.840000,-32.5,-71.5,-351,-182,58.5,0
12.860000,-39,-84.5,-396.5,-214.5,6.5,0
12.880000,-52,-65,-338,-169,32.5,0
12.900000,-26,-45.5,-364,-169,26,0
12.920000,-52,-65,-370.5,-175.5,32.5,0
12.940000,-45.5,-39,-370.5,-214.5,45.5,0
12.960000,-13,-39,-338,-195,45.5,0
12.980000,-45.5,-19.5,-357.5,-188.5,13,0
13.000000,-71.5,-39,-325,-182,26,0
13.020000,-26,-39,-331.5,-175.5,26,0
13.040000,-32.5,-26,-325,-169,13,0
13.060000,-39,-26,-364,-195,13,0
13.080000,-52,-6.5,-338,-175.5,26,0
13.100000,-26,-19.5,-364,-201.5,45.5,0
13.120000,-45.5,-19.5,-357.5,-175.5,32.5,0
13.140000,-65,-32.5,-331.5,-195,19.5,0
13.160000,-26,-6.5,-344.5,-182,32.5,0
13.180000,-39,-19.5,-305.5,-175.5,39,0
13.200000,-39,-13,-312,-201.5,0,0
13.220000,-6.5,-6.5,-312,-162.5,19.5,0
13.240000,-52,-0,-325,-182,45.5,0
13.260000,-26,6.5,-325,-156,39,0
13.280000,-58.5,-13,-292.5,-169,26,0
13.300000,-39,6.5,-331.5,-162.5,39,0
13.320000,-19.5,19.5,-331.5,-175.5,13,0
13.340000,-32.5,32.5,-305.5,-169,32.5,0
13.360000,-45.5,32.5,-331.5,-182,19.5,0
13.380000,-45.5,65,-299,-169,32.5,0
13.400000,-65,97.5,-292.5,-182,26,0
13.420000,-58.5,97.5,-318.5,-175.5,32.5,0
13.440000,-32.5,91,-273,-188.5,26,0
13.460000,-26,130,-279.5,-169,26,0
13.480000,-26,117,-305.5,-156,26,0
13.500000,-65,123.5,-331.5,-136.5,13,0
13.520000,-32.5,104,-312,-156,26,0
13.540000,-32.5,104,-286,-136.5,19.5,0
13.560000,-45.5,117,-286,-182,39,0
13.580000,-32.5,117,-299,-156,26,0
13.600000,-26,130,-279.5,-169,13,0
13.620000,-45.5,130,-292.5,-156,39,0
13.640000,-32.5,117,-279.5,-182,32.5,0
13.660000,-39,143,-266.5,-169,52,0
13.680000,-32.5,117,-305.5,-149.5,19.5,0
13.700000,-45.5,130,-286,-149.5,-0,0
13.720000,-52,123.5,-279.5,-143,58.5,0
13.740000,-52,97.5,-299,-162.5,13,0
13.760000,-39,117,-279.5,-169,19.5,0
13.780000,-58.5,143,-286,-162.5,39,0
13.800000,-45.5,130,-266.5,-169,0,0
13.820000,-45.5,130,-292.5,-175.5,0,0
13.840000,-26,110.5,-279.5,-136.5,19.5,0
13.860000,-32.5,143,-292.5,-175.5,19.5,0
13.880000,-32.5,117,-292.5,-156,45.5,0
13.900000,-58.5,130,-260,-175.5,32.5,0
13.920000,-45.5,97.5,-273,-156,26,0
13.940000,-45.5,130,-279.5,-130,19.5,0
13.960000,-58.5,110.5,-299,-143,52,0
13.980000,-65,136.5,-279.5,-169,26,0
14.000000,-65,104,-299,-149.5,32.5,0
14.020000,-58.5,97.5,-292.5,-169,6.5,0
14.040000,-65,136.5,-292.5,-149.5,39,0
14.060000,-26,110.5,-292.5,-123.5,32.5,0
14.080000,-26,123.5,-279.5,-149.5,32.5,0
14.100000,-32.5,110.5,-292.5,-130,26,0
14.120000,-58.5,136.5,-292.5,-149.5,39,0
14.140000,-52,117,-286,-169,-6.5,0
14.160000,-71.5,104,-292.5,-169,45.5,0
14.180000,-26,104,-286,-169,45.5,0
14.200000,-39,104,-292.5,-156,32.5,0
14.220000,-45.5,117,-292.5,-156,26,0
14.240000,-32.5,97.5,-279.5,-149.5,19.5,0
14.260000,-45.5,97.5,-266.5,-162.5,26,0
14.280000,-45.5,104,-273,-143,13,0
14.300000,-45.5,104,-279.5,-149.5,6.5,0
14.320000,-78,123.5,-266.5,-110.5,-6.5,0
14.340000,-52,91,-286,-143,52,0
14.360000,-65,84.5,-253.5,-117,65,0
14.380000,-13,78,-253.5,-156,13,0
14.400000,-58.5,78,-247,-136.5,45.5,0
14.420000,-52,58.5,-279.5,-149.5,32.5,0
14.440000,-52,65,-247,-136.5,13,0
14.460000,-32.5,65,-201.5,-149.5,19.5,0
14.480000,-45.5,71.5,-240.5,-136.5,19.5,0
14.500000,-32.5,84.5,-227.5,-175.5,19.5,0
14.520000,-19.5,78,-208,-143,19.5,0
14.540000,-32.5,58.5,-227.5,-136.5,19.5,0
14.560000,-32.5,65,-240.5,-130,32.5,0
14.580000,-52,52,-240.5,-136.5,13,0
14.600000,-32.5,45.5,-214.5,-149.5,26,0
14.620000,-78,71.5,-234,-149.5,45.5,0
14.640000,-45.5,32.5,-234,-169,32.5,0
14.660000,-45.5,58.5,-247,-136.5,39,0
14.680000,-39,32.5,-208,-182,13,0
14.700000,-39,26,-221,-130,19.5,0
14.720000,-26,19.5,-227.5,-123.5,32.5,0
14.740000,-39,13,-227.5,-162.5,45.5,0
14.760000,-39,26,-227.5,-136.5,19.5,0
14.780000,-45.5,32.5,-253.5,-149.5,45.5,0
14.800000,-6.5,26,-214.5,-149.5,32.5,0
14.820000,-71.5,32.5,-247,-182,32.5,0
14.840000,-19.5,-19.5,-260,-136.5,32.5,0
14.860000,-65,6.5,-247,-110.5,13,0
14.880000,-39,13,-260,-123.5,32.5,0
14.900000,-58.5,-13,-273,-123.5,45.5,0
14.920000,-52,-19.5,-286,-156,32.5,0
14.940000,-26,-0,-266.5,-143,19.5,0
14.960000,-39,-13,-253.5,-149.5,13,0
14.980000,-52,-13,-234,-175.5,39,0
15.000000,-19.5,0,-273,-182,19.5,0
15.020000,-32.5,-13,-260,-156,39,0
15.040000,-26,-13,-292.5,-130,45.5,0
15.060000,-52,-45.5,-279.5,-182,19.5,0
15.080000,-32.5,-19.5,-312,-149.5,-13,0
15.100000,-19.5,-65,-279.5,-143,26,0
15.120000,-19.5,-32.5,-266.5,-117,0,0
15.140000,-6.5,-39,-273,-182,19.5,0
15.160000,-45.5,-32.5,-292.5,-169,32.5,0
15.180000,-52,-52,-299,-156,52,0
15.200000,-19.5,-65,-266.5,-156,13,0
15.220000,-32.5,-78,-273,-149.5,19.5,0
15.240000,-39,-58.5,-299,-130,13,0
15.260000,6.5,-78,-305.5,-149.5,6.5,0
15.280000,-32.5,-91,-312,-136.5,19.5,0
15.300000,-39,-84.5,-260,-136.5,13,0
15.320000,-32.5,-104,-305.5,-143,32.5,0
15.340000,-26,-104,-279.5,-149.5,6.5,0
15.360000,-58.5,-110.5,-305.5,-149.5,6.5,0
15.380000,-45.5,-104,-318.5,-143,19.5,0
15.400000,-26,-104,-318.5,-156,6.5,0
15.420000,-6.5,-117,-344.5,-149.5,32.5,0
15.440000,-39,-143,-305.5,-162.5,26,0
15.460000,-13,-130,-279.5,-169,6.5,0
15.480000,-45.5,-136.5,-292.5,-136.5,19.5,0
15.500000,-32.5,-130,-273,-162.5,13,0
15.520000,-52,-130,-357.5,-156,32.5,0
15.540000,-13,-156,-338,-175.5,26,0
15.560000,-39,-182,-318.5,-162.5,45.5,0
15.580000,-26,-162.5,-325,-143,58.5,0
15.600000,-52,-149.5,-338,-143,45.5,0
15.620000,-58.5,-143,-312,-143,45.5,0
15.640000,-6.5,-208,-338,-188.5,13,0
15.660000,-13,-195,-351,-156,26,0
15.680000,-45.5,-169,-370.5,-143,19.5,0
15.700000,-13,-195,-344.5,-156,0,0
15.720000,-26,-169,-351,-182,58.5,0
15.740000,-26,-188.5,-370.5,-156,32.5,0
15.760000,-13,-221,-351,-175.5,-6.5,0
15.780000,-32.5,-201.5,-364,-175.5,32.5,0
15.800000,-32.5,-201.5,-351,-149.5,32.5,0
15.820000,-26,-201.5,-338,-188.5,0,0
15.840000,-32.5,-221,-357.5,-162.5,13,0
15.860000,-19.5,-208,-351,-156,45.5,0
15.880000,-19.5,-227.5,-370.5,-162.5,32.5,0
15.900000,39,-234,-383.5,-169,13,0
15.920000,32.5,-266.5,-377,-136.5,13,0
15.940000,26,-247,-383.5,-117,39,0
15.960000,45.5,-234,-390,-130,19.5,0
15.980000,26,-253.5,-390,-143,-0,0
16.000000,45.5,-273,-390,-123.5,13,0
16.020000,32.5,-266.5,-370.5,-91,19.5,0
16.040000,26,-292.5,-403,-123.5,26,0
16.060000,39,-286,-390,-110.5,13,0
16.080000,32.5,-279.5,-383.5,-130,39,0
16.100000,58.5,-273,-377,-130,45.5,0
16.120000,32.5,-299,-403,-143,13,0
16.140000,32.5,-279.5,-403,-104,32.5,0
16.160000,39,-299,-396.5,-104,19.5,0
16.180000,45.5,-279.5,-396.5,-143,26,0
16.200000,52,-318.5,-422.5,-104,32.5,0
16.220000,39,-299,-409.5,-143,19.5,0
16.240000,52,-312,-429,-117,19.5,0
16.260000,13,-305.5,-429,-91,-19.5,0
16.280000,26,-325,-409.5,-91,-0,0
16.300000,39,-312,-390,-136.5,26,0
16.320000,26,-331.5,-442,-149.5,26,0
16.340000,32.5,-318.5,-429,-123.5,13,0
16.360000,52,-344.5,-422.5,-156,0,0
16.380000,65,-338,-448.5,-123.5,39,0
16.400000,19.5,-331.5,-416,-117,19.5,0
16.420000,26,-351,-422.5,-110.5,39,0
16.440000,45.5,-338,-409.5,-130,26,0
16.460000,32.5,-370.5,-435.5,-130,32.5,0
16.480000,52,-390,-429,-162.5,6.5,0
16.500000,65,-357.5,-409.5,-136.5,19.5,0
16.520000,52,-364,-416,-130,45.5,0
16.540000,32.5,-357.5,-429,-149.5,6.5,0
16.560000,26,-396.5,-448.5,-149.5,6.5,0
16.580000,26,-370.5,-435.5,-123.5,39,0
16.600000,52,-409.5,-442,-149.5,0,0
16.620000,45.5,-383.5,-442,-130,6.5,0
16.640000,26,-383.5,-416,-143,13,0
16.660000,71.5,-390,-442,-136.5,6.5,0
16.680000,52,-396.5,-442,-156,6.5,0
16.700000,39,-422.5,-461.5,-149.5,6.5,0
16.720000,45.5,-390,-448.5,-123.5,13,0
16.740000,39,-409.5,-429,-130,39,0
16.760000,32.5,-409.5,-448.5,-143,13,0
16.780000,39,-409.5,-461.5,-136.5,19.5,0
16.800000,45.5,-429,-468,-130,19.5,0
16.820000,52,-416,-494,-143,45.5,0
16.840000,32.5,-429,-455,-143,39,0
16.860000,58.5,-422.5,-487.5,-156,6.5,0
16.880000,39,-396.5,-481,-143,32.5,0
16.900000,45.5,-416,-455,-149.5,19.5,0
16.920000,39,-442,-455,-130,6.5,0
16.940000,26,-448.5,-474.5,-149.5,-0,0
16.960000,13,-448.5,-487.5,-156,13,0
16.980000,32.5,-435.5,-481,-156,0,0
17.000000,58.5,-422.5,-461.5,-143,32.5,0
17.020000,32.5,-442,-507,-143,32.5,0
17.040000,26,-435.5,-520,-169,32.5,0
17.060000,19.5,-442,-487.5,-149.5,19.5,0
17.080000,45.5,-468,-481,-130,52,0
17.100000,19.5,-448.5,-494,-149.5,32.5,0
17.120000,32.5,-461.5,-494,-149.5,6.5,0
17.140000,32.5,-494,-487.5,-143,-6.5,0
17.160000,45.5,-461.5,-481,-162.5,6.5,0
17.180000,58.5,-455,-474.5,-162.5,26,0
17.200000,45.5,-487.5,-487.5,-123.5,39,0
17.220000,32.5,-461.5,-461.5,-117,13,0
17.240000,45.5,-468,-487.5,-149.5,26,0
17.260000,39,-487.5,-526.5,-156,32.5,0
17.280000,39,-494,-487.5,-149.5,-6.5,0
17.300000,45.5,-487.5,-500.5,-156,19.5,0
17.320000,19.5,-474.5,-494,-136.5,19.5,0
17.340000,32.5,-474.5,-468,-130,0,0
17.360000,45.5,-533,-500.5,-130,58.5,0
17.380000,45.5,-494,-507,-149.5,45.5,0
17.400000,52,-487.5,-481,-136.5,45.5,0
17.420000,58.5,-487.5,-500.5,-162.5,32.5,0
17.440000,52,-500.5,-507,-156,0,0
17.460000,45.5,-494,-500.5,-136.5,26,0
17.480000,13,-513.5,-487.5,-143,26,0
17.500000,39,-487.5,-481,-156,13,0
17.520000,45.5,-507,-468,-162.5,32.5,0
17.540000,13,-513.5,-520,-130,26,0
17.560000,52,-533,-494,-149.5,-26,0
17.580000,58.5,-507,-494,-130,13,0
17.600000,65,-526.5,-500.5,-149.5,0,0
17.620000,32.5,-507,-474.5,-169,26,0
17.640000,26,-520,-500.5,-149.5,52,0
17.660000,45.5,-526.5,-487.5,-143,26,0
17.680000,32.5,-526.5,-520,-156,26,0
17.700000,32.5,-533,-468,-162.5,45.5,0
17.720000,45.5,-520,-526.5,-156,6.5,0
17.740000,45.5,-520,-513.5,-136.5,26,0
17.760000,13,-520,-507,-182,39,0
17.780000,32.5,-520,-507,-143,32.5,0
17.800000,26,-526.5,-507,-130,26,0
17.820000,58.5,-526.5,-526.5,-156,13,0
17.840000,32.5,-539.5,-526.5,-143,32.5,0
17.860000,39,-552.5,-507,-143,19.5,0
17.880000,32.5,-572,-507,-149.5,26,0
17.900000,13,-565.5,-526.5,-136.5,26,0
17.920000,39,-565.5,-513.5,-149.5,19.5,0
17.940000,58.5,-539.5,-526.5,-149.5,26,0
17.960000,19.5,-546,-500.5,-136.5,13,0
17.980000,45.5,-533,-520,-169,26,0
18.000000,45.5,-539.5,-500.5,-169,32.5,0
18.020000,39,-513.5,-507,-149.5,32.5,0
18.040000,19.5,-585,-513.5,-143,19.5,0
18.060000,58.5,-533,-500.5,-188.5,19.5,0
18.080000,52,-565.5,-513.5,-169,26,0
18.100000,39,-559,-520,-201.5,19.5,0
18.120000,52,-559,-539.5,-156,6.5,0
18.140000,32.5,-565.5,-539.5,-182,13,0
18.160000,6.5,-533,-526.5,-182,13,0
18.180000,19.5,-533,-507,-188.5,32.5,0
18.200000,58.5,-546,-500.5,-227.5,39,0
18.220000,26,-552.5,-487.5,-201.5,26,0
18.240000,32.5,-552.5,-500.5,-188.5,32.5,0
18.260000,65,-552.5,-513.5,-227.5,26,0
18.280000,13,-526.5,-487.5,-201.5,32.5,0
18.300000,52,-559,-533,-175.5,13,0
18.320000,32.5,-526.5,-526.5,-195,32.5,0
18.340000,45.5,-546,-526.5,-201.5,26,0
18.360000,13,-539.5,-546,-188.5,52,0
18.380000,39,-578.5,-513.5,-188.5,13,0
18.400000,19.5,-565.5,-526.5,-208,26,0
18.420000,13,-565.5,-526.5,-221,39,0
18.440000,39,-572,-526.5,-195,58.5,0
18.460000,32.5,-585,-520,-195,0,0
18.480000,32.5,-552.5,-507,-201.5,6.5,0
18.500000,45.5,-578.5,-494,-214.5,45.5,0
18.520000,45.5,-598,-507,-208,39,0
18.540000,19.5,-539.5,-539.5,-201.5,26,0
18.560000,32.5,-585,-533,-175.5,32.5,0
18.580000,52,-572,-546,-208,19.5,0
18.600000,58.5,-572,-533,-195,13,0
18.620000,39,-591.5,-526.5,-221,26,0
18.640000,39,-591.5,-507,-182,32.5,0
18.660000,19.5,-578.5,-526.5,-221,19.5,0
18.680000,13,-617.5,-552.5,-149.5,19.5,0
18.700000,26,-572,-513.5,-201.5,32.5,0
18.720000,26,-578.5,-533,-214.5,52,0
18.740000,19.5,-624,-507,-195,13,0
18.760000,45.5,-591.5,-552.5,-208,32.5,0
18.780000,19.5,-591.5,-539.5,-188.5,26,0
18.800000,52,-598,-539.5,-208,13,0
18.820000,32.5,-585,-520,-188.5,26,0
18.840000,26,-585,-507,-201.5,26,0
18.860000,-0,-604.5,-539.5,-208,39,0
18.880000,39,-578.5,-533,-188.5,6.5,0
18.900000,39,-604.5,-520,-214.5,39,0
18.920000,52,-585,-539.5,-227.5,32.5,0
18.940000,39,-604.5,-526.5,-201.5,26,0
18.960000,32.5,-611,-552.5,-188.5,13,0
18.980000,0,-598,-546,-201.5,26,0
19.000000,32.5,-591.5,-513.5,-188.5,26,0
19.020000,13,-591.5,-520,-240.5,-0,0
19.040000,26,-611,-526.5,-195,19.5,0
19.060000,26,-572,-552.5,-169,19.5,0
19.080000,-19.5,-578.5,-546,-188.5,45.5,0
19.100000,-13,-604.5,-513.5,-201.5,19.5,0
19.120000,-26,-598,-552.5,-208,39,0
19.140000,-19.5,-604.5,-533,-208,13,0
19.160000,-26,-604.5,-520,-214.5,45.5,0
19.180000,-13,-598,-520,-214.5,19.5,0
19.200000,-39,-604.5,-507,-214.5,19.5,0
19.220000,-26,-604.5,-526.5,-201.5,45.5,0
19.240000,-45.5,-604.5,-526.5,-208,19.5,0
19.260000,-45.5,-585,-565.5,-201.5,45.5,0
19.280000,-52,-617.5,-513.5,-188.5,13,0
19.300000,-13,-604.5,-520,-208,32.5,0
19.320000,-32.5,-617.5,-526.5,-221,52,0
19.340000,-39,-617.5,-539.5,-201.5,19.5,0
19.360000,-39,-617.5,-526.5,-188.5,39,0
19.380000,-26,-617.5,-539.5,-208,45.5,0
19.400000,-58.5,-630.5,-539.5,-208,39,0
19.420000,-45.5,-617.5,-513.5,-201.5,0,0
19.440000,-32.5,-611,-526.5,-195,32.5,0
19.460000,-19.5,-617.5,-533,-221,39,0
19.480000,-65,-611,-513.5,-195,6.5,0
19.500000,-45.5,-637,-520,-208,6.5,0
19.520000,-58.5,-611,-546,-182,52,0
19.540000,-26,-637,-539.5,-208,13,0
19.560000,-26,-591.5,-526.5,-214.5,52,0
19.580000,-0,-630.5,-507,-182,26,0
19.600000,-45.5,-650,-526.5,-214.5,13,0
19.620000,-58.5,-611,-552.5,-214.5,32.5,0
19.640000,-26,-624,-539.5,-214.5,19.5,0
19.660000,-52,-604.5,-552.5,-214.5,-6.5,0
19.680000,-39,-643.5,-526.5,-221,39,0
19.700000,-58.5,-637,-520,-214.5,19.5,0
19.720000,-45.5,-643.5,-546,-201.5,26,0
19.740000,-52,-630.5,-559,-208,6.5,0
19.760000,-52,-637,-559,-201.5,45.5,0
19.780000,-32.5,-630.5,-533,-182,26,0
19.800000,-19.5,-643.5,-526.5,-208,19.5,0
19.820000,-19.5,-624,-552.5,-208,26,0
19.840000,-52,-643.5,-539.5,-214.5,6.5,0
19.860000,-26,-624,-539.5,-221,32.5,0
19.880000,-39,-650,-500.5,-188.5,58.5,0
19.900000,-32.5,-663,-526.5,-208,19.5,0
19.920000,-32.5,-656.5,-539.5,-188.5,19.5,0
19.940000,-39,-650,-546,-227.5,6.5,0
19.960000,-45.5,-643.5,-539.5,-201.5,6.5,0
19.980000,-58.5,-643.5,-539.5,-195,19.5,0
20.000000,-45.5,-650,-526.5,-221,19.5,0
20.020000,-39,-676,-559,-175.5,32.5,0
20.040000,-39,-643.5,-533,-195,6.5,0
20.060000,-13,-663,-500.5,-221,32.5,0
20.080000,-45.5,-676,-513.5,-175.5,32.5,0
20.100000,-39,-656.5,-533,-227.5,6.5,0
20.120000,-58.5,-643.5,-539.5,-188.5,39,0
20.140000,-65,-656.5,-520,-195,13,0
20.160000,-26,-682.5,-539.5,-195,-19.5,0
20.180000,-26,-656.5,-546,-227.5,13,0
20.200000,-45.5,-663,-520,-195,19.5,0
20.220000,-26,-669.5,-526.5,-188.5,6.5,0
20.240000,-32.5,-656.5,-546,-221,19.5,0
20.260000,-32.5,-663,-539.5,-214.5,-6.5,0
20.280000,-26,-663,-526.5,-208,26,0
20.300000,-39,-669.5,-572,-182,32.5,0
20.320000,-39,-656.5,-526.5,-188.5,-13,0
20.340000,-45.5,-637,-559,-201.5,32.5,0
20.360000,-13,-669.5,-539.5,-201.5,6.5,0
20.380000,-52,-695.5,-520,-214.5,39,0
20.400000,6.5,-676,-526.5,-214.5,19.5,0
20.420000,-39,-663,-559,-201.5,58.5,0
20.440000,-52,-689,-546,-208,19.5,0
20.460000,-39,-695.5,-539.5,-188.5,13,0
20.480000,-32.5,-682.5,-552.5,-214.5,6.5,0
20.500000,-39,-682.5,-565.5,-221,26,0
20.520000,-32.5,-702,-533,-201.5,0,0
20.540000,-78,-695.5,-559,-201.5,19.5,0
20.560000,-45.5,-682.5,-546,-195,26,0
20.580000,-65,-695.5,-572,-221,39,0
20.600000,-52,-695.5,-552.5,-221,26,0
20.620000,-45.5,-695.5,-565.5,-208,6.5,0
20.640000,-32.5,-689,-572,-208,39,0
20.660000,-32.5,-702,-546,-227.5,32.5,0
20.680000,-19.5,-689,-598,-208,26,0
20.700000,-26,-695.5,-598,-195,13,0
20.720000,-26,-689,-578.5,-214.5,39,0
20.740000,-39,-676,-611,-175.5,13,0
20.760000,-32.5,-689,-578.5,-208,39,0
20.780000,-26,-695.5,-591.5,-221,26,0
20.800000,-39,-689,-585,-201.5,19.5,0
20.820000,-39,-721.5,-630.5,-201.5,-26,0
20.840000,-65,-702,-598,-208,0,0
20.860000,-39,-715,-617.5,-214.5,-0,0
20.880000,-39,-695.5,-630.5,-195,19.5,0
20.900000,-39,-676,-598,-201.5,45.5,0
20.920000,-32.5,-695.5,-637,-195,-0,0
20.940000,0,-708.5,-617.5,-208,-26,0
20.960000,-39,-715,-591.5,-182,-13,0
20.980000,-19.5,-682.5,-624,-182,19.5,0
21.000000,-58.5,-702,-643.5,-234,-39,0
21.020000,-52,-682.5,-643.5,-195,-26,0
21.040000,-45.5,-721.5,-611,-221,-58.5,0
21.060000,-52,-747.5,-630.5,-227.5,0,0
21.080000,-52,-695.5,-643.5,-195,-32.5,0
21.100000,-32.5,-721.5,-611,-214.5,-39,0
21.120000,-26,-734.5,-617.5,-201.5,-45.5,0
21.140000,-19.5,-741,-630.5,-182,-32.5,0
21.160000,-19.5,-734.5,-630.5,-201.5,-26,0
21.180000,-26,-721.5,-604.5,-188.5,-13,0
21.200000,-26,-741,-617.5,-208,-32.5,0
21.220000,-19.5,-728,-650,-188.5,-26,0
21.240000,-45.5,-715,-630.5,-169,-13,0
21.260000,-45.5,-728,-637,-201.5,-19.5,0
21.280000,-52,-728,-630.5,-195,-39,0
21.300000,-19.5,-760.5,-617.5,-195,-26,0
21.320000,-39,-715,-624,-221,-6.5,0
21.340000,-39,-708.5,-617.5,-208,-32.5,0
21.360000,-45.5,-721.5,-617.5,-201.5,-19.5,0
21.380000,-19.5,-734.5,-624,-195,-6.5,0
21.400000,-32.5,-728,-624,-214.5,-32.5,0
21.420000,-32.5,-741,-624,-195,-13,0
21.440000,-26,-741,-630.5,-201.5,-39,0
21.460000,-45.5,-773.5,-617.5,-188.5,-6.5,0
21.480000,-26,-741,-650,-221,-13,0
21.500000,-6.5,-754,-624,-201.5,-26,0
21.520000,-0,-747.5,-630.5,-182,-45.5,0
21.540000,-6.5,-754,-637,-201.5,-19.5,0
21.560000,-45.5,-721.5,-630.5,-182,-26,0
21.580000,-52,-754,-630.5,-208,-26,0
21.600000,-19.5,-715,-630.5,-214.5,-0,0
21.620000,-19.5,-741,-656.5,-201.5,-6.5,0
21.640000,-39,-741,-624,-221,-26,0
21.660000,-0,-734.5,-611,-195,-26,0
21.680000,-45.5,-754,-637,-188.5,-32.5,0
21.700000,-32.5,-754,-591.5,-208,0,0
21.720000,-26,-741,-611,-188.5,-13,0
21.740000,-19.5,-747.5,-604.5,-221,-32.5,0
21.760000,-26,-767,-630.5,-221,-19.5,0
21.780000,-19.5,-767,-611,-188.5,-26,0
21.800000,-58.5,-754,-624,-221,-26,0
21.820000,-26,-754,-637,-201.5,-26,0
21.840000,6.5,-741,-637,-201.5,-26,0
21.860000,-19.5,-728,-630.5,-195,-13,0
21.880000,-26,-747.5,-643.5,-234,-26,0
21.900000,-26,-741,-617.5,-208,-19.5,0
21.920000,-6.5,-754,-617.5,-188.5,13,0
21.940000,-39,-741,-630.5,-201.5,-32.5,0
21.960000,-13,-767,-643.5,-169,-32.5,0
21.980000,-19.5,-728,-617.5,-201.5,-0,0
22.000000,-39,-747.5,-624,-208,-32.5,0
22.020000,-39,-773.5,-611,-195,-6.5,0
22.040000,-45.5,-747.5,-630.5,-182,-6.5,0
22.060000,-45.5,-767,-611,-175.5,-6.5,0
22.080000,-32.5,-760.5,-611,-201.5,-19.5,0
22.100000,-32.5,-793,-611,-188.5,-39,0
22.120000,6.5,-832,-637,-195,-32.5,0
22.140000,-13,-825.5,-624,-175.5,-32.5,0
22.160000,-26,-845,-656.5,-188.5,-26,0
22.180000,-13,-858,-637,-195,6.5,0
22.200000,-19.5,-838.5,-604.5,-143,-26,0
22.220000,-6.5,-838.5,-630.5,-169,-19.5,0
22.240000,-19.5,-845,-624,-149.5,-19.5,0
22.260000,-13,-858,-624,-130,-19.5,0
22.280000,6.5,-838.5,-617.5,-162.5,-19.5,0
22.300000,-6.5,-864.5,-630.5,-149.5,-58.5,0
22.320000,26,-845,-591.5,-149.5,-32.5,0
22.340000,39,-858,-624,-130,-6.5,0
22.360000,52,-871,-617.5,-130,-13,0
22.380000,32.5,-851.5,-624,-156,-32.5,0
22.400000,32.5,-858,-630.5,-156,-19.5,0
22.420000,26,-845,-624,-156,-0,0
22.440000,39,-858,-617.5,-156,-6.5,0
22.460000,26,-858,-630.5,-169,-19.5,0
22.480000,58.5,-864.5,-611,-149.5,-58.5,0
22.500000,26,-903.5,-630.5,-117,13,0
22.520000,65,-864.5,-617.5,-162.5,-6.5,0
22.540000,39,-884,-637,-175.5,-6.5,0
22.560000,52,-832,-611,-162.5,-19.5,0
22.580000,58.5,-838.5,-598,-149.5,-52,0
22.600000,52,-864.5,-624,-130,-32.5,0
22.620000,32.5,-858,-643.5,-136.5,13,0
22.640000,26,-864.5,-604.5,-110.5,-26,0
22.660000,52,-864.5,-585,-156,-13,0
22.680000,65,-845,-604.5,-136.5,-6.5,0
22.700000,32.5,-851.5,-624,-149.5,-45.5,0
22.720000,19.5,-838.5,-630.5,-130,-19.5,0
22.740000,45.5,-838.5,-611,-149.5,-6.5,0
22.760000,39,-871,-630.5,-149.5,0,0
22.780000,52,-838.5,-585,-130,-19.5,0
22.800000,52,-871,-604.5,-130,-39,0
22.820000,58.5,-851.5,-617.5,-136.5,-0,0
22.840000,58.5,-838.5,-578.5,-149.5,-13,0
22.860000,13,-845,-591.5,-130,-39,0
22.880000,65,-819,-585,-130,-26,0
22.900000,52,-825.5,-559,-149.5,-19.5,0
22.920000,39,-832,-539.5,-123.5,-19.5,0
22.940000,45.5,-838.5,-591.5,-123.5,-19.5,0
22.960000,32.5,-845,-552.5,-149.5,-0,0
22.980000,65,-838.5,-578.5,-143,-32.5,0
23.000000,19.5,-838.5,-526.5,-123.5,-26,0
23.020000,13,-838.5,-572,-149.5,-6.5,0
23.040000,45.5,-806,-572,-149.5,-0,0
23.060000,45.5,-845,-546,-117,13,0
23.080000,52,-825.5,-526.5,-149.5,-39,0
23.100000,32.5,-845,-546,-149.5,-19.5,0
23.120000,65,-832,-533,-156,-19.5,0
23.140000,39,-806,-533,-130,-6.5,0
23.160000,39,-832,-559,-149.5,-45.5,0
23.180000,58.5,-806,-546,-162.5,-26,0
23.200000,39,-793,-520,-136.5,-39,0
23.220000,45.5,-806,-539.5,-169,-0,0
23.240000,58.5,-819,-513.5,-175.5,-39,0
23.260000,19.5,-786.5,-513.5,-136.5,-13,0
23.280000,39,-799.5,-533,-156,-19.5,0
23.300000,45.5,-838.5,-526.5,-123.5,-26,0
23.320000,65,-767,-526.5,-130,-6.5,0
23.340000,32.5,-806,-539.5,-162.5,-26,0
23.360000,39,-793,-507,-123.5,-39,0
23.380000,71.5,-799.5,-533,-123.5,-13,0
23.400000,58.5,-819,-565.5,-130,-26,0
23.420000,52,-786.5,-546,-156,-39,0
23.440000,32.5,-760.5,-539.5,-130,-6.5,0
23.460000,52,-793,-546,-143,-19.5,0
23.480000,32.5,-793,-546,-143,-32.5,0
23.500000,32.5,-760.5,-500.5,-130,-26,0
23.520000,45.5,-773.5,-533,-117,-32.5,0
23.540000,19.5,-793,-513.5,-162.5,-32.5,0
23.560000,84.5,-793,-539.5,-149.5,-39,0
23.580000,32.5,-767,-526.5,-130,-52,0
23.600000,65,-741,-539.5,-136.5,-26,0
23.620000,32.5,-767,-507,-136.5,-26,0
23.640000,39,-760.5,-533,-136.5,-6.5,0
23.660000,39,-760.5,-539.5,-143,-45.5,0
23.680000,39,-760.5,-533,-136.5,-26,0
23.700000,26,-741,-520,-110.5,-39,0
23.720000,32.5,-760.5,-526.5,-156,-39,0
23.740000,26,-754,-539.5,-143,-19.5,0
23.760000,71.5,-754,-526.5,-130,-45.5,0
23.780000,32.5,-728,-546,-130,-19.5,0
23.800000,58.5,-728,-507,-162.5,-26,0
23.820000,26,-715,-539.5,-117,0,0
23.840000,78,-734.5,-552.5,-136.5,-19.5,0
23.860000,45.5,-747.5,-520,-136.5,-6.5,0
23.880000,32.5,-708.5,-513.5,-117,-26,0
23.900000,45.5,-708.5,-520,-149.5,-26,0
23.920000,52,-702,-500.5,-117,-32.5,0
23.940000,52,-721.5,-520,-130,-13,0
23.960000,58.5,-708.5,-559,-149.5,-13,0
23.980000,39,-734.5,-513.5,-130,-39,0
24.000000,19.5,-708.5,-533,-123.5,-26,0
24.020000,32.5,-682.5,-526.5,-123.5,-39,0
24.040000,52,-676,-539.5,-130,-32.5,0
24.060000,39,-682.5,-552.5,-149.5,-0,0
24.080000,19.5,-676,-526.5,-123.5,-45.5,0
24.100000,32.5,-676,-520,-130,-26,0
24.120000,84.5,-689,-507,-156,-26,0
24.140000,45.5,-676,-533,-143,0,0
24.160000,39,-669.5,-520,-136.5,-6.5,0
24.180000,45.5,-656.5,-526.5,-110.5,-6.5,0
24.200000,65,-689,-546,-130,-32.5,0
24.220000,78,-676,-520,-149.5,-26,0
24.240000,52,-650,-533,-149.5,-26,0
24.260000,39,-637,-539.5,-130,-45.5,0
24.280000,32.5,-650,-520,-149.5,-13,0
24.300000,26,-617.5,-520,-143,-6.5,0
24.320000,71.5,-630.5,-520,-136.5,-19.5,0
24.340000,52,-624,-520,-104,-13,0
24.360000,58.5,-630.5,-559,-149.5,-6.5,0
24.380000,45.5,-637,-526.5,-123.5,-19.5,0
24.400000,26,-624,-533,-162.5,-26,0
24.420000,52,-617.5,-546,-143,-26,0
24.440000,19.5,-604.5,-513.5,-136.5,-19.5,0
24.460000,45.5,-624,-526.5,-117,-32.5,0
24.480000,26,-591.5,-526.5,-143,-39,0
24.500000,39,-572,-494,-136.5,-32.5,0
24.520000,45.5,-546,-526.5,-136.5,-26,0
24.540000,32.5,-617.5,-520,-136.5,-32.5,0
24.560000,45.5,-585,-507,-136.5,-19.5,0
24.580000,19.5,-578.5,-526.5,-123.5,-39,0
24.600000,65,-559,-526.5,-143,-26,0
24.620000,45.5,-565.5,-513.5,-130,-19.5,0
24.640000,58.5,-572,-539.5,-143,-26,0
24.660000,32.5,-565.5,-494,-156,-26,0
24.680000,45.5,-526.5,-481,-149.5,-26,0
24.700000,45.5,-559,-507,-149.5,-6.5,0
24.720000,39,-572,-507,-130,-26,0
24.740000,52,-533,-500.5,-143,-26,0
24.760000,52,-539.5,-494,-156,-19.5,0
24.780000,32.5,-533,-520,-143,6.5,0
24.800000,6.5,-526.5,-539.5,-156,-19.5,0
24.820000,26,-526.5,-520,-130,6.5,0
24.840000,71.5,-513.5,-520,-149.5,-13,0
24.860000,19.5,-507,-474.5,-136.5,-26,0
24.880000,26,-520,-507,-143,-45.5,0
24.900000,52,-507,-507,-136.5,-26,0
24.920000,45.5,-507,-468,-143,-45.5,0
24.940000,39,-500.5,-513.5,-130,-13,0
24.960000,39,-494,-513.5,-143,-26,0
24.980000,78,-481,-481,-175.5,-39,0
25.000000,52,-474.5,-500.5,-156,-26,0
25.020000,52,-481,-487.5,-156,-26,0
25.040000,84.5,-461.5,-481,-149.5,-6.5,0
25.060000,52,-481,-468,-130,-26,0
25.080000,52,-481,-494,-143,-19.5,0
25.100000,39,-494,-513.5,-130,0,0
25.120000,39,-468,-513.5,-130,-13,0
25.140000,19.5,-461.5,-487.5,-149.5,6.5,0
25.160000,39,-448.5,-481,-130,-26,0
25.180000,19.5,-442,-487.5,-136.5,-6.5,0
25.200000,19.5,-416,-481,-143,-19.5,0
25.220000,26,-429,-526.5,-123.5,-26,0
25.240000,32.5,-409.5,-494,-156,-45.5,0
25.260000,39,-435.5,-481,-162.5,-26,0
25.280000,13,-435.5,-507,-136.5,-6.5,0
25.300000,45.5,-416,-481,-130,-26,0
25.320000,52,-416,-494,-136.5,-13,0
25.340000,32.5,-442,-507,-162.5,-13,0
25.360000,26,-403,-481,-130,-0,0
25.380000,58.5,-403,-468,-169,6.5,0
25.400000,45.5,-390,-494,-143,6.5,0
25.420000,19.5,-416,-507,-149.5,6.5,0
25.440000,52,-422.5,-487.5,-136.5,26,0
25.460000,45.5,-396.5,-494,-130,13,0
25.480000,39,-383.5,-494,-156,19.5,0
25.500000,19.5,-390,-468,-136.5,13,0
25.520000,45.5,-396.5,-494,-149.5,26,0
25.540000,13,-377,-481,-117,19.5,0
25.560000,32.5,-364,-507,-156,6.5,0
25.580000,26,-383.5,-520,-130,52,0
25.600000,19.5,-403,-481,-123.5,6.5,0
25.620000,45.5,-370.5,-494,-136.5,32.5,0
25.640000,45.5,-396.5,-468,-169,19.5,0
25.660000,58.5,-357.5,-474.5,-117,39,0
25.680000,32.5,-370.5,-481,-136.5,26,0
25.700000,45.5,-351,-494,-143,13,0
25.720000,65,-370.5,-520,-162.5,19.5,0
25.740000,39,-370.5,-474.5,-175.5,32.5,0
25.760000,13,-357.5,-481,-156,32.5,0
25.780000,52,-357.5,-474.5,-162.5,0,0
25.800000,32.5,-344.5,-481,-149.5,19.5,0
25.820000,52,-364,-461.5,-156,19.5,0
25.840000,45.5,-364,-500.5,-136.5,45.5,0
25.860000,26,-370.5,-494,-169,6.5,0
25.880000,13,-312,-507,-156,26,0
25.900000,58.5,-357.5,-481,-149.5,26,0
25.920000,45.5,-338,-494,-136.5,32.5,0
25.940000,26,-351,-500.5,-130,-6.5,0
25.960000,32.5,-344.5,-494,-136.5,19.5,0
25.980000,52,-338,-468,-149.5,6.5,0
26.000000,65,-318.5,-500.5,-143,-6.5,0
26.020000,39,-344.5,-513.5,-149.5,19.5,0
26.040000,39,-331.5,-507,-123.5,39,0
26.060000,65,-331.5,-507,-136.5,6.5,0
26.080000,45.5,-312,-487.5,-149.5,19.5,0
26.100000,45.5,-325,-494,-149.5,13,0
26.120000,26,-292.5,-455,-149.5,32.5,0
26.140000,65,-344.5,-513.5,-136.5,26,0
26.160000,65,-331.5,-513.5,-123.5,32.5,0
26.180000,32.5,-305.5,-494,-156,19.5,0
26.200000,6.5,-344.5,-468,-162.5,13,0
26.220000,32.5,-305.5,-513.5,-156,19.5,0
26.240000,39,-338,-546,-149.5,13,0
26.260000,19.5,-305.5,-513.5,-156,58.5,0
26.280000,32.5,-331.5,-481,-143,0,0
26.300000,39,-318.5,-507,-149.5,39,0
26.320000,19.5,-299,-474.5,-136.5,13,0
26.340000,39,-279.5,-507,-143,39,0
26.360000,26,-331.5,-500.5,-156,13,0
26.380000,52,-299,-507,-130,13,0
26.400000,45.5,-312,-526.5,-162.5,6.5,0
26.420000,6.5,-292.5,-507,-136.5,19.5,0
26.440000,58.5,-312,-481,-143,26,0
26.460000,45.5,-299,-494,-156,13,0
26.480000,45.5,-286,-526.5,-130,6.5,0
26.500000,26,-312,-500.5,-110.5,32.5,0
26.520000,26,-266.5,-494,-162.5,32.5,0
26.540000,26,-286,-513.5,-143,13,0
26.560000,58.5,-318.5,-546,-149.5,32.5,0
26.580000,13,-331.5,-500.5,-136.5,6.5,0
26.600000,32.5,-318.5,-513.5,-162.5,13,0
26.620000,45.5,-318.5,-481,-136.5,32.5,0
26.640000,32.5,-299,-507,-162.5,26,0
26.660000,26,-325,-500.5,-149.5,19.5,0
26.680000,32.5,-305.5,-526.5,-162.5,6.5,0
26.700000,26,-299,-526.5,-143,32.5,0
26.720000,26,-266.5,-513.5,-143,26,0
26.740000,45.5,-286,-513.5,-169,45.5,0
26.760000,52,-305.5,-513.5,-149.5,13,0
26.780000,32.5,-299,-520,-130,0,0
26.800000,78,-312,-500.5,-110.5,-6.5,0
26.820000,58.5,-286,-513.5,-156,19.5,0
26.840000,58.5,-299,-526.5,-156,39,0
26.860000,58.5,-279.5,-500.5,-136.5,0,0
26.880000,39,-286,-520,-149.5,39,0
26.900000,32.5,-312,-494,-156,13,0
26.920000,13,-273,-539.5,-162.5,45.5,0
26.940000,26,-253.5,-513.5,-169,6.5,0
26.960000,71.5,-260,-520,-149.5,-0,0
26.980000,19.5,-240.5,-546,-156,26,0
27.000000,13,-260,-539.5,-143,45.5,0
27.020000,26,-234,-526.5,-162.5,6.5,0
27.040000,19.5,-208,-513.5,-162.5,32.5,0
27.060000,52,-195,-533,-143,19.5,0
27.080000,-13,-208,-533,-149.5,39,0
27.100000,52,-221,-526.5,-143,13,0
27.120000,32.5,-214.5,-526.5,-156,26,0
27.140000,39,-208,-513.5,-143,39,0
27.160000,13,-162.5,-507,-156,26,0
27.180000,45.5,-188.5,-520,-156,26,0
27.200000,6.5,-182,-507,-130,-6.5,0
27.220000,13,-214.5,-539.5,-136.5,13,0
27.240000,6.5,-208,-526.5,-156,32.5,0
27.260000,26,-175.5,-520,-136.5,39,0
27.280000,13,-234,-507,-130,13,0
27.300000,0,-221,-526.5,-149.5,32.5,0
27.320000,-13,-201.5,-520,-162.5,52,0
27.340000,-19.5,-214.5,-533,-130,26,0
27.360000,-19.5,-214.5,-539.5,-143,6.5,0
27.380000,-19.5,-221,-533,-130,19.5,0
27.400000,0,-208,-533,-143,19.5,0
27.420000,-39,-195,-539.5,-149.5,39,0
27.440000,-13,-227.5,-520,-130,13,0
27.460000,-6.5,-195,-533,-130,0,0
27.480000,-26,-234,-526.5,-136.5,13,0
27.500000,-19.5,-188.5,-552.5,-130,19.5,0
27.520000,-45.5,-201.5,-546,-130,-6.5,0
27.540000,-39,-208,-526.5,-130,-0,0
27.560000,-39,-201.5,-533,-149.5,-26,0
27.580000,-26,-234,-546,-117,6.5,0
27.600000,-13,-188.5,-526.5,-162.5,-19.5,0
27.620000,-45.5,-201.5,-539.5,-162.5,-39,0
27.640000,-19.5,-201.5,-526.5,-136.5,-39,0
27.660000,6.5,-234,-533,-169,-32.5,0
27.680000,-6.5,-214.5,-526.5,-156,-19.5,0
27.700000,-39,-195,-526.5,-136.5,-26,0
27.720000,-26,-227.5,-526.5,-143,-19.5,0
27.740000,-39,-221,-533,-123.5,-13,0
27.760000,-26,-201.5,-507,-123.5,-45.5,0
27.780000,-19.5,-201.5,-520,-156,-32.5,0
27.800000,-26,-201.5,-507,-136.5,-32.5,0
27.820000,-19.5,-221,-539.5,-143,-6.5,0
27.840000,-26,-234,-520,-136.5,-32.5,0
27.860000,-13,-221,-526.5,-136.5,6.5,0
27.880000,-45.5,-227.5,-533,-110.5,-26,0
27.900000,-52,-214.5,-539.5,-91,-19.5,0
27.920000,-19.5,-247,-507,-97.5,-13,0
27.940000,-45.5,-208,-539.5,-117,-32.5,0
27.960000,-13,-240.5,-520,-130,-26,0
27.980000,-26,-214.5,-507,-130,-13,0
28.000000,-45.5,-221,-546,-149.5,-39,0
28.020000,-6.5,-221,-520,-143,6.5,0
28.040000,-26,-253.5,-526.5,-123.5,6.5,0
28.060000,-52,-214.5,-507,-117,-52,0
28.080000,-13,-195,-526.5,-123.5,-6.5,0
28.100000,-58.5,-260,-533,-136.5,-26,0
28.120000,-26,-253.5,-513.5,-136.5,-26,0
28.140000,-32.5,-234,-565.5,-123.5,-13,0
28.160000,-32.5,-253.5,-539.5,-123.5,-39,0
28.180000,-39,-227.5,-559,-143,-39,0
28.200000,-32.5,-214.5,-565.5,-117,-32.5,0
28.220000,-52,-253.5,-572,-130,-19.5,0
28.240000,-19.5,-247,-611,-104,-45.5,0
28.260000,-39,-234,-617.5,-123.5,-6.5,0
28.280000,-39,-240.5,-598,-97.5,6.5,0
28.300000,-45.5,-247,-617.5,-104,-19.5,0
28.320000,-26,-234,-604.5,-156,-19.5,0
28.340000,-26,-234,-611,-91,-65,0
28.360000,-32.5,-234,-630.5,-117,-19.5,0
28.380000,-39,-240.5,-604.5,-104,-26,0
28.400000,-26,-234,-604.5,-123.5,-52,0
28.420000,-13,-234,-598,-117,-26,0
28.440000,-26,-227.5,-591.5,-117,-6.5,0
28.460000,-26,-234,-617.5,-123.5,-52,0
28.480000,-32.5,-260,-611,-123.5,-32.5,0
28.500000,-39,-247,-598,-130,-13,0
28.520000,-39,-279.5,-572,-110.5,-13,0
28.540000,-52,-279.5,-591.5,-71.5,-19.5,0
28.560000,-19.5,-260,-598,-143,-52,0
28.580000,-52,-253.5,-611,-84.5,-0,0
28.600000,-13,-286,-624,-136.5,-45.5,0
28.620000,-26,-266.5,-598,-91,-26,0
28.640000,-65,-260,-604.5,-143,-6.5,0
28.660000,-19.5,-260,-585,-104,-26,0
28.680000,-26,-260,-598,-117,-19.5,0
28.700000,-19.5,-260,-617.5,-110.5,-26,0
28.720000,-13,-260,-611,-130,-13,0
28.740000,-45.5,-253.5,-598,-117,-19.5,0
28.760000,-26,-273,-617.5,-97.5,-0,0
28.780000,-45.5,-260,-598,-110.5,-32.5,0
28.800000,-6.5,-260,-585,-104,-19.5,0
28.820000,-52,-247,-617.5,-110.5,-13,0
28.840000,-39,-253.5,-611,-104,-32.5,0
28.860000,-45.5,-260,-572,-91,-13,0
28.880000,-52,-266.5,-585,-110.5,-39,0
28.900000,-52,-266.5,-604.5,-91,-26,0
28.920000,-26,-273,-578.5,-91,-6.5,0
28.940000,-13,-260,-630.5,-123.5,-13,0
28.960000,-32.5,-292.5,-624,-71.5,-13,0
28.980000,-13,-286,-617.5,-104,-32.5,0
29.000000,-32.5,-305.5,-598,-143,-39,0
29.020000,-45.5,-273,-572,-97.5,-19.5,0
29.040000,-19.5,-305.5,-591.5,-110.5,-32.5,0
29.060000,-19.5,-292.5,-598,-117,-26,0
29.080000,-13,-266.5,-565.5,-130,-19.5,0
29.100000,-26,-253.5,-591.5,-91,-32.5,0
29.120000,-13,-305.5,-591.5,-104,0,0
29.140000,-26,-312,-617.5,-104,-19.5,0
29.160000,-6.5,-312,-598,-110.5,-6.5,0
29.180000,-6.5,-279.5,-611,-78,-32.5,0
29.200000,-19.5,-305.5,-578.5,-123.5,-13,0
29.220000,-19.5,-299,-591.5,-97.5,-26,0
29.240000,-39,-292.5,-604.5,-104,-13,0
29.260000,-0,-299,-598,-91,-19.5,0
29.280000,-6.5,-292.5,-591.5,-104,-13,0
29.300000,19.5,-299,-624,-117,-32.5,0
29.320000,-6.5,-279.5,-585,-117,-13,0
29.340000,45.5,-325,-604.5,-84.5,-52,0
29.360000,6.5,-299,-604.5,-91,-6.5,0
29.380000,13,-286,-604.5,-110.5,-13,0
29.400000,52,-305.5,-591.5,-123.5,-6.5,0
29.420000,19.5,-273,-598,-110.5,-52,0
29.440000,52,-318.5,-611,-91,26,0
29.460000,13,-305.5,-611,-97.5,-32.5,0
29.480000,26,-286,-598,-130,-26,0
29.500000,26,-331.5,-598,-117,-19.5,0
29.520000,32.5,-312,-585,-91,-13,0
29.540000,39,-312,-604.5,-91,-6.5,0
29.560000,26,-331.5,-578.5,-104,-13,0
29.580000,19.5,-312,-578.5,-97.5,-32.5,0
29.600000,39,-312,-598,-110.5,-6.5,0
29.620000,26,-331.5,-604.5,-123.5,-45.5,0
29.640000,26,-299,-617.5,-104,-39,0
29.660000,-0,-299,-585,-104,-52,0
29.680000,32.5,-331.5,-598,-78,-6.5,0
29.700000,32.5,-331.5,-604.5,-104,-6.5,0
29.720000,32.5,-312,-624,-97.5,-45.5,0
29.740000,19.5,-331.5,-585,-78,-26,0
29.760000,13,-331.5,-585,-130,-52,0
29.780000,0,-312,-591.5,-123.5,-39,0
29.800000,19.5,-351,-585,-97.5,-6.5,0
29.820000,39,-312,-604.5,-97.5,6.5,0
29.840000,-0,-299,-585,-97.5,-32.5,0
29.860000,19.5,-305.5,-591.5,-97.5,-39,0
29.880000,26,-305.5,-585,-130,-52,0
29.900000,26,-331.5,-591.5,-91,-26,0
29.920000,19.5,-312,-598,-110.5,-26,0
29.940000,26,-318.5,-604.5,-110.5,6.5,0
29.960000,13,-318.5,-598,-123.5,-6.5,0
29.980000,19.5,-351,-598,-110.5,-19.5,0
30.000000,45.5,-331.5,-591.5,-91,-6.5,0
30.020000,45.5,-325,-591.5,-84.5,0,0
30.040000,32.5,-357.5,-604.5,-110.5,-6.5,0
30.060000,39,-331.5,-598,-91,-39,0
30.080000,32.5,-357.5,-591.5,-97.5,-13,0
30.100000,45.5,-357.5,-585,-123.5,0,0
30.120000,52,-377,-591.5,-110.5,6.5,0
30.140000,32.5,-396.5,-578.5,-110.5,-13,0
30.160000,65,-377,-604.5,-136.5,-32.5,0
30.180000,19.5,-429,-604.5,-104,-32.5,0
30.200000,13,-416,-598,-123.5,-32.5,0
30.220000,71.5,-409.5,-630.5,-104,-13,0
30.240000,45.5,-455,-598,-136.5,-26,0
30.260000,39,-442,-617.5,-117,-13,0
30.280000,-6.5,-422.5,-617.5,-104,0,0
30.300000,13,-403,-591.5,-104,-6.5,0
30.320000,19.5,-448.5,-598,-78,-32.5,0
30.340000,19.5,-461.5,-591.5,-117,-32.5,0
30.360000,58.5,-435.5,-598,-97.5,-32.5,0
30.380000,6.5,-448.5,-604.5,-130,-32.5,0
30.400000,39,-429,-624,-130,-32.5,0
30.420000,32.5,-416,-598,-78,-26,0
30.440000,65,-455,-617.5,-97.5,-26,0
30.460000,26,-442,-617.5,-117,-26,0
30.480000,26,-468,-591.5,-117,6.5,0
30.500000,19.5,-435.5,-598,-78,-0,0
30.520000,26,-442,-598,-123.5,-13,0
30.540000,0,-442,-578.5,-104,-6.5,0
30.560000,45.5,-429,-617.5,-149.5,-13,0
30.580000,6.5,-442,-611,-104,-13,0
30.600000,39,-435.5,-624,-123.5,-39,0
30.620000,13,-416,-585,-143,-13,0
30.640000,32.5,-422.5,-591.5,-110.5,-6.5,0
30.660000,-0,-435.5,-624,-117,-32.5,0
30.680000,19.5,-422.5,-585,-91,-6.5,0
30.700000,52,-442,-604.5,-117,-32.5,0
30.720000,32.5,-442,-598,-123.5,-45.5,0
30.740000,6.5,-409.5,-585,-143,-45.5,0
30.760000,19.5,-416,-611,-123.5,-26,0
30.780000,78,-422.5,-604.5,-143,-26,0
30.800000,26,-442,-591.5,-136.5,-45.5,0
30.820000,13,-390,-617.5,-143,-19.5,0
30.840000,6.5,-422.5,-591.5,-136.5,-39,0
30.860000,6.5,-403,-591.5,-136.5,-19.5,0
30.880000,6.5,-429,-585,-123.5,-26,0
30.900000,-6.5,-429,-611,-130,-32.5,0
30.920000,-32.5,-403,-598,-91,-26,0
30.940000,-0,-403,-598,-136.5,-19.5,0
30.960000,-65,-390,-604.5,-149.5,-26,0
30.980000,-13,-396.5,-611,-123.5,-39,0
31.000000,-32.5,-390,-591.5,-123.5,0,0
31.020000,-6.5,-396.5,-585,-143,-26,0
31.040000,-52,-403,-578.5,-117,-39,0
31.060000,-52,-396.5,-572,-130,-26,0
31.080000,-39,-370.5,-565.5,-143,-19.5,0
31.100000,-32.5,-383.5,-585,-117,-19.5,0
31.120000,-52,-364,-578.5,-130,-26,0
31.140000,-26,-364,-591.5,-123.5,-19.5,0
31.160000,-13,-383.5,-578.5,-136.5,-32.5,0
31.180000,-0,-383.5,-572,-130,-6.5,0
31.200000,-26,-390,-565.5,-123.5,-39,0
31.220000,-39,-377,-578.5,-130,-32.5,0
31.240000,-32.5,-364,-559,-130,-26,0
31.260000,-45.5,-403,-572,-110.5,-13,0
31.280000,-26,-351,-572,-149.5,-26,0
31.300000,-32.5,-344.5,-604.5,-143,-19.5,0
31.320000,-13,-383.5,-552.5,-162.5,-26,0
31.340000,-32.5,-370.5,-552.5,-130,-52,0
31.360000,-19.5,-338,-559,-156,-19.5,0
31.380000,-26,-351,-578.5,-136.5,-26,0
31.400000,-32.5,-370.5,-546,-130,-32.5,0
31.420000,-19.5,-331.5,-552.5,-169,-39,0
31.440000,-32.5,-331.5,-559,-136.5,-26,0
31.460000,-32.5,-344.5,-559,-136.5,-13,0
31.480000,-52,-364,-552.5,-123.5,-19.5,0
31.500000,-19.5,-312,-546,-156,-32.5,0
31.520000,-52,-318.5,-552.5,-143,6.5,0
31.540000,-26,-318.5,-559,-182,-0,0
31.560000,-32.5,-331.5,-520,-156,26,0
31.580000,-26,-325,-533,-156,6.5,0
31.600000,-45.5,-305.5,-533,-182,32.5,0
31.620000,-13,-331.5,-546,-208,39,0
31.640000,-39,-305.5,-533,-208,13,0
31.660000,-45.5,-305.5,-546,-201.5,6.5,0
31.680000,-45.5,-318.5,-526.5,-188.5,45.5,0
31.700000,-65,-292.5,-533,-182,32.5,0
31.720000,-13,-299,-533,-188.5,39,0
31.740000,-39,-299,-513.5,-214.5,26,0
31.760000,-26,-273,-546,-162.5,19.5,0
31.780000,-39,-273,-500.5,-208,32.5,0
31.800000,-45.5,-286,-520,-221,6.5,0
31.820000,-32.5,-286,-533,-201.5,6.5,0
31.840000,-26,-266.5,-494,-201.5,52,0
31.860000,-39,-253.5,-500.5,-195,-0,0
31.880000,-32.5,-234,-507,-195,6.5,0
31.900000,-58.5,-247,-500.5,-208,39,0
31.920000,-52,-240.5,-487.5,-182,39,0
31.940000,-26,-253.5,-474.5,-201.5,32.5,0
31.960000,-32.5,-240.5,-500.5,-195,13,0
31.980000,-0,-240.5,-494,-195,26,0
32.000000,-32.5,-208,-474.5,-182,39,0
32.020000,-32.5,-240.5,-481,-162.5,45.5,0
32.040000,-32.5,-234,-481,-201.5,45.5,0
32.060000,-32.5,-182,-461.5,-201.5,26,0
32.080000,-26,-227.5,-494,-201.5,58.5,0
32.100000,-39,-188.5,-461.5,-188.5,13,0
32.120000,-58.5,-188.5,-455,-188.5,19.5,0
32.140000,-39,-201.5,-435.5,-195,-19.5,0
32.160000,-32.5,-182,-461.5,-175.5,52,0
32.180000,-13,-162.5,-448.5,-201.5,26,0
32.200000,-6.5,-208,-422.5,-195,45.5,0
32.220000,-45.5,-149.5,-442,-240.5,26,0
32.240000,-65,-201.5,-448.5,-195,26,0
32.260000,-39,-175.5,-448.5,-195,26,0
32.280000,-32.5,-208,-442,-214.5,19.5,0
32.300000,-26,-143,-455,-195,26,0
32.320000,-26,-143,-442,-195,26,0
32.340000,-32.5,-182,-429,-188.5,39,0
32.360000,-65,-149.5,-403,-182,32.5,0
32.380000,-26,-130,-442,-208,19.5,0
32.400000,-78,-130,-455,-201.5,26,0
32.420000,-32.5,-130,-429,-195,26,0
32.440000,-32.5,-130,-422.5,-221,6.5,0
32.460000,-19.5,-156,-429,-169,32.5,0
32.480000,-39,-143,-409.5,-188.5,6.5,0
32.500000,-19.5,-136.5,-403,-195,19.5,0
32.520000,-39,-117,-416,-208,19.5,0
32.540000,-19.5,-104,-403,-195,32.5,0
32.560000,-45.5,-84.5,-422.5,-201.5,32.5,0
32.580000,-19.5,-130,-396.5,-182,26,0
32.600000,-26,-91,-377,-201.5,19.5,0
32.620000,-45.5,-110.5,-396.5,-195,6.5,0
32.640000,-45.5,-110.5,-396.5,-221,26,0
32.660000,-39,-97.5,-396.5,-182,26,0
32.680000,-32.5,-97.5,-409.5,-195,26,0
32.700000,-65,-78,-390,-188.5,52,0
32.720000,-58.5,-97.5,-364,-169,-0,0
32.740000,-45.5,-91,-364,-195,26,0
32.760000,-32.5,-78,-370.5,-201.5,45.5,0
32.780000,-52,-71.5,-370.5,-201.5,19.5,0
32.800000,-58.5,-65,-344.5,-201.5,52,0
32.820000,-26,-71.5,-344.5,-208,39,0
32.840000,-52,-65,-364,-182,19.5,0
32.860000,-39,-65,-344.5,-188.5,6.5,0
32.880000,-45.5,-65,-383.5,-175.5,6.5,0
32.900000,-26,-45.5,-351,-169,13,0
32.920000,-32.5,-58.5,-344.5,-188.5,26,0
32.940000,-26,-45.5,-357.5,-175.5,19.5,0
32.960000,-26,-65,-331.5,-195,19.5,0
32.980000,-39,-58.5,-364,-214.5,45.5,0
33.000000,-19.5,-39,-351,-182,32.5,0
33.020000,-58.5,-45.5,-357.5,-175.5,26,0
33.040000,-52,-39,-344.5,-208,19.5,0
33.060000,-45.5,-52,-325,-195,52,0
33.080000,-39,-45.5,-325,-182,19.5,0
33.100000,-32.5,-39,-344.5,-175.5,32.5,0
33.120000,-19.5,-39,-331.5,-195,19.5,0
33.140000,-45.5,-26,-344.5,-169,32.5,0
33.160000,-52,-26,-357.5,-188.5,26,0
33.180000,-6.5,6.5,-318.5,-182,13,0
33.200000,-19.5,-19.5,-364,-162.5,45.5,0
33.220000,-39,-13,-325,-149.5,26,0
33.240000,-19.5,-6.5,-318.5,-201.5,26,0
33.260000,-39,-6.5,-305.5,-182,39,0
33.280000,-13,32.5,-325,-195,19.5,0
33.300000,6.5,-6.5,-292.5,-214.5,13,0
33.320000,-84.5,19.5,-318.5,-188.5,0,0
33.340000,-19.5,13,-318.5,-162.5,19.5,0
33.360000,-32.5,32.5,-318.5,-162.5,39,0
33.380000,-58.5,84.5,-292.5,-162.5,26,0
33.400000,-45.5,97.5,-292.5,-175.5,6.5,0
33.420000,-26,84.5,-305.5,-162.5,19.5,0
33.440000,-26,71.5,-299,-188.5,13,0
33.460000,-58.5,110.5,-305.5,-143,26,0
33.480000,-13,117,-312,-182,19.5,0
33.500000,-32.5,149.5,-286,-182,32.5,0
33.520000,-26,110.5,-292.5,-201.5,19.5,0
33.540000,-52,136.5,-279.5,-169,45.5,0
33.560000,-26,110.5,-279.5,-182,26,0
33.580000,-39,117,-279.5,-169,32.5,0
33.600000,-32.5,110.5,-299,-169,39,0
33.620000,-39,123.5,-299,-169,26,0
33.640000,-6.5,97.5,-286,-169,0,0
33.660000,-39,123.5,-299,-162.5,0,0
33.680000,-39,162.5,-279.5,-201.5,32.5,0
33.700000,-52,130,-292.5,-143,39,0
33.720000,-19.5,136.5,-266.5,-143,19.5,0
33.740000,-39,149.5,-292.5,-162.5,58.5,0
33.760000,-52,123.5,-292.5,-149.5,45.5,0
33.780000,-45.5,123.5,-279.5,-156,58.5,0
33.800000,-32.5,130,-305.5,-162.5,19.5,0
33.820000,-52,110.5,-305.5,-143,52,0
33.840000,-45.5,123.5,-299,-117,19.5,0
33.860000,-39,123.5,-279.5,-156,26,0
33.880000,-39,149.5,-273,-149.5,32.5,0
33.900000,-58.5,136.5,-286,-169,6.5,0
33.920000,-65,149.5,-279.5,-136.5,32.5,0
33.940000,-19.5,110.5,-286,-156,19.5,0
33.960000,-19.5,110.5,-292.5,-156,32.5,0
33.980000,-52,117,-286,-169,-13,0
34.000000,-45.5,143,-312,-136.5,39,0
34.020000,-45.5,117,-286,-149.5,32.5,0
34.040000,-45.5,117,-318.5,-156,19.5,0
34.060000,-65,97.5,-286,-162.5,26,0
34.080000,-32.5,117,-279.5,-136.5,39,0
34.100000,-39,110.5,-292.5,-162.5,0,0
34.120000,-45.5,104,-299,-156,19.5,0
34.140000,-65,110.5,-299,-149.5,26,0
34.160000,-32.5,123.5,-286,-175.5,13,0
34.180000,-65,117,-273,-156,19.5,0
34.200000,-45.5,136.5,-286,-149.5,6.5,0
34.220000,-45.5,84.5,-286,-175.5,19.5,0
34.240000,-19.5,91,-266.5,-175.5,39,0
34.260000,-52,78,-279.5,-162.5,19.5,0
34.280000,-45.5,110.5,-279.5,-136.5,19.5,0
34.300000,-65,110.5,-260,-136.5,19.5,0
34.320000,-52,97.5,-279.5,-169,19.5,0
34.340000,-39,97.5,-279.5,-162.5,39,0
34.360000,-26,97.5,-227.5,-143,6.5,0
34.380000,-26,104,-240.5,-156,19.5,0
34.400000,-32.5,58.5,-234,-169,32.5,0
34.420000,-45.5,58.5,-253.5,-143,32.5,0
34.440000,-65,58.5,-260,-143,19.5,0
34.460000,-45.5,84.5,-253.5,-149.5,26,0
34.480000,-39,65,-240.5,-156,19.5,0
34.500000,-58.5,78,-247,-156,19.5,0
34.520000,-39,78,-227.5,-130,39,0
34.540000,-45.5,65,-169,-162.5,13,0
34.560000,-58.5,39,-201.5,-149.5,19.5,0
34.580000,-39,58.5,-240.5,-156,26,0
34.600000,-52,65,-227.5,-156,13,0
34.620000,-52,45.5,-234,-162.5,26,0
34.640000,-78,58.5,-234,-149.5,32.5,0
34.660000,-52,45.5,-253.5,-156,32.5,0
34.680000,-32.5,45.5,-221,-136.5,32.5,0
34.700000,-39,32.5,-240.5,-143,19.5,0
34.720000,-52,13,-214.5,-162.5,19.5,0
34.740000,-39,13,-214.5,-162.5,39,0
34.760000,-52,26,-234,-143,26,0
34.780000,-39,45.5,-253.5,-149.5,32.5,0
34.800000,-26,26,-227.5,-149.5,13,0
34.820000,-32.5,45.5,-234,-123.5,6.5,0
34.840000,-19.5,32.5,-260,-156,32.5,0
34.860000,-39,-13,-234,-149.5,26,0
34.880000,-26,-32.5,-247,-149.5,0,0
34.900000,-45.5,6.5,-260,-156,32.5,0
34.920000,-32.5,13,-253.5,-175.5,32.5,0
34.940000,-52,-39,-240.5,-143,0,0
34.960000,-32.5,-19.5,-279.5,-110.5,45.5,0
34.980000,-58.5,-6.5,-286,-136.5,13,0
35.000000,-39,-26,-260,-136.5,45.5,0
35.020000,-32.5,-13,-260,-169,6.5,0
35.040000,-19.5,-32.5,-279.5,-130,13,0
35.060000,-52,-39,-273,-130,26,0
35.080000,-13,-32.5,-247,-143,13,0
35.100000,-13,-52,-266.5,-162.5,32.5,0
35.120000,-39,-78,-279.5,-149.5,39,0
35.140000,-45.5,-32.5,-266.5,-136.5,45.5,0
35.160000,-39,-78,-286,-136.5,13,0
35.180000,-13,-65,-273,-136.5,6.5,0
35.200000,-26,-78,-253.5,-136.5,26,0
35.220000,-32.5,-45.5,-260,-136.5,13,0
35.240000,-52,-97.5,-273,-175.5,13,0
35.260000,-65,-71.5,-279.5,-162.5,6.5,0
35.280000,-39,-110.5,-292.5,-156,32.5,0
35.300000,-39,-58.5,-299,-162.5,39,0
35.320000,-6.5,-91,-299,-169,26,0
35.340000,-13,-91,-292.5,-169,39,0
35.360000,-39,-110.5,-286,-182,6.5,0
35.380000,-39,-130,-305.5,-149.5,39,0
35.400000,-39,-117,-299,-143,39,0
35.420000,-39,-104,-312,-162.5,19.5,0
35.440000,-39,-123.5,-331.5,-169,13,0
35.460000,-19.5,-123.5,-312,-156,6.5,0
35.480000,-26,-123.5,-318.5,-149.5,13,0
35.500000,-19.5,-169,-312,-143,13,0
35.520000,-45.5,-143,-325,-162.5,52,0
35.540000,-26,-156,-325,-162.5,13,0
35.560000,-52,-149.5,-344.5,-143,13,0
35.580000,-13,-182,-344.5,-136.5,19.5,0
35.600000,-26,-182,-338,-143,13,0
35.620000,-32.5,-169,-331.5,-169,52,0
35.640000,-26,-162.5,-357.5,-156,39,0
35.660000,-0,-175.5,-312,-182,26,0
35.680000,-39,-162.5,-338,-188.5,19.5,0
35.700000,-58.5,-208,-305.5,-169,13,0
35.720000,-19.5,-195,-364,-156,19.5,0
35.740000,-19.5,-208,-344.5,-156,19.5,0
35.760000,0,-201.5,-351,-156,26,0
35.780000,-32.5,-201.5,-338,-162.5,52,0
35.800000,-0,-214.5,-364,-156,19.5,0
35.820000,-39,-234,-338,-175.5,0,0
35.840000,-13,-234,-351,-149.5,32.5,0
35.860000,-6.5,-221,-357.5,-149.5,32.5,0
35.880000,-6.5,-260,-383.5,-156,6.5,0
35.900000,13,-247,-351,-136.5,39,0
35.920000,-0,-247,-364,-117,13,0
35.940000,19.5,-253.5,-364,-97.5,13,0
35.960000,6.5,-247,-364,-123.5,32.5,0
35.980000,58.5,-279.5,-377,-130,45.5,0
36.000000,71.5,-253.5,-364,-143,19.5,0
36.020000,32.5,-253.5,-416,-110.5,19.5,0
36.040000,32.5,-266.5,-383.5,-130,-6.5,0
36.060000,65,-253.5,-370.5,-117,19.5,0
36.080000,58.5,-279.5,-383.5,-91,32.5,0
36.100000,45.5,-273,-396.5,-136.5,32.5,0
36.120000,26,-299,-383.5,-104,0,0
36.140000,58.5,-292.5,-422.5,-136.5,39,0
36.160000,45.5,-305.5,-383.5,-143,19.5,0
36.180000,32.5,-292.5,-390,-123.5,19.5,0
36.200000,52,-312,-416,-110.5,26,0
36.220000,26,-312,-422.5,-123.5,32.5,0
36.240000,39,-312,-390,-117,0,0
36.260000,52,-318.5,-409.5,-130,13,0
36.280000,45.5,-318.5,-422.5,-123.5,39,0
36.300000,26,-338,-435.5,-136.5,26,0
36.320000,19.5,-331.5,-403,-123.5,32.5,0
36.340000,52,-331.5,-422.5,-97.5,19.5,0
36.360000,32.5,-364,-416,-117,45.5,0
36.380000,39,-344.5,-416,-136.5,13,0
36.400000,65,-351,-422.5,-130,13,0
36.420000,52,-364,-435.5,-130,26,0
36.440000,39,-377,-429,-149.5,52,0
36.460000,52,-364,-429,-110.5,13,0
36.480000,45.5,-364,-455,-123.5,26,0
36.500000,26,-364,-429,-130,39,0
36.520000,45.5,-364,-435.5,-110.5,13,0
36.540000,65,-364,-461.5,-130,39,0
36.560000,13,-422.5,-455,-169,6.5,0
36.580000,52,-364,-442,-136.5,26,0
36.600000,45.5,-390,-448.5,-136.5,52,0
36.620000,65,-403,-435.5,-130,13,0
36.640000,52,-403,-429,-143,19.5,0
36.660000,26,-403,-429,-104,13,0
36.680000,32.5,-377,-461.5,-130,13,0
36.700000,58.5,-416,-455,-136.5,19.5,0
36.720000,58.5,-409.5,-435.5,-117,32.5,0
36.740000,45.5,-409.5,-461.5,-143,45.5,0
36.760000,65,-416,-455,-156,6.5,0
36.780000,0,-442,-455,-130,6.5,0
36.800000,26,-416,-442,-123.5,45.5,0
36.820000,32.5,-396.5,-468,-143,13,0
36.840000,65,-442,-435.5,-110.5,19.5,0
36.860000,52,-435.5,-461.5,-143,6.5,0
36.880000,32.5,-429,-474.5,-136.5,39,0
36.900000,26,-416,-461.5,-143,32.5,0
36.920000,52,-429,-461.5,-117,32.5,0
36.940000,39,-442,-455,-149.5,32.5,0
36.960000,52,-435.5,-474.5,-162.5,6.5,0
36.980000,45.5,-448.5,-481,-130,32.5,0
37.000000,39,-429,-474.5,-143,52,0
37.020000,39,-461.5,-455,-130,32.5,0
37.040000,45.5,-468,-461.5,-169,32.5,0
37.060000,19.5,-461.5,-468,-162.5,13,0
37.080000,32.5,-442,-474.5,-104,6.5,0
37.100000,19.5,-455,-487.5,-123.5,39,0
37.120000,19.5,-474.5,-487.5,-156,32.5,0
37.140000,45.5,-455,-474.5,-130,19.5,0
37.160000,58.5,-487.5,-481,-123.5,26,0
37.180000,26,-442,-455,-156,39,0
37.200000,52,-500.5,-494,-130,6.5,0
37.220000,52,-481,-487.5,-156,19.5,0
37.240000,58.5,-500.5,-468,-162.5,32.5,0
37.260000,45.5,-468,-487.5,-156,13,0
37.280000,65,-500.5,-494,-149.5,32.5,0
37.300000,45.5,-513.5,-481,-149.5,39,0
37.320000,52,-513.5,-487.5,-156,6.5,0
37.340000,32.5,-468,-494,-162.5,6.5,0
37.360000,19.5,-507,-494,-143,19.5,0
37.380000,39,-487.5,-500.5,-149.5,32.5,0
37.400000,45.5,-520,-487.5,-169,26,0
37.420000,58.5,-513.5,-507,-136.5,13,0
37.440000,52,-494,-507,-149.5,13,0
37.460000,52,-507,-500.5,-156,0,0
37.480000,19.5,-507,-487.5,-143,39,0
37.500000,52,-513.5,-513.5,-162.5,19.5,0
37.520000,58.5,-513.5,-474.5,-149.5,26,0
37.540000,39,-520,-520,-136.5,39,0
37.560000,58.5,-507,-520,-156,13,0
37.580000,19.5,-494,-481,-156,26,0
37.600000,45.5,-539.5,-507,-143,19.5,0
37.620000,65,-513.5,-474.5,-169,32.5,0
37.640000,39,-526.5,-494,-162.5,19.5,0
37.660000,32.5,-513.5,-494,-149.5,13,0
37.680000,39,-533,-507,-175.5,6.5,0
37.700000,45.5,-520,-520,-149.5,13,0
37.720000,32.5,-520,-481,-175.5,39,0
37.740000,45.5,-539.5,-507,-162.5,39,0
37.760000,45.5,-526.5,-500.5,-136.5,19.5,0
37.780000,32.5,-539.5,-487.5,-162.5,19.5,0
37.800000,45.5,-539.5,-494,-149.5,13,0
37.820000,58.5,-539.5,-487.5,-175.5,26,0
37.840000,32.5,-539.5,-520,-149.5,58.5,0
37.860000,39,-533,-500.5,-156,0,0
37.880000,32.5,-539.5,-500.5,-156,19.5,0
37.900000,26,-533,-520,-143,6.5,0
37.920000,32.5,-513.5,-507,-149.5,6.5,0
37.940000,39,-539.5,-520,-130,45.5,0
37.960000,52,-559,-507,-143,19.5,0
37.980000,19.5,-565.5,-526.5,-143,19.5,0
38.000000,26,-552.5,-520,-156,19.5,0
38.020000,65,-565.5,-481,-149.5,0,0
38.040000,19.5,-539.5,-513.5,-169,6.5,0
38.060000,13,-552.5,-513.5,-162.5,19.5,0
38.080000,6.5,-533,-520,-175.5,19.5,0
38.100000,19.5,-539.5,-500.5,-162.5,19.5,0
38.120000,26,-559,-520,-214.5,45.5,0
38.140000,52,-565.5,-507,-201.5,26,0
38.160000,19.5,-559,-513.5,-188.5,19.5,0
38.180000,39,-552.5,-533,-195,32.5,0
38.200000,19.5,-539.5,-507,-201.5,26,0
38.220000,26,-572,-533,-188.5,0,0
38.240000,52,-559,-513.5,-201.5,26,0
38.260000,39,-539.5,-526.5,-214.5,52,0
38.280000,52,-546,-507,-195,32.5,0
38.300000,32.5,-572,-520,-201.5,39,0
38.320000,52,-539.5,-533,-221,45.5,0
38.340000,45.5,-552.5,-500.5,-201.5,13,0
38.360000,45.5,-559,-526.5,-214.5,39,0
38.380000,19.5,-572,-520,-195,39,0
38.400000,39,-591.5,-513.5,-195,13,0
38.420000,19.5,-559,-526.5,-214.5,39,0
38.440000,6.5,-559,-520,-234,26,0
38.460000,32.5,-591.5,-526.5,-201.5,13,0
38.480000,32.5,-546,-539.5,-221,19.5,0
38.500000,39,-565.5,-500.5,-201.5,39,0
38.520000,13,-572,-552.5,-201.5,19.5,0
38.540000,45.5,-591.5,-507,-188.5,26,0
38.560000,45.5,-585,-526.5,-188.5,32.5,0
38.580000,-6.5,-578.5,-546,-182,19.5,0
38.600000,26,-565.5,-546,-195,39,0
38.620000,26,-598,-533,-195,26,0
38.640000,26,-572,-539.5,-208,19.5,0
38.660000,26,-585,-539.5,-214.5,19.5,0
38.680000,39,-604.5,-520,-182,19.5,0
38.700000,52,-578.5,-500.5,-208,39,0
38.720000,26,-578.5,-539.5,-188.5,39,0
38.740000,52,-578.5,-526.5,-227.5,32.5,0
38.760000,32.5,-559,-507,-182,-19.5,0
38.780000,39,-585,-520,-201.5,45.5,0
38.800000,39,-578.5,-552.5,-214.5,26,0
38.820000,19.5,-578.5,-552.5,-201.5,26,0
38.840000,39,-565.5,-539.5,-234,13,0
38.860000,39,-578.5,-526.5,-195,45.5,0
38.880000,39,-624,-539.5,-201.5,39,0
38.900000,45.5,-598,-533,-201.5,32.5,0
38.920000,39,-578.5,-533,-201.5,32.5,0
38.940000,45.5,-611,-526.5,-175.5,32.5,0
38.960000,52,-611,-520,-195,45.5,0
38.980000,19.5,-611,-559,-214.5,19.5,0
39.000000,13,-572,-487.5,-208,26,0
39.020000,13,-604.5,-546,-214.5,52,0
39.040000,13,-611,-546,-201.5,39,0
39.060000,-32.5,-611,-546,-221,19.5,0
39.080000,-26,-598,-526.5,-208,32.5,0
39.100000,19.5,-591.5,-520,-247,58.5,0
39.120000,-45.5,-585,-559,-227.5,45.5,0
39.140000,-13,-591.5,-539.5,-182,39,0
39.160000,-26,-611,-526.5,-208,32.5,0
39.180000,-39,-598,-539.5,-169,26,0
39.200000,-52,-624,-533,-208,52,0
39.220000,-52,-624,-526.5,-221,13,0
39.240000,-19.5,-565.5,-526.5,-182,32.5,0
39.260000,-45.5,-598,-546,-195,19.5,0
39.280000,-45.5,-611,-572,-208,32.5,0
39.300000,-32.5,-611,-500.5,-201.5,26,0
39.320000,-45.5,-585,-539.5,-214.5,6.5,0
39.340000,-58.5,-624,-546,-208,13,0
39.360000,-26,-624,-533,-201.5,19.5,0
39.380000,-45.5,-598,-546,-201.5,13,0
39.400000,-19.5,-624,-526.5,-208,13,0
39.420000,-26,-578.5,-559,-221,13,0
39.440000,-52,-624,-526.5,-188.5,6.5,0
39.460000,-19.5,-611,-520,-208,13,0
39.480000,-65,-643.5,-494,-201.5,13,0
39.500000,-71.5,-630.5,-507,-175.5,13,0
39.520000,-52,-630.5,-533,-208,32.5,0
39.540000,-45.5,-630.5,-546,-227.5,13,0
39.560000,-45.5,-611,-520,-188.5,6.5,0
39.580000,-26,-611,-539.5,-201.5,32.5,0
39.600000,-39,-630.5,-533,-201.5,13,0
39.620000,-26,-598,-546,-188.5,13,0
39.640000,-58.5,-617.5,-513.5,-201.5,45.5,0
39.660000,-32.5,-624,-513.5,-221,19.5,0
39.680000,-45.5,-630.5,-533,-214.5,26,0
39.700000,-26,-617.5,-500.5,-214.5,19.5,0
39.720000,-58.5,-656.5,-520,-227.5,45.5,0
39.740000,-39,-637,-513.5,-208,32.5,0
39.760000,-45.5,-650,-539.5,-201.5,45.5,0
39.780000,-52,-650,-539.5,-201.5,0,0
39.800000,-26,-637,-539.5,-201.5,13,0
39.820000,-45.5,-604.5,-533,-208,39,0
39.840000,-52,-624,-526.5,-208,19.5,0
39.860000,-52,-650,-507,-221,6.5,0
39.880000,-39,-617.5,-546,-208,19.5,0
39.900000,-6.5,-643.5,-526.5,-195,39,0
39.920000,-32.5,-656.5,-539.5,-195,32.5,0
39.940000,-39,-656.5,-565.5,-201.5,26,0
39.960000,-26,-656.5,-513.5,-195,65,0
39.980000,-19.5,-643.5,-546,-208,52,0
40.000000,-52,-656.5,-533,-188.5,6.5,0
40.020000,-58.5,-637,-513.5,-221,0,0
40.040000,-13,-669.5,-546,-201.5,-13,0
40.060000,-45.5,-650,-526.5,-240.5,39,0
40.080000,-58.5,-669.5,-546,-175.5,19.5,0
40.100000,-32.5,-669.5,-552.5,-201.5,39,0
40.120000,-78,-650,-546,-195,52,0
40.140000,-26,-663,-539.5,-214.5,13,0
40.160000,-65,-669.5,-533,-188.5,0,0
40.180000,-39,-656.5,-539.5,-188.5,32.5,0
40.200000,-32.5,-663,-559,-221,58.5,0
40.220000,-32.5,-656.5,-539.5,-208,0,0
40.240000,-45.5,-643.5,-520,-195,0,0
40.260000,-19.5,-689,-520,-182,0,0
40.280000,-19.5,-689,-546,-208,52,0
40.300000,-13,-682.5,-559,-208,26,0
40.320000,-39,-663,-559,-201.5,-6.5,0
40.340000,-52,-682.5,-526.5,-195,0,0
40.360000,-26,-695.5,-526.5,-221,39,0
40.380000,-52,-689,-520,-195,32.5,0
40.400000,-45.5,-676,-526.5,-208,26,0
40.420000,-26,-656.5,-546,-208,19.5,0
40.440000,-45.5,-708.5,-539.5,-208,6.5,0
40.460000,-58.5,-689,-559,-221,39,0
40.480000,-32.5,-702,-546,-221,32.5,0
40.500000,-13,-656.5,-546,-221,13,0
40.520000,-52,-656.5,-565.5,-201.5,52,0
40.540000,-52,-676,-578.5,-195,26,0
40.560000,-58.5,-676,-552.5,-240.5,65,0
40.580000,-52,-663,-559,-156,26,0
40.600000,-52,-721.5,-552.5,-208,26,0
40.620000,-52,-682.5,-578.5,-214.5,6.5,0
40.640000,-52,-721.5,-546,-201.5,26,0
40.660000,-32.5,-702,-591.5,-214.5,26,0
40.680000,-13,-721.5,-585,-195,13,0
40.700000,-58.5,-702,-598,-188.5,39,0
40.720000,-58.5,-721.5,-591.5,-221,13,0
40.740000,-39,-741,-604.5,-201.5,-6.5,0
40.760000,-26,-702,-585,-188.5,0,0
40.780000,-39,-721.5,-598,-195,26,0
40.800000,-19.5,-715,-578.5,-188.5,19.5,0
40.820000,-19.5,-702,-604.5,-201.5,-13,0
40.840000,-45.5,-721.5,-591.5,-201.5,19.5,0
40.860000,-58.5,-695.5,-611,-201.5,0,0
40.880000,-45.5,-695.5,-604.5,-208,-0,0
40.900000,-32.5,-702,-611,-182,6.5,0
40.920000,-13,-689,-611,-182,-32.5,0
40.940000,-32.5,-695.5,-617.5,-201.5,-26,0
40.960000,-32.5,-715,-630.5,-208,-13,0
40.980000,-26,-708.5,-637,-221,-6.5,0
41.000000,-19.5,-728,-598,-208,-32.5,0
41.020000,-58.5,-708.5,-643.5,-208,-26,0
41.040000,-45.5,-695.5,-637,-234,-45.5,0
41.060000,-39,-721.5,-630.5,-201.5,-19.5,0
41.080000,-39,-728,-611,-195,-19.5,0
41.100000,-26,-728,-630.5,-214.5,-39,0
41.120000,-19.5,-695.5,-617.5,-201.5,-32.5,0
41.140000,-13,-721.5,-643.5,-221,-13,0
41.160000,-39,-747.5,-617.5,-208,0,0
41.180000,-32.5,-708.5,-611,-201.5,6.5,0
41.200000,-45.5,-734.5,-637,-182,-6.5,0
41.220000,-58.5,-728,-624,-182,-26,0
41.240000,-58.5,-734.5,-630.5,-208,-39,0
41.260000,-32.5,-715,-637,-175.5,-45.5,0
41.280000,-19.5,-741,-598,-188.5,-6.5,0
41.300000,-52,-734.5,-630.5,-234,-32.5,0
41.320000,-45.5,-734.5,-624,-175.5,-13,0
41.340000,-6.5,-721.5,-630.5,-208,0,0
41.360000,-52,-741,-624,-182,-45.5,0
41.380000,-45.5,-741,-643.5,-195,-26,0
41.400000,-19.5,-741,-663,-208,-26,0
41.420000,-45.5,-741,-637,-188.5,-26,0
41.440000,-6.5,-721.5,-604.5,-195,-6.5,0
41.460000,-45.5,-773.5,-624,-201.5,-19.5,0
41.480000,-26,-754,-630.5,-162.5,-26,0
41.500000,-45.5,-767,-611,-195,13,0
41.520000,-32.5,-715,-617.5,-195,0,0
41.540000,-39,-747.5,-617.5,-188.5,-19.5,0
41.560000,-39,-747.5,-611,-201.5,-26,0
41.580000,-52,-767,-630.5,-195,-26,0
41.600000,-19.5,-741,-617.5,-234,-32.5,0
41.620000,-19.5,-728,-650,-182,-19.5,0
41.640000,-26,-741,-630.5,-201.5,-19.5,0
41.660000,-26,-747.5,-630.5,-208,-6.5,0
41.680000,-26,-747.5,-617.5,-201.5,-6.5,0
41.700000,-19.5,-760.5,-637,-188.5,-19.5,0
41.720000,-13,-767,-637,-201.5,-19.5,0
41.740000,-6.5,-754,-630.5,-214.5,-39,0
41.760000,-39,-728,-611,-208,-13,0
41.780000,-19.5,-767,-617.5,-188.5,-32.5,0
41.800000,-19.5,-741,-630.5,-195,-6.5,0
41.820000,-32.5,-780,-624,-201.5,-58.5,0
41.840000,-19.5,-754,-630.5,-195,-13,0
41.860000,-13,-767,-611,-188.5,-32.5,0
41.880000,-13,-734.5,-643.5,-227.5,6.5,0
41.900000,-19.5,-760.5,-604.5,-240.5,-6.5,0
41.920000,-19.5,-760.5,-611,-214.5,-19.5,0
41.940000,-39,-754,-611,-188.5,-26,0
41.960000,-13,-773.5,-630.5,-214.5,-39,0
41.980000,-32.5,-754,-637,-182,-26,0
42.000000,-45.5,-741,-637,-201.5,-19.5,0
42.020000,-26,-741,-611,-182,-26,0
42.040000,-26,-754,-604.5,-195,-19.5,0
42.060000,-19.5,-767,-617.5,-201.5,-32.5,0
42.080000,-6.5,-767,-637,-188.5,-26,0
42.100000,-26,-793,-637,-201.5,-6.5,0
42.120000,-26,-793,-650,-182,-39,0
42.140000,-32.5,-819,-611,-227.5,-19.5,0
42.160000,-13,-851.5,-630.5,-208,-6.5,0
42.180000,-52,-871,-611,-195,-19.5,0
42.200000,-26,-864.5,-630.5,-162.5,-0,0
42.220000,-19.5,-838.5,-604.5,-162.5,-19.5,0
42.240000,0,-864.5,-624,-182,-0,0
42.260000,-6.5,-871,-630.5,-123.5,-26,0
42.280000,-32.5,-864.5,-611,-136.5,-26,0
42.300000,13,-832,-598,-156,-26,0
42.320000,39,-877.5,-624,-156,-19.5,0
42.340000,39,-838.5,-604.5,-175.5,-19.5,0
42.360000,45.5,-858,-624,-156,-13,0
42.380000,32.5,-884,-617.5,-130,-32.5,0
42.400000,52,-858,-617.5,-156,-45.5,0
42.420000,58.5,-871,-611,-149.5,6.5,0
42.440000,32.5,-871,-624,-149.5,-19.5,0
42.460000,39,-845,-611,-156,0,0
42.480000,58.5,-864.5,-598,-162.5,-13,0
42.500000,52,-851.5,-630.5,-136.5,-32.5,0
42.520000,32.5,-858,-617.5,-130,-19.5,0
42.540000,26,-845,-617.5,-156,-19.5,0
42.560000,32.5,-858,-637,-123.5,-45.5,0
42.580000,26,-864.5,-611,-136.5,-19.5,0
42.600000,39,-851.5,-630.5,-117,-19.5,0
42.620000,58.5,-851.5,-630.5,-156,-19.5,0
42.640000,52,-845,-598,-149.5,-32.5,0
42.660000,39,-851.5,-604.5,-130,-45.5,0
42.680000,58.5,-825.5,-604.5,-117,-52,0
42.700000,65,-851.5,-611,-156,-13,0
42.720000,65,-832,-604.5,-130,-26,0
42.740000,65,-858,-611,-136.5,-39,0
42.760000,58.5,-858,-604.5,-149.5,-13,0
42.780000,26,-864.5,-611,-117,-45.5,0
42.800000,39,-812.5,-572,-143,-32.5,0
42.820000,84.5,-845,-591.5,-149.5,-13,0
42.840000,45.5,-812.5,-565.5,-143,-45.5,0
42.860000,39,-845,-578.5,-169,-32.5,0
42.880000,39,-832,-559,-143,-45.5,0
42.900000,39,-838.5,-572,-130,-39,0
42.920000,39,-819,-546,-136.5,-39,0
42.940000,39,-825.5,-559,-156,-6.5,0
42.960000,32.5,-819,-552.5,-136.5,-13,0
42.980000,39,-838.5,-565.5,-143,-32.5,0
43.000000,26,-819,-546,-149.5,-19.5,0
43.020000,52,-819,-526.5,-143,-45.5,0
43.040000,58.5,-819,-533,-149.5,-32.5,0
43.060000,71.5,-825.5,-526.5,-130,-19.5,0
43.080000,52,-838.5,-520,-156,-26,0
43.100000,32.5,-819,-539.5,-117,-39,0
43.120000,52,-812.5,-539.5,-149.5,-0,0
43.140000,26,-825.5,-539.5,-149.5,-13,0
43.160000,19.5,-825.5,-539.5,-117,-39,0
43.180000,39,-819,-546,-149.5,-19.5,0
43.200000,39,-793,-533,-156,-6.5,0
43.220000,71.5,-832,-552.5,-156,-32.5,0
43.240000,26,-825.5,-526.5,-136.5,0,0
43.260000,84.5,-825.5,-546,-136.5,-19.5,0
43.280000,26,-799.5,-546,-143,-6.5,0
43.300000,71.5,-825.5,-513.5,-143,-26,0
43.320000,39,-799.5,-526.5,-156,-19.5,0
43.340000,39,-799.5,-546,-136.5,-19.5,0
43.360000,58.5,-806,-533,-143,-32.5,0
43.380000,26,-806,-500.5,-143,-32.5,0
43.400000,19.5,-780,-539.5,-143,-6.5,0
43.420000,45.5,-793,-552.5,-130,-13,0
43.440000,39,-819,-520,-136.5,-26,0
43.460000,13,-799.5,-572,-156,-52,0
43.480000,39,-793,-552.5,-143,-26,0
43.500000,26,-786.5,-552.5,-162.5,-13,0
43.520000,45.5,-786.5,-526.5,-136.5,-6.5,0
43.540000,45.5,-780,-520,-123.5,-6.5,0
43.560000,26,-767,-533,-130,-52,0
43.580000,58.5,-786.5,-520,-143,0,0
43.600000,52,-773.5,-533,-143,-32.5,0
43.620000,39,-786.5,-539.5,-123.5,-45.5,0
43.640000,39,-780,-539.5,-136.5,-39,0
43.660000,58.5,-734.5,-533,-162.5,-6.5,0
43.680000,39,-734.5,-526.5,-162.5,-26,0
43.700000,45.5,-754,-552.5,-123.5,6.5,0
43.720000,13,-741,-546,-130,-0,0
43.740000,45.5,-754,-526.5,-162.5,0,0
43.760000,32.5,-760.5,-520,-169,-26,0
43.780000,45.5,-715,-513.5,-130,-26,0
43.800000,26,-728,-526.5,-136.5,-6.5,0
43.820000,52,-747.5,-539.5,-136.5,-19.5,0
43.840000,39,-734.5,-539.5,-136.5,-13,0
43.860000,39,-721.5,-546,-136.5,-45.5,0
43.880000,52,-734.5,-539.5,-130,-0,0
43.900000,26,-721.5,-546,-136.5,-13,0
43.920000,58.5,-721.5,-513.5,-143,-6.5,0
43.940000,45.5,-708.5,-526.5,-123.5,6.5,0
43.960000,65,-702,-546,-130,-26,0
43.980000,58.5,-734.5,-520,-136.5,-45.5,0
44.000000,39,-715,-533,-169,-26,0
44.020000,78,-702,-507,-136.5,-19.5,0
44.040000,32.5,-708.5,-520,-156,-32.5,0
44.060000,45.5,-689,-513.5,-162.5,-0,0
44.080000,78,-695.5,-539.5,-130,-32.5,0
44.100000,71.5,-689,-539.5,-130,-6.5,0
44.120000,45.5,-689,-520,-130,-26,0
44.140000,45.5,-695.5,-520,-143,-13,0
44.160000,45.5,-676,-500.5,-117,-39,0
44.180000,45.5,-682.5,-526.5,-149.5,-32.5,0
44.200000,45.5,-669.5,-526.5,-143,-19.5,0
44.220000,45.5,-669.5,-507,-156,-39,0
44.240000,39,-650,-539.5,-136.5,-13,0
44.260000,52,-656.5,-500.5,-162.5,6.5,0
44.280000,19.5,-656.5,-507,-123.5,-13,0
44.300000,32.5,-624,-513.5,-136.5,-19.5,0
44.320000,32.5,-630.5,-533,-143,-45.5,0
44.340000,58.5,-617.5,-487.5,-123.5,-19.5,0
44.360000,45.5,-624,-546,-130,-19.5,0
44.380000,39,-624,-520,-182,-26,0
44.400000,58.5,-598,-513.5,-143,-32.5,0
44.420000,39,-624,-526.5,-130,-39,0
44.440000,78,-617.5,-513.5,-136.5,-32.5,0
44.460000,52,-604.5,-520,-130,-13,0
44.480000,45.5,-611,-494,-143,-26,0
44.500000,26,-585,-539.5,-143,-26,0
44.520000,65,-604.5,-520,-136.5,-6.5,0
44.540000,65,-604.5,-520,-123.5,-6.5,0
44.560000,52,-598,-474.5,-149.5,-32.5,0
44.580000,32.5,-591.5,-481,-156,-6.5,0
44.600000,45.5,-578.5,-494,-136.5,-19.5,0
44.620000,52,-552.5,-520,-136.5,-19.5,0
44.640000,58.5,-565.5,-526.5,-149.5,-19.5,0
44.660000,6.5,-565.5,-533,-149.5,-13,0
44.680000,32.5,-546,-520,-143,-32.5,0
44.700000,32.5,-572,-494,-130,-0,0
44.720000,45.5,-539.5,-520,-110.5,13,0
44.740000,78,-539.5,-526.5,-149.5,-6.5,0
44.760000,52,-533,-513.5,-149.5,-32.5,0
44.780000,45.5,-546,-546,-162.5,-26,0
44.800000,39,-507,-487.5,-149.5,-13,0
44.820000,39,-513.5,-494,-169,-13,0
44.840000,26,-507,-526.5,-162.5,-19.5,0
44.860000,13,-500.5,-526.5,-136.5,-39,0
44.880000,45.5,-494,-520,-136.5,-6.5,0
44.900000,52,-526.5,-507,-136.5,-13,0
44.920000,39,-500.5,-507,-130,6.5,0
44.940000,39,-481,-494,-149.5,-6.5,0
44.960000,58.5,-526.5,-494,-136.5,-26,0
44.980000,32.5,-481,-494,-123.5,-26,0
45.000000,45.5,-487.5,-507,-156,-32.5,0
45.020000,58.5,-474.5,-487.5,-156,-19.5,0
45.040000,39,-455,-507,-143,-19.5,0
45.060000,65,-461.5,-494,-136.5,-13,0
45.080000,26,-461.5,-513.5,-110.5,-45.5,0
45.100000,39,-474.5,-481,-130,-19.5,0
45.120000,39,-461.5,-500.5,-136.5,-45.5,0
45.140000,26,-494,-520,-143,-19.5,0
45.160000,58.5,-468,-461.5,-123.5,-26,0
45.180000,26,-468,-513.5,-136.5,19.5,0
45.200000,58.5,-448.5,-507,-143,-32.5,0
45.220000,45.5,-455,-513.5,-130,13,0
45.240000,26,-403,-520,-136.5,-19.5,0
45.260000,84.5,-409.5,-468,-136.5,0,0
45.280000,32.5,-429,-481,-156,13,0
45.300000,58.5,-435.5,-494,-149.5,-13,0
45.320000,58.5,-416,-507,-162.5,-26,0
45.340000,84.5,-429,-500.5,-143,-0,0
45.360000,65,-429,-487.5,-169,-6.5,0
45.380000,39,-409.5,-507,-162.5,-52,0
45.400000,45.5,-442,-487.5,-143,-19.5,0
45.420000,39,-416,-461.5,-136.5,13,0
45.440000,45.5,-416,-507,-130,13,0
45.460000,45.5,-409.5,-513.5,-143,19.5,0
45.480000,32.5,-396.5,-507,-149.5,0,0
45.500000,26,-383.5,-494,-149.5,39,0
45.520000,39,-390,-474.5,-149.5,32.5,0
45.540000,58.5,-409.5,-494,-162.5,39,0
45.560000,45.5,-396.5,-494,-162.5,52,0
45.580000,52,-390,-494,-143,26,0
45.600000,39,-370.5,-487.5,-136.5,26,0
45.620000,45.5,-383.5,-507,-169,6.5,0
45.640000,13,-383.5,-507,-149.5,19.5,0
45.660000,58.5,-364,-507,-143,6.5,0
45.680000,32.5,-390,-481,-149.5,-6.5,0
45.700000,45.5,-351,-494,-136.5,26,0
45.720000,19.5,-338,-513.5,-143,13,0
45.740000,0,-364,-481,-136.5,39,0
45.760000,58.5,-364,-500.5,-123.5,19.5,0
45.780000,58.5,-357.5,-500.5,-130,32.5,0
45.800000,45.5,-351,-507,-136.5,6.5,0
45.820000,32.5,-390,-494,-123.5,0,0
45.840000,71.5,-344.5,-455,-156,-0,0
45.860000,26,-331.5,-481,-130,26,0
45.880000,6.5,-325,-500.5,-175.5,32.5,0
45.900000,39,-364,-494,-169,13,0
45.920000,13,-338,-474.5,-162.5,45.5,0
45.940000,26,-351,-513.5,-149.5,19.5,0
45.960000,45.5,-344.5,-487.5,-143,26,0
45.980000,32.5,-344.5,-507,-149.5,13,0
46.000000,39,-338,-513.5,-149.5,19.5,0
46.020000,26,-351,-481,-143,26,0
46.040000,45.5,-305.5,-487.5,-162.5,39,0
46.060000,71.5,-338,-520,-162.5,19.5,0
46.080000,52,-338,-494,-169,13,0
46.100000,39,-325,-494,-136.5,32.5,0
46.120000,45.5,-338,-513.5,-136.5,39,0
46.140000,26,-351,-474.5,-136.5,32.5,0
46.160000,19.5,-318.5,-526.5,-136.5,32.5,0
46.180000,13,-299,-481,-169,32.5,0
46.200000,65,-344.5,-494,-143,32.5,0
46.220000,45.5,-299,-526.5,-162.5,13,0
46.240000,32.5,-292.5,-487.5,-136.5,0,0
46.260000,39,-312,-487.5,-162.5,39,0
46.280000,39,-312,-494,-156,26,0
46.300000,32.5,-292.5,-507,-156,32.5,0
46.320000,39,-325,-526.5,-130,26,0
46.340000,39,-299,-500.5,-149.5,19.5,0
46.360000,32.5,-318.5,-500.5,-169,52,0
46.380000,19.5,-305.5,-513.5,-156,6.5,0
46.400000,26,-286,-513.5,-156,26,0
46.420000,39,-292.5,-520,-149.5,0,0
46.440000,13,-305.5,-500.5,-149.5,19.5,0
46.460000,32.5,-279.5,-513.5,-162.5,0,0
46.480000,26,-312,-520,-149.5,26,0
46.500000,26,-292.5,-494,-130,19.5,0
46.520000,13,-292.5,-533,-130,26,0
46.540000,45.5,-318.5,-500.5,-156,-0,0
46.560000,45.5,-318.5,-513.5,-149.5,19.5,0
46.580000,45.5,-312,-513.5,-123.5,26,0
46.600000,39,-312,-494,-136.5,19.5,0
46.620000,19.5,-318.5,-546,-143,26,0
46.640000,39,-292.5,-526.5,-156,26,0
46.660000,32.5,-299,-507,-149.5,32.5,0
46.680000,32.5,-318.5,-520,-156,26,0
46.700000,32.5,-279.5,-520,-149.5,6.5,0
46.720000,19.5,-292.5,-520,-143,19.5,0
46.740000,45.5,-305.5,-520,-143,19.5,0
46.760000,39,-305.5,-520,-149.5,-6.5,0
46.780000,32.5,-318.5,-494,-136.5,19.5,0
46.800000,32.5,-312,-539.5,-182,26,0
46.820000,19.5,-312,-507,-162.5,13,0
46.840000,19.5,-299,-526.5,-123.5,19.5,0
46.860000,58.5,-305.5,-500.5,-130,19.5,0
46.880000,45.5,-299,-520,-130,45.5,0
46.900000,45.5,-279.5,-539.5,-162.5,26,0
46.920000,39,-299,-520,-149.5,26,0
46.940000,26,-312,-533,-149.5,6.5,0
46.960000,58.5,-253.5,-526.5,-156,19.5,0
46.980000,32.5,-260,-507,-169,26,0
47.000000,26,-273,-513.5,-162.5,26,0
47.020000,19.5,-227.5,-494,-149.5,19.5,0
47.040000,26,-208,-533,-143,32.5,0
47.060000,58.5,-182,-539.5,-149.5,26,0
47.080000,26,-221,-507,-156,6.5,0
47.100000,26,-208,-539.5,-149.5,13,0
47.120000,45.5,-214.5,-526.5,-149.5,39,0
47.140000,19.5,-201.5,-533,-143,26,0
47.160000,32.5,-227.5,-526.5,-123.5,-13,0
47.180000,32.5,-208,-526.5,-149.5,19.5,0
47.200000,32.5,-208,-507,-156,39,0
47.220000,19.5,-201.5,-526.5,-156,78,0
47.240000,26,-195,-487.5,-143,19.5,0
47.260000,6.5,-175.5,-526.5,-123.5,6.5,0
47.280000,26,-201.5,-500.5,-162.5,39,0
47.300000,6.5,-221,-546,-156,6.5,0
47.320000,-32.5,-195,-526.5,-136.5,26,0
47.340000,6.5,-188.5,-507,-143,13,0
47.360000,-6.5,-195,-526.5,-149.5,19.5,0
47.380000,-13,-182,-533,-143,19.5,0
47.400000,-26,-208,-559,-117,39,0
47.420000,-32.5,-208,-526.5,-136.5,39,0
47.440000,-26,-188.5,-539.5,-136.5,13,0
47.460000,-19.5,-195,-533,-123.5,13,0
47.480000,-26,-208,-526.5,-156,-19.5,0
47.500000,-45.5,-247,-533,-104,19.5,0
47.520000,-32.5,-208,-500.5,-162.5,19.5,0
47.540000,-26,-234,-533,-149.5,-6.5,0
47.560000,-26,-201.5,-533,-175.5,-19.5,0
47.580000,-26,-214.5,-533,-143,-13,0
47.600000,-13,-208,-552.5,-110.5,-19.5,0
47.620000,-19.5,-208,-520,-123.5,-19.5,0
47.640000,-58.5,-201.5,-513.5,-130,-26,0
47.660000,-13,-188.5,-481,-162.5,-39,0
47.680000,-32.5,-234,-494,-130,-32.5,0
47.700000,-45.5,-227.5,-500.5,-123.5,-6.5,0
47.720000,-45.5,-195,-500.5,-143,-19.5,0
47.740000,-45.5,-234,-526.5,-162.5,-19.5,0
47.760000,-6.5,-208,-520,-162.5,-26,0
47.780000,-32.5,-195,-539.5,-149.5,-0,0
47.800000,-32.5,-221,-494,-136.5,-45.5,0
47.820000,0,-214.5,-520,-149.5,-32.5,0
47.840000,-26,-227.5,-533,-117,-39,0
47.860000,0,-221,-520,-136.5,-45.5,0
47.880000,-26,-214.5,-526.5,-123.5,-19.5,0
47.900000,-32.5,-227.5,-507,-136.5,-32.5,0
47.920000,-32.5,-208,-539.5,-136.5,-6.5,0
47.940000,-26,-221,-546,-149.5,-6.5,0
47.960000,-26,-234,-526.5,-110.5,6.5,0
47.980000,-26,-221,-507,-149.5,-13,0
48.000000,-52,-221,-513.5,-143,-6.5,0
48.020000,-32.5,-214.5,-520,-130,-32.5,0
48.040000,-39,-227.5,-500.5,-136.5,-19.5,0
48.060000,-13,-234,-526.5,-123.5,-13,0
48.080000,-32.5,-234,-526.5,-110.5,-19.5,0
48.100000,-32.5,-208,-533,-143,-6.5,0
48.120000,-0,-253.5,-494,-110.5,-0,0
48.140000,-13,-214.5,-526.5,-143,-13,0
48.160000,-19.5,-247,-572,-149.5,-26,0
48.180000,-45.5,-214.5,-572,-130,-52,0
48.200000,-45.5,-240.5,-578.5,-130,-45.5,0
48.220000,-45.5,-240.5,-611,-123.5,6.5,0
48.240000,-13,-227.5,-585,-117,0,0
48.260000,-52,-227.5,-624,-123.5,-26,0
48.280000,-26,-253.5,-624,-162.5,-32.5,0
48.300000,-19.5,-266.5,-611,-97.5,-19.5,0
48.320000,-26,-247,-578.5,-130,-39,0
48.340000,-6.5,-247,-617.5,-130,-13,0
48.360000,13,-260,-604.5,-117,-19.5,0
48.380000,-13,-266.5,-585,-136.5,-52,0
48.400000,-19.5,-266.5,-604.5,-149.5,-52,0
48.420000,-26,-260,-604.5,-104,-32.5,0
48.440000,-19.5,-279.5,-604.5,-110.5,-32.5,0
48.460000,-32.5,-279.5,-611,-110.5,-13,0
48.480000,-32.5,-227.5,-598,-123.5,-0,0
48.500000,-19.5,-240.5,-598,-104,-45.5,0
48.520000,-19.5,-260,-604.5,-97.5,-19.5,0
48.540000,-26,-253.5,-598,-156,-13,0
48.560000,-39,-253.5,-630.5,-97.5,-19.5,0
48.580000,-32.5,-253.5,-624,-117,-32.5,0
48.600000,-6.5,-253.5,-591.5,-91,-45.5,0
48.620000,-13,-247,-617.5,-130,-13,0
48.640000,-6.5,-260,-617.5,-130,-39,0
48.660000,-45.5,-266.5,-585,-110.5,13,0
48.680000,-13,-260,-604.5,-130,-32.5,0
48.700000,-32.5,-260,-598,-97.5,-19.5,0
48.720000,-6.5,-247,-611,-104,-19.5,0
48.740000,-45.5,-279.5,-598,-110.5,-6.5,0
48.760000,-26,-266.5,-591.5,-110.5,-26,0
48.780000,-13,-279.5,-585,-110.5,-13,0
48.800000,-13,-279.5,-585,-123.5,-19.5,0
48.820000,-39,-253.5,-598,-84.5,-32.5,0
48.840000,-26,-273,-617.5,-91,-32.5,0
48.860000,-26,-266.5,-643.5,-130,-26,0
48.880000,-39,-266.5,-559,-110.5,-39,0
48.900000,-19.5,-286,-611,-104,-6.5,0
48.920000,-32.5,-279.5,-624,-91,-19.5,0
48.940000,-13,-227.5,-591.5,-104,-19.5,0
48.960000,-13,-279.5,-598,-123.5,-19.5,0
48.980000,-32.5,-253.5,-598,-117,-19.5,0
49.000000,-6.5,-273,-591.5,-110.5,-6.5,0
49.020000,-26,-273,-604.5,-110.5,-45.5,0
49.040000,-13,-292.5,-604.5,-117,-32.5,0
49.060000,-19.5,-299,-591.5,-104,-6.5,0
49.080000,-13,-292.5,-585,-104,-45.5,0
49.100000,-32.5,-286,-611,-84.5,-19.5,0
49.120000,-39,-279.5,-604.5,-78,-32.5,0
49.140000,-13,-305.5,-591.5,-104,-26,0
49.160000,13,-325,-604.5,-117,0,0
49.180000,-26,-292.5,-630.5,-110.5,-0,0
49.200000,0,-292.5,-617.5,-91,-45.5,0
49.220000,6.5,-318.5,-591.5,-104,-26,0
49.240000,6.5,-292.5,-585,-110.5,-6.5,0
49.260000,13,-299,-604.5,-110.5,6.5,0
49.280000,-26,-299,-578.5,-143,-26,0
49.300000,6.5,-325,-624,-110.5,-26,0
49.320000,32.5,-305.5,-624,-130,-26,0
49.340000,-0,-305.5,-624,-97.5,-52,0
49.360000,39,-318.5,-572,-78,-26,0
49.380000,19.5,-305.5,-604.5,-123.5,-39,0
49.400000,-0,-312,-598,-117,-13,0
49.420000,19.5,-318.5,-611,-123.5,-13,0
49.440000,-0,-305.5,-604.5,-123.5,-45.5,0
49.460000,26,-312,-598,-97.5,-19.5,0
49.480000,39,-299,-604.5,-104,-32.5,0
49.500000,58.5,-318.5,-604.5,-97.5,-19.5,0
49.520000,19.5,-292.5,-598,-97.5,13,0
49.540000,52,-312,-598,-130,-32.5,0
49.560000,45.5,-305.5,-611,-104,-19.5,0
49.580000,39,-292.5,-591.5,-123.5,-32.5,0
49.600000,19.5,-299,-591.5,-97.5,-32.5,0
49.620000,32.5,-331.5,-611,-84.5,-26,0
49.640000,52,-312,-591.5,-91,-6.5,0
49.660000,45.5,-325,-624,-78,-6.5,0
49.680000,52,-318.5,-604.5,-97.5,-13,0
49.700000,19.5,-344.5,-585,-117,-13,0
49.720000,45.5,-305.5,-611,-104,-19.5,0
49.740000,19.5,-318.5,-598,-71.5,-26,0
49.760000,19.5,-344.5,-604.5,-136.5,-6.5,0
49.780000,45.5,-331.5,-604.5,-130,-39,0
49.800000,19.5,-305.5,-611,-84.5,-6.5,0
49.820000,19.5,-357.5,-611,-84.5,-26,0
49.840000,52,-338,-617.5,-91,-19.5,0
49.860000,52,-344.5,-617.5,-71.5,-6.5,0
49.880000,32.5,-331.5,-598,-78,-52,0
49.900000,19.5,-338,-591.5,-78,-32.5,0
49.920000,26,-318.5,-598,-104,-26,0
49.940000,52,-305.5,-585,-91,-6.5,0
49.960000,26,-331.5,-585,-110.5,-6.5,0
49.980000,26,-325,-598,-117,-19.5,0
50.000000,26,-318.5,-604.5,-110.5,-39,0
50.020000,32.5,-357.5,-624,-97.5,-32.5,0
50.040000,32.5,-351,-591.5,-91,-39,0
50.060000,19.5,-338,-604.5,-104,-26,0
50.080000,39,-331.5,-565.5,-104,-13,0
50.100000,13,-370.5,-611,-91,-0,0
50.120000,19.5,-377,-572,-117,-32.5,0
50.140000,39,-383.5,-624,-123.5,-13,0
50.160000,26,-390,-591.5,-78,-19.5,0
50.180000,52,-403,-617.5,-97.5,-45.5,0
50.200000,32.5,-409.5,-572,-104,-0,0
50.220000,13,-442,-617.5,-130,-6.5,0
50.240000,32.5,-435.5,-578.5,-149.5,-65,0
50.260000,-0,-435.5,-598,-78,-45.5,0
50.280000,32.5,-435.5,-630.5,-110.5,19.5,0
50.300000,19.5,-435.5,-578.5,-84.5,-39,0
50.320000,19.5,-442,-611,-117,-19.5,0
50.340000,13,-435.5,-591.5,-97.5,-19.5,0
50.360000,39,-448.5,-624,-117,-39,0
50.380000,13,-435.5,-604.5,-117,-26,0
50.400000,32.5,-461.5,-617.5,-104,-13,0
50.420000,32.5,-442,-611,-123.5,-13,0
50.440000,-6.5,-429,-611,-117,-26,0
50.460000,13,-448.5,-578.5,-97.5,-13,0
50.480000,32.5,-455,-591.5,-110.5,-6.5,0
50.500000,39,-442,-611,-91,-19.5,0
50.520000,39,-435.5,-598,-117,-45.5,0
50.540000,13,-448.5,-617.5,-130,-13,0
50.560000,19.5,-468,-617.5,-130,-32.5,0
50.580000,39,-416,-611,-117,-32.5,0
50.600000,32.5,-442,-604.5,-104,-32.5,0
50.620000,65,-442,-598,-91,-26,0
50.640000,32.5,-429,-604.5,-84.5,-32.5,0
50.660000,32.5,-435.5,-598,-110.5,-13,0
50.680000,39,-409.5,-630.5,-110.5,6.5,0
50.700000,52,-403,-598,-78,-19.5,0
50.720000,45.5,-409.5,-578.5,-143,-13,0
50.740000,13,-448.5,-630.5,-104,-19.5,0
50.760000,39,-429,-591.5,-123.5,-32.5,0
50.780000,32.5,-429,-604.5,-117,-6.5,0
50.800000,19.5,-409.5,-585,-117,-19.5,0
50.820000,0,-390,-598,-110.5,-6.5,0
50.840000,13,-409.5,-604.5,-143,-26,0
50.860000,-6.5,-409.5,-585,-123.5,-26,0
50.880000,-26,-416,-617.5,-117,-32.5,0
50.900000,-39,-403,-617.5,-97.5,-39,0
50.920000,13,-416,-559,-123.5,-39,0
50.940000,-45.5,-416,-611,-149.5,-13,0
50.960000,-65,-396.5,-598,-117,-13,0
50.980000,-19.5,-396.5,-617.5,-130,-32.5,0
51.000000,-26,-409.5,-591.5,-123.5,-13,0
51.020000,0,-403,-559,-136.5,-39,0
51.040000,-26,-429,-578.5,-136.5,-13,0
51.060000,-65,-377,-559,-149.5,-13,0
51.080000,-45.5,-357.5,-585,-117,-13,0
51.100000,-32.5,-403,-598,-130,6.5,0
51.120000,-26,-390,-572,-143,-26,0
51.140000,-19.5,-390,-578.5,-110.5,-13,0
51.160000,-19.5,-377,-578.5,-104,6.5,0
51.180000,-32.5,-383.5,-559,-156,-26,0
51.200000,-13,-377,-572,-136.5,-19.5,0
51.220000,-26,-377,-559,-117,-26,0
51.240000,-32.5,-377,-559,-169,-26,0
51.260000,-13,-370.5,-585,-136.5,-45.5,0
51.280000,-13,-351,-546,-130,-32.5,0
51.300000,-26,-383.5,-585,-104,26,0
51.320000,-13,-364,-552.5,-104,-6.5,0
51.340000,-45.5,-351,-559,-136.5,-32.5,0
51.360000,-19.5,-357.5,-565.5,-143,-52,0
51.380000,-45.5,-344.5,-585,-117,-13,0
51.400000,-39,-344.5,-572,-130,-0,0
51.420000,-52,-338,-578.5,-156,-26,0
51.440000,-13,-331.5,-565.5,-136.5,-0,0
51.460000,-58.5,-351,-552.5,-162.5,-6.5,0
51.480000,-71.5,-312,-565.5,-136.5,-26,0
51.500000,-26,-325,-533,-169,-13,0
51.520000,-32.5,-325,-552.5,-136.5,-13,0
51.540000,-58.5,-318.5,-565.5,-149.5,0,0
51.560000,-45.5,-325,-546,-156,32.5,0
51.580000,-45.5,-338,-520,-169,19.5,0
51.600000,-32.5,-331.5,-533,-169,45.5,0
51.620000,-45.5,-305.5,-500.5,-208,-13,0
51.640000,-45.5,-318.5,-533,-182,13,0
51.660000,-32.5,-325,-539.5,-182,13,0
51.680000,-26,-286,-494,-208,26,0
51.700000,-39,-312,-546,-208,39,0
51.720000,19.5,-286,-539.5,-182,45.5,0
51.740000,-39,-286,-546,-195,32.5,0
51.760000,-26,-299,-507,-201.5,26,0
51.780000,-32.5,-292.5,-500.5,-182,19.5,0
51.800000,-13,-273,-507,-188.5,6.5,0
51.820000,-39,-260,-513.5,-195,32.5,0
51.840000,-32.5,-266.5,-513.5,-175.5,19.5,0
51.860000,-19.5,-273,-507,-195,19.5,0
51.880000,-19.5,-240.5,-513.5,-201.5,19.5,0
51.900000,-32.5,-240.5,-507,-175.5,-6.5,0
51.920000,-19.5,-234,-520,-182,39,0
51.940000,-32.5,-240.5,-494,-188.5,13,0
51.960000,-52,-266.5,-487.5,-214.5,26,0
51.980000,-39,-266.5,-507,-195,39,0
52.000000,-39,-221,-468,-208,6.5,0
52.020000,-52,-247,-474.5,-227.5,32.5,0
52.040000,-39,-234,-494,-195,13,0
52.060000,-32.5,-227.5,-455,-175.5,65,0
52.080000,-45.5,-214.5,-487.5,-195,26,0
52.100000,-45.5,-227.5,-468,-227.5,26,0
52.120000,-19.5,-195,-494,-195,13,0
52.140000,-32.5,-208,-448.5,-201.5,-0,0
52.160000,-26,-214.5,-468,-162.5,32.5,0
52.180000,-45.5,-208,-442,-214.5,32.5,0
52.200000,-13,-182,-474.5,-214.5,39,0
52.220000,-26,-169,-455,-227.5,32.5,0
52.240000,-26,-175.5,-442,-208,45.5,0
52.260000,-91,-182,-448.5,-195,19.5,0
52.280000,-19.5,-175.5,-455,-201.5,39,0
52.300000,-32.5,-143,-448.5,-162.5,19.5,0
52.320000,-39,-136.5,-429,-175.5,19.5,0
52.340000,-32.5,-149.5,-442,-195,32.5,0
52.360000,-39,-136.5,-455,-195,19.5,0
52.380000,-26,-162.5,-435.5,-221,39,0
52.400000,-19.5,-149.5,-422.5,-201.5,-6.5,0
52.420000,-45.5,-169,-422.5,-201.5,6.5,0
52.440000,-19.5,-104,-422.5,-201.5,32.5,0
52.460000,-32.5,-143,-403,-201.5,-0,0
52.480000,-26,-130,-435.5,-208,13,0
52.500000,-19.5,-123.5,-377,-201.5,58.5,0
52.520000,-26,-136.5,-416,-175.5,32.5,0
52.540000,-32.5,-169,-422.5,-214.5,6.5,0
52.560000,-26,-117,-390,-195,19.5,0
52.580000,-39,-91,-390,-208,26,0
52.600000,-13,-123.5,-409.5,-201.5,19.5,0
52.620000,-32.5,-117,-396.5,-188.5,39,0
52.640000,-58.5,-110.5,-351,-195,26,0
52.660000,-52,-97.5,-396.5,-221,52,0
52.680000,-26,-84.5,-403,-169,6.5,0
52.700000,-26,-91,-383.5,-214.5,32.5,0
52.720000,-32.5,-97.5,-370.5,-208,6.5,0
52.740000,-52,-65,-377,-195,19.5,0
52.760000,-32.5,-71.5,-370.5,-188.5,19.5,0
52.780000,-45.5,-78,-377,-208,26,0
52.800000,-32.5,-78,-344.5,-175.5,45.5,0
52.820000,-58.5,-78,-357.5,-188.5,32.5,0
52.840000,0,-78,-357.5,-208,13,0
52.860000,-58.5,-71.5,-377,-195,13,0
52.880000,-65,-52,-390,-188.5,19.5,0
52.900000,-26,-58.5,-364,-182,39,0
52.920000,-32.5,-71.5,-357.5,-208,45.5,0
52.940000,-39,-39,-344.5,-195,13,0
52.960000,-39,-45.5,-357.5,-195,0,0
52.980000,-39,-65,-357.5,-201.5,6.5,0
53.000000,-45.5,-39,-338,-195,-0,0
53.020000,-58.5,-32.5,-331.5,-195,19.5,0
53.040000,-45.5,-32.5,-325,-169,26,0
53.060000,-52,-52,-338,-201.5,32.5,0
53.080000,-45.5,-19.5,-357.5,-182,6.5,0
53.100000,-52,-45.5,-331.5,-162.5,45.5,0
53.120000,-52,6.5,-318.5,-169,45.5,0
53.140000,-39,6.5,-325,-182,32.5,0
53.160000,-52,-32.5,-357.5,-182,13,0
53.180000,-45.5,-39,-305.5,-201.5,26,0
53.200000,-26,-13,-318.5,-149.5,6.5,0
53.220000,-39,-19.5,-299,-195,32.5,0
53.240000,-45.5,-39,-299,-182,26,0
53.260000,-58.5,-6.5,-351,-195,58.5,0
53.280000,-13,13,-325,-162.5,26,0
53.300000,-71.5,-13,-312,-195,19.5,0
53.320000,-26,39,-338,-175.5,32.5,0
53.340000,-45.5,19.5,-318.5,-169,13,0
53.360000,-32.5,45.5,-325,-188.5,13,0
53.380000,-52,39,-279.5,-156,39,0
53.400000,-65,84.5,-318.5,-169,39,0
53.420000,-71.5,104,-325,-175.5,45.5,0
53.440000,-39,97.5,-299,-175.5,13,0
53.460000,-58.5,84.5,-318.5,-188.5,26,0
53.480000,-39,110.5,-312,-169,26,0
53.500000,-26,91,-305.5,-188.5,39,0
53.520000,-39,110.5,-299,-162.5,13,0
53.540000,-19.5,110.5,-260,-169,6.5,0
53.560000,-45.5,123.5,-318.5,-169,32.5,0
53.580000,-52,97.5,-286,-188.5,26,0
53.600000,-52,143,-292.5,-169,13,0
53.620000,-32.5,104,-279.5,-175.5,32.5,0
53.640000,-39,104,-305.5,-123.5,45.5,0
53.660000,-45.5,123.5,-292.5,-136.5,19.5,0
53.680000,-32.5,110.5,-305.5,-149.5,39,0
53.700000,-26,97.5,-325,-136.5,19.5,0
53.720000,-39,110.5,-279.5,-188.5,58.5,0
53.740000,-26,91,-292.5,-149.5,45.5,0
53.760000,-45.5,97.5,-286,-143,32.5,0
53.780000,-45.5,143,-299,-162.5,19.5,0
53.800000,-32.5,91,-273,-143,13,0
53.820000,-26,130,-305.5,-149.5,13,0
53.840000,-26,117,-286,-156,32.5,0
53.860000,-26,117,-286,-182,19.5,0
53.880000,-32.5,143,-286,-143,45.5,0
53.900000,-32.5,123.5,-292.5,-143,19.5,0
53.920000,-39,97.5,-305.5,-143,13,0
53.940000,-32.5,110.5,-279.5,-169,39,0
53.960000,-32.5,130,-292.5,-162.5,19.5,0
53.980000,-39,123.5,-299,-182,32.5,0
54.000000,-39,117,-279.5,-156,0,0
54.020000,-71.5,117,-292.5,-162.5,32.5,0
54.040000,-65,84.5,-305.5,-143,32.5,0
54.060000,-32.5,130,-318.5,-156,45.5,0
54.080000,-19.5,143,-305.5,-162.5,32.5,0
54.100000,-71.5,136.5,-305.5,-162.5,58.5,0
54.120000,-32.5,97.5,-312,-136.5,13,0
54.140000,-26,110.5,-279.5,-169,32.5,0
54.160000,-52,78,-266.5,-162.5,39,0
54.180000,-32.5,84.5,-312,-162.5,19.5,0
54.200000,-65,117,-260,-169,32.5,0
54.220000,-39,110.5,-286,-123.5,26,0
54.240000,-32.5,143,-279.5,-136.5,39,0
54.260000,-52,110.5,-273,-143,45.5,0
54.280000,-26,97.5,-286,-156,26,0
54.300000,-65,104,-273,-143,26,0
54.320000,-71.5,104,-279.5,-130,58.5,0
54.340000,-45.5,97.5,-266.5,-149.5,45.5,0
54.360000,-84.5,84.5,-260,-156,13,0
54.380000,-71.5,52,-266.5,-143,45.5,0
54.400000,-52,84.5,-253.5,-143,52,0
54.420000,-39,58.5,-253.5,-123.5,13,0
54.440000,-45.5,84.5,-247,-156,6.5,0
54.460000,-32.5,39,-214.5,-130,19.5,0
54.480000,-32.5,71.5,-227.5,-149.5,13,0
54.500000,-39,39,-253.5,-136.5,65,0
54.520000,-32.5,91,-214.5,-130,26,0
54.540000,-58.5,65,-227.5,-136.5,32.5,0
54.560000,-32.5,58.5,-221,-143,32.5,0
54.580000,-32.5,84.5,-227.5,-143,39,0
54.600000,-45.5,65,-247,-156,-6.5,0
54.620000,-45.5,52,-247,-169,52,0
54.640000,-65,45.5,-227.5,-136.5,58.5,0
54.660000,-32.5,71.5,-234,-110.5,-0,0
54.680000,-32.5,52,-201.5,-156,32.5,0
54.700000,-26,45.5,-221,-136.5,13,0
54.720000,-52,26,-214.5,-136.5,39,0
54.740000,-52,52,-234,-136.5,-13,0
54.760000,-39,19.5,-234,-149.5,26,0
54.780000,-26,32.5,-234,-162.5,6.5,0
54.800000,-32.5,13,-240.5,-149.5,26,0
54.820000,-26,39,-240.5,-117,32.5,0
54.840000,-26,26,-234,-123.5,26,0
54.860000,-45.5,6.5,-214.5,-149.5,32.5,0
54.880000,-26,-13,-266.5,-149.5,45.5,0
54.900000,-65,-6.5,-247,-162.5,6.5,0
54.920000,-58.5,13,-260,-149.5,0,0
54.940000,-45.5,-0,-253.5,-169,39,0
54.960000,-39,6.5,-247,-143,13,0
54.980000,-19.5,6.5,-260,-169,32.5,0
55.000000,-19.5,-19.5,-273,-130,26,0
55.020000,-39,-39,-286,-136.5,39,0
55.040000,-32.5,-45.5,-247,-149.5,19.5,0
55.060000,-26,-52,-286,-117,32.5,0
55.080000,-32.5,-52,-253.5,-130,39,0
55.100000,-45.5,-26,-279.5,-149.5,32.5,0
55.120000,0,-39,-260,-143,39,0
55.140000,-26,-39,-286,-130,39,0
55.160000,-58.5,-78,-279.5,-130,-6.5,0
55.180000,-45.5,-71.5,-279.5,-156,13,0
55.200000,-45.5,-65,-305.5,-143,6.5,0
55.220000,-52,-91,-266.5,-162.5,26,0
55.240000,-32.5,-97.5,-299,-143,45.5,0
55.260000,-45.5,-84.5,-292.5,-156,32.5,0
55.280000,-19.5,-97.5,-292.5,-162.5,52,0
55.300000,-45.5,-84.5,-286,-169,32.5,0
55.320000,-19.5,-104,-305.5,-182,19.5,0
55.340000,-32.5,-78,-312,-143,-13,0
55.360000,-58.5,-65,-305.5,-169,32.5,0
55.380000,-45.5,-91,-305.5,-149.5,19.5,0
55.400000,-26,-104,-299,-149.5,32.5,0
55.420000,-19.5,-123.5,-318.5,-162.5,32.5,0
55.440000,-13,-110.5,-318.5,-136.5,19.5,0
55.460000,-19.5,-130,-299,-156,13,0
55.480000,-19.5,-123.5,-312,-143,19.5,0
55.500000,-39,-130,-318.5,-149.5,58.5,0
55.520000,-13,-149.5,-338,-169,19.5,0
55.540000,-26,-143,-331.5,-130,26,0
55.560000,-45.5,-182,-351,-136.5,39,0
55.580000,-45.5,-188.5,-351,-169,0,0
55.600000,-19.5,-195,-318.5,-169,13,0
55.620000,-26,-182,-318.5,-136.5,26,0
55.640000,-19.5,-175.5,-364,-136.5,19.5,0
55.660000,-13,-195,-351,-156,32.5,0
55.680000,-39,-208,-364,-162.5,19.5,0
55.700000,-32.5,-208,-364,-182,45.5,0
55.720000,-26,-201.5,-331.5,-182,32.5,0
55.740000,6.5,-201.5,-338,-143,32.5,0
55.760000,32.5,-221,-357.5,-175.5,-13,0
55.780000,26,-208,-357.5,-188.5,19.5,0
55.800000,39,-214.5,-357.5,-169,13,0
55.820000,13,-227.5,-396.5,-156,19.5,0
55.840000,26,-253.5,-364,-149.5,32.5,0
55.860000,26,-240.5,-396.5,-149.5,32.5,0
55.880000,84.5,-240.5,-364,-182,19.5,0
55.900000,45.5,-266.5,-383.5,-162.5,-13,0
55.920000,52,-240.5,-377,-175.5,52,0
55.940000,52,-292.5,-396.5,-162.5,13,0
55.960000,65,-279.5,-403,-149.5,26,0
55.980000,32.5,-292.5,-390,-175.5,19.5,0
56.000000,26,-318.5,-383.5,-123.5,32.5,0
56.020000,45.5,-260,-403,-169,52,0
56.040000,39,-305.5,-396.5,-162.5,19.5,0
56.060000,26,-292.5,-409.5,-156,13,0
56.080000,39,-299,-396.5,-149.5,45.5,0
56.100000,45.5,-325,-435.5,-162.5,71.5,0
56.120000,6.5,-351,-422.5,-136.5,19.5,0
56.140000,52,-331.5,-429,-162.5,0,0
56.160000,65,-312,-435.5,-136.5,19.5,0
56.180000,39,-318.5,-422.5,-149.5,26,0
56.200000,32.5,-364,-416,-143,32.5,0
56.220000,32.5,-325,-429,-162.5,19.5,0
56.240000,26,-351,-435.5,-143,52,0
56.260000,6.5,-357.5,-429,-143,19.5,0
56.280000,58.5,-370.5,-435.5,-162.5,19.5,0
56.300000,39,-370.5,-429,-123.5,58.5,0
56.320000,39,-364,-448.5,-136.5,45.5,0
56.340000,71.5,-396.5,-442,-149.5,13,0
56.360000,52,-390,-448.5,-136.5,13,0
56.380000,45.5,-390,-461.5,-123.5,26,0
56.400000,45.5,-396.5,-435.5,-143,39,0
56.420000,58.5,-396.5,-455,-97.5,52,0
56.440000,45.5,-409.5,-481,-130,26,0
56.460000,39,-422.5,-487.5,-136.5,32.5,0
56.480000,71.5,-422.5,-461.5,-162.5,19.5,0
56.500000,19.5,-409.5,-435.5,-136.5,6.5,0
56.520000,32.5,-409.5,-455,-136.5,13,0
56.540000,65,-455,-461.5,-143,32.5,0
56.560000,26,-435.5,-481,-156,13,0
56.580000,19.5,-422.5,-474.5,-149.5,-6.5,0
56.600000,71.5,-442,-474.5,-117,26,0
56.620000,65,-429,-481,-136.5,13,0
56.640000,32.5,-461.5,-481,-188.5,45.5,0
56.660000,52,-461.5,-507,-136.5,39,0
56.680000,45.5,-461.5,-474.5,-156,26,0
56.700000,19.5,-474.5,-455,-162.5,45.5,0
56.720000,19.5,-494,-487.5,-175.5,45.5,0
56.740000,26,-494,-487.5,-162.5,-13,0
56.760000,45.5,-513.5,-500.5,-136.5,39,0
56.780000,6.5,-494,-474.5,-149.5,45.5,0
56.800000,45.5,-520,-481,-130,19.5,0
56.820000,58.5,-481,-507,-162.5,39,0
56.840000,58.5,-513.5,-500.5,-169,45.5,0
56.860000,32.5,-494,-507,-175.5,39,0
56.880000,52,-520,-507,-156,19.5,0
56.900000,39,-513.5,-487.5,-188.5,13,0
56.920000,45.5,-494,-500.5,-182,26,0
56.940000,32.5,-507,-481,-182,19.5,0
56.960000,65,-507,-507,-195,13,0
56.980000,52,-513.5,-513.5,-175.5,26,0
57.000000,58.5,-500.5,-520,-175.5,26,0
57.020000,39,-520,-513.5,-208,39,0
57.040000,32.5,-513.5,-513.5,-201.5,6.5,0
57.060000,39,-526.5,-513.5,-201.5,39,0
57.080000,32.5,-513.5,-513.5,-175.5,26,0
57.100000,58.5,-565.5,-507,-201.5,32.5,0
57.120000,45.5,-526.5,-513.5,-214.5,32.5,0
57.140000,39,-539.5,-507,-214.5,19.5,0
57.160000,32.5,-533,-500.5,-208,13,0
57.180000,45.5,-539.5,-533,-195,32.5,0
57.200000,45.5,-552.5,-513.5,-208,32.5,0
57.220000,39,-552.5,-500.5,-208,26,0
57.240000,26,-559,-539.5,-201.5,19.5,0
57.260000,58.5,-539.5,-507,-201.5,45.5,0
57.280000,45.5,-552.5,-494,-247,32.5,0
57.300000,45.5,-559,-513.5,-201.5,39,0
57.320000,58.5,-559,-481,-240.5,39,0
57.340000,52,-591.5,-520,-208,13,0
57.360000,32.5,-565.5,-526.5,-188.5,6.5,0
57.380000,13,-591.5,-513.5,-201.5,26,0
57.400000,32.5,-578.5,-520,-188.5,45.5,0
57.420000,39,-578.5,-520,-214.5,26,0
57.440000,45.5,-591.5,-520,-201.5,26,0
57.460000,39,-591.5,-500.5,-188.5,45.5,0
57.480000,6.5,-565.5,-526.5,-214.5,26,0
57.500000,52,-598,-533,-182,45.5,0
57.520000,32.5,-604.5,-507,-221,39,0
57.540000,39,-604.5,-539.5,-201.5,26,0
57.560000,45.5,-591.5,-533,-201.5,39,0
57.580000,45.5,-565.5,-546,-182,0,0
57.600000,39,-611,-546,-234,39,0
57.620000,32.5,-617.5,-507,-221,39,0
57.640000,6.5,-604.5,-526.5,-208,32.5,0
57.660000,26,-572,-546,-195,6.5,0
57.680000,26,-585,-533,-221,26,0
57.700000,-6.5,-624,-546,-221,45.5,0
57.720000,45.5,-617.5,-533,-201.5,32.5,0
57.740000,52,-604.5,-526.5,-214.5,45.5,0
57.760000,32.5,-585,-591.5,-201.5,32.5,0
57.780000,45.5,-624,-546,-221,26,0
57.800000,19.5,-598,-539.5,-208,32.5,0
57.820000,19.5,-643.5,-539.5,-208,-39,0
57.840000,32.5,-624,-513.5,-188.5,19.5,0
57.860000,26,-637,-533,-169,26,0
57.880000,19.5,-630.5,-520,-182,26,0
57.900000,13,-630.5,-533,-214.5,26,0
57.920000,45.5,-617.5,-539.5,-195,39,0
57.940000,26,-611,-533,-208,32.5,0
57.960000,6.5,-611,-539.5,-208,26,0
57.980000,32.5,-611,-526.5,-195,19.5,0
58.000000,32.5,-637,-546,-201.5,19.5,0
58.020000,6.5,-598,-546,-208,45.5,0
58.040000,19.5,-591.5,-559,-214.5,39,0
58.060000,45.5,-624,-533,-201.5,45.5,0
58.080000,6.5,-624,-520,-169,19.5,0
58.100000,26,-630.5,-552.5,-182,26,0
58.120000,39,-643.5,-513.5,-201.5,13,0
58.140000,39,-630.5,-546,-188.5,39,0
58.160000,39,-630.5,-520,-240.5,26,0
58.180000,26,-650,-507,-208,19.5,0
58.200000,32.5,-624,-513.5,-208,26,0
58.220000,19.5,-650,-559,-182,39,0
58.240000,13,-656.5,-539.5,-214.5,26,0
58.260000,26,-624,-559,-188.5,19.5,0
58.280000,19.5,-656.5,-533,-208,13,0
58.300000,13,-643.5,-533,-188.5,-0,0
58.320000,39,-637,-520,-240.5,19.5,0
58.340000,39,-611,-526.5,-201.5,13,0
58.360000,6.5,-650,-539.5,-208,32.5,0
58.380000,39,-656.5,-546,-201.5,45.5,0
58.400000,39,-598,-559,-214.5,13,0
58.420000,13,-630.5,-539.5,-195,26,0
58.440000,39,-637,-539.5,-201.5,39,0
58.460000,26,-630.5,-546,-188.5,26,0
58.480000,39,-637,-539.5,-208,6.5,0
58.500000,26,-643.5,-520,-182,-13,0
58.520000,6.5,-630.5,-533,-208,32.5,0
58.540000,13,-637,-546,-221,26,0
58.560000,26,-630.5,-539.5,-227.5,0,0
58.580000,13,-656.5,-539.5,-214.5,39,0
58.600000,-6.5,-643.5,-507,-195,-0,0
58.620000,-13,-630.5,-559,-221,19.5,0
58.640000,-19.5,-663,-552.5,-195,19.5,0
58.660000,6.5,-637,-526.5,-195,32.5,0
58.680000,-6.5,-643.5,-539.5,-208,13,0
58.700000,-6.5,-630.5,-533,-208,6.5,0
58.720000,-6.5,-650,-559,-201.5,32.5,0
58.740000,-19.5,-682.5,-533,-221,45.5,0
58.760000,-26,-663,-533,-188.5,0,0
58.780000,-19.5,-669.5,-539.5,-175.5,19.5,0
58.800000,-19.5,-637,-539.5,-188.5,32.5,0
58.820000,-26,-656.5,-526.5,-214.5,26,0
58.840000,-26,-650,-539.5,-175.5,-0,0
58.860000,-39,-656.5,-526.5,-201.5,19.5,0
58.880000,-13,-676,-559,-208,32.5,0
58.900000,-26,-624,-526.5,-221,39,0
58.920000,-19.5,-656.5,-513.5,-188.5,26,0
58.940000,-39,-663,-507,-214.5,32.5,0
58.960000,-32.5,-650,-565.5,-182,6.5,0
58.980000,-39,-669.5,-546,-195,39,0
59.000000,-32.5,-650,-552.5,-201.5,39,0
59.020000,-26,-663,-507,-182,19.5,0
59.040000,-32.5,-682.5,-572,-221,32.5,0
59.060000,-6.5,-682.5,-546,-188.5,6.5,0
59.080000,-32.5,-663,-526.5,-201.5,26,0
59.100000,-19.5,-669.5,-565.5,-169,13,0
59.120000,-45.5,-669.5,-526.5,-208,32.5,0
59.140000,-39,-663,-572,-201.5,39,0
59.160000,-6.5,-669.5,-559,-195,26,0
59.180000,6.5,-650,-559,-182,-6.5,0
59.200000,-52,-676,-585,-188.5,26,0
59.220000,-32.5,-669.5,-585,-195,26,0
59.240000,-26,-643.5,-552.5,-208,39,0
59.260000,-13,-682.5,-572,-188.5,0,0
59.280000,-32.5,-669.5,-565.5,-208,13,0
59.300000,-19.5,-663,-585,-201.5,0,0
59.320000,-0,-676,-565.5,-182,19.5,0
59.340000,-19.5,-676,-591.5,-208,19.5,0
59.360000,-6.5,-682.5,-559,-188.5,-13,0
59.380000,-19.5,-669.5,-565.5,-201.5,6.5,0
59.400000,-26,-689,-572,-201.5,6.5,0
59.420000,13,-689,-578.5,-162.5,0,0
59.440000,19.5,-669.5,-559,-214.5,6.5,0
59.460000,-39,-695.5,-565.5,-208,19.5,0
59.480000,-13,-702,-578.5,-175.5,26,0
59.500000,19.5,-695.5,-604.5,-169,32.5,0
59.520000,-6.5,-708.5,-598,-208,19.5,0
59.540000,-26,-708.5,-559,-195,26,0
59.560000,-26,-702,-572,-175.5,19.5,0
59.580000,13,-702,-578.5,-175.5,0,0
59.600000,6.5,-702,-624,-169,32.5,0
59.620000,-13,-715,-565.5,-175.5,6.5,0
59.640000,-6.5,-721.5,-572,-188.5,13,0
59.660000,-19.5,-708.5,-598,-208,13,0
59.680000,-6.5,-708.5,-572,-143,19.5,0
59.700000,-13,-676,-565.5,-182,-0,0
59.720000,6.5,-728,-565.5,-162.5,-6.5,0
59.740000,19.5,-695.5,-572,-169,13,0
59.760000,6.5,-728,-591.5,-188.5,13,0
59.780000,-0,-695.5,-578.5,-143,-6.5,0
59.800000,13,-721.5,-578.5,-169,0,0
59.820000,39,-689,-578.5,-182,-26,0
59.840000,-26,-702,-598,-162.5,0,0
59.860000,-0,-689,-578.5,-188.5,-13,0
59.880000,19.5,-695.5,-572,-195,-0,0
59.900000,0,-715,-585,-156,-19.5,0
59.920000,-6.5,-702,-630.5,-169,-13,0
59.940000,0,-702,-578.5,-188.5,-19.5,0
59.960000,-19.5,-721.5,-565.5,-201.5,-0,0
59.980000,13,-695.5,-598,-188.5,-13,0
60.000000,19.5,-682.5,-565.5,-162.5,0,0
