t,shoulder_pan,shoulder_lift,elbow_flex,wrist_flex,wrist_roll,gripper
0.000000,-0.0192087381,-0.00359293744,-0.0204424943,-0.00863459885,0.014458915,0
0.020000,-0.00375182738,0.00889791655,0.0102063549,0.0286891556,-0.0137806436,0
0.040000,-0.00453529317,0.0307798665,0.0201842022,-0.012384572,0.00149551759,0
0.060000,-0.0281505834,-0.00265433035,0.0158396511,0.0209959635,-0.00620686455,0
0.080000,-0.0128085444,-0.00182776032,-0.00374600423,0.0050341225,0.0079549367,0
0.100000,-0.027621243,0.0197342318,-0.0281966676,0.0211470752,0.0178563565,0
0.120000,-0.0126374905,-0.0119633145,0.0384284754,-0.0456133698,-0.0228489096,0
0.140000,-0.0180075925,0.0199756877,0.0229550875,0.022002682,-0.0219439402,0
0.160000,-0.0231190836,0.00394128049,0.0194673641,-0.0151859139,0.0196465377,0
0.180000,0.0313154793,0.0227474424,0.0417350327,-0.0471819286,-0.010395845,0
0.200000,0.0230375608,0.0143685472,-0.011868277,-0.00862861178,-0.00762837861,0
0.220000,-0.0435365921,0.0155460795,-0.0167900133,0.00450037532,0.00586236019,0
0.240000,-0.00575490614,0.032038167,-0.00566435452,-0.00825089707,-0.00437595687,0
0.260000,-0.0402457696,0.00257272744,0.00842846713,-0.0149271856,-0.0372218717,0
0.280000,-0.01465935,-0.00352625474,0.00208056095,-0.0033062316,0.051128358,0
0.300000,0.0224549001,-0.00157355917,0.0138369243,0.0191569656,0.0043400614,0
0.320000,0.0162948,0.0317092626,0.0179192901,-0.0205587415,0.0443076546,0
0.340000,-0.00232870969,0.0190076321,0.0383471733,-0.0013586074,-0.0164107651,0
0.360000,-0.0217735819,0.0414884362,0.020550796,0.049925662,0.00835858292,0
0.380000,0.0137731631,-0.0026651134,-0.0106546514,0.00976822994,-0.0201007534,0
0.400000,-0.00123345512,0.0418581071,0.0157965565,-0.00773112079,-0.00855256754,0
0.420000,-0.00386550551,0.0293037576,0.0178860173,-0.0243683884,-0.0134600687,0
0.440000,-0.0313558244,0.0143262673,-0.00157065611,-0.0334587313,0.0299904358,0
0.460000,-0.0261550377,0.0296512603,-0.0214701794,-0.0205633299,0.017329517,0
0.480000,0.0166553673,-0.0169469264,-0.018035135,0.00631886977,0.0308354644,0
0.500000,0.0154545867,-0.0185822623,-0.00287527291,0.0417356213,0.0308463569,0
0.520000,-0.0012066469,0.0067241055,0.00832627779,-0.0150413343,-0.017897254,0
0.540000,-0.0143368606,0.0083609073,-0.00800140968,-0.00729566863,0.0180287895,0
0.560000,-0.0211490358,0.00473172158,-0.0048243295,-0.0245204433,-0.0275171912,0
0.580000,-0.00119461962,0.0279606996,0.0133583091,-0.015045858,-0.0141715704,0
0.600000,-0.00297719121,0.0272765297,-0.0179502004,-0.0264954075,-0.015745766,0
0.620000,-0.0156810378,0.0189853469,0.0254380858,0.00534289562,0.051574515,0
0.640000,-0.0122226278,-0.00420333943,0.00980067544,-0.0215563304,0.0311197997,0
0.660000,-0.0493922386,-0.00475551501,0.00977445511,-0.0389418266,-0.00816880747,0
0.680000,-0.0425815588,0.00617332174,0.0156366322,-0.00261356574,-0.00527336703,0
0.700000,-0.0426563238,0.0240836302,-0.0442247576,-0.000436569693,0.0220180248,0
0.720000,-0.0254272957,0.0256879735,0.0286049483,-0.049345349,0.0437498685,0
0.740000,-0.0115665285,0.00952440221,-0.00109854635,-0.0329981484,-0.00902939998,0
0.760000,-0.0483099083,0.0100455731,0.0283925724,-0.0347041928,0.0453136938,0
0.780000,-0.033175524,-0.0162725518,-0.00423809943,-0.0251430946,0.0185174302,0
0.800000,-0.0138070298,0.0553603579,0.0143131529,-0.0513657017,-0.008237956,0
0.820000,-0.0470113305,-0.01048955,-0.0214545582,-0.016410542,0.00237361624,0
0.840000,-0.0258433639,0.0377796725,0.0044121261,-0.0345050431,0.050718664,0
0.860000,-0.0545989133,-0.000488190054,0.00685603568,-0.00729104564,0.0175765216,0
0.880000,-0.0617332601,0.0533955948,0.037009274,-0.0345147902,-0.0134261022,0
0.900000,-0.0310051165,0.0325049687,0.016745082,-0.0373226838,0.0473075895,0
0.920000,-0.0201015511,-0.00962769483,-0.0312371169,-0.0180321461,0.00218949905,0
0.940000,-0.0793884046,0.0186218042,-0.0244323949,-0.0485186266,-0.00622531529,0
0.960000,-0.0747866563,-0.00390894324,-0.00395413866,-0.065357511,0.0159871072,0
0.980000,-0.0853364121,0.00201413549,-0.0053355026,-0.0475484197,0.0235056732,0
1.000000,-0.0461838541,0.0348542632,-0.00945596155,-0.0334648933,0.0227826344,0
1.020000,-0.0655127665,0.0192544083,0.0343929613,-0.055175748,-0.0146551924,0
1.040000,-0.0469979646,0.016446677,0.0199515276,-0.0687080368,0.0246638063,0
1.060000,-0.0573321208,0.0232243532,0.00542453592,-0.0584938592,-0.0149280426,0
1.080000,-0.0731287724,0.0359725627,-0.00270915763,-0.0970539967,-0.0103119332,0
1.100000,-0.0710451753,0.0345023039,0.0154967936,-0.0282905807,0.0429959207,0
1.120000,-0.0893228378,0.0383242638,0.0218807535,-0.0785207074,-0.0306932578,0
1.140000,-0.105727949,0.0562356039,0.00772064429,-0.0587884502,0.0464886972,0
1.160000,-0.0868396244,0.041622982,0.00926846968,-0.0957662643,-0.00562504928,0
1.180000,-0.0876967889,0.0622133931,-0.0446064182,-0.0616663434,-0.0011677474,0
1.200000,-0.0967039976,0.0490444021,-0.0120232792,-0.0702095942,-0.00024515556,0
1.220000,-0.0662054402,0.060527346,-0.0199365209,-0.0843275916,0.0362109913,0
1.240000,-0.11556062,0.0463053888,0.0111524643,-0.0669977827,0.00450486099,0
1.260000,-0.110134632,0.0349191258,0.00881889321,-0.121293574,0.0343253521,0
1.280000,-0.0806322188,0.0165959048,-0.0110113422,-0.0732821675,-0.0103058879,0
1.300000,-0.13026081,0.0570312603,-0.023393594,-0.0650907963,-0.0279921277,0
1.320000,-0.0908143441,0.0546515087,0.0105816653,-0.0795230896,-0.0180056104,0
1.340000,-0.0781732969,0.0472380204,0.0117890768,-0.0994160412,-0.000213948279,0
1.360000,-0.101626775,0.0288207655,0.0188614933,-0.120497176,0.0057200748,0
1.380000,-0.0995752482,0.0787126823,0.0124062989,-0.0507920586,0.00865997421,0
1.400000,-0.136306677,0.0652253623,-0.0248398547,-0.120119668,-0.0196820552,0
1.420000,-0.110884564,0.0787321715,-0.00623116471,-0.101198808,-0.0462115697,0
1.440000,-0.0990409219,0.0385212585,-0.0334619729,-0.0857398223,-0.0125155582,0
1.460000,-0.128668036,0.0421660951,0.00687438416,-0.118854419,-0.0465774853,0
1.480000,-0.151408366,0.0762002077,-0.00533173433,-0.0896065408,0.011998722,0
1.500000,-0.130206948,0.0873552281,0.0150386669,-0.0891803377,-0.0232584467,0
1.520000,-0.139780993,0.0767485019,0.0188665558,-0.115177914,-0.0241161097,0
1.540000,-0.162738497,0.0668364791,-0.0174776197,-0.125637816,-0.0467910842,0
1.560000,-0.152793206,0.0888496129,0.0110009317,-0.104129402,-0.0427340667,0
1.580000,-0.16035451,0.0692451218,0.00882317948,-0.115964947,-0.0267347678,0
1.600000,-0.151094821,0.0710820753,0.00446218515,-0.136176613,0.00415622148,0
1.620000,-0.164002904,0.10672169,-0.0109614572,-0.126891236,-0.0156630105,0
1.640000,-0.143946756,0.0577071104,0.00178200287,-0.135405307,-0.0119192089,0
1.660000,-0.196228333,0.060147347,0.0183516958,-0.101262137,-0.0388347488,0
1.680000,-0.160622296,0.112694573,0.0153777631,-0.144846816,-0.0526372848,0
1.700000,-0.186270067,0.069354978,-0.00923933713,-0.110466854,-0.0517371694,0
1.720000,-0.146728907,0.0769965209,0.00568063356,-0.137017185,-0.0271688907,0
1.740000,-0.17134696,0.0768970209,-0.0120943633,-0.139224269,-0.0688682741,0
1.760000,-0.153002043,0.0745275826,-0.000919645715,-0.124922342,-0.0391913413,0
1.780000,-0.205610056,0.073689708,-0.040330696,-0.141522845,-0.0437032556,0
1.800000,-0.212926061,0.0994288056,-0.0244907853,-0.139790266,-0.0243275249,0
1.820000,-0.195208238,0.0802382868,-0.0330022857,-0.149281981,-0.0494739275,0
1.840000,-0.189171047,0.0534559062,-0.0171196362,-0.141316883,-0.0525176233,0
1.860000,-0.200462271,0.0742275454,-0.00764620136,-0.130288236,-0.0556293324,0
1.880000,-0.167341262,0.082921089,-0.013419289,-0.103311274,-0.0650439584,0
1.900000,-0.181615547,0.110232239,-0.0615597316,-0.146612673,-0.0841300818,0
1.920000,-0.153925746,0.0642540984,0.0162078963,-0.143712637,-0.0921926592,0
1.940000,-0.179445357,0.0768186163,-0.0352241171,-0.112334195,-0.0882736358,0
1.960000,-0.214193258,0.0925328282,-0.0409573836,-0.106076632,-0.0660906647,0
1.980000,-0.196850191,0.069270686,-0.039709681,-0.146289553,-0.0991487529,0
2.000000,-0.203513891,0.0392042437,-0.036479378,-0.142957397,-0.106821022,0
2.020000,-0.204858852,0.0923330255,0.00763187378,-0.181809524,-0.159610332,0
2.040000,-0.197380895,0.101887726,0.00668400115,-0.155698875,-0.119176983,0
2.060000,-0.168352786,0.0710435754,-0.00514212808,-0.130365676,-0.13690393,0
2.080000,-0.194720719,0.0999763065,-0.0444138963,-0.118268623,-0.0995267164,0
2.100000,-0.218126042,0.0821892963,-0.0447929106,-0.1616346,-0.127277117,0
2.120000,-0.221122912,0.0855658168,-0.0584923571,-0.131503356,-0.0954257181,0
2.140000,-0.208546267,0.0783614038,0.00465487649,-0.130273318,-0.145347223,0
2.160000,-0.166928638,0.0998351091,-0.0350453012,-0.145539476,-0.148992891,0
2.180000,-0.183217168,0.0713602038,-0.0198665225,-0.153165193,-0.126249183,0
2.200000,-0.21637681,0.0726690491,-0.0181045813,-0.136999063,-0.162777148,0
2.220000,-0.189695597,0.109483454,-0.0203001876,-0.146386476,-0.148898069,0
2.240000,-0.211592219,0.0918673083,-0.0089862917,-0.127756205,-0.167358496,0
2.260000,-0.166840246,0.0470530133,-0.051898106,-0.148339731,-0.168347761,0
2.280000,-0.197573089,0.0548329768,-0.0247234504,-0.113750885,-0.215372968,0
2.300000,-0.197001864,0.0712485435,0.0120414717,-0.134256966,-0.207080988,0
2.320000,-0.170128975,0.0460272815,-0.0464981182,-0.112722305,-0.165424201,0
2.340000,-0.192231868,0.0909178549,-0.022323305,-0.114912588,-0.210622795,0
2.360000,-0.160999663,0.08890422,-0.0326101659,-0.147991677,-0.202766518,0
2.380000,-0.162376648,0.0406543328,0.0182402972,-0.155077433,-0.206273915,0
2.400000,-0.155841137,0.054130017,-0.0264763818,-0.147335521,-0.219848603,0
2.420000,-0.147735289,0.0545447833,-0.035950294,-0.109401287,-0.218219222,0
2.440000,-0.193817519,0.0791624465,-0.0245348322,-0.114474395,-0.247511864,0
2.460000,-0.140943276,0.0470198797,-0.0195533723,-0.112306745,-0.220993545,0
2.480000,-0.175927969,0.0108776946,0.00140558209,-0.10424053,-0.221420326,0
2.500000,-0.148606714,0.0653849385,-0.0226760423,-0.121976398,-0.250879919,0
2.520000,-0.140736895,0.048574266,-0.0106336476,-0.137866227,-0.285027255,0
2.540000,-0.137236695,0.00582356036,-0.00396314673,-0.097724675,-0.284260771,0
2.560000,-0.129775168,0.00862399227,-0.0177317656,-0.0718698686,-0.26068458,0
2.580000,-0.139501167,0.0255337396,-0.00383516124,-0.0974604586,-0.287042254,0
2.600000,-0.122475265,0.0229781537,-0.0413132273,-0.0989995047,-0.34647456,0
2.620000,-0.122250296,0.0401316614,-0.0275984868,-0.0874483529,-0.273033448,0
2.640000,-0.135438913,0.00921563484,-0.0111253254,-0.0896515443,-0.309509011,0
2.660000,-0.112047946,0.00227693879,-0.0197061386,-0.04898779,-0.290421776,0
2.680000,-0.111125554,-0.00926191092,0.0108866515,-0.0771774946,-0.304879164,0
2.700000,-0.0890500881,-0.000673233784,-0.0399925169,-0.0465218011,-0.31823961,0
2.720000,-0.0991224983,-0.0230995029,-0.0174561712,-0.0356950281,-0.336325918,0
2.740000,-0.0873130037,-0.00537369431,-0.00808513589,-0.0540013824,-0.329264228,0
2.760000,-0.1155288,-0.031473145,-0.0440962817,-0.0413571065,-0.361139283,0
2.780000,-0.0907010394,-0.0182962328,-0.0259254731,-0.0928943308,-0.356686625,0
2.800000,-0.078487799,0.0059524769,0.00054626118,-0.0234705018,-0.404243953,0
2.820000,-0.074837218,-0.0264151507,-0.0297231219,-0.0467545823,-0.369026158,0
2.840000,-0.0548046373,-0.0348996491,-0.0401049217,-0.0431996571,-0.34842248,0
2.860000,-0.0366625058,-0.0326312615,-0.0409308906,-0.060059075,-0.334300392,0
2.880000,-0.0419658584,-0.0537027513,-0.0269708205,-0.0449366419,-0.391406545,0
2.900000,-0.00117713784,-0.0454586161,-0.0309263279,-0.0350566175,-0.385298402,0
2.920000,0.0358734342,-0.0679256176,-0.0255526597,-0.0220655013,-0.397777928,0
2.940000,-0.0151522329,-0.0561685097,-0.016060448,-0.0344093398,-0.39915477,0
2.960000,-0.0103905405,-0.0696887767,-0.000979487057,-0.0322861166,-0.406023753,0
2.980000,-0.022347842,-0.0801115755,0.0101129444,-0.0155229857,-0.442872389,0
3.000000,0.0212750144,-0.0548371498,-0.0163489173,-0.0104211384,-0.399801349,0
3.020000,0.0168442197,-0.0815846773,0.00323196379,0.0299717117,-0.403325164,0
3.040000,0.0276439257,-0.0901565229,0.01224006,0.0161215734,-0.407244386,0
3.060000,0.050951807,-0.0783946865,0.0407910479,-0.00351048907,-0.415139341,0
3.080000,0.00843714005,-0.0786117981,0.0292258281,-0.0132465681,-0.426415699,0
3.100000,0.0305314081,-0.113395277,-0.00318359865,-0.0290394213,-0.455683075,0
3.120000,0.0823898162,-0.0803555398,0.00824391978,0.0196978616,-0.427100936,0
3.140000,0.0510453778,-0.0949358921,0.0129734481,0.0284029217,-0.391171135,0
3.160000,0.0686835997,-0.131100098,-0.00312357009,0.0182555929,-0.421829331,0
3.180000,0.0927770499,-0.140391359,0.0143778649,0.0128582239,-0.428912188,0
3.200000,0.0881063456,-0.116105191,0.0326738952,0.0865570825,-0.414476577,0
3.220000,0.101497114,-0.178061362,0.0357086677,0.05524461,-0.444150459,0
3.240000,0.102423206,-0.143634106,0.0662506695,0.0467187045,-0.483840053,0
3.260000,0.134450606,-0.127381967,0.00787763381,0.0423322705,-0.420308222,0
3.280000,0.154169408,-0.153765122,0.0276105421,0.0514986298,-0.482789271,0
3.300000,0.157913038,-0.184844362,0.0175129946,0.0659770691,-0.457587801,0
3.320000,0.18162639,-0.184716915,0.00409349737,0.0590253611,-0.450044161,0
3.340000,0.181765539,-0.179089787,0.0498338417,0.0965612381,-0.451966685,0
3.360000,0.168730448,-0.194985432,0.00651982132,0.102998725,-0.44162377,0
3.380000,0.177868762,-0.187434101,0.0264623911,0.120196691,-0.47558888,0
3.400000,0.177901063,-0.196702399,0.0594905946,0.133633777,-0.426031552,0
3.420000,0.192164612,-0.187028832,0.033703301,0.112345034,-0.485859182,0
3.440000,0.236283981,-0.249649415,0.0151367424,0.0773341419,-0.461056535,0
3.460000,0.212306834,-0.197475154,0.0380556073,0.0911217441,-0.4166396,0
3.480000,0.238479284,-0.207924198,0.0324204918,0.0961892672,-0.490956875,0
3.500000,0.25438274,-0.214557306,0.0441606001,0.0800335745,-0.452660556,0
3.520000,0.226975877,-0.214709885,0.0572350373,0.118189024,-0.423295474,0
3.540000,0.260856699,-0.222873809,0.0898216588,0.143374916,-0.442076755,0
3.560000,0.24474858,-0.243584569,0.0684176427,0.136002408,-0.433323623,0
3.580000,0.239703233,-0.261077646,0.0552230807,0.0995907622,-0.476825347,0
3.600000,0.27725992,-0.249515806,0.0477742142,0.151726804,-0.443917231,0
3.620000,0.305595868,-0.252637644,0.0453233014,0.159492068,-0.434486276,0
3.640000,0.276489448,-0.268004546,0.0915213772,0.145683767,-0.429830087,0
3.660000,0.31218843,-0.261671074,0.0763818171,0.177152526,-0.437476014,0
3.680000,0.301004001,-0.277651155,0.0891573973,0.174938749,-0.406883048,0
3.700000,0.323561244,-0.266215625,0.0661568569,0.160889843,-0.450645801,0
3.720000,0.346311954,-0.280135204,0.0818821807,0.183600291,-0.441179174,0
3.740000,0.349261833,-0.287100617,0.0684923354,0.162611193,-0.428317103,0
3.760000,0.386380063,-0.286323163,0.0991210079,0.167507768,-0.446690237,0
3.780000,0.388109421,-0.324165691,0.0912197476,0.176494504,-0.456667241,0
3.800000,0.368153195,-0.299631204,0.0697727398,0.176583784,-0.40675567,0
3.820000,0.374010158,-0.310040338,0.0836340665,0.155740954,-0.422625405,0
3.840000,0.409460853,-0.302791747,0.106959104,0.15869968,-0.433801403,0
3.860000,0.415188273,-0.345051098,0.0704108146,0.181018921,-0.400535645,0
3.880000,0.416918213,-0.326789594,0.094464191,0.187992164,-0.419429901,0
3.900000,0.397494628,-0.310434187,0.10473971,0.213414209,-0.395287344,0
3.920000,0.410200777,-0.34107515,0.137615959,0.220173482,-0.383721118,0
3.940000,0.440527151,-0.328043075,0.10717385,0.224891124,-0.41608482,0
3.960000,0.402572218,-0.372356219,0.113781613,0.208320145,-0.396125862,0
3.980000,0.426979727,-0.367966016,0.144855175,0.246070769,-0.414405481,0
4.000000,0.435194312,-0.319964824,0.115862355,0.218034515,-0.382186327,0
4.020000,0.410090149,-0.364489946,0.140815548,0.229468899,-0.386398322,0
4.040000,0.440314608,-0.388341884,0.133977021,0.202940093,-0.346621869,0
4.060000,0.436926473,-0.354089777,0.128123559,0.211767973,-0.376183029,0
4.080000,0.457927263,-0.380735161,0.149689533,0.216822922,-0.346886585,0
4.100000,0.478787747,-0.345261693,0.16268223,0.219948089,-0.357588126,0
4.120000,0.448891601,-0.383775139,0.123887435,0.215227584,-0.337257046,0
4.140000,0.46582683,-0.384176955,0.126363738,0.224863591,-0.306209465,0
4.160000,0.43567102,-0.37662319,0.135685404,0.20993093,-0.318040276,0
4.180000,0.474367922,-0.355780756,0.146064621,0.208135216,-0.328671133,0
4.200000,0.486731877,-0.397385569,0.160487628,0.237017047,-0.334946219,0
4.220000,0.452771839,-0.395447311,0.156441954,0.247958175,-0.318833362,0
4.240000,0.486214179,-0.384546674,0.183061977,0.239130978,-0.327714697,0
4.260000,0.4946825,-0.407185489,0.155153564,0.226834927,-0.343807417,0
4.280000,0.486715096,-0.396008289,0.155563806,0.238816019,-0.26577477,0
4.300000,0.473103275,-0.409089845,0.192256346,0.232356888,-0.312218356,0
4.320000,0.476414996,-0.374167347,0.17761519,0.251793774,-0.291458461,0
4.340000,0.506189446,-0.379714047,0.208184926,0.195962364,-0.293956412,0
4.360000,0.495785242,-0.398023754,0.187552804,0.241661217,-0.262191789,0
4.380000,0.48379926,-0.410609357,0.18230174,0.23199484,-0.23394639,0
4.400000,0.492004573,-0.418614112,0.204215814,0.23798014,-0.274103966,0
4.420000,0.486464736,-0.400250768,0.18936239,0.21281546,-0.261305622,0
4.440000,0.49180482,-0.40044783,0.190262024,0.20394249,-0.268779437,0
4.460000,0.498013682,-0.354708108,0.193478649,0.222342973,-0.212969957,0
4.480000,0.541305986,-0.408947675,0.21035802,0.222378331,-0.228082761,0
4.500000,0.490625929,-0.420059004,0.211505891,0.242259038,-0.244060623,0
4.520000,0.508917094,-0.381392625,0.224973722,0.206559949,-0.198455475,0
4.540000,0.469673105,-0.428212122,0.174891175,0.208949744,-0.256665981,0
4.560000,0.50782737,-0.434683488,0.183424588,0.258482346,-0.207921318,0
4.580000,0.490761391,-0.408183962,0.201183174,0.248866786,-0.227545929,0
4.600000,0.524601415,-0.396776385,0.226391143,0.21133047,-0.191047882,0
4.620000,0.509248494,-0.355884608,0.204693476,0.204027325,-0.178847252,0
4.640000,0.490062646,-0.414313916,0.211337206,0.217437622,-0.161646125,0
4.660000,0.528201661,-0.360818906,0.201780814,0.238039287,-0.190686667,0
4.680000,0.520097045,-0.399437299,0.219877334,0.266960792,-0.188360894,0
4.700000,0.508979488,-0.378204673,0.190372816,0.266018811,-0.121871574,0
4.720000,0.47871603,-0.410242896,0.245183739,0.238147136,-0.184303089,0
4.740000,0.511070062,-0.402860311,0.230716049,0.190147954,-0.180429965,0
4.760000,0.450933236,-0.363286616,0.215597875,0.220580478,-0.156979186,0
4.780000,0.505041365,-0.399630645,0.225143312,0.224480968,-0.131965335,0
4.800000,0.506483245,-0.386841445,0.220527125,0.211631547,-0.129704123,0
4.820000,0.492673767,-0.368858324,0.243853578,0.229372341,-0.120039018,0
4.840000,0.462861106,-0.385534554,0.213011694,0.253046036,-0.104205421,0
4.860000,0.5050585,-0.396980575,0.22793276,0.229306698,-0.128825856,0
4.880000,0.513374303,-0.420337755,0.252613802,0.196088305,-0.151239582,0
4.900000,0.416109062,-0.40627163,0.206917766,0.226459041,-0.117912934,0
4.920000,0.463724163,-0.400442894,0.244677111,0.19622553,-0.0954707699,0
4.940000,0.486628387,-0.401316974,0.24222547,0.201487475,-0.066007836,0
4.960000,0.487233701,-0.39546897,0.243485185,0.205915484,-0.0874618351,0
4.980000,0.496378796,-0.427830639,0.208413822,0.217910416,-0.100105776,0
5.000000,0.476764271,-0.359010555,0.291457371,0.204896801,-0.0782841037,0
5.020000,0.447287409,-0.351734285,0.206448065,0.176354079,-0.0763379967,0
5.040000,0.470084858,-0.339608895,0.238525795,0.187442731,-0.0977523054,0
5.060000,0.456552242,-0.370336715,0.234638671,0.148879691,-0.0310509819,0
5.080000,0.457654302,-0.373200631,0.259929911,0.192903244,-0.0346772674,0
5.100000,0.451650734,-0.373596922,0.2761011,0.199914579,-0.0933946119,0
5.120000,0.464124752,-0.379400274,0.24087997,0.182264187,-0.0293392639,0
5.140000,0.446296198,-0.395376595,0.261357096,0.211357439,-0.0540953922,0
5.160000,0.472171935,-0.382221822,0.263429605,0.200312956,-0.0318107913,0
5.180000,0.42410772,-0.393078699,0.233820387,0.222002188,-0.0537719421,0
5.200000,0.401099823,-0.381216271,0.269168003,0.212592283,-0.0350096646,0
5.220000,0.435896068,-0.372485022,0.288460817,0.177661477,-0.0149736551,0
5.240000,0.43485851,-0.337277765,0.276668458,0.192290561,-0.044918441,0
5.260000,0.438706,-0.360914663,0.276004096,0.170977665,-0.0695995588,0
5.280000,0.415165291,-0.34418332,0.24801735,0.168892857,-0.0125820316,0
5.300000,0.449834014,-0.358322846,0.29644256,0.127846806,-0.0256634812,0
5.320000,0.406311923,-0.335366997,0.275587443,0.179952938,-0.00523232963,0
5.340000,0.415768078,-0.373219098,0.30630869,0.172097699,0.0344621355,0
5.360000,0.433971246,-0.315544373,0.277373837,0.17850318,-0.00537701684,0
5.380000,0.398125075,-0.35772367,0.280760206,0.185962009,0.0266457376,0
5.400000,0.368410121,-0.313617567,0.321604575,0.189457357,0.0256955011,0
5.420000,0.426544814,-0.328687394,0.25277348,0.127004841,-0.0208791485,0
5.440000,0.386480056,-0.35166766,0.291594872,0.157243005,-0.0238618733,0
5.460000,0.397643882,-0.311703136,0.267566769,0.141490003,0.0192636317,0
5.480000,0.419166013,-0.359202012,0.282030633,0.158397159,-0.0092434582,0
5.500000,0.373950631,-0.343765572,0.270055511,0.16153602,0.017112825,0
5.520000,0.369583764,-0.296722447,0.269183461,0.120188655,0.0292884338,0
5.540000,0.375121235,-0.322363135,0.330006229,0.128153684,0.0480316466,0
5.560000,0.339153263,-0.340819761,0.295735925,0.163656252,0.0090915744,0
5.580000,0.382962702,-0.318204858,0.310263099,0.162198745,0.0346811307,0
5.600000,0.357642898,-0.319555102,0.311194976,0.133665071,0.00852539433,0
5.620000,0.350296301,-0.316728872,0.343941633,0.169345615,0.0507355981,0
5.640000,0.358696233,-0.287986859,0.28159001,0.140398828,0.0287825704,0
5.660000,0.352471127,-0.326938441,0.310802452,0.12949736,0.0636490349,0
5.680000,0.365477297,-0.321305861,0.291190781,0.118405325,0.0625838341,0
5.700000,0.330780615,-0.30701625,0.311147573,0.113983092,0.0637251807,0
5.720000,0.363580513,-0.284629781,0.325751326,0.0954886129,0.00226309459,0
5.740000,0.321891065,-0.313471319,0.26920586,0.122819408,0.0354887072,0
5.760000,0.351856027,-0.28194276,0.31542687,0.129421173,0.0516499729,0
5.780000,0.36359387,-0.27634615,0.300927391,0.119514575,0.0569480988,0
5.800000,0.290877552,-0.274365312,0.294986514,0.11007634,0.0745270035,0
5.820000,0.322025927,-0.279962458,0.316939076,0.125591909,0.0517239117,0
5.840000,0.311513627,-0.274675159,0.283502512,0.130590017,0.0170954086,0
5.860000,0.285308441,-0.276630162,0.30468856,0.124982252,0.0841512407,0
5.880000,0.33121468,-0.24796417,0.309667708,0.136442384,0.0709529015,0
5.900000,0.297596897,-0.277782702,0.267915404,0.098530562,0.0581059041,0
5.920000,0.286352954,-0.259162035,0.329903712,0.110615322,0.0440862176,0
5.940000,0.286389481,-0.237681698,0.294341584,0.0752451853,0.0526959783,0
5.960000,0.273367232,-0.213378249,0.309764062,0.0955121796,0.0538288792,0
5.980000,0.254100309,-0.258251963,0.27893078,0.102772495,0.0875148863,0
6.000000,0.25962512,-0.198262133,0.284435438,0.116938566,0.0683224496,0
6.020000,0.258710785,-0.243544695,0.336216509,0.0818685884,0.0712870643,0
6.040000,0.265213528,-0.21787288,0.295608076,0.123393371,0.0823642091,0
6.060000,0.257489198,-0.205577413,0.302653054,0.0967136155,0.0927062094,0
6.080000,0.272923806,-0.224135496,0.262664785,0.0911429871,0.0759122137,0
6.100000,0.277022819,-0.203028307,0.305388638,0.0755938705,0.0990326008,0
6.120000,0.236201534,-0.217714448,0.279964095,0.154899792,0.0883952219,0
6.140000,0.214526883,-0.172722457,0.34027695,0.0555856629,0.115591918,0
6.160000,0.234512825,-0.179292163,0.29406134,0.0503411384,0.100740532,0
6.180000,0.224107723,-0.206990685,0.321789848,0.0729224202,0.0988195221,0
6.200000,0.262294578,-0.193908944,0.267748902,0.0789904657,0.0771876251,0
6.220000,0.26018013,-0.212007707,0.292137789,0.0864878096,0.0675330096,0
6.240000,0.212592883,-0.152488717,0.254844798,0.0822516084,0.0729181408,0
6.260000,0.205913447,-0.165037813,0.293845206,0.0988682808,0.110111654,0
6.280000,0.215619815,-0.154635189,0.292844015,0.100964589,0.11512302,0
6.300000,0.190809563,-0.14897462,0.338483777,0.0647344034,0.099643769,0
6.320000,0.208133164,-0.191974942,0.266142981,0.0731027854,0.100873413,0
6.340000,0.192789532,-0.145787811,0.28623605,0.0706238539,0.138272405,0
6.360000,0.17069567,-0.139053229,0.268568661,0.0831131539,0.0871450067,0
6.380000,0.159885709,-0.165088261,0.284416896,0.0685845246,0.106729239,0
6.400000,0.200476893,-0.149535978,0.306996471,0.0256527693,0.0676230119,0
6.420000,0.153392088,-0.153215197,0.27097985,0.0687400612,0.093595378,0
6.440000,0.173100857,-0.159098363,0.296221536,0.0345324073,0.0965106129,0
6.460000,0.159491667,-0.125981582,0.271738936,0.0505167976,0.0728515089,0
6.480000,0.161416136,-0.150998609,0.290977627,0.0546969321,0.0731905205,0
6.500000,0.152436155,-0.101179128,0.261456,0.0613254271,0.0674508714,0
6.520000,0.122810371,-0.105664409,0.286674438,0.0191756337,0.104509263,0
6.540000,0.124202557,-0.0854293973,0.245705138,0.0331612923,0.101740873,0
6.560000,0.129352798,-0.103507784,0.256207812,0.0415842739,0.0836301331,0
6.580000,0.135550855,-0.0804828304,0.292614423,0.0668755425,0.0975988476,0
6.600000,0.131743279,-0.0930785761,0.238144867,0.0581254617,0.0706900169,0
6.620000,0.138308308,-0.0588361168,0.27247155,0.0554562988,0.0975654379,0
6.640000,0.106093076,-0.0577043001,0.280209473,0.0527837472,0.0893438995,0
6.660000,0.118434586,-0.0855409145,0.254290138,0.0475462983,0.139689891,0
6.680000,0.123204061,-0.0563611458,0.253362405,0.0648046767,0.0732619988,0
6.700000,0.0978698842,-0.0605525162,0.235006516,0.0668891309,0.08430782,0
6.720000,0.065388747,-0.0815040313,0.276640583,0.0373874064,0.0924196397,0
6.740000,0.097663859,-0.0781312367,0.267300289,0.0684798118,0.0654850602,0
6.760000,0.0995093204,-0.066706948,0.281150811,0.0384270395,0.0927390338,0
6.780000,0.0675541637,-0.0422712245,0.261393691,0.0408326399,0.0749067276,0
6.800000,0.144465126,-0.0413049664,0.252380374,0.0261768074,0.0844964245,0
6.820000,0.105980636,-0.0552666864,0.203910431,0.0403936483,0.129713964,0
6.840000,0.100080648,-0.0583155039,0.254380299,0.0293840659,0.106067793,0
6.860000,0.0620914303,-0.0396227384,0.26201259,0.0580630537,0.0783142974,0
6.880000,0.0670813206,-0.0324873697,0.208895469,0.0228149679,0.137287494,0
6.900000,0.0400790111,0.0118808671,0.259293395,0.0577434735,0.0679017972,0
6.920000,0.0631898663,-0.0400193822,0.227048901,0.0401012484,0.0702739862,0
6.940000,0.0613569354,-0.0408962194,0.252749081,0.0247234961,0.0429688804,0
6.960000,0.0945233106,0.00785727189,0.217463521,0.0502406163,0.0881830882,0
6.980000,0.0600976964,0.0231416905,0.213690089,0.0227491043,0.082360638,0
7.000000,0.0110231249,0.0137729028,0.200723134,0.0605739989,0.0545116343,0
7.020000,0.0483169972,0.00294026653,0.248519179,0.0443206759,0.0632107017,0
7.040000,0.0356306934,0.0431875079,0.220532526,0.024612348,0.0526014057,0
7.060000,0.0728032809,0.0274769363,0.205649602,0.0521343192,0.0731949269,0
7.080000,0.0616865878,0.00621794917,0.193244529,0.0146672663,0.0921227078,0
7.100000,0.0245327791,-0.00104939195,0.223590875,0.0511376526,0.0395281759,0
7.120000,0.0506262578,0.0438649426,0.236696582,0.0110228479,0.0505185753,0
7.140000,-0.00335589896,0.0201630676,0.230852569,0.0452067742,0.0460441771,0
7.160000,-0.00170422438,0.0463038425,0.192160528,0.0525262116,0.0392780715,0
7.180000,0.0169346295,0.028871106,0.169947835,0.0390882286,0.0836716128,0
7.200000,0.000136207562,0.0519509006,0.17218915,0.0460579746,0.0749129898,0
7.220000,0.0167210955,0.0571139515,0.202310947,0.0532265343,0.0303540903,0
7.240000,0.0907619537,0.0650428155,0.170275675,0.0504518722,0.0752838699,0
7.260000,-0.00515164318,0.0672200228,0.192955366,0.0453466226,0.00463887108,0
7.280000,-0.00434889773,0.070356347,0.186774589,0.0510200196,0.0437763136,0
7.300000,0.00989769915,0.0466521679,0.18784335,0.0293827682,0.0220653311,0
7.320000,0.0318127739,0.0487591707,0.179213471,0.00689041899,0.0298088222,0
7.340000,-0.00773751116,0.0860058894,0.17372615,0.0397813541,0.0226971338,0
7.360000,0.01190242,0.0254664439,0.184001536,0.0489030538,0.00790902738,0
7.380000,0.0393279009,0.0798998222,0.152372256,0.0567643647,0.0466420775,0
7.400000,-0.0257806875,0.0803592534,0.169207943,0.05880853,0.0251066229,0
7.420000,0.0285232903,0.0818914786,0.167060871,0.0389693012,0.00795030302,0
7.440000,-0.0309303635,0.105568309,0.131047496,0.0232852429,0.0331096104,0
7.460000,-0.0163619612,0.0852650266,0.181825859,0.0492193897,0.0250577921,0
7.480000,-0.0165857272,0.0911565029,0.183128963,0.0482576764,0.0284843929,0
7.500000,0.00200557329,0.0900272959,0.124473218,0.0288674764,-0.0206621502,0
7.520000,-0.012416716,0.0996156993,0.175895743,0.0528314921,0.0102106992,0
7.540000,-0.0374447142,0.130945008,0.149002616,0.0308325043,0.00386264204,0
7.560000,-0.0314229408,0.122414365,0.146045594,0.0678390584,-0.0408726135,0
7.580000,-0.0441781976,0.147671838,0.117869995,0.0465439192,-0.00904916631,0
7.600000,-0.050942804,0.114411352,0.14235957,0.0368590521,-0.0255379012,0
7.620000,-0.0279757081,0.136815683,0.107613986,0.0761602338,-0.0336441011,0
7.640000,-0.0409861936,0.170351555,0.0853070239,0.040294481,-0.0328757018,0
7.660000,-0.0577984201,0.167554581,0.104375659,0.0633286559,-0.0075392879,0
7.680000,-0.0671787396,0.130718738,0.0935134056,0.0638370268,-0.0491353248,0
7.700000,-0.0825879342,0.0997010533,0.0924095246,0.0369445748,0.0079645668,0
7.720000,-0.0691165429,0.123419876,0.108975608,0.0642298981,-0.0207036944,0
7.740000,-0.035394959,0.15317661,0.108760482,0.0780405131,-0.0512624475,0
7.760000,-0.0155708892,0.132187609,0.0630181087,0.048376719,-0.041092971,0
7.780000,-0.0420700878,0.124974207,0.0955590794,0.0434628969,-0.056737906,0
7.800000,-0.0758877833,0.168520805,0.088449361,0.058431065,-0.0542672824,0
7.820000,-0.064523383,0.138501579,0.0495852796,0.101937183,-0.00964235534,0
7.840000,-0.0262450409,0.141491727,0.100913349,0.0813951731,-0.0843403746,0
7.860000,-0.0519322347,0.140039817,0.0572059924,0.0390346827,-0.0462702659,0
7.880000,-0.069409611,0.182204655,0.0738171966,0.0554341566,-0.0228777203,0
7.900000,-0.0586857028,0.137698082,0.0550892044,0.0334973117,-0.0496810384,0
7.920000,-0.0812823527,0.174148751,0.0732231912,0.0950797146,-0.0885044871,0
7.940000,-0.0586391823,0.144658002,0.0634424977,0.0909641408,-0.0628610386,0
7.960000,-0.0686887621,0.159047882,0.0733601454,0.0489490141,-0.0599459855,0
7.980000,-0.0546235612,0.170037122,0.0360531976,0.0935002374,-0.0564928334,0
8.000000,-0.0672142875,0.151315391,0.00389312777,0.0802238127,-0.0902431971,0
8.020000,-0.0611856488,0.162206768,0.00300561039,0.102388071,-0.0528090093,0
8.040000,-0.0540278357,0.172556567,0.00372345541,0.114063485,-0.0731634336,0
8.060000,-0.0536114603,0.172299791,0.010881624,0.026319255,-0.0816254486,0
8.080000,-0.0663248147,0.172405558,0.029284397,0.108143887,-0.0994373307,0
8.100000,-0.0451176863,0.191136933,-0.00287078644,0.0988225439,-0.123396615,0
8.120000,-0.0416195065,0.190229463,0.0385343106,0.0647738156,-0.119118689,0
8.140000,-0.0296734547,0.165231823,0.00764358405,0.0724582026,-0.124026437,0
8.160000,-0.0757218997,0.194064599,0.0386585397,0.102321089,-0.126345953,0
8.180000,-0.0497855779,0.202658865,-0.00549289829,0.107839915,-0.132490219,0
8.200000,-0.0643589009,0.187340907,-0.0203696527,0.0729076993,-0.129992635,0
8.220000,-0.031843349,0.202425427,-0.0201380952,0.095895261,-0.109340862,0
8.240000,-0.063852265,0.193033732,-0.0231071562,0.113954271,-0.126164015,0
8.260000,-0.0199665216,0.189227523,0.00165986728,0.106718529,-0.0927646294,0
8.280000,-0.0318796917,0.160075321,-0.0129260307,0.0843582888,-0.158255642,0
8.300000,-0.0698627294,0.170474986,-0.0130808485,0.164132097,-0.148952335,0
8.320000,-0.0756294441,0.201456817,-0.0156898481,0.0983900398,-0.142683186,0
8.340000,-0.0458940344,0.217489003,-0.0179561729,0.107944187,-0.162356417,0
8.360000,-0.0407810429,0.191110638,-0.0262880852,0.100892221,-0.160776919,0
8.380000,-0.0750556591,0.212531459,-0.0792115631,0.120028565,-0.187292928,0
8.400000,-0.0394973522,0.192683487,-0.019679009,0.0834709617,-0.145158698,0
8.420000,-0.0521506143,0.190686703,-0.0354840947,0.165681009,-0.180739061,0
8.440000,-0.0450403026,0.208397945,-0.0849208603,0.135990572,-0.199351699,0
8.460000,-0.0656430574,0.193650687,-0.0482732314,0.108028351,-0.170418931,0
8.480000,-0.0508636033,0.268618773,-0.100397811,0.130092431,-0.175938476,0
8.500000,-0.0460808025,0.236041379,-0.0753194458,0.10159321,-0.17560202,0
8.520000,-0.0279099998,0.144425025,-0.0721621925,0.114679516,-0.186261792,0
8.540000,-0.050229851,0.17590208,-0.0706175054,0.107006297,-0.191476503,0
8.560000,-0.0352505601,0.155284328,-0.079332916,0.162860322,-0.186446003,0
8.580000,-0.0379544497,0.177684583,-0.0904254517,0.101582989,-0.247457553,0
8.600000,-0.0601253896,0.189829901,-0.0889168157,0.148380193,-0.20775995,0
8.620000,-0.0309937764,0.170390331,-0.082407655,0.139430851,-0.17444841,0
8.640000,-0.0617840902,0.180137068,-0.111034858,0.148333328,-0.180030995,0
8.660000,-0.0228512826,0.212725684,-0.0678195848,0.138597575,-0.20689843,0
8.680000,-0.0291476175,0.191021519,-0.0856109883,0.135598675,-0.200986159,0
8.700000,-0.0752115159,0.159942294,-0.0848070412,0.159339618,-0.203540537,0
8.720000,-0.0339098813,0.139788568,-0.118715436,0.126028702,-0.226148243,0
8.740000,-0.0127924839,0.210079425,-0.101124696,0.134649124,-0.249581158,0
8.760000,-0.0466279684,0.186658946,-0.103043472,0.127072612,-0.242349162,0
8.780000,-0.00917323773,0.176991299,-0.11977005,0.136325949,-0.175506793,0
8.800000,-0.0209991763,0.140721864,-0.173383357,0.154845703,-0.202459772,0
8.820000,-0.0507156245,0.146133239,-0.161138072,0.148746485,-0.234030889,0
8.840000,-0.041176369,0.148277565,-0.127154132,0.143427936,-0.249360956,0
8.860000,-0.0333669626,0.173100751,-0.136033296,0.191652357,-0.226076511,0
8.880000,0.0118534839,0.204439719,-0.157670852,0.185614997,-0.240556506,0
8.900000,-0.027129789,0.160376852,-0.130172707,0.171364326,-0.222433451,0
8.920000,-0.0219730659,0.189468377,-0.128616034,0.158592695,-0.222948917,0
8.940000,-0.0238498931,0.172300008,-0.153911255,0.178333167,-0.243563397,0
8.960000,-0.0253325395,0.151319269,-0.136841512,0.206860529,-0.274454165,0
8.980000,0.00336300748,0.163933143,-0.145780902,0.161726943,-0.274173062,0
9.000000,-0.0231459474,0.216750469,-0.206118399,0.169558324,-0.252337033,0
9.020000,-0.0193925546,0.143881693,-0.149507741,0.207030149,-0.250814317,0
9.040000,-0.0235224769,0.149081611,-0.181391944,0.169480338,-0.228531698,0
9.060000,-0.0393967303,0.163226288,-0.209285969,0.189736429,-0.235019702,0
9.080000,0.015235761,0.169957523,-0.195082789,0.210221641,-0.284460008,0
9.100000,0.033808849,0.17582132,-0.206920943,0.188224138,-0.24900731,0
9.120000,-0.0237107358,0.137070273,-0.192192739,0.220880222,-0.250271059,0
9.140000,0.00442320163,0.137221743,-0.18842493,0.174629988,-0.266772802,0
9.160000,-0.0267316085,0.132515609,-0.216562557,0.175170427,-0.265513888,0
9.180000,0.000818468093,0.168123968,-0.211708634,0.160741671,-0.267550536,0
9.200000,0.000359495361,0.164270055,-0.192784641,0.220601942,-0.279561359,0
9.220000,0.00292695626,0.178998589,-0.199712436,0.212200014,-0.231174619,0
9.240000,-0.0219412644,0.144170251,-0.20318864,0.147418993,-0.265228954,0
9.260000,-0.0124661981,0.133243172,-0.230009182,0.218073971,-0.263463086,0
9.280000,0.0031271965,0.105007178,-0.234761604,0.200683356,-0.278432873,0
9.300000,-0.0148987144,0.13568026,-0.218220201,0.201335464,-0.275359225,0
9.320000,-0.00947541848,0.156063795,-0.222085946,0.176120025,-0.286814477,0
9.340000,0.0189730885,0.186024424,-0.257283863,0.21438841,-0.294970395,0
9.360000,0.0363464297,0.146479846,-0.26016814,0.222756519,-0.291625232,0
9.380000,0.013923883,0.119033278,-0.242428664,0.168543038,-0.276400749,0
9.400000,-0.00533916432,0.108597611,-0.271147645,0.209376077,-0.281937375,0
9.420000,0.0282296134,0.0788013732,-0.264649932,0.214969874,-0.278944944,0
9.440000,-0.0212675174,0.136208402,-0.1955986,0.176980123,-0.282418091,0
9.460000,0.0130899833,0.112566668,-0.246184014,0.209612873,-0.267429192,0
9.480000,0.00714870919,0.115875216,-0.228246484,0.196053606,-0.311896059,0
9.500000,0.0379848881,0.11008529,-0.262907421,0.222450145,-0.302267927,0
9.520000,0.0260349309,0.0757552281,-0.2902102,0.189568562,-0.2754195,0
9.540000,0.0181019679,0.0823190666,-0.243483088,0.181414546,-0.261122539,0
9.560000,0.0784700024,0.0909218792,-0.256550384,0.19349187,-0.300725986,0
9.580000,-0.0192591455,0.100146311,-0.247402275,0.216638659,-0.281511244,0
9.600000,0.0187392671,0.081775435,-0.282716814,0.207610855,-0.299652202,0
9.620000,0.0441036169,0.0849442975,-0.303261359,0.202175888,-0.276148729,0
9.640000,0.0067618578,0.0929951339,-0.296870101,0.193639124,-0.284407932,0
9.660000,0.0387265571,0.118172744,-0.305395951,0.163324735,-0.29260684,0
9.680000,0.0120208755,0.0842855394,-0.268792804,0.169605882,-0.29724042,0
9.700000,0.0285003175,0.0370920554,-0.312475849,0.228372077,-0.300805812,0
9.720000,0.00241317785,0.0570899326,-0.25819079,0.207068812,-0.311010429,0
9.740000,0.0453683607,0.110581337,-0.305460522,0.222492894,-0.322151318,0
9.760000,0.033653729,0.0538629514,-0.304729558,0.229321279,-0.294275966,0
9.780000,0.0100373945,0.0622836962,-0.284021968,0.206591114,-0.316234764,0
9.800000,-0.0046832871,0.0899119562,-0.289871126,0.184618682,-0.271024262,0
9.820000,0.0190203026,0.0517170361,-0.294325137,0.251662317,-0.298806053,0
9.840000,0.0191869636,0.0239061463,-0.286083669,0.20531179,-0.324415918,0
9.860000,0.0374551371,0.0176073613,-0.319494659,0.208272217,-0.281236428,0
9.880000,0.0494389636,0.0776933894,-0.316871463,0.204416917,-0.287852575,0
9.900000,0.0227293974,0.0465800794,-0.333575999,0.204856535,-0.308981754,0
9.920000,0.0353333707,0.0494694319,-0.329730648,0.190420804,-0.29028419,0
9.940000,0.0136711299,0.0205499797,-0.33514225,0.188476053,-0.266722395,0
9.960000,0.0294629108,0.0387130899,-0.331950019,0.162767969,-0.285754811,0
9.980000,0.0450536802,0.0201320643,-0.330360495,0.194701175,-0.277057423,0
10.000000,0.050793828,0.0412455597,-0.311308694,0.223740481,-0.285026871,0
10.020000,0.0336165774,0.0123977079,-0.303339591,0.210808726,-0.268158936,0
10.040000,0.0222748377,0.0305747137,-0.299213219,0.211789793,-0.286612113,0
10.060000,0.0573712062,0.00498880654,-0.335856035,0.194208439,-0.261186047,0
10.080000,0.0123891397,0.00443205339,-0.327039176,0.214197182,-0.254248512,0
10.100000,0.0236668999,-0.0158408873,-0.325605135,0.203974697,-0.234624592,0
10.120000,0.0577341996,-0.0140500691,-0.301061118,0.187675219,-0.249620857,0
10.140000,0.0279837098,0.00765494277,-0.302283119,0.193465395,-0.264395819,0
10.160000,0.0346025872,-0.0019200739,-0.330554883,0.18927862,-0.308762768,0
10.180000,-0.00935528995,-0.0495346829,-0.315011832,0.189536347,-0.256230527,0
10.200000,0.0849979382,0.00145998572,-0.317959475,0.233753713,-0.284993632,0
10.220000,0.0186446704,-0.0110624791,-0.350372149,0.21866946,-0.28949875,0
10.240000,0.0310874547,-0.0422738908,-0.331714626,0.157897384,-0.240815093,0
10.260000,0.0327762516,-0.0536603843,-0.340677882,0.161596542,-0.26784097,0
10.280000,0.0333186988,0.0224596307,-0.339158979,0.180432202,-0.245545244,0
10.300000,0.0510434908,0.0123577085,-0.357175208,0.175815301,-0.247095694,0
10.320000,0.0212819837,-0.0356994378,-0.342053531,0.199007078,-0.233767971,0
10.340000,0.0850077125,-0.0218814469,-0.336579959,0.168409231,-0.239127989,0
10.360000,0.018758048,-0.0315309268,-0.316358561,0.19258442,-0.259305383,0
10.380000,0.0149973177,-0.05867733,-0.332154094,0.171207909,-0.225102877,0
10.400000,0.0357249841,-0.0649076977,-0.338609573,0.217998872,-0.241997676,0
10.420000,0.0384360697,-0.0620415972,-0.344298295,0.179306307,-0.262942148,0
10.440000,0.0086779064,-0.0603269478,-0.326878617,0.153860855,-0.233409541,0
10.460000,0.0340162742,-0.0562000502,-0.339549278,0.170946818,-0.238815084,0
10.480000,0.0313177299,-0.0788807743,-0.336565407,0.164449221,-0.213131019,0
10.500000,0.052983376,-0.0364330614,-0.341151634,0.142738236,-0.2191581,0
10.520000,0.0454584567,-0.0754679057,-0.353315698,0.145544345,-0.23079756,0
10.540000,0.0103416742,-0.0594975167,-0.330094068,0.179160029,-0.194072975,0
10.560000,0.000489026143,-0.0390558549,-0.347244141,0.146492349,-0.25076577,0
10.580000,0.0295409705,-0.059324489,-0.307580838,0.179324812,-0.224637941,0
10.600000,0.050266968,-0.0880133944,-0.317629343,0.203237971,-0.195175985,0
10.620000,0.00770384509,-0.0776845467,-0.351899912,0.149734678,-0.230397877,0
10.640000,0.0504278388,-0.118279262,-0.318356508,0.151257348,-0.227185962,0
10.660000,0.0146819968,-0.114876294,-0.357721892,0.142224017,-0.173671574,0
10.680000,0.0276043656,-0.119330841,-0.327596056,0.157337831,-0.236297043,0
10.700000,0.0305769911,-0.0792958377,-0.336386409,0.136981091,-0.19825218,0
10.720000,0.0069184522,-0.0728926002,-0.339912738,0.139030364,-0.155910904,0
10.740000,0.0165027541,-0.099619899,-0.390358117,0.197053832,-0.193161927,0
10.760000,-0.0233737667,-0.13594124,-0.320691291,0.105685413,-0.174418068,0
10.780000,0.00864050031,-0.119980454,-0.346610348,0.137355242,-0.160457071,0
10.800000,-0.0358750767,-0.137359076,-0.327100572,0.170343517,-0.157542375,0
10.820000,-0.0153548218,-0.0889691524,-0.328402385,0.145176281,-0.175795238,0
10.840000,0.0249563849,-0.0818769884,-0.327966882,0.163469062,-0.16772164,0
10.860000,0.00345664207,-0.119979996,-0.313041956,0.1025018,-0.161746458,0
10.880000,-0.0172517776,-0.112851928,-0.345732792,0.152049299,-0.192877425,0
10.900000,-0.0150690438,-0.146864205,-0.376778991,0.165734468,-0.162493644,0
10.920000,-0.0296905868,-0.0904873779,-0.340520533,0.134126697,-0.147846572,0
10.940000,-0.0357530859,-0.138657779,-0.351896279,0.127900003,-0.149535203,0
10.960000,-0.0169557975,-0.142815281,-0.309528187,0.136735718,-0.160664065,0
10.980000,-0.0140124976,-0.0964593063,-0.34282042,0.124502225,-0.131166477,0
11.000000,-0.0369665552,-0.126933488,-0.364978636,0.0920650012,-0.0753707228,0
11.020000,0.0058796333,-0.133138312,-0.354290134,0.0967549509,-0.117107619,0
11.040000,-0.0185580879,-0.149074636,-0.33443635,0.0647943916,-0.144604006,0
11.060000,-0.0431212508,-0.17486687,-0.340561968,0.104443658,-0.0863137779,0
11.080000,-0.00352954834,-0.157843034,-0.300266295,0.0773152078,-0.12246493,0
11.100000,-0.0463528519,-0.125336737,-0.33351063,0.0873403,-0.119781024,0
11.120000,-0.02347207,-0.135230368,-0.314841365,0.0870167738,-0.0667888195,0
11.140000,-0.0416051878,-0.131831127,-0.320924937,0.0829068641,-0.078739931,0
11.160000,-0.0411392442,-0.168209866,-0.349355006,0.0977809501,-0.0910871521,0
11.180000,-0.0449630674,-0.144029521,-0.312164234,0.0948781754,-0.115068113,0
11.200000,-0.0218519965,-0.165979004,-0.312816471,0.0668592148,-0.0996213545,0
11.220000,-0.052206615,-0.167722219,-0.324685546,0.0638626207,-0.0382582324,0
11.240000,-0.124262524,-0.144005606,-0.300518288,0.0502860981,-0.0600750268,0
11.260000,-0.0829858655,-0.164039819,-0.319977459,0.0244815145,-0.0826238186,0
11.280000,-0.0447965881,-0.167576239,-0.343721071,0.053070889,-0.0369841419,0
11.300000,-0.0625017117,-0.172046554,-0.281937214,0.0724839547,-0.0785611239,0
11.320000,-0.0787661121,-0.143211918,-0.298784167,0.0503599572,-0.0604500342,0
11.340000,-0.0958537521,-0.16202511,-0.296672366,0.0357152758,-0.0986833687,0
11.360000,-0.0457611482,-0.148064303,-0.323418509,0.00186837869,-0.0399676362,0
11.380000,-0.046816309,-0.144407775,-0.337325584,0.0289204076,-0.0230709633,0
11.400000,-0.0996677464,-0.186389663,-0.33246568,0.0083298816,-0.0298683248,0
11.420000,-0.0714284828,-0.170762358,-0.299734333,0.0497467879,-0.0308143279,0
11.440000,-0.0993538107,-0.140132368,-0.331071351,0.039248902,-0.0455008475,0
11.460000,-0.104343705,-0.166558649,-0.308104972,0.0309556274,-0.0520461608,0
11.480000,-0.0728598909,-0.158052673,-0.336203279,0.0334731324,-0.020695371,0
11.500000,-0.0983116483,-0.159058467,-0.348857831,0.0381058067,-0.0371917707,0
11.520000,-0.116056205,-0.188009489,-0.316295616,0.00521416147,0.00182840566,0
11.540000,-0.122239659,-0.150822347,-0.27166562,0.00323684945,-0.0220385557,0
11.560000,-0.102166466,-0.170960395,-0.312169811,0.0163651879,0.017495691,0
11.580000,-0.104013616,-0.191495381,-0.344386669,-0.0214166142,-0.0306485402,0
11.600000,-0.120874038,-0.187069,-0.284034763,-0.0300823817,0.0272789494,0
11.620000,-0.147141666,-0.19127628,-0.298551643,-0.00337307214,0.0451054974,0
11.640000,-0.106613966,-0.185520947,-0.339261515,-0.0342721199,0.00941527422,0
11.660000,-0.118690674,-0.143821624,-0.296534703,-0.0173420567,0.0180275793,0
11.680000,-0.14285688,-0.163063013,-0.297228059,-0.00305367181,0.0256691386,0
11.700000,-0.112131107,-0.187460042,-0.279190353,-0.0212385841,0.0521319675,0
11.720000,-0.193429864,-0.151928666,-0.286535195,0.00129957325,0.00495171066,0
11.740000,-0.174533244,-0.177100636,-0.250264401,-0.0789244334,0.0539471361,0
11.760000,-0.144110902,-0.182265993,-0.268109101,-0.0450494599,0.0447952757,0
11.780000,-0.209099538,-0.204211919,-0.283818271,-0.0403160416,0.035164623,0
11.800000,-0.122557159,-0.148921362,-0.258320055,-0.0423190153,0.0647581976,0
11.820000,-0.168400522,-0.168338112,-0.285486922,-0.0172150927,0.109176878,0
11.840000,-0.194737367,-0.184988171,-0.273543997,-0.0533684494,0.0545683629,0
11.860000,-0.160956166,-0.153747529,-0.299935991,-0.0733112517,0.0850538349,0
11.880000,-0.203194545,-0.206561192,-0.287459006,-0.0582482777,0.0991659398,0
11.900000,-0.198547427,-0.166769413,-0.275838705,-0.0514755551,0.0820202903,0
11.920000,-0.129823882,-0.189939391,-0.25944012,-0.0532907283,0.0710373538,0
11.940000,-0.212346198,-0.185994837,-0.207411427,-0.0791747621,0.101859656,0
11.960000,-0.222356421,-0.186844263,-0.26895391,-0.090734287,0.115565347,0
11.980000,-0.219242148,-0.152025489,-0.269323393,-0.0832220802,0.118674239,0
12.000000,-0.196470247,-0.178605013,-0.28761973,-0.0666901412,0.100923053,0
12.020000,-0.186419247,-0.188383629,-0.236285552,-0.0624271398,0.105742685,0
12.040000,-0.209534844,-0.146590836,-0.266609021,-0.0852791091,0.137154455,0
12.060000,-0.194615286,-0.171935879,-0.251620496,-0.10723334,0.0964856796,0
12.080000,-0.241264109,-0.167029618,-0.252331808,-0.108091418,0.146837677,0
12.100000,-0.219958184,-0.162986944,-0.239665564,-0.0660914346,0.0936581894,0
12.120000,-0.256930259,-0.171471515,-0.217122535,-0.0948903131,0.142801631,0
12.140000,-0.210889767,-0.176436627,-0.232141734,-0.132699358,0.157577309,0
12.160000,-0.260779132,-0.168791091,-0.254218922,-0.108931108,0.155790895,0
12.180000,-0.238503725,-0.132741426,-0.191829685,-0.107310971,0.147485478,0
12.200000,-0.254385489,-0.164276606,-0.269368102,-0.149083121,0.134768061,0
12.220000,-0.256127946,-0.170433663,-0.256029672,-0.136268615,0.152902333,0
12.240000,-0.270217001,-0.164813982,-0.266113132,-0.123771856,0.141890874,0
12.260000,-0.226434469,-0.153443944,-0.234301773,-0.145012388,0.156601572,0
12.280000,-0.286622301,-0.15372841,-0.219432361,-0.146108765,0.163439925,0
12.300000,-0.296628528,-0.140287268,-0.190651652,-0.144717394,0.161757526,0
12.320000,-0.297841474,-0.16154725,-0.209717252,-0.117840762,0.182936684,0
12.340000,-0.28033661,-0.151599282,-0.2191256,-0.121089694,0.19497131,0
12.360000,-0.271642205,-0.139093679,-0.205663763,-0.1281871,0.174032587,0
12.380000,-0.304500277,-0.199563825,-0.209455374,-0.150096521,0.215616483,0
12.400000,-0.26353125,-0.160493041,-0.189329375,-0.195462965,0.197542195,0
12.420000,-0.306755669,-0.147475099,-0.189850128,-0.157329706,0.213210053,0
12.440000,-0.300836542,-0.145564414,-0.183197856,-0.16151124,0.19254124,0
12.460000,-0.291543096,-0.128304724,-0.244194678,-0.160990165,0.223057813,0
12.480000,-0.294401031,-0.103853336,-0.207911843,-0.162981907,0.21000879,0
12.500000,-0.337812789,-0.118960929,-0.174074301,-0.183216263,0.204160296,0
12.520000,-0.336498029,-0.175075098,-0.194628357,-0.193299935,0.195912433,0
12.540000,-0.336780953,-0.116130897,-0.182645235,-0.169865586,0.205207471,0
12.560000,-0.332952092,-0.112407044,-0.158159384,-0.194389763,0.215035963,0
12.580000,-0.339918115,-0.10784277,-0.148853476,-0.17208948,0.181366244,0
12.600000,-0.337592382,-0.141144198,-0.175495581,-0.201719456,0.222251346,0
12.620000,-0.348675427,-0.0969569632,-0.16809957,-0.217895539,0.213125417,0
12.640000,-0.34562957,-0.10835448,-0.17193342,-0.163265408,0.247598002,0
12.660000,-0.343714944,-0.102879453,-0.186833378,-0.203973205,0.21831628,0
12.680000,-0.343943911,-0.0906719012,-0.178793659,-0.224241372,0.251842567,0
12.700000,-0.351803929,-0.104360779,-0.141492103,-0.181376006,0.235261752,0
12.720000,-0.333756522,-0.0750638338,-0.186339993,-0.212606985,0.209571581,0
12.740000,-0.368816407,-0.0480323224,-0.1596321,-0.199654967,0.263342414,0
12.760000,-0.376260431,-0.116868231,-0.185112196,-0.213673931,0.282532891,0
12.780000,-0.388737532,-0.102709114,-0.161686949,-0.229484423,0.279500399,0
12.800000,-0.370998206,-0.0748244604,-0.182552933,-0.209816084,0.273123957,0
12.820000,-0.403312934,-0.0836212688,-0.154699082,-0.215094861,0.239038928,0
12.840000,-0.383997152,-0.0962769008,-0.152694861,-0.211771629,0.283792936,0
12.860000,-0.362989173,-0.057183769,-0.154112075,-0.259395746,0.28971291,0
12.880000,-0.413635869,-0.0844576401,-0.147236288,-0.219385368,0.266658402,0
12.900000,-0.352047288,-0.0937680333,-0.131386065,-0.212208764,0.277562038,0
12.920000,-0.391526384,-0.0832446935,-0.182166383,-0.226531662,0.277099712,0
12.940000,-0.399795569,-0.0855388489,-0.144736904,-0.242908852,0.248300706,0
12.960000,-0.383798185,-0.0867133457,-0.150830595,-0.277504896,0.259764451,0
12.980000,-0.434814431,-0.0676963566,-0.133501852,-0.258648095,0.266083212,0
13.000000,-0.443918329,-0.0382873896,-0.144532735,-0.246749415,0.270555591,0
13.020000,-0.447164449,-0.075437497,-0.137375733,-0.244547204,0.258635631,0
13.040000,-0.428854971,-0.0522472589,-0.128920888,-0.23596203,0.293165466,0
13.060000,-0.416120085,-0.0571355119,-0.0885264577,-0.2781813,0.322913289,0
13.080000,-0.441746352,-0.0568711883,-0.115564122,-0.288871119,0.274869748,0
13.100000,-0.409591692,-0.0637926277,-0.143048124,-0.304912412,0.29421875,0
13.120000,-0.409029685,-0.0312200549,-0.139776694,-0.297355998,0.28112708,0
13.140000,-0.43077989,-0.0241568702,-0.0869320165,-0.255396758,0.313761149,0
13.160000,-0.427695206,-0.0305655748,-0.0887379901,-0.251537606,0.276998445,0
13.180000,-0.404175034,-0.0515542794,-0.137541646,-0.262256698,0.277614929,0
13.200000,-0.424386926,-0.0345253429,-0.103699926,-0.259222286,0.306007385,0
13.220000,-0.438149627,-0.037388239,-0.127220636,-0.247246955,0.26432315,0
13.240000,-0.462784539,-0.0469237768,-0.0995962966,-0.263925395,0.261798946,0
13.260000,-0.398349658,-0.066447759,-0.12357485,-0.273027372,0.247104575,0
13.280000,-0.489812554,-0.0435901047,-0.0724937234,-0.237848522,0.33511462,0
13.300000,-0.456965265,-0.0354336504,-0.112100533,-0.258083507,0.246735515,0
13.320000,-0.462347078,0.0156867777,-0.0909683168,-0.245461533,0.310679989,0
13.340000,-0.479240325,-0.0151835339,-0.142322059,-0.299985616,0.302289873,0
13.360000,-0.412417299,-0.00689384811,-0.0349192655,-0.292578701,0.289467084,0
13.380000,-0.472240462,0.0246194721,-0.11375197,-0.276052929,0.301347973,0
13.400000,-0.460293863,0.0122852949,-0.0859402812,-0.235615313,0.265685244,0
13.420000,-0.486447434,0.00331372474,-0.123443657,-0.274559153,0.282520388,0
13.440000,-0.50055701,-0.00147421529,-0.0855877578,-0.285847016,0.308971359,0
13.460000,-0.461696957,-0.000857490289,-0.0900611385,-0.291670099,0.318475937,0
13.480000,-0.477489853,0.00969962767,-0.0555265639,-0.288999897,0.289187987,0
13.500000,-0.438873227,0.00688907297,-0.101347442,-0.282411905,0.258427604,0
13.520000,-0.467448375,0.0310531214,-0.107842654,-0.31149719,0.257468627,0
13.540000,-0.429016553,0.0163648143,-0.0590305353,-0.30428622,0.264645347,0
13.560000,-0.466592028,0.0348280767,-0.0168045421,-0.311080717,0.277130694,0
13.580000,-0.460499895,0.0574766177,-0.0813795204,-0.28040761,0.279470417,0
13.600000,-0.4856153,0.025602046,-0.0632492412,-0.273165444,0.315128721,0
13.620000,-0.451595374,0.0147093493,-0.0580359228,-0.269858862,0.280707286,0
13.640000,-0.498042853,0.0523079114,-0.0630526946,-0.308063768,0.311349665,0
13.660000,-0.448120863,0.0931657415,-0.062720237,-0.306437581,0.263548569,0
13.680000,-0.444001997,0.121009311,-0.038648388,-0.273749435,0.307737534,0
13.700000,-0.435895647,0.0194654344,-0.0643688894,-0.296172187,0.305833075,0
13.720000,-0.425152431,0.0890732176,-0.0636177431,-0.306918956,0.299341918,0
13.740000,-0.498183405,0.0479131736,-0.0863964305,-0.33176907,0.291939929,0
13.760000,-0.485283758,0.115596836,-0.0681928081,-0.27241142,0.294830513,0
13.780000,-0.501008791,0.112990187,-0.0626402764,-0.26349678,0.282927379,0
13.800000,-0.464664273,0.0952751693,-0.0577359586,-0.279988496,0.305646785,0
13.820000,-0.456157143,0.07498264,-0.0422186145,-0.236254583,0.293995136,0
13.840000,-0.465458826,0.0788148579,-0.037108423,-0.240596518,0.291599045,0
13.860000,-0.475270569,0.0769046077,-0.0323965159,-0.281891983,0.275099653,0
13.880000,-0.477599439,0.110916499,-0.0115618719,-0.266191787,0.288558908,0
13.900000,-0.486972923,0.100177053,-0.0366370742,-0.287777008,0.272341445,0
13.920000,-0.43598867,0.110441483,-0.0606230979,-0.303438466,0.266759459,0
13.940000,-0.49404655,0.0828196102,-0.0559981509,-0.270936535,0.264238253,0
13.960000,-0.474789266,0.0751277344,-0.00390032934,-0.253872351,0.279330957,0
13.980000,-0.476312048,0.124092303,-0.0459857156,-0.281578666,0.257315981,0
14.000000,-0.470710517,0.142919767,-0.00345329976,-0.267430784,0.258856644,0
14.020000,-0.45072253,0.174144649,-0.00825909155,-0.289356253,0.290547029,0
14.040000,-0.448622525,0.133479367,-0.0269850144,-0.214941888,0.262296433,0
14.060000,-0.442416686,0.114402624,-0.00494803768,-0.278030267,0.295048888,0
14.080000,-0.435733737,0.134285563,-0.000334809183,-0.251989254,0.267900444,0
14.100000,-0.426613064,0.138740856,-9.00839387e-05,-0.234675021,0.246779609,0
14.120000,-0.476917153,0.177252368,0.000844460865,-0.275268026,0.277643156,0
14.140000,-0.482963282,0.16792633,-0.0184928413,-0.267307653,0.267981328,0
14.160000,-0.428415794,0.13401105,-0.00295608394,-0.243278189,0.260676591,0
14.180000,-0.458167452,0.147017008,0.00842253895,-0.272030034,0.258838065,0
14.200000,-0.452283186,0.152233371,0.00403216238,-0.244256656,0.253187188,0
14.220000,-0.4368848,0.155452559,-0.0078842262,-0.252316413,0.233234437,0
14.240000,-0.458773265,0.161260172,-0.00827833206,-0.249178765,0.258069499,0
14.260000,-0.431071159,0.130879185,0.00250017876,-0.287371585,0.246288673,0
14.280000,-0.433900166,0.161243105,-0.0236968909,-0.258241038,0.250654132,0
14.300000,-0.433985336,0.162089073,-0.0317567889,-0.236936106,0.251829744,0
14.320000,-0.464300059,0.125674783,0.0104838543,-0.24119429,0.265939655,0
14.340000,-0.409696504,0.169687644,-0.0159072139,-0.258934203,0.232310854,0
14.360000,-0.408866079,0.155998567,-0.0201609815,-0.266650941,0.256584908,0
14.380000,-0.427630159,0.179678315,0.0436679309,-0.226948905,0.251926512,0
14.400000,-0.372596435,0.203088785,0.0153499649,-0.280494442,0.273378867,0
14.420000,-0.413083679,0.144453137,0.0109308985,-0.201963787,0.233380849,0
14.440000,-0.391437021,0.190805267,0.0156225449,-0.273182865,0.242253373,0
14.460000,-0.391036788,0.182351905,-0.00743505499,-0.239204377,0.25129628,0
14.480000,-0.402927914,0.183447507,-0.0207740498,-0.209462338,0.24693122,0
14.500000,-0.439522621,0.174619873,-0.00481281893,-0.240364311,0.254539481,0
14.520000,-0.389400138,0.168198442,0.0158706639,-0.248387406,0.240849225,0
14.540000,-0.352235607,0.162890498,0.0501224942,-0.2255341,0.189733158,0
14.560000,-0.347982728,0.186504499,-0.00226946975,-0.209239807,0.226294102,0
14.580000,-0.376774111,0.187813982,0.0258294252,-0.232814331,0.23874462,0
14.600000,-0.357100012,0.179447959,0.0309383618,-0.189844101,0.223774037,0
14.620000,-0.356586494,0.189344351,0.0292885436,-0.171542111,0.19424094,0
14.640000,-0.365206989,0.192072773,-0.00225029323,-0.189538433,0.206796155,0
14.660000,-0.369050634,0.173005447,-0.00297038192,-0.194213386,0.201313626,0
14.680000,-0.355582207,0.223085297,-0.010639426,-0.174802737,0.205414419,0
14.700000,-0.337405764,0.230992665,-0.00143082799,-0.189311793,0.234094405,0
14.720000,-0.335979095,0.22548682,-0.0192856127,-0.162112486,0.222376161,0
14.740000,-0.323094358,0.204147535,0.00280914343,-0.214925236,0.205408984,0
14.760000,-0.3522239,0.227746128,0.00946193799,-0.210867762,0.215248732,0
14.780000,-0.33273177,0.256220253,0.0250659707,-0.180782254,0.209826016,0
14.800000,-0.368304422,0.21982493,-0.00233760551,-0.168697011,0.193540733,0
14.820000,-0.341575947,0.224689532,0.060669842,-0.175545882,0.172124671,0
14.840000,-0.28489259,0.224791218,0.0116984198,-0.177109413,0.209599464,0
14.860000,-0.339515877,0.216935465,0.00131120392,-0.182402322,0.18529749,0
14.880000,-0.319648638,0.211944161,0.0144763183,-0.142015114,0.160109108,0
14.900000,-0.32332472,0.229263545,0.024861955,-0.180722385,0.169282511,0
14.920000,-0.261098061,0.253746616,0.0210386221,-0.192963402,0.191452814,0
14.940000,-0.283672304,0.232851957,0.0240938384,-0.149549382,0.199649498,0
14.960000,-0.304525586,0.231484662,0.0262098642,-0.185140682,0.178518897,0
14.980000,-0.275289463,0.213103562,0.0184057268,-0.15579124,0.154613841,0
15.000000,-0.28917484,0.213331867,0.0586572071,-0.148829976,0.16405735,0
15.020000,-0.293064786,0.218752972,0.0264703792,-0.151456733,0.151515635,0
15.040000,-0.266743548,0.180386022,0.0338857064,-0.134937321,0.174067913,0
15.060000,-0.242957663,0.25173767,0.0298199466,-0.140663553,0.153866277,0
15.080000,-0.241767011,0.217233102,0.0198465118,-0.155821322,0.171651993,0
15.100000,-0.237388977,0.233029299,0.00680847484,-0.117959136,0.170029878,0
15.120000,-0.243493501,0.262699734,0.0277454138,-0.139290558,0.13075752,0
15.140000,-0.242641715,0.220822128,-0.00296375002,-0.131960181,0.15219061,0
15.160000,-0.191433485,0.236257628,0.0440885177,-0.156778151,0.179018107,0
15.180000,-0.211808131,0.229897251,0.0514207777,-0.104882603,0.125609742,0
15.200000,-0.206468227,0.25014616,0.0366087673,-0.111826795,0.126709069,0
15.220000,-0.210772283,0.228050312,0.0558449783,-0.133620527,0.122091901,0
15.240000,-0.19341422,0.21283438,0.0295244055,-0.130522934,0.0942530455,0
15.260000,-0.195039963,0.268998208,0.0371392582,-0.0797610083,0.130122848,0
15.280000,-0.176276296,0.252709333,0.0538277936,-0.10742397,0.126198985,0
15.300000,-0.20058116,0.271047942,0.0189010905,-0.0986417864,0.147716618,0
15.320000,-0.187876445,0.25313738,0.0267869115,-0.0961280451,0.158938126,0
15.340000,-0.166267424,0.223160666,0.0254129062,-0.0709269938,0.131639053,0
15.360000,-0.150471051,0.198825922,0.0291683106,-0.103972501,0.149950923,0
15.380000,-0.137590956,0.268840966,0.0242103296,-0.0800807243,0.131816812,0
15.400000,-0.136410877,0.236295844,0.0295374556,-0.056457602,0.113185573,0
15.420000,-0.149534884,0.252615398,0.0141389438,-0.0773641192,0.118561648,0
15.440000,-0.152512762,0.23935818,0.0339806281,-0.0703506306,0.0995828414,0
15.460000,-0.167683853,0.253167535,0.0663884294,-0.0807183788,0.136007756,0
15.480000,-0.117838157,0.279843085,0.0336717445,-0.0205554172,0.0821524411,0
15.500000,-0.0584608607,0.253928929,0.0514524568,-0.0917700325,0.122315605,0
15.520000,-0.1094941,0.256787548,0.021322796,-0.0501852572,0.123042747,0
15.540000,-0.115842083,0.253448436,0.0348607824,-0.043537215,0.0968319242,0
15.560000,-0.0807706974,0.21096403,0.0508499475,-0.0783050634,0.119494703,0
15.580000,-0.0987214537,0.260110084,0.0389372932,-0.0571946093,0.0882192565,0
15.600000,-0.0591226608,0.254599472,0.0495312912,-0.0644481699,0.124428903,0
15.620000,-0.114361301,0.229466615,0.0459951461,-0.0447597867,0.0836562241,0
15.640000,-0.122263902,0.222673377,0.0490871502,-0.0169591955,0.0673565475,0
15.660000,-0.0664700025,0.238644387,0.0764229659,-0.027402411,0.125084626,0
15.680000,-0.0453999376,0.286871288,0.0589801827,-0.00264880145,0.104716629,0
15.700000,-0.084455186,0.225781035,0.0642759662,-0.0421684084,0.106116698,0
15.720000,-0.0754124939,0.267825657,0.0338287545,-0.0070267655,0.0709771629,0
15.740000,-0.0905042017,0.208600343,0.0605249466,-0.0803500047,0.0574429041,0
15.760000,-0.053673153,0.260580902,0.0402403431,-0.0185716154,0.0838778905,0
15.780000,-0.0552725815,0.248944243,0.0604988059,-0.00904573794,0.0894243188,0
15.800000,-0.0623498905,0.244056075,0.0733570079,0.0120521843,0.0618482076,0
15.820000,-0.0395155605,0.221269762,0.0447044033,0.00981506405,0.118696012,0
15.840000,-0.0152038062,0.216139332,0.0348720153,0.00685427616,0.120454367,0
15.860000,0.00551481807,0.247867778,0.0365138275,0.0150648839,0.101322253,0
15.880000,0.0259473821,0.247888763,0.0438381789,0.00703214067,0.0837160433,0
15.900000,-0.00304126466,0.214187625,0.0484585193,0.000268065358,0.100272111,0
15.920000,0.00412448416,0.231577815,0.0372202753,0.00631701609,0.0944216437,0
15.940000,-0.0212376947,0.273808862,0.083225314,-0.00772045478,0.0688114487,0
15.960000,0.0325028097,0.247389051,0.0367250331,-0.00301110972,0.0624215628,0
15.980000,-0.0208273797,0.258816883,0.0192483329,-0.00109527187,0.0497708089,0
16.000000,0.0169850162,0.20890198,0.0255759292,0.0225333614,0.0556460203,0
16.020000,0.0418700239,0.24633899,0.0574762347,0.0232886744,0.0865411972,0
16.040000,0.0433777717,0.254589395,0.0501538169,0.0049394086,0.0684122877,0
16.060000,0.067889997,0.207351035,0.0484695544,0.0170302086,0.0487150646,0
16.080000,0.0854730266,0.230455154,0.0726870984,0.0118222946,0.0786083736,0
16.100000,0.0912758816,0.247661585,0.0540149594,0.0107012879,0.0689709378,0
16.120000,0.0994895501,0.262572965,0.0642633126,0.0348582553,0.0457385001,0
16.140000,0.0458079107,0.194658094,0.0458664418,0.033927515,0.0872646843,0
16.160000,0.087617992,0.257166205,0.0876405084,0.0440893388,0.0585729335,0
16.180000,0.0526173605,0.22953375,0.087890816,0.0221074842,0.0487615959,0
16.200000,0.0717852834,0.245572571,0.0772797292,0.0676273855,0.0462136516,0
16.220000,0.0951907594,0.277018055,0.0599564537,0.042746954,0.0944048875,0
16.240000,0.123734892,0.230765529,0.0311151659,0.0147893824,0.0890868777,0
16.260000,0.0917049617,0.197307459,0.043297231,0.0387258587,0.0589038022,0
16.280000,0.118874688,0.237564449,0.0774195436,0.0444654263,0.0561606292,0
16.300000,0.0969184158,0.198572497,0.0677702589,0.0658943538,0.0833032853,0
16.320000,0.136086542,0.211290738,0.0537303033,0.0204331776,0.0900035261,0
16.340000,0.114318441,0.190313414,0.0521338862,0.064177822,0.0542201328,0
16.360000,0.111384686,0.223411515,0.052115941,0.0350974188,0.12380161,0
16.380000,0.127008938,0.197725027,0.0541798359,0.0607226481,0.0864236408,0
16.400000,0.146131577,0.198725587,0.0326741695,0.0400635026,0.0744297175,0
16.420000,0.170862886,0.24411996,0.0694892124,0.0468248916,0.0493318728,0
16.440000,0.170095172,0.165965221,0.114059049,0.0789539893,0.0856835934,0
16.460000,0.15997891,0.184067386,0.0514430264,0.0495502732,0.0476564487,0
16.480000,0.129512292,0.212658882,0.0567059137,0.0742545314,0.123068764,0
16.500000,0.16266069,0.207801887,0.0549410693,0.0978570204,0.0746741388,0
16.520000,0.200232821,0.198725298,0.0567180923,0.040279404,0.0491347411,0
16.540000,0.180778791,0.196185014,0.0532280327,0.0446708586,0.0851777762,0
16.560000,0.176057627,0.208582889,0.0130704107,0.0931958848,0.0723582994,0
16.580000,0.193840958,0.180798606,0.0480687111,0.0921454136,0.0676371419,0
16.600000,0.212094637,0.140739683,0.0421028941,0.0518023337,0.0920087922,0
16.620000,0.196857392,0.20400365,0.077638905,0.0775946128,0.0545526644,0
16.640000,0.17867749,0.205360288,0.0853772448,0.0753733037,0.056558128,0
16.660000,0.199097442,0.181892322,0.0867646842,0.0746986208,0.091149308,0
16.680000,0.214560574,0.174036089,0.0556328888,0.0714022311,0.0339804212,0
16.700000,0.225848228,0.173420923,0.0881668227,0.0889558455,0.0540573552,0
16.720000,0.183394109,0.159208619,0.0374691614,0.0785928169,0.0685760414,0
16.740000,0.233955522,0.16170174,0.0579404495,0.0733885918,0.0518287604,0
16.760000,0.196642724,0.156403777,0.0547388065,0.0701968365,0.0784246392,0
16.780000,0.248505621,0.170291353,0.0911585851,0.0783842773,0.105181332,0
16.800000,0.229080358,0.156783841,0.0840429005,0.0784410958,0.0954965078,0
16.820000,0.245154606,0.190911262,0.0775671895,0.0934342008,0.103416853,0
16.840000,0.249966776,0.182251664,0.0635132845,0.0829436908,0.0837135317,0
16.860000,0.200024001,0.168033489,0.0837540594,0.0861537351,0.0987151188,0
16.880000,0.276707242,0.178315184,0.0802501954,0.104762784,0.0911920879,0
16.900000,0.255825212,0.189144468,0.0549373505,0.0904236967,0.107388999,0
16.920000,0.237097658,0.131392078,0.1024928,0.102334643,0.0799973022,0
16.940000,0.203801022,0.182698774,0.0863062359,0.107284009,0.0801993703,0
16.960000,0.267760744,0.146852978,0.0813057261,0.0986597732,0.10604917,0
16.980000,0.249153909,0.162767724,0.0862032691,0.102724559,0.0811324519,0
17.000000,0.271937313,0.193337081,0.0762593297,0.083589224,0.0976535008,0
17.020000,0.234223105,0.116720071,0.0483151202,0.0913511042,0.100127661,0
17.040000,0.273503771,0.139463299,0.0700369416,0.0785166242,0.0871566517,0
17.060000,0.249422102,0.134389619,0.0799926371,0.0635313696,0.1240139,0
17.080000,0.2881436,0.116019791,0.0825062044,0.0386104699,0.111814575,0
17.100000,0.235076202,0.124886039,0.0696271528,0.0719739992,0.115968952,0
17.120000,0.26401194,0.218899679,0.101303829,0.0884418593,0.0817599935,0
17.140000,0.277596733,0.135014828,0.0902904566,0.0677999206,0.0876385767,0
17.160000,0.267501041,0.136616228,0.0899823005,0.0980564811,0.110064691,0
17.180000,0.266085555,0.130637089,0.0592195943,0.0783549222,0.131888433,0
17.200000,0.237635839,0.107578392,0.0624694397,0.0917923682,0.0827546149,0
17.220000,0.259842915,0.0980391605,0.0762304017,0.0929317517,0.118286841,0
17.240000,0.293820274,0.126540442,0.0867740034,0.0810979322,0.121019092,0
17.260000,0.304113953,0.150161024,0.103499186,0.0510585312,0.141233216,0
17.280000,0.277648294,0.11867536,0.0851152452,0.0777592515,0.10007597,0
17.300000,0.26457539,0.110112988,0.107754371,0.0722278462,0.105146112,0
17.320000,0.280407374,0.159458937,0.086428446,0.103835802,0.121922205,0
17.340000,0.277113889,0.140845453,0.0550367506,0.106589271,0.127994789,0
17.360000,0.295013316,0.114594776,0.0770969576,0.117870433,0.0765259612,0
17.380000,0.247999548,0.125686383,0.0642472416,0.0617047065,0.134866112,0
17.400000,0.275775655,0.131085854,0.0786044826,0.0438870695,0.120116865,0
17.420000,0.27760008,0.177569514,0.0707121041,0.0265969565,0.15636284,0
17.440000,0.297570666,0.076603618,0.0707994655,0.0689546842,0.135595046,0
17.460000,0.286298886,0.0962026955,0.0542316561,0.0836942836,0.123797419,0
17.480000,0.276431673,0.0885120067,0.0916172157,0.0477399459,0.164592561,0
17.500000,0.29189685,0.119351201,0.0721739007,0.0582391303,0.155286349,0
17.520000,0.254670126,0.114532231,0.090867013,0.069821439,0.147353776,0
17.540000,0.282906414,0.134707656,0.0712093173,0.098956369,0.13374099,0
17.560000,0.265353502,0.0567094156,0.0615774777,0.0516555787,0.142739981,0
17.580000,0.281287061,0.112281027,0.090699985,0.0643781192,0.116429942,0
17.600000,0.246896033,0.111202704,0.0806070354,0.052730793,0.131830271,0
17.620000,0.280011865,0.0973245637,0.0764551609,0.060884378,0.14601151,0
17.640000,0.267294053,0.0798005446,0.0837697037,0.056020072,0.135000808,0
17.660000,0.28338786,0.0878032241,0.0827112109,0.0504646235,0.157982681,0
17.680000,0.270698301,0.0715634278,0.0719646715,0.0340220009,0.146257413,0
17.700000,0.288819275,0.101239539,0.125834927,0.0692843442,0.143223186,0
17.720000,0.299150931,0.120737009,0.0727772192,0.0428167467,0.140839192,0
17.740000,0.272856087,0.0676287627,0.0641049776,0.0253921922,0.181342491,0
17.760000,0.253615572,0.0937286586,0.0512812681,0.0288481303,0.153968889,0
17.780000,0.257101325,0.0827738526,0.0906190915,0.0335040858,0.166957933,0
17.800000,0.246614791,0.0845209699,0.098805069,0.00871787009,0.178234604,0
17.820000,0.248210922,0.0716978663,0.0858722905,-0.00809804317,0.164792249,0
17.840000,0.265749257,0.102542666,0.10012181,0.0181359192,0.192601985,0
17.860000,0.296763326,0.103955417,0.0937947558,0.0340249349,0.23201985,0
17.880000,0.254445075,0.109715839,0.0894247858,0.0254849325,0.200337741,0
17.900000,0.271360398,0.068403268,0.0815746964,0.0400390824,0.159341048,0
17.920000,0.249748134,0.0900176811,0.0598912692,0.0435082844,0.159017939,0
17.940000,0.251286368,0.0857499454,0.0660885129,0.00651125418,0.180433298,0
17.960000,0.239945453,0.095848479,0.0768013252,0.0153696031,0.179781272,0
17.980000,0.232922606,0.102375592,0.0506028661,0.0104215076,0.256370322,0
18.000000,0.250967572,0.114292258,0.0609241505,0.0103031651,0.180276133,0
18.020000,0.261167813,0.0745848353,0.0541397772,0.0435107618,0.189076493,0
18.040000,0.244521836,0.0692495609,0.0977735094,0.00549074228,0.188389767,0
18.060000,0.235954266,0.037889993,0.053836066,0.00982254266,0.165536006,0
18.080000,0.2209318,0.0731846312,0.0948240522,0.00226015377,0.190973127,0
18.100000,0.219935131,0.066244549,0.113428017,-0.0011231398,0.21392972,0
18.120000,0.251221971,0.0755575689,0.06443018,-0.0147290194,0.206269026,0
18.140000,0.265178706,0.0946631549,0.0894715003,0.0114046848,0.181973442,0
18.160000,0.224984136,0.0703800514,0.078579545,-0.0010149356,0.22626933,0
18.180000,0.197844123,0.0598099466,0.0575667077,-0.0133648248,0.223185645,0
18.200000,0.22871951,0.105610589,0.0816719844,-0.0358236244,0.217008408,0
18.220000,0.235798256,0.0468092558,0.0709232919,-0.0256437064,0.214103613,0
18.240000,0.201288331,0.0868873414,0.0921091395,-0.00468070833,0.211122951,0
18.260000,0.246932227,0.0619870603,0.102201444,-0.0598581337,0.21506769,0
18.280000,0.189167534,0.0452928547,0.108655754,-0.0448614712,0.213465382,0
18.300000,0.197914776,0.109271339,0.0984748751,0.00350985688,0.200722678,0
18.320000,0.174302033,0.0614771411,0.0668735797,-0.0390810568,0.234676164,0
18.340000,0.161756899,0.0579873891,0.0967910706,-0.0340765122,0.247028887,0
18.360000,0.217857327,0.0802158024,0.0561173224,-0.0349087397,0.21452114,0
18.380000,0.191649991,0.0642101704,0.0967939484,-0.0322625186,0.269808683,0
18.400000,0.150739883,0.0517871777,0.0919067716,-0.0439891874,0.191381046,0
18.420000,0.164226053,0.0754608625,0.0713893508,-0.075511531,0.252550511,0
18.440000,0.139457968,0.0534006723,0.0761027099,-0.0634301678,0.255170822,0
18.460000,0.141271576,0.108061134,0.0933483971,-0.0566824417,0.239167124,0
18.480000,0.164309349,0.0664223303,0.100267681,-0.0774269002,0.250862526,0
18.500000,0.151080568,0.035976494,0.107246745,-0.0454525955,0.238399999,0
18.520000,0.124467067,0.0678378286,0.0849618708,-0.0821669358,0.224880296,0
18.540000,0.141793673,0.0502218381,0.0886722515,-0.0790261676,0.226652659,0
18.560000,0.120819695,0.0710184466,0.0759085701,-0.0531999811,0.213227845,0
18.580000,0.133434742,0.0582628325,0.0732630379,-0.0660267788,0.210906688,0
18.600000,0.144400738,0.0618124861,0.102856351,-0.0681102285,0.205262364,0
18.620000,0.127157387,0.045890354,0.104473215,-0.0536566425,0.253577617,0
18.640000,0.114092743,0.0852816317,0.0770666203,-0.0956779435,0.276903341,0
18.660000,0.122347517,0.056846084,0.0835826091,-0.0703426741,0.262484725,0
18.680000,0.0942201089,0.0735941624,0.0791634558,-0.110270119,0.2755992,0
18.700000,0.124960251,0.0568633296,0.0649931559,-0.0713931606,0.245632544,0
18.720000,0.0876438847,0.0394926929,0.0500088787,-0.126184988,0.235825423,0
18.740000,0.0842874195,0.0650941576,0.0799209554,-0.140947802,0.266349186,0
18.760000,0.0778696361,0.0639526233,0.07395129,-0.094496892,0.255842221,0
18.780000,0.0809470605,0.0783212175,0.0644122413,-0.0806476407,0.25291367,0
18.800000,0.0771889221,0.0958585406,0.0627574597,-0.0731660038,0.289013845,0
18.820000,0.0567765766,0.0594583396,0.0934973779,-0.117614555,0.272464053,0
18.840000,0.0580022063,0.0540140503,0.0862741809,-0.135971744,0.228448019,0
18.860000,0.0239745962,0.0825323863,0.0978194576,-0.146526489,0.268597943,0
18.880000,0.0785930775,0.0981482949,0.0862581973,-0.150794278,0.28076784,0
18.900000,0.0533618367,0.0540492111,0.0594613482,-0.125830063,0.290798902,0
18.920000,0.0331665047,0.0656586892,0.081681638,-0.110916352,0.279616078,0
18.940000,0.0600226812,0.0883299113,0.0932420892,-0.117765833,0.288223958,0
18.960000,0.0525006563,0.0440391742,0.0451558055,-0.136976214,0.273250755,0
18.980000,0.00798230719,0.0559484374,0.0537753031,-0.125026779,0.296504045,0
19.000000,0.0212911323,0.0937332468,0.0792312214,-0.160376147,0.27251649,0
19.020000,0.00746500352,0.0661355682,0.0676192371,-0.111566242,0.261810756,0
19.040000,-0.00309491477,0.0772916804,0.0825053219,-0.1696679,0.248352219,0
19.060000,0.0205692836,0.0549270053,0.0573276391,-0.19605332,0.278898251,0
19.080000,0.00841166541,0.0754493659,0.0586208146,-0.170087996,0.249068208,0
19.100000,0.00459184945,0.10686442,0.0609291815,-0.174168392,0.236549266,0
19.120000,0.0145117286,0.0795179184,0.0685219045,-0.145981807,0.244518415,0
19.140000,-0.0160706628,0.0637211384,0.0721252265,-0.171444362,0.266541889,0
19.160000,-0.0165532841,0.0625581781,0.0549442773,-0.188094366,0.266239914,0
19.180000,-0.0307338834,0.10663327,0.0405440741,-0.181154431,0.28323188,0
19.200000,-0.0384677734,0.0912097823,0.0876136114,-0.19541853,0.290308934,0
19.220000,-0.0846806822,0.0919601162,0.048165485,-0.153411105,0.285547959,0
19.240000,-0.0706574851,0.0782028297,0.0564586925,-0.200638442,0.25077952,0
19.260000,-0.06350981,0.122302054,0.092320654,-0.212744931,0.237059193,0
19.280000,-0.0852258317,0.0613720485,0.0620705494,-0.174710321,0.274754974,0
19.300000,-0.0454208433,0.0846451319,0.105340343,-0.205876074,0.260863579,0
19.320000,-0.0818773409,0.075388989,0.0308245994,-0.191159722,0.235808429,0
19.340000,-0.0661542645,0.0831720324,0.0851820309,-0.195108186,0.244177973,0
19.360000,-0.0471514492,0.0986542033,0.0818441962,-0.163151327,0.239939611,0
19.380000,-0.0566281674,0.0796135313,0.0517575565,-0.221514814,0.237371677,0
19.400000,-0.121339391,0.111203155,0.0718005093,-0.188151408,0.257610781,0
19.420000,-0.108263107,0.107975208,0.0567720304,-0.157531042,0.233981816,0
19.440000,-0.111268935,0.106636594,0.10248841,-0.19984546,0.253130275,0
19.460000,-0.0531114288,0.078176243,0.0593521407,-0.190354058,0.272654551,0
19.480000,-0.0997139474,0.0979475186,0.0738355871,-0.200643659,0.223960292,0
19.500000,-0.118266743,0.131521661,0.0177166184,-0.210794317,0.24378591,0
19.520000,-0.124424849,0.0913244026,0.0466420219,-0.22416822,0.238500512,0
19.540000,-0.125028497,0.0785457942,0.0885765511,-0.175387801,0.232961338,0
19.560000,-0.131021667,0.102078738,0.0536262532,-0.249367098,0.228267451,0
19.580000,-0.137110353,0.102845915,0.0893030494,-0.195408191,0.227660372,0
19.600000,-0.115438618,0.084439971,0.0232229681,-0.253437982,0.233147955,0
19.620000,-0.162444454,0.110230057,0.0166189944,-0.253437413,0.206797954,0
19.640000,-0.165995148,0.112632441,0.061472357,-0.232815108,0.210098428,0
19.660000,-0.159044783,0.10455649,0.0282551269,-0.235249825,0.231047821,0
19.680000,-0.168856556,0.102391307,0.0513931806,-0.251984937,0.21703614,0
19.700000,-0.153080711,0.140118082,0.0367866232,-0.238934689,0.24051513,0
19.720000,-0.166064907,0.107472149,0.0253647176,-0.283227053,0.247820728,0
19.740000,-0.168705084,0.111002155,0.0806217353,-0.215021432,0.199627758,0
19.760000,-0.152070147,0.125210469,0.0809313433,-0.217726233,0.207419904,0
19.780000,-0.181066476,0.106123048,0.049677177,-0.251377618,0.218078592,0
19.800000,-0.2100911,0.136613395,0.0369907803,-0.246778672,0.213012915,0
19.820000,-0.170343383,0.118921701,0.0626221813,-0.257382383,0.234157156,0
19.840000,-0.192520618,0.135756213,0.0369183381,-0.279125736,0.217498883,0
19.860000,-0.190555073,0.122682836,0.0342325872,-0.25321717,0.222342046,0
19.880000,-0.241705459,0.105771926,0.0331784736,-0.250827262,0.189012376,0
19.900000,-0.193023272,0.126873401,0.0390038226,-0.233336904,0.213679683,0
19.920000,-0.204301301,0.102013557,0.00638883292,-0.238863364,0.169507357,0
19.940000,-0.251773554,0.127055621,0.0493752259,-0.234235629,0.196833212,0
19.960000,-0.211642675,0.115756805,0.0562008201,-0.246984824,0.193917077,0
19.980000,-0.219274979,0.101639617,0.0967250662,-0.214304417,0.193046545,0
20.000000,-0.228762447,0.134976891,0.0190342448,-0.257694261,0.180005274,0
20.020000,-0.225006483,0.12732547,0.0443040381,-0.242315981,0.167496273,0
20.040000,-0.233018331,0.155706917,0.0391838451,-0.252282967,0.202996763,0
20.060000,-0.235254905,0.137399425,0.05424155,-0.270416313,0.180006657,0
20.080000,-0.241246315,0.135318747,0.0569043734,-0.250337912,0.199491788,0
20.100000,-0.224865373,0.144881518,0.051260843,-0.267995084,0.191584036,0
20.120000,-0.275216908,0.103744366,0.0131640648,-0.282792792,0.187144894,0
20.140000,-0.239866338,0.127792236,0.0268385336,-0.254948545,0.151505327,0
20.160000,-0.291680674,0.119874752,0.0150350188,-0.231096732,0.151550046,0
20.180000,-0.255273124,0.13913031,0.0616617824,-0.251963916,0.16296837,0
20.200000,-0.284903387,0.141537518,-0.0167828262,-0.238140631,0.126449442,0
20.220000,-0.246968295,0.117222893,0.0220459564,-0.290163499,0.167491137,0
20.240000,-0.280136854,0.107382878,0.0413723386,-0.281995002,0.151314685,0
20.260000,-0.272895298,0.126872144,0.0342177713,-0.232420384,0.135286205,0
20.280000,-0.248257075,0.129676787,0.0323098478,-0.243479923,0.148105917,0
20.300000,-0.291703462,0.136699053,-0.0126257481,-0.220088262,0.144927638,0
20.320000,-0.299123685,0.147137063,-0.0088097997,-0.265477177,0.122424383,0
20.340000,-0.293341617,0.111484652,0.021539571,-0.25309046,0.111436149,0
20.360000,-0.317954028,0.144189261,0.0167733237,-0.254918852,0.083699437,0
20.380000,-0.311510241,0.143924683,0.0290281825,-0.275292674,0.145279408,0
20.400000,-0.27052587,0.156981555,0.000894832962,-0.228900812,0.126452695,0
20.420000,-0.308371812,0.118628453,-0.0336501924,-0.215445435,0.0945764925,0
20.440000,-0.293587732,0.143298709,0.0122770178,-0.221975143,0.101311986,0
20.460000,-0.274421583,0.175631477,0.0309597863,-0.284970904,0.0752179846,0
20.480000,-0.295327953,0.117376296,0.0186366582,-0.248794641,0.0782147867,0
20.500000,-0.307158805,0.129126865,-0.0114288613,-0.253049497,0.103781267,0
20.520000,-0.298532241,0.169966003,-0.00235156359,-0.279009718,0.0834290268,0
20.540000,-0.29075743,0.135204828,0.0190234814,-0.268500243,0.0846172346,0
20.560000,-0.248887124,0.150454899,0.0255680418,-0.261456317,0.097715318,0
20.580000,-0.322027782,0.135280283,0.0214319877,-0.246848928,0.0413889723,0
20.600000,-0.27828661,0.126355905,0.0150898934,-0.28682939,0.0705345281,0
20.620000,-0.307318998,0.134143463,-0.0359397023,-0.241686095,0.0588469069,0
20.640000,-0.324615248,0.156095724,-0.00190169674,-0.234734057,0.0743521714,0
20.660000,-0.315351789,0.165429772,-0.015136363,-0.268855827,0.0507153159,0
20.680000,-0.274819707,0.140003617,-0.0197349599,-0.253325174,0.0164631725,0
20.700000,-0.328432271,0.138209188,0.0387432552,-0.242945069,0.0523057921,0
20.720000,-0.316643751,0.163343439,0.00331318554,-0.261743958,0.0601351092,0
20.740000,-0.307115285,0.156967658,-0.00642012381,-0.225021639,0.0423260514,0
20.760000,-0.299404159,0.156781978,0.00711363876,-0.225497874,0.0469743597,0
20.780000,-0.304973288,0.142753432,0.0189414483,-0.288039503,0.0196796987,0
20.800000,-0.253635161,0.122006328,0.0255545958,-0.191978863,0.0335966146,0
20.820000,-0.261119877,0.148872259,0.0119260916,-0.23701412,-0.00930758207,0
20.840000,-0.32393735,0.129539484,-0.0163831931,-0.243034491,-0.0188038042,0
20.860000,-0.298473611,0.140365438,-0.0343952639,-0.197166357,-0.0315112559,0
20.880000,-0.295061439,0.112387018,-0.0153205706,-0.208872253,-0.0340152496,0
20.900000,-0.270381369,0.145721992,-0.00603952819,-0.228771505,0.00043412388,0
20.920000,-0.268457727,0.12762038,-0.0059179046,-0.227535771,-0.0164420216,0
20.940000,-0.324112275,0.128067561,0.0026334526,-0.250299374,-0.0108272765,0
20.960000,-0.311655026,0.138654579,0.00323579897,-0.217148756,-0.0164703792,0
20.980000,-0.241152518,0.143762416,-0.0305995534,-0.232951562,-0.0589453961,0
21.000000,-0.270686304,0.147628001,-0.0487686297,-0.227735814,-0.073812927,0
21.020000,-0.279643576,0.144056392,-0.019404351,-0.199460405,-0.0824995517,0
21.040000,-0.314001139,0.119717868,-0.0096535882,-0.218950475,-0.0601955033,0
21.060000,-0.292291654,0.145674881,-0.0643265039,-0.224726951,-0.0384315098,0
21.080000,-0.252966442,0.10210381,-0.0336289619,-0.23349884,-0.071972933,0
21.100000,-0.269966826,0.100798482,-0.011755208,-0.235196829,-0.0562710704,0
21.120000,-0.271900337,0.133115594,-0.054541043,-0.191333877,-0.0727518142,0
21.140000,-0.331521929,0.163547556,-0.0307438529,-0.181294361,-0.0464912819,0
21.160000,-0.279826143,0.125231018,0.00671035967,-0.215290175,-0.0474631338,0
21.180000,-0.278718515,0.102484371,-0.0114733329,-0.244915779,-0.0507096393,0
21.200000,-0.27092251,0.121690324,-0.04255457,-0.221442398,-0.0642863089,0
21.220000,-0.268425025,0.0739874725,-0.0790743062,-0.159601942,-0.0880668344,0
21.240000,-0.251716763,0.0972058641,-0.0349752644,-0.188549454,-0.13559126,0
21.260000,-0.232753275,0.112334519,-0.0299865086,-0.192762006,-0.116141088,0
21.280000,-0.260727862,0.120726806,-0.0371070631,-0.194993038,-0.123560675,0
21.300000,-0.268969416,0.0883153428,0.0056885416,-0.161206547,-0.131871539,0
21.320000,-0.267225582,0.0865512269,-0.0286853963,-0.185607947,-0.0991861546,0
21.340000,-0.274152014,0.119911339,0.00171578682,-0.153987621,-0.120278678,0
21.360000,-0.238352561,0.0993702124,-0.0688287828,-0.166614243,-0.139899598,0
21.380000,-0.237104647,0.101751086,-0.0591923704,-0.124750746,-0.141970403,0
21.400000,-0.244664015,0.0806984486,-0.044590723,-0.146783858,-0.144520566,0
21.420000,-0.231031737,0.082357083,-0.0152985758,-0.122055695,-0.144476332,0
21.440000,-0.239849924,0.0939322703,-0.0141074694,-0.126058789,-0.117238957,0
21.460000,-0.222830353,0.0675659208,-0.0255159756,-0.16173547,-0.121035166,0
21.480000,-0.244934592,0.0638443004,-0.0460300003,-0.166057184,-0.125093397,0
21.500000,-0.183407654,0.0660483531,-0.0131576282,-0.143722747,-0.166793293,0
21.520000,-0.187601118,0.108203647,-0.0424323552,-0.127210376,-0.160428274,0
21.540000,-0.227430155,0.0836334219,-0.0387878638,-0.167700385,-0.155544438,0
21.560000,-0.213694075,0.0735294263,-0.0296992584,-0.110054017,-0.161223378,0
21.580000,-0.209775906,0.0857387871,-0.0236728703,-0.126090258,-0.156003836,0
21.600000,-0.205215425,0.0869584079,-0.0100252565,-0.119821418,-0.158694772,0
21.620000,-0.230937588,0.0528069522,-0.0283981743,-0.102532967,-0.192022802,0
21.640000,-0.189031985,0.0713988787,-0.0422938225,-0.11499235,-0.185060732,0
21.660000,-0.193606398,0.0967035275,-0.0327534074,-0.14155538,-0.213784144,0
21.680000,-0.168897613,0.0671901485,-0.0385062424,-0.108966675,-0.233734138,0
21.700000,-0.192658653,0.0488939634,-0.0308995537,-0.0933786996,-0.198790534,0
21.720000,-0.17253631,0.0715071045,-0.032808454,-0.089884557,-0.234366596,0
21.740000,-0.128848493,0.0190299573,-0.0404616988,-0.112986194,-0.214011621,0
21.760000,-0.113384147,0.0690574026,-0.0740290433,-0.100032942,-0.248389229,0
21.780000,-0.16219953,0.0753474526,-0.0800589247,-0.164669465,-0.235419621,0
21.800000,-0.156051507,0.0528250695,-0.00606161466,-0.0576643684,-0.218600655,0
21.820000,-0.144157204,0.0620414999,-0.0454096706,-0.0243390131,-0.277953643,0
21.840000,-0.128918927,0.0464865472,-0.0156174678,-0.072653985,-0.235094262,0
21.860000,-0.127939593,0.0317203466,-0.0365281687,-0.0594046128,-0.211230283,0
21.880000,-0.132794393,0.0266874726,-0.0568133973,-0.0698081717,-0.258860676,0
21.900000,-0.129658043,-0.0175691053,-0.0524962028,-0.0735974907,-0.290362378,0
21.920000,-0.0903688077,0.012376744,-0.0336986315,-0.00921930378,-0.228006825,0
21.940000,-0.0695677561,0.000371883368,-0.0197972249,-0.0257905968,-0.271568493,0
21.960000,-0.0991198422,0.01228705,0.0263898967,-0.037246824,-0.246972386,0
21.980000,-0.111852595,0.0456989383,-0.0510981533,-0.0199868989,-0.229360167,0
22.000000,-0.0506076617,0.0205836002,-0.0754265748,-0.0324363742,-0.256975211,0
22.020000,-0.0734383061,0.00985443674,-0.022112482,-0.00603747932,-0.245052837,0
22.040000,-0.0852443145,0.0173495023,-0.0373296288,-0.0564304194,-0.304418826,0
22.060000,-0.0695868959,-0.00334270005,-0.0529717957,-0.0212047603,-0.276818928,0
22.080000,-0.0510023842,0.0455125046,-0.0626984971,-0.0155450104,-0.278643992,0
22.100000,-0.0502346034,-0.000201772393,-0.00469236281,-0.0186137058,-0.29906573,0
22.120000,-0.0638368391,-0.0317270825,-0.0169530759,-0.0101141638,-0.277645927,0
22.140000,-0.0606747231,-0.0252601636,-0.0316006526,-0.0201188186,-0.295636338,0
22.160000,-0.038585884,-0.0387308043,0.00652807972,-0.015034848,-0.289640101,0
22.180000,-0.0486144873,-0.0434675597,-0.0355768826,-0.0209351204,-0.327970442,0
22.200000,-0.0154277261,0.00983001091,-0.0230125108,-0.0134109194,-0.330584738,0
22.220000,-0.0101648146,-0.0374171526,-0.00194685259,-0.00653002648,-0.316189871,0
22.240000,0.00187715923,-0.00919295736,-0.0309890477,-0.0117045657,-0.309833656,0
22.260000,-0.0233653205,-0.00378434039,0.0130336618,0.00593133637,-0.308427559,0
22.280000,-0.0330053871,-0.0523242577,-0.0532484085,0.0282752293,-0.347598829,0
22.300000,-0.0325581146,0.00558176688,-0.0254455054,0.0191135042,-0.348492781,0
22.320000,-0.023709963,-0.0481339904,-0.0655408623,0.0508799973,-0.33649224,0
22.340000,0.0316919692,-0.0368587221,-0.0308837748,0.0264803686,-0.332618781,0
22.360000,0.0623692191,-0.0811667143,-0.0325012312,0.0162968671,-0.328880938,0
22.380000,0.0446107049,-0.0397779586,-0.0642652929,0.0372902421,-0.335553987,0
22.400000,0.0460612832,-0.0132961186,0.000701375957,0.00999027309,-0.351386275,0
22.420000,0.0155223881,-0.0485398672,-0.0404523498,0.0796839752,-0.35468037,0
22.440000,0.0508855308,-0.0672803529,-0.0221577448,0.0238089338,-0.351687274,0
22.460000,0.0614367212,-0.0932076084,0.00439559927,0.0321257317,-0.357694411,0
22.480000,0.0655969573,-0.0665980949,0.0205874694,0.0834707383,-0.37302094,0
22.500000,0.0302839611,-0.0545219404,-0.00420736399,0.0943903398,-0.386063596,0
22.520000,0.0802244383,-0.0940836942,-0.0324488684,0.0684497491,-0.346466994,0
22.540000,0.0897903001,-0.0696532039,0.0164291095,0.0789693767,-0.382908775,0
22.560000,0.101298645,-0.0920219757,-0.0115467933,0.0591327402,-0.358198241,0
22.580000,0.0724512267,-0.0918265193,-0.0558505896,0.0830510978,-0.360062361,0
22.600000,0.0538718641,-0.0938834006,-0.010871328,0.0737402052,-0.351814242,0
22.620000,0.110742089,-0.115902781,-0.00137696346,0.0719641033,-0.373282264,0
22.640000,0.113725445,-0.105947158,-0.0170304876,0.0898274892,-0.372193591,0
22.660000,0.0882056507,-0.0988089115,-0.00196270877,0.114879415,-0.346574435,0
22.680000,0.120745348,-0.119172259,-0.0130042493,0.11910833,-0.375348108,0
22.700000,0.110152134,-0.105737131,-0.00932388314,0.134007657,-0.368497084,0
22.720000,0.147966916,-0.117980914,-0.00647887058,0.0885837031,-0.354959975,0
22.740000,0.0863597928,-0.128864802,-0.0169425998,0.114997889,-0.38010633,0
22.760000,0.154932922,-0.16373628,-0.0321028516,0.0878122825,-0.379445642,0
22.780000,0.188098693,-0.128708376,0.00460860026,0.105295358,-0.402800988,0
22.800000,0.210604709,-0.175233649,-0.0229690044,0.117696628,-0.408514708,0
22.820000,0.192877281,-0.105741938,0.0168588665,0.133422359,-0.424216928,0
22.840000,0.195062314,-0.133535403,0.0114825382,0.170201044,-0.406812384,0
22.860000,0.17589275,-0.142021197,-0.000278101452,0.17473964,-0.348738189,0
22.880000,0.197497139,-0.170877687,-0.00576411384,0.146825034,-0.371940501,0
22.900000,0.228648073,-0.185724255,0.00203349784,0.152606348,-0.370976285,0
22.920000,0.219182036,-0.172471472,0.0512453947,0.128279804,-0.379700386,0
22.940000,0.198858813,-0.144272588,0.0259144205,0.138385775,-0.370846289,0
22.960000,0.205211056,-0.190929376,0.0511179008,0.131408524,-0.383332557,0
22.980000,0.189514528,-0.203170371,0.0359173544,0.145007221,-0.332108757,0
23.000000,0.218024903,-0.174881638,0.0186791719,0.20404356,-0.375842463,0
23.020000,0.245242024,-0.166504036,0.0388489942,0.200125055,-0.38295614,0
23.040000,0.224134296,-0.159275456,-0.00500419112,0.148518054,-0.418589889,0
23.060000,0.263567282,-0.182316694,0.0566444278,0.161573845,-0.376156511,0
23.080000,0.241392276,-0.223566673,-0.00181403068,0.182588323,-0.350977347,0
23.100000,0.299685143,-0.217333364,-0.0240018554,0.158762937,-0.395171056,0
23.120000,0.286157501,-0.209477327,0.0241110245,0.164515307,-0.34422587,0
23.140000,0.283817116,-0.214522164,0.0400410195,0.169817046,-0.324061522,0
23.160000,0.271069324,-0.23561286,0.0328075906,0.173384808,-0.404947567,0
23.180000,0.282789745,-0.227909705,0.0341970823,0.184534206,-0.387444324,0
23.200000,0.318318782,-0.213448852,0.0276840386,0.209199118,-0.399420123,0
23.220000,0.307929432,-0.223986073,0.0401333716,0.188551025,-0.393281628,0
23.240000,0.317003539,-0.238163982,0.0112717171,0.184002722,-0.380103824,0
23.260000,0.319809668,-0.227263284,0.056209453,0.190995653,-0.35337526,0
23.280000,0.306103786,-0.286600986,0.0177386946,0.168961404,-0.377158338,0
23.300000,0.331998091,-0.236437683,0.0429596377,0.184920311,-0.360301364,0
23.320000,0.347698266,-0.23243848,0.0479505483,0.174276133,-0.379399074,0
23.340000,0.342199586,-0.270026563,0.0410316392,0.220411637,-0.380273605,0
23.360000,0.312310762,-0.250299361,0.0320350365,0.150676643,-0.391834332,0
23.380000,0.324390083,-0.225706325,0.0249350825,0.238210721,-0.325581893,0
23.400000,0.338443263,-0.264502623,0.0539883096,0.230113228,-0.350770192,0
23.420000,0.341948829,-0.27083219,0.0318460213,0.179162078,-0.374262172,0
23.440000,0.375623214,-0.272910589,0.0543198526,0.18151638,-0.380200068,0
23.460000,0.343679139,-0.282405885,0.0796571477,0.222831913,-0.377869637,0
23.480000,0.363117149,-0.28568969,0.0614352539,0.212494271,-0.354309789,0
23.500000,0.371986244,-0.279912288,0.0695811,0.210863255,-0.388308664,0
23.520000,0.399230822,-0.284641822,0.0538136007,0.236919314,-0.373861034,0
23.540000,0.367172679,-0.274670399,0.0535734942,0.221240542,-0.356725558,0
23.560000,0.390269833,-0.321927684,0.0483796089,0.217998064,-0.38248123,0
23.580000,0.392143018,-0.327376484,0.0844334496,0.245537135,-0.379341158,0
23.600000,0.381559139,-0.332700762,0.070225009,0.220130478,-0.327519962,0
23.620000,0.400750629,-0.290164117,0.0786220702,0.22966595,-0.355004657,0
23.640000,0.423318664,-0.344513005,0.040611476,0.242605127,-0.34216334,0
23.660000,0.384161793,-0.278243539,0.0566260973,0.242722655,-0.351192847,0
23.680000,0.433536086,-0.278068422,0.125127822,0.244586505,-0.335623629,0
23.700000,0.462711215,-0.333931073,0.0937729484,0.221646305,-0.337343289,0
23.720000,0.429425213,-0.315483523,0.093451072,0.233934582,-0.3495027,0
23.740000,0.418483837,-0.32534661,0.0900019456,0.209983898,-0.329802229,0
23.760000,0.423906253,-0.371468662,0.0784506079,0.209657114,-0.274936381,0
23.780000,0.417563617,-0.334838234,0.0942400322,0.259337696,-0.28926281,0
23.800000,0.44890058,-0.341441712,0.062739518,0.219643561,-0.326231752,0
23.820000,0.456693299,-0.356380738,0.0937323483,0.227505142,-0.323706378,0
23.840000,0.442458173,-0.33998486,0.0806799221,0.234714721,-0.338371475,0
23.860000,0.455576769,-0.314993778,0.092238909,0.218914279,-0.305371092,0
23.880000,0.439781008,-0.285868329,0.11141884,0.237183178,-0.271731765,0
23.900000,0.429645253,-0.318840178,0.150830184,0.256275952,-0.315030355,0
23.920000,0.447551414,-0.350398504,0.115254473,0.204761238,-0.297219657,0
23.940000,0.426576631,-0.366766914,0.135815556,0.224095194,-0.303067319,0
23.960000,0.458066104,-0.321136759,0.137778632,0.269916306,-0.30073964,0
23.980000,0.456243081,-0.361707966,0.113920029,0.277126517,-0.274590131,0
24.000000,0.460563622,-0.360659632,0.141141879,0.249574238,-0.291336789,0
24.020000,0.417517954,-0.369645263,0.118302609,0.254287418,-0.289836527,0
24.040000,0.473870401,-0.322132475,0.123161668,0.27053966,-0.251394064,0
24.060000,0.508880417,-0.334363881,0.142122586,0.254756103,-0.297503666,0
24.080000,0.485528223,-0.357647615,0.162888563,0.238072848,-0.281520148,0
24.100000,0.4745899,-0.365218623,0.155312036,0.260202389,-0.308754558,0
24.120000,0.475571642,-0.329063441,0.154683172,0.268788336,-0.29235239,0
24.140000,0.519530323,-0.360730046,0.14241686,0.253448392,-0.235673168,0
24.160000,0.452055982,-0.387959439,0.167428522,0.278157882,-0.271173472,0
24.180000,0.474296694,-0.381829966,0.106629604,0.233402007,-0.236927774,0
24.200000,0.484890713,-0.392971998,0.155258789,0.242713732,-0.245953126,0
24.220000,0.49070092,-0.413378612,0.117963847,0.238202921,-0.26153538,0
24.240000,0.479543046,-0.389599027,0.168643551,0.239841523,-0.260205381,0
24.260000,0.495607337,-0.405393697,0.108956796,0.283706536,-0.220680371,0
24.280000,0.472312534,-0.387711625,0.154324683,0.251670165,-0.220560194,0
24.300000,0.499762288,-0.35855941,0.156557564,0.265693561,-0.227962116,0
24.320000,0.470850227,-0.40985403,0.165345743,0.262169639,-0.21972422,0
24.340000,0.48345106,-0.418197018,0.155330088,0.246113836,-0.226974662,0
24.360000,0.472316647,-0.371897913,0.151366261,0.266100463,-0.227968044,0
24.380000,0.481368269,-0.414048342,0.180498121,0.268703457,-0.233617714,0
24.400000,0.524985229,-0.398224104,0.168754323,0.228560458,-0.182099596,0
24.420000,0.521074172,-0.398192588,0.183712989,0.234459523,-0.209180846,0
24.440000,0.535151494,-0.430266124,0.192301643,0.239753096,-0.208492585,0
24.460000,0.512320747,-0.391869567,0.197761423,0.279196766,-0.261223036,0
24.480000,0.497713074,-0.367009066,0.204622193,0.244743559,-0.215911808,0
24.500000,0.493528538,-0.382559288,0.170284275,0.263174503,-0.166295854,0
24.520000,0.478972892,-0.400140509,0.165731653,0.251004926,-0.209944932,0
24.540000,0.529844368,-0.404637778,0.191795824,0.214484607,-0.176243889,0
24.560000,0.464696177,-0.419758999,0.177873101,0.255556245,-0.171644815,0
24.580000,0.485214372,-0.375787454,0.19949197,0.249285898,-0.192458707,0
24.600000,0.447058295,-0.407164337,0.226322492,0.215778715,-0.150510817,0
24.620000,0.499602703,-0.411639091,0.243704852,0.235077291,-0.196367168,0
24.640000,0.466879853,-0.37893103,0.250712741,0.242699517,-0.177427404,0
24.660000,0.49538837,-0.392717194,0.244748639,0.251620778,-0.118105493,0
24.680000,0.453256675,-0.410622881,0.237468433,0.216426883,-0.139743632,0
24.700000,0.465006462,-0.397753133,0.238003945,0.251383458,-0.141341639,0
24.720000,0.51306354,-0.449192292,0.224405298,0.230312044,-0.127451874,0
24.740000,0.483148949,-0.408684693,0.214983238,0.216093272,-0.137736009,0
24.760000,0.474434464,-0.417259372,0.240905211,0.231855,-0.165414414,0
24.780000,0.486675438,-0.425681109,0.231397346,0.210917499,-0.140459166,0
24.800000,0.482194667,-0.365291586,0.222363752,0.204269455,-0.0825471788,0
24.820000,0.508306612,-0.400219676,0.216534196,0.220756975,-0.148190038,0
24.840000,0.448417435,-0.389586861,0.209697016,0.229643864,-0.125512904,0
24.860000,0.484558935,-0.37520849,0.245456162,0.24980723,-0.114318474,0
24.880000,0.477342115,-0.393165355,0.25638244,0.185409891,-0.107429749,0
24.900000,0.476438762,-0.413735915,0.218389107,0.20859788,-0.0764860051,0
24.920000,0.511449481,-0.397819447,0.202555019,0.203736457,-0.0967398062,0
24.940000,0.475017556,-0.388031813,0.258676911,0.193193129,-0.0923597104,0
24.960000,0.466159684,-0.42152097,0.245853546,0.216675521,-0.0877871411,0
24.980000,0.446035288,-0.400064561,0.273278511,0.21796158,-0.0824234259,0
25.000000,0.458549112,-0.40505368,0.258044988,0.195498621,-0.0959920151,0
25.020000,0.469090215,-0.378803654,0.219452709,0.187205183,-0.0761560882,0
25.040000,0.426962983,-0.359254429,0.291236628,0.21347892,-0.0737353775,0
25.060000,0.453035106,-0.357197242,0.233625165,0.207525545,-0.0573626808,0
25.080000,0.488307131,-0.384538755,0.281792597,0.211494023,-0.0273748668,0
25.100000,0.439139668,-0.38429345,0.239456776,0.170962117,-0.066545662,0
25.120000,0.505078163,-0.356428994,0.269310323,0.201750002,-0.0665769902,0
25.140000,0.443454172,-0.360855786,0.252379345,0.226307915,-0.0629466086,0
25.160000,0.416717863,-0.357793545,0.288260933,0.197931252,-0.0421547186,0
25.180000,0.418397071,-0.339148723,0.282776769,0.188949611,-0.0216835676,0
25.200000,0.443342571,-0.407148383,0.274333662,0.200376547,-0.0204281625,0
25.220000,0.413906453,-0.402706531,0.311280395,0.208614675,-0.010141975,0
25.240000,0.434117782,-0.378559894,0.28332839,0.207180393,-0.0278589232,0
25.260000,0.439304444,-0.375139334,0.287219713,0.187116194,-0.0360549484,0
25.280000,0.416073142,-0.350454014,0.262387288,0.161194867,-0.0325458413,0
25.300000,0.434674946,-0.343371822,0.259065115,0.175307285,-0.0300392647,0
25.320000,0.389587897,-0.359613644,0.281840755,0.189881923,-0.0494084342,0
25.340000,0.423299916,-0.336937937,0.267445226,0.151924155,-0.0064739757,0
25.360000,0.394859463,-0.371535068,0.277121687,0.160834558,-0.0407579256,0
25.380000,0.40866202,-0.332384058,0.293728264,0.166613984,0.00760336504,0
25.400000,0.374943485,-0.326378831,0.283923602,0.127894206,-0.0269486767,0
25.420000,0.416371668,-0.336371528,0.30777227,0.172276326,-0.0119649411,0
25.440000,0.396574635,-0.357386183,0.258588894,0.163843773,0.00589023284,0
25.460000,0.42048712,-0.344886759,0.296168685,0.19050536,-0.0149510219,0
25.480000,0.404926171,-0.331406803,0.296699089,0.110802926,0.0164977792,0
25.500000,0.361456231,-0.354068493,0.278360716,0.115479469,-0.0220584458,0
25.520000,0.390720417,-0.313829627,0.252666952,0.153084528,0.00744403383,0
25.540000,0.351014952,-0.304448383,0.307840598,0.140845855,0.022287883,0
25.560000,0.403837235,-0.292084359,0.277423632,0.154632118,0.00368491362,0
25.580000,0.381418593,-0.333645097,0.314547498,0.120698909,0.0488187082,0
25.600000,0.338166121,-0.321486113,0.25069777,0.159762611,0.0149741395,0
25.620000,0.332407376,-0.324705107,0.303232511,0.136514778,0.0447696757,0
25.640000,0.383525062,-0.27557302,0.299343274,0.157881543,0.0658966919,0
25.660000,0.35958976,-0.322975033,0.310706237,0.134464561,0.0530606493,0
25.680000,0.342928739,-0.322434184,0.301893897,0.159598865,0.0201449117,0
25.700000,0.329026196,-0.32078275,0.297370019,0.180584737,0.056502673,0
25.720000,0.298634001,-0.2565866,0.302057832,0.0837251434,0.0511482129,0
25.740000,0.362473355,-0.269324561,0.277753879,0.113235362,0.0719995705,0
25.760000,0.313850283,-0.325284081,0.28973376,0.149231424,0.0637439369,0
25.780000,0.304833615,-0.243066286,0.323277437,0.104838471,0.0860472147,0
25.800000,0.306257532,-0.268115039,0.300359904,0.0980150876,0.060969394,0
25.820000,0.297489672,-0.275420964,0.310025746,0.136520474,0.0687638534,0
25.840000,0.300153997,-0.294103366,0.310524778,0.110217209,0.0521880474,0
25.860000,0.313641584,-0.292138904,0.320077119,0.12381019,0.107144109,0
25.880000,0.326433633,-0.261219159,0.259636652,0.13695381,0.0186981566,0
25.900000,0.258186697,-0.275928679,0.312419242,0.117233918,0.0500674709,0
25.920000,0.251953588,-0.226856232,0.294438129,0.119540615,0.0285053201,0
25.940000,0.305606227,-0.260427941,0.297231826,0.107552975,0.057854959,0
25.960000,0.294887344,-0.228915651,0.274967881,0.124624611,0.0765175931,0
25.980000,0.305539908,-0.216237556,0.310484452,0.0951070147,0.0560848926,0
26.000000,0.284689418,-0.233354629,0.318437539,0.0866319814,0.0727085131,0
26.020000,0.268518078,-0.212017854,0.277088964,0.103019305,0.0877965258,0
26.040000,0.283249832,-0.235003699,0.287187934,0.0844914731,0.0984302941,0
26.060000,0.247278038,-0.220353307,0.333462326,0.0814558422,0.069701503,0
26.080000,0.23358725,-0.214736195,0.349921346,0.146144142,0.0546922934,0
26.100000,0.210403583,-0.197151257,0.278150574,0.115770564,0.0894522105,0
26.120000,0.23383046,-0.19817601,0.328821068,0.0339942587,0.0844037875,0
26.140000,0.215493881,-0.166254022,0.256362187,0.105317028,0.0818438985,0
26.160000,0.240063082,-0.177682626,0.264871649,0.0840393484,0.0952779878,0
26.180000,0.221639667,-0.194242237,0.306440314,0.0566119632,0.093252583,0
26.200000,0.225314242,-0.166843921,0.313618618,0.0450009104,0.0800115947,0
26.220000,0.240062629,-0.174252698,0.33548029,0.0936885642,0.0845844001,0
26.240000,0.204841552,-0.19754941,0.262563544,0.0792925868,0.0527976061,0
26.260000,0.206904409,-0.201238377,0.326614497,0.0739686905,0.100137717,0
26.280000,0.203968361,-0.191934326,0.305121366,0.0641718502,0.11104971,0
26.300000,0.23665229,-0.155407,0.275961357,0.0969531014,0.112552419,0
26.320000,0.15389777,-0.165677236,0.288343165,0.0322722888,0.136039726,0
26.340000,0.152121406,-0.152215021,0.282537835,0.105838776,0.0916675427,0
26.360000,0.183807629,-0.118506839,0.241081693,0.0688462522,0.11433696,0
26.380000,0.168009428,-0.143330963,0.277730447,0.0809210036,0.0889915286,0
26.400000,0.183977416,-0.12633723,0.31236958,0.103322052,0.103216868,0
26.420000,0.153778618,-0.148148095,0.288034833,0.0507897344,0.0353911235,0
26.440000,0.175594968,-0.139220707,0.281550284,0.0771413261,0.103383742,0
26.460000,0.162244645,-0.117017087,0.285584009,0.066457709,0.100827821,0
26.480000,0.178000038,-0.112633189,0.28654014,0.085460432,0.0874997552,0
26.500000,0.155322202,-0.149309329,0.262021989,0.0670238179,0.0867617737,0
26.520000,0.114887533,-0.0743405898,0.278780346,0.0373478687,0.0891599177,0
26.540000,0.128258582,-0.138045227,0.297678346,0.0811844335,0.0818309988,0
26.560000,0.135939373,-0.105909467,0.296862893,0.0562894384,0.0975655679,0
26.580000,0.121795982,-0.0945726177,0.269947311,0.0622021651,0.0808460144,0
26.600000,0.112543785,-0.0904671301,0.25632174,0.0388006016,0.103768275,0
26.620000,0.110008994,-0.0862085564,0.313286873,0.0343908466,0.107400896,0
26.640000,0.119434447,-0.101568046,0.282477585,0.064237675,0.0964509367,0
26.660000,0.131675366,-0.0749037544,0.264748364,0.0470030061,0.107426432,0
26.680000,0.0925521967,-0.0522624706,0.244638547,0.0423619011,0.0751688345,0
26.700000,0.104090514,-0.0666356724,0.259752818,0.0401902897,0.112098641,0
26.720000,0.0973512724,-0.0551240433,0.24153496,0.0104164335,0.12554062,0
26.740000,0.0863542911,-0.0462277983,0.249423706,0.0241120286,0.0770602249,0
26.760000,0.0905894511,-0.0340339009,0.255827702,0.0709509783,0.0844200925,0
26.780000,0.0766197384,-0.0428319232,0.276401948,0.046784777,0.092278463,0
26.800000,0.0582331287,-0.0380873055,0.272027537,0.0235149383,0.0699390332,0
26.820000,0.0909905354,-0.01558963,0.253708575,0.0637619189,0.0817216089,0
26.840000,0.0745507009,-0.00220029669,0.255767955,0.0341854194,0.0377556357,0
26.860000,0.0407431207,-0.0312461168,0.246976474,0.033646128,0.0389401843,0
26.880000,0.0442165872,-0.01580348,0.212064537,0.038099237,0.0883121066,0
26.900000,0.0445493056,-0.0240465842,0.255893889,0.0234332614,0.0963340016,0
26.920000,0.0602941879,-0.0295204811,0.236376418,0.00199816509,0.0934995325,0
26.940000,0.0477494277,0.00644770918,0.223244415,0.0345085851,0.0794966101,0
26.960000,0.0842271139,0.0290906816,0.251991219,0.0358131944,0.0709535042,0
26.980000,0.0349458474,-0.00536756825,0.256591681,0.0311665212,0.0706923581,0
27.000000,0.0792030528,-0.0199684965,0.226444481,0.023995723,0.085068285,0
27.020000,0.0429018594,-0.0263528925,0.211833992,0.0082541912,0.0666386657,0
27.040000,0.0450354596,0.0112044385,0.25099262,0.0815845042,0.0728801423,0
27.060000,0.0376220122,0.0258220889,0.234972219,0.0674046838,0.0586404594,0
27.080000,0.0410703933,0.060175983,0.223201232,0.0151108095,0.052369693,0
27.100000,0.0345447974,0.000866809879,0.223197941,0.00906430645,0.0449377988,0
27.120000,0.0608285058,0.00204678498,0.21360402,0.0637640218,0.0530284376,0
27.140000,0.0291623883,0.0544079774,0.20459124,0.0264721039,0.0577386615,0
27.160000,0.0346248379,0.0845452637,0.227724178,0.0517089582,0.0429412735,0
27.180000,0.0179000642,0.0159832818,0.193249563,-0.00366045615,0.0526891418,0
27.200000,-0.00806697309,0.0532132396,0.231472512,0.0328116073,-0.00138322956,0
27.220000,-0.0126524542,0.0590458795,0.173254715,0.0512581304,0.0208642052,0
27.240000,0.0066605313,0.0803981648,0.186276841,0.0565291051,0.0568326279,0
27.260000,0.0141989086,0.0538927105,0.177517511,0.0306378687,0.0257488057,0
27.280000,-0.00481061385,0.0435488953,0.206340536,0.0464430063,0.0266540066,0
27.300000,-0.0252221139,0.063682885,0.144720401,0.0656443907,0.046006522,0
27.320000,-0.0442076382,0.0940713064,0.152681466,0.0235526494,-0.0199120277,0
27.340000,0.00806829338,0.0832432877,0.147173435,0.0406838455,0.0282998084,0
27.360000,0.0209877155,0.0871594109,0.150704912,0.0737722367,0.0578484954,0
27.380000,0.0189213454,0.0842081924,0.159492474,0.0606378809,0.0147843943,0
27.400000,-0.0295544918,0.0641065326,0.170308477,0.049552092,0.069129159,0
27.420000,-0.0172046876,0.0542716699,0.189997723,0.0159820355,0.0175253259,0
27.440000,-0.0402945268,0.0775147509,0.16476442,0.0551192355,0.0584109026,0
27.460000,-0.0314121256,0.102733426,0.126025905,0.0299365232,0.0317823039,0
27.480000,-0.0141930245,0.105196982,0.126401315,0.0413567565,0.0179953934,0
27.500000,-0.0223141822,0.108016485,0.161321266,0.0258269276,0.0380204247,0
27.520000,-0.0341897584,0.109901341,0.10750026,0.0371543012,-0.0249550697,0
27.540000,-0.0201744007,0.130228545,0.147808755,0.0453667747,0.015392138,0
27.560000,-0.0762427374,0.110761767,0.154982861,0.0402126616,-0.0300758699,0
27.580000,-0.0305350556,0.0800457082,0.148058568,0.0492098004,-0.0112904487,0
27.600000,-0.0522923317,0.127674417,0.128253658,0.0724342624,0.010534833,0
27.620000,-0.0304337061,0.131800724,0.137447356,0.0737722884,-0.0402255503,0
27.640000,-0.0379892118,0.109777144,0.116865835,0.0489386286,-0.0264511881,0
27.660000,-0.0238847126,0.128190958,0.118749028,0.0635611062,-0.0262386585,0
27.680000,-0.0539375919,0.169166434,0.133356684,0.0493470182,-0.0334106155,0
27.700000,-0.0366371577,0.163011641,0.106395549,0.0854383424,-0.0217592356,0
27.720000,-0.0346864641,0.116596383,0.107461978,0.0433029299,-0.0156539728,0
27.740000,-0.0347348434,0.137119052,0.0944143538,0.0796925906,-0.0230860685,0
27.760000,-0.0545436776,0.127977366,0.0636371917,0.0205476504,-0.0250549154,0
27.780000,-0.0406308592,0.176246841,0.0998315146,0.0960571452,-0.0437692685,0
27.800000,-0.0219769684,0.164257801,0.0681192826,0.0477148135,-0.0291521478,0
27.820000,-0.0473477626,0.181064872,0.0958161093,0.053182993,-0.0386797117,0
27.840000,-0.0330499825,0.181609004,0.0732071532,0.0457630967,-0.0788390934,0
27.860000,-0.0913222892,0.173430188,0.0799729268,0.0758194623,-0.0643770263,0
27.880000,-0.0588706628,0.162058808,0.076805187,0.0681657605,-0.0264148794,0
27.900000,-0.0319790614,0.130852499,0.0450972069,0.0634204504,-0.0801469837,0
27.920000,-0.0752518304,0.214730673,0.034545469,0.111325892,-0.0395756795,0
27.940000,-0.0622503738,0.151458327,0.0660774741,0.0820291064,-0.0653946036,0
27.960000,-0.0614749705,0.147849863,0.0472617322,0.0977125764,-0.0866410429,0
27.980000,-0.0402665809,0.174496262,0.0419731314,0.116716727,-0.106712169,0
28.000000,-0.0266935633,0.158159791,0.0548046499,0.0871189962,-0.0851084721,0
28.020000,-0.063178241,0.180272343,0.0637197451,0.105237179,-0.0609959244,0
28.040000,-0.0597606143,0.191786976,0.0411028679,0.105089451,-0.108538469,0
28.060000,-0.027119009,0.178942784,0.022698528,0.0864020632,-0.0939434934,0
28.080000,-0.0634434538,0.188130241,0.0412846672,0.118550806,-0.0787231299,0
28.100000,-0.0715815918,0.15086753,0.0407766011,0.110959765,-0.101754143,0
28.120000,-0.0688843301,0.149929867,0.00802042794,0.104360609,-0.115800646,0
28.140000,-0.0928569314,0.212058434,0.0371119347,0.0783252821,-0.173316077,0
28.160000,-0.0554461527,0.185059585,-0.00814098144,0.0809469859,-0.136587694,0
28.180000,-0.0647982608,0.174979833,-0.032924306,0.119062366,-0.13286246,0
28.200000,-0.0313529057,0.202396152,-0.0104717871,0.096307111,-0.146468055,0
28.220000,-0.0374183927,0.187342775,-0.0178376106,0.0941185179,-0.137379642,0
28.240000,-0.0396003891,0.207528857,-0.0296274972,0.122358808,-0.105814707,0
28.260000,-0.0741615325,0.178286857,-0.0155841917,0.116302031,-0.147371115,0
28.280000,-0.058764814,0.188376016,0.0191425576,0.1431958,-0.142982915,0
28.300000,-0.0466216083,0.197831278,-0.0524767126,0.100011196,-0.181934404,0
28.320000,-0.0530305736,0.201270305,-0.010696055,0.108370541,-0.147388472,0
28.340000,-0.0960355142,0.161707419,-0.0270195327,0.0844862311,-0.143723873,0
28.360000,-0.0728117706,0.200194419,-0.0329939416,0.103860618,-0.186241077,0
28.380000,-0.0684761816,0.164587433,-0.0235549969,0.134283051,-0.157478917,0
28.400000,-0.0608180269,0.181921655,-0.0269945902,0.082543276,-0.0892445404,0
28.420000,-0.0462248504,0.218766384,-0.0673896796,0.12348354,-0.189388315,0
28.440000,-0.0406602109,0.137660648,-0.0601304466,0.120439266,-0.166170397,0
28.460000,-0.0421646189,0.157905964,-0.040559365,0.0980868416,-0.172707673,0
28.480000,-0.057179543,0.211897419,-0.062475495,0.119066989,-0.155047534,0
28.500000,-0.0839238612,0.186490071,-0.0575260363,0.108850212,-0.21686985,0
28.520000,-0.0552795242,0.191186955,-0.0570798235,0.167030808,-0.19934008,0
28.540000,-0.0724220988,0.18089144,-0.0616962247,0.100036351,-0.179286135,0
28.560000,-0.0398531352,0.157340019,-0.0719283504,0.128915501,-0.190306288,0
28.580000,-0.0501637611,0.212366429,-0.067420938,0.172632414,-0.198300947,0
28.600000,-0.02028512,0.204273775,-0.0631084075,0.134133312,-0.21985862,0
28.620000,-0.0315734338,0.193961474,-0.0852000145,0.143383729,-0.222297505,0
28.640000,-0.00581041469,0.215244157,-0.0938680531,0.142204309,-0.193908003,0
28.660000,-0.0473775585,0.171231103,-0.112881161,0.161093846,-0.200745925,0
28.680000,-0.0638507512,0.186366315,-0.131858825,0.135427727,-0.21629589,0
28.700000,0.00722432644,0.19745671,-0.060314713,0.126997215,-0.209515658,0
28.720000,-0.0499921524,0.216195671,-0.140271531,0.156347037,-0.188691701,0
28.740000,-0.0334115165,0.198838622,-0.129748932,0.177178389,-0.197124933,0
28.760000,-0.0419641118,0.153204884,-0.127450733,0.155751817,-0.192574595,0
28.780000,-0.0488488172,0.147793269,-0.0971553777,0.144441152,-0.25150845,0
28.800000,-0.0266121839,0.173358164,-0.127043331,0.160902651,-0.215182321,0
28.820000,-0.0346876601,0.168178778,-0.147992971,0.143519783,-0.248432783,0
28.840000,-0.0203284943,0.185756917,-0.187978401,0.201194425,-0.198949595,0
28.860000,-0.0572258922,0.196966058,-0.109671236,0.182057191,-0.236774142,0
28.880000,-0.0216129524,0.225113744,-0.124913336,0.151107677,-0.261822793,0
28.900000,-0.018765644,0.18216423,-0.18965013,0.201513982,-0.273718263,0
28.920000,-0.0102484713,0.178723421,-0.146282862,0.118834889,-0.233552135,0
28.940000,-0.0369551605,0.148251972,-0.146619996,0.152371209,-0.277162596,0
28.960000,-0.0211719693,0.188042082,-0.178781587,0.1787464,-0.228168512,0
28.980000,0.000796156153,0.161397774,-0.165895646,0.173860025,-0.233972752,0
29.000000,0.0222382663,0.188344542,-0.130440162,0.1410478,-0.228592222,0
29.020000,-0.0174004628,0.124408681,-0.213404951,0.156704001,-0.269180298,0
29.040000,-0.0494077535,0.151377425,-0.149009783,0.160798116,-0.243048199,0
29.060000,-0.0454935929,0.184134118,-0.204415757,0.159921505,-0.246728212,0
29.080000,-0.015902367,0.169637197,-0.209448049,0.18421198,-0.237480049,0
29.100000,0.0172245733,0.178637951,-0.167175304,0.174477633,-0.260807955,0
29.120000,0.00394315667,0.178552448,-0.196630757,0.177332055,-0.272899175,0
29.140000,-0.0101614066,0.153887469,-0.19964115,0.16192553,-0.275419967,0
29.160000,-0.0338654106,0.15495955,-0.197417221,0.193603835,-0.292503938,0
29.180000,-0.032477623,0.137035717,-0.189451588,0.145557636,-0.265476476,0
29.200000,-0.0208953002,0.158860168,-0.211988132,0.192464356,-0.256415354,0
29.220000,0.0199787672,0.128189862,-0.234464875,0.180760383,-0.27459973,0
29.240000,-0.00576105074,0.137269736,-0.186325871,0.171233607,-0.27316265,0
29.260000,-0.00939767421,0.146694296,-0.196111727,0.204204907,-0.242461814,0
29.280000,-0.0259864816,0.132894606,-0.223122081,0.199055585,-0.29842079,0
29.300000,0.0309482111,0.181519959,-0.234902847,0.199854533,-0.264196127,0
29.320000,-0.00672921634,0.130051017,-0.233584023,0.193530091,-0.3073128,0
29.340000,0.0243904797,0.137509504,-0.21916716,0.194229583,-0.287586116,0
29.360000,0.00624820785,0.12414336,-0.235997056,0.194905924,-0.253609026,0
29.380000,0.00969051081,0.0872429515,-0.242751001,0.192892854,-0.265117145,0
29.400000,0.039749239,0.116893898,-0.243774106,0.184761726,-0.30901965,0
29.420000,-0.000300594195,0.0819551145,-0.246870125,0.217811458,-0.283370674,0
29.440000,0.00310082282,0.14203703,-0.253449227,0.201722137,-0.293300665,0
29.460000,-0.0135343229,0.0840629181,-0.245065099,0.18752325,-0.29111551,0
29.480000,0.00431158295,0.0963165815,-0.232373122,0.237735895,-0.310519227,0
29.500000,0.0387948627,0.137095849,-0.264571138,0.226823022,-0.302204678,0
29.520000,0.00346434574,0.126270884,-0.254792592,0.215384483,-0.304998146,0
29.540000,-0.0117288586,0.11130529,-0.266481082,0.179932924,-0.302661016,0
29.560000,0.0325789359,0.102670539,-0.251374348,0.190982106,-0.310765334,0
29.580000,0.0219822759,0.122422747,-0.289425284,0.187975588,-0.291266642,0
29.600000,0.00980289141,0.0796900834,-0.287151427,0.20440938,-0.282151939,0
29.620000,0.0129084627,0.103918817,-0.27481483,0.235041146,-0.295032169,0
29.640000,0.0170987202,0.100601984,-0.295660654,0.181425094,-0.279675115,0
29.660000,0.0439553052,0.0988261319,-0.284944102,0.223337387,-0.303720944,0
29.680000,0.0275057265,0.100324469,-0.270486187,0.222378196,-0.300068541,0
29.700000,0.0354990539,0.0763121857,-0.29067071,0.205491596,-0.289244026,0
29.720000,0.0190157491,0.0476050551,-0.317139478,0.246143514,-0.288558709,0
29.740000,0.0321583719,0.0839527906,-0.279985858,0.194742286,-0.257049951,0
29.760000,0.0216289203,0.120155674,-0.300769337,0.171301929,-0.31488112,0
29.780000,0.0283283413,0.0508205349,-0.292666943,0.235123196,-0.287356587,0
29.800000,0.0417317089,0.0441988049,-0.2956701,0.20721528,-0.309225081,0
29.820000,-0.00203535384,0.029578425,-0.336260517,0.216979454,-0.306728656,0
29.840000,0.0506738075,0.0839271574,-0.293269304,0.182325677,-0.293090759,0
29.860000,0.00790116782,0.0640926168,-0.277481366,0.219146834,-0.295209803,0
29.880000,0.0165226271,0.0329011881,-0.297589923,0.215407316,-0.285799556,0
29.900000,0.0435967424,0.0417513677,-0.315217503,0.211869575,-0.269566332,0
29.920000,0.0224010751,0.0440890521,-0.323716158,0.183781126,-0.239738361,0
29.940000,0.0509173434,0.0142331995,-0.319413709,0.205603467,-0.279240588,0
29.960000,0.026906533,0.0721182981,-0.31993819,0.205022827,-0.291182016,0
29.980000,0.00856776246,-0.0248237293,-0.314492997,0.225648051,-0.302751128,0
30.000000,0.0284391082,0.0264576904,-0.3387671,0.210788472,-0.265499986,0
30.020000,0.0490490815,0.0118393302,-0.302893738,0.204042591,-0.268159994,0
30.040000,0.0143224648,0.0246237361,-0.328722565,0.192318438,-0.290190515,0
30.060000,0.0168593976,-0.00659889254,-0.305724075,0.190667605,-0.288812517,0
30.080000,0.0249523917,0.0561787971,-0.317824712,0.213917772,-0.282161389,0
30.100000,0.0273470406,0.0134486764,-0.346730013,0.218905461,-0.265604403,0
30.120000,0.0600898069,0.00477518572,-0.308869824,0.163868411,-0.253948107,0
30.140000,0.0311010906,0.0242258534,-0.34893454,0.200949043,-0.300052184,0
30.160000,0.0254433157,-0.0139961232,-0.336743944,0.209738901,-0.267775598,0
30.180000,0.0223796691,0.0383801242,-0.338057183,0.176150626,-0.257349872,0
30.200000,0.0418980378,-0.00755500669,-0.328091791,0.132029801,-0.273239274,0
30.220000,0.0439658637,0.00891396394,-0.359250794,0.168534539,-0.259019453,0
30.240000,0.0369448436,-0.00648827906,-0.383642138,0.218299579,-0.208865659,0
30.260000,0.013077312,0.0097038872,-0.346338652,0.175591881,-0.253848398,0
30.280000,0.0609642095,-0.0084714145,-0.321662162,0.246341644,-0.274685225,0
30.300000,0.00315435242,-0.0334993193,-0.318803912,0.164589411,-0.201682552,0
30.320000,0.0487782061,-0.0208960408,-0.348771184,0.191132986,-0.243905187,0
30.340000,0.0286912281,-0.031444876,-0.370335409,0.184167727,-0.238596653,0
30.360000,0.0408959292,-0.032502264,-0.336228362,0.133406192,-0.253054733,0
30.380000,0.0205135401,-0.0204781308,-0.323420828,0.161377325,-0.23663754,0
30.400000,0.0236572727,-0.0430193512,-0.339869918,0.18479974,-0.23854698,0
30.420000,0.0405456544,-0.0616774364,-0.320674939,0.213388004,-0.246882518,0
30.440000,0.0144328484,-0.0425068273,-0.360560501,0.184829194,-0.23172753,0
30.460000,0.0072669667,-0.0365290814,-0.353119039,0.180996822,-0.224760201,0
30.480000,-0.00823675411,-0.0485241072,-0.342364981,0.15617772,-0.26525465,0
30.500000,0.0190238535,-0.0712308815,-0.34337142,0.172714715,-0.212809476,0
30.520000,0.00956385193,-0.0433423917,-0.358031766,0.137731333,-0.215406357,0
30.540000,0.0126983039,-0.0731862925,-0.351666926,0.134300193,-0.216164323,0
30.560000,0.00729004788,-0.0521168008,-0.312956887,0.19476596,-0.211830357,0
30.580000,-0.00723214724,-0.057231856,-0.328278372,0.161380031,-0.215329425,0
30.600000,0.0319737548,-0.0786464114,-0.35128188,0.186468862,-0.187382487,0
30.620000,-0.00949593337,-0.0671928815,-0.35492623,0.178395513,-0.224596301,0
30.640000,0.0147261191,-0.0610143673,-0.344840396,0.148626482,-0.240016483,0
30.660000,-0.00164904611,-0.0927427825,-0.33998824,0.147766303,-0.195851331,0
30.680000,0.0314005373,-0.0599546966,-0.343054747,0.153501334,-0.1906075,0
30.700000,0.0190206678,-0.0855646291,-0.327344951,0.144677961,-0.181536357,0
30.720000,0.0396147106,-0.093012681,-0.362481062,0.14585771,-0.202463935,0
30.740000,0.0450804284,-0.0848006339,-0.344157401,0.106627791,-0.184565626,0
30.760000,-0.00431039209,-0.100171168,-0.354860779,0.184060232,-0.1715868,0
30.780000,0.00993255227,-0.111568943,-0.30440711,0.124865944,-0.179919871,0
30.800000,-0.00572567616,-0.101283261,-0.324117614,0.129778203,-0.169787014,0
30.820000,0.0336685786,-0.100225134,-0.34830594,0.170512978,-0.182667996,0
30.840000,-0.0157658391,-0.0960139212,-0.337859666,0.165406894,-0.135727219,0
30.860000,-0.0172167019,-0.129302307,-0.322492278,0.121864113,-0.146545657,0
30.880000,-0.0136130429,-0.129658637,-0.366934843,0.10439643,-0.124235448,0
30.900000,-0.0267527538,-0.104615201,-0.329817345,0.136010768,-0.156974128,0
30.920000,-0.0357032263,-0.113378236,-0.393716143,0.126499065,-0.12896329,0
30.940000,0.00504792257,-0.0946966104,-0.333903439,0.0947117216,-0.118943069,0
30.960000,-0.0356977764,-0.0927662371,-0.329750372,0.127877484,-0.141108328,0
30.980000,-0.00856518312,-0.128200809,-0.344122786,0.124547788,-0.132948074,0
31.000000,-0.0371039658,-0.175605919,-0.341711429,0.0878771987,-0.0854568426,0
31.020000,0.0063401485,-0.125466352,-0.351271391,0.109964955,-0.115691692,0
31.040000,-0.024296972,-0.113592557,-0.358313149,0.110131295,-0.147183267,0
31.060000,-0.0677606293,-0.141888639,-0.359458284,0.0824159994,-0.0943511559,0
31.080000,0.0138246401,-0.12432193,-0.313515025,0.130496045,-0.13491511,0
31.100000,-0.047363303,-0.134436857,-0.340539108,0.0832995935,-0.0846194959,0
31.120000,-0.0108467948,-0.143425307,-0.34203762,0.086449652,-0.079302307,0
31.140000,-0.0475546844,-0.115282694,-0.355176948,0.0970214317,-0.09426891,0
31.160000,-0.0202630089,-0.152847126,-0.355110395,0.0869481097,-0.0952019483,0
31.180000,-0.048563151,-0.159870527,-0.330850687,0.0679455276,-0.0885042405,0
31.200000,-0.022248678,-0.157143173,-0.319636089,0.0855317287,-0.0969497194,0
31.220000,-0.0319802529,-0.142417412,-0.337133031,0.0653120174,-0.0570481138,0
31.240000,-0.0639801014,-0.156066045,-0.346513475,0.0455853153,-0.105202434,0
31.260000,-0.0918396742,-0.163505884,-0.31546544,0.0248988195,-0.0702263859,0
31.280000,-0.0782391111,-0.153368116,-0.361445193,0.0871356096,-0.0833050332,0
31.300000,-0.0962518864,-0.164875512,-0.343915929,0.0388025115,-0.0966194786,0
31.320000,-0.0749794539,-0.151051817,-0.333698718,0.0826436531,-0.0640665028,0
31.340000,-0.0729597411,-0.170504708,-0.357211408,0.0707943557,-0.0416705227,0
31.360000,-0.0571846866,-0.172738692,-0.348247587,0.0260044681,-0.0442446361,0
31.380000,-0.0580896337,-0.170951434,-0.311419277,0.0449117508,-0.0116863252,0
31.400000,-0.0654288569,-0.147569904,-0.34141905,0.084024381,-0.0368562202,0
31.420000,-0.101043043,-0.142818038,-0.308502931,0.0302046436,-0.00485530846,0
31.440000,-0.0946166481,-0.191669286,-0.307606775,-0.000482994431,-0.031557671,0
31.460000,-0.0694276453,-0.144157235,-0.306045841,0.0134429291,-0.0628771431,0
31.480000,-0.0853629769,-0.200210255,-0.302997244,0.0554443306,-0.0122343777,0
31.500000,-0.0793372748,-0.157320105,-0.362532672,-0.00861715907,-0.00126323514,0
31.520000,-0.131785213,-0.150486714,-0.311241337,0.00370880749,-0.020067912,0
31.540000,-0.108288552,-0.173027105,-0.243739715,0.000963214106,-0.0036237861,0
31.560000,-0.0785798472,-0.184641948,-0.308736872,-0.0160545104,-0.0404709494,0
31.580000,-0.0981762787,-0.141242795,-0.273378769,-0.00257217949,0.0145452987,0
31.600000,-0.126007569,-0.153917547,-0.278911555,-0.0247720807,0.00806471521,0
31.620000,-0.122425981,-0.171821153,-0.271872619,0.0084359225,0.0114090329,0
31.640000,-0.0876806961,-0.192087022,-0.310233832,-0.0410764215,0.0281894588,0
31.660000,-0.132056147,-0.184537876,-0.321674784,0.0124091526,0.023394815,0
31.680000,-0.108550604,-0.190018669,-0.324306418,-0.0107603822,0.0309228103,0
31.700000,-0.183453402,-0.198445349,-0.27571592,-0.0211297827,0.0340927178,0
31.720000,-0.118340515,-0.197533766,-0.317716331,-0.0500511377,0.0212137704,0
31.740000,-0.132457465,-0.157231371,-0.294567821,-0.0454768444,0.0222826674,0
31.760000,-0.160400218,-0.169847647,-0.293462152,-0.0153930323,0.0359884019,0
31.780000,-0.128805194,-0.191939496,-0.29190424,-0.0466356139,0.0549088256,0
31.800000,-0.202731902,-0.181617551,-0.288952844,-0.0101376669,0.07796648,0
31.820000,-0.151245954,-0.174659319,-0.252800831,-0.0553854043,0.0493790811,0
31.840000,-0.160399512,-0.201947278,-0.28983525,-0.0395328515,0.0590665501,0
31.860000,-0.161658013,-0.222642925,-0.278288228,-0.075634908,0.0858717636,0
31.880000,-0.171126109,-0.168342464,-0.274951461,-0.0828718911,0.0486651972,0
31.900000,-0.217330998,-0.17272945,-0.230562457,-0.0862530649,0.070320358,0
31.920000,-0.21813783,-0.158598327,-0.265319786,-0.0387501288,0.0674763255,0
31.940000,-0.202863464,-0.178183205,-0.238755854,-0.0555274896,0.0875291509,0
31.960000,-0.215529847,-0.184944053,-0.281047032,-0.0440491976,0.0587279513,0
31.980000,-0.190422258,-0.184153853,-0.238725246,-0.0850430367,0.104908374,0
32.000000,-0.207147271,-0.192082686,-0.210726682,-0.0930876724,0.0862576027,0
32.020000,-0.205006472,-0.15143201,-0.24667567,-0.0884781805,0.091615311,0
32.040000,-0.238610184,-0.193124502,-0.284035552,-0.126625596,0.130923026,0
32.060000,-0.225413563,-0.184943815,-0.246983558,-0.106158939,0.12775535,0
32.080000,-0.201402743,-0.186112867,-0.225979645,-0.115758569,0.151526478,0
32.100000,-0.219546397,-0.188809772,-0.239542804,-0.106051252,0.146545285,0
32.120000,-0.246255521,-0.172585895,-0.239530329,-0.0819355277,0.0983822888,0
32.140000,-0.242134077,-0.175315511,-0.258878161,-0.10961218,0.153769481,0
32.160000,-0.272278601,-0.165400281,-0.229157493,-0.115031676,0.179013507,0
32.180000,-0.286742801,-0.15320478,-0.224233416,-0.101074499,0.158308051,0
32.200000,-0.270310775,-0.169902751,-0.211374636,-0.137077734,0.131185147,0
32.220000,-0.258816855,-0.22955541,-0.25042484,-0.0973452563,0.136227513,0
32.240000,-0.276436246,-0.169314228,-0.246075558,-0.138290367,0.140574604,0
32.260000,-0.260897956,-0.173164675,-0.230632399,-0.14494046,0.163034098,0
32.280000,-0.28475304,-0.166789726,-0.208163604,-0.163687597,0.19745728,0
32.300000,-0.316144465,-0.156015265,-0.239166043,-0.10079483,0.154776172,0
32.320000,-0.293880014,-0.144987645,-0.193561985,-0.161086306,0.172188292,0
32.340000,-0.293766536,-0.169932533,-0.227389097,-0.155946559,0.203306518,0
32.360000,-0.33355458,-0.112859406,-0.208049797,-0.156565908,0.159791972,0
32.380000,-0.325145051,-0.161945889,-0.186354217,-0.153276087,0.198740997,0
32.400000,-0.332562997,-0.129749665,-0.207490253,-0.144676024,0.227855313,0
32.420000,-0.306593211,-0.159512809,-0.263437135,-0.154199075,0.17869804,0
32.440000,-0.270680161,-0.108029146,-0.215814519,-0.150528245,0.218545739,0
32.460000,-0.325247952,-0.136700227,-0.177556376,-0.165248502,0.181015923,0
32.480000,-0.299276598,-0.129379395,-0.153318448,-0.150450507,0.203788093,0
32.500000,-0.37578674,-0.126411269,-0.201280069,-0.191910702,0.192318344,0
32.520000,-0.341718278,-0.120843523,-0.16777839,-0.195646021,0.188843188,0
32.540000,-0.29126842,-0.126061595,-0.172088289,-0.160573146,0.185209316,0
32.560000,-0.317336978,-0.15237587,-0.164145139,-0.16719619,0.196080866,0
32.580000,-0.337847446,-0.153357183,-0.177961731,-0.18486436,0.20451958,0
32.600000,-0.365805187,-0.148123975,-0.174815407,-0.196679138,0.21067465,0
32.620000,-0.336394639,-0.125578669,-0.171522217,-0.17778684,0.247146966,0
32.640000,-0.35745722,-0.106688066,-0.191895892,-0.219444095,0.255332117,0
32.660000,-0.339262602,-0.104391327,-0.188576672,-0.207591771,0.249970181,0
32.680000,-0.367142265,-0.103080413,-0.162961888,-0.181502308,0.222509577,0
32.700000,-0.354559293,-0.101637963,-0.161745672,-0.231956185,0.194991686,0
32.720000,-0.348059564,-0.117556442,-0.193885384,-0.219421912,0.287377962,0
32.740000,-0.361631794,-0.114009248,-0.167410265,-0.204184891,0.261839051,0
32.760000,-0.379098112,-0.116812811,-0.154614255,-0.212007875,0.238375426,0
32.780000,-0.362658146,-0.0964267814,-0.171419863,-0.256764561,0.264033215,0
32.800000,-0.40979258,-0.1023725,-0.137941774,-0.238998578,0.266316018,0
32.820000,-0.408333897,-0.0717445189,-0.15122051,-0.206157997,0.274953396,0
32.840000,-0.375072106,-0.0624537911,-0.178065664,-0.262439947,0.247355176,0
32.860000,-0.39670188,-0.0687413277,-0.150226564,-0.215696882,0.270817657,0
32.880000,-0.40956775,-0.0885903237,-0.172464854,-0.236621123,0.258704648,0
32.900000,-0.375664433,-0.0785525996,-0.152697511,-0.237690813,0.297332401,0
32.920000,-0.40404399,-0.0569419946,-0.155092287,-0.203379765,0.228922476,0
32.940000,-0.417617229,-0.0485984523,-0.138382496,-0.231045792,0.287725703,0
32.960000,-0.375256295,-0.0572437502,-0.135731176,-0.269181376,0.247510869,0
32.980000,-0.418916149,-0.117043987,-0.146856136,-0.244556543,0.268507112,0
33.000000,-0.444149257,-0.0514596493,-0.138285996,-0.247463202,0.311211327,0
33.020000,-0.413622842,-0.063502884,-0.0957002397,-0.26150834,0.291265684,0
33.040000,-0.375813481,-0.0545730063,-0.10072157,-0.249587093,0.282536636,0
33.060000,-0.434342001,-0.0676186579,-0.0884265508,-0.266297154,0.280079571,0
33.080000,-0.389215343,-0.0553836112,-0.129038267,-0.239569878,0.309037783,0
33.100000,-0.426196205,-0.0568743934,-0.0936045992,-0.294009549,0.28772474,0
33.120000,-0.432813917,-0.0694858446,-0.0979483477,-0.297878749,0.280445826,0
33.140000,-0.453414674,-0.0597603016,-0.110165893,-0.294924933,0.29241906,0
33.160000,-0.41690385,-0.0222279249,-0.15023671,-0.250994567,0.289072273,0
33.180000,-0.443419261,-0.01652226,-0.0831365498,-0.276993368,0.280520753,0
33.200000,-0.437669381,-0.0653280033,-0.105857785,-0.307786803,0.308227512,0
33.220000,-0.478865887,-0.012497764,-0.129177338,-0.300290814,0.313007045,0
33.240000,-0.454830753,-0.0169584183,-0.0733319434,-0.284503417,0.308053118,0
33.260000,-0.471046921,-0.0397746247,-0.081335418,-0.256496211,0.327244479,0
33.280000,-0.444155548,0.00144429654,-0.10212855,-0.269644551,0.288195145,0
33.300000,-0.435428959,-0.0277278439,-0.101405428,-0.278088903,0.323238347,0
33.320000,-0.451657619,-0.0378839906,-0.0661917896,-0.279053027,0.317696913,0
33.340000,-0.493691423,-0.0274473512,-0.0810043588,-0.293702416,0.298314462,0
33.360000,-0.446677548,0.00931034976,-0.0904190563,-0.252507594,0.300458787,0
33.380000,-0.484078044,0.0208160711,-0.0845104851,-0.260820611,0.289225747,0
33.400000,-0.49862369,0.0015500246,-0.0672522853,-0.271888729,0.282133639,0
33.420000,-0.456463433,0.00227001013,-0.0893651655,-0.295080361,0.268070644,0
33.440000,-0.468915342,-0.00601883446,-0.0793746036,-0.280809939,0.302231296,0
33.460000,-0.486213734,0.038140817,-0.0883782773,-0.291710347,0.30254703,0
33.480000,-0.44805796,0.00331531751,-0.0741012244,-0.249418657,0.318960873,0
33.500000,-0.481082274,0.011862585,-0.0805848858,-0.24993314,0.279479389,0
33.520000,-0.454480998,0.00438006278,-0.0511032436,-0.274647772,0.284851749,0
33.540000,-0.486098565,0.0163834572,-0.0983324084,-0.285040574,0.317456561,0
33.560000,-0.520405985,0.0356699705,-0.0832816851,-0.275849543,0.292747794,0
33.580000,-0.466630389,0.0265094656,-0.111195915,-0.27456708,0.293643069,0
33.600000,-0.445731404,0.0233213735,-0.0544547755,-0.299433839,0.286158979,0
33.620000,-0.459777944,0.0385719877,-0.0550772957,-0.273330979,0.292444892,0
33.640000,-0.488975368,-0.000952349716,-0.0606320404,-0.300437683,0.314734686,0
33.660000,-0.457994764,0.0440346719,-0.0227824259,-0.283431052,0.293200245,0
33.680000,-0.504524492,0.0509850578,-0.0233825308,-0.289363914,0.305356336,0
33.700000,-0.498548004,0.0588125824,-0.0599427198,-0.259354662,0.266951992,0
33.720000,-0.46398244,0.0735972854,-0.0530429263,-0.32877584,0.309450988,0
33.740000,-0.437952442,0.0693677551,-0.0592184704,-0.279022195,0.322647671,0
33.760000,-0.488103223,0.097375617,-0.0491211984,-0.2887432,0.309852759,0
33.780000,-0.502279681,0.0564519785,-0.046931802,-0.292795377,0.307475665,0
33.800000,-0.449665188,0.0799468387,-0.0378334146,-0.261144506,0.292162772,0
33.820000,-0.486662628,0.0897587419,-0.00815185842,-0.274866029,0.296335491,0
33.840000,-0.469507599,0.071044565,-0.0401628235,-0.271986844,0.3208657,0
33.860000,-0.441332873,0.0731879747,-0.0751354747,-0.261624675,0.286160754,0
33.880000,-0.473768428,0.0792690388,-0.0534880746,-0.271628463,0.269234235,0
33.900000,-0.457425679,0.126300863,-0.00233006469,-0.244453823,0.259822681,0
33.920000,-0.457257526,0.0859761674,-0.0366794066,-0.252395351,0.285058726,0
33.940000,-0.478717162,0.116047386,-0.0273612603,-0.281918238,0.270982947,0
33.960000,-0.463935982,0.0685946945,-0.0305143415,-0.270118442,0.274962212,0
33.980000,-0.465341082,0.144869313,-0.014036524,-0.265669207,0.30280524,0
34.000000,-0.463482537,0.0989771508,-0.0479243459,-0.283725931,0.268306847,0
34.020000,-0.490988538,0.137945366,0.0101874107,-0.297803999,0.246182794,0
34.040000,-0.457815004,0.130454851,-0.0833488082,-0.275771624,0.261739194,0
34.060000,-0.436315342,0.124288656,-0.00968752766,-0.328611735,0.243345637,0
34.080000,-0.447554412,0.109671475,-0.0133943499,-0.265461389,0.310754343,0
34.100000,-0.479312965,0.105856604,0.000576703418,-0.305198405,0.2551103,0
34.120000,-0.416685338,0.142952126,-0.025820125,-0.251657626,0.293741774,0
34.140000,-0.478863417,0.128304252,-0.0629449454,-0.237013038,0.269726306,0
34.160000,-0.440068553,0.128691519,0.00420246649,-0.242300966,0.263314322,0
34.180000,-0.422916023,0.148874426,-0.012846461,-0.266123557,0.268044591,0
34.200000,-0.426967393,0.134916843,0.00993455429,-0.258001458,0.26804086,0
34.220000,-0.427626701,0.149646001,-0.0294172075,-0.275196717,0.257415435,0
34.240000,-0.442583686,0.155640487,-0.00450128586,-0.287438218,0.24311422,0
34.260000,-0.456791734,0.12193178,-0.025465527,-0.295977915,0.24631903,0
34.280000,-0.414359854,0.147073373,-0.028362665,-0.240663814,0.310541461,0
34.300000,-0.391790588,0.133779628,-0.0238879682,-0.246083488,0.249952145,0
34.320000,-0.425497342,0.161725333,-0.0309077778,-0.26393415,0.2731789,0
34.340000,-0.431500907,0.142353129,0.00941415714,-0.227795776,0.23194293,0
34.360000,-0.471136969,0.160672572,-0.0199821133,-0.243088659,0.223270036,0
34.380000,-0.385688857,0.173380987,-0.038465855,-0.253337927,0.235506072,0
34.400000,-0.415132754,0.186662085,-0.00863607006,-0.223016061,0.232882642,0
34.420000,-0.402576885,0.161388912,-0.00578249241,-0.25360012,0.274147312,0
34.440000,-0.413615166,0.187874252,0.028702021,-0.200307921,0.234266372,0
34.460000,-0.352281521,0.163845557,0.0278114396,-0.216699064,0.226938029,0
34.480000,-0.409749382,0.206506111,0.000311921803,-0.250932657,0.246256796,0
34.500000,-0.343528978,0.204450836,0.0285999857,-0.243133661,0.231214576,0
34.520000,-0.37505425,0.171706188,0.0139460691,-0.187694102,0.19055232,0
34.540000,-0.393174573,0.135091688,-0.00555010122,-0.215208471,0.227010943,0
34.560000,-0.417605391,0.183165011,-0.0109440248,-0.235820063,0.226722567,0
34.580000,-0.404253818,0.192604704,0.0377132657,-0.226334689,0.247459999,0
34.600000,-0.372989962,0.223464441,0.0461891538,-0.206968163,0.20854907,0
34.620000,-0.36503526,0.186491224,0.054673776,-0.230712428,0.220663567,0
34.640000,-0.344876064,0.223798213,0.0337363233,-0.190750681,0.208479351,0
34.660000,-0.366953153,0.181313789,0.0372566832,-0.188945416,0.212419743,0
34.680000,-0.34285114,0.211033449,0.029739869,-0.185491365,0.215448361,0
34.700000,-0.352933777,0.175110933,-0.0206196469,-0.203785744,0.21388629,0
34.720000,-0.351949481,0.215112585,0.0155257908,-0.214451502,0.222938006,0
34.740000,-0.362380326,0.177754501,0.00750475029,-0.173053983,0.225193244,0
34.760000,-0.348268309,0.233985836,-0.0192987043,-0.198786601,0.210973105,0
34.780000,-0.321690525,0.220491742,0.0281463914,-0.171781643,0.242791134,0
34.800000,-0.319545321,0.214549945,0.0369261321,-0.170597703,0.164687339,0
34.820000,-0.345253279,0.232920132,0.0344555426,-0.155726731,0.173118691,0
34.840000,-0.305682122,0.235122876,0.0327407704,-0.197739129,0.196470586,0
34.860000,-0.3106656,0.223033368,0.0301967148,-0.159900938,0.176481362,0
34.880000,-0.316744158,0.205598273,0.0378234325,-0.160747742,0.163922986,0
34.900000,-0.324034666,0.215625274,0.0356709956,-0.163777181,0.180207952,0
34.920000,-0.317943717,0.232111657,0.0637238394,-0.142027711,0.183095228,0
34.940000,-0.279500531,0.246726209,0.0349095333,-0.194769848,0.16326988,0
34.960000,-0.288175172,0.246592885,0.0460344076,-0.165628395,0.152640134,0
34.980000,-0.308641809,0.188150463,0.0589941009,-0.148767158,0.173460474,0
35.000000,-0.27887778,0.193894727,0.0606332731,-0.156694654,0.132462918,0
35.020000,-0.286074268,0.242581986,0.0572197635,-0.1418396,0.159951884,0
35.040000,-0.266767983,0.241136402,0.0370604002,-0.139261925,0.155550692,0
35.060000,-0.210445179,0.238888803,0.044424168,-0.119188368,0.153674113,0
35.080000,-0.278035475,0.210250151,0.0412801017,-0.124605865,0.159354284,0
35.100000,-0.240066325,0.290358882,0.0573729174,-0.143697937,0.154186393,0
35.120000,-0.257281487,0.23037474,0.0582754832,-0.157012769,0.113437853,0
35.140000,-0.231337634,0.239137277,0.0027371361,-0.121595204,0.134550087,0
35.160000,-0.254333655,0.238261659,0.0279853502,-0.120892928,0.144075144,0
35.180000,-0.207817806,0.221496025,0.0238801472,-0.125491499,0.138935008,0
35.200000,-0.227885515,0.230481967,0.0453262602,-0.114353382,0.141024873,0
35.220000,-0.238101183,0.2303282,0.0294382588,-0.119430886,0.129951655,0
35.240000,-0.21214106,0.228062999,0.054371751,-0.118601904,0.16232734,0
35.260000,-0.186094449,0.230246042,0.0513176832,-0.132791522,0.133010142,0
35.280000,-0.174191538,0.248621077,0.0243118094,-0.132718806,0.160771966,0
35.300000,-0.210718833,0.238711665,0.0330745651,-0.108570609,0.152373288,0
35.320000,-0.186470753,0.272668964,0.0718282617,-0.0871591935,0.0988448655,0
35.340000,-0.181196344,0.232884999,0.0329292544,-0.064248704,0.120705692,0
35.360000,-0.168791391,0.221566107,0.0535847074,-0.0523677889,0.136471201,0
35.380000,-0.190766123,0.257682646,0.0454831005,-0.0740055352,0.13800703,0
35.400000,-0.150010309,0.257927321,0.0448776322,-0.0620080174,0.15505141,0
35.420000,-0.114329538,0.257572226,0.0587968419,-0.0886565494,0.118853722,0
35.440000,-0.19120801,0.28070409,0.0799611486,-0.0934128012,0.118861944,0
35.460000,-0.0886474421,0.269313505,0.0756844755,-0.0899481173,0.127631116,0
35.480000,-0.145626034,0.210305266,0.0606984332,-0.0966294507,0.118387267,0
35.500000,-0.102540864,0.218523315,0.0477377205,-0.0971023802,0.127676971,0
35.520000,-0.123811861,0.227016954,0.0645610175,-0.0393284916,0.108118505,0
35.540000,-0.119071514,0.253828567,0.0605068832,-0.0564726196,0.119370652,0
35.560000,-0.10620126,0.235944087,0.0589017546,-0.0425286411,0.0813850706,0
35.580000,-0.133974372,0.242182956,0.00787626757,-0.0543375028,0.0861177839,0
35.600000,-0.10648624,0.262785198,0.0532679555,-0.0437371801,0.109980075,0
35.620000,-0.0839297078,0.261074416,0.0474405149,-0.038785374,0.134084906,0
35.640000,-0.0943095302,0.261774711,0.0713147191,-0.0566100276,0.107374114,0
35.660000,-0.070248493,0.256726007,0.0691922846,-0.0907998226,0.132306087,0
35.680000,-0.0417448522,0.230968552,0.0260062519,-0.068306336,0.0772755234,0
35.700000,-0.0405928865,0.265327194,0.0674132238,0.0170035971,0.0933663053,0
35.720000,-0.0599895221,0.275225626,0.0331474533,0.00341480205,0.130350578,0
35.740000,-0.0368405219,0.232076815,0.0387515676,-0.0288913167,0.141832542,0
35.760000,-0.0604300504,0.230431163,0.0585708406,-0.0639150097,0.102519639,0
35.780000,-0.0347600379,0.237665803,0.0717974795,-0.0185225837,0.0986314619,0
35.800000,-0.028348899,0.237366565,0.0394229305,-0.0149617273,0.0861596421,0
35.820000,-0.0251430285,0.211949268,0.0488231718,-0.0520125632,0.0906201556,0
35.840000,-0.023876143,0.268040552,0.0310581002,-0.0251733564,0.104374203,0
35.860000,-0.0190788057,0.235058818,0.0508544246,0.016539578,0.0489558611,0
35.880000,-0.00645193488,0.261260033,0.0624201487,-0.0258458936,0.0856117479,0
35.900000,0.00988219611,0.278456788,0.0578586446,-0.0134361215,0.0870203683,0
35.920000,0.00415352035,0.211871664,0.0360788002,0.0160979574,0.106744363,0
35.940000,0.0329979313,0.217999284,0.069162614,0.00868439877,0.0636933242,0
35.960000,0.0204301898,0.255649091,0.0566932991,0.0147792937,0.056928913,0
35.980000,0.0200819128,0.286520225,0.0171039192,0.00320424344,0.0673190121,0
36.000000,0.0343368001,0.258591336,0.0359109984,-0.0101918795,0.0658661248,0
36.020000,0.0396402588,0.216657446,0.0759000739,0.00487876067,0.0674091894,0
36.040000,0.0856431238,0.210346979,0.0756628129,9.52208197e-05,0.0693023806,0
36.060000,0.0489328474,0.25355498,0.0698417251,-0.00874098343,0.0761709607,0
36.080000,0.0513409511,0.236287205,0.0115343298,0.0541133912,0.100051625,0
36.100000,0.0503574618,0.226911368,0.0565348174,0.00106164005,0.0791651478,0
36.120000,0.0693862773,0.225288285,0.0923676968,0.0201785771,0.106589069,0
36.140000,0.0638312502,0.209747,0.0694288939,0.0189523667,0.0811716421,0
36.160000,0.0984461024,0.211189159,0.0797298838,0.0313567968,0.0335521918,0
36.180000,0.0833522015,0.207442944,0.0837130823,0.0472452975,0.0909210082,0
36.200000,0.0934134841,0.212993535,0.0680053898,0.0431044312,0.0909959397,0
36.220000,0.0955679662,0.21408472,0.00413672735,0.0413782721,0.104789378,0
36.240000,0.107089117,0.247193034,0.0425853741,0.0588025621,0.052031358,0
36.260000,0.103800452,0.239583164,0.0805797547,0.0830978522,0.0516598949,0
36.280000,0.151732269,0.227515211,0.0786225412,0.055330274,0.0627674461,0
36.300000,0.110084558,0.217248418,0.0561742895,0.0429868172,0.0967442113,0
36.320000,0.0926333214,0.238891314,0.0405198301,0.0538790603,0.0961023505,0
36.340000,0.164459735,0.196385608,0.0726270449,0.0299142914,0.102712258,0
36.360000,0.137315682,0.212683005,0.0424563258,0.0889506979,0.0633974673,0
36.380000,0.146468874,0.186955544,0.0741000355,0.0892727185,0.0792627504,0
36.400000,0.146914678,0.19263254,0.0281067658,0.0688412804,0.0493092562,0
36.420000,0.171674152,0.2037304,0.0450083462,0.0566881351,0.0591646815,0
36.440000,0.136003934,0.224611846,0.0558592452,0.0889095559,0.0650939859,0
36.460000,0.172238386,0.169950585,0.0916930842,0.0777148958,0.0480377852,0
36.480000,0.176461769,0.14484478,0.0714689926,0.0850918727,0.0577101885,0
36.500000,0.184313452,0.173958448,0.0103032049,0.0929489214,0.0535929057,0
36.520000,0.152652061,0.215526693,0.0720002017,0.109906124,0.0702659709,0
36.540000,0.182727554,0.208610668,0.0426276078,0.112479383,0.0753740736,0
36.560000,0.175420129,0.174197026,0.0639224507,0.0659284712,0.0451433783,0
36.580000,0.190657305,0.188755985,0.0275368056,0.0493478266,0.106990819,0
36.600000,0.173190132,0.193278334,0.0645736966,0.0819524207,0.0393770306,0
36.620000,0.179315243,0.201306641,0.0516288703,0.0873215897,0.0610625921,0
36.640000,0.210934327,0.182312988,0.0659130598,0.0912160881,0.06648281,0
36.660000,0.225480963,0.19134044,0.0670885946,0.0878573046,0.0847752898,0
36.680000,0.240156506,0.215102244,0.0603948203,0.0835564477,0.0905900047,0
36.700000,0.225700941,0.181347219,0.0791277089,0.0596422012,0.0889855957,0
36.720000,0.208314064,0.172164766,0.0596905828,0.0723492689,0.0634451207,0
36.740000,0.229939822,0.185462233,0.0692922476,0.104167473,0.111925401,0
36.760000,0.214801328,0.181320126,0.0498560811,0.0842736884,0.0878179947,0
36.780000,0.225938217,0.195702112,0.0729397195,0.103223962,0.0789825408,0
36.800000,0.227885663,0.132929645,0.0689147507,0.0555546894,0.0721332047,0
36.820000,0.235748461,0.167735768,0.0624742448,0.0999976322,0.071799222,0
36.840000,0.248294594,0.208370769,0.063076296,0.0483196804,0.0711101528,0
36.860000,0.242101993,0.16070027,0.0635353223,0.108990392,0.075505061,0
36.880000,0.275630225,0.137606599,0.0509415749,0.0756420654,0.128344884,0
36.900000,0.250108544,0.157250244,0.0836383416,0.0712593779,0.0572048927,0
36.920000,0.276609043,0.152641389,0.0352740169,0.0971727408,0.0688076566,0
36.940000,0.237271089,0.167601874,0.107819491,0.086431224,0.0796024919,0
36.960000,0.262489294,0.161295915,0.0389226236,0.0810854567,0.0983962571,0
36.980000,0.251488461,0.123954221,0.0616465242,0.0503728691,0.0770635552,0
37.000000,0.269338039,0.168106645,0.0745270745,0.072956554,0.0814254022,0
37.020000,0.244847052,0.136040988,0.10465022,0.0937020301,0.0949648796,0
37.040000,0.267286044,0.163010015,0.0556304175,0.0971431895,0.117390351,0
37.060000,0.30541217,0.114212559,0.106481443,0.107251418,0.123804643,0
37.080000,0.271063545,0.144590652,0.0725392521,0.115751981,0.0977415099,0
37.100000,0.257598001,0.12142799,0.0725603426,0.0607541994,0.103829293,0
37.120000,0.293290168,0.160023514,0.0787603348,0.0816866461,0.10654584,0
37.140000,0.291111846,0.136968965,0.069299465,0.0507478508,0.129829221,0
37.160000,0.293467239,0.127299029,0.0506001413,0.0764538296,0.0892276968,0
37.180000,0.237911094,0.130857294,0.0462347347,0.0773925356,0.0954555355,0
37.200000,0.255731334,0.121540924,0.0691051384,0.0942453705,0.0933943522,0
37.220000,0.279968254,0.114503146,0.0558142805,0.128676733,0.107395268,0
37.240000,0.267627261,0.121495131,0.0621697176,0.108173375,0.111862751,0
37.260000,0.276859067,0.111802864,0.0663924101,0.0917236583,0.124378868,0
37.280000,0.261360614,0.107357984,0.0555357391,0.118082151,0.108164602,0
37.300000,0.265801822,0.11452676,0.077907997,0.104591828,0.108733654,0
37.320000,0.231246545,0.160597593,0.0799860841,0.0856731329,0.146907442,0
37.340000,0.269995961,0.111915979,0.0541013321,0.0589284965,0.117573758,0
37.360000,0.300386736,0.105413784,0.0712882915,0.0906401229,0.100817464,0
37.380000,0.278925474,0.110603816,0.0857463235,0.0882799839,0.123523832,0
37.400000,0.246879059,0.100737926,0.107034832,0.0749381628,0.104443182,0
37.420000,0.251370875,0.106637738,0.0555219781,0.0619313618,0.142270553,0
37.440000,0.339652974,0.125062444,0.0775268037,0.0812816528,0.147538073,0
37.460000,0.27219249,0.112304936,0.056572237,0.084951078,0.115392048,0
37.480000,0.274565503,0.0855123591,0.070535526,0.0738679574,0.160395028,0
37.500000,0.283428528,0.104301948,0.115647851,0.0854307826,0.182167241,0
37.520000,0.279532859,0.0732968727,0.106169219,0.0572267219,0.146244457,0
37.540000,0.308049772,0.0925627539,0.086142025,0.0613388892,0.159005135,0
37.560000,0.307173284,0.0745825111,0.0776659179,0.0820220751,0.157809209,0
37.580000,0.263916958,0.0976215232,0.0381917562,0.0656860502,0.152804391,0
37.600000,0.270990691,0.117338808,0.0800285794,0.0777238514,0.104164374,0
37.620000,0.311265984,0.076675541,0.0560993782,0.0392395612,0.153951078,0
37.640000,0.268783596,0.0833922553,0.0980176037,0.0915894055,0.134769368,0
37.660000,0.261470734,0.105641218,0.0992807938,0.0465771982,0.166585514,0
37.680000,0.269738593,0.107290542,0.0999141804,0.0667455038,0.186023817,0
37.700000,0.243883054,0.101767911,0.0931095739,0.0764805429,0.181052326,0
37.720000,0.276708109,0.0988229495,0.0568682816,0.0467347576,0.133707995,0
37.740000,0.272400329,0.0905609222,0.069788975,0.0283909966,0.165419501,0
37.760000,0.27778815,0.106474464,0.0856094247,0.0521319809,0.163689584,0
37.780000,0.294044044,0.064952694,0.0729285294,0.0457030335,0.153113354,0
37.800000,0.225432338,0.0816581398,0.0730567097,-0.00488896717,0.148996969,0
37.820000,0.208784713,0.0931787317,0.091805947,0.0364103443,0.140237353,0
37.840000,0.270182544,0.0329299547,0.0666870217,0.0219783763,0.168864677,0
37.860000,0.231206837,0.0685367461,0.0411995782,0.0117806252,0.161815899,0
37.880000,0.2389289,0.0785008856,0.0887190257,0.0258202023,0.1911719,0
37.900000,0.244364346,0.0549409015,0.109426159,0.0304864645,0.183837036,0
37.920000,0.247369191,0.0476051652,0.0745082602,0.0217519128,0.208599733,0
37.940000,0.275510625,0.0929445377,0.0860086538,0.0152253469,0.177072635,0
37.960000,0.263699846,0.0625957588,0.0535590597,0.0311942878,0.212766079,0
37.980000,0.201774367,0.0591569839,0.0722900303,3.10059233e-05,0.218177987,0
38.000000,0.243135305,0.0856597752,0.0883512428,-0.000627593013,0.170154701,0
38.020000,0.210525578,0.024457083,0.0866186257,0.0113685399,0.18281758,0
38.040000,0.23342418,0.0245872659,0.0826041461,-0.0261259242,0.205364066,0
38.060000,0.187504266,0.073869358,0.111867924,0.004418844,0.197234357,0
38.080000,0.260204917,0.0786462696,0.0864694402,0.0361139503,0.191769245,0
38.100000,0.23987348,0.0694170758,0.0987414082,0.00772332519,0.196479528,0
38.120000,0.22473439,0.10360076,0.0855100158,0.0175433511,0.227267607,0
38.140000,0.211140053,0.0584044468,0.0997356231,0.0351148369,0.219038657,0
38.160000,0.251323861,0.0959613356,0.122296835,-0.000967559146,0.256837081,0
38.180000,0.258162776,0.0701148372,0.0943906396,-0.0132738365,0.222375199,0
38.200000,0.199343611,0.0729990195,0.0712377998,-0.0133203086,0.253612296,0
38.220000,0.218821033,0.0638071376,0.0595090006,-0.0683342309,0.199939663,0
38.240000,0.186797637,0.0675970177,0.103879779,-0.00260854012,0.222884262,0
38.260000,0.211186037,0.04653648,0.100639549,0.0185949414,0.220322611,0
38.280000,0.184418994,0.0519352514,0.0641073025,-0.0182545528,0.234153783,0
38.300000,0.20159946,0.0784836771,0.0570984723,0.0105399511,0.211712625,0
38.320000,0.228885566,0.0559403543,0.0838174919,-0.0205606567,0.267164509,0
38.340000,0.208223025,0.0375096939,0.066024634,-0.052538391,0.238518203,0
38.360000,0.219533458,0.0702679972,0.0694487275,-0.0656993292,0.260395688,0
38.380000,0.178680465,0.0855675949,0.0633616848,-0.0231600459,0.229512602,0
38.400000,0.159844421,0.0735623944,0.108818061,-0.0473012508,0.257254293,0
38.420000,0.179568457,0.0879222114,0.0609834422,-0.0582582005,0.24165049,0
38.440000,0.0996132955,0.0281560787,0.0863502624,-0.0349585729,0.243489191,0
38.460000,0.15749048,0.0548716422,0.0864289044,-0.0566102511,0.227296141,0
38.480000,0.154367698,0.0844204125,0.063243937,-0.100479788,0.189821775,0
38.500000,0.154701945,0.048832214,0.0736389638,-0.0736561367,0.21621201,0
38.520000,0.122452611,0.0711425748,0.0845437233,-0.0505367133,0.258886516,0
38.540000,0.130063803,0.0691974137,0.0667370369,-0.0815589791,0.224016619,0
38.560000,0.139833556,0.0641351333,0.0787275649,-0.0657783923,0.267582995,0
38.580000,0.140023628,0.111160524,0.0638521312,-0.0636331245,0.264750437,0
38.600000,0.134846194,0.0761831168,0.0551795366,-0.0542086156,0.248346959,0
38.620000,0.141141545,0.0541235901,0.092026577,-0.079583026,0.244282135,0
38.640000,0.112190267,0.065124637,0.0765636412,-0.0521314245,0.239070985,0
38.660000,0.0846263338,0.0983370664,0.0792815377,-0.101321805,0.273035701,0
38.680000,0.0739136143,0.0438699974,0.0852589769,-0.0515142145,0.220570169,0
38.700000,0.117243494,0.105196451,0.0585288685,-0.145742702,0.23524562,0
38.720000,0.107711249,0.0632671673,0.0693469765,-0.0792772673,0.280637528,0
38.740000,0.0630193417,0.118391355,0.0726434349,-0.162701109,0.279511372,0
38.760000,0.0645647116,0.0762146294,0.0693356745,-0.135973328,0.260610365,0
38.780000,0.101745101,0.0592019284,0.0588244806,-0.0796677658,0.279874906,0
38.800000,0.0831333692,0.0637228335,0.0394122616,-0.125999331,0.282184145,0
38.820000,0.0818943951,0.0905939148,0.0824824551,-0.149121041,0.243270954,0
38.840000,0.071868877,0.056113061,0.0869893014,-0.0744776519,0.252756959,0
38.860000,0.0639551482,0.0663219906,0.102564149,-0.132880899,0.275002722,0
38.880000,0.0314380931,0.066895217,0.0826074726,-0.104926631,0.287242096,0
38.900000,0.0450279201,0.0756280163,0.0730740439,-0.12141124,0.234078677,0
38.920000,0.0674993895,0.0446812631,0.0820073021,-0.140860531,0.2638632,0
38.940000,0.0436693522,0.0978110089,0.0293738864,-0.152897393,0.242084833,0
38.960000,0.0152547648,0.0933758859,0.0590789021,-0.129340037,0.28156494,0
38.980000,0.0100908211,0.0776885404,0.0697919854,-0.130055428,0.258047904,0
39.000000,0.0106550761,0.107795811,0.0748635456,-0.146843226,0.244495155,0
39.020000,-5.57777028e-05,0.0843073785,0.0929991831,-0.142850174,0.316588516,0
39.040000,0.000551097897,0.081027926,0.0599408619,-0.162446114,0.268799409,0
39.060000,0.0177703611,0.0975383832,0.0535055728,-0.145696285,0.264295237,0
39.080000,-0.0267958616,0.0844867341,0.108575142,-0.185846981,0.24824998,0
39.100000,-0.0223478666,0.0705788893,0.0380211613,-0.115182688,0.261346195,0
39.120000,-0.0160395208,0.0800194635,0.0560628788,-0.178445574,0.268411985,0
39.140000,-0.0336388159,0.0697974013,0.0971775989,-0.19975096,0.270762473,0
39.160000,-0.0136405431,0.0852848091,0.115063551,-0.182812194,0.263612091,0
39.180000,-0.0253719056,0.0859174179,0.025699738,-0.171288335,0.240652373,0
39.200000,-0.0444150983,0.0774227597,0.0440352796,-0.169491595,0.264556779,0
39.220000,-0.0441995246,0.0547000247,0.0889373956,-0.188152601,0.283353221,0
39.240000,-0.0262700393,0.0900945566,0.0517383644,-0.202239182,0.262684799,0
39.260000,-0.0331316527,0.08352091,0.0614045666,-0.15326117,0.240393249,0
39.280000,-0.0738759595,0.0996370049,0.0752834175,-0.172064649,0.274670344,0
39.300000,-0.0743706282,0.0892469004,0.0632460677,-0.158290993,0.265470883,0
39.320000,-0.0790263545,0.109114352,0.0673093498,-0.200593279,0.267722822,0
39.340000,-0.116152471,0.0677422983,0.0646401758,-0.22195268,0.238034923,0
39.360000,-0.0815033319,0.0888693449,0.0979288222,-0.239846698,0.255151372,0
39.380000,-0.11722126,0.100755555,0.0666975825,-0.240408185,0.278816527,0
39.400000,-0.0837002247,0.0868297781,0.0812580782,-0.184602584,0.256244561,0
39.420000,-0.0542551915,0.128696781,0.103793862,-0.164598,0.288852842,0
39.440000,-0.0964639399,0.10825819,0.0791992649,-0.209865224,0.251880676,0
39.460000,-0.0949391643,0.112094071,0.0329188284,-0.214934511,0.291495502,0
39.480000,-0.132209392,0.0928722206,0.054717264,-0.227124939,0.223787649,0
39.500000,-0.134859773,0.116776654,0.0334195803,-0.218076247,0.243842606,0
39.520000,-0.105350502,0.0981705949,0.0611240139,-0.2374042,0.233241358,0
39.540000,-0.126887815,0.124690437,0.0716276927,-0.222504422,0.242304975,0
39.560000,-0.192118976,0.101370143,0.0491827546,-0.208655648,0.265233647,0
39.580000,-0.123008652,0.1236986,0.0498760761,-0.192539686,0.23793114,0
39.600000,-0.163321219,0.112975026,0.103090288,-0.247920408,0.25014883,0
39.620000,-0.13929983,0.0993041639,0.0223851242,-0.254724617,0.272688903,0
39.640000,-0.176679552,0.0953607172,0.0433915409,-0.259805534,0.242633549,0
39.660000,-0.123913664,0.100327108,0.0534061993,-0.25052965,0.219052235,0
39.680000,-0.139766607,0.128305796,0.0589124966,-0.256194601,0.212503708,0
39.700000,-0.193894265,0.0490938125,0.0321539178,-0.239364135,0.250504884,0
39.720000,-0.168327684,0.132675174,0.032290734,-0.264010296,0.234658787,0
39.740000,-0.158671866,0.133352983,0.0865441428,-0.245328723,0.241537957,0
39.760000,-0.151585836,0.119090449,0.0506906309,-0.247005823,0.227133533,0
39.780000,-0.165937586,0.121101054,0.0569985173,-0.239807751,0.236335891,0
39.800000,-0.195550979,0.133981491,0.0474142649,-0.246227873,0.234728522,0
39.820000,-0.191875347,0.116241277,0.0375875603,-0.260960228,0.219922138,0
39.840000,-0.216178202,0.15277363,0.0224936148,-0.26626763,0.208034717,0
39.860000,-0.171509711,0.0804688352,0.0544875894,-0.247364657,0.204587327,0
39.880000,-0.187957076,0.107465503,-0.00560457992,-0.22670416,0.181730493,0
39.900000,-0.20845591,0.118609044,0.0587303822,-0.213320822,0.188852497,0
39.920000,-0.180264563,0.109027269,0.056356578,-0.237998872,0.181864598,0
39.940000,-0.219179154,0.113745132,0.0367940677,-0.27667459,0.207890808,0
39.960000,-0.222975363,0.122913553,0.0607946177,-0.228112355,0.217406568,0
39.980000,-0.250289062,0.109332045,0.0682894852,-0.289227498,0.191147096,0
40.000000,-0.226898472,0.132422151,0.0430488841,-0.265265954,0.182010161,0
40.020000,-0.272515158,0.114825096,0.0839956083,-0.288708207,0.156967314,0
40.040000,-0.238619067,0.118839043,0.0283226671,-0.260229876,0.159774402,0
40.060000,-0.223266576,0.119580416,0.0640460971,-0.239305502,0.196492435,0
40.080000,-0.25622745,0.107393783,0.0478257559,-0.220581317,0.192290245,0
40.100000,-0.246874573,0.114708838,-0.0139376171,-0.27052232,0.156252669,0
40.120000,-0.208094222,0.127925464,0.0618358295,-0.271973452,0.172660235,0
40.140000,-0.227258469,0.112437669,0.0784780575,-0.26139064,0.175572344,0
40.160000,-0.262623337,0.154499666,0.0172913689,-0.288250253,0.157314942,0
40.180000,-0.274489706,0.105007237,0.0336126723,-0.263022804,0.135715584,0
40.200000,-0.242083056,0.121875134,0.0412796848,-0.257993492,0.134433968,0
40.220000,-0.274941998,0.117858094,0.0550952232,-0.292039245,0.144821235,0
40.240000,-0.234060476,0.137156209,0.0268104786,-0.251667961,0.136656948,0
40.260000,-0.267506314,0.153025045,0.0119560438,-0.27131691,0.139554187,0
40.280000,-0.290921508,0.125676018,-0.00896215492,-0.252577366,0.146914181,0
40.300000,-0.248948576,0.140358984,0.0298223743,-0.252430651,0.114433147,0
40.320000,-0.269929621,0.147088607,0.0222096823,-0.240594408,0.138842373,0
40.340000,-0.272258436,0.110842053,0.0108267772,-0.281371601,0.0916732978,0
40.360000,-0.275541082,0.130238712,0.0106347985,-0.255180595,0.126188846,0
40.380000,-0.287195417,0.150181293,0.0126189427,-0.261183552,0.101935809,0
40.400000,-0.331230193,0.14937616,0.0244059891,-0.246733653,0.111235124,0
40.420000,-0.282085065,0.138739865,0.043761042,-0.30791259,0.0999955366,0
40.440000,-0.271524394,0.157403712,0.0434692719,-0.249853398,0.122377137,0
40.460000,-0.313646218,0.135720531,0.0185547363,-0.219921139,0.138668366,0
40.480000,-0.2759027,0.129834307,0.0236972208,-0.245771694,0.101799905,0
40.500000,-0.310734912,0.172840548,-0.0136158301,-0.254026111,0.0971435292,0
40.520000,-0.275940549,0.131246751,0.0305602771,-0.201457507,0.132471002,0
40.540000,-0.299769856,0.141501474,0.00336129163,-0.27163484,0.118885066,0
40.560000,-0.293300195,0.097725583,0.0427475045,-0.227664338,0.083151229,0
40.580000,-0.279946194,0.11947003,0.0144867996,-0.272649255,0.0603789681,0
40.600000,-0.293651855,0.153892598,-0.0142953186,-0.278034572,0.0814752655,0
40.620000,-0.283199764,0.142357204,-0.0054089773,-0.250062836,0.060918172,0
40.640000,-0.291192861,0.15541976,0.0125239271,-0.323091618,0.0601684564,0
40.660000,-0.263554275,0.153626902,-0.0337987309,-0.22590795,0.0793511298,0
40.680000,-0.336950227,0.140865661,0.0280068387,-0.240469908,0.0764911845,0
40.700000,-0.297490091,0.151549117,-6.73919027e-05,-0.261597125,0.0565242802,0
40.720000,-0.276022076,0.123391785,-0.0111521271,-0.240126553,0.0266888948,0
40.740000,-0.290965446,0.139691867,0.0184010193,-0.217672498,0.0520462745,0
40.760000,-0.318368646,0.159088922,0.0250493109,-0.235419191,0.0314041471,0
40.780000,-0.308448045,0.152689568,-0.0157570264,-0.235127216,0.00857413735,0
40.800000,-0.321806671,0.188130754,-0.0208706553,-0.196423145,-0.00662579385,0
40.820000,-0.310414957,0.143405406,-0.0479984023,-0.24615442,-0.0202820971,0
40.840000,-0.272790727,0.137350732,0.0110027939,-0.237994454,-0.00391429397,0
40.860000,-0.299280677,0.130473435,0.018906965,-0.242735486,0.017455438,0
40.880000,-0.290561991,0.0956265362,-0.0270905146,-0.250096549,0.0540098419,0
40.900000,-0.31124567,0.183749584,-0.0121856464,-0.196818947,-0.00542806434,0
40.920000,-0.255152775,0.133733729,-0.00824416105,-0.244916936,-0.0333828213,0
40.940000,-0.294799719,0.153525114,-0.031933386,-0.198167402,-0.0223815438,0
40.960000,-0.298044864,0.146805344,-0.00633214833,-0.224645001,0.00433070723,0
40.980000,-0.295995285,0.139265608,0.00380879957,-0.210771269,0.0207619318,0
41.000000,-0.26184817,0.120475045,-0.0347035898,-0.218450639,-0.016201755,0
41.020000,-0.253683986,0.113022305,0.0115288488,-0.207498265,-0.00543661144,0
41.040000,-0.261780303,0.153258474,-0.0103254672,-0.214501926,-0.0485039828,0
41.060000,-0.294868267,0.102719461,-0.00735181806,-0.239376125,-0.0376468121,0
41.080000,-0.281010715,0.118703028,0.030810833,-0.181010843,-0.00915608458,0
41.100000,-0.276028048,0.132896783,-0.0213653028,-0.20269493,-0.0546576334,0
41.120000,-0.266160502,0.131136121,-0.00936179407,-0.199902532,-0.0637695417,0
41.140000,-0.290900911,0.125149532,-0.00772148044,-0.214901777,-0.0619970369,0
41.160000,-0.27566807,0.107738678,-0.0377255544,-0.161339462,-0.0709769709,0
41.180000,-0.285117338,0.127787554,-0.0201219825,-0.179545844,-0.0679076042,0
41.200000,-0.250642411,0.128394667,-0.00288571417,-0.197391657,-0.0863997609,0
41.220000,-0.284555586,0.0792970789,-0.0197439323,-0.21677349,-0.0854035771,0
41.240000,-0.280023469,0.095230669,-0.0312663309,-0.192667311,-0.11661784,0
41.260000,-0.304888438,0.122812377,-0.00983575716,-0.179448758,-0.109748304,0
41.280000,-0.257973621,0.10847372,-0.0374911367,-0.17812008,-0.127475745,0
41.300000,-0.248614196,0.106049484,-0.0315471522,-0.148315115,-0.0868061361,0
41.320000,-0.254689524,0.0969943936,-0.0220054803,-0.21274183,-0.0819227261,0
41.340000,-0.232405835,0.118887477,-0.0395099867,-0.182092682,-0.0936139006,0
41.360000,-0.254623813,0.127630784,-0.0275620169,-0.172174101,-0.156838042,0
41.380000,-0.234387047,0.118988555,-0.00634513159,-0.164777753,-0.116498721,0
41.400000,-0.231350254,0.100941657,-0.0652594811,-0.127344573,-0.131682176,0
41.420000,-0.209602485,0.0798407886,-0.0362662685,-0.118114102,-0.124937451,0
41.440000,-0.251394993,0.108131998,-0.0942341858,-0.134774349,-0.164141141,0
41.460000,-0.205173505,0.0878848274,-0.0374835453,-0.15795651,-0.127415988,0
41.480000,-0.21057267,0.116617368,-0.0116626155,-0.141407482,-0.165297583,0
41.500000,-0.218388998,0.0872191638,-0.0306810005,-0.131340704,-0.157486542,0
41.520000,-0.19575621,0.0925182299,-0.00384661714,-0.135883233,-0.155462678,0
41.540000,-0.211010465,0.0596044105,-0.0518818058,-0.134180626,-0.135836732,0
41.560000,-0.202582767,0.0750201357,-0.0328068284,-0.143463716,-0.189970248,0
41.580000,-0.205501316,0.0659069788,-0.0375162766,-0.146610159,-0.174694979,0
41.600000,-0.162685226,0.101167265,-0.0282962036,-0.164898566,-0.170130504,0
41.620000,-0.244665069,0.0802232319,-0.0415988018,-0.111547151,-0.152247015,0
41.640000,-0.186219454,0.0459285787,-0.0318755311,-0.116254931,-0.201921815,0
41.660000,-0.153695792,0.0633967988,-0.00870849173,-0.0985924035,-0.14342213,0
41.680000,-0.161032838,0.0609809535,-0.0603032504,-0.121023361,-0.200609366,0
41.700000,-0.194555333,0.0701512249,-0.0462438695,-0.0917414374,-0.218137805,0
41.720000,-0.165920848,0.0967537026,-0.0788456705,-0.0888700194,-0.182690413,0
41.740000,-0.183796503,0.0829184913,-0.0560683263,-0.107808736,-0.206443622,0
41.760000,-0.13131623,0.0711034207,-0.0183217503,-0.0800887192,-0.163800063,0
41.780000,-0.149507768,0.0239933018,-0.0176562123,-0.0858222076,-0.219689634,0
41.800000,-0.185216414,0.0414002408,-0.0174576765,-0.0783544616,-0.238708119,0
41.820000,-0.133950808,0.0482071819,-0.0575851282,-0.0537342733,-0.262404716,0
41.840000,-0.150050413,0.011845869,-0.0383615387,-0.107929775,-0.228663444,0
41.860000,-0.116847378,0.0244054254,-0.0401121644,-0.077101933,-0.256543912,0
41.880000,-0.138361338,0.0318467353,-0.041422752,-0.0637173196,-0.24647544,0
41.900000,-0.125511792,0.0123193061,-0.0296676178,-0.042909113,-0.239989194,0
41.920000,-0.104468328,0.038424909,-0.0546518217,-0.0431704167,-0.262403413,0
41.940000,-0.112814143,-0.000502754512,-0.0427739228,-0.0481134891,-0.304613611,0
41.960000,-0.123719545,-0.0187268005,-0.0227634145,-0.0522272995,-0.27508835,0
41.980000,-0.0981183746,0.0275482425,-0.00295353915,-0.0363087545,-0.231367122,0
42.000000,-0.0868758389,0.0176162797,-0.0363574863,-0.0645857649,-0.305581911,0
42.020000,-0.071600634,0.0276661369,-0.0445169905,-0.0171484744,-0.274761046,0
42.040000,-0.0779740872,0.00484492313,-0.0160788313,-0.0314823572,-0.232298793,0
42.060000,-0.0774263942,-0.0123207791,-0.0430649417,-0.0241262932,-0.304748035,0
42.080000,-0.0527633719,-0.00746797936,-0.000571477929,-0.0309233309,-0.283159599,0
42.100000,-0.0665609479,0.010846929,-0.064406982,-0.0262911131,-0.278057275,0
42.120000,-0.0439047604,-0.0394720739,-0.0230016205,-0.0363433531,-0.286561912,0
42.140000,-0.0945747739,0.00456092013,-0.0316683308,-0.0387951424,-0.297816956,0
42.160000,-0.0775816988,-0.0135532399,-0.0567191547,-0.0234558662,-0.282533741,0
42.180000,-0.0194748764,-0.0177531082,-0.0409788316,-0.00996696945,-0.332374641,0
42.200000,-0.058228749,-0.023625586,-0.0163598513,-0.00573332488,-0.28533207,0
42.220000,-0.0218208385,-0.0454222922,-0.0848844114,-0.0263553727,-0.334907045,0
42.240000,-0.0300411164,-0.0435276142,-0.0362604501,-0.0075254446,-0.287397457,0
42.260000,-0.0175062586,-0.0163994514,-0.0258472624,-0.00231397795,-0.287347462,0
42.280000,-0.024019675,-0.0228359311,-0.0284410181,-0.0204990753,-0.292106928,0
42.300000,-0.00926459842,-0.0253470253,-0.0602908808,0.0357009448,-0.334987273,0
42.320000,0.00818978978,-0.018509381,-0.0180049823,0.0517569128,-0.300389413,0
42.340000,0.0232211925,-0.0364982406,-0.0389981077,0.0630424197,-0.311787492,0
42.360000,0.0268217996,-0.0610455536,-0.0192600932,0.0294729982,-0.276478294,0
42.380000,0.0345440154,-0.0488760763,-0.0161946532,0.0421259544,-0.370915233,0
42.400000,0.0121634759,-0.0834148257,0.0160430945,0.019544891,-0.30121337,0
42.420000,0.0724474975,-0.0374795371,-0.0171362529,0.0595715429,-0.319968173,0
42.440000,0.0500395824,-0.0853958492,-0.047047287,0.100363083,-0.317337158,0
42.460000,0.0557840324,-0.0443943467,-0.0444288259,0.0516189149,-0.305202689,0
42.480000,0.0836828038,-0.0877405569,-0.013027791,0.0565746011,-0.335609989,0
42.500000,0.0324335992,-0.0730789048,-0.021166117,0.0215361098,-0.343065258,0
42.520000,0.0687166794,-0.0911721711,-0.0499960976,0.0729988614,-0.36377095,0
42.540000,0.0648255959,-0.070945427,-0.0154281407,0.0925485247,-0.35228147,0
42.560000,0.125458016,-0.064663361,-0.00769907748,0.0851001147,-0.348473499,0
42.580000,0.075070866,-0.10942658,-0.0281559509,0.07397384,-0.319795347,0
42.600000,0.0825385028,-0.0878756917,0.0282333253,0.0908959539,-0.397937916,0
42.620000,0.113403558,-0.0871246518,-0.0421826737,0.0848815623,-0.338526874,0
42.640000,0.126397066,-0.0943395065,0.000356208891,0.106017596,-0.37388881,0
42.660000,0.127121086,-0.124460981,-0.0163170846,0.123644518,-0.386039045,0
42.680000,0.136942159,-0.129693155,-0.0425224144,0.106042634,-0.362738813,0
42.700000,0.150481844,-0.134642821,-0.0271629808,0.0912986327,-0.351704098,0
42.720000,0.101294062,-0.0975508102,-0.0183261926,0.0828809169,-0.342897544,0
42.740000,0.125310473,-0.138222893,-0.0282369004,0.107458676,-0.350606261,0
42.760000,0.135576505,-0.125641804,-0.0300262713,0.0964841665,-0.33439765,0
42.780000,0.142825625,-0.0888859176,0.0118177059,0.124134515,-0.359671486,0
42.800000,0.182146111,-0.153325806,-0.0159353463,0.0914299168,-0.375047531,0
42.820000,0.178358058,-0.144403077,-0.0290443493,0.113858453,-0.378990171,0
42.840000,0.178578167,-0.175442393,-0.00948555395,0.144301961,-0.373900125,0
42.860000,0.200462269,-0.121400154,-0.0165935295,0.126273245,-0.422407027,0
42.880000,0.195334376,-0.152840582,0.0510672109,0.111197885,-0.373684218,0
42.900000,0.207933538,-0.175610017,-0.0019488961,0.119671429,-0.392471404,0
42.920000,0.163168652,-0.192536319,9.96456678e-05,0.115459097,-0.374179307,0
42.940000,0.191211034,-0.178450357,-0.00728181913,0.190878157,-0.393342819,0
42.960000,0.223362052,-0.164122032,0.0122925379,0.147007421,-0.367156155,0
42.980000,0.217716744,-0.172508646,-0.00446045311,0.172922127,-0.395706484,0
43.000000,0.200845856,-0.177958022,0.00095787617,0.139784006,-0.372326197,0
43.020000,0.252347721,-0.208872688,-0.000342274399,0.160045073,-0.380602225,0
43.040000,0.241565733,-0.167470795,-0.0435048433,0.161382458,-0.372937689,0
43.060000,0.271972584,-0.194576868,0.0542093209,0.169321347,-0.396113921,0
43.080000,0.274789202,-0.188854093,0.0252920622,0.155698341,-0.402446038,0
43.100000,0.24977312,-0.229771216,0.02607845,0.153908063,-0.402094326,0
43.120000,0.262986396,-0.197530047,0.0533496215,0.143837455,-0.403359644,0
43.140000,0.236391661,-0.213314153,0.043895506,0.174455331,-0.365403967,0
43.160000,0.288594169,-0.223888698,0.038507124,0.159043041,-0.38058051,0
43.180000,0.269367076,-0.237273499,0.0532431209,0.188660743,-0.383958906,0
43.200000,0.284174462,-0.215665827,0.033456223,0.175537765,-0.359419671,0
43.220000,0.304225088,-0.200648327,0.0315334535,0.17871975,-0.359641555,0
43.240000,0.265180626,-0.250225861,0.0257078399,0.194393394,-0.382910873,0
43.260000,0.325527678,-0.232054583,0.0331863503,0.176352837,-0.384158682,0
43.280000,0.297485766,-0.177037111,0.00853702743,0.206658388,-0.348986885,0
43.300000,0.334098159,-0.228706073,0.053908422,0.167084229,-0.371675013,0
43.320000,0.344813955,-0.194199545,0.0340116679,0.209649335,-0.39645079,0
43.340000,0.338739112,-0.242379402,0.0634540698,0.190351963,-0.353541929,0
43.360000,0.356006865,-0.238423334,0.0323087507,0.203537114,-0.366000741,0
43.380000,0.342197422,-0.284231343,0.0343272438,0.190636657,-0.336736385,0
43.400000,0.324534008,-0.257201111,0.0839292167,0.206451106,-0.365283305,0
43.420000,0.352007722,-0.271345533,-0.0168578277,0.248810002,-0.376115437,0
43.440000,0.353233723,-0.252599528,0.0981472862,0.194922541,-0.34442624,0
43.460000,0.370500697,-0.283618408,0.0563171708,0.224969751,-0.370449487,0
43.480000,0.339140596,-0.247598087,0.0421211573,0.224284923,-0.365968098,0
43.500000,0.354114065,-0.310541089,0.0552518539,0.242330024,-0.327633331,0
43.520000,0.367195489,-0.305717138,0.077194189,0.240402304,-0.315132104,0
43.540000,0.384020604,-0.319501505,0.0456579545,0.226938502,-0.350714935,0
43.560000,0.387644721,-0.245936969,0.0768793565,0.202292648,-0.329183961,0
43.580000,0.382292405,-0.29692546,0.0470082356,0.24165936,-0.366699013,0
43.600000,0.419956896,-0.275594099,0.0513038518,0.205295469,-0.324855741,0
43.620000,0.370682906,-0.315605738,0.0667652735,0.229590919,-0.328869386,0
43.640000,0.404556498,-0.318362791,0.0776217786,0.231492542,-0.325056728,0
43.660000,0.39064258,-0.294541952,0.0714404273,0.262923961,-0.362882663,0
43.680000,0.429619584,-0.2783543,0.0694805654,0.243788624,-0.33917708,0
43.700000,0.399916733,-0.32228658,0.0732938599,0.223375761,-0.327639521,0
43.720000,0.390533291,-0.320125447,0.0556682086,0.269318147,-0.318591093,0
43.740000,0.448154477,-0.319837732,0.103183711,0.260622329,-0.341182673,0
43.760000,0.459003029,-0.320938445,0.116030717,0.218977322,-0.324630483,0
43.780000,0.429985132,-0.325211766,0.0848457011,0.237155782,-0.346691718,0
43.800000,0.436576116,-0.338440493,0.126309405,0.216461022,-0.344432198,0
43.820000,0.416355803,-0.302022668,0.106493463,0.266305946,-0.332303174,0
43.840000,0.442264514,-0.367972951,0.117151942,0.243120488,-0.348929542,0
43.860000,0.444072635,-0.363379175,0.131220473,0.234627215,-0.29078999,0
43.880000,0.426251402,-0.326687894,0.0983241111,0.244841108,-0.310875142,0
43.900000,0.443966097,-0.317322128,0.108034572,0.191198832,-0.318005139,0
43.920000,0.433656899,-0.344525503,0.107842961,0.216689325,-0.308496674,0
43.940000,0.461359765,-0.337024848,0.0810626372,0.246309085,-0.287278998,0
43.960000,0.446073534,-0.365189036,0.143539679,0.250949003,-0.291753225,0
43.980000,0.477419777,-0.362259917,0.099580252,0.301385697,-0.261210972,0
44.000000,0.451621359,-0.375114805,0.0998788305,0.22923152,-0.274931004,0
44.020000,0.478457472,-0.368737357,0.146804965,0.271202298,-0.278965964,0
44.040000,0.452819652,-0.370057022,0.102174593,0.203186852,-0.271461811,0
44.060000,0.436752635,-0.344740501,0.163443206,0.237105894,-0.275981608,0
44.080000,0.506578874,-0.384005652,0.105992933,0.230453499,-0.265024408,0
44.100000,0.483039751,-0.32668329,0.174479635,0.245866217,-0.28642515,0
44.120000,0.477324731,-0.357558104,0.108796245,0.231773807,-0.22432261,0
44.140000,0.474284644,-0.376300446,0.167089509,0.216638367,-0.276029797,0
44.160000,0.483534101,-0.389707386,0.157995479,0.230282921,-0.247506064,0
44.180000,0.470278908,-0.379458965,0.126037798,0.254778157,-0.241903778,0
44.200000,0.479402757,-0.403781312,0.108640173,0.244360806,-0.252570766,0
44.220000,0.467179433,-0.352131033,0.162067014,0.247960014,-0.27456597,0
44.240000,0.50994112,-0.380970949,0.153973475,0.262801034,-0.271059008,0
44.260000,0.496237165,-0.392622771,0.175808923,0.209877308,-0.230176263,0
44.280000,0.481578734,-0.369851066,0.154264921,0.253260341,-0.293281736,0
44.300000,0.474030642,-0.382523005,0.168561869,0.21791358,-0.25471779,0
44.320000,0.49419911,-0.372685044,0.161990286,0.260112658,-0.250016334,0
44.340000,0.489369806,-0.408803401,0.16682943,0.227246748,-0.2083623,0
44.360000,0.474224012,-0.449462872,0.145435488,0.221328409,-0.230322542,0
44.380000,0.523686854,-0.373923248,0.171992043,0.271895931,-0.217917289,0
44.400000,0.492146625,-0.413901679,0.167312359,0.252410942,-0.204420373,0
44.420000,0.482699538,-0.389132715,0.154186976,0.253995385,-0.21909832,0
44.440000,0.505438199,-0.375972591,0.157966272,0.225493608,-0.197798123,0
44.460000,0.503438308,-0.360306286,0.178287731,0.23318806,-0.211409485,0
44.480000,0.476758885,-0.377602335,0.202295252,0.288399331,-0.201514382,0
44.500000,0.508597937,-0.426171734,0.215245004,0.250118485,-0.204772684,0
44.520000,0.501399927,-0.43094209,0.223944241,0.217605838,-0.212410928,0
44.540000,0.515160872,-0.380538002,0.222247839,0.23356647,-0.199575183,0
44.560000,0.49903233,-0.388064678,0.241665191,0.286289978,-0.180703345,0
44.580000,0.50651888,-0.385613823,0.197506162,0.227382758,-0.180428376,0
44.600000,0.502360202,-0.40789615,0.207839819,0.259711821,-0.175849616,0
44.620000,0.491178252,-0.397892498,0.231774347,0.226319057,-0.204732377,0
44.640000,0.494412903,-0.406120816,0.228239322,0.223577825,-0.176978883,0
44.660000,0.497402665,-0.396155592,0.210926526,0.220265614,-0.161313356,0
44.680000,0.50684187,-0.387208876,0.224174866,0.243964905,-0.132918684,0
44.700000,0.486057194,-0.420048353,0.248571426,0.205083479,-0.142141178,0
44.720000,0.48945399,-0.413328175,0.213836129,0.242650097,-0.127309194,0
44.740000,0.49999374,-0.410825865,0.239886672,0.264618558,-0.129349812,0
44.760000,0.475607571,-0.406240428,0.190001178,0.199770521,-0.114152709,0
44.780000,0.483307086,-0.420614193,0.225025818,0.224190918,-0.13025942,0
44.800000,0.510210343,-0.422695513,0.214823776,0.222395312,-0.12455302,0
44.820000,0.475508131,-0.408843391,0.207268767,0.203113081,-0.109234096,0
44.840000,0.456443251,-0.426430141,0.21654926,0.228377579,-0.0909686708,0
44.860000,0.50818088,-0.384371791,0.218830297,0.248263849,-0.107031536,0
44.880000,0.476839977,-0.409184985,0.23831633,0.202972033,-0.0556260066,0
44.900000,0.458969179,-0.36082956,0.248322715,0.255985931,-0.0756314027,0
44.920000,0.45425832,-0.396985422,0.263326394,0.240958678,-0.0890699375,0
44.940000,0.472230356,-0.368776445,0.212839526,0.231326873,-0.0810157481,0
44.960000,0.473154034,-0.371328024,0.284442597,0.181282434,-0.107224334,0
44.980000,0.466086682,-0.388771017,0.262722444,0.217227519,-0.0404497738,0
45.000000,0.475630931,-0.375622613,0.256905401,0.202706387,-0.0900410773,0
45.020000,0.487085743,-0.371792089,0.245784951,0.198495492,-0.0717414883,0
45.040000,0.460298809,-0.39054135,0.234206874,0.205350251,-0.082674061,0
45.060000,0.466622578,-0.383972801,0.286993063,0.217539516,-0.0774290492,0
45.080000,0.422977169,-0.363207091,0.254460572,0.183557694,-0.117125972,0
45.100000,0.442169045,-0.364767942,0.281806546,0.174004017,-0.0574073504,0
45.120000,0.464775446,-0.374840424,0.277570044,0.203455352,-0.0607980601,0
45.140000,0.460824138,-0.367891222,0.251607144,0.188801695,-0.0570778085,0
45.160000,0.461531079,-0.379838542,0.233259826,0.187575544,-0.0747200419,0
45.180000,0.433264376,-0.356368892,0.262152983,0.181267435,-0.0540875205,0
45.200000,0.424694228,-0.318120433,0.25275611,0.161163137,-0.066670932,0
45.220000,0.373763534,-0.352088278,0.292606006,0.196909354,-0.0455685871,0
45.240000,0.460101997,-0.395814115,0.296487626,0.18460897,-0.0215789307,0
45.260000,0.387480295,-0.388171261,0.265693351,0.186987293,0.0150618903,0
45.280000,0.429614895,-0.382350171,0.264874917,0.168855768,-0.0212390365,0
45.300000,0.412243736,-0.366204565,0.271314299,0.189893018,0.00666239498,0
45.320000,0.389320611,-0.355749955,0.300670434,0.184761674,-0.0169774157,0
45.340000,0.401575478,-0.326477202,0.289622506,0.16125153,0.0108885032,0
45.360000,0.421993902,-0.327875145,0.252876873,0.174079394,0.00460695504,0
45.380000,0.407967035,-0.369872772,0.286141895,0.148586814,-0.0542649684,0
45.400000,0.416227283,-0.331684206,0.280599987,0.152611091,-0.00885650591,0
45.420000,0.403489826,-0.342700491,0.300550421,0.199996576,0.0182278699,0
45.440000,0.395482156,-0.332897209,0.25929582,0.161962808,0.0235845847,0
45.460000,0.382037169,-0.351557193,0.327575376,0.145800335,0.0191514727,0
45.480000,0.427885675,-0.33552017,0.318528983,0.129289998,0.0363426728,0
45.500000,0.401555496,-0.30838699,0.281315376,0.182556227,0.00826988821,0
45.520000,0.384886746,-0.339404156,0.287484917,0.136495292,0.0477897661,0
45.540000,0.340773371,-0.358993158,0.285326816,0.168071527,0.037351039,0
45.560000,0.349575272,-0.308591171,0.321579748,0.146730982,0.0419597823,0
45.580000,0.367097803,-0.318412211,0.284105084,0.186459562,0.0697812495,0
45.600000,0.339766009,-0.340425678,0.303453525,0.118057808,0.0308631332,0
45.620000,0.336149411,-0.312899537,0.271034089,0.122507247,0.0395136498,0
45.640000,0.331822975,-0.328197099,0.26873785,0.129377452,0.0469387868,0
45.660000,0.381243434,-0.290963751,0.280474131,0.109301013,0.0137836324,0
45.680000,0.341341566,-0.307595763,0.308891358,0.129101772,0.0402505696,0
45.700000,0.359451822,-0.303984927,0.328009774,0.142860205,0.0521237154,0
45.720000,0.372856266,-0.27876793,0.329192813,0.10771227,0.0611193535,0
45.740000,0.329259595,-0.283911362,0.297069719,0.132607928,0.0170728199,0
45.760000,0.336588313,-0.313619628,0.298501751,0.10916948,0.0690097742,0
45.780000,0.317534769,-0.290409213,0.260249735,0.0911164649,0.00739562312,0
45.800000,0.288181631,-0.265658412,0.282921886,0.133993602,0.0487197437,0
45.820000,0.302284618,-0.279635855,0.278082862,0.101849658,0.0716689434,0
45.840000,0.305151548,-0.240703527,0.296878246,0.115074912,0.0523151825,0
45.860000,0.342356681,-0.289072365,0.301995268,0.12769842,0.0902074852,0
45.880000,0.307031767,-0.24500001,0.318708737,0.0912590252,0.0650030759,0
45.900000,0.299647746,-0.282537042,0.286516287,0.114255678,0.0651016166,0
45.920000,0.307438994,-0.241113267,0.2500385,0.13001124,0.0773715155,0
45.940000,0.259874434,-0.259438901,0.317677553,0.124941811,0.0652161066,0
45.960000,0.270855206,-0.219860342,0.301389795,0.104372934,0.0852130244,0
45.980000,0.301841883,-0.258695809,0.313358035,0.116067167,0.0448799199,0
46.000000,0.270823376,-0.213566707,0.318810788,0.106481364,0.0764776719,0
46.020000,0.288695729,-0.252763168,0.335252421,0.10430141,0.0412719401,0
46.040000,0.277304694,-0.222094746,0.314360625,0.0789133339,0.0622589341,0
46.060000,0.285053816,-0.210107747,0.289257208,0.119541025,0.0732842429,0
46.080000,0.284293514,-0.236341575,0.30285007,0.0937002248,0.0583442814,0
46.100000,0.24149146,-0.184826246,0.282694725,0.0685109742,0.0784895018,0
46.120000,0.282945999,-0.224042639,0.294805304,0.0742339884,0.0470933072,0
46.140000,0.251803138,-0.248913281,0.293967168,0.0710856659,0.0608531699,0
46.160000,0.213279007,-0.171230934,0.250029058,0.0597144005,0.0981892457,0
46.180000,0.234191431,-0.190537066,0.303498388,0.0884449359,0.125271709,0
46.200000,0.248682026,-0.153221273,0.324513924,0.0592611853,0.0956002081,0
46.220000,0.210807664,-0.167175169,0.293995525,0.0950189196,0.0959530549,0
46.240000,0.211607507,-0.171240857,0.303800998,0.0535386573,0.0758894355,0
46.260000,0.217055552,-0.172522936,0.300756795,0.093413446,0.136701026,0
46.280000,0.20039921,-0.180138234,0.271401545,0.068402195,0.0947888726,0
46.300000,0.193501527,-0.141814157,0.276462533,0.0811472319,0.112507655,0
46.320000,0.140409499,-0.185000828,0.3205999,0.0357051993,0.0963313421,0
46.340000,0.215377328,-0.134034424,0.329454973,0.0921420783,0.09094219,0
46.360000,0.198089138,-0.132576474,0.261594911,0.096650957,0.132863003,0
46.380000,0.168475235,-0.160395117,0.306371891,0.0449714306,0.129018423,0
46.400000,0.161119906,-0.135182471,0.247177852,0.0725673179,0.113375851,0
46.420000,0.129717495,-0.155960367,0.261112782,0.0845166611,0.063377713,0
46.440000,0.177482026,-0.0957429032,0.260303097,0.0502225577,0.0507687251,0
46.460000,0.164892313,-0.149376092,0.287069618,0.0657788863,0.0568310547,0
46.480000,0.144061564,-0.10611986,0.253980072,0.0273899266,0.102308514,0
46.500000,0.124066794,-0.105503134,0.269947841,0.0670787773,0.0921988158,0
46.520000,0.132742745,-0.123283966,0.265165887,0.043676456,0.0792158804,0
46.540000,0.16706685,-0.126677416,0.260358027,0.0550651348,0.0974341961,0
46.560000,0.155430452,-0.125803598,0.257185668,0.0583783105,0.102503107,0
46.580000,0.109608358,-0.0687033329,0.276309624,0.0238489089,0.107677321,0
46.600000,0.111660823,-0.0700865037,0.289502131,0.0395142885,0.088402392,0
46.620000,0.108401453,-0.082942878,0.246620357,-0.000784877486,0.0894065972,0
46.640000,0.102446487,-0.0816515045,0.266393035,0.0620381827,0.101488421,0
46.660000,0.124025003,-0.060719811,0.283785456,0.0436640239,0.0976280692,0
46.680000,0.0948128237,-0.0582361461,0.271190257,0.0142912947,0.11616576,0
46.700000,0.0896671234,-0.0320376012,0.264308871,0.0890709193,0.115575405,0
46.720000,0.124493518,-0.0528407484,0.227639645,0.0535359195,0.109999637,0
46.740000,0.0866935201,-0.050041497,0.231597747,0.0447829554,0.0669198075,0
46.760000,0.0994575463,-0.0429004216,0.271755944,0.0648291971,0.128690272,0
46.780000,0.089098542,-0.056918909,0.295337506,0.0329373458,0.108102278,0
46.800000,0.0857086982,-0.0641769902,0.237822009,0.0662162673,0.0435979393,0
46.820000,0.0842863699,-0.0781670631,0.233632859,0.0434402124,0.101324462,0
46.840000,0.0612690584,-0.00242001067,0.250478006,0.0413911318,0.089796099,0
46.860000,0.0620144049,-0.0468334145,0.244477791,0.0251122363,0.0762899016,0
46.880000,0.0518701919,-0.027449671,0.252895584,0.00661742158,0.0979207189,0
46.900000,0.0830432048,-0.0193707774,0.268912717,0.0383336428,0.073247703,0
46.920000,0.0919315544,-0.00628036187,0.216251688,0.0911377673,0.0792712686,0
46.940000,0.056758958,0.00351253476,0.263646953,0.0418856732,0.0872893328,0
46.960000,0.0868812685,-0.00315264868,0.265985478,0.0485810465,0.0683655414,0
46.980000,0.0518215964,-0.00952662881,0.252053811,0.0291997394,0.0822703568,0
47.000000,0.0289694245,-0.00533285588,0.215071333,0.0137715685,0.0634693998,0
47.020000,0.0386759156,0.00813410933,0.204194437,0.0474463408,0.0795694081,0
47.040000,0.0552445889,0.0115796788,0.256406109,0.0553063548,0.0775903583,0
47.060000,0.0448069057,0.00661596693,0.205616718,0.0409623464,0.0858093484,0
47.080000,0.0357310114,0.0153132355,0.214106387,0.034150783,0.0378527703,0
47.100000,0.0315962917,0.0354479779,0.204621264,0.0514316795,0.0687346364,0
47.120000,0.00765402764,0.0438803454,0.230168817,0.0127234704,0.0664894909,0
47.140000,0.0450510005,0.0290771584,0.193985647,0.0442267988,0.0336983183,0
47.160000,0.0485220281,-0.00979358607,0.205552155,0.023580804,0.015524141,0
47.180000,0.0153386982,0.055503913,0.225455782,0.064075179,0.0495155181,0
47.200000,-0.0127744858,0.0579966369,0.204324505,0.0241511047,0.0638414531,0
47.220000,-0.00409163692,0.0532744092,0.215959244,0.0536919829,0.0621246527,0
47.240000,0.0186313106,0.0348138636,0.192768005,0.038360668,0.0116741438,0
47.260000,0.0177925162,0.0776556046,0.184017947,0.0655733226,0.0272298832,0
47.280000,0.0175051587,0.0761878864,0.167271843,0.0380789491,0.0472104051,0
47.300000,-0.0331211175,0.0641268079,0.179434592,0.115106272,0.0471937466,0
47.320000,0.0218528824,0.0811026886,0.175310947,0.0573644053,0.0592238224,0
47.340000,-0.00947232821,0.103696307,0.144770832,0.0311619129,0.0205784424,0
47.360000,-0.00771230566,0.0883062185,0.161832381,0.0372161205,0.0646958413,0
47.380000,0.00838249475,0.0850290171,0.141331235,0.0433077265,0.0338141068,0
47.400000,0.005300645,0.0541234838,0.144615652,0.0181697112,0.0112880511,0
47.420000,-0.00218167243,0.0740062639,0.149575275,0.0753255281,-0.0135112728,0
47.440000,-0.0103864422,0.119162323,0.155542053,0.0166717545,0.00985719977,0
47.460000,-0.012803172,0.119109547,0.175495022,0.0295302582,0.0247698251,0
47.480000,-0.0492060082,0.0974515408,0.174504709,0.0405194371,0.0212740056,0
47.500000,-0.0267040451,0.0823267679,0.178484064,0.0589424206,0.0377221017,0
47.520000,-0.00632473474,0.112804959,0.146258862,0.0685500263,0.0207823322,0
47.540000,-0.0408626878,0.106485485,0.105455065,0.0513409748,0.0322401948,0
47.560000,-0.0436830682,0.12321551,0.0738784878,0.0497336501,-0.0381190583,0
47.580000,-0.0235427509,0.110533939,0.125482639,0.0632933707,0.00478657354,0
47.600000,-0.0426968006,0.157191128,0.11899197,0.10713962,-0.00591406933,0
47.620000,-0.0303917896,0.116705195,0.0983690767,0.0680607415,0.0084078045,0
47.640000,-0.0570766024,0.152643734,0.121325348,0.0557284523,0.00868988649,0
47.660000,-0.0624768637,0.135152434,0.143278258,0.0383297778,-0.0203130117,0
47.680000,-0.0141819945,0.125796226,0.10615304,0.0900912922,-0.0435396967,0
47.700000,-0.037875335,0.116926942,0.119006187,0.0351699394,-0.0297711117,0
47.720000,-0.034376824,0.115163345,0.0967196586,0.0373900381,-0.00723945969,0
47.740000,-0.0527097849,0.125173735,0.116129651,0.0708947083,-0.0807337787,0
47.760000,-0.0340598137,0.142467301,0.128144056,0.0484382664,-0.0673115015,0
47.780000,-0.0602560176,0.142218094,0.0794897937,0.0353733445,-0.0342384973,0
47.800000,-0.0523857765,0.149056904,0.0639441854,0.0526661825,-0.0211579318,0
47.820000,-0.0316991711,0.152761177,0.0751984197,0.0482333069,-0.0935827162,0
47.840000,-0.040120132,0.166671917,0.0717677894,0.0726480324,-0.0378751739,0
47.860000,-0.0392231214,0.149801236,0.0448678801,0.0977112981,-0.0558701973,0
47.880000,-0.0556301924,0.134589063,0.0728391901,0.0628859284,-0.0441070317,0
47.900000,-0.0333170501,0.164689636,0.0719453265,0.117618359,-0.0894687223,0
47.920000,-0.0319988217,0.164846418,0.0397886197,0.070276457,-0.0410674118,0
47.940000,-0.0903878673,0.189078056,0.0711759426,0.0726041862,-0.0699155169,0
47.960000,-0.0618615964,0.160102935,0.0176956112,0.0948086693,-0.0685322229,0
47.980000,-0.0570187814,0.12566771,0.0553533088,0.0871789142,-0.0571677955,0
48.000000,-0.0273965542,0.190500038,0.0605592009,0.0565164781,-0.0978729189,0
48.020000,-0.0374927961,0.179819536,0.0464608449,0.0920812707,-0.0714644517,0
48.040000,-0.0784901794,0.125667556,0.0324227438,0.101976366,-0.0870396488,0
48.060000,-0.0677413951,0.168447836,0.0565907718,0.106004641,-0.0861130893,0
48.080000,-0.0334775057,0.22729906,0.0201243879,0.117584275,-0.0700543924,0
48.100000,-0.0496329338,0.17930282,0.0359455481,0.0838887989,-0.123154535,0
48.120000,-0.0706703104,0.167528885,0.0188825715,0.0737245158,-0.114174084,0
48.140000,-0.0342272656,0.179360352,-0.0116763962,0.070153573,-0.10580238,0
48.160000,-0.060647264,0.19395462,0.00675104539,0.0748425003,-0.118987701,0
48.180000,-0.0713823964,0.195849399,0.0131607716,0.110849551,-0.133522351,0
48.200000,-0.0579208473,0.166710392,-0.0158575915,0.116177704,-0.0952118016,0
48.220000,-0.0605681488,0.193792736,-0.0210700734,0.0981592764,-0.159023022,0
48.240000,-0.0649270905,0.20277246,-0.0034947661,0.0968646775,-0.114596873,0
48.260000,-0.0349520589,0.175262436,-0.0153653021,0.107075503,-0.134815072,0
48.280000,-0.0599493184,0.195091308,-0.0236569208,0.0949641162,-0.149058752,0
48.300000,-0.0669804244,0.188862646,-0.0107288418,0.0942778369,-0.138042073,0
48.320000,-0.0676138216,0.197046431,0.00396919227,0.11814236,-0.151659515,0
48.340000,-0.058689103,0.171010314,-0.00452778495,0.0986261552,-0.1457448,0
48.360000,-0.0741466409,0.201943486,0.000838756471,0.0827011979,-0.143433826,0
48.380000,-0.0315581827,0.186020864,-0.0317965525,0.128673528,-0.156590841,0
48.400000,-0.0596623682,0.156488435,-0.0544745207,0.122875203,-0.151180368,0
48.420000,-0.0689764118,0.197592696,-0.075575302,0.105963722,-0.179366551,0
48.440000,-0.06030002,0.18349234,-0.0341951198,0.0961593281,-0.168012304,0
48.460000,-0.0327422784,0.200725034,-0.0578075157,0.105895662,-0.201489983,0
48.480000,-0.0617033166,0.215014349,-0.0580052249,0.0803011279,-0.178756449,0
48.500000,-0.0449479549,0.22898575,-0.0683263066,0.127411767,-0.163137425,0
48.520000,-0.0939581233,0.184586746,-0.0881759234,0.113797827,-0.210478522,0
48.540000,-0.0374195347,0.243574224,-0.0886277273,0.130738396,-0.177653828,0
48.560000,-0.0155255539,0.205086882,-0.105181271,0.144818895,-0.15178048,0
48.580000,-0.053087649,0.204200416,-0.106301317,0.160432107,-0.202833475,0
48.600000,-0.0218136666,0.182462026,-0.110837255,0.121571335,-0.188160134,0
48.620000,-0.0353512407,0.207146559,-0.113063088,0.164732619,-0.182732397,0
48.640000,-0.0359144714,0.197606542,-0.101589478,0.119648361,-0.230261406,0
48.660000,-0.0423903457,0.16926274,-0.131485066,0.156836986,-0.178358471,0
48.680000,-0.0476879767,0.21958811,-0.130167542,0.129010052,-0.24110336,0
48.700000,-0.0627898511,0.183679863,-0.084639233,0.109810477,-0.233237644,0
48.720000,-0.0491043909,0.165288167,-0.116248774,0.15583915,-0.195851556,0
48.740000,-0.0478707761,0.163515866,-0.0903784059,0.148501586,-0.218638427,0
48.760000,0.00195013762,0.152982198,-0.101401246,0.14107969,-0.178390175,0
48.780000,-0.0733506496,0.169624418,-0.14212539,0.145492792,-0.222216431,0
48.800000,-0.0619706066,0.182731388,-0.126850469,0.142505528,-0.253753787,0
48.820000,-0.0353846909,0.175825573,-0.163868783,0.144334154,-0.204574102,0
48.840000,-0.0391864933,0.179436536,-0.158541701,0.132527391,-0.233142881,0
48.860000,-0.0359628297,0.178095525,-0.140108865,0.134872783,-0.238200832,0
48.880000,-0.0313524696,0.156759813,-0.135033912,0.110258716,-0.224235854,0
48.900000,0.00732951303,0.204737432,-0.148812966,0.171955276,-0.250869522,0
48.920000,0.00522935391,0.194082639,-0.159467707,0.19688021,-0.238739294,0
48.940000,-0.0410274528,0.174505361,-0.150302668,0.124944651,-0.262004926,0
48.960000,-0.0239677652,0.161626352,-0.131978768,0.169071796,-0.256862659,0
48.980000,0.0258895093,0.148039344,-0.171230539,0.174001823,-0.257510865,0
49.000000,-0.0162403034,0.170299804,-0.178313243,0.180962633,-0.226538593,0
49.020000,-0.0142194884,0.159152739,-0.167014231,0.162855355,-0.258513804,0
49.040000,0.00577246215,0.206030024,-0.196720265,0.154782499,-0.270848963,0
49.060000,-0.0309528091,0.157558418,-0.181347875,0.186495576,-0.236933539,0
49.080000,-0.0103776018,0.144822884,-0.202194872,0.157494763,-0.305363273,0
49.100000,-0.00744492732,0.121950767,-0.207215116,0.194454914,-0.257976863,0
49.120000,-0.0111596662,0.172419431,-0.170107635,0.150362738,-0.282724666,0
49.140000,0.00226680068,0.146709452,-0.181102411,0.186203653,-0.26894181,0
49.160000,0.00368483297,0.170984481,-0.221677895,0.184692907,-0.242800439,0
49.180000,-0.0143201543,0.150273756,-0.210705507,0.199194373,-0.279932784,0
49.200000,-0.0285897434,0.149730297,-0.171696895,0.182642085,-0.263363587,0
49.220000,0.0117428957,0.141965632,-0.245881059,0.191793822,-0.267189547,0
49.240000,-0.00101065109,0.141839474,-0.216628921,0.199611553,-0.274446752,0
49.260000,-0.0124367059,0.171819681,-0.205130923,0.18911112,-0.289511254,0
49.280000,0.0113725793,0.148543178,-0.245949167,0.165497429,-0.296232593,0
49.300000,-0.0152119099,0.12673995,-0.223639651,0.198479957,-0.296901734,0
49.320000,-0.011287567,0.10290702,-0.243783816,0.183096938,-0.261740477,0
49.340000,0.0416584434,0.149691354,-0.198477229,0.194412338,-0.315454586,0
49.360000,0.028900192,0.146754008,-0.24358205,0.187475205,-0.284996243,0
49.380000,0.00592430478,0.110274901,-0.201973438,0.194548872,-0.286684752,0
49.400000,-0.0285883161,0.144569071,-0.232905348,0.211641335,-0.308754478,0
49.420000,0.00347970259,0.149453934,-0.241779061,0.168533504,-0.248552702,0
49.440000,0.00582173091,0.0880848927,-0.261433851,0.190030484,-0.281519564,0
49.460000,0.0105841742,0.102229851,-0.263966065,0.211361266,-0.309896947,0
49.480000,-0.0455017997,0.106908258,-0.27980589,0.2092375,-0.286929312,0
49.500000,0.00712632789,0.105469752,-0.246678241,0.215317109,-0.293854214,0
49.520000,0.0151621549,0.0731176278,-0.273463863,0.241738393,-0.265261078,0
49.540000,0.0412528027,0.0889168097,-0.288458666,0.188880498,-0.288385652,0
49.560000,0.000411779864,0.0887659533,-0.303746929,0.188948319,-0.290458177,0
49.580000,0.0392411328,0.110805018,-0.299105261,0.254694972,-0.263795223,0
49.600000,0.0229998998,0.0845696989,-0.267330596,0.186527249,-0.287500741,0
49.620000,0.00224332129,0.0865244312,-0.265931482,0.172584291,-0.268042113,0
49.640000,0.0126403933,0.0615624211,-0.283268859,0.20838516,-0.324036803,0
49.660000,0.0258110761,0.0650696349,-0.246851744,0.285786535,-0.293066183,0
49.680000,0.0507233271,0.0964888446,-0.262953463,0.217145614,-0.283257331,0
49.700000,0.0662547857,0.0706986604,-0.276494146,0.217005745,-0.271564014,0
49.720000,0.0180328447,0.10641654,-0.289866657,0.216559344,-0.291834737,0
49.740000,0.0190598833,0.0888013942,-0.286505961,0.234591526,-0.295516736,0
49.760000,0.056825372,0.045117711,-0.330392988,0.225703277,-0.309681803,0
49.780000,0.0422055489,0.0841099477,-0.285678209,0.232299291,-0.28402792,0
49.800000,0.053490327,0.0524027035,-0.283984697,0.171023075,-0.318963604,0
49.820000,0.0105520256,0.0790804118,-0.292042635,0.19452685,-0.29224408,0
49.840000,0.0133992132,0.0558345975,-0.286009143,0.201322989,-0.282900673,0
49.860000,0.0325362471,0.0219406456,-0.297805796,0.20193669,-0.312469686,0
49.880000,0.0481565084,0.00848441758,-0.302692357,0.21209442,-0.309451157,0
49.900000,0.0348410478,0.0308824805,-0.282692415,0.174844675,-0.31143591,0
49.920000,0.0356897952,0.0190711036,-0.310186852,0.207950343,-0.268459594,0
49.940000,0.0575409808,0.0323505394,-0.291645476,0.191295272,-0.260265779,0
49.960000,0.0353618396,0.0510926248,-0.327741482,0.21289389,-0.280537538,0
49.980000,0.0177546638,0.0432957573,-0.346870378,0.183229081,-0.295732208,0
50.000000,0.0570837003,0.0523209774,-0.33025524,0.199888496,-0.27892952,0
50.020000,0.0565168474,0.0139303839,-0.284512761,0.220194625,-0.307443214,0
50.040000,0.0208895721,0.0183126534,-0.318546196,0.16081901,-0.27801664,0
50.060000,0.0254701782,0.00495831736,-0.322683997,0.192532144,-0.261514755,0
50.080000,0.07984552,0.0348053322,-0.326673211,0.194265732,-0.292196199,0
50.100000,0.0326794685,-0.0315963429,-0.359582243,0.195471595,-0.282757912,0
50.120000,0.0493435157,-0.0149670432,-0.312403391,0.191199389,-0.286639986,0
50.140000,0.0305343902,-0.0419049439,-0.322594447,0.19265809,-0.256055077,0
50.160000,0.0674972257,-0.00616316945,-0.352375857,0.22089672,-0.268890335,0
50.180000,0.0367778935,0.0209622355,-0.335960872,0.200389953,-0.270328601,0
50.200000,-0.00864894498,-0.0419891306,-0.326014779,0.188319291,-0.299501042,0
50.220000,0.0717686553,-0.0241212688,-0.319220617,0.172657793,-0.249908153,0
50.240000,0.0388747862,-0.0312616288,-0.337505891,0.206267474,-0.260482745,0
50.260000,0.0231514333,-0.0104901322,-0.355583916,0.190127848,-0.281896644,0
50.280000,0.0278851314,0.00222815962,-0.340800819,0.186440447,-0.27186513,0
50.300000,0.076918683,0.0102946038,-0.340142999,0.191694251,-0.245835187,0
50.320000,0.0207303294,-0.0397094437,-0.32399198,0.192849919,-0.246106141,0
50.340000,0.0237379925,-0.0657042171,-0.373484326,0.182740553,-0.224388398,0
50.360000,0.0287088468,-0.0274457381,-0.340014275,0.195007311,-0.225455329,0
50.380000,0.0400266382,-0.0459820093,-0.33810531,0.19447333,-0.242476593,0
50.400000,0.039326307,-0.0410005333,-0.350375819,0.204433365,-0.232523173,0
50.420000,0.0293058016,-0.0372697214,-0.369079971,0.172769849,-0.278328979,0
50.440000,0.0229888432,-0.0488242608,-0.364020853,0.177121306,-0.236100734,0
50.460000,0.0149622498,-0.0603596198,-0.335282505,0.149788369,-0.219116996,0
50.480000,0.020498103,-0.0666740658,-0.311994817,0.166796149,-0.203321655,0
50.500000,0.00945319999,-0.0922103828,-0.324107713,0.16499893,-0.238484269,0
50.520000,0.0036465216,-0.0690679825,-0.340862517,0.169963856,-0.261333212,0
50.540000,0.0297422173,-0.0824922126,-0.36377361,0.13350156,-0.258926718,0
50.560000,0.0573114356,-0.0526001824,-0.344241094,0.177113417,-0.175865312,0
50.580000,0.0370975338,-0.0906812209,-0.369777104,0.178336718,-0.228593247,0
50.600000,0.030598637,-0.0862351161,-0.373460497,0.13602746,-0.231996167,0
50.620000,0.0247797981,-0.138676657,-0.317902334,0.139375397,-0.219526621,0
50.640000,0.0319171862,-0.100605751,-0.320869606,0.173170085,-0.188302777,0
50.660000,0.0307783746,-0.0514035172,-0.33758786,0.163049568,-0.184517779,0
50.680000,0.0150463416,-0.0714460021,-0.330910901,0.148059861,-0.2125095,0
50.700000,0.0294294884,-0.108612339,-0.367616132,0.158850155,-0.208611164,0
50.720000,0.000984532529,-0.0767502907,-0.372837439,0.150800664,-0.201372321,0
50.740000,0.00278774758,-0.0741761121,-0.366240315,0.151575245,-0.182747084,0
50.760000,-0.0130888498,-0.137175293,-0.343445908,0.120430378,-0.211419573,0
50.780000,0.0382700015,-0.0808647867,-0.346543362,0.147444239,-0.199128432,0
50.800000,-0.0045399278,-0.0833321473,-0.33156766,0.159251714,-0.172998102,0
50.820000,0.0127776162,-0.108027356,-0.372032273,0.107910255,-0.16500031,0
50.840000,0.017705268,-0.108914569,-0.325862978,0.158741272,-0.144123909,0
50.860000,-0.0251923936,-0.0999759628,-0.357676212,0.10402286,-0.162727746,0
50.880000,-0.0226064661,-0.120771808,-0.34083488,0.141772145,-0.114733574,0
50.900000,-0.00188391726,-0.10301096,-0.338234854,0.111331271,-0.130906181,0
50.920000,-0.00394856865,-0.118103085,-0.362067544,0.113812646,-0.140826991,0
50.940000,-0.0107312742,-0.149024582,-0.357952286,0.121932519,-0.128233485,0
50.960000,0.0123696008,-0.157489328,-0.312083588,0.0903038993,-0.149736432,0
50.980000,-0.0340710831,-0.126362743,-0.365614284,0.109275661,-0.116994157,0
51.000000,-0.00292338224,-0.129640049,-0.352987018,0.147702842,-0.0955768346,0
51.020000,-0.0281758593,-0.162117424,-0.357236442,0.135372556,-0.107379189,0
51.040000,-0.0670511048,-0.152290013,-0.334556465,0.0591420535,-0.139771088,0
51.060000,-0.0758661595,-0.120483692,-0.35624435,0.0999889563,-0.128435174,0
51.080000,-0.0316251776,-0.151113967,-0.344728446,0.0590145982,-0.132871368,0
51.100000,-0.0161542885,-0.148482561,-0.330693648,0.0918851619,-0.100982301,0
51.120000,-0.0296076238,-0.131867548,-0.320641642,0.0606018057,-0.111938524,0
51.140000,-0.00899673017,-0.141417086,-0.368110329,0.0965719539,-0.0781034061,0
51.160000,-0.0238060299,-0.17845244,-0.326156763,0.108078292,-0.0713756812,0
51.180000,-0.0630052959,-0.16393044,-0.357479584,0.0615799215,-0.0811254935,0
51.200000,-0.0297793049,-0.142662662,-0.303872686,0.0761039001,-0.0982693607,0
51.220000,-0.0645096187,-0.139502756,-0.380534092,0.0766421909,-0.0824053332,0
51.240000,-0.0425684374,-0.173897819,-0.304972682,0.0612473115,-0.113777494,0
51.260000,-0.0330994223,-0.184261296,-0.306671375,0.0374801803,-0.0758862184,0
51.280000,-0.0721340991,-0.175390086,-0.344596838,0.064529781,-0.0798852461,0
51.300000,-0.0686943652,-0.15305988,-0.311415283,0.0590247288,-0.0762135676,0
51.320000,-0.070721788,-0.187565406,-0.299870802,0.0447761448,-0.0508410129,0
51.340000,-0.0884523715,-0.170423124,-0.341688382,0.0344391219,-0.0356745504,0
51.360000,-0.13060164,-0.175474951,-0.310703987,0.0434502079,-0.0716341251,0
51.380000,-0.105758939,-0.196235161,-0.385129003,0.0296511969,-0.0150554485,0
51.400000,-0.059166624,-0.165158674,-0.324504444,0.0170984889,-0.0449213481,0
51.420000,-0.0851991814,-0.163747039,-0.302271544,0.0410314837,-0.00150506674,0
51.440000,-0.115255897,-0.165743292,-0.290869063,0.0213953126,-0.0304848698,0
51.460000,-0.094118553,-0.160595687,-0.313198145,0.0242907507,-0.0314457309,0
51.480000,-0.124483725,-0.178522125,-0.318968681,-0.00560046843,-0.0235620379,0
51.500000,-0.108393706,-0.171426452,-0.282591732,0.0138623946,-0.00188843013,0
51.520000,-0.147157264,-0.124432434,-0.300251135,-0.0142033925,-0.0255021324,0
51.540000,-0.0834649136,-0.161523029,-0.314671879,0.0227987093,0.00343035148,0
51.560000,-0.114969971,-0.171992696,-0.298866439,0.0151039828,0.00634026636,0
51.580000,-0.149746742,-0.16795668,-0.302762514,-0.00939769046,0.0181475896,0
51.600000,-0.14685078,-0.167081714,-0.308972218,-0.0123728404,0.0230755865,0
51.620000,-0.110464067,-0.207071429,-0.282842078,-0.0043052735,0.00304141329,0
51.640000,-0.171637956,-0.178519766,-0.305217919,-0.0384821146,0.0444152929,0
51.660000,-0.135660836,-0.157796008,-0.295093022,-0.0313565633,0.0280045904,0
51.680000,-0.131746616,-0.161477665,-0.306092178,-0.0487802683,0.0529755339,0
51.700000,-0.157558436,-0.193564562,-0.263776964,-0.0225214975,0.04061973,0
51.720000,-0.140811512,-0.183432467,-0.30584592,-0.0508843463,0.0671056765,0
51.740000,-0.164423921,-0.178077014,-0.254079121,-0.0288905388,0.0719506203,0
51.760000,-0.149644869,-0.163299891,-0.294289129,-0.0339170586,0.0151242319,0
51.780000,-0.133579276,-0.183502646,-0.29382203,-0.0341327888,0.0707013726,0
51.800000,-0.192987229,-0.18762984,-0.288123339,-0.103185341,0.0596676916,0
51.820000,-0.181354546,-0.189312806,-0.298962854,-0.0954252905,0.0716479991,0
51.840000,-0.168456667,-0.186182854,-0.271650723,-0.0294013479,0.0269369837,0
51.860000,-0.171328974,-0.168332481,-0.246068206,-0.0798275052,0.0689184089,0
51.880000,-0.20224206,-0.180281625,-0.278044703,-0.0392372014,0.0875420009,0
51.900000,-0.192657172,-0.169236742,-0.283891686,-0.0843606529,0.0726677584,0
51.920000,-0.195585459,-0.192147544,-0.277384459,-0.0938254366,0.10376268,0
51.940000,-0.192814212,-0.176647154,-0.267709607,-0.0776032118,0.0787609961,0
51.960000,-0.226406186,-0.155185059,-0.257609854,-0.110400128,0.123146154,0
51.980000,-0.210117667,-0.174328012,-0.253340101,-0.0934353412,0.126622969,0
52.000000,-0.193510298,-0.176799892,-0.230089399,-0.0822603891,0.0956227369,0
52.020000,-0.25800722,-0.159430095,-0.237253316,-0.0590339663,0.13768188,0
52.040000,-0.225992785,-0.173858271,-0.193089238,-0.0363027995,0.143013755,0
52.060000,-0.226832497,-0.18252011,-0.264149568,-0.134947546,0.131450173,0
52.080000,-0.246258995,-0.159057158,-0.246999953,-0.111639609,0.124049837,0
52.100000,-0.235387459,-0.211274185,-0.256732399,-0.0790501438,0.15325635,0
52.120000,-0.209812377,-0.184695467,-0.245422831,-0.113804992,0.123542574,0
52.140000,-0.210765528,-0.189673892,-0.274384535,-0.140253177,0.141622413,0
52.160000,-0.271095433,-0.186711229,-0.264436495,-0.151135401,0.109043838,0
52.180000,-0.214937217,-0.171325364,-0.244870841,-0.107084946,0.150895455,0
52.200000,-0.235595924,-0.141010648,-0.255098967,-0.0979959574,0.160215728,0
52.220000,-0.26045754,-0.159791525,-0.23276658,-0.101812416,0.122180146,0
52.240000,-0.269380561,-0.166198607,-0.24280884,-0.0987664968,0.167790673,0
52.260000,-0.27264146,-0.172355149,-0.237240333,-0.123152867,0.122065976,0
52.280000,-0.294963895,-0.137145441,-0.199581591,-0.126324519,0.159520617,0
52.300000,-0.26305257,-0.164565305,-0.196489819,-0.154635925,0.168663836,0
52.320000,-0.313763016,-0.137246833,-0.221054886,-0.108112883,0.179071883,0
52.340000,-0.292849557,-0.17147579,-0.248931807,-0.118345263,0.162209893,0
52.360000,-0.320672932,-0.177513613,-0.213029856,-0.129482133,0.210468641,0
52.380000,-0.282941096,-0.158560319,-0.184968378,-0.135026325,0.189367369,0
52.400000,-0.281971748,-0.14270817,-0.211826528,-0.137544349,0.23045996,0
52.420000,-0.306607156,-0.125458454,-0.21905707,-0.158018209,0.182637027,0
52.440000,-0.299751894,-0.0993544536,-0.191173664,-0.177404791,0.206398465,0
52.460000,-0.286873579,-0.128396387,-0.218939516,-0.173448908,0.198966674,0
52.480000,-0.340129884,-0.103865801,-0.213444579,-0.186630565,0.205679747,0
52.500000,-0.325423821,-0.107663465,-0.167817672,-0.189808746,0.207943213,0
52.520000,-0.32377709,-0.154953303,-0.183990214,-0.191568708,0.215554751,0
52.540000,-0.331065236,-0.14987416,-0.202022258,-0.186177403,0.186622065,0
52.560000,-0.348950839,-0.138432026,-0.173795204,-0.149256663,0.223027069,0
52.580000,-0.374787483,-0.117624871,-0.205376357,-0.22079568,0.214598101,0
52.600000,-0.333085518,-0.103052595,-0.174616158,-0.20582844,0.229334325,0
52.620000,-0.387144546,-0.108740495,-0.170382785,-0.214662284,0.218044361,0
52.640000,-0.323827039,-0.114527586,-0.170400283,-0.143583064,0.231573846,0
52.660000,-0.328412282,-0.0946504486,-0.162306933,-0.201488778,0.225805113,0
52.680000,-0.381507731,-0.124928958,-0.192584307,-0.224014409,0.265833039,0
52.700000,-0.383008659,-0.103724477,-0.182909112,-0.192012197,0.230216619,0
52.720000,-0.37262217,-0.100574453,-0.189663393,-0.205372679,0.196766484,0
52.740000,-0.3410605,-0.107555266,-0.183641958,-0.204760171,0.2442224,0
52.760000,-0.401985409,-0.111869182,-0.185932586,-0.207880826,0.224457983,0
52.780000,-0.395188246,-0.104092331,-0.182567261,-0.264843164,0.26468624,0
52.800000,-0.387718834,-0.0755151001,-0.149569809,-0.20727513,0.23092718,0
52.820000,-0.407275762,-0.0776129937,-0.148704734,-0.219702224,0.262348156,0
52.840000,-0.36562728,-0.0694950447,-0.180345384,-0.22702451,0.25663562,0
52.860000,-0.383432512,-0.10179302,-0.136777928,-0.247753144,0.245178017,0
52.880000,-0.366252034,-0.113681058,-0.133781599,-0.230474872,0.230885604,0
52.900000,-0.395774347,-0.0632552535,-0.139442034,-0.253503538,0.283222292,0
52.920000,-0.393316608,-0.075915604,-0.139209763,-0.214806973,0.259809196,0
52.940000,-0.403187648,-0.0857220848,-0.142556752,-0.222658393,0.279851996,0
52.960000,-0.410868301,-0.0770557254,-0.143544249,-0.230440074,0.252507523,0
52.980000,-0.405052406,-0.0887848749,-0.0963072419,-0.258038215,0.26986441,0
53.000000,-0.403252414,-0.0514400114,-0.127765399,-0.252238412,0.271228283,0
53.020000,-0.39768213,-0.0699325167,-0.172406698,-0.246415387,0.291336034,0
53.040000,-0.413300344,-0.0440744028,-0.108828094,-0.258466279,0.259334763,0
53.060000,-0.432361062,-0.0234440289,-0.137524261,-0.268300843,0.310378977,0
53.080000,-0.415980942,-0.0468017697,-0.122655798,-0.257458777,0.290354232,0
53.100000,-0.500189892,-0.0708190948,-0.100192513,-0.237823412,0.304464598,0
53.120000,-0.418089087,-0.0326316185,-0.0874269618,-0.233525022,0.247823984,0
53.140000,-0.488182932,-0.0157628578,-0.136439701,-0.258669614,0.309776449,0
53.160000,-0.457324313,-0.0386238646,-0.157319315,-0.272688037,0.275097995,0
53.180000,-0.418962997,-0.0231158565,-0.11320766,-0.250851176,0.282852567,0
53.200000,-0.479260361,-0.0377392852,-0.100573399,-0.25438032,0.299868533,0
53.220000,-0.465011428,-0.0445816851,-0.11621784,-0.270273689,0.326314608,0
53.240000,-0.4419715,0.010732635,-0.0825712689,-0.251968067,0.278328729,0
53.260000,-0.441122685,-0.00863268759,-0.0860820552,-0.277677355,0.248971132,0
53.280000,-0.451120764,-0.0174225303,-0.0730336157,-0.244751262,0.280230738,0
53.300000,-0.458565673,-0.0425947571,-0.0872492388,-0.259730577,0.298008518,0
53.320000,-0.466547625,0.0358576863,-0.0945257804,-0.271180112,0.273076941,0
53.340000,-0.452680036,0.0065345502,-0.0948730933,-0.276358568,0.271382025,0
53.360000,-0.455310303,-0.0322799244,-0.0981360585,-0.246740342,0.258323084,0
53.380000,-0.461691882,0.0205272861,-0.101354911,-0.292847548,0.274903722,0
53.400000,-0.453240662,-0.0172787218,-0.0720564408,-0.298807201,0.287549741,0
53.420000,-0.417047408,0.0213968608,-0.0836209363,-0.260048937,0.263122696,0
53.440000,-0.468695118,0.0458687867,-0.0617060988,-0.307053897,0.267224516,0
53.460000,-0.45962508,-0.0138368832,-0.0890571098,-0.343371668,0.25979577,0
53.480000,-0.507357799,-0.00342984414,-0.0838206694,-0.310416559,0.315998857,0
53.500000,-0.452735948,0.0306644539,-0.0497055688,-0.271104913,0.241603201,0
53.520000,-0.457414828,0.016663536,-0.0994998929,-0.265393027,0.307397728,0
53.540000,-0.459349487,0.0732476807,-0.057773266,-0.249843099,0.313795148,0
53.560000,-0.499113513,0.0329471001,-0.0821444241,-0.268440263,0.283728432,0
53.580000,-0.449739966,0.0182264991,-0.0903756312,-0.25954594,0.271035868,0
53.600000,-0.45002646,0.0232418506,-0.0733039908,-0.306583645,0.303317022,0
53.620000,-0.457561295,0.0347853524,-0.0720825483,-0.253634669,0.273509144,0
53.640000,-0.424119036,0.0743620186,-0.0725764196,-0.320190756,0.258203744,0
53.660000,-0.484250226,0.0364353866,-0.0402319929,-0.291305788,0.260421542,0
53.680000,-0.49242153,0.0823404422,-0.0308822635,-0.293664113,0.291028403,0
53.700000,-0.483151007,0.0551770463,-0.063041961,-0.272013187,0.300797251,0
53.720000,-0.488573243,0.0590853656,-0.0480024122,-0.270772118,0.313847641,0
53.740000,-0.459112428,0.0660985864,-0.0522680107,-0.264599826,0.320021871,0
53.760000,-0.506865372,0.0902000064,-0.0443370187,-0.25310887,0.301515465,0
53.780000,-0.478704427,0.0687247384,-0.0327382063,-0.250184302,0.307831008,0
53.800000,-0.462545807,0.0917679213,-0.0164730154,-0.313738219,0.26763827,0
53.820000,-0.480832752,0.0899798113,0.00475058005,-0.273043184,0.300703884,0
53.840000,-0.473800663,0.0702683311,-0.0518305155,-0.269646491,0.236378181,0
53.860000,-0.49289369,0.113460729,-0.0232082804,-0.272807221,0.302120821,0
53.880000,-0.465077111,0.0947391789,-0.0381942133,-0.264471932,0.245388687,0
53.900000,-0.481628445,0.111262476,-0.00883554798,-0.253901501,0.284833744,0
53.920000,-0.469745062,0.0920340626,-0.0234250877,-0.291613396,0.291900989,0
53.940000,-0.477914575,0.0842751326,-0.00431788631,-0.304581246,0.2585107,0
53.960000,-0.498356826,0.116620506,-0.0149476737,-0.266807187,0.264960397,0
53.980000,-0.457699355,0.111520883,-0.0180632273,-0.25905217,0.276345541,0
54.000000,-0.467264465,0.145582345,-0.0267437668,-0.24972595,0.281915401,0
54.020000,-0.464221598,0.145148481,-0.0443272236,-0.304177666,0.263182663,0
54.040000,-0.44161047,0.113914016,-0.0327104817,-0.28232365,0.256680107,0
54.060000,-0.469606144,0.113036007,-0.050567518,-0.258770478,0.280206695,0
54.080000,-0.42505643,0.132834943,-0.0293859947,-0.250633631,0.239400141,0
54.100000,-0.432704742,0.123038372,0.0267121935,-0.284495056,0.278969907,0
54.120000,-0.462203101,0.13837797,-0.0237898567,-0.263168589,0.25282224,0
54.140000,-0.435582245,0.101853808,-0.0241497803,-0.283108045,0.286492605,0
54.160000,-0.437560558,0.108966624,-0.0438040206,-0.299024858,0.26835722,0
54.180000,-0.450778328,0.16270395,-0.0244524771,-0.292619626,0.253625807,0
54.200000,-0.420887138,0.167909325,-0.0543171872,-0.261682598,0.255387989,0
54.220000,-0.473204482,0.13048353,-0.0161418778,-0.213678716,0.29638013,0
54.240000,-0.470800132,0.138274548,0.0166957635,-0.204174483,0.213085629,0
54.260000,-0.428439807,0.166111803,0.00409892357,-0.262392376,0.261247083,0
54.280000,-0.457654644,0.153478526,0.0251397976,-0.208057203,0.285720911,0
54.300000,-0.397958891,0.137667194,0.0254714196,-0.251609866,0.234209528,0
54.320000,-0.42815957,0.158319111,-0.0157462699,-0.265920626,0.23542179,0
54.340000,-0.408034783,0.115503902,-0.0293708829,-0.272771235,0.252982367,0
54.360000,-0.425870485,0.149275252,0.00259231736,-0.249458912,0.229726153,0
54.380000,-0.413707678,0.165076744,-0.000809000209,-0.210458214,0.259634451,0
54.400000,-0.394491789,0.174650934,-0.00137920149,-0.267774262,0.257745107,0
54.420000,-0.426252677,0.160551009,-0.0214048613,-0.210106053,0.258336648,0
54.440000,-0.408971,0.193210177,-0.00281006086,-0.232931785,0.241505462,0
54.460000,-0.415001311,0.182303502,0.025749222,-0.213441621,0.216915302,0
54.480000,-0.425321842,0.159931186,0.00228518636,-0.216193881,0.230436653,0
54.500000,-0.384566962,0.185987537,0.0324382845,-0.24416187,0.225688482,0
54.520000,-0.381320176,0.171021696,0.0101964442,-0.188943079,0.238599898,0
54.540000,-0.38271535,0.176378014,-0.0224821746,-0.240664468,0.218858556,0
54.560000,-0.408156475,0.208570739,0.00316284951,-0.214378516,0.199863657,0
54.580000,-0.359063056,0.188615452,0.0134814735,-0.214133916,0.262408476,0
54.600000,-0.368477208,0.166229476,0.0199381973,-0.215022998,0.229544881,0
54.620000,-0.354710166,0.226235675,-0.00144533686,-0.201559861,0.17460691,0
54.640000,-0.36619877,0.194250656,0.0252376838,-0.231094549,0.182356869,0
54.660000,-0.359125499,0.192876109,0.0251097336,-0.207268465,0.256736174,0
54.680000,-0.398410473,0.215100659,0.0229543886,-0.183667741,0.205966694,0
54.700000,-0.360262192,0.217224384,-0.0285136626,-0.202354862,0.22235384,0
54.720000,-0.34836705,0.217165051,0.0363509802,-0.172760037,0.223698623,0
54.740000,-0.373988088,0.217322297,0.00753468443,-0.182861649,0.202470893,0
54.760000,-0.321811374,0.202268222,0.0171137173,-0.202262972,0.159660387,0
54.780000,-0.338274989,0.221010453,0.0149213815,-0.217129442,0.239829427,0
54.800000,-0.311917287,0.217251491,0.021501891,-0.202248282,0.196344829,0
54.820000,-0.341170657,0.223278483,0.0229799759,-0.182266242,0.203943616,0
54.840000,-0.318155092,0.231319164,0.00470171146,-0.186284052,0.214506484,0
54.860000,-0.321132418,0.246075729,0.0101823819,-0.11750369,0.171886462,0
54.880000,-0.287785925,0.194624163,0.013738351,-0.157112227,0.206542482,0
54.900000,-0.295153481,0.231739336,0.0363462951,-0.180704828,0.173450124,0
54.920000,-0.287896343,0.227100423,0.0173607976,-0.146391584,0.215186876,0
54.940000,-0.308865564,0.24459557,0.0396694813,-0.174623017,0.218793127,0
54.960000,-0.287572506,0.235426288,0.0243517429,-0.11988593,0.205421191,0
54.980000,-0.315755149,0.252303552,0.045140533,-0.142869312,0.168565332,0
55.000000,-0.257711884,0.241114095,0.0730778482,-0.111253789,0.163725013,0
55.020000,-0.261444733,0.233918796,0.0172020606,-0.152177403,0.178472671,0
55.040000,-0.269003879,0.207267764,0.0279260811,-0.122998734,0.177209175,0
55.060000,-0.249354613,0.241354778,-0.00441277977,-0.110692246,0.178222878,0
55.080000,-0.256761197,0.266302411,0.0461691572,-0.164889539,0.175925822,0
55.100000,-0.267247099,0.252970484,0.0414119264,-0.0956781024,0.168068651,0
55.120000,-0.243965158,0.243913466,0.0535883118,-0.14573276,0.176342662,0
55.140000,-0.252873568,0.21392733,0.0204373385,-0.129873268,0.126129988,0
55.160000,-0.214409922,0.229444001,0.0530522733,-0.13217953,0.187288245,0
55.180000,-0.252831759,0.24713194,0.0418856393,-0.13572887,0.15183668,0
55.200000,-0.22550655,0.244154023,0.0457236528,-0.10258392,0.10935034,0
55.220000,-0.216055297,0.264260693,0.0446001704,-0.128565331,0.117868682,0
55.240000,-0.234785108,0.257584976,0.0385309974,-0.115383228,0.20288208,0
55.260000,-0.21660566,0.266243564,0.0328053519,-0.0737547141,0.145640711,0
55.280000,-0.169347702,0.237589982,0.0624068646,-0.101741349,0.124428111,0
55.300000,-0.209659964,0.263460139,0.0369090044,-0.0961741232,0.159075347,0
55.320000,-0.149326236,0.248941606,0.0604152075,-0.0967345129,0.148263462,0
55.340000,-0.182723899,0.250187943,0.0763377397,-0.0864948012,0.127457416,0
55.360000,-0.157572196,0.253221368,0.0766904036,-0.0831671923,0.144331771,0
55.380000,-0.168048871,0.236570627,0.0604646847,-0.0915692459,0.126278443,0
55.400000,-0.138012785,0.263805439,0.0392937855,-0.100052412,0.149596663,0
55.420000,-0.173868947,0.246763546,0.0340621563,-0.0728336477,0.147811775,0
55.440000,-0.140396035,0.284256835,0.0982955523,-0.0779132702,0.168117283,0
55.460000,-0.131493364,0.243397305,0.0630960281,-0.0761147716,0.157331902,0
55.480000,-0.117113958,0.251637797,0.0331168077,-0.0725743465,0.127044469,0
55.500000,-0.114375,0.263467993,0.0574222122,-0.0402727569,0.179862641,0
55.520000,-0.107669053,0.294592795,0.0466859624,-0.0648463461,0.18614227,0
55.540000,-0.0866450505,0.24745534,0.0578260398,-0.0520102609,0.164535189,0
55.560000,-0.0759088794,0.27666833,0.0918297029,-0.0981192459,0.121573125,0
55.580000,-0.071883177,0.264687233,0.0553337248,-0.0847230741,0.168483422,0
55.600000,-0.0252843591,0.253007999,0.0400231135,-0.060120548,0.170215913,0
55.620000,-0.104307284,0.30940233,0.0849680799,-0.0783340704,0.149934519,0
55.640000,-0.0734152755,0.262859638,0.102525889,-0.0291180343,0.141716416,0
55.660000,-0.0486252768,0.277579518,0.0910026785,-0.0347366234,0.176362955,0
55.680000,0.0188864451,0.268718046,0.0434681183,-0.0468613565,0.164296801,0
55.700000,-0.0253452675,0.29630332,0.0484286556,-0.0226263342,0.155338034,0
55.720000,-0.0113310714,0.25375959,0.0817694642,-0.024883791,0.185589078,0
55.740000,-0.0264437179,0.327159788,0.0933684744,-0.0444200347,0.145077253,0
55.760000,-0.0192411266,0.345271266,0.066197545,0.0104704872,0.177441756,0
55.780000,0.0101196648,0.309145698,0.0738575102,-0.0205240867,0.150009024,0
55.800000,0.00605728431,0.315095593,0.0363500634,-0.0187169407,0.127773753,0
55.820000,0.0110880375,0.246522514,0.0902364128,0.00535030365,0.17643333,0
55.840000,0.034834746,0.255782362,0.0923437769,-0.0133612037,0.185781123,0
55.860000,0.0349093029,0.247598426,0.0687058028,-0.0163981527,0.177401814,0
55.880000,0.0561823047,0.296599237,0.116166186,0.0188476735,0.146110658,0
55.900000,0.0683079958,0.269645296,0.0865583138,-0.0310431178,0.181291095,0
55.920000,0.0686502725,0.308228468,0.118448123,0.0228430548,0.127392999,0
55.940000,0.0751512866,0.299254439,0.101231179,-0.0397073344,0.17520556,0
55.960000,0.0923468416,0.270351727,0.0918787903,-0.0274091732,0.187300351,0
55.980000,0.0910707192,0.274686108,0.0630510247,0.0120194838,0.203110038,0
56.000000,0.0989682188,0.286150779,0.0726513343,-0.0182816606,0.178135666,0
56.020000,0.128041582,0.264855348,0.102408885,-0.0159691062,0.1641901,0
56.040000,0.124477756,0.273119965,0.0741365587,-0.0465236818,0.171159598,0
56.060000,0.129249587,0.288312157,0.0789716243,-0.0194504626,0.185710572,0
56.080000,0.153236399,0.304381381,0.0973231435,-0.0304165462,0.194098916,0
56.100000,0.146774378,0.256109439,0.0673598921,-0.0214251254,0.194365097,0
56.120000,0.13146544,0.264595366,0.0760288693,0.0170346242,0.173594296,0
56.140000,0.17627908,0.281607535,0.130020913,-0.00133604009,0.202261417,0
56.160000,0.176182528,0.253859223,0.113371277,0.00495255754,0.236215149,0
56.180000,0.177848705,0.249045424,0.103725136,0.0318105374,0.212810119,0
56.200000,0.18230283,0.291753464,0.0870703486,0.0145407984,0.197083959,0
56.220000,0.165667104,0.285886716,0.12573896,-0.00659379674,0.243558908,0
56.240000,0.21069765,0.2800077,0.101705619,0.00706745304,0.219696942,0
56.260000,0.227881613,0.28859299,0.0860741593,0.0272850577,0.204391281,0
56.280000,0.200674034,0.279327105,0.116441045,-0.0276869119,0.214734909,0
56.300000,0.178543594,0.246915062,0.127238912,0.00398677922,0.228118688,0
56.320000,0.222966683,0.277453836,0.129445495,0.0124756707,0.219623975,0
56.340000,0.192110244,0.261553315,0.11561667,0.0210464723,0.231259348,0
56.360000,0.22211304,0.26999669,0.103227022,-0.00894025387,0.218298323,0
56.380000,0.252826432,0.260408582,0.0772859629,0.00550911406,0.212715105,0
56.400000,0.259632194,0.274967923,0.112293666,0.00141518868,0.200121823,0
56.420000,0.248295352,0.243045778,0.111124963,0.00698814818,0.232785694,0
56.440000,0.205265127,0.250464331,0.130378058,-0.0207840018,0.215320404,0
56.460000,0.236661184,0.303923687,0.146593097,0.00553731671,0.223309797,0
56.480000,0.235661644,0.289715311,0.11301959,0.00410122845,0.229479567,0
56.500000,0.296020056,0.227372502,0.13479194,0.0271381681,0.244950936,0
56.520000,0.26760356,0.271773535,0.121921927,0.0311111223,0.217243915,0
56.540000,0.264226361,0.266171122,0.160566934,0.0255419039,0.229103053,0
56.560000,0.276945347,0.249962369,0.127136974,-0.013461789,0.230690919,0
56.580000,0.27523355,0.224452401,0.105220765,0.0203523644,0.246644466,0
56.600000,0.275409811,0.265639539,0.112692462,0.0108525623,0.201165743,0
56.620000,0.2616764,0.264776512,0.0948441244,0.0268090309,0.200939641,0
56.640000,0.294170085,0.245765573,0.116333061,-0.0204709691,0.291255269,0
56.660000,0.26832777,0.244765967,0.147120933,0.00965043026,0.259537397,0
56.680000,0.248402824,0.219082278,0.107047244,0.0107831635,0.266861216,0
56.700000,0.281286471,0.221004769,0.122940938,0.0441566458,0.273294085,0
56.720000,0.283401968,0.239764204,0.121735138,0.0148254197,0.271163722,0
56.740000,0.314453955,0.212134048,0.103691948,-0.00476375611,0.262890403,0
56.760000,0.276729489,0.221345943,0.122718184,-0.00178566132,0.251542966,0
56.780000,0.269174999,0.201012544,0.118246392,-0.020275727,0.2867973,0
56.800000,0.253432228,0.233396556,0.124475543,0.000246088491,0.255493288,0
56.820000,0.297185987,0.230734189,0.145499444,0.00550030482,0.239289488,0
56.840000,0.289907171,0.238728232,0.121754765,-0.00377065611,0.277711258,0
56.860000,0.283021111,0.200780581,0.122981359,0.0266300008,0.312960902,0
56.880000,0.26992291,0.204630163,0.0897871559,-0.0318472561,0.284426881,0
56.900000,0.30225479,0.221647247,0.121349081,0.00983715141,0.250463987,0
56.920000,0.279520241,0.190720079,0.122744912,-0.00561049544,0.258853843,0
56.940000,0.279335178,0.226450819,0.107700294,-0.0018327735,0.25625566,0
56.960000,0.258921122,0.210049074,0.0921689862,-0.0255552812,0.280582035,0
56.980000,0.300411995,0.215855446,0.128497566,-0.048574625,0.311019887,0
57.000000,0.300468114,0.185835115,0.102692024,-0.0208440982,0.287486695,0
57.020000,0.280299541,0.201030264,0.130074473,0.0225009482,0.242412438,0
57.040000,0.290425091,0.210739239,0.102108823,-0.039376252,0.320342494,0
57.060000,0.258732138,0.22462775,0.126341401,0.00629394529,0.275175654,0
57.080000,0.284385746,0.176495068,0.101299209,-0.00482830551,0.275732245,0
57.100000,0.271316451,0.158460288,0.15894592,-0.0298254793,0.268761465,0
57.120000,0.24026514,0.0944015477,0.133686607,-0.0180353329,0.317869096,0
57.140000,0.300319435,0.19586319,0.119472824,-0.0260350604,0.274742341,0
57.160000,0.271843329,0.166884896,0.123249881,-0.0311195251,0.310955887,0
57.180000,0.30067563,0.172736342,0.113827921,-0.0262370699,0.264609194,0
57.200000,0.267901652,0.174511673,0.139966841,-0.0134774829,0.28727618,0
57.220000,0.268181529,0.165648541,0.106759836,-0.0454928689,0.281330657,0
57.240000,0.290849119,0.13483263,0.122640542,-0.00965719959,0.269203274,0
57.260000,0.224491973,0.148293487,0.120236035,-0.045575693,0.294086963,0
57.280000,0.267836122,0.151583995,0.125300906,-0.00703239774,0.295764814,0
57.300000,0.25801059,0.153090829,0.0818508367,-0.0658569594,0.270066508,0
57.320000,0.238231612,0.151496576,0.147639991,-0.0545101806,0.280721724,0
57.340000,0.225791951,0.175623585,0.0978580493,-0.0492687442,0.293802757,0
57.360000,0.247911182,0.138672656,0.0974337736,-0.0243576567,0.26914338,0
57.380000,0.226811892,0.171715656,0.0907100879,-0.0271044858,0.302730388,0
57.400000,0.199346651,0.124010977,0.0991404464,-0.029060736,0.278859242,0
57.420000,0.215789238,0.131783723,0.0952920116,-0.049714354,0.317437937,0
57.440000,0.196666804,0.108315136,0.136942723,-0.0648427287,0.304139416,0
57.460000,0.215910564,0.115496159,0.109713588,-0.039610706,0.285243839,0
57.480000,0.209867897,0.158108344,0.0901816122,-0.0416198862,0.289230524,0
57.500000,0.210353335,0.146512874,0.112259253,-0.0447076429,0.236874399,0
57.520000,0.184943874,0.158679652,0.0762036771,-0.0999442217,0.280172917,0
57.540000,0.162727876,0.130989988,0.0968543313,-0.0531662611,0.299608982,0
57.560000,0.145216086,0.120142697,0.135265183,-0.0729445024,0.273685454,0
57.580000,0.164510228,0.104874524,0.0904965106,-0.0854824689,0.246091203,0
57.600000,0.162799348,0.123203727,0.0947994095,-0.0609053121,0.298341363,0
57.620000,0.199888033,0.110103335,0.082825265,-0.0577157319,0.30055381,0
57.640000,0.178537134,0.0740685634,0.0774038061,-0.044201338,0.292376171,0
57.660000,0.153915328,0.105287281,0.100823532,-0.0667404782,0.268076635,0
57.680000,0.199772395,0.113956211,0.0891761558,-0.0657583931,0.280456235,0
57.700000,0.165505263,0.0729148491,0.118753727,-0.0798771393,0.290275465,0
57.720000,0.15481356,0.123729672,0.103314904,-0.0872174675,0.249758544,0
57.740000,0.174846953,0.104913229,0.0836712182,-0.095799065,0.281996176,0
57.760000,0.166148048,0.116143407,0.0400866884,-0.0953920816,0.283945595,0
57.780000,0.173788491,0.0866011148,0.101112183,-0.0906308205,0.261505935,0
57.800000,0.132633816,0.138012196,0.0822512352,-0.0729935859,0.241031601,0
57.820000,0.10122493,0.109216031,0.108572682,-0.0761391764,0.260783984,0
57.840000,0.10945137,0.0932672487,0.0630709281,-0.101099999,0.243455445,0
57.860000,0.117335231,0.0770018109,0.0875050987,-0.075369536,0.233090462,0
57.880000,0.13765404,0.0534220263,0.0625076403,-0.113593584,0.24489863,0
57.900000,0.0828102848,0.122666008,0.0597982104,-0.0845002825,0.242681243,0
57.920000,0.103167115,0.0787046611,0.0694450883,-0.0793543446,0.241333806,0
57.940000,0.133791464,0.0967087849,0.0782653634,-0.0695620835,0.25051486,0
57.960000,0.073536956,0.106763266,0.0700839609,-0.104022167,0.220244662,0
57.980000,0.111965549,0.0657163447,0.0747792342,-0.0932690443,0.232622499,0
58.000000,0.0703595129,0.0643426376,0.0748208277,-0.0814809047,0.224558832,0
58.020000,0.088995835,0.088782118,0.0709468136,-0.0837347942,0.21638243,0
58.040000,0.068121756,0.0994713046,0.0825508834,-0.0963236868,0.223052757,0
58.060000,0.0400072878,0.086583255,0.078127532,-0.121304484,0.234520774,0
58.080000,0.0934446865,0.0829231028,0.0648981224,-0.0538453808,0.251468644,0
58.100000,0.0612754988,0.0740051635,0.038272524,-0.0714159812,0.182277939,0
58.120000,0.0836335051,0.0682038991,0.070851723,-0.07381109,0.2150228,0
58.140000,0.0845837816,0.0498654136,0.0459968438,-0.0897913894,0.198371532,0
58.160000,0.057304488,0.0844366179,0.0891666081,-0.098262147,0.181784811,0
58.180000,0.0253205173,0.0545362414,0.0841045138,-0.123327537,0.198452572,0
58.200000,0.0596190412,0.049447437,0.0653704339,-0.0910535561,0.161349367,0
58.220000,0.0743254946,0.0728380648,0.0335218375,-0.0896333379,0.188479172,0
58.240000,0.0238683442,0.077254578,0.0752073547,-0.0900836881,0.201460714,0
58.260000,0.0231509445,0.0602237062,0.0291547323,-0.0784164468,0.211759795,0
58.280000,0.0410646113,0.0875923991,0.0338328342,-0.111927607,0.164121198,0
58.300000,0.0454836472,0.0312871572,0.0483284083,-0.0877922062,0.164643667,0
58.320000,0.0254126063,0.0465427842,0.050202682,-0.0785565875,0.146621324,0
58.340000,0.0350548877,0.0673805937,0.0160145578,-0.0644594777,0.153811689,0
58.360000,0.0638622954,0.0630414393,0.0706171096,-0.10480389,0.194880231,0
58.380000,0.0359022131,0.0688941171,0.0217261187,-0.0789887753,0.179385844,0
58.400000,-0.00664798428,0.0451759265,0.0317795584,-0.115189972,0.193284487,0
58.420000,0.0198596594,0.0214434295,0.0634582234,-0.0673427894,0.142192474,0
58.440000,0.0206273902,0.0717830401,0.0726409335,-0.103918802,0.144741762,0
58.460000,-0.0121877795,0.0372568133,0.0477694126,-0.0563814976,0.144147342,0
58.480000,-0.0307782125,0.0480136078,0.0100057431,-0.098467655,0.113904736,0
58.500000,-0.0110696757,0.0620420779,0.0393425032,-0.0730815644,0.152055951,0
58.520000,0.0235963158,0.0276016764,-0.00334977438,-0.0908558915,0.163807201,0
58.540000,-0.00948194824,0.0339803963,0.0194159392,-0.0634047745,0.109008461,0
58.560000,0.00186259093,0.0405483472,0.0469816035,-0.0692676628,0.107369465,0
58.580000,0.000535081248,0.0560764577,0.018389282,-0.121973783,0.142561459,0
58.600000,0.00249359331,0.0303000781,0.0169111761,-0.081020714,0.081981422,0
58.620000,-0.00971853415,0.0337456273,0.0125596048,-0.0924819322,0.133043446,0
58.640000,0.0174595329,0.0693565908,0.0637330441,-0.0892550231,0.0816327326,0
58.660000,0.0123927108,0.0239803987,0.0262837571,-0.0529875341,0.117365436,0
58.680000,-0.0134366503,0.0648644145,0.0155163838,-0.0455479249,0.119111908,0
58.700000,-0.00910463252,0.0413806919,0.0325630718,-0.0712897823,0.104794715,0
58.720000,-0.0257247932,0.0466663087,0.016417434,-0.0691195353,0.111503996,0
58.740000,-0.0138716262,0.0468483277,0.061918869,-0.0630717905,0.0792386382,0
58.760000,-0.0139064557,0.0473132695,0.00959169233,-0.0335419081,0.0938863826,0
58.780000,-0.038766306,0.0365815799,0.0135663412,-0.0807157937,0.0768601087,0
58.800000,-0.0188901416,0.00677624007,0.0363464532,-0.0696425868,0.0607181858,0
58.820000,-0.0268028091,-0.00497980007,0.0264249408,-0.0536085863,0.0913552669,0
58.840000,-0.00120488349,0.0365674024,-0.00142390878,-0.0817089212,0.0651583288,0
58.860000,-0.0222750584,0.00969954561,-0.00217687995,-0.102464588,0.064434075,0
58.880000,0.00433739141,0.0328015888,-0.012572455,-0.046046765,0.0706673014,0
58.900000,0.00777518862,0.0101017461,0.0585470282,-0.0204662568,0.0784130763,0
58.920000,-0.00947432377,0.017388055,0.0409241823,-0.0112945862,0.0713829818,0
58.940000,0.0120301005,0.0304111899,0.00951414038,-0.0497751806,0.0587343148,0
58.960000,-0.0214241782,-0.00533538563,-0.0119427924,-0.0473016939,0.0718662722,0
58.980000,-0.0357890325,-0.00940744995,0.0396973237,-0.0424292577,0.0389322257,0
59.000000,-0.0298500535,0.0560629558,-0.0148571816,-0.0488390105,0.0385829142,0
59.020000,-0.00835144093,0.0465422156,0.0114806175,-0.0310467367,0.0346607262,0
59.040000,-0.0302117877,0.0375321423,0.0526692444,-0.00445689538,0.0747699074,0
59.060000,-0.0491868126,-0.0067341673,0.0306139108,-0.0560972996,0.0594119945,0
59.080000,0.000306199514,0.0205318311,0.0231867784,-0.0428337157,0.0268770807,0
59.100000,-0.00719345367,0.0411352991,0.0107412206,-0.0770511878,0.0548681262,0
59.120000,-0.0281131695,-0.0195450727,-0.00544598961,-0.0312396031,-0.00670355649,0
59.140000,-0.0214255471,0.0543413578,-0.0220959913,-0.0354524227,0.0410621173,0
59.160000,-0.0202320692,0.0330286715,0.0170433172,-0.0396544193,0.0336190408,0
59.180000,-0.0445573182,0.0103583658,2.50923377e-05,-0.032226902,0.0602155006,0
59.200000,-0.0355683476,0.0104644171,-0.00408324722,0.00507065732,0.0554101531,0
59.220000,0.00774507583,0.0421232095,0.0633062751,-0.0136749577,0.0374777395,0
59.240000,-0.00927454239,0.00899254102,-0.00592406672,-0.0269117943,0.0285264834,0
59.260000,-0.0378977215,0.0090467831,-0.00417682025,-0.0464124152,0.0358948349,0
59.280000,-0.000216101222,0.0117905232,-0.0484817252,0.0195527124,0.0109974133,0
59.300000,-0.010730584,-0.0258054742,0.00722187765,-0.0300412554,-0.011256516,0
59.320000,-0.0139702325,0.0309354794,0.0190195052,0.0022310137,0.0137839307,0
59.340000,-0.0229973693,0.0169710279,0.0306513469,0.00704343871,0.0247270882,0
59.360000,-0.0383486463,0.0174741206,-0.00703358035,-0.0280173833,-0.0113397818,0
59.380000,0.00376614181,0.0146676697,0.0239995125,-0.0175793685,0.0308013643,0
59.400000,-0.0197393229,0.0318846156,-0.012910334,-0.0159533266,0.0289292961,0
59.420000,-0.0123188542,0.0111863116,-0.00626867937,-0.0283566701,0.00356681967,0
59.440000,-0.0448597614,0.00192964988,0.0109516584,-0.0174941097,0.015799492,0
59.460000,-0.0436607345,0.00198651706,-0.0142374391,-0.00973201868,0.0119238241,0
59.480000,0.0129438111,-0.00971623451,0.0269910359,0.0114467501,0.0084155525,0
59.500000,-0.00312055389,-0.0141457913,0.00623513744,-0.00607317774,0.000229945988,0
59.520000,-0.0179191428,0.0115626156,0.0267291127,0.00163643253,-0.0179652745,0
59.540000,0.00513537538,-0.0371812231,-0.0271517273,-0.0042600987,-0.00227867335,0
59.560000,0.00601655054,0.0330660977,-0.016015092,-0.00180210567,0.00531180738,0
59.580000,-0.00926650302,-0.0198705541,-0.00832580395,-0.0154686657,0.0204830826,0
59.600000,0.00231995514,0.0254055765,0.00360475029,-0.0197178136,0.0148715597,0
59.620000,0.00429607534,0.0091296855,-0.0230561558,-0.0309534059,-0.00912277335,0
59.640000,0.0134962363,0.00163814162,0.0250127354,0.0175860408,0.00692221183,0
59.660000,0.0178273562,0.0149751619,0.00880706549,-0.0125640752,0.00479719721,0
59.680000,0.0150997908,-0.0107864647,0.0241405993,0.0152511601,-0.00437780167,0
59.700000,-0.0134396596,0.0368877825,-0.01154018,-0.0163937154,0.00387713916,0
59.720000,-0.014514749,0.0125491152,0.00750868,0.01666844,0.0546848831,0
59.740000,-0.0150194619,0.019983629,-0.0134716994,-0.0386081051,-0.0372635667,0
59.760000,0.0324089234,-0.00173587884,0.0224931214,0.0403661871,-0.00453796484,0
59.780000,0.0395106443,0.00839845773,-0.0168225702,0.024902819,-0.0316849131,0
59.800000,0.016584803,-0.00137846273,0.014596436,-0.00085700225,0.0209344066,0
59.820000,0.0258911691,-0.0168548381,0.0240649109,-0.0140441622,0.0010577779,0
59.840000,-0.00113323378,0.001658702,0.00618116155,0.0245044278,-0.0147716292,0
59.860000,0.0139464855,0.0219197177,0.00617088404,0.00303247013,-0.000245952416,0
59.880000,-0.0122692674,0.00477383848,-0.00442650037,-0.00376462044,0.000969990491,0
59.900000,-0.00796867652,-0.00299839581,-0.002272579,-0.00947408622,-0.00943647868,0
59.920000,-0.0172613004,-0.0315967471,0.0101082778,-0.010385545,0.028725907,0
59.940000,0.0343771592,-0.00422991867,0.00376066674,0.00782529366,0.00697857107,0
59.960000,-0.00823281045,0.00112676812,-0.0033254329,-0.00134567976,0.0203431519,0
59.980000,0.010897133,0.0135116799,0.0238132399,-0.0561614687,0.0210594724,0
60.000000,0.00665071473,-0.0169583447,-0.00373318576,0.00424207059,-0.00914691727,0
