t,shoulder_pan,shoulder_lift,elbow_flex,wrist_flex,wrist_roll,gripper
0.000000,0.0678984622,-23.9932281,-19.8646091,-5.93727867,0.0327463516,0
0.020000,0.0677289373,-23.993105,-19.8645698,-5.93737191,0.0328035911,0
0.040000,0.0670581635,-23.9925888,-19.864418,-5.93780242,0.0330603827,0
0.060000,0.0655382048,-23.991372,-19.864085,-5.93888144,0.0336881537,0
0.080000,0.0627999037,-23.9891367,-19.8635057,-5.94092585,0.0348524803,0
0.100000,0.0584767441,-23.9855719,-19.8626233,-5.94424419,0.0367047126,0
0.120000,0.0522034967,-23.9803731,-19.8613893,-5.94913592,0.039382022,0
0.140000,0.0436176797,-23.9732423,-19.8597625,-5.95589058,0.043007392,0
0.160000,0.0323615635,-23.9638894,-19.8577094,-5.96478647,0.047689532,0
0.180000,0.0180850958,-23.9520321,-19.8552036,-5.97608862,0.0535226746,0
0.200000,0.000450251806,-23.9373978,-19.852226,-5.9900455,0.0605862222,0
0.220000,-0.0208625645,-23.9197248,-19.8487642,-6.00688427,0.0689442151,0
0.240000,-0.0461453464,-23.8987649,-19.8448125,-6.02680401,0.0786446058,0
0.260000,-0.0756497904,-23.8742858,-19.8403717,-6.04996651,0.0897183492,0
0.280000,-0.109570432,-23.8460759,-19.8354487,-6.0764844,0.102178336,0
0.300000,-0.148023259,-23.8139486,-19.8300566,-6.10640663,0.116018236,0
0.320000,-0.191020035,-23.7777493,-19.8242142,-6.13970169,0.131211336,0
0.340000,-0.238439537,-23.737363,-19.8179459,-6.17623967,0.1477095,0
0.360000,-0.289998231,-23.6927232,-19.8112812,-6.21577507,0.165442404,0
0.380000,-0.345224569,-23.6438229,-19.804255,-6.25793294,0.184317196,0
0.400000,-0.403442645,-23.5907253,-19.7969068,-6.30220204,0.204218771,0
0.420000,-0.463771958,-23.533576,-19.7892805,-6.34793851,0.225010788,0
0.440000,-0.52514966,-23.4726136,-19.7814244,-6.39438334,0.24653756,0
0.460000,-0.58637926,-23.4081795,-19.7733909,-6.44069528,0.268626869,0
0.480000,-0.646205121,-23.3407239,-19.7652358,-6.48599812,0.291093677,0
0.500000,-0.703405905,-23.2708079,-19.7570184,-6.52943832,0.313744626,0
0.520000,-0.756894111,-23.1990991,-19.748801,-6.57024557,0.336383131,0
0.540000,-0.805805279,-23.1263595,-19.7406488,-6.60778778,0.358814793,0
0.560000,-0.849561148,-23.0534265,-19.7326292,-6.64161182,0.380852787,0
0.580000,-0.887896271,-22.9811851,-19.724812,-6.67146422,0.402322918,0
0.600000,-0.920845784,-22.9105344,-19.7172687,-6.69728976,0.423067984,0
0.620000,-0.9487003,-22.8423489,-19.7100723,-6.71921033,0.442951218,0
0.640000,-0.971939731,-22.7774402,-19.7032974,-6.73748948,0.461858598,0
0.660000,-0.991159681,-22.7165202,-19.6970193,-6.75248984,0.479699976,0
0.680000,-1.00700239,-22.660171,-19.6913143,-6.76463008,0.496409028,0
0.700000,-1.02010031,-22.6088244,-19.6862592,-6.77434669,0.511942148,0
0.720000,-1.03103592,-22.5627514,-19.6819312,-6.78206382,0.52627645,0
0.740000,-1.04031788,-22.5220637,-19.6784078,-6.78817211,0.539407109,0
0.760000,-1.04837092,-22.4867256,-19.6757665,-6.79301613,0.551344252,0
0.780000,-1.05553612,-22.4565733,-19.6740845,-6.79688907,0.562109608,0
0.800000,-1.06207786,-22.4313399,-19.6734393,-6.80003267,0.57173311,0
0.820000,-1.0681944,-22.4106831,-19.6739074,-6.80264088,0.580249563,0
0.840000,-1.07402967,-22.3942125,-19.6755655,-6.80486546,0.58769548,0
0.860000,-1.07968475,-22.3815142,-19.6784892,-6.80682247,0.594106106,0
0.880000,-1.08522809,-22.372172,-19.6827536,-6.80859879,0.59951264,0
0.900000,-1.09070404,-22.3657842,-19.688433,-6.8102581,0.603939595,0
0.920000,-1.09613965,-22.3619759,-19.6956004,-6.81184614,0.607402204,0
0.940000,-1.10154988,-22.3604063,-19.7043274,-6.81339504,0.609903777,0
0.960000,-1.10694142,-22.3607738,-19.7146842,-6.81492689,0.611432823,0
0.980000,-1.11231546,-22.3628163,-19.7267386,-6.81645643,0.611959779,0
1.000000,-1.11766954,-22.3663108,-19.7405558,-6.81799313,0.611433102,0
1.020000,-1.12299887,-22.371071,-19.756198,-6.81954279,0.609774438,0
1.040000,-1.12829718,-22.3769435,-19.7737231,-6.82110861,0.606872537,0
1.060000,-1.13355725,-22.3838041,-19.7931842,-6.822692,0.6025755,0
1.080000,-1.13877126,-22.3915536,-19.8146286,-6.82429318,0.596680866,0
1.100000,-1.14393101,-22.4001141,-19.8380963,-6.82591152,0.588922989,0
1.120000,-1.14902808,-22.4094251,-19.8636189,-6.82754585,0.578957177,0
1.140000,-1.15405384,-22.4194407,-19.8912181,-6.82919461,0.566340148,0
1.160000,-1.1589996,-22.4301259,-19.9209037,-6.83085594,0.550506832,0
1.180000,-1.16385655,-22.441455,-19.9526724,-6.83252783,0.530744524,0
1.200000,-1.16861585,-22.4534093,-19.9865056,-6.83420811,0.50616742,0
1.220000,-1.17326861,-22.4659751,-20.0223678,-6.83589451,0.475698314,0
1.240000,-1.17780592,-22.4791428,-20.0602047,-6.83758467,0.438070482,0
1.260000,-1.18221885,-22.4929054,-20.0999417,-6.83927619,0.391872022,0
1.280000,-1.18649848,-22.5072578,-20.1414825,-6.84096658,0.335665862,0
1.300000,-1.1906359,-22.5221964,-20.1847079,-6.84265331,0.268225651,0
1.320000,-1.1946222,-22.5377179,-20.2294756,-6.84433381,0.188917092,0
1.340000,-1.19844853,-22.5538197,-20.2756198,-6.84600548,0.0982042543,0
1.360000,-1.20210606,-22.5704987,-20.3229521,-6.84766568,-0.00184406465,0
1.380000,-1.20558605,-22.5877519,-20.3712628,-6.84931173,-0.107302506,0
1.400000,-1.20887978,-22.6055757,-20.4203229,-6.85094093,-0.212690937,0
1.420000,-1.21197866,-22.6239657,-20.4698876,-6.85255057,-0.311947409,0
1.440000,-1.21487416,-22.6429171,-20.5196992,-6.8541379,-0.399794462,0
1.460000,-1.21755787,-22.6624241,-20.5694922,-6.85570017,-0.472900549,0
1.480000,-1.2200215,-22.6824801,-20.6189979,-6.8572346,-0.530321769,0
1.500000,-1.22225689,-22.7030778,-20.6679497,-6.85873842,-0.573153546,0
1.520000,-1.22425604,-22.7242086,-20.7160886,-6.86020885,-0.603732511,0
1.540000,-1.22601111,-22.7458632,-20.7631684,-6.86164309,-0.624817689,0
1.560000,-1.22751444,-22.7680313,-20.8089607,-6.86303836,-0.639010336,0
1.580000,-1.22875855,-22.7907017,-20.8532592,-6.86439188,-0.648462041,0
1.600000,-1.22973618,-22.8138621,-20.8958834,-6.86570087,-0.654801154,0
1.620000,-1.23044031,-22.8374992,-20.9366813,-6.86696257,-0.659181709,0
1.640000,-1.23086413,-22.8615989,-20.9755311,-6.86817423,-0.662380377,0
1.660000,-1.2310011,-22.8861461,-21.0123419,-6.86933312,-0.664897855,0
1.680000,-1.23084496,-22.9111244,-21.0470533,-6.87043652,-0.667045017,0
1.700000,-1.23038973,-22.936517,-21.0796344,-6.87148175,-0.669008361,0
1.720000,-1.22962973,-22.9623057,-21.1100817,-6.87246614,-0.670896186,0
1.740000,-1.2285596,-22.9884716,-21.1384163,-6.87338708,-0.672769383,0
1.760000,-1.22717433,-23.0149948,-21.1646816,-6.87424196,-0.674661054,0
1.780000,-1.22546924,-23.0418546,-21.1889393,-6.87502823,-0.676588515,0
1.800000,-1.22344002,-23.0690292,-21.2112663,-6.87574338,-0.678560371,0
1.820000,-1.22108276,-23.0964962,-21.2317514,-6.87638492,-0.680580546,0
1.840000,-1.21839393,-23.1242321,-21.2504922,-6.87695044,-0.6826505,0
1.860000,-1.2153704,-23.1522128,-21.2675919,-6.87743756,-0.684770417,0
1.880000,-1.21200948,-23.1804131,-21.2831569,-6.87784395,-0.686939816,0
1.900000,-1.20830891,-23.2088074,-21.2972945,-6.87816737,-0.689157859,0
1.920000,-1.20426689,-23.237369,-21.3101108,-6.8784056,-0.6914235,0
1.940000,-1.19988208,-23.2660706,-21.3217093,-6.87855651,-0.693735561,0
1.960000,-1.1951536,-23.2948842,-21.3321897,-6.87861802,-0.696092759,0
1.980000,-1.19008107,-23.3237809,-21.3416469,-6.87858813,-0.698493728,0
2.000000,-1.1846646,-23.3527315,-21.3501702,-6.87846491,-0.70093702,0
2.020000,-1.1789048,-23.3817058,-21.357843,-6.8782465,-0.703421117,0
2.040000,-1.17280282,-23.4106731,-21.3647428,-6.87793114,-0.705944426,0
2.060000,-1.1663603,-23.4396021,-21.3709407,-6.87751712,-0.708505283,0
2.080000,-1.15957941,-23.468461,-21.3765018,-6.87700284,-0.711101958,0
2.100000,-1.15246289,-23.4972173,-21.3814854,-6.87638679,-0.713732653,0
2.120000,-1.14501397,-23.525838,-21.3859448,-6.87566752,-0.716395504,0
2.140000,-1.13723646,-23.5542898,-21.3899281,-6.87484371,-0.719088584,0
2.160000,-1.12913469,-23.5825387,-21.3934784,-6.87391411,-0.721809905,0
2.180000,-1.12071356,-23.6105502,-21.3966337,-6.87287759,-0.724557419,0
2.200000,-1.1119785,-23.6382896,-21.3994277,-6.8717331,-0.727329023,0
2.220000,-1.1029355,-23.6657216,-21.4018902,-6.87047971,-0.730122554,0
2.240000,-1.09359108,-23.6928107,-21.4040467,-6.86911659,-0.7329358,0
2.260000,-1.0839523,-23.7195209,-21.4059196,-6.86764302,-0.735766497,0
2.280000,-1.07402678,-23.7458161,-21.4075276,-6.8660584,-0.738612332,0
2.300000,-1.06382265,-23.7716599,-21.4088864,-6.86436221,-0.741470947,0
2.320000,-1.05334856,-23.7970155,-21.4100087,-6.86255408,-0.744339941,0
2.340000,-1.04261371,-23.8218466,-21.4109044,-6.86063375,-0.74721687,0
2.360000,-1.03162777,-23.8461168,-21.4115805,-6.85860107,-0.750099254,0
2.380000,-1.02040092,-23.8697906,-21.4120412,-6.856456,-0.752984578,0
2.400000,-1.00894383,-23.892834,-21.4122878,-6.85419865,-0.755870293,0
2.420000,-0.997267631,-23.9152164,-21.4123188,-6.85182922,-0.75875382,0
2.440000,-0.985383921,-23.9369138,-21.4121292,-6.84934806,-0.761632556,0
2.460000,-0.973304735,-23.9579155,-21.4117105,-6.84675562,-0.76450387,0
2.480000,-0.961042531,-23.9782377,-21.4110503,-6.8440525,-0.767365114,0
2.500000,-0.94861018,-23.9979533,-21.4101315,-6.8412394,-0.770213618,0
2.520000,-0.936020935,-24.0172529,-21.4089313,-6.83831716,-0.773046702,0
2.540000,-0.923288422,-24.0365816,-21.4074206,-6.83528675,-0.775861669,0
2.560000,-0.910426612,-24.0569385,-21.4055619,-6.83214925,-0.778655818,0
2.580000,-0.897449802,-24.0805501,-21.4033082,-6.82890587,-0.78142644,0
2.600000,-0.884372588,-24.1123846,-21.4005997,-6.82555795,-0.784170824,0
2.620000,-0.871209847,-24.1634958,-21.3973614,-6.82210695,-0.786886259,0
2.640000,-0.857976705,-24.2579167,-21.3934982,-6.81855444,-0.789570041,0
2.660000,-0.844688516,-24.4440554,-21.3888901,-6.81490213,-0.792219469,0
2.680000,-0.831360833,-24.8006841,-21.3833843,-6.81115179,-0.794831857,0
2.700000,-0.818009377,-25.3924989,-21.3767862,-6.80730532,-0.797404528,0
2.720000,-0.804650011,-26.1395457,-21.3688469,-6.80336461,-0.799934826,0
2.740000,-0.791298694,-26.7980985,-21.3592462,-6.79933147,-0.802420112,0
2.760000,-0.77797141,-27.2119482,-21.3475714,-6.79520729,-0.804857772,0
2.780000,-0.764683959,-27.4169601,-21.3332887,-6.79099228,-0.807245217,0
2.800000,-0.751451157,-27.5054483,-21.3157064,-6.78668347,-0.809579889,0
2.820000,-0.738283464,-27.5404527,-21.2939273,-6.78226962,-0.81185926,0
2.840000,-0.725171912,-27.5526807,-21.2667902,-6.77771805,-0.814080841,0
2.860000,-0.712018626,-27.5551176,-21.2327989,-6.77293978,-0.81624218,0
2.880000,-0.698307694,-27.5528825,-21.1900416,-6.76769713,-0.818340866,0
2.900000,-0.681511995,-27.547902,-21.1361129,-6.76135633,-0.820374534,0
2.920000,-0.649340028,-27.5408666,-21.0680567,-6.75222416,-0.822340866,0
2.940000,-0.544625368,-27.5320032,-20.9823754,-6.73579045,-0.824237594,0
2.960000,-0.167967965,-27.5213687,-20.8751727,-6.70029578,-0.826062506,0
2.980000,0.619660079,-27.5089593,-20.7425303,-6.61724046,-0.827813441,0
3.000000,1.20080696,-27.4947501,-20.5812213,-6.43105557,-0.829488302,0
3.020000,1.3834757,-27.4787093,-20.3898059,-6.08900998,-0.831085051,0
3.040000,1.43004224,-27.4608029,-20.1699663,-5.65829141,-0.832601713,0
3.060000,1.44764096,-27.4409968,-19.9276367,-5.31869955,-0.834036382,0
3.080000,1.45961748,-27.419257,-19.673223,-5.13649544,-0.835387218,0
3.100000,1.47035549,-27.3955502,-19.4203145,-5.05701942,-0.836652455,0
3.120000,1.4806348,-27.3698434,-19.1829812,-5.02380473,-0.8378304,0
3.140000,1.49058333,-27.3421047,-18.9726658,-5.00846398,-0.838919434,0
3.160000,1.50021431,-27.3123025,-18.7960409,-4.9996147,-0.839918017,0
3.180000,1.50952161,-27.2804064,-18.6546025,-4.99305875,-0.84082469,0
3.200000,1.51849631,-27.2463866,-18.5457568,-4.98729874,-0.841638073,0
3.220000,1.52712958,-27.2102141,-18.464551,-4.98180958,-0.842356874,0
3.240000,1.53541317,-27.1718611,-18.4052633,-4.97641003,-0.842979881,0
3.260000,1.54333953,-27.1313006,-18.3624738,-4.97103946,-0.843505974,0
3.280000,1.55090182,-27.0885067,-18.3315984,-4.96567939,-0.843934118,0
3.300000,1.55809397,-27.0434548,-18.3090363,-4.96032597,-0.844263371,0
3.320000,1.56491065,-26.9961212,-18.2921017,-4.95498048,-0.84449288,0
3.340000,1.57134733,-26.9464835,-18.278866,-4.94964598,-0.844621887,0
3.360000,1.57740027,-26.8945208,-18.2679837,-4.94432613,-0.844649725,0
3.380000,1.58306655,-26.8402134,-18.2585373,-4.93902481,-0.844575825,0
3.400000,1.58834406,-26.7835429,-18.2499125,-4.93374596,-0.844399713,0
3.420000,1.5932315,-26.7244927,-18.241704,-4.92849355,-0.844121011,0
3.440000,1.59772843,-26.6630475,-18.233648,-4.92327152,-0.843739438,0
3.460000,1.60183523,-26.5991936,-18.2255743,-4.91808382,-0.843254814,0
3.480000,1.6055531,-26.5329192,-18.217374,-4.91293437,-0.842667056,0
3.500000,1.60888408,-26.4642142,-18.2089774,-4.90782707,-0.841976179,0
3.520000,1.61183103,-26.39307,-18.2003403,-4.90276578,-0.841182301,0
3.540000,1.61439761,-26.3194803,-18.191434,-4.89775435,-0.840285636,0
3.560000,1.61658829,-26.2434405,-18.1822399,-4.89279658,-0.839286501,0
3.580000,1.61840831,-26.164948,-18.1727458,-4.88789626,-0.838185313,0
3.600000,1.61986369,-26.0840024,-18.1629432,-4.8830571,-0.836982587,0
3.620000,1.62096118,-26.0006051,-18.1528263,-4.87828281,-0.83567894,0
3.640000,1.62170826,-25.9147601,-18.1423909,-4.87357704,-0.834275089,0
3.660000,1.62211307,-25.8264732,-18.131634,-4.86894338,-0.832771848,0
3.680000,1.62218445,-25.7357528,-18.1205536,-4.8643854,-0.831170133,0
3.700000,1.62193185,-25.6426094,-18.1091483,-4.85990658,-0.829470958,0
3.720000,1.62136529,-25.547056,-18.0974173,-4.85551037,-0.827675434,0
3.740000,1.62049539,-25.4491079,-18.0853605,-4.85120017,-0.82578477,0
3.760000,1.61933325,-25.3487829,-18.0729784,-4.84697929,-0.823800273,0
3.780000,1.61789045,-25.2461013,-18.060272,-4.84285099,-0.821723345,0
3.800000,1.61617902,-25.1410857,-18.0472429,-4.83881848,-0.819555481,0
3.820000,1.61421134,-25.0337615,-18.0338932,-4.83488486,-0.817298275,0
3.840000,1.61200015,-24.9241564,-18.0202257,-4.83105319,-0.814953409,0
3.860000,1.60955847,-24.8123008,-18.0062438,-4.82732644,-0.812522661,0
3.880000,1.60689958,-24.6982275,-17.9919514,-4.8237075,-0.810007897,0
3.900000,1.60403692,-24.5819721,-17.9773532,-4.82019917,-0.807411075,0
3.920000,1.6009841,-24.4635725,-17.9624542,-4.81680418,-0.804734239,0
3.940000,1.59775482,-24.3430693,-17.9472603,-4.81352515,-0.801979521,0
3.960000,1.59436279,-24.2205054,-17.931778,-4.81036462,-0.79914914,0
3.980000,1.59082177,-24.0959264,-17.9160142,-4.80732501,-0.796245396,0
4.000000,1.58714541,-23.9693803,-17.8999766,-4.80440865,-0.793270674,0
4.020000,1.58334731,-23.8409175,-17.8836735,-4.80161776,-0.790227439,0
4.040000,1.57944089,-23.7105907,-17.8671137,-4.79895446,-0.787118235,0
4.060000,1.5754394,-23.578455,-17.8503068,-4.79642074,-0.783945682,0
4.080000,1.57135585,-23.4445677,-17.8332626,-4.79401847,-0.780712479,0
4.100000,1.56720298,-23.3089883,-17.815992,-4.7917494,-0.777421396,0
4.120000,1.56299325,-23.1717785,-17.798506,-4.78961516,-0.774075276,0
4.140000,1.55873873,-23.0330017,-17.7808163,-4.78761723,-0.770677031,0
4.160000,1.55445117,-22.8927236,-17.7629351,-4.78575696,-0.767229643,0
4.180000,1.55014188,-22.7510116,-17.7448751,-4.78403557,-0.763736156,0
4.200000,1.54582177,-22.6079347,-17.7266495,-4.78245411,-0.760199682,0
4.220000,1.5415013,-22.4635636,-17.7082719,-4.7810135,-0.756623392,0
4.240000,1.53719045,-22.3179706,-17.6897564,-4.77971451,-0.753010517,0
4.260000,1.53289874,-22.1712291,-17.6711172,-4.77855773,-0.749364344,0
4.280000,1.52863519,-22.0234141,-17.6523691,-4.7775436,-0.745688216,0
4.300000,1.52440832,-21.8746015,-17.6335271,-4.7766724,-0.741985528,0
4.320000,1.52022615,-21.724868,-17.6146067,-4.77594424,-0.738259724,0
4.340000,1.51609621,-21.5742915,-17.5956232,-4.77535905,-0.734514296,0
4.360000,1.51202551,-21.4229503,-17.5765924,-4.77491658,-0.730752782,0
4.380000,1.50802059,-21.2709233,-17.5575302,-4.77461643,-0.726978759,0
4.400000,1.50408748,-21.1182897,-17.5384526,-4.77445798,-0.723195847,0
4.420000,1.50023176,-20.965129,-17.5193756,-4.77444046,-0.719407701,0
4.440000,1.49645854,-20.8115207,-17.5003151,-4.77456289,-0.715618011,0
4.460000,1.49277253,-20.6575441,-17.4812874,-4.77482413,-0.711830497,0
4.480000,1.48917798,-20.5032783,-17.4623081,-4.77522283,-0.708048911,0
4.500000,1.48567877,-20.348802,-17.4433933,-4.77575746,-0.704277027,0
4.520000,1.48227843,-20.1941931,-17.4245583,-4.77642629,-0.700518643,0
4.540000,1.47898012,-20.0395288,-17.4058187,-4.77722742,-0.69677758,0
4.560000,1.47578672,-19.8848853,-17.3871895,-4.77815875,-0.693057671,0
4.580000,1.47270082,-19.7303379,-17.3686854,-4.77921799,-0.689362768,0
4.600000,1.46972477,-19.5759602,-17.3503209,-4.78040265,-0.68569673,0
4.620000,1.46686069,-19.4218248,-17.3321098,-4.78171008,-0.682063427,0
4.640000,1.46411054,-19.2680024,-17.3140656,-4.78313742,-0.678466733,0
4.660000,1.46147613,-19.114562,-17.2962013,-4.78468164,-0.674910524,0
4.680000,1.45895914,-18.9615707,-17.2785291,-4.78633952,-0.671398674,0
4.700000,1.4565612,-18.8090937,-17.2610609,-4.78810767,-0.667935055,0
4.720000,1.45428386,-18.6571937,-17.2438077,-4.78998252,-0.664523529,0
4.740000,1.45212868,-18.5059314,-17.2267798,-4.79196032,-0.661167951,0
4.760000,1.45009722,-18.3553646,-17.2099868,-4.79403718,-0.657872159,0
4.780000,1.44819108,-18.205549,-17.1934375,-4.79620901,-0.654639978,0
4.800000,1.44641196,-18.0565373,-17.1771399,-4.79847159,-0.651475212,0
4.820000,1.44476163,-17.9083792,-17.1611011,-4.80082053,-0.648381641,0
4.840000,1.44324201,-17.7611219,-17.1453271,-4.80325128,-0.645363023,0
4.860000,1.44185515,-17.6148092,-17.1298234,-4.80575917,-0.642423083,0
4.880000,1.44060328,-17.4694818,-17.1145941,-4.80833938,-0.63956552,0
4.900000,1.43948881,-17.3251773,-17.0996425,-4.81098695,-0.636793994,0
4.920000,1.43851437,-17.1819299,-17.0849708,-4.8136968,-0.634112129,0
4.940000,1.4376828,-17.0397704,-17.0705802,-4.81646372,-0.63152351,0
4.960000,1.43699717,-16.8987263,-17.0564709,-4.81928239,-0.629031676,0
4.980000,1.43639579,-16.7587363,-17.0425993,-4.82213524,-0.626639573,0
5.000000,1.43554453,-16.6193752,-17.0287556,-4.82495807,-0.624340131,0
5.020000,1.4341314,-16.4802283,-17.014793,-4.82770647,-0.622095229,0
5.040000,1.43234266,-16.3415649,-17.0009064,-4.83043338,-0.619869757,0
5.060000,1.4304652,-16.2038133,-16.9873169,-4.83319778,-0.617659159,0
5.080000,1.42855744,-16.0670957,-16.9740776,-4.83601029,-0.615464159,0
5.100000,1.42661759,-15.9314517,-16.9612005,-4.83886981,-0.613284353,0
5.120000,1.42464389,-15.7969206,-16.9486971,-4.84177523,-0.611118022,0
5.140000,1.42263466,-15.6635404,-16.9365789,-4.84472534,-0.608960527,0
5.160000,1.42058825,-15.5313483,-16.924857,-4.84771892,-0.60680084,0
5.180000,1.41850311,-15.4003808,-16.913542,-4.85075469,-0.604613998,0
5.200000,1.41637773,-15.2706734,-16.9026445,-4.85383131,-0.602344925,0
5.220000,1.41421067,-15.1422603,-16.8921744,-4.85694741,-0.599874016,0
5.240000,1.41200057,-15.0151752,-16.8821417,-4.86010154,-0.596944758,0
5.260000,1.40974616,-14.8894504,-16.8725555,-4.86329224,-0.593013705,0
5.280000,1.40744622,-14.7651176,-16.863425,-4.86651796,-0.586946037,0
5.300000,1.40509965,-14.6422069,-16.8547588,-4.86977712,-0.576419461,0
5.320000,1.4027054,-14.5207478,-16.846565,-4.87306809,-0.556834271,0
5.340000,1.40026253,-14.4007685,-16.8388516,-4.87638918,-0.519599506,0
5.360000,1.39777018,-14.2822962,-16.8316258,-4.87973866,-0.450402234,0
5.380000,1.39522758,-14.1653569,-16.8248946,-4.88311474,-0.330547227,0
5.400000,1.39263404,-14.0499756,-16.8186647,-4.88651558,-0.147876684,0
5.420000,1.38998899,-13.9361761,-16.812942,-4.8899393,0.0826220827,0
5.440000,1.38729193,-13.823981,-16.8077322,-4.89338394,0.313936337,0
5.460000,1.38454247,-13.7134118,-16.8030404,-4.89684752,0.49944491,0
5.480000,1.38174028,-13.604489,-16.7988713,-4.900328,0.62410158,0
5.500000,1.37888517,-13.4972316,-16.7952292,-4.90382328,0.698855922,0
5.520000,1.37597701,-13.3916579,-16.7921178,-4.90733122,0.741131211,0
5.540000,1.37301577,-13.2877845,-16.7895403,-4.91084963,0.764615688,0
5.560000,1.37000152,-13.1856274,-16.7874994,-4.91437626,0.777830311,0
5.580000,1.36693442,-13.0852009,-16.7859975,-4.91790881,0.785565013,0
5.600000,1.36381471,-12.9865185,-16.7850361,-4.92144495,0.790392504,0
5.620000,1.36064273,-12.8895925,-16.7846166,-4.92498228,0.793669443,0
5.640000,1.35741889,-12.7944339,-16.7847396,-4.92851835,0.7961078,0
5.660000,1.35414372,-12.7010526,-16.7854054,-4.93205068,0.798081984,0
5.680000,1.3508178,-12.6094574,-16.7866137,-4.93557673,0.799789979,0
5.700000,1.34744182,-12.5196559,-16.7883634,-4.9390939,0.801337225,0
5.720000,1.34401652,-12.4316548,-16.7906534,-4.94259958,0.802780305,0
5.740000,1.34054275,-12.3454592,-16.7934818,-4.94609107,0.804149795,0
5.760000,1.33702142,-12.2610737,-16.796846,-4.94956564,0.805462316,0
5.780000,1.33345352,-12.1785013,-16.8007431,-4.95302054,0.806726923,0
5.800000,1.32984011,-12.0977442,-16.8051698,-4.95645293,0.807948535,0
5.820000,1.32618232,-12.0188034,-16.8101219,-4.95985997,0.809129791,0
5.840000,1.32248134,-11.9416789,-16.8155951,-4.96323873,0.81027206,0
5.860000,1.31873845,-11.8663698,-16.8215842,-4.96658629,0.811375999,0
5.880000,1.31495497,-11.7928739,-16.8280837,-4.96989963,0.812441866,0
5.900000,1.31113228,-11.7211883,-16.8350877,-4.97317575,0.813469695,0
5.920000,1.30727183,-11.6513088,-16.8425894,-4.97641156,0.814459393,0
5.940000,1.30337512,-11.5832305,-16.850582,-4.97960395,0.815410799,0
5.960000,1.2994437,-11.5169475,-16.8590577,-4.98274978,0.816323716,0
5.980000,1.29547917,-11.4524529,-16.8680087,-4.98584586,0.817197933,0
6.000000,1.29148318,-11.389739,-16.8774262,-4.98888896,0.818033232,0
6.020000,1.28745743,-11.328797,-16.8873014,-4.99187584,0.8188294,0
6.040000,1.28340364,-11.2696177,-16.8976247,-4.9948032,0.819586229,0
6.060000,1.27932359,-11.2121905,-16.9083861,-4.99766771,0.820303522,0
6.080000,1.2752191,-11.1565045,-16.9195753,-5.00046602,0.820981092,0
6.100000,1.27109201,-11.1025477,-16.9311814,-5.00319476,0.821618764,0
6.120000,1.26694419,-11.0503074,-16.9431932,-5.00585049,0.822216379,0
6.140000,1.26277756,-10.9997703,-16.9555988,-5.00842979,0.822773786,0
6.160000,1.25859404,-10.9509223,-16.9683861,-5.01092919,0.823290852,0
6.180000,1.2543956,-10.9037485,-16.9815427,-5.01334521,0.823767456,0
6.200000,1.2501842,-10.8582337,-16.9950555,-5.01567432,0.824203491,0
6.220000,1.24596185,-10.8143616,-17.0089113,-5.01791301,0.824598866,0
6.240000,1.24173056,-10.7721156,-17.0230962,-5.02005773,0.824953503,0
6.260000,1.23749235,-10.7314786,-17.0375963,-5.02210493,0.825267337,0
6.280000,1.23324928,-10.6924327,-17.0523972,-5.02405101,0.825540319,0
6.300000,1.22900338,-10.6549596,-17.0674841,-5.02589242,0.825772416,0
6.320000,1.22475673,-10.6190406,-17.0828419,-5.02762556,0.825963607,0
6.340000,1.22051136,-10.5846565,-17.0984554,-5.02924685,0.826113886,0
6.360000,1.21626937,-10.5517874,-17.1143087,-5.03075269,0.826223263,0
6.380000,1.2120328,-10.5204134,-17.1303862,-5.03213951,0.82629176,0
6.400000,1.20780372,-10.490514,-17.1466714,-5.03340374,0.826319418,0
6.420000,1.2035842,-10.4620683,-17.1631481,-5.03454181,0.826306287,0
6.440000,1.19937629,-10.4350552,-17.1797996,-5.03555018,0.826252437,0
6.460000,1.19518204,-10.4094534,-17.1966089,-5.03642535,0.826157949,0
6.480000,1.19100348,-10.3852409,-17.2135592,-5.03716381,0.826022918,0
6.500000,1.18684264,-10.362396,-17.2306332,-5.0377621,0.825847458,0
6.520000,1.18270154,-10.3408965,-17.2478134,-5.03821678,0.825631693,0
6.540000,1.17858217,-10.3207199,-17.2650825,-5.03852447,0.825375763,0
6.560000,1.17448651,-10.3018439,-17.2824227,-5.0386818,0.825079822,0
6.580000,1.17041652,-10.2842457,-17.2998164,-5.03868545,0.824744039,0
6.600000,1.16637414,-10.2679026,-17.3172457,-5.0385321,0.824368598,0
6.620000,1.16236128,-10.2527917,-17.3346929,-5.0382185,0.823953695,0
6.640000,1.15837984,-10.23889,-17.3521399,-5.0377414,0.823499541,0
6.660000,1.15443169,-10.2261746,-17.3695689,-5.03709757,0.823006361,0
6.680000,1.15051866,-10.2146219,-17.386962,-5.03628378,0.822474395,0
6.700000,1.14664255,-10.204208,-17.4043013,-5.0352968,0.821903894,0
6.720000,1.14280515,-10.194907,-17.4215688,-5.03413338,0.821295127,0
6.740000,1.1390082,-10.1866883,-17.4387469,-5.03279025,0.820648372,0
6.760000,1.1352534,-10.1795089,-17.4558177,-5.0312641,0.819963922,0
6.780000,1.13154243,-10.1732935,-17.4727637,-5.02955156,0.819242085,0
6.800000,1.12787691,-10.1678836,-17.4895673,-5.02764923,0.81848318,0
6.820000,1.12425842,-10.1629074,-17.5062113,-5.02555364,0.817687539,0
6.840000,1.12068846,-10.1574482,-17.5226783,-5.02326127,0.816855506,0
6.860000,1.11716844,-10.1492133,-17.5389515,-5.02076857,0.81598744,0
6.880000,1.11369958,-10.1324855,-17.555014,-5.01807195,0.815083707,0
6.900000,1.11028279,-10.0933037,-17.5708492,-5.01516779,0.814144687,0
6.920000,1.10691835,-9.99933921,-17.5864407,-5.01205252,0.81317077,0
6.940000,1.10360531,-9.78486721,-17.6017726,-5.00872259,0.812162353,0
6.960000,1.10034022,-9.35462722,-17.616829,-5.00517454,0.811119838,0
6.980000,1.09711473,-8.67702327,-17.6315944,-5.00140501,0.810043632,0
7.000000,1.09391071,-7.92771621,-17.6460537,-4.99741081,0.808934136,0
7.020000,1.09069101,-7.36198098,-17.660192,-4.99318892,0.807791737,0
7.040000,1.08738161,-7.04602339,-17.6739948,-4.98873655,0.806616794,0
7.060000,1.08383829,-6.899992,-17.6874481,-4.98405116,0.805409609,0
7.080000,1.07978474,-6.84055539,-17.7005382,-4.97913048,0.804170381,0
7.100000,1.07470038,-6.82025599,-17.7132518,-4.97397253,0.802899131,0
7.120000,1.06762157,-6.81700773,-17.725576,-4.96857561,0.801595568,0
7.140000,1.0568012,-6.82128339,-17.7374985,-4.96293834,0.800258863,0
7.160000,1.0391563,-6.82907855,-17.7490073,-4.9570596,0.798887242,0
7.180000,1.00945378,-6.83871694,-17.7600909,-4.95093853,0.797477285,0
7.200000,0.959332749,-6.8494909,-17.7707384,-4.94457454,0.79602266,0
7.220000,0.87672678,-6.86109531,-17.7809394,-4.93796725,0.794511867,0
7.240000,0.747194423,-6.87339302,-17.7906838,-4.93111645,0.792924148,0
7.260000,0.559484197,-6.88631751,-17.7999624,-4.92402212,0.791222035,0
7.280000,0.315684437,-6.89983233,-17.8087662,-4.91668434,0.789337679,0
7.300000,0.0390442087,-6.91391405,-17.817087,-4.90910331,0.787147596,0
7.320000,-0.232173795,-6.92854509,-17.824917,-4.90127931,0.784425815,0
7.340000,-0.463934574,-6.94371064,-17.8322492,-4.89321269,0.780756804,0
7.360000,-0.640933954,-6.95939739,-17.839077,-4.88490385,0.775374063,0
7.380000,-0.765657455,-6.97559292,-17.8453945,-4.87635323,0.766864673,0
7.400000,-0.849207339,-6.99228549,-17.8511963,-4.86756132,0.752644741,0
7.420000,-0.903692341,-7.0094639,-17.8564778,-4.85852865,0.728091076,0
7.440000,-0.938887335,-7.02711747,-17.8612349,-4.84925582,0.685326094,0
7.460000,-0.961689039,-7.04523601,-17.8654642,-4.8397435,0.612246487,0
7.480000,-0.976642677,-7.06380977,-17.8691628,-4.82999243,0.494041262,0
7.500000,-0.986641906,-7.08282949,-17.8723287,-4.82000344,0.321426959,0
7.520000,-0.99349967,-7.10228634,-17.8749602,-4.8097775,0.105714827,0
7.540000,-0.998345803,-7.12217198,-17.8770566,-4.79931567,-0.115500487,0
7.560000,-1.00188512,-7.14247846,-17.8786177,-4.78861919,-0.300006261,0
7.580000,-1.00455944,-7.16319831,-17.8796439,-4.77768942,-0.428841165,0
7.600000,-1.00664767,-7.18432445,-17.8801363,-4.76652791,-0.508031095,0
7.620000,-1.00832745,-7.20585026,-17.8800967,-4.75513638,-0.553108628,0
7.640000,-1.00971299,-7.22776949,-17.8795274,-4.74351673,-0.577902714,0
7.660000,-1.0108785,-7.25007632,-17.8784316,-4.73167104,-0.591573798,0
7.680000,-1.01187276,-7.27276531,-17.876813,-4.7196016,-0.59941853,0
7.700000,-1.01272822,-7.29583141,-17.8746759,-4.7073109,-0.604293297,0
7.720000,-1.01346675,-7.31926992,-17.8720253,-4.69480161,-0.607681078,0
7.740000,-1.01410331,-7.34307651,-17.8688668,-4.68207661,-0.610334867,0
7.760000,-1.01464832,-7.3672472,-17.8652067,-4.66913899,-0.612631522,0
7.780000,-1.01510915,-7.39177834,-17.8610519,-4.655992,-0.614757625,0
7.800000,-1.01549117,-7.41666659,-17.8564099,-4.64263912,-0.616804666,0
7.820000,-1.01579836,-7.44190892,-17.8512888,-4.62908402,-0.618817031,0
7.840000,-1.01603377,-7.4675026,-17.8456975,-4.61533055,-0.620815936,0
7.860000,-1.01619983,-7.49344517,-17.8396456,-4.60138275,-0.622811274,0
7.880000,-1.0162985,-7.51973442,-17.8331441,-4.58724485,-0.62480743,0
7.900000,-1.01633148,-7.5463684,-17.8262056,-4.57292128,-0.626806125,0
7.920000,-1.01630023,-7.5733454,-17.8188465,-4.55841662,-0.628807798,0
7.940000,-1.01620608,-7.60066389,-17.8110916,-4.54373566,-0.630812272,0
7.960000,-1.01605026,-7.62832258,-17.8029838,-4.52888336,-0.632819075,0
7.980000,-1.01583395,-7.65632033,-17.7946101,-4.51386484,-0.634827595,0
8.000000,-1.01555825,-7.68465617,-17.7861603,-4.4986854,-0.636837156,0
8.020000,-1.01522427,-7.7133293,-17.7780706,-4.48335053,-0.638847046,0
8.040000,-1.01483308,-7.74233901,-17.7713635,-4.46786586,-0.640856542,0
8.060000,-1.01438575,-7.77168474,-17.7684569,-4.45223719,-0.642864913,0
8.080000,-1.01388334,-7.80136601,-17.7750463,-4.4364705,-0.644871425,0
8.100000,-1.01332693,-7.83138241,-17.8042956,-4.42057192,-0.646875343,0
8.120000,-1.01271757,-7.86173361,-17.8850966,-4.40454772,-0.648875933,0
8.140000,-1.01205635,-7.89241929,-18.0731645,-4.38840435,-0.650872461,0
8.160000,-1.01134434,-7.92343918,-18.4452309,-4.37214839,-0.652864193,0
8.180000,-1.01058263,-7.95479301,-19.0244988,-4.35578657,-0.654850398,0
8.200000,-1.00977231,-7.9864805,-19.6700952,-4.33932578,-0.656830347,0
8.220000,-1.00891449,-8.01850134,-20.1698552,-4.32277304,-0.658803309,0
8.240000,-1.00801026,-8.05085515,-20.4561039,-4.30613549,-0.660768559,0
8.260000,-1.00706074,-8.08354151,-20.5892434,-4.28942044,-0.662725373,0
8.280000,-1.00606703,-8.11655992,-20.641401,-4.27263528,-0.664673027,0
8.300000,-1.00503026,-8.14990975,-20.6562426,-4.25578757,-0.666610802,0
8.320000,-1.00395152,-8.18359029,-20.6548722,-4.23888497,-0.66853798,0
8.340000,-1.00283193,-8.21760066,-20.6466116,-4.22193525,-0.670453847,0
8.360000,-1.00167258,-8.25193984,-20.6354334,-4.20494631,-0.672357692,0
8.380000,-1.00047454,-8.28660665,-20.6230106,-4.18792614,-0.674248805,0
8.400000,-0.999238874,-8.32159972,-20.6100498,-4.17088284,-0.676126481,0
8.420000,-0.997966597,-8.35691746,-20.5968546,-4.15382461,-0.677990018,0
8.440000,-0.996658687,-8.39255808,-20.583562,-4.13675974,-0.679838718,0
8.460000,-0.995316055,-8.42851954,-20.5702392,-4.11969662,-0.681671886,0
8.480000,-0.99393953,-8.46479957,-20.5569251,-4.1026437,-0.683488832,0
8.500000,-0.992529828,-8.5013956,-20.5436463,-4.08560952,-0.685288869,0
8.520000,-0.991087513,-8.53830482,-20.5304245,-4.06860271,-0.687071315,0
8.540000,-0.989612952,-8.5755241,-20.5172794,-4.05163193,-0.688835492,0
8.560000,-0.988106243,-8.61304998,-20.5042293,-4.03470594,-0.690580726,0
8.580000,-0.986567132,-8.65087872,-20.4912924,-4.01783354,-0.692306349,0
8.600000,-0.984994896,-8.68900621,-20.4784864,-4.00102358,-0.694011698,0
8.620000,-0.983388184,-8.72742798,-20.4658285,-3.98428496,-0.695696114,0
8.640000,-0.981744812,-8.76613923,-20.453336,-3.96762662,-0.697358945,0
8.660000,-0.980061484,-8.80513474,-20.4410256,-3.95105753,-0.698999541,0
8.680000,-0.978333412,-8.84440894,-20.4289139,-3.93458669,-0.700617262,0
8.700000,-0.976553817,-8.88395582,-20.4170172,-3.91822314,-0.702211471,0
8.720000,-0.974713244,-8.92376898,-20.4053512,-3.90197592,-0.703781538,0
8.740000,-0.972798649,-8.96384159,-20.3939317,-3.88585407,-0.70532684,0
8.760000,-0.970792158,-9.00416637,-20.3827736,-3.86986668,-0.706846757,0
8.780000,-0.9686694,-9.04473562,-20.3718916,-3.85402279,-0.708340679,0
8.800000,-0.966397249,-9.08554115,-20.3613002,-3.83833147,-0.709808003,0
8.820000,-0.96393079,-9.12657435,-20.3510131,-3.82280176,-0.711248129,0
8.840000,-0.96120922,-9.16782608,-20.3410437,-3.80744269,-0.712660469,0
8.860000,-0.958150355,-9.20928676,-20.3314048,-3.79226326,-0.714044438,0
8.880000,-0.954643264,-9.25094631,-20.3221089,-3.77727246,-0.715399461,0
8.900000,-0.950538469,-9.29279413,-20.3131677,-3.76247922,-0.71672497,0
8.920000,-0.945634977,-9.33481915,-20.3045925,-3.74789245,-0.718020406,0
8.940000,-0.939663311,-9.37700975,-20.2963939,-3.73352099,-0.719285215,0
8.960000,-0.932263609,-9.41935383,-20.2885822,-3.71937366,-0.720518855,0
8.980000,-0.922957936,-9.46183873,-20.2811668,-3.70545919,-0.72172079,0
9.000000,-0.911116308,-9.50445129,-20.2741564,-3.69178627,-0.722890493,0
9.020000,-0.895916866,-9.5471778,-20.2675595,-3.6783635,-0.724027446,0
9.040000,-0.876302559,-9.59000401,-20.2613834,-3.66519943,-0.725131141,0
9.060000,-0.850940187,-9.63291516,-20.2556352,-3.65230249,-0.726201079,0
9.080000,-0.818193343,-9.67589589,-20.2503209,-3.63968106,-0.727236768,0
9.100000,-0.776129009,-9.71893036,-20.2454461,-3.62734342,-0.728237729,0
9.120000,-0.722587279,-9.76200212,-20.2410155,-3.61529773,-0.729203491,0
9.140000,-0.655351296,-9.80509421,-20.2370333,-3.60355207,-0.730133593,0
9.160000,-0.572451586,-9.84818912,-20.2335026,-3.5921144,-0.731027587,0
9.180000,-0.472612969,-9.89126875,-20.2304261,-3.58099257,-0.731885031,0
9.200000,-0.355792232,-9.9343145,-20.2278054,-3.5701943,-0.732705497,0
9.220000,-0.223667582,-9.97730719,-20.2256417,-3.55972719,-0.733488567,0
9.240000,-0.0798684188,-10.0202271,-20.2239352,-3.54959872,-0.734233833,0
9.260000,0.070251868,-10.063054,-20.2226853,-3.53981622,-0.734940901,0
9.280000,0.220348687,-10.105767,-20.2218906,-3.53038688,-0.735609386,0
9.300000,0.364140094,-10.1483448,-20.2215489,-3.52131773,-0.736238915,0
9.320000,0.496427814,-10.1907655,-20.2216574,-3.51261568,-0.736829128,0
9.340000,0.613753437,-10.2330066,-20.2222123,-3.50428746,-0.737379677,0
9.360000,0.714551687,-10.2750454,-20.2232088,-3.49633963,-0.737890225,0
9.380000,0.798884312,-10.3168582,-20.2246417,-3.4887786,-0.738360449,0
9.400000,0.867956792,-10.3584211,-20.2265046,-3.48161061,-0.738790038,0
9.420000,0.923612456,-10.3997096,-20.2287905,-3.4748417,-0.739178694,0
9.440000,0.967922314,-10.4406988,-20.2314915,-3.46847774,-0.739526132,0
9.460000,1.00290923,-10.4813631,-20.2345988,-3.46252443,-0.73983208,0
9.480000,1.03039419,-10.5216766,-20.238103,-3.45698725,-0.74009628,0
9.500000,1.0519322,-10.5616129,-20.2419937,-3.45187149,-0.740318488,0
9.520000,1.06880441,-10.601145,-20.2462596,-3.44718225,-0.740498472,0
9.540000,1.08204034,-10.6402457,-20.2508888,-3.44292441,-0.740636016,0
9.560000,1.09245304,-10.6788871,-20.2558686,-3.43910265,-0.740730918,0
9.580000,1.1006768,-10.717041,-20.2611852,-3.43572144,-0.740782987,0
9.600000,1.10720239,-10.7546789,-20.2668242,-3.432785,-0.740792052,0
9.620000,1.11240737,-10.7917716,-20.2727706,-3.43029736,-0.740757952,0
9.640000,1.11658123,-10.8282899,-20.2790083,-3.42826231,-0.740680542,0
9.660000,1.11994551,-10.8642039,-20.2855205,-3.42668341,-0.740559693,0
9.680000,1.12266959,-10.8994835,-20.2922898,-3.42556396,-0.740395291,0
9.700000,1.12488301,-10.9340984,-20.299298,-3.42490705,-0.740187235,0
9.720000,1.12668489,-10.9680178,-20.306526,-3.42471551,-0.739935441,0
9.740000,1.12815118,-11.0012111,-20.3139541,-3.42499193,-0.73963984,0
9.760000,1.12934019,-11.0336473,-20.321562,-3.42573864,-0.73930038,0
9.780000,1.13029672,-11.0652958,-20.3293285,-3.4269577,-0.738917021,0
9.800000,1.1310553,-11.096127,-20.3372318,-3.42865093,-0.738489742,0
9.820000,1.13164259,-11.1261128,-20.3452495,-3.43081989,-0.738018536,0
9.840000,1.13207919,-11.1552295,-20.3533586,-3.43346584,-0.737503413,0
9.860000,1.1323811,-11.1834613,-20.3615352,-3.43658981,-0.736944398,0
9.880000,1.13256073,-11.2108096,-20.3697552,-3.44019252,-0.736341533,0
9.900000,1.13262774,-11.2373097,-20.3779936,-3.44427443,-0.735694874,0
9.920000,1.13258968,-11.2630663,-20.3862249,-3.44883571,-0.735004496,0
9.940000,1.13245243,-11.2883238,-20.3944232,-3.45387626,-0.734270488,0
9.960000,1.1322206,-11.3136086,-20.4025619,-3.45939567,-0.733492956,0
9.980000,1.1318978,-11.3400149,-20.4106141,-3.46539325,-0.732672021,0
10.000000,1.13148686,-11.3697718,-20.4185523,-3.47186802,-0.731807823,0
10.020000,1.13098999,-11.4073467,-20.4263486,-3.47881871,-0.730900515,0
10.040000,1.13040891,-11.4614982,-20.4339746,-3.48624372,-0.729950268,0
10.060000,1.12974495,-11.5487338,-20.4414017,-3.49414118,-0.728957268,0
10.080000,1.12899912,-11.6978178,-20.4486007,-3.50250891,-0.72792172,0
10.100000,1.12817218,-11.9512405,-20.4555423,-3.5113444,-0.726843841,0
10.120000,1.1272646,-12.3510748,-20.4621967,-3.52064488,-0.725723869,0
10.140000,1.12627668,-12.8957578,-20.4685339,-3.53040721,-0.724562053,0
10.160000,1.12520847,-13.4984242,-20.4745237,-3.54062799,-0.723358661,0
10.180000,1.12405979,-14.0272713,-20.4801357,-3.55130347,-0.722113977,0
10.200000,1.12283017,-14.4048798,-20.4853392,-3.56242961,-0.7208283,0
10.220000,1.12151885,-14.6370261,-20.4901034,-3.57400204,-0.719501946,0
10.240000,1.12012462,-14.7671107,-20.4943974,-3.58601606,-0.718135245,0
10.260000,1.11864578,-14.836179,-20.4981903,-3.59846669,-0.716728544,0
10.280000,1.11707995,-14.8714014,-20.5014509,-3.61134859,-0.715282205,0
10.300000,1.11542384,-14.8882489,-20.5041481,-3.62465613,-0.713796606,0
10.320000,1.11367299,-14.8949243,-20.506251,-3.63838334,-0.71227214,0
10.340000,1.11182133,-14.8956263,-20.5077286,-3.65252394,-0.710709215,0
10.360000,1.10986067,-14.892464,-20.5085497,-3.66707132,-0.709108255,0
10.380000,1.10777986,-14.8864833,-20.5086838,-3.68201858,-0.707469697,0
10.400000,1.10556377,-14.8781953,-20.5081,-3.69735845,-0.705793995,0
10.420000,1.10319177,-14.8678435,-20.5067678,-3.7130834,-0.704081617,0
10.440000,1.10063558,-14.8555377,-20.5046571,-3.72918554,-0.702333044,0
10.460000,1.09785625,-14.8413214,-20.5017377,-3.74565668,-0.700548775,0
10.480000,1.09479983,-14.825205,-20.49798,-3.76248833,-0.698729318,0
10.500000,1.0913911,-14.8071826,-20.4933544,-3.77967165,-0.696875199,0
10.520000,1.08752449,-14.7872406,-20.487832,-3.79719754,-0.694986957,0
10.540000,1.08305088,-14.7653622,-20.481384,-3.81505655,-0.693065144,0
10.560000,1.07775812,-14.7415288,-20.4739822,-3.83323895,-0.691110325,0
10.580000,1.0713426,-14.7157218,-20.4655988,-3.8517347,-0.689123079,0
10.600000,1.06336725,-14.6879231,-20.4562064,-3.87053348,-0.687103998,0
10.620000,1.05320008,-14.658115,-20.4457783,-3.88962465,-0.685053686,0
10.640000,1.03992497,-14.6262807,-20.4342881,-3.9089973,-0.68297276,0
10.660000,1.02221439,-14.5924045,-20.4217103,-3.92864022,-0.68086185,0
10.680000,0.998154642,-14.5564714,-20.4080198,-3.94854194,-0.678721598,0
10.700000,0.9650212,-14.5184677,-20.3931921,-3.96869069,-0.676552657,0
10.720000,0.919027996,-14.4783807,-20.3772035,-3.98907446,-0.674355691,0
10.740000,0.855137709,-14.4361987,-20.360031,-4.00968095,-0.672131377,0
10.760000,0.767145979,-14.3919111,-20.3416524,-4.03049762,-0.669880402,0
10.780000,0.648436517,-14.3455087,-20.322046,-4.05151167,-0.667603466,0
10.800000,0.493915885,-14.2969833,-20.3011911,-4.07271006,-0.665301276,0
10.820000,0.303287405,-14.2463278,-20.2790677,-4.0940795,-0.662974552,0
10.840000,0.0845424502,-14.1935365,-20.2556569,-4.1156065,-0.660624024,0
10.860000,-0.145166105,-14.1386048,-20.2309403,-4.13727733,-0.65825043,0
10.880000,-0.363799507,-14.0815293,-20.2049006,-4.15907804,-0.655854518,0
10.900000,-0.552357659,-14.022308,-20.1775213,-4.18099449,-0.653437048,0
10.920000,-0.701034726,-13.9609401,-20.148787,-4.20301235,-0.650998784,0
10.940000,-0.809855648,-13.8974261,-20.1186831,-4.22511708,-0.648540503,0
10.960000,-0.885114492,-13.8317677,-20.087196,-4.24729398,-0.646062989,0
10.980000,-0.93517339,-13.7639679,-20.0543131,-4.26952819,-0.643567032,0
11.000000,-0.96774874,-13.6940312,-20.0200228,-4.29180469,-0.641053433,0
11.020000,-0.988847668,-13.6219633,-19.9843146,-4.3141083,-0.638522998,0
11.040000,-1.00270727,-13.547771,-19.9471788,-4.33642373,-0.635976541,0
11.060000,-1.01213426,-13.4714629,-19.9086071,-4.35873556,-0.633414882,0
11.080000,-1.01891038,-13.3930484,-19.8685919,-4.38102825,-0.630838849,0
11.100000,-1.02413247,-13.3125387,-19.827127,-4.40328618,-0.628249275,0
11.120000,-1.02845995,-13.2299459,-19.7842071,-4.42549363,-0.625646998,0
11.140000,-1.03228165,-13.1452837,-19.7398279,-4.44763483,-0.623032862,0
11.160000,-1.03582291,-13.0585671,-19.6939864,-4.46969396,-0.620407715,0
11.180000,-1.0392123,-12.9698123,-19.6466806,-4.49165519,-0.617772404,0
11.200000,-1.04252207,-12.879037,-19.5979097,-4.51350273,-0.615127773,0
11.220000,-1.04579216,-12.7862599,-19.5476739,-4.53522094,-0.612474644,0
11.240000,-1.04904432,-12.6915012,-19.4959745,-4.55679449,-0.60981378,0
11.260000,-1.05229015,-12.5947824,-19.4428141,-4.57820878,-0.607145786,0
11.280000,-1.05553572,-12.4961263,-19.3881962,-4.59945073,-0.604470844,0
11.300000,-1.05878413,-12.3955568,-19.3321256,-4.62051052,-0.601788043,0
11.320000,-1.0620369,-12.2930991,-19.274608,-4.64138523,-0.599093611,0
11.340000,-1.06529475,-12.1887797,-19.2156503,-4.66208675,-0.596376313,0
11.360000,-1.06855803,-12.0826263,-19.1552607,-4.68265885,-0.593605401,0
11.380000,-1.07182689,-11.9746677,-19.0934483,-4.70321422,-0.590699049,0
11.400000,-1.07510145,-11.864934,-19.0302232,-4.72401496,-0.587441705,0
11.420000,-1.07838182,-11.7534565,-18.9655967,-4.74564728,-0.583268178,0
11.440000,-1.08166814,-11.6402674,-18.8995814,-4.76939866,-0.57670431,0
11.460000,-1.08496057,-11.5254002,-18.8321905,-4.79805712,-0.563951609,0
11.480000,-1.08825935,-11.4088895,-18.7634385,-4.83753163,-0.53553023,0
11.500000,-1.09156473,-11.2907709,-18.6933411,-4.89979053,-0.469697033,0
11.520000,-1.09487702,-11.1710811,-18.6219148,-5.00671817,-0.32667269,0
11.540000,-1.09819659,-11.0498577,-18.549177,-5.18972334,-0.0708165485,0
11.560000,-1.10152382,-10.9271394,-18.4751464,-5.4701822,0.253834104,0
11.580000,-1.10485913,-10.8029659,-18.3998426,-5.81670517,0.523775275,0
11.600000,-1.10820299,-10.6773778,-18.3232859,-6.14091848,0.680378143,0
11.620000,-1.11155587,-10.5504165,-18.2454979,-6.37442216,0.753758858,0
11.640000,-1.11491827,-10.4221245,-18.1665009,-6.51506186,0.785519447,0
11.660000,-1.11829073,-10.2925448,-18.0863182,-6.59362459,0.799596406,0
11.680000,-1.12167377,-10.1617217,-18.004974,-6.63834759,0.806632151,0
11.700000,-1.12506794,-10.0296998,-17.9224932,-6.66626061,0.810927976,0
11.720000,-1.1284738,-9.89652482,-17.8389018,-6.68606812,0.814161285,0
11.740000,-1.13189188,-9.76224305,-17.7542264,-6.70190273,0.816977674,0
11.760000,-1.13532274,-9.62690148,-17.6684946,-6.71565877,0.819624368,0
11.780000,-1.1387669,-9.4905478,-17.5817345,-6.72818793,0.82219571,0
11.800000,-1.14222489,-9.3532303,-17.4939752,-6.7398672,0.824727442,0
11.820000,-1.14569721,-9.21499789,-17.4052466,-6.7508599,0.827232831,0
11.840000,-1.14918435,-9.07590004,-17.3155789,-6.76123385,0.829716509,0
11.860000,-1.15268674,-8.93598674,-17.2250034,-6.77101441,0.832179788,0
11.880000,-1.15620481,-8.79530852,-17.1335519,-6.78020827,0.834622706,0
11.900000,-1.15973895,-8.65391633,-17.0412568,-6.78881406,0.837044809,0
11.920000,-1.1632895,-8.5118616,-16.9481511,-6.79682704,0.839445464,0
11.940000,-1.16685676,-8.36919614,-16.8542684,-6.80424128,0.841823968,0
11.960000,-1.17044098,-8.22597213,-16.7596429,-6.81105054,0.844179604,0
11.980000,-1.17404236,-8.08224211,-16.6643094,-6.81724873,0.846511652,0
12.000000,-1.17766104,-7.93805891,-16.568303,-6.8228301,0.848819399,0
12.020000,-1.18129712,-7.79347565,-16.4716593,-6.82778931,0.851102143,0
12.040000,-1.18495062,-7.64854569,-16.3744146,-6.83212151,0.853359194,0
12.060000,-1.18862151,-7.50332261,-16.2766054,-6.83582231,0.855589874,0
12.080000,-1.19230967,-7.35786016,-16.1782686,-6.83888784,0.857793518,0
12.100000,-1.19601494,-7.21221226,-16.0794417,-6.84131475,0.859969476,0
12.120000,-1.19973707,-7.06643296,-15.9801622,-6.84310018,0.86211711,0
12.140000,-1.20347575,-6.92057638,-15.8804681,-6.84424181,0.864235796,0
12.160000,-1.20723058,-6.77469672,-15.7803979,-6.84473783,0.866324927,0
12.180000,-1.2110011,-6.62884824,-15.67999,-6.84458696,0.868383909,0
12.200000,-1.21478675,-6.48308516,-15.5792832,-6.84378846,0.870412163,0
12.220000,-1.21858693,-6.33746174,-15.4783167,-6.84234209,0.872409129,0
12.240000,-1.22240092,-6.19203214,-15.3771296,-6.84024816,0.874374258,0
12.260000,-1.22622794,-6.04685049,-15.2757613,-6.83750751,0.876307021,0
12.280000,-1.23006714,-5.90197081,-15.1742514,-6.8341215,0.878206903,0
12.300000,-1.23391758,-5.75744699,-15.0726397,-6.83009201,0.880073407,0
12.320000,-1.23777824,-5.61333277,-14.9709657,-6.82542147,0.881906054,0
12.340000,-1.24164801,-5.46968174,-14.8692695,-6.8201128,0.883704381,0
12.360000,-1.24552574,-5.32654728,-14.7675909,-6.81416947,0.885467941,0
12.380000,-1.24941017,-5.18398254,-14.6659698,-6.80759544,0.887196308,0
12.400000,-1.25329998,-5.04204046,-14.5644461,-6.8003952,0.888889071,0
12.420000,-1.25719377,-4.90077367,-14.4630598,-6.79257373,0.890545838,0
12.440000,-1.26109008,-4.76023457,-14.3618508,-6.78413653,0.892166236,0
12.460000,-1.26498737,-4.62047521,-14.2608588,-6.77508959,0.89374991,0
12.480000,-1.26888404,-4.48154734,-14.1601235,-6.76543937,0.895296523,0
12.500000,-1.27277842,-4.34350234,-14.0596847,-6.75519284,0.896805756,0
12.520000,-1.27666878,-4.20639126,-13.9595817,-6.74435743,0.898277311,0
12.540000,-1.28055333,-4.07026472,-13.859854,-6.73294102,0.899710906,0
12.560000,-1.28443024,-3.93517298,-13.7605406,-6.72095197,0.90110628,0
12.580000,-1.28829761,-3.80116586,-13.6616806,-6.70839909,0.90246319,0
12.600000,-1.29215349,-3.66829274,-13.5633128,-6.69529162,0.903781412,0
12.620000,-1.2959959,-3.53660255,-13.4654758,-6.68163922,0.905060742,0
12.640000,-1.29982279,-3.40614375,-13.3682077,-6.66745197,0.906300992,0
12.660000,-1.30363209,-3.2769643,-13.2715467,-6.65274038,0.907501997,0
12.680000,-1.30742171,-3.1491117,-13.1755305,-6.63751533,0.908663607,0
12.700000,-1.3111895,-3.02263287,-13.0801965,-6.62178809,0.909785693,0
12.720000,-1.3149333,-2.89757426,-12.985582,-6.60557031,0.910868145,0
12.740000,-1.31865091,-2.77398174,-12.8917236,-6.58887399,0.911910871,0
12.760000,-1.32234014,-2.65190062,-12.7986578,-6.57171149,0.912913797,0
12.780000,-1.32599875,-2.53137565,-12.7064207,-6.55409549,0.913876869,0
12.800000,-1.32962451,-2.41245099,-12.615048,-6.536039,0.914800049,0
12.820000,-1.33321518,-2.29517021,-12.5245749,-6.51755532,0.915683319,0
12.840000,-1.33676852,-2.17957624,-12.4350363,-6.49865807,0.916526679,0
12.860000,-1.34028227,-2.06571142,-12.3464665,-6.47936113,0.917330146,0
12.880000,-1.34375421,-1.95361742,-12.2588996,-6.45967864,0.918093753,0
12.900000,-1.3471821,-1.84333526,-12.1723691,-6.43962501,0.918817555,0
12.920000,-1.35056373,-1.73490527,-12.0869079,-6.41921487,0.91950162,0
12.940000,-1.35389688,-1.62836705,-12.0025486,-6.39846307,0.920146033,0
12.960000,-1.35717939,-1.5237594,-11.9193232,-6.37738468,0.920750899,0
12.980000,-1.36040908,-1.42112019,-11.8372632,-6.35599495,0.921316335,0
13.000000,-1.36358384,-1.32048613,-11.7563995,-6.33430931,0.921842478,0
13.020000,-1.36670156,-1.22189227,-11.6767625,-6.31234335,0.922329479,0
13.040000,-1.36976018,-1.12537116,-11.598382,-6.29011279,0.922777503,0
13.060000,-1.37275766,-1.03095097,-11.5212874,-6.26763352,0.923186734,0
13.080000,-1.37569203,-0.938651957,-11.4455073,-6.2449215,0.923557368,0
13.100000,-1.37856133,-0.848479236,-11.3710697,-6.22199282,0.923889615,0
13.120000,-1.38136366,-0.760408352,-11.2980021,-6.19886365,0.924183703,0
13.140000,-1.38409718,-0.674356133,-11.2263314,-6.17555022,0.924439869,0
13.160000,-1.38676008,-0.590121806,-11.1560838,-6.15206884,0.924658367,0
13.180000,-1.38935062,-0.507267881,-11.0872848,-6.12843583,0.924839464,0
13.200000,-1.3918671,-0.424879522,-11.0199593,-6.10466756,0.924983439,0
13.220000,-1.39430789,-0.341081255,-10.9541316,-6.08078039,0.925090582,0
13.240000,-1.3966714,-0.252080486,-10.8898253,-6.05679072,0.925161198,0
13.260000,-1.39895613,-0.150337431,-10.8270632,-6.03271488,0.925195603,0
13.280000,-1.40116062,-0.0213221495,-10.7658676,-6.00856921,0.925194123,0
13.300000,-1.40328347,0.161235276,-10.7062599,-5.98436999,0.925157097,0
13.320000,-1.40532334,0.438782411,-10.648261,-5.96013344,0.925084872,0
13.340000,-1.40727898,0.858868732,-10.5918908,-5.93587573,0.924977809,0
13.360000,-1.40914917,1.43559348,-10.5371688,-5.91161292,0.924836277,0
13.380000,-1.41093279,2.09617159,-10.4841135,-5.88736099,0.924660654,0
13.400000,-1.41262874,2.70137683,-10.4327429,-5.86313582,0.924451328,0
13.420000,-1.41423603,3.15336947,-10.383074,-5.83895315,0.924208696,0
13.440000,-1.4157537,3.44740416,-10.3351233,-5.81482859,0.923933164,0
13.460000,-1.41718086,3.62810833,-10.2889063,-5.79077764,0.923625145,0
13.480000,-1.41851671,3.74089326,-10.2444378,-5.7668156,0.923285061,0
13.500000,-1.41976046,3.81612955,-10.201732,-5.74295764,0.922913342,0
13.520000,-1.42091143,3.87094529,-10.1608021,-5.71921872,0.922510423,0
13.540000,-1.42196898,3.91425939,-10.1216605,-5.69561366,0.922076749,0
13.560000,-1.42293251,3.95053775,-10.084319,-5.67215705,0.921612768,0
13.580000,-1.42380149,3.98197149,-10.0487883,-5.64886329,0.921118938,0
13.600000,-1.42457547,4.00962261,-10.0150784,-5.62574655,0.920595721,0
13.620000,-1.425254,4.03400063,-9.98319829,-5.6028208,0.920043584,0
13.640000,-1.42583672,4.0553469,-9.95315611,-5.58009977,0.919463001,0
13.660000,-1.42632331,4.07377329,-9.92495891,-5.55759695,0.918854451,0
13.680000,-1.42671347,4.0893295,-9.89861263,-5.53532558,0.918218416,0
13.700000,-1.42700698,4.10203569,-9.87412192,-5.51329866,0.917555386,0
13.720000,-1.42720364,4.11189822,-9.85148999,-5.49152891,0.916865852,0
13.740000,-1.42730329,4.11891725,-9.83071824,-5.47002881,0.916150311,0
13.760000,-1.4273058,4.12309049,-9.81180598,-5.44881054,0.915409264,0
13.780000,-1.42721108,4.12441491,-9.79474979,-5.42788601,0.914643214,0
13.800000,-1.42701907,4.12288761,-9.77954283,-5.40726686,0.913852669,0
13.820000,-1.42672972,4.1185063,-9.76617379,-5.38696442,0.91303814,0
13.840000,-1.42634304,4.11126943,-9.75462549,-5.36698975,0.91220014,0
13.860000,-1.42585901,4.10117634,-9.744873,-5.34735358,0.911339188,0
13.880000,-1.42527767,4.08822727,-9.73688103,-5.32806637,0.9104558,0
13.900000,-1.42459905,4.07242343,-9.7306005,-5.30913825,0.909550501,0
13.920000,-1.4238232,4.05376696,-9.72596393,-5.29057906,0.908623814,0
13.940000,-1.42295018,4.03226099,-9.72287936,-5.2723983,0.907676264,0
13.960000,-1.42198005,4.00790961,-9.72122232,-5.25460519,0.906708382,0
13.980000,-1.42091289,3.98071786,-9.72082538,-5.23720861,0.905720697,0
14.000000,-1.41974875,3.95069176,-9.72146478,-5.22021712,0.90471374,0
14.020000,-1.4184877,3.91783832,-9.72284328,-5.20363896,0.903688046,0
14.040000,-1.4171298,3.88216547,-9.72456886,-5.18748206,0.90264415,0
14.060000,-1.4156751,3.84368216,-9.72612857,-5.17175401,0.901582588,0
14.080000,-1.41412364,3.80239825,-9.72685753,-5.15646207,0.900503899,0
14.100000,-1.41247545,3.75832461,-9.72590358,-5.14161318,0.89940862,0
14.120000,-1.41073056,3.71147302,-9.7221896,-5.12721397,0.898297292,0
14.140000,-1.40888895,3.66185626,-9.71437755,-5.11327072,0.897170455,0
14.160000,-1.40695062,3.60948803,-9.70084166,-5.09978939,0.896028653,0
14.180000,-1.40491552,3.55438299,-9.67966265,-5.0867756,0.894872426,0
14.200000,-1.4027836,3.49655673,-9.64866007,-5.07423467,0.893702318,0
14.220000,-1.40055479,3.43602579,-9.60548456,-5.06217158,0.892518873,0
14.240000,-1.39822898,3.37280764,-9.54779294,-5.05059096,0.891322635,0
14.260000,-1.39580605,3.30692067,-9.47352184,-5.03949716,0.890114149,0
14.280000,-1.39328585,3.23838417,-9.38125531,-5.02889418,0.88889396,0
14.300000,-1.39066821,3.16721838,-9.27064529,-5.0187857,0.887662614,0
14.320000,-1.38795294,3.0934444,-9.14279785,-5.00917507,0.886420654,0
14.340000,-1.38513983,3.01708425,-9.00050235,-5.00006534,0.885168629,0
14.360000,-1.38222862,2.93816084,-8.84818282,-4.99145924,0.883907082,0
14.380000,-1.37921906,2.85669793,-8.69151278,-4.98335917,0.88263656,0
14.400000,-1.37611085,2.77272017,-8.53674399,-4.97576722,0.881357609,0
14.420000,-1.37290371,2.68625305,-8.38990908,-4.96868519,0.880070773,0
14.440000,-1.36959729,2.59732292,-8.25610515,-4.96211454,0.878776598,0
14.460000,-1.36619127,2.50595695,-8.13902574,-4.95605644,0.87747563,0
14.480000,-1.36268528,2.41218314,-8.04080641,-4.95051176,0.876168411,0
14.500000,-1.35907894,2.31603029,-7.96214486,-4.94548106,0.874855487,0
14.520000,-1.35537189,2.21752801,-7.90259367,-4.94096461,0.873537401,0
14.540000,-1.35156373,2.11670669,-7.8609152,-4.93696237,0.872214695,0
14.560000,-1.34765406,2.01359746,-7.83541557,-4.93347402,0.870887912,0
14.580000,-1.34364248,1.90823225,-7.82421248,-4.93049895,0.869557593,0
14.600000,-1.33952861,1.80064371,-7.82542455,-4.92803625,0.868224278,0
14.620000,-1.33531204,1.6908652,-7.83728908,-4.92608476,0.866888507,0
14.640000,-1.33099239,1.5789308,-7.85822406,-4.92464299,0.865550817,0
14.660000,-1.32656929,1.4648753,-7.88685136,-4.92370922,0.864211747,0
14.680000,-1.32204237,1.34873414,-7.9219954,-4.92328143,0.862871831,0
14.700000,-1.3174113,1.23054343,-7.96266806,-4.92335734,0.861531604,0
14.720000,-1.31267577,1.11033991,-8.00804719,-4.9239344,0.860191599,0
14.740000,-1.30783548,0.988160976,-8.05745326,-4.9250098,0.858852347,0
14.760000,-1.30289018,0.864044591,-8.11032672,-4.92658048,0.857514378,0
14.780000,-1.29783966,0.738029324,-8.16620761,-4.9286431,0.856178218,0
14.800000,-1.29268374,0.610154309,-8.22471764,-4.9311941,0.854844394,0
14.820000,-1.28742229,0.480459227,-8.28554508,-4.93422966,0.853513428,0
14.840000,-1.28205524,0.34898429,-8.34843217,-4.93774569,0.852185842,0
14.860000,-1.27658257,0.215770215,-8.4131647,-4.94173791,0.850862155,0
14.880000,-1.27100431,0.0808582118,-8.47956363,-4.94620178,0.849542883,0
14.900000,-1.26532057,-0.0557100449,-8.54747814,-4.95113251,0.848228539,0
14.920000,-1.25953153,-0.193892432,-8.61678022,-4.95652512,0.846919633,0
14.940000,-1.25363745,-0.333646399,-8.68736012,-4.96237438,0.845616674,0
14.960000,-1.24763865,-0.474928994,-8.75912287,-4.96867485,0.844320165,0
14.980000,-1.24153556,-0.617696877,-8.8319854,-4.97542088,0.843030608,0
15.000000,-1.23532867,-0.76190635,-8.90587422,-4.9826066,0.8417485,0
15.020000,-1.2290186,-0.907513373,-8.98072362,-4.99022595,0.840474336,0
15.040000,-1.22260603,-1.05447359,-9.05647419,-4.99827267,0.839208605,0
15.060000,-1.21609177,-1.20274235,-9.13307163,-5.00674027,0.837951794,0
15.080000,-1.20947672,-1.35227472,-9.21046581,-5.01562211,0.836704385,0
15.100000,-1.20276191,-1.50302552,-9.28861001,-5.02491134,0.835466855,0
15.120000,-1.19594845,-1.65494936,-9.36746031,-5.03460094,0.834239677,0
15.140000,-1.18903759,-1.80800062,-9.44697508,-5.04468371,0.833023321,0
15.160000,-1.18203069,-1.9621335,-9.52711461,-5.05515226,0.831818249,0
15.180000,-1.17492925,-2.11730205,-9.60784075,-5.06599907,0.83062492,0
15.200000,-1.16773488,-2.27346018,-9.68911671,-5.07721641,0.829443788,0
15.220000,-1.1604493,-2.43056167,-9.7709068,-5.08879644,0.8282753,0
15.240000,-1.15307439,-2.58856024,-9.85317629,-5.10073113,0.827119899,0
15.260000,-1.14561215,-2.7474095,-9.93589126,-5.11301234,0.82597802,0
15.280000,-1.13806471,-2.90706305,-10.0190185,-5.12563176,0.824850095,0
15.300000,-1.13043433,-3.06747445,-10.1025255,-5.13858095,0.823736548,0
15.320000,-1.1227234,-3.22859724,-10.1863801,-5.15185135,0.822637797,0
15.340000,-1.11493447,-3.39038502,-10.2705509,-5.16543427,0.821554253,0
15.360000,-1.1070702,-3.55279141,-10.3550068,-5.17932089,0.82048632,0
15.380000,-1.09913338,-3.7157701,-10.4397172,-5.19350229,0.819434397,0
15.400000,-1.09112695,-3.87927486,-10.5246518,-5.20796943,0.818398874,0
15.420000,-1.08305398,-4.04325959,-10.6097807,-5.22271315,0.817380135,0
15.440000,-1.07491766,-4.20767831,-10.6950745,-5.23772418,0.816378555,0
15.460000,-1.06672133,-4.37248519,-10.780504,-5.2529931,0.815394503,0
15.480000,-1.05846843,-4.53763459,-10.8660405,-5.26851032,0.814428339,0
15.500000,-1.05016255,-4.70308106,-10.9516554,-5.28426597,0.813480415,0
15.520000,-1.04180738,-4.86877937,-11.0373207,-5.30024974,0.812551076,0
15.540000,-1.03340675,-5.03468453,-11.1230087,-5.3164505,0.811640658,0
15.560000,-1.0249646,-5.20075181,-11.2086918,-5.33285563,0.810749487,0
15.580000,-1.01648497,-5.36693677,-11.2943431,-5.34944963,0.809877884,0
15.600000,-1.007972,-5.53319526,-11.3799358,-5.36621159,0.809026157,0
15.620000,-0.99942994,-5.69948346,-11.4654436,-5.38311016,0.808194607,0
15.640000,-0.990863037,-5.8657579,-11.5508405,-5.40009417,0.807383527,0
15.660000,-0.98227538,-6.03197546,-11.636101,-5.41707481,0.8065932,0
15.680000,-0.973670193,-6.1980934,-11.7211996,-5.43389232,0.805823897,0
15.700000,-0.965047387,-6.36406941,-11.8061117,-5.45025415,0.805075882,0
15.720000,-0.956394813,-6.52986155,-11.8908128,-5.46562145,0.80434941,0
15.740000,-0.947657179,-6.69542838,-11.9752788,-5.47900488,0.803644724,0
15.760000,-0.938625922,-6.86072886,-12.0594861,-5.48860731,0.802962059,0
15.780000,-0.928551073,-7.02572246,-12.1434114,-5.49123043,0.802301638,0
15.800000,-0.914787405,-7.19036915,-12.2270319,-5.48138361,0.801663674,0
15.820000,-0.88819829,-7.35462937,-12.3103253,-5.45022454,0.801048372,0
15.840000,-0.818849442,-7.51846412,-12.3932696,-5.38509786,0.800455925,0
15.860000,-0.623867038,-7.68183494,-12.4758433,-5.27173473,0.799886514,0
15.880000,-0.174781009,-7.84470392,-12.5580254,-5.10197441,0.799340312,0
15.900000,0.448456502,-8.00703374,-12.6397952,-4.88576587,0.79881748,0
15.920000,0.894936136,-8.16878766,-12.7211328,-4.65558498,0.798318168,0
15.940000,1.08958657,-8.32992954,-12.8020183,-4.45135181,0.797842516,0
15.960000,1.15969559,-8.49042389,-12.8824326,-4.29785678,0.797390653,0
15.980000,1.18677767,-8.65023582,-12.9623571,-4.19774161,0.796962697,0
16.000000,1.20057772,-8.80933111,-13.0417734,-4.14042869,0.796558754,0
16.020000,1.21036592,-8.9676762,-13.120664,-4.11264757,0.79617892,0
16.040000,1.21890916,-9.12523821,-13.1990115,-4.10358435,0.795823282,0
16.060000,1.22702434,-9.28198493,-13.2767993,-4.10584232,0.795491912,0
16.080000,1.23495081,-9.43788487,-13.3540112,-4.11477831,0.795184873,0
16.100000,1.24275674,-9.59290725,-13.4306314,-4.12760071,0.794902219,0
16.120000,1.25045926,-9.747022,-13.5066447,-4.14266505,0.794643989,0
16.140000,1.2580603,-9.90019979,-13.5820365,-4.15900979,0.794410214,0
16.160000,1.26555718,-10.052412,-13.6567927,-4.1760725,0.794200913,0
16.180000,1.27294594,-10.2036309,-13.7308996,-4.19352221,0.794016094,0
16.200000,1.28022224,-10.3538293,-13.8043441,-4.21116212,0.793855754,0
16.220000,1.28738171,-10.502981,-13.8771137,-4.22887331,0.793719879,0
16.240000,1.29442002,-10.6510604,-13.9491963,-4.24658239,0.793608444,0
16.260000,1.30133297,-10.7980428,-14.0205804,-4.26424274,0.793521413,0
16.280000,1.30811641,-10.9439042,-14.091255,-4.28182358,0.793458738,0
16.300000,1.31476636,-11.0886216,-14.1612097,-4.29930362,0.793420361,0
16.320000,1.3212789,-11.2321725,-14.2304346,-4.31666738,0.793406213,0
16.340000,1.32765029,-11.3745355,-14.2989203,-4.33390289,0.793416212,0
16.360000,1.33387687,-11.5156899,-14.366658,-4.35100047,0.793450266,0
16.380000,1.33995513,-11.6556157,-14.4336393,-4.36795184,0.793508273,0
16.400000,1.34588171,-11.7942939,-14.4998565,-4.38474974,0.793590116,0
16.420000,1.35165337,-11.9317062,-14.5653023,-4.40138759,0.793695671,0
16.440000,1.35726701,-12.0678353,-14.62997,-4.41785932,0.793824801,0
16.460000,1.36271968,-12.2026646,-14.6938535,-4.43415927,0.793977359,0
16.480000,1.36800857,-12.3361782,-14.7569469,-4.45028213,0.794153185,0
16.500000,1.37313104,-12.4683615,-14.8192452,-4.46622287,0.794352111,0
16.520000,1.37808457,-12.5992001,-14.8807437,-4.48197677,0.794573957,0
16.540000,1.38286681,-12.728681,-14.9414384,-4.49753933,0.794818533,0
16.560000,1.38747557,-12.8567916,-15.0013255,-4.51290633,0.795085639,0
16.580000,1.39190879,-12.9835205,-15.060402,-4.52807379,0.795375063,0
16.600000,1.39616459,-13.1088569,-15.1186652,-4.54303796,0.795686586,0
16.620000,1.40024122,-13.2327908,-15.1761131,-4.55779534,0.796019978,0
16.640000,1.40413711,-13.3553132,-15.2327439,-4.57234266,0.796374998,0
16.660000,1.40785083,-13.4764158,-15.2885566,-4.58667689,0.796751397,0
16.680000,1.41138111,-13.5960911,-15.3435504,-4.60079525,0.797148917,0
16.700000,1.41472682,-13.7143325,-15.3977252,-4.61469516,0.797567288,0
16.720000,1.41788701,-13.8311342,-15.4510812,-4.6283743,0.798006234,0
16.740000,1.42086086,-13.9464911,-15.5036191,-4.64183059,0.798465468,0
16.760000,1.42364769,-14.060399,-15.55534,-4.65506215,0.798944693,0
16.780000,1.426247,-14.1728545,-15.6062457,-4.66806736,0.799443607,0
16.800000,1.42865841,-14.2838548,-15.656338,-4.68084481,0.799961894,0
16.820000,1.4308817,-14.3933981,-15.7056195,-4.69339332,0.800499234,0
16.840000,1.43291677,-14.5014833,-15.754093,-4.70571195,0.801055294,0
16.860000,1.43476368,-14.6081099,-15.8017618,-4.71779995,0.801629736,0
16.880000,1.43642262,-14.7132784,-15.8486296,-4.72965681,0.802222211,0
16.900000,1.4378939,-14.8169899,-15.8947004,-4.74128224,0.802832364,0
16.920000,1.43917797,-14.9192462,-15.9399787,-4.75267614,0.803459829,0
16.940000,1.44027542,-15.0200499,-15.9844693,-4.76383863,0.804104235,0
16.960000,1.44118694,-15.1194042,-16.0281773,-4.77477006,0.8047652,0
16.980000,1.44191335,-15.2173132,-16.0711083,-4.78547093,0.805442336,0
17.000000,1.44245558,-15.3137815,-16.1132681,-4.79594199,0.806135248,0
17.020000,1.44281469,-15.4088144,-16.154663,-4.80618414,0.806843531,0
17.040000,1.44299183,-15.5024179,-16.1952993,-4.81619851,0.807566775,0
17.060000,1.44298825,-15.5945987,-16.2351839,-4.82598636,0.808304561,0
17.080000,1.44280532,-15.685364,-16.2743239,-4.83554919,0.809056463,0
17.100000,1.4424445,-15.7747218,-16.3127266,-4.84488862,0.80982205,0
17.120000,1.44190734,-15.8626805,-16.3503999,-4.85400649,0.810600881,0
17.140000,1.44119547,-15.9492494,-16.3873515,-4.86290475,0.811392512,0
17.160000,1.44031062,-16.034438,-16.4235896,-4.87158554,0.812196489,0
17.180000,1.43925459,-16.1182566,-16.4591226,-4.88005116,0.813012354,0
17.200000,1.43802926,-16.2007161,-16.4939592,-4.88830403,0.813839641,0
17.220000,1.43663659,-16.2818279,-16.5281083,-4.89634674,0.814677879,0
17.240000,1.43507859,-16.3616038,-16.5615788,-4.90418198,0.815526592,0
17.260000,1.43335734,-16.4400562,-16.59438,-4.9118126,0.816385295,0
17.280000,1.43147499,-16.517198,-16.6265215,-4.91924156,0.817253501,0
17.300000,1.42943375,-16.5930427,-16.6580126,-4.92647195,0.818130716,0
17.320000,1.42723586,-16.667604,-16.6888633,-4.93350694,0.819016439,0
17.340000,1.42488363,-16.7408963,-16.7190835,-4.94034984,0.819910167,0
17.360000,1.4223794,-16.8129344,-16.7486831,-4.94700405,0.82081139,0
17.380000,1.41972556,-16.8837333,-16.7776724,-4.95347304,0.821719594,0
17.400000,1.41692454,-16.9533086,-16.8060616,-4.9597604,0.82263426,0
17.420000,1.4139788,-17.0216764,-16.8338612,-4.96586978,0.823554864,0
17.440000,1.41089082,-17.0888529,-16.8610815,-4.97180492,0.824480879,0
17.460000,1.40766313,-17.1548548,-16.8877332,-4.97756962,0.825411772,0
17.480000,1.40429826,-17.2196992,-16.913827,-4.98316778,0.826347008,0
17.500000,1.40079879,-17.2834034,-16.9393734,-4.98860332,0.827286047,0
17.520000,1.39716729,-17.3459851,-16.9643832,-4.99388027,0.828228345,0
17.540000,1.39340637,-17.4074623,-16.9888672,-4.99900271,0.829173356,0
17.560000,1.38951863,-17.4678532,-17.0128362,-5.00397482,0.83012053,0
17.580000,1.38550669,-17.5271764,-17.0363011,-5.00880087,0.831069313,0
17.600000,1.38137319,-17.5854507,-17.0592726,-5.01348526,0.832019149,0
17.620000,1.37712076,-17.6426949,-17.0817616,-5.01803261,0.83296948,0
17.640000,1.37275203,-17.6989285,-17.1037789,-5.02244782,0.833919744,0
17.660000,1.36826965,-17.7541708,-17.1253353,-5.02673621,0.834869377,0
17.680000,1.36367625,-17.8084414,-17.1464416,-5.03090385,0.835817814,0
17.700000,1.35897448,-17.8617601,-17.1671085,-5.0349579,0.836764487,0
17.720000,1.35416695,-17.9141469,-17.1873467,-5.03890738,0.837708826,0
17.740000,1.3492563,-17.965622,-17.2071668,-5.04276427,0.83865026,0
17.760000,1.34424515,-18.0162055,-17.2265793,-5.04654551,0.839588217,0
17.780000,1.3391361,-18.0659179,-17.2455949,-5.05027622,0.840522124,0
17.800000,1.33393175,-18.1147795,-17.2642238,-5.05399521,0.841451405,0
17.820000,1.32863469,-18.162811,-17.2824764,-5.05776435,0.842375486,0
17.840000,1.3232475,-18.2100329,-17.3003629,-5.06168448,0.84329379,0
17.860000,1.31777274,-18.256466,-17.3178935,-5.06592284,0.844205743,0
17.880000,1.31221295,-18.302131,-17.3350782,-5.07076013,0.845110767,0
17.900000,1.30657068,-18.3470486,-17.3519268,-5.07667137,0.846008287,0
17.920000,1.30084845,-18.3912397,-17.3684492,-5.08446438,0.846897728,0
17.940000,1.29504875,-18.4347251,-17.3846549,-5.0955135,0.847778513,0
17.960000,1.28917407,-18.4775256,-17.4005535,-5.11214288,0.84865007,0
17.980000,1.2832269,-18.519662,-17.4161544,-5.13821875,0.849511825,0
18.000000,1.27720968,-18.5611549,-17.4314668,-5.17995209,0.850363205,0
18.020000,1.27112485,-18.6020252,-17.4464998,-5.24665933,0.851203641,0
18.040000,1.26497485,-18.6422935,-17.4612622,-5.35054293,0.852032564,0
18.060000,1.25876206,-18.6819803,-17.4757629,-5.50344292,0.852849407,0
18.080000,1.2524889,-18.7211063,-17.4900103,-5.70854632,0.853653605,0
18.100000,1.24615773,-18.7596918,-17.5040131,-5.95016924,0.854444597,0
18.120000,1.23977091,-18.7977572,-17.5177793,-6.19361713,0.855221822,0
18.140000,1.23333079,-18.8353226,-17.531317,-6.40245147,0.855984725,0
18.160000,1.22683969,-18.8724083,-17.5446342,-6.55792948,0.856732752,0
18.180000,1.22029994,-18.9090341,-17.5577385,-6.66183013,0.857465352,0
18.200000,1.21371383,-18.9452199,-17.5706375,-6.72643381,0.85818198,0
18.220000,1.20708365,-18.9809854,-17.5833384,-6.76499906,0.858882092,0
18.240000,1.20041168,-19.0163501,-17.5958483,-6.78768955,0.85956515,0
18.260000,1.19370018,-19.0513332,-17.6081743,-6.80117025,0.860230619,0
18.280000,1.18695141,-19.0859541,-17.620323,-6.80946435,0.860877971,0
18.300000,1.18016761,-19.1202317,-17.632301,-6.81488958,0.861506679,0
18.320000,1.17335101,-19.1541847,-17.6441146,-6.81874496,0.862116225,0
18.340000,1.16650383,-19.1878317,-17.6557698,-6.82174639,0.862706094,0
18.360000,1.15962829,-19.2211911,-17.6672728,-6.82428418,0.863275776,0
18.380000,1.1527266,-19.254281,-17.678629,-6.82656964,0.863824768,0
18.400000,1.14580095,-19.2871193,-17.6898441,-6.82871679,0.864352573,0
18.420000,1.13885355,-19.3197238,-17.7009233,-6.83078706,0.8648587,0
18.440000,1.13188657,-19.3521117,-17.7118717,-6.83281372,0.865342663,0
18.460000,1.12490222,-19.3843003,-17.7226943,-6.83481496,0.865803986,0
18.480000,1.11790267,-19.4163065,-17.7333956,-6.83680092,0.866242197,0
18.500000,1.1108901,-19.448147,-17.7439802,-6.83877745,0.866656832,0
18.520000,1.10386669,-19.4798381,-17.7544522,-6.84074813,0.867047434,0
18.540000,1.09683462,-19.5113959,-17.7648158,-6.84271525,0.867413554,0
18.560000,1.08979606,-19.5428362,-17.7750748,-6.84468043,0.867754752,0
18.580000,1.0827532,-19.5741745,-17.7852327,-6.84664486,0.868070594,0
18.600000,1.0757082,-19.6054262,-17.7952931,-6.84860951,0.868360654,0
18.620000,1.06866326,-19.636606,-17.8052592,-6.85057513,0.868624517,0
18.640000,1.06162055,-19.6677286,-17.815134,-6.85254237,0.868861774,0
18.660000,1.05458227,-19.6988083,-17.8249203,-6.85451176,0.869072027,0
18.680000,1.0475506,-19.7298592,-17.8346207,-6.85648374,0.869254886,0
18.700000,1.04052773,-19.7608947,-17.8442377,-6.85845864,0.869409969,0
18.720000,1.03351586,-19.7919284,-17.8537735,-6.86043672,0.869536906,0
18.740000,1.02651719,-19.8229732,-17.8632301,-6.86241815,0.869635334,0
18.760000,1.01953388,-19.8540417,-17.8726095,-6.86440302,0.869704903,0
18.780000,1.01256805,-19.8851464,-17.8819132,-6.86639136,0.86974527,0
18.800000,1.00562159,-19.9162992,-17.8911427,-6.86838308,0.869756103,0
18.820000,0.9986958,-19.9475117,-17.9002995,-6.87037806,0.869737082,0
18.840000,0.991790142,-19.9787953,-17.9093845,-6.87237609,0.869687896,0
18.860000,0.984898676,-20.010161,-17.9183987,-6.87437688,0.869608243,0
18.880000,0.977999391,-20.0416192,-17.9273429,-6.87638009,0.869497836,0
18.900000,0.971022363,-20.0731804,-17.9362178,-6.87838531,0.869356396,0
18.920000,0.963754541,-20.1048543,-17.9450237,-6.88039205,0.869183655,0
18.940000,0.955554902,-20.1366506,-17.953761,-6.88239978,0.868979358,0
18.960000,0.944505689,-20.1685783,-17.9624298,-6.8844079,0.86874326,0
18.980000,0.924924813,-20.2006464,-17.97103,-6.88641575,0.868475128,0
19.000000,0.880461059,-20.2328633,-17.9795615,-6.88842263,0.868174742,0
19.020000,0.768087244,-20.265237,-17.988024,-6.89042776,0.86784189,0
19.040000,0.501553819,-20.2977754,-17.9964171,-6.89243034,0.867476377,0
19.060000,0.0185362091,-20.3304857,-18.0047401,-6.8944295,0.867078015,0
19.080000,-0.524869528,-20.3633751,-18.0129923,-6.89642434,0.866646632,0
19.100000,-0.885747082,-20.3964501,-18.0211729,-6.8984139,0.866182067,0
19.120000,-1.05161292,-20.429717,-18.029281,-6.9003972,0.865684169,0
19.140000,-1.11721782,-20.4631818,-18.0373154,-6.90237319,0.865152803,0
19.160000,-1.14389948,-20.49685,-18.0452749,-6.90434082,0.864587843,0
19.180000,-1.15692444,-20.5307269,-18.0531583,-6.90629898,0.86398918,0
19.200000,-1.16529333,-20.5648172,-18.0609642,-6.90824654,0.863356712,0
19.220000,-1.17206102,-20.5991255,-18.0686911,-6.91018233,0.862690354,0
19.240000,-1.17824751,-20.6336558,-18.0763374,-6.91210517,0.861990031,0
19.260000,-1.18419091,-20.668412,-18.0839015,-6.91401384,0.861255683,0
19.280000,-1.19000221,-20.7033975,-18.0913815,-6.91590709,0.860487262,0
19.300000,-1.19571683,-20.7386153,-18.0987758,-6.91778367,0.859684731,0
19.320000,-1.20134505,-20.7740681,-18.1060824,-6.91964231,0.858848068,0
19.340000,-1.20688875,-20.8097585,-18.1132994,-6.9214817,0.857977263,0
19.360000,-1.212347,-20.8456882,-18.1204247,-6.92330055,0.857072319,0
19.380000,-1.21771794,-20.8818592,-18.1274565,-6.92509752,0.856133253,0
19.400000,-1.22299939,-20.9182726,-18.1343925,-6.92687129,0.855160092,0
19.420000,-1.2281891,-20.9549295,-18.1412306,-6.92862052,0.854152878,0
19.440000,-1.23328476,-20.9918307,-18.1479688,-6.93034386,0.853111667,0
19.460000,-1.23828407,-21.0289764,-18.1546049,-6.93203998,0.852036525,0
19.480000,-1.24318475,-21.0663667,-18.1611366,-6.93370751,0.850927533,0
19.500000,-1.24798452,-21.1040013,-18.1675618,-6.9353451,0.849784784,0
19.520000,-1.25268112,-21.1418796,-18.1738784,-6.93695141,0.848608384,0
19.540000,-1.25727231,-21.1800007,-18.1800841,-6.9385251,0.847398452,0
19.560000,-1.26175585,-21.2183634,-18.1861769,-6.94006481,0.846155118,0
19.580000,-1.26612954,-21.256966,-18.1921546,-6.94156923,0.844878528,0
19.600000,-1.27039119,-21.2958069,-18.1980152,-6.94303701,0.843568837,0
19.620000,-1.27453865,-21.3348838,-18.2037567,-6.94446686,0.842226216,0
19.640000,-1.27856978,-21.3741944,-18.2093771,-6.94585746,0.840850846,0
19.660000,-1.28248246,-21.4137359,-18.2148748,-6.94720753,0.839442921,0
19.680000,-1.28627462,-21.4535054,-18.2202478,-6.94851579,0.838002649,0
19.700000,-1.2899442,-21.4934996,-18.2254948,-6.94978099,0.836530247,0
19.720000,-1.29348918,-21.5337151,-18.2306143,-6.95100189,0.835025948,0
19.740000,-1.29690757,-21.5741479,-18.2356052,-6.95217727,0.833489995,0
19.760000,-1.30019743,-21.6147942,-18.2404665,-6.95330592,0.831922643,0
19.780000,-1.30335683,-21.6556495,-18.2451975,-6.95438667,0.83032416,0
19.800000,-1.3063839,-21.6967093,-18.249798,-6.95541837,0.828694825,0
19.820000,-1.30927679,-21.7379689,-18.2542683,-6.95639988,0.82703493,0
19.840000,-1.31203372,-21.7794233,-18.2586089,-6.9573301,0.825344777,0
19.860000,-1.31465294,-21.8210671,-18.2628212,-6.95820795,0.823624681,0
19.880000,-1.31713272,-21.862895,-18.2669074,-6.95903238,0.821874968,0
19.900000,-1.31947142,-21.9049012,-18.2708704,-6.95980236,0.820095975,0
19.920000,-1.32166742,-21.9470798,-18.2747146,-6.9605169,0.81828805,0
19.940000,-1.32371916,-21.9894248,-18.2784456,-6.96117505,0.816451554,0
19.960000,-1.32562513,-22.0319297,-18.2820709,-6.96177585,0.814586857,0
19.980000,-1.32738388,-22.0745883,-18.2855998,-6.96231843,0.81269434,0
20.000000,-1.32899399,-22.1173937,-18.2890447,-6.9628019,0.810774397,0
20.020000,-1.33045414,-22.160339,-18.2924211,-6.96322544,0.80882743,0
20.040000,-1.33176302,-22.2034174,-18.2957482,-6.96358824,0.806853852,0
20.060000,-1.33291942,-22.2466215,-18.2990506,-6.96388954,0.804854088,0
20.080000,-1.33392216,-22.2899441,-18.3023588,-6.9641286,0.802828572,0
20.100000,-1.33477014,-22.3333775,-18.3057107,-6.96430475,0.800777748,0
20.120000,-1.33546233,-22.3769141,-18.3091538,-6.9644173,0.798702069,0
20.140000,-1.33599774,-22.4205462,-18.3127467,-6.96446565,0.796602001,0
20.160000,-1.33637547,-22.4642658,-18.3165625,-6.96444922,0.794478016,0
20.180000,-1.33659468,-22.5080648,-18.3206912,-6.96436744,0.792330597,0
20.200000,-1.3366546,-22.5519351,-18.3252444,-6.96421983,0.790160238,0
20.220000,-1.33655451,-22.5958683,-18.3303594,-6.96400589,0.787967439,0
20.240000,-1.3362938,-22.6398559,-18.3362054,-6.96372521,0.785752712,0
20.260000,-1.33587191,-22.6838896,-18.3429899,-6.96337739,0.783516575,0
20.280000,-1.33528834,-22.7279606,-18.3509666,-6.96296208,0.781259557,0
20.300000,-1.33454268,-22.7720603,-18.3604447,-6.96247895,0.778982196,0
20.320000,-1.33363461,-22.8161798,-18.3717988,-6.96192774,0.776685035,0
20.340000,-1.33256386,-22.8603102,-18.3854805,-6.9613082,0.774368628,0
20.360000,-1.33133024,-22.9044426,-18.4020298,-6.96062015,0.772033537,0
20.380000,-1.32993364,-22.948568,-18.4220863,-6.9598634,0.769680332,0
20.400000,-1.32837405,-22.9926772,-18.4463992,-6.95903786,0.767309588,0
20.420000,-1.3266515,-23.0367612,-18.4758329,-6.95814344,0.76492189,0
20.440000,-1.32476612,-23.0808106,-18.511366,-6.95718009,0.762517831,0
20.460000,-1.32271812,-23.1248162,-18.5540803,-6.95614782,0.760098009,0
20.480000,-1.32050779,-23.1687687,-18.6051341,-6.95504666,0.757663028,0
20.500000,-1.31813549,-23.2126588,-18.6657148,-6.95387668,0.755213501,0
20.520000,-1.31560167,-23.256477,-18.7369669,-6.952638,0.752750042,0
20.540000,-1.31290686,-23.3002139,-18.8198922,-6.95133077,0.750273266,0
20.560000,-1.31005166,-23.3438601,-18.9152241,-6.94995517,0.747783777,0
20.580000,-1.30703676,-23.3874061,-19.0232845,-6.94851145,0.745282143,0
20.600000,-1.30386292,-23.4308424,-19.1438414,-6.94699985,0.742768824,0
20.620000,-1.300531,-23.4741595,-19.2759918,-6.94542068,0.740243995,0
20.640000,-1.29704192,-23.5173478,-19.4181018,-6.94377428,0.737707072,0
20.660000,-1.29339669,-23.5603979,-19.5678298,-6.94206103,0.735155459,0
20.680000,-1.28959639,-23.6033001,-19.7222491,-6.94028132,0.732581217,0
20.700000,-1.28564219,-23.6460449,-19.8780614,-6.93843561,0.72996215,0
20.720000,-1.28153534,-23.6886228,-20.0318729,-6.93652437,0.727237849,0
20.740000,-1.27727715,-23.7310241,-20.1804833,-6.93454813,0.724245028,0
20.760000,-1.27286903,-23.7732395,-20.321139,-6.93250742,0.720542652,0
20.780000,-1.26831244,-23.8152592,-20.451708,-6.93040283,0.714940037,0
20.800000,-1.26360895,-23.8570737,-20.5707612,-6.92823497,0.704241308,0
20.820000,-1.25876017,-23.8986736,-20.6775607,-6.92600449,0.680058155,0
20.840000,-1.25376782,-23.9400493,-20.7719796,-6.92371207,0.621820807,0
20.860000,-1.24863366,-23.9811912,-20.8543801,-6.92135841,0.488008982,0
20.880000,-1.24335955,-24.0220899,-20.9254775,-6.91894426,0.233024716,0
20.900000,-1.23794741,-24.0627358,-20.9862111,-6.91647038,-0.106470841,0
20.920000,-1.23239921,-24.1031195,-21.0376352,-6.91393758,-0.391251445,0
20.940000,-1.22671703,-24.1432315,-21.0808344,-6.91134667,-0.55131278,0
20.960000,-1.220903,-24.1830623,-21.1168633,-6.90869851,-0.62243456,0
20.980000,-1.21495931,-24.2226026,-21.1467081,-6.90599399,-0.651539602,0
21.000000,-1.20888821,-24.2618427,-21.171265,-6.90323401,-0.663900751,0
21.020000,-1.20269205,-24.3007734,-21.191331,-6.9004195,-0.670021449,0
21.040000,-1.19637321,-24.3393852,-21.2076032,-6.89755143,-0.673875005,0
21.060000,-1.18993415,-24.3776686,-21.220684,-6.89463077,-0.676911698,0
21.080000,-1.18337737,-24.4156143,-21.2310886,-6.89165852,-0.679653084,0
21.100000,-1.17670546,-24.4532129,-21.2392549,-6.88863573,-0.68228522,0
21.120000,-1.16992104,-24.490455,-21.2455524,-6.88556343,-0.684873948,0
21.140000,-1.16302682,-24.5273311,-21.250292,-6.88244269,-0.687442216,0
21.160000,-1.15602552,-24.563832,-21.2537344,-6.87927461,-0.689997706,0
21.180000,-1.14891996,-24.5999481,-21.256098,-6.87606029,-0.692542676,0
21.200000,-1.14171298,-24.6356701,-21.2575653,-6.87280087,-0.695077464,0
21.220000,-1.13440749,-24.6709887,-21.2582888,-6.86949748,-0.697601725,0
21.240000,-1.12700645,-24.7058942,-21.2583961,-6.86615129,-0.700114875,0
21.260000,-1.11951284,-24.7403774,-21.257994,-6.86276347,-0.702616246,0
21.280000,-1.11192973,-24.7744288,-21.2571719,-6.85933522,-0.705105142,0
21.300000,-1.1042602,-24.8080389,-21.256005,-6.85586774,-0.707580858,0
21.320000,-1.09650739,-24.8411982,-21.2545565,-6.85236225,-0.710042688,0
21.340000,-1.08867449,-24.8738972,-21.2528797,-6.84881999,-0.712489928,0
21.360000,-1.0807647,-24.9061263,-21.2510196,-6.84524219,-0.714921875,0
21.380000,-1.07278129,-24.937876,-21.2490145,-6.84163011,-0.71733783,0
21.400000,-1.06472755,-24.9691367,-21.2468971,-6.837985,-0.719737098,0
21.420000,-1.05660682,-24.9998986,-21.2446952,-6.83430815,-0.722118985,0
21.440000,-1.04842247,-25.0301521,-21.2424327,-6.83060083,-0.724482805,0
21.460000,-1.04017788,-25.0598874,-21.2401303,-6.82686432,-0.726827874,0
21.480000,-1.03187649,-25.0890948,-21.2378057,-6.82309992,-0.729153511,0
21.500000,-1.02352177,-25.1177642,-21.2354745,-6.81930892,-0.731459043,0
21.520000,-1.01511719,-25.1458859,-21.2331501,-6.81549262,-0.733743801,0
21.540000,-1.00666628,-25.1734497,-21.2308445,-6.81165233,-0.736007119,0
21.560000,-0.998172569,-25.2004458,-21.2285679,-6.80778935,-0.73824834,0
21.580000,-0.989639624,-25.2268638,-21.2263296,-6.80390499,-0.740466811,0
21.600000,-0.98107103,-25.2526936,-21.2241377,-6.80000056,-0.742661884,0
21.620000,-0.972470391,-25.277925,-21.2219994,-6.79607736,-0.744832921,0
21.640000,-0.963841333,-25.3025476,-21.2199211,-6.7921367,-0.746979286,0
21.660000,-0.955187496,-25.3265511,-21.2179084,-6.78817989,-0.749100353,0
21.680000,-0.946512538,-25.3499252,-21.2159664,-6.78420822,-0.751195502,0
21.700000,-0.93782013,-25.3726596,-21.2140995,-6.780223,-0.75326412,0
21.720000,-0.929113956,-25.3947444,-21.2123116,-6.77622552,-0.755305603,0
21.740000,-0.920397711,-25.4161702,-21.2106063,-6.77221706,-0.757319353,0
21.760000,-0.911675099,-25.4369289,-21.2089865,-6.76819891,-0.759304782,0
21.780000,-0.902949832,-25.4570145,-21.2074548,-6.76417232,-0.761261307,0
21.800000,-0.894225629,-25.4764254,-21.2060134,-6.76013855,-0.763188359,0
21.820000,-0.885506211,-25.4951685,-21.2046642,-6.75609881,-0.765085371,0
21.840000,-0.876795306,-25.5132667,-21.2034086,-6.75205426,-0.766951791,0
21.860000,-0.86809664,-25.5307741,-21.2022476,-6.74800589,-0.768787074,0
21.880000,-0.859413939,-25.5478052,-21.201182,-6.74395443,-0.770590682,0
21.900000,-0.850750928,-25.5645923,-21.2002121,-6.73989988,-0.772362091,0
21.920000,-0.842111326,-25.5816,-21.1993378,-6.73584069,-0.774100783,0
21.940000,-0.833498849,-25.5997496,-21.1985588,-6.73177175,-0.775806253,0
21.960000,-0.824917203,-25.6208662,-21.1978741,-6.72767968,-0.777478005,0
21.980000,-0.816370084,-25.6485527,-21.1972826,-6.72353213,-0.779115554,0
22.000000,-0.807861172,-25.6898579,-21.1967824,-6.7192529,-0.780718425,0
22.020000,-0.799394122,-25.758257,-21.1963713,-6.71466457,-0.782286155,0
22.040000,-0.790972532,-25.8781675,-21.1960466,-6.70935623,-0.78381829,0
22.060000,-0.782599838,-26.0888756,-21.1958048,-6.70238023,-0.78531439,0
22.080000,-0.774278971,-26.4382466,-21.1956418,-6.69156677,-0.786774024,0
22.100000,-0.766011184,-26.9479567,-21.1955527,-6.67202553,-0.788196775,0
22.120000,-0.757791988,-27.5575897,-21.1955317,-6.63312848,-0.789582236,0
22.140000,-0.749597021,-28.1297673,-21.195572,-6.55365766,-0.790930012,0
22.160000,-0.741332422,-28.5546223,-21.1956653,-6.39904643,-0.792239722,0
22.180000,-0.73265955,-28.817505,-21.1958022,-6.13753757,-0.793510994,0
22.200000,-0.722373282,-28.9618695,-21.1959712,-5.79107479,-0.794743473,0
22.220000,-0.706204904,-29.0357126,-21.1961588,-5.45690225,-0.795936811,0
22.240000,-0.669287928,-29.0717624,-21.1963487,-5.21975032,-0.797090678,0
22.260000,-0.563448223,-29.0884507,-21.1965215,-5.08483253,-0.798204753,0
22.280000,-0.269286358,-29.0952562,-21.1966537,-5.01661006,-0.79927873,0
22.300000,0.309911237,-29.0968304,-21.1967168,-4.98322037,-0.800312315,0
22.320000,0.905940526,-29.0953955,-21.1966761,-4.96624545,-0.801305227,0
22.340000,1.2201505,-29.0919927,-21.1964887,-4.95666674,-0.8022572,0
22.360000,1.33304088,-29.0871006,-21.1961019,-4.9503644,-0.80316798,0
22.380000,1.37095944,-29.0809326,-21.1954502,-4.94551055,-0.804037326,0
22.400000,1.3864685,-29.073579,-21.1944515,-4.94130384,-0.804865012,0
22.420000,1.39566995,-29.0650725,-21.1930028,-4.93739461,-0.805650823,0
22.440000,1.40307484,-29.0554196,-21.1909744,-4.93363057,-0.80639456,0
22.460000,1.40991111,-29.0446147,-21.1882012,-4.92994557,-0.807096038,0
22.480000,1.41650817,-29.0326466,-21.1844732,-4.92631103,-0.807755084,0
22.500000,1.42295252,-29.0195016,-21.1795219,-4.92271477,-0.80837154,0
22.520000,1.42926543,-29.0051651,-21.1730032,-4.91915181,-0.808945261,0
22.540000,1.43545075,-28.9896215,-21.1644748,-4.91562032,-0.809476117,0
22.560000,1.44150778,-28.9728554,-21.153368,-4.91211982,-0.80996399,0
22.580000,1.44743465,-28.954851,-21.1389521,-4.90865044,-0.810408778,0
22.600000,1.45322925,-28.9355926,-21.1202904,-4.90521257,-0.810810391,0
22.620000,1.45888946,-28.9150643,-21.0961881,-4.9018067,-0.811168756,0
22.640000,1.46441327,-28.8932505,-21.0651344,-4.89843334,-0.81148381,0
22.660000,1.46979874,-28.8701354,-21.0252445,-4.89509304,-0.811755506,0
22.680000,1.47504404,-28.8457034,-20.9742131,-4.8917863,-0.811983811,0
22.700000,1.48014743,-28.8199388,-20.9093045,-4.88851365,-0.812168705,0
22.720000,1.4851073,-28.7928261,-20.827416,-4.88527559,-0.812310183,0
22.740000,1.48992213,-28.7643498,-20.7252674,-4.8820726,-0.812408253,0
22.760000,1.49459054,-28.7344946,-20.5997811,-4.87890515,-0.812462936,0
22.780000,1.49911125,-28.7032454,-20.4486968,-4.87577369,-0.812474268,0
22.800000,1.50348311,-28.6705869,-20.2714013,-4.87267867,-0.812442298,0
22.820000,1.50770509,-28.6365044,-20.069823,-4.86962052,-0.812367088,0
22.840000,1.51177627,-28.6009831,-19.8490733,-4.86659964,-0.812248715,0
22.860000,1.51569589,-28.5640083,-19.6174296,-4.86361645,-0.812087267,0
22.880000,1.51946329,-28.5255659,-19.3853852,-4.86067132,-0.811882848,0
22.900000,1.52307796,-28.4856417,-19.1638836,-4.85776465,-0.811635574,0
22.920000,1.52653951,-28.4442218,-18.9623109,-4.85489679,-0.811345573,0
22.940000,1.52984771,-28.4012927,-18.7869876,-4.8520681,-0.811012988,0
22.960000,1.53300245,-28.3568411,-18.6406317,-4.84927893,-0.810637974,0
22.980000,1.53600375,-28.3108541,-18.5227672,-4.84652961,-0.810220699,0
23.000000,1.53885179,-28.2633188,-18.4306882,-4.84382048,-0.809761342,0
23.020000,1.54154689,-28.2142232,-18.3605236,-4.84115186,-0.809260097,0
23.040000,1.54408949,-28.1635552,-18.3081024,-4.83852405,-0.80871717,0
23.060000,1.54648019,-28.1113034,-18.2695124,-4.83593736,-0.808132779,0
23.080000,1.54871974,-28.0574567,-18.2413833,-4.8333921,-0.807507152,0
23.100000,1.55080902,-28.0020043,-18.2209719,-4.83088855,-0.806840532,0
23.120000,1.55274904,-27.9449361,-18.2061342,-4.82842701,-0.806133173,0
23.140000,1.55454099,-27.8862424,-18.1952433,-4.82600776,-0.805385341,0
23.160000,1.55618617,-27.825914,-18.1870916,-4.82363108,-0.804597313,0
23.180000,1.55768602,-27.7639421,-18.1807982,-4.82129725,-0.803769376,0
23.200000,1.55904215,-27.7003188,-18.175729,-4.81900653,-0.802901832,0
23.220000,1.56025626,-27.6350363,-18.1714322,-4.81675921,-0.801994991,0
23.240000,1.56133022,-27.5680878,-18.1675885,-4.81455555,-0.801049175,0
23.260000,1.56226603,-27.4994669,-18.1639741,-4.81239581,-0.800064717,0
23.280000,1.56306581,-27.429168,-18.1604322,-4.81028028,-0.79904196,0
23.300000,1.5637318,-27.357186,-18.1568538,-4.80820921,-0.797981258,0
23.320000,1.5642664,-27.2835165,-18.1531629,-4.80618287,-0.796882976,0
23.340000,1.56467208,-27.2081559,-18.1493063,-4.80420153,-0.795747487,0
23.360000,1.56495147,-27.1311014,-18.1452467,-4.80226545,-0.794575176,0
23.380000,1.56510729,-27.0523507,-18.1409577,-4.80037492,-0.793366437,0
23.400000,1.56514239,-26.9719025,-18.1364199,-4.7985302,-0.792121675,0
23.420000,1.56505968,-26.8897562,-18.1316195,-4.79673156,-0.790841301,0
23.440000,1.56486223,-26.805912,-18.1265458,-4.79497928,-0.789525739,0
23.460000,1.56455315,-26.7203709,-18.1211906,-4.79327365,-0.78817542,0
23.480000,1.56413567,-26.6331349,-18.1155473,-4.79161494,-0.786790784,0
23.500000,1.56361308,-26.5442068,-18.1096107,-4.79000344,-0.785372282,0
23.520000,1.56298878,-26.4535901,-18.1033763,-4.78843944,-0.783920371,0
23.540000,1.5622662,-26.3612895,-18.0968402,-4.78692323,-0.782435516,0
23.560000,1.56144886,-26.2673104,-18.0899994,-4.78545511,-0.780918194,0
23.580000,1.56054033,-26.1716593,-18.0828509,-4.78403538,-0.779368887,0
23.600000,1.55954422,-26.0743436,-18.0753926,-4.78266435,-0.777788085,0
23.620000,1.5584642,-25.9753715,-18.0676223,-4.78134232,-0.776176287,0
23.640000,1.55730396,-25.8747524,-18.0595386,-4.78006962,-0.774533998,0
23.660000,1.55606723,-25.7724966,-18.0511401,-4.77884654,-0.772861733,0
23.680000,1.55475776,-25.6686155,-18.0424259,-4.77767343,-0.771160012,0
23.700000,1.5533793,-25.5631214,-18.0333956,-4.7765506,-0.769429363,0
23.720000,1.55193561,-25.4560275,-18.0240488,-4.77547838,-0.767670321,0
23.740000,1.55043046,-25.3473484,-18.0143859,-4.77445711,-0.765883427,0
23.760000,1.5488676,-25.2370995,-18.0044072,-4.77348712,-0.76406923,0
23.780000,1.54725076,-25.1252971,-17.9941136,-4.77256875,-0.762228284,0
23.800000,1.54558364,-25.0119589,-17.9835065,-4.77170235,-0.760361151,0
23.820000,1.54386993,-24.8971035,-17.9725874,-4.77088826,-0.758468398,0
23.840000,1.54211324,-24.7807504,-17.9613583,-4.77012683,-0.756550598,0
23.860000,1.54031717,-24.6629204,-17.9498216,-4.76941842,-0.75460833,0
23.880000,1.53848524,-24.5436352,-17.9379799,-4.76876336,-0.75264218,0
23.900000,1.5366209,-24.4229177,-17.9258365,-4.76816201,-0.750652737,0
23.920000,1.53472756,-24.3007917,-17.9133947,-4.76761474,-0.748640599,0
23.940000,1.53280853,-24.1772822,-17.9006585,-4.76712189,-0.746606366,0
23.960000,1.53086703,-24.0524151,-17.8876321,-4.76668381,-0.744550644,0
23.980000,1.52890619,-23.9262173,-17.8743201,-4.76630087,-0.742474046,0
24.000000,1.52692907,-23.7987171,-17.8607276,-4.7659734,-0.740377188,0
24.020000,1.52493858,-23.6699434,-17.8468599,-4.76570176,-0.738260691,0
24.040000,1.52293756,-23.5399263,-17.8327229,-4.7654863,-0.736125181,0
24.060000,1.52092871,-23.4086968,-17.8183226,-4.76532735,-0.733971288,0
24.080000,1.51891462,-23.2762871,-17.8036655,-4.76522526,-0.731799647,0
24.100000,1.51689775,-23.1427301,-17.7887586,-4.76518036,-0.729610897,0
24.120000,1.51488044,-23.0080598,-17.7736092,-4.76519298,-0.727405681,0
24.140000,1.51286488,-22.8723112,-17.7582247,-4.76526343,-0.725184647,0
24.160000,1.51085314,-22.73552,-17.7426133,-4.76539203,-0.722948444,0
24.180000,1.50884713,-22.597723,-17.7267831,-4.76557909,-0.720697727,0
24.200000,1.50684864,-22.4589578,-17.710743,-4.7658249,-0.718433156,0
24.220000,1.50485929,-22.3192628,-17.6945018,-4.76612974,-0.716155391,0
24.240000,1.50288056,-22.1786773,-17.678069,-4.7664939,-0.713865097,0
24.260000,1.50091378,-22.0372412,-17.6614541,-4.76691764,-0.711562942,0
24.280000,1.49896014,-21.8949956,-17.6446673,-4.76740119,-0.709249597,0
24.300000,1.49702066,-21.7519818,-17.6277187,-4.76794481,-0.706925738,0
24.320000,1.49509622,-21.6082423,-17.610619,-4.76854871,-0.704592039,0
24.340000,1.49318755,-21.4638199,-17.5933791,-4.7692131,-0.702249182,0
24.360000,1.49129522,-21.3187583,-17.5760101,-4.76993817,-0.699897848,0
24.380000,1.48941965,-21.1731017,-17.5585235,-4.77072409,-0.69753872,0
24.400000,1.48756111,-21.0268949,-17.540931,-4.771571,-0.695172487,0
24.420000,1.48571974,-20.8801832,-17.5232445,-4.77247905,-0.692799837,0
24.440000,1.48389552,-20.7330125,-17.5054762,-4.77344835,-0.69042146,0
24.460000,1.48208828,-20.5854291,-17.4876386,-4.77447898,-0.688038049,0
24.480000,1.48029775,-20.4374798,-17.4697442,-4.77557101,-0.685650298,0
24.500000,1.47852347,-20.2892117,-17.451806,-4.77672449,-0.683258903,0
24.520000,1.47676489,-20.1406723,-17.4338369,-4.77793943,-0.680864561,0
24.540000,1.47502132,-19.9919095,-17.4158501,-4.77921583,-0.67846797,0
24.560000,1.47329194,-19.8429713,-17.3978591,-4.78055365,-0.67606983,0
24.580000,1.47157583,-19.693906,-17.3798772,-4.78195283,-0.673670841,0
24.600000,1.46987194,-19.5447623,-17.3619182,-4.78341329,-0.671271703,0
24.620000,1.46817912,-19.3955887,-17.3439958,-4.78493488,-0.668873119,0
24.640000,1.46649612,-19.246434,-17.3261239,-4.78651748,-0.666475791,0
24.660000,1.4648216,-19.0973471,-17.3083165,-4.78816089,-0.66408042,0
24.680000,1.46315412,-18.9483768,-17.2905875,-4.78986489,-0.66168771,0
24.700000,1.46149215,-18.799572,-17.2729511,-4.79162924,-0.659298362,0
24.720000,1.45983411,-18.6509814,-17.2554213,-4.79345365,-0.656913078,0
24.740000,1.45817832,-18.5026537,-17.2380124,-4.79533781,-0.654532561,0
24.760000,1.45652306,-18.3546374,-17.2207386,-4.79728135,-0.65215751,0
24.780000,1.45486653,-18.2069809,-17.2036139,-4.79928388,-0.649788627,0
24.800000,1.45320691,-18.0597322,-17.1866525,-4.80134498,-0.64742661,0
24.820000,1.45154231,-17.9129392,-17.1698686,-4.80346416,-0.645072157,0
24.840000,1.44987081,-17.7666493,-17.1532762,-4.80564092,-0.642725966,0
24.860000,1.44819048,-17.6209098,-17.1368892,-4.80787471,-0.640388729,0
24.880000,1.44649933,-17.4757672,-17.1207217,-4.81016494,-0.638061142,0
24.900000,1.44479539,-17.331268,-17.1047873,-4.81251098,-0.635743895,0
24.920000,1.44307667,-17.1874579,-17.0890998,-4.81491214,-0.633437677,0
24.940000,1.44134116,-17.0443823,-17.0736727,-4.81736771,-0.631143172,0
24.960000,1.43958688,-16.9020858,-17.0585194,-4.81987692,-0.628861062,0
24.980000,1.43781184,-16.7606126,-17.0436532,-4.82243897,-0.62659202,0
25.000000,1.43601408,-16.6200063,-17.0290871,-4.825053,-0.624336707,0
25.020000,1.43419166,-16.4803097,-17.0148339,-4.82771812,-0.62209576,0
25.040000,1.43234266,-16.3415649,-17.0009064,-4.83043338,-0.619869757,0
25.060000,1.4304652,-16.2038133,-16.9873169,-4.83319778,-0.617659159,0
25.080000,1.42855744,-16.0670957,-16.9740776,-4.83601029,-0.615464159,0
25.100000,1.42661759,-15.9314517,-16.9612005,-4.83886981,-0.613284353,0
25.120000,1.42464389,-15.7969206,-16.9486971,-4.84177523,-0.611118022,0
25.140000,1.42263466,-15.6635404,-16.9365789,-4.84472534,-0.608960527,0
25.160000,1.42058825,-15.5313483,-16.924857,-4.84771892,-0.60680084,0
25.180000,1.41850311,-15.4003808,-16.913542,-4.85075469,-0.604613998,0
25.200000,1.41637773,-15.2706734,-16.9026445,-4.85383131,-0.602344925,0
25.220000,1.41421067,-15.1422603,-16.8921744,-4.85694741,-0.599874016,0
25.240000,1.41200057,-15.0151752,-16.8821417,-4.86010154,-0.596944758,0
25.260000,1.40974616,-14.8894504,-16.8725555,-4.86329224,-0.593013705,0
25.280000,1.40744622,-14.7651176,-16.863425,-4.86651796,-0.586946037,0
25.300000,1.40509965,-14.6422069,-16.8547588,-4.86977712,-0.576419461,0
25.320000,1.4027054,-14.5207478,-16.846565,-4.87306809,-0.556834271,0
25.340000,1.40026253,-14.4007685,-16.8388516,-4.87638918,-0.519599506,0
25.360000,1.39777018,-14.2822962,-16.8316258,-4.87973866,-0.450402234,0
25.380000,1.39522758,-14.1653569,-16.8248946,-4.88311474,-0.330547227,0
25.400000,1.39263404,-14.0499756,-16.8186647,-4.88651558,-0.147876684,0
25.420000,1.38998899,-13.9361761,-16.812942,-4.8899393,0.0826220827,0
25.440000,1.38729193,-13.823981,-16.8077322,-4.89338394,0.313936337,0
25.460000,1.38454247,-13.7134118,-16.8030404,-4.89684752,0.49944491,0
25.480000,1.38174028,-13.604489,-16.7988713,-4.900328,0.62410158,0
25.500000,1.37888517,-13.4972316,-16.7952292,-4.90382328,0.698855922,0
25.520000,1.37597701,-13.3916579,-16.7921178,-4.90733122,0.741131211,0
25.540000,1.37301577,-13.2877845,-16.7895403,-4.91084963,0.764615688,0
25.560000,1.37000152,-13.1856274,-16.7874994,-4.91437626,0.777830311,0
25.580000,1.36693442,-13.0852009,-16.7859975,-4.91790881,0.785565013,0
25.600000,1.36381471,-12.9865185,-16.7850361,-4.92144495,0.790392504,0
25.620000,1.36064273,-12.8895925,-16.7846166,-4.92498228,0.793669443,0
25.640000,1.35741889,-12.7944339,-16.7847396,-4.92851835,0.7961078,0
25.660000,1.35414372,-12.7010526,-16.7854054,-4.93205068,0.798081984,0
25.680000,1.3508178,-12.6094574,-16.7866137,-4.93557673,0.799789979,0
25.700000,1.34744182,-12.5196559,-16.7883634,-4.9390939,0.801337225,0
25.720000,1.34401652,-12.4316548,-16.7906534,-4.94259958,0.802780305,0
25.740000,1.34054275,-12.3454592,-16.7934818,-4.94609107,0.804149795,0
25.760000,1.33702142,-12.2610737,-16.796846,-4.94956564,0.805462316,0
25.780000,1.33345352,-12.1785013,-16.8007431,-4.95302054,0.806726923,0
25.800000,1.32984011,-12.0977442,-16.8051698,-4.95645293,0.807948535,0
25.820000,1.32618232,-12.0188034,-16.8101219,-4.95985997,0.809129791,0
25.840000,1.32248134,-11.9416789,-16.8155951,-4.96323873,0.81027206,0
25.860000,1.31873845,-11.8663698,-16.8215842,-4.96658629,0.811375999,0
25.880000,1.31495497,-11.7928739,-16.8280837,-4.96989963,0.812441866,0
25.900000,1.31113228,-11.7211883,-16.8350877,-4.97317575,0.813469695,0
25.920000,1.30727183,-11.6513088,-16.8425894,-4.97641156,0.814459393,0
25.940000,1.30337512,-11.5832305,-16.850582,-4.97960395,0.815410799,0
25.960000,1.2994437,-11.5169475,-16.8590577,-4.98274978,0.816323716,0
25.980000,1.29547917,-11.4524529,-16.8680087,-4.98584586,0.817197933,0
26.000000,1.29148318,-11.389739,-16.8774262,-4.98888896,0.818033232,0
26.020000,1.28745743,-11.328797,-16.8873014,-4.99187584,0.8188294,0
26.040000,1.28340364,-11.2696177,-16.8976247,-4.9948032,0.819586229,0
26.060000,1.27932359,-11.2121905,-16.9083861,-4.99766771,0.820303522,0
26.080000,1.2752191,-11.1565045,-16.9195753,-5.00046602,0.820981092,0
26.100000,1.27109201,-11.1025477,-16.9311814,-5.00319476,0.821618764,0
26.120000,1.26694419,-11.0503074,-16.9431932,-5.00585049,0.822216379,0
26.140000,1.26277756,-10.9997703,-16.9555988,-5.00842979,0.822773786,0
26.160000,1.25859404,-10.9509223,-16.9683861,-5.01092919,0.823290852,0
26.180000,1.2543956,-10.9037485,-16.9815427,-5.01334521,0.823767456,0
26.200000,1.2501842,-10.8582337,-16.9950555,-5.01567432,0.824203491,0
26.220000,1.24596185,-10.8143616,-17.0089113,-5.01791301,0.824598866,0
26.240000,1.24173056,-10.7721156,-17.0230962,-5.02005773,0.824953503,0
26.260000,1.23749235,-10.7314786,-17.0375963,-5.02210493,0.825267337,0
26.280000,1.23324928,-10.6924327,-17.0523972,-5.02405101,0.825540319,0
26.300000,1.22900338,-10.6549596,-17.0674841,-5.02589242,0.825772416,0
26.320000,1.22475673,-10.6190406,-17.0828419,-5.02762556,0.825963607,0
26.340000,1.22051136,-10.5846565,-17.0984554,-5.02924685,0.826113886,0
26.360000,1.21626937,-10.5517874,-17.1143087,-5.03075269,0.826223263,0
26.380000,1.2120328,-10.5204134,-17.1303862,-5.03213951,0.82629176,0
26.400000,1.20780372,-10.490514,-17.1466714,-5.03340374,0.826319418,0
26.420000,1.2035842,-10.4620683,-17.1631481,-5.03454181,0.826306287,0
26.440000,1.19937629,-10.4350552,-17.1797996,-5.03555018,0.826252437,0
26.460000,1.19518204,-10.4094534,-17.1966089,-5.03642535,0.826157949,0
26.480000,1.19100348,-10.3852409,-17.2135592,-5.03716381,0.826022918,0
26.500000,1.18684264,-10.362396,-17.2306332,-5.0377621,0.825847458,0
26.520000,1.18270154,-10.3408965,-17.2478134,-5.03821678,0.825631693,0
26.540000,1.17858217,-10.3207199,-17.2650825,-5.03852447,0.825375763,0
26.560000,1.17448651,-10.3018439,-17.2824227,-5.0386818,0.825079822,0
26.580000,1.17041652,-10.2842457,-17.2998164,-5.03868545,0.824744039,0
26.600000,1.16637414,-10.2679026,-17.3172457,-5.0385321,0.824368598,0
26.620000,1.16236128,-10.2527917,-17.3346929,-5.0382185,0.823953695,0
26.640000,1.15837984,-10.23889,-17.3521399,-5.0377414,0.823499541,0
26.660000,1.15443169,-10.2261746,-17.3695689,-5.03709757,0.823006361,0
26.680000,1.15051866,-10.2146219,-17.386962,-5.03628378,0.822474395,0
26.700000,1.14664255,-10.204208,-17.4043013,-5.0352968,0.821903894,0
26.720000,1.14280515,-10.194907,-17.4215688,-5.03413338,0.821295127,0
26.740000,1.1390082,-10.1866883,-17.4387469,-5.03279025,0.820648372,0
26.760000,1.1352534,-10.1795089,-17.4558177,-5.0312641,0.819963922,0
26.780000,1.13154243,-10.1732935,-17.4727637,-5.02955156,0.819242085,0
26.800000,1.12787691,-10.1678836,-17.4895673,-5.02764923,0.81848318,0
26.820000,1.12425842,-10.1629074,-17.5062113,-5.02555364,0.817687539,0
26.840000,1.12068846,-10.1574482,-17.5226783,-5.02326127,0.816855506,0
26.860000,1.11716844,-10.1492133,-17.5389515,-5.02076857,0.81598744,0
26.880000,1.11369958,-10.1324855,-17.555014,-5.01807195,0.815083707,0
26.900000,1.11028279,-10.0933037,-17.5708492,-5.01516779,0.814144687,0
26.920000,1.10691835,-9.99933921,-17.5864407,-5.01205252,0.81317077,0
26.940000,1.10360531,-9.78486721,-17.6017726,-5.00872259,0.812162353,0
26.960000,1.10034022,-9.35462722,-17.616829,-5.00517454,0.811119838,0
26.980000,1.09711473,-8.67702327,-17.6315944,-5.00140501,0.810043632,0
27.000000,1.09391071,-7.92771621,-17.6460537,-4.99741081,0.808934136,0
27.020000,1.09069101,-7.36198098,-17.660192,-4.99318892,0.807791737,0
27.040000,1.08738161,-7.04602339,-17.6739948,-4.98873655,0.806616794,0
27.060000,1.08383829,-6.899992,-17.6874481,-4.98405116,0.805409609,0
27.080000,1.07978474,-6.84055539,-17.7005382,-4.97913048,0.804170381,0
27.100000,1.07470038,-6.82025599,-17.7132518,-4.97397253,0.802899131,0
27.120000,1.06762157,-6.81700773,-17.725576,-4.96857561,0.801595568,0
27.140000,1.0568012,-6.82128339,-17.7374985,-4.96293834,0.800258863,0
27.160000,1.0391563,-6.82907855,-17.7490073,-4.9570596,0.798887242,0
27.180000,1.00945378,-6.83871694,-17.7600909,-4.95093853,0.797477285,0
27.200000,0.959332749,-6.8494909,-17.7707384,-4.94457454,0.79602266,0
27.220000,0.87672678,-6.86109531,-17.7809394,-4.93796725,0.794511867,0
27.240000,0.747194423,-6.87339302,-17.7906838,-4.93111645,0.792924148,0
27.260000,0.559484197,-6.88631751,-17.7999624,-4.92402212,0.791222035,0
27.280000,0.315684437,-6.89983233,-17.8087662,-4.91668434,0.789337679,0
27.300000,0.0390442087,-6.91391405,-17.817087,-4.90910331,0.787147596,0
27.320000,-0.232173795,-6.92854509,-17.824917,-4.90127931,0.784425815,0
27.340000,-0.463934574,-6.94371064,-17.8322492,-4.89321269,0.780756804,0
27.360000,-0.640933954,-6.95939739,-17.839077,-4.88490385,0.775374063,0
27.380000,-0.765657455,-6.97559292,-17.8453945,-4.87635323,0.766864673,0
27.400000,-0.849207339,-6.99228549,-17.8511963,-4.86756132,0.752644741,0
27.420000,-0.903692341,-7.0094639,-17.8564778,-4.85852865,0.728091076,0
27.440000,-0.938887335,-7.02711747,-17.8612349,-4.84925582,0.685326094,0
27.460000,-0.961689039,-7.04523601,-17.8654642,-4.8397435,0.612246487,0
27.480000,-0.976642677,-7.06380977,-17.8691628,-4.82999243,0.494041262,0
27.500000,-0.986641906,-7.08282949,-17.8723287,-4.82000344,0.321426959,0
27.520000,-0.99349967,-7.10228634,-17.8749602,-4.8097775,0.105714827,0
27.540000,-0.998345803,-7.12217198,-17.8770566,-4.79931567,-0.115500487,0
27.560000,-1.00188512,-7.14247846,-17.8786177,-4.78861919,-0.300006261,0
27.580000,-1.00455944,-7.16319831,-17.8796439,-4.77768942,-0.428841165,0
27.600000,-1.00664767,-7.18432445,-17.8801363,-4.76652791,-0.508031095,0
27.620000,-1.00832745,-7.20585026,-17.8800967,-4.75513638,-0.553108628,0
27.640000,-1.00971299,-7.22776949,-17.8795274,-4.74351673,-0.577902714,0
27.660000,-1.0108785,-7.25007632,-17.8784316,-4.73167104,-0.591573798,0
27.680000,-1.01187276,-7.27276531,-17.876813,-4.7196016,-0.59941853,0
27.700000,-1.01272822,-7.29583141,-17.8746759,-4.7073109,-0.604293297,0
27.720000,-1.01346675,-7.31926992,-17.8720253,-4.69480161,-0.607681078,0
27.740000,-1.01410331,-7.34307651,-17.8688668,-4.68207661,-0.610334867,0
27.760000,-1.01464832,-7.3672472,-17.8652067,-4.66913899,-0.612631522,0
27.780000,-1.01510915,-7.39177834,-17.8610519,-4.655992,-0.614757625,0
27.800000,-1.01549117,-7.41666659,-17.8564099,-4.64263912,-0.616804666,0
27.820000,-1.01579836,-7.44190892,-17.8512888,-4.62908402,-0.618817031,0
27.840000,-1.01603377,-7.4675026,-17.8456975,-4.61533055,-0.620815936,0
27.860000,-1.01619983,-7.49344517,-17.8396456,-4.60138275,-0.622811274,0
27.880000,-1.0162985,-7.51973442,-17.8331441,-4.58724485,-0.62480743,0
27.900000,-1.01633148,-7.5463684,-17.8262056,-4.57292128,-0.626806125,0
27.920000,-1.01630023,-7.5733454,-17.8188465,-4.55841662,-0.628807798,0
27.940000,-1.01620608,-7.60066389,-17.8110916,-4.54373566,-0.630812272,0
27.960000,-1.01605026,-7.62832258,-17.8029838,-4.52888336,-0.632819075,0
27.980000,-1.01583395,-7.65632033,-17.7946101,-4.51386484,-0.634827595,0
28.000000,-1.01555825,-7.68465617,-17.7861603,-4.4986854,-0.636837156,0
28.020000,-1.01522427,-7.7133293,-17.7780706,-4.48335053,-0.638847046,0
28.040000,-1.01483308,-7.74233901,-17.7713635,-4.46786586,-0.640856542,0
28.060000,-1.01438575,-7.77168474,-17.7684569,-4.45223719,-0.642864913,0
28.080000,-1.01388334,-7.80136601,-17.7750463,-4.4364705,-0.644871425,0
28.100000,-1.01332693,-7.83138241,-17.8042956,-4.42057192,-0.646875343,0
28.120000,-1.01271757,-7.86173361,-17.8850966,-4.40454772,-0.648875933,0
28.140000,-1.01205635,-7.89241929,-18.0731645,-4.38840435,-0.650872461,0
28.160000,-1.01134434,-7.92343918,-18.4452309,-4.37214839,-0.652864193,0
28.180000,-1.01058263,-7.95479301,-19.0244988,-4.35578657,-0.654850398,0
28.200000,-1.00977231,-7.9864805,-19.6700952,-4.33932578,-0.656830347,0
28.220000,-1.00891449,-8.01850134,-20.1698552,-4.32277304,-0.658803309,0
28.240000,-1.00801026,-8.05085515,-20.4561039,-4.30613549,-0.660768559,0
28.260000,-1.00706074,-8.08354151,-20.5892434,-4.28942044,-0.662725373,0
28.280000,-1.00606703,-8.11655992,-20.641401,-4.27263528,-0.664673027,0
28.300000,-1.00503026,-8.14990975,-20.6562426,-4.25578757,-0.666610802,0
28.320000,-1.00395152,-8.18359029,-20.6548722,-4.23888497,-0.66853798,0
28.340000,-1.00283193,-8.21760066,-20.6466116,-4.22193525,-0.670453847,0
28.360000,-1.00167258,-8.25193984,-20.6354334,-4.20494631,-0.672357692,0
28.380000,-1.00047454,-8.28660665,-20.6230106,-4.18792614,-0.674248805,0
28.400000,-0.999238874,-8.32159972,-20.6100498,-4.17088284,-0.676126481,0
28.420000,-0.997966597,-8.35691746,-20.5968546,-4.15382461,-0.677990018,0
28.440000,-0.996658687,-8.39255808,-20.583562,-4.13675974,-0.679838718,0
28.460000,-0.995316055,-8.42851954,-20.5702392,-4.11969662,-0.681671886,0
28.480000,-0.99393953,-8.46479957,-20.5569251,-4.1026437,-0.683488832,0
28.500000,-0.992529828,-8.5013956,-20.5436463,-4.08560952,-0.685288869,0
28.520000,-0.991087513,-8.53830482,-20.5304245,-4.06860271,-0.687071315,0
28.540000,-0.989612952,-8.5755241,-20.5172794,-4.05163193,-0.688835492,0
28.560000,-0.988106243,-8.61304998,-20.5042293,-4.03470594,-0.690580726,0
28.580000,-0.986567132,-8.65087872,-20.4912924,-4.01783354,-0.692306349,0
28.600000,-0.984994896,-8.68900621,-20.4784864,-4.00102358,-0.694011698,0
28.620000,-0.983388184,-8.72742798,-20.4658285,-3.98428496,-0.695696114,0
28.640000,-0.981744812,-8.76613923,-20.453336,-3.96762662,-0.697358945,0
28.660000,-0.980061484,-8.80513474,-20.4410256,-3.95105753,-0.698999541,0
28.680000,-0.978333412,-8.84440894,-20.4289139,-3.93458669,-0.700617262,0
28.700000,-0.976553817,-8.88395582,-20.4170172,-3.91822314,-0.702211471,0
28.720000,-0.974713244,-8.92376898,-20.4053512,-3.90197592,-0.703781538,0
28.740000,-0.972798649,-8.96384159,-20.3939317,-3.88585407,-0.70532684,0
28.760000,-0.970792158,-9.00416637,-20.3827736,-3.86986668,-0.706846757,0
28.780000,-0.9686694,-9.04473562,-20.3718916,-3.85402279,-0.708340679,0
28.800000,-0.966397249,-9.08554115,-20.3613002,-3.83833147,-0.709808003,0
28.820000,-0.96393079,-9.12657435,-20.3510131,-3.82280176,-0.711248129,0
28.840000,-0.96120922,-9.16782608,-20.3410437,-3.80744269,-0.712660469,0
28.860000,-0.958150355,-9.20928676,-20.3314048,-3.79226326,-0.714044438,0
28.880000,-0.954643264,-9.25094631,-20.3221089,-3.77727246,-0.715399461,0
28.900000,-0.950538469,-9.29279413,-20.3131677,-3.76247922,-0.71672497,0
28.920000,-0.945634977,-9.33481915,-20.3045925,-3.74789245,-0.718020406,0
28.940000,-0.939663311,-9.37700975,-20.2963939,-3.73352099,-0.719285215,0
28.960000,-0.932263609,-9.41935383,-20.2885822,-3.71937366,-0.720518855,0
28.980000,-0.922957936,-9.46183873,-20.2811668,-3.70545919,-0.72172079,0
29.000000,-0.911116308,-9.50445129,-20.2741564,-3.69178627,-0.722890493,0
29.020000,-0.895916866,-9.5471778,-20.2675595,-3.6783635,-0.724027446,0
29.040000,-0.876302559,-9.59000401,-20.2613834,-3.66519943,-0.725131141,0
29.060000,-0.850940187,-9.63291516,-20.2556352,-3.65230249,-0.726201079,0
29.080000,-0.818193343,-9.67589589,-20.2503209,-3.63968106,-0.727236768,0
29.100000,-0.776129009,-9.71893036,-20.2454461,-3.62734342,-0.728237729,0
29.120000,-0.722587279,-9.76200212,-20.2410155,-3.61529773,-0.729203491,0
29.140000,-0.655351296,-9.80509421,-20.2370333,-3.60355207,-0.730133593,0
29.160000,-0.572451586,-9.84818912,-20.2335026,-3.5921144,-0.731027587,0
29.180000,-0.472612969,-9.89126875,-20.2304261,-3.58099257,-0.731885031,0
29.200000,-0.355792232,-9.9343145,-20.2278054,-3.5701943,-0.732705497,0
29.220000,-0.223667582,-9.97730719,-20.2256417,-3.55972719,-0.733488567,0
29.240000,-0.0798684188,-10.0202271,-20.2239352,-3.54959872,-0.734233833,0
29.260000,0.070251868,-10.063054,-20.2226853,-3.53981622,-0.734940901,0
29.280000,0.220348687,-10.105767,-20.2218906,-3.53038688,-0.735609386,0
29.300000,0.364140094,-10.1483448,-20.2215489,-3.52131773,-0.736238915,0
29.320000,0.496427814,-10.1907655,-20.2216574,-3.51261568,-0.736829128,0
29.340000,0.613753437,-10.2330066,-20.2222123,-3.50428746,-0.737379677,0
29.360000,0.714551687,-10.2750454,-20.2232088,-3.49633963,-0.737890225,0
29.380000,0.798884312,-10.3168582,-20.2246417,-3.4887786,-0.738360449,0
29.400000,0.867956792,-10.3584211,-20.2265046,-3.48161061,-0.738790038,0
29.420000,0.923612456,-10.3997096,-20.2287905,-3.4748417,-0.739178694,0
29.440000,0.967922314,-10.4406988,-20.2314915,-3.46847774,-0.739526132,0
29.460000,1.00290923,-10.4813631,-20.2345988,-3.46252443,-0.73983208,0
29.480000,1.03039419,-10.5216766,-20.238103,-3.45698725,-0.74009628,0
29.500000,1.0519322,-10.5616129,-20.2419937,-3.45187149,-0.740318488,0
29.520000,1.06880441,-10.601145,-20.2462596,-3.44718225,-0.740498472,0
29.540000,1.08204034,-10.6402457,-20.2508888,-3.44292441,-0.740636016,0
29.560000,1.09245304,-10.6788871,-20.2558686,-3.43910265,-0.740730918,0
29.580000,1.1006768,-10.717041,-20.2611852,-3.43572144,-0.740782987,0
29.600000,1.10720239,-10.7546789,-20.2668242,-3.432785,-0.740792052,0
29.620000,1.11240737,-10.7917716,-20.2727706,-3.43029736,-0.740757952,0
29.640000,1.11658123,-10.8282899,-20.2790083,-3.42826231,-0.740680542,0
29.660000,1.11994551,-10.8642039,-20.2855205,-3.42668341,-0.740559693,0
29.680000,1.12266959,-10.8994835,-20.2922898,-3.42556396,-0.740395291,0
29.700000,1.12488301,-10.9340984,-20.299298,-3.42490705,-0.740187235,0
29.720000,1.12668489,-10.9680178,-20.306526,-3.42471551,-0.739935441,0
29.740000,1.12815118,-11.0012111,-20.3139541,-3.42499193,-0.73963984,0
29.760000,1.12934019,-11.0336473,-20.321562,-3.42573864,-0.73930038,0
29.780000,1.13029672,-11.0652958,-20.3293285,-3.4269577,-0.738917021,0
29.800000,1.1310553,-11.096127,-20.3372318,-3.42865093,-0.738489742,0
29.820000,1.13164259,-11.1261128,-20.3452495,-3.43081989,-0.738018536,0
29.840000,1.13207919,-11.1552295,-20.3533586,-3.43346584,-0.737503413,0
29.860000,1.1323811,-11.1834613,-20.3615352,-3.43658981,-0.736944398,0
29.880000,1.13256073,-11.2108096,-20.3697552,-3.44019252,-0.736341533,0
29.900000,1.13262774,-11.2373097,-20.3779936,-3.44427443,-0.735694874,0
29.920000,1.13258968,-11.2630663,-20.3862249,-3.44883571,-0.735004496,0
29.940000,1.13245243,-11.2883238,-20.3944232,-3.45387626,-0.734270488,0
29.960000,1.1322206,-11.3136086,-20.4025619,-3.45939567,-0.733492956,0
29.980000,1.1318978,-11.3400149,-20.4106141,-3.46539325,-0.732672021,0
30.000000,1.13148686,-11.3697718,-20.4185523,-3.47186802,-0.731807823,0
30.020000,1.13098999,-11.4073467,-20.4263486,-3.47881871,-0.730900515,0
30.040000,1.13040891,-11.4614982,-20.4339746,-3.48624372,-0.729950268,0
30.060000,1.12974495,-11.5487338,-20.4414017,-3.49414118,-0.728957268,0
30.080000,1.12899912,-11.6978178,-20.4486007,-3.50250891,-0.72792172,0
30.100000,1.12817218,-11.9512405,-20.4555423,-3.5113444,-0.726843841,0
30.120000,1.1272646,-12.3510748,-20.4621967,-3.52064488,-0.725723869,0
30.140000,1.12627668,-12.8957578,-20.4685339,-3.53040721,-0.724562053,0
30.160000,1.12520847,-13.4984242,-20.4745237,-3.54062799,-0.723358661,0
30.180000,1.12405979,-14.0272713,-20.4801357,-3.55130347,-0.722113977,0
30.200000,1.12283017,-14.4048798,-20.4853392,-3.56242961,-0.7208283,0
30.220000,1.12151885,-14.6370261,-20.4901034,-3.57400204,-0.719501946,0
30.240000,1.12012462,-14.7671107,-20.4943974,-3.58601606,-0.718135245,0
30.260000,1.11864578,-14.836179,-20.4981903,-3.59846669,-0.716728544,0
30.280000,1.11707995,-14.8714014,-20.5014509,-3.61134859,-0.715282205,0
30.300000,1.11542384,-14.8882489,-20.5041481,-3.62465613,-0.713796606,0
30.320000,1.11367299,-14.8949243,-20.506251,-3.63838334,-0.71227214,0
30.340000,1.11182133,-14.8956263,-20.5077286,-3.65252394,-0.710709215,0
30.360000,1.10986067,-14.892464,-20.5085497,-3.66707132,-0.709108255,0
30.380000,1.10777986,-14.8864833,-20.5086838,-3.68201858,-0.707469697,0
30.400000,1.10556377,-14.8781953,-20.5081,-3.69735845,-0.705793995,0
30.420000,1.10319177,-14.8678435,-20.5067678,-3.7130834,-0.704081617,0
30.440000,1.10063558,-14.8555377,-20.5046571,-3.72918554,-0.702333044,0
30.460000,1.09785625,-14.8413214,-20.5017377,-3.74565668,-0.700548775,0
30.480000,1.09479983,-14.825205,-20.49798,-3.76248833,-0.698729318,0
30.500000,1.0913911,-14.8071826,-20.4933544,-3.77967165,-0.696875199,0
30.520000,1.08752449,-14.7872406,-20.487832,-3.79719754,-0.694986957,0
30.540000,1.08305088,-14.7653622,-20.481384,-3.81505655,-0.693065144,0
30.560000,1.07775812,-14.7415288,-20.4739822,-3.83323895,-0.691110325,0
30.580000,1.0713426,-14.7157218,-20.4655988,-3.8517347,-0.689123079,0
30.600000,1.06336725,-14.6879231,-20.4562064,-3.87053348,-0.687103998,0
30.620000,1.05320008,-14.658115,-20.4457783,-3.88962465,-0.685053686,0
30.640000,1.03992497,-14.6262807,-20.4342881,-3.9089973,-0.68297276,0
30.660000,1.02221439,-14.5924045,-20.4217103,-3.92864022,-0.68086185,0
30.680000,0.998154642,-14.5564714,-20.4080198,-3.94854194,-0.678721598,0
30.700000,0.9650212,-14.5184677,-20.3931921,-3.96869069,-0.676552657,0
30.720000,0.919027996,-14.4783807,-20.3772035,-3.98907446,-0.674355691,0
30.740000,0.855137709,-14.4361987,-20.360031,-4.00968095,-0.672131377,0
30.760000,0.767145979,-14.3919111,-20.3416524,-4.03049762,-0.669880402,0
30.780000,0.648436517,-14.3455087,-20.322046,-4.05151167,-0.667603466,0
30.800000,0.493915885,-14.2969833,-20.3011911,-4.07271006,-0.665301276,0
30.820000,0.303287405,-14.2463278,-20.2790677,-4.0940795,-0.662974552,0
30.840000,0.0845424502,-14.1935365,-20.2556569,-4.1156065,-0.660624024,0
30.860000,-0.145166105,-14.1386048,-20.2309403,-4.13727733,-0.65825043,0
30.880000,-0.363799507,-14.0815293,-20.2049006,-4.15907804,-0.655854518,0
30.900000,-0.552357659,-14.022308,-20.1775213,-4.18099449,-0.653437048,0
30.920000,-0.701034726,-13.9609401,-20.148787,-4.20301235,-0.650998784,0
30.940000,-0.809855648,-13.8974261,-20.1186831,-4.22511708,-0.648540503,0
30.960000,-0.885114492,-13.8317677,-20.087196,-4.24729398,-0.646062989,0
30.980000,-0.93517339,-13.7639679,-20.0543131,-4.26952819,-0.643567032,0
31.000000,-0.96774874,-13.6940312,-20.0200228,-4.29180469,-0.641053433,0
31.020000,-0.988847668,-13.6219633,-19.9843146,-4.3141083,-0.638522998,0
31.040000,-1.00270727,-13.547771,-19.9471788,-4.33642373,-0.635976541,0
31.060000,-1.01213426,-13.4714629,-19.9086071,-4.35873556,-0.633414882,0
31.080000,-1.01891038,-13.3930484,-19.8685919,-4.38102825,-0.630838849,0
31.100000,-1.02413247,-13.3125387,-19.827127,-4.40328618,-0.628249275,0
31.120000,-1.02845995,-13.2299459,-19.7842071,-4.42549363,-0.625646998,0
31.140000,-1.03228165,-13.1452837,-19.7398279,-4.44763483,-0.623032862,0
31.160000,-1.03582291,-13.0585671,-19.6939864,-4.46969396,-0.620407715,0
31.180000,-1.0392123,-12.9698123,-19.6466806,-4.49165519,-0.617772404,0
31.200000,-1.04252207,-12.879037,-19.5979097,-4.51350273,-0.615127773,0
31.220000,-1.04579216,-12.7862599,-19.5476739,-4.53522094,-0.612474644,0
31.240000,-1.04904432,-12.6915012,-19.4959745,-4.55679449,-0.60981378,0
31.260000,-1.05229015,-12.5947824,-19.4428141,-4.57820878,-0.607145786,0
31.280000,-1.05553572,-12.4961263,-19.3881962,-4.59945073,-0.604470844,0
31.300000,-1.05878413,-12.3955568,-19.3321256,-4.62051052,-0.601788043,0
31.320000,-1.0620369,-12.2930991,-19.274608,-4.64138523,-0.599093611,0
31.340000,-1.06529475,-12.1887797,-19.2156503,-4.66208675,-0.596376313,0
31.360000,-1.06855803,-12.0826263,-19.1552607,-4.68265885,-0.593605401,0
31.380000,-1.07182689,-11.9746677,-19.0934483,-4.70321422,-0.590699049,0
31.400000,-1.07510145,-11.864934,-19.0302232,-4.72401496,-0.587441705,0
31.420000,-1.07838182,-11.7534565,-18.9655967,-4.74564728,-0.583268178,0
31.440000,-1.08166814,-11.6402674,-18.8995814,-4.76939866,-0.57670431,0
31.460000,-1.08496057,-11.5254002,-18.8321905,-4.79805712,-0.563951609,0
31.480000,-1.08825935,-11.4088895,-18.7634385,-4.83753163,-0.53553023,0
31.500000,-1.09156473,-11.2907709,-18.6933411,-4.89979053,-0.469697033,0
31.520000,-1.09487702,-11.1710811,-18.6219148,-5.00671817,-0.32667269,0
31.540000,-1.09819659,-11.0498577,-18.549177,-5.18972334,-0.0708165485,0
31.560000,-1.10152382,-10.9271394,-18.4751464,-5.4701822,0.253834104,0
31.580000,-1.10485913,-10.8029659,-18.3998426,-5.81670517,0.523775275,0
31.600000,-1.10820299,-10.6773778,-18.3232859,-6.14091848,0.680378143,0
31.620000,-1.11155587,-10.5504165,-18.2454979,-6.37442216,0.753758858,0
31.640000,-1.11491827,-10.4221245,-18.1665009,-6.51506186,0.785519447,0
31.660000,-1.11829073,-10.2925448,-18.0863182,-6.59362459,0.799596406,0
31.680000,-1.12167377,-10.1617217,-18.004974,-6.63834759,0.806632151,0
31.700000,-1.12506794,-10.0296998,-17.9224932,-6.66626061,0.810927976,0
31.720000,-1.1284738,-9.89652482,-17.8389018,-6.68606812,0.814161285,0
31.740000,-1.13189188,-9.76224305,-17.7542264,-6.70190273,0.816977674,0
31.760000,-1.13532274,-9.62690148,-17.6684946,-6.71565877,0.819624368,0
31.780000,-1.1387669,-9.4905478,-17.5817345,-6.72818793,0.82219571,0
31.800000,-1.14222489,-9.3532303,-17.4939752,-6.7398672,0.824727442,0
31.820000,-1.14569721,-9.21499789,-17.4052466,-6.7508599,0.827232831,0
31.840000,-1.14918435,-9.07590004,-17.3155789,-6.76123385,0.829716509,0
31.860000,-1.15268674,-8.93598674,-17.2250034,-6.77101441,0.832179788,0
31.880000,-1.15620481,-8.79530852,-17.1335519,-6.78020827,0.834622706,0
31.900000,-1.15973895,-8.65391633,-17.0412568,-6.78881406,0.837044809,0
31.920000,-1.1632895,-8.5118616,-16.9481511,-6.79682704,0.839445464,0
31.940000,-1.16685676,-8.36919614,-16.8542684,-6.80424128,0.841823968,0
31.960000,-1.17044098,-8.22597213,-16.7596429,-6.81105054,0.844179604,0
31.980000,-1.17404236,-8.08224211,-16.6643094,-6.81724873,0.846511652,0
32.000000,-1.17766104,-7.93805891,-16.568303,-6.8228301,0.848819399,0
32.020000,-1.18129712,-7.79347565,-16.4716593,-6.82778931,0.851102143,0
32.040000,-1.18495062,-7.64854569,-16.3744146,-6.83212151,0.853359194,0
32.060000,-1.18862151,-7.50332261,-16.2766054,-6.83582231,0.855589874,0
32.080000,-1.19230967,-7.35786016,-16.1782686,-6.83888784,0.857793518,0
32.100000,-1.19601494,-7.21221226,-16.0794417,-6.84131475,0.859969476,0
32.120000,-1.19973707,-7.06643296,-15.9801622,-6.84310018,0.86211711,0
32.140000,-1.20347575,-6.92057638,-15.8804681,-6.84424181,0.864235796,0
32.160000,-1.20723058,-6.77469672,-15.7803979,-6.84473783,0.866324927,0
32.180000,-1.2110011,-6.62884824,-15.67999,-6.84458696,0.868383909,0
32.200000,-1.21478675,-6.48308516,-15.5792832,-6.84378846,0.870412163,0
32.220000,-1.21858693,-6.33746174,-15.4783167,-6.84234209,0.872409129,0
32.240000,-1.22240092,-6.19203214,-15.3771296,-6.84024816,0.874374258,0
32.260000,-1.22622794,-6.04685049,-15.2757613,-6.83750751,0.876307021,0
32.280000,-1.23006714,-5.90197081,-15.1742514,-6.8341215,0.878206903,0
32.300000,-1.23391758,-5.75744699,-15.0726397,-6.83009201,0.880073407,0
32.320000,-1.23777824,-5.61333277,-14.9709657,-6.82542147,0.881906054,0
32.340000,-1.24164801,-5.46968174,-14.8692695,-6.8201128,0.883704381,0
32.360000,-1.24552574,-5.32654728,-14.7675909,-6.81416947,0.885467941,0
32.380000,-1.24941017,-5.18398254,-14.6659698,-6.80759544,0.887196308,0
32.400000,-1.25329998,-5.04204046,-14.5644461,-6.8003952,0.888889071,0
32.420000,-1.25719377,-4.90077367,-14.4630598,-6.79257373,0.890545838,0
32.440000,-1.26109008,-4.76023457,-14.3618508,-6.78413653,0.892166236,0
32.460000,-1.26498737,-4.62047521,-14.2608588,-6.77508959,0.89374991,0
32.480000,-1.26888404,-4.48154734,-14.1601235,-6.76543937,0.895296523,0
32.500000,-1.27277842,-4.34350234,-14.0596847,-6.75519284,0.896805756,0
32.520000,-1.27666878,-4.20639126,-13.9595817,-6.74435743,0.898277311,0
32.540000,-1.28055333,-4.07026472,-13.859854,-6.73294102,0.899710906,0
32.560000,-1.28443024,-3.93517298,-13.7605406,-6.72095197,0.90110628,0
32.580000,-1.28829761,-3.80116586,-13.6616806,-6.70839909,0.90246319,0
32.600000,-1.29215349,-3.66829274,-13.5633128,-6.69529162,0.903781412,0
32.620000,-1.2959959,-3.53660255,-13.4654758,-6.68163922,0.905060742,0
32.640000,-1.29982279,-3.40614375,-13.3682077,-6.66745197,0.906300992,0
32.660000,-1.30363209,-3.2769643,-13.2715467,-6.65274038,0.907501997,0
32.680000,-1.30742171,-3.1491117,-13.1755305,-6.63751533,0.908663607,0
32.700000,-1.3111895,-3.02263287,-13.0801965,-6.62178809,0.909785693,0
32.720000,-1.3149333,-2.89757426,-12.985582,-6.60557031,0.910868145,0
32.740000,-1.31865091,-2.77398174,-12.8917236,-6.58887399,0.911910871,0
32.760000,-1.32234014,-2.65190062,-12.7986578,-6.57171149,0.912913797,0
32.780000,-1.32599875,-2.53137565,-12.7064207,-6.55409549,0.913876869,0
32.800000,-1.32962451,-2.41245099,-12.615048,-6.536039,0.914800049,0
32.820000,-1.33321518,-2.29517021,-12.5245749,-6.51755532,0.915683319,0
32.840000,-1.33676852,-2.17957624,-12.4350363,-6.49865807,0.916526679,0
32.860000,-1.34028227,-2.06571142,-12.3464665,-6.47936113,0.917330146,0
32.880000,-1.34375421,-1.95361742,-12.2588996,-6.45967864,0.918093753,0
32.900000,-1.3471821,-1.84333526,-12.1723691,-6.43962501,0.918817555,0
32.920000,-1.35056373,-1.73490527,-12.0869079,-6.41921487,0.91950162,0
32.940000,-1.35389688,-1.62836705,-12.0025486,-6.39846307,0.920146033,0
32.960000,-1.35717939,-1.5237594,-11.9193232,-6.37738468,0.920750899,0
32.980000,-1.36040908,-1.42112019,-11.8372632,-6.35599495,0.921316335,0
33.000000,-1.36358384,-1.32048613,-11.7563995,-6.33430931,0.921842478,0
33.020000,-1.36670156,-1.22189227,-11.6767625,-6.31234335,0.922329479,0
33.040000,-1.36976018,-1.12537116,-11.598382,-6.29011279,0.922777503,0
33.060000,-1.37275766,-1.03095097,-11.5212874,-6.26763352,0.923186734,0
33.080000,-1.37569203,-0.938651957,-11.4455073,-6.2449215,0.923557368,0
33.100000,-1.37856133,-0.848479236,-11.3710697,-6.22199282,0.923889615,0
33.120000,-1.38136366,-0.760408352,-11.2980021,-6.19886365,0.924183703,0
33.140000,-1.38409718,-0.674356133,-11.2263314,-6.17555022,0.924439869,0
33.160000,-1.38676008,-0.590121806,-11.1560838,-6.15206884,0.924658367,0
33.180000,-1.38935062,-0.507267881,-11.0872848,-6.12843583,0.924839464,0
33.200000,-1.3918671,-0.424879522,-11.0199593,-6.10466756,0.924983439,0
33.220000,-1.39430789,-0.341081255,-10.9541316,-6.08078039,0.925090582,0
33.240000,-1.3966714,-0.252080486,-10.8898253,-6.05679072,0.925161198,0
33.260000,-1.39895613,-0.150337431,-10.8270632,-6.03271488,0.925195603,0
33.280000,-1.40116062,-0.0213221495,-10.7658676,-6.00856921,0.925194123,0
33.300000,-1.40328347,0.161235276,-10.7062599,-5.98436999,0.925157097,0
33.320000,-1.40532334,0.438782411,-10.648261,-5.96013344,0.925084872,0
33.340000,-1.40727898,0.858868732,-10.5918908,-5.93587573,0.924977809,0
33.360000,-1.40914917,1.43559348,-10.5371688,-5.91161292,0.924836277,0
33.380000,-1.41093279,2.09617159,-10.4841135,-5.88736099,0.924660654,0
33.400000,-1.41262874,2.70137683,-10.4327429,-5.86313582,0.924451328,0
33.420000,-1.41423603,3.15336947,-10.383074,-5.83895315,0.924208696,0
33.440000,-1.4157537,3.44740416,-10.3351233,-5.81482859,0.923933164,0
33.460000,-1.41718086,3.62810833,-10.2889063,-5.79077764,0.923625145,0
33.480000,-1.41851671,3.74089326,-10.2444378,-5.7668156,0.923285061,0
33.500000,-1.41976046,3.81612955,-10.201732,-5.74295764,0.922913342,0
33.520000,-1.42091143,3.87094529,-10.1608021,-5.71921872,0.922510423,0
33.540000,-1.42196898,3.91425939,-10.1216605,-5.69561366,0.922076749,0
33.560000,-1.42293251,3.95053775,-10.084319,-5.67215705,0.921612768,0
33.580000,-1.42380149,3.98197149,-10.0487883,-5.64886329,0.921118938,0
33.600000,-1.42457547,4.00962261,-10.0150784,-5.62574655,0.920595721,0
33.620000,-1.425254,4.03400063,-9.98319829,-5.6028208,0.920043584,0
33.640000,-1.42583672,4.0553469,-9.95315611,-5.58009977,0.919463001,0
33.660000,-1.42632331,4.07377329,-9.92495891,-5.55759695,0.918854451,0
33.680000,-1.42671347,4.0893295,-9.89861263,-5.53532558,0.918218416,0
33.700000,-1.42700698,4.10203569,-9.87412192,-5.51329866,0.917555386,0
33.720000,-1.42720364,4.11189822,-9.85148999,-5.49152891,0.916865852,0
33.740000,-1.42730329,4.11891725,-9.83071824,-5.47002881,0.916150311,0
33.760000,-1.4273058,4.12309049,-9.81180598,-5.44881054,0.915409264,0
33.780000,-1.42721108,4.12441491,-9.79474979,-5.42788601,0.914643214,0
33.800000,-1.42701907,4.12288761,-9.77954283,-5.40726686,0.913852669,0
33.820000,-1.42672972,4.1185063,-9.76617379,-5.38696442,0.91303814,0
33.840000,-1.42634304,4.11126943,-9.75462549,-5.36698975,0.91220014,0
33.860000,-1.42585901,4.10117634,-9.744873,-5.34735358,0.911339188,0
33.880000,-1.42527767,4.08822727,-9.73688103,-5.32806637,0.9104558,0
33.900000,-1.42459905,4.07242343,-9.7306005,-5.30913825,0.909550501,0
33.920000,-1.4238232,4.05376696,-9.72596393,-5.29057906,0.908623814,0
33.940000,-1.42295018,4.03226099,-9.72287936,-5.2723983,0.907676264,0
33.960000,-1.42198005,4.00790961,-9.72122232,-5.25460519,0.906708382,0
33.980000,-1.42091289,3.98071786,-9.72082538,-5.23720861,0.905720697,0
34.000000,-1.41974875,3.95069176,-9.72146478,-5.22021712,0.90471374,0
34.020000,-1.4184877,3.91783832,-9.72284328,-5.20363896,0.903688046,0
34.040000,-1.4171298,3.88216547,-9.72456886,-5.18748206,0.90264415,0
34.060000,-1.4156751,3.84368216,-9.72612857,-5.17175401,0.901582588,0
34.080000,-1.41412364,3.80239825,-9.72685753,-5.15646207,0.900503899,0
34.100000,-1.41247545,3.75832461,-9.72590358,-5.14161318,0.89940862,0
34.120000,-1.41073056,3.71147302,-9.7221896,-5.12721397,0.898297292,0
34.140000,-1.40888895,3.66185626,-9.71437755,-5.11327072,0.897170455,0
34.160000,-1.40695062,3.60948803,-9.70084166,-5.09978939,0.896028653,0
34.180000,-1.40491552,3.55438299,-9.67966265,-5.0867756,0.894872426,0
34.200000,-1.4027836,3.49655673,-9.64866007,-5.07423467,0.893702318,0
34.220000,-1.40055479,3.43602579,-9.60548456,-5.06217158,0.892518873,0
34.240000,-1.39822898,3.37280764,-9.54779294,-5.05059096,0.891322635,0
34.260000,-1.39580605,3.30692067,-9.47352184,-5.03949716,0.890114149,0
34.280000,-1.39328585,3.23838417,-9.38125531,-5.02889418,0.88889396,0
34.300000,-1.39066821,3.16721838,-9.27064529,-5.0187857,0.887662614,0
34.320000,-1.38795294,3.0934444,-9.14279785,-5.00917507,0.886420654,0
34.340000,-1.38513983,3.01708425,-9.00050235,-5.00006534,0.885168629,0
34.360000,-1.38222862,2.93816084,-8.84818282,-4.99145924,0.883907082,0
34.380000,-1.37921906,2.85669793,-8.69151278,-4.98335917,0.88263656,0
34.400000,-1.37611085,2.77272017,-8.53674399,-4.97576722,0.881357609,0
34.420000,-1.37290371,2.68625305,-8.38990908,-4.96868519,0.880070773,0
34.440000,-1.36959729,2.59732292,-8.25610515,-4.96211454,0.878776598,0
34.460000,-1.36619127,2.50595695,-8.13902574,-4.95605644,0.87747563,0
34.480000,-1.36268528,2.41218314,-8.04080641,-4.95051176,0.876168411,0
34.500000,-1.35907894,2.31603029,-7.96214486,-4.94548106,0.874855487,0
34.520000,-1.35537189,2.21752801,-7.90259367,-4.94096461,0.873537401,0
34.540000,-1.35156373,2.11670669,-7.8609152,-4.93696237,0.872214695,0
34.560000,-1.34765406,2.01359746,-7.83541557,-4.93347402,0.870887912,0
34.580000,-1.34364248,1.90823225,-7.82421248,-4.93049895,0.869557593,0
34.600000,-1.33952861,1.80064371,-7.82542455,-4.92803625,0.868224278,0
34.620000,-1.33531204,1.6908652,-7.83728908,-4.92608476,0.866888507,0
34.640000,-1.33099239,1.5789308,-7.85822406,-4.92464299,0.865550817,0
34.660000,-1.32656929,1.4648753,-7.88685136,-4.92370922,0.864211747,0
34.680000,-1.32204237,1.34873414,-7.9219954,-4.92328143,0.862871831,0
34.700000,-1.3174113,1.23054343,-7.96266806,-4.92335734,0.861531604,0
34.720000,-1.31267577,1.11033991,-8.00804719,-4.9239344,0.860191599,0
34.740000,-1.30783548,0.988160976,-8.05745326,-4.9250098,0.858852347,0
34.760000,-1.30289018,0.864044591,-8.11032672,-4.92658048,0.857514378,0
34.780000,-1.29783966,0.738029324,-8.16620761,-4.9286431,0.856178218,0
34.800000,-1.29268374,0.610154309,-8.22471764,-4.9311941,0.854844394,0
34.820000,-1.28742229,0.480459227,-8.28554508,-4.93422966,0.853513428,0
34.840000,-1.28205524,0.34898429,-8.34843217,-4.93774569,0.852185842,0
34.860000,-1.27658257,0.215770215,-8.4131647,-4.94173791,0.850862155,0
34.880000,-1.27100431,0.0808582118,-8.47956363,-4.94620178,0.849542883,0
34.900000,-1.26532057,-0.0557100449,-8.54747814,-4.95113251,0.848228539,0
34.920000,-1.25953153,-0.193892432,-8.61678022,-4.95652512,0.846919633,0
34.940000,-1.25363745,-0.333646399,-8.68736012,-4.96237438,0.845616674,0
34.960000,-1.24763865,-0.474928994,-8.75912287,-4.96867485,0.844320165,0
34.980000,-1.24153556,-0.617696877,-8.8319854,-4.97542088,0.843030608,0
35.000000,-1.23532867,-0.76190635,-8.90587422,-4.9826066,0.8417485,0
35.020000,-1.2290186,-0.907513373,-8.98072362,-4.99022595,0.840474336,0
35.040000,-1.22260603,-1.05447359,-9.05647419,-4.99827267,0.839208605,0
35.060000,-1.21609177,-1.20274235,-9.13307163,-5.00674027,0.837951794,0
35.080000,-1.20947672,-1.35227472,-9.21046581,-5.01562211,0.836704385,0
35.100000,-1.20276191,-1.50302552,-9.28861001,-5.02491134,0.835466855,0
35.120000,-1.19594845,-1.65494936,-9.36746031,-5.03460094,0.834239677,0
35.140000,-1.18903759,-1.80800062,-9.44697508,-5.04468371,0.833023321,0
35.160000,-1.18203069,-1.9621335,-9.52711461,-5.05515226,0.831818249,0
35.180000,-1.17492925,-2.11730205,-9.60784075,-5.06599907,0.83062492,0
35.200000,-1.16773488,-2.27346018,-9.68911671,-5.07721641,0.829443788,0
35.220000,-1.1604493,-2.43056167,-9.7709068,-5.08879644,0.8282753,0
35.240000,-1.15307439,-2.58856024,-9.85317629,-5.10073113,0.827119899,0
35.260000,-1.14561215,-2.7474095,-9.93589126,-5.11301234,0.82597802,0
35.280000,-1.13806471,-2.90706305,-10.0190185,-5.12563176,0.824850095,0
35.300000,-1.13043433,-3.06747445,-10.1025255,-5.13858095,0.823736548,0
35.320000,-1.1227234,-3.22859724,-10.1863801,-5.15185135,0.822637797,0
35.340000,-1.11493447,-3.39038502,-10.2705509,-5.16543427,0.821554253,0
35.360000,-1.1070702,-3.55279141,-10.3550068,-5.17932089,0.82048632,0
35.380000,-1.09913338,-3.7157701,-10.4397172,-5.19350229,0.819434397,0
35.400000,-1.09112695,-3.87927486,-10.5246518,-5.20796943,0.818398874,0
35.420000,-1.08305398,-4.04325959,-10.6097807,-5.22271315,0.817380135,0
35.440000,-1.07491766,-4.20767831,-10.6950745,-5.23772418,0.816378555,0
35.460000,-1.06672133,-4.37248519,-10.780504,-5.2529931,0.815394503,0
35.480000,-1.05846843,-4.53763459,-10.8660405,-5.26851032,0.814428339,0
35.500000,-1.05016255,-4.70308106,-10.9516554,-5.28426597,0.813480415,0
35.520000,-1.04180738,-4.86877937,-11.0373207,-5.30024974,0.812551076,0
35.540000,-1.03340675,-5.03468453,-11.1230087,-5.3164505,0.811640658,0
35.560000,-1.0249646,-5.20075181,-11.2086918,-5.33285563,0.810749487,0
35.580000,-1.01648497,-5.36693677,-11.2943431,-5.34944963,0.809877884,0
35.600000,-1.007972,-5.53319526,-11.3799358,-5.36621159,0.809026157,0
35.620000,-0.99942994,-5.69948346,-11.4654436,-5.38311016,0.808194607,0
35.640000,-0.990863037,-5.8657579,-11.5508405,-5.40009417,0.807383527,0
35.660000,-0.98227538,-6.03197546,-11.636101,-5.41707481,0.8065932,0
35.680000,-0.973670193,-6.1980934,-11.7211996,-5.43389232,0.805823897,0
35.700000,-0.965047387,-6.36406941,-11.8061117,-5.45025415,0.805075882,0
35.720000,-0.956394813,-6.52986155,-11.8908128,-5.46562145,0.80434941,0
35.740000,-0.947657179,-6.69542838,-11.9752788,-5.47900488,0.803644724,0
35.760000,-0.938625922,-6.86072886,-12.0594861,-5.48860731,0.802962059,0
35.780000,-0.928551073,-7.02572246,-12.1434114,-5.49123043,0.802301638,0
35.800000,-0.914787405,-7.19036915,-12.2270319,-5.48138361,0.801663674,0
35.820000,-0.88819829,-7.35462937,-12.3103253,-5.45022454,0.801048372,0
35.840000,-0.818849442,-7.51846412,-12.3932696,-5.38509786,0.800455925,0
35.860000,-0.623867038,-7.68183494,-12.4758433,-5.27173473,0.799886514,0
35.880000,-0.174781009,-7.84470392,-12.5580254,-5.10197441,0.799340312,0
35.900000,0.448456502,-8.00703374,-12.6397952,-4.88576587,0.79881748,0
35.920000,0.894936136,-8.16878766,-12.7211328,-4.65558498,0.798318168,0
35.940000,1.08958657,-8.32992954,-12.8020183,-4.45135181,0.797842516,0
35.960000,1.15969559,-8.49042389,-12.8824326,-4.29785678,0.797390653,0
35.980000,1.18677767,-8.65023582,-12.9623571,-4.19774161,0.796962697,0
36.000000,1.20057772,-8.80933111,-13.0417734,-4.14042869,0.796558754,0
36.020000,1.21036592,-8.9676762,-13.120664,-4.11264757,0.79617892,0
36.040000,1.21890916,-9.12523821,-13.1990115,-4.10358435,0.795823282,0
36.060000,1.22702434,-9.28198493,-13.2767993,-4.10584232,0.795491912,0
36.080000,1.23495081,-9.43788487,-13.3540112,-4.11477831,0.795184873,0
36.100000,1.24275674,-9.59290725,-13.4306314,-4.12760071,0.794902219,0
36.120000,1.25045926,-9.747022,-13.5066447,-4.14266505,0.794643989,0
36.140000,1.2580603,-9.90019979,-13.5820365,-4.15900979,0.794410214,0
36.160000,1.26555718,-10.052412,-13.6567927,-4.1760725,0.794200913,0
36.180000,1.27294594,-10.2036309,-13.7308996,-4.19352221,0.794016094,0
36.200000,1.28022224,-10.3538293,-13.8043441,-4.21116212,0.793855754,0
36.220000,1.28738171,-10.502981,-13.8771137,-4.22887331,0.793719879,0
36.240000,1.29442002,-10.6510604,-13.9491963,-4.24658239,0.793608444,0
36.260000,1.30133297,-10.7980428,-14.0205804,-4.26424274,0.793521413,0
36.280000,1.30811641,-10.9439042,-14.091255,-4.28182358,0.793458738,0
36.300000,1.31476636,-11.0886216,-14.1612097,-4.29930362,0.793420361,0
36.320000,1.3212789,-11.2321725,-14.2304346,-4.31666738,0.793406213,0
36.340000,1.32765029,-11.3745355,-14.2989203,-4.33390289,0.793416212,0
36.360000,1.33387687,-11.5156899,-14.366658,-4.35100047,0.793450266,0
36.380000,1.33995513,-11.6556157,-14.4336393,-4.36795184,0.793508273,0
36.400000,1.34588171,-11.7942939,-14.4998565,-4.38474974,0.793590116,0
36.420000,1.35165337,-11.9317062,-14.5653023,-4.40138759,0.793695671,0
36.440000,1.35726701,-12.0678353,-14.62997,-4.41785932,0.793824801,0
36.460000,1.36271968,-12.2026646,-14.6938535,-4.43415927,0.793977359,0
36.480000,1.36800857,-12.3361782,-14.7569469,-4.45028213,0.794153185,0
36.500000,1.37313104,-12.4683615,-14.8192452,-4.46622287,0.794352111,0
36.520000,1.37808457,-12.5992001,-14.8807437,-4.48197677,0.794573957,0
36.540000,1.38286681,-12.728681,-14.9414384,-4.49753933,0.794818533,0
36.560000,1.38747557,-12.8567916,-15.0013255,-4.51290633,0.795085639,0
36.580000,1.39190879,-12.9835205,-15.060402,-4.52807379,0.795375063,0
36.600000,1.39616459,-13.1088569,-15.1186652,-4.54303796,0.795686586,0
36.620000,1.40024122,-13.2327908,-15.1761131,-4.55779534,0.796019978,0
36.640000,1.40413711,-13.3553132,-15.2327439,-4.57234266,0.796374998,0
36.660000,1.40785083,-13.4764158,-15.2885566,-4.58667689,0.796751397,0
36.680000,1.41138111,-13.5960911,-15.3435504,-4.60079525,0.797148917,0
36.700000,1.41472682,-13.7143325,-15.3977252,-4.61469516,0.797567288,0
36.720000,1.41788701,-13.8311342,-15.4510812,-4.6283743,0.798006234,0
36.740000,1.42086086,-13.9464911,-15.5036191,-4.64183059,0.798465468,0
36.760000,1.42364769,-14.060399,-15.55534,-4.65506215,0.798944693,0
36.780000,1.426247,-14.1728545,-15.6062457,-4.66806736,0.799443607,0
36.800000,1.42865841,-14.2838548,-15.656338,-4.68084481,0.799961894,0
36.820000,1.4308817,-14.3933981,-15.7056195,-4.69339332,0.800499234,0
36.840000,1.43291677,-14.5014833,-15.754093,-4.70571195,0.801055294,0
36.860000,1.43476368,-14.6081099,-15.8017618,-4.71779995,0.801629736,0
36.880000,1.43642262,-14.7132784,-15.8486296,-4.72965681,0.802222211,0
36.900000,1.4378939,-14.8169899,-15.8947004,-4.74128224,0.802832364,0
36.920000,1.43917797,-14.9192462,-15.9399787,-4.75267614,0.803459829,0
36.940000,1.44027542,-15.0200499,-15.9844693,-4.76383863,0.804104235,0
36.960000,1.44118694,-15.1194042,-16.0281773,-4.77477006,0.8047652,0
36.980000,1.44191335,-15.2173132,-16.0711083,-4.78547093,0.805442336,0
37.000000,1.44245558,-15.3137815,-16.1132681,-4.79594199,0.806135248,0
37.020000,1.44281469,-15.4088144,-16.154663,-4.80618414,0.806843531,0
37.040000,1.44299183,-15.5024179,-16.1952993,-4.81619851,0.807566775,0
37.060000,1.44298825,-15.5945987,-16.2351839,-4.82598636,0.808304561,0
37.080000,1.44280532,-15.685364,-16.2743239,-4.83554919,0.809056463,0
37.100000,1.4424445,-15.7747218,-16.3127266,-4.84488862,0.80982205,0
37.120000,1.44190734,-15.8626805,-16.3503999,-4.85400649,0.810600881,0
37.140000,1.44119547,-15.9492494,-16.3873515,-4.86290475,0.811392512,0
37.160000,1.44031062,-16.034438,-16.4235896,-4.87158554,0.812196489,0
37.180000,1.43925459,-16.1182566,-16.4591226,-4.88005116,0.813012354,0
37.200000,1.43802926,-16.2007161,-16.4939592,-4.88830403,0.813839641,0
37.220000,1.43663659,-16.2818279,-16.5281083,-4.89634674,0.814677879,0
37.240000,1.43507859,-16.3616038,-16.5615788,-4.90418198,0.815526592,0
37.260000,1.43335734,-16.4400562,-16.59438,-4.9118126,0.816385295,0
37.280000,1.43147499,-16.517198,-16.6265215,-4.91924156,0.817253501,0
37.300000,1.42943375,-16.5930427,-16.6580126,-4.92647195,0.818130716,0
37.320000,1.42723586,-16.667604,-16.6888633,-4.93350694,0.819016439,0
37.340000,1.42488363,-16.7408963,-16.7190835,-4.94034984,0.819910167,0
37.360000,1.4223794,-16.8129344,-16.7486831,-4.94700405,0.82081139,0
37.380000,1.41972556,-16.8837333,-16.7776724,-4.95347304,0.821719594,0
37.400000,1.41692454,-16.9533086,-16.8060616,-4.9597604,0.82263426,0
37.420000,1.4139788,-17.0216764,-16.8338612,-4.96586978,0.823554864,0
37.440000,1.41089082,-17.0888529,-16.8610815,-4.97180492,0.824480879,0
37.460000,1.40766313,-17.1548548,-16.8877332,-4.97756962,0.825411772,0
37.480000,1.40429826,-17.2196992,-16.913827,-4.98316778,0.826347008,0
37.500000,1.40079879,-17.2834034,-16.9393734,-4.98860332,0.827286047,0
37.520000,1.39716729,-17.3459851,-16.9643832,-4.99388027,0.828228345,0
37.540000,1.39340637,-17.4074623,-16.9888672,-4.99900271,0.829173356,0
37.560000,1.38951863,-17.4678532,-17.0128362,-5.00397482,0.83012053,0
37.580000,1.38550669,-17.5271764,-17.0363011,-5.00880087,0.831069313,0
37.600000,1.38137319,-17.5854507,-17.0592726,-5.01348526,0.832019149,0
37.620000,1.37712076,-17.6426949,-17.0817616,-5.01803261,0.83296948,0
37.640000,1.37275203,-17.6989285,-17.1037789,-5.02244782,0.833919744,0
37.660000,1.36826965,-17.7541708,-17.1253353,-5.02673621,0.834869377,0
37.680000,1.36367625,-17.8084414,-17.1464416,-5.03090385,0.835817814,0
37.700000,1.35897448,-17.8617601,-17.1671085,-5.0349579,0.836764487,0
37.720000,1.35416695,-17.9141469,-17.1873467,-5.03890738,0.837708826,0
37.740000,1.3492563,-17.965622,-17.2071668,-5.04276427,0.83865026,0
37.760000,1.34424515,-18.0162055,-17.2265793,-5.04654551,0.839588217,0
37.780000,1.3391361,-18.0659179,-17.2455949,-5.05027622,0.840522124,0
37.800000,1.33393175,-18.1147795,-17.2642238,-5.05399521,0.841451405,0
37.820000,1.32863469,-18.162811,-17.2824764,-5.05776435,0.842375486,0
37.840000,1.3232475,-18.2100329,-17.3003629,-5.06168448,0.84329379,0
37.860000,1.31777274,-18.256466,-17.3178935,-5.06592284,0.844205743,0
37.880000,1.31221295,-18.302131,-17.3350782,-5.07076013,0.845110767,0
37.900000,1.30657068,-18.3470486,-17.3519268,-5.07667137,0.846008287,0
37.920000,1.30084845,-18.3912397,-17.3684492,-5.08446438,0.846897728,0
37.940000,1.29504875,-18.4347251,-17.3846549,-5.0955135,0.847778513,0
37.960000,1.28917407,-18.4775256,-17.4005535,-5.11214288,0.84865007,0
37.980000,1.2832269,-18.519662,-17.4161544,-5.13821875,0.849511825,0
38.000000,1.27720968,-18.5611549,-17.4314668,-5.17995209,0.850363205,0
38.020000,1.27112485,-18.6020252,-17.4464998,-5.24665933,0.851203641,0
38.040000,1.26497485,-18.6422935,-17.4612622,-5.35054293,0.852032564,0
38.060000,1.25876206,-18.6819803,-17.4757629,-5.50344292,0.852849407,0
38.080000,1.2524889,-18.7211063,-17.4900103,-5.70854632,0.853653605,0
38.100000,1.24615773,-18.7596918,-17.5040131,-5.95016924,0.854444597,0
38.120000,1.23977091,-18.7977572,-17.5177793,-6.19361713,0.855221822,0
38.140000,1.23333079,-18.8353226,-17.531317,-6.40245147,0.855984725,0
38.160000,1.22683969,-18.8724083,-17.5446342,-6.55792948,0.856732752,0
38.180000,1.22029994,-18.9090341,-17.5577385,-6.66183013,0.857465352,0
38.200000,1.21371383,-18.9452199,-17.5706375,-6.72643381,0.85818198,0
38.220000,1.20708365,-18.9809854,-17.5833384,-6.76499906,0.858882092,0
38.240000,1.20041168,-19.0163501,-17.5958483,-6.78768955,0.85956515,0
38.260000,1.19370018,-19.0513332,-17.6081743,-6.80117025,0.860230619,0
38.280000,1.18695141,-19.0859541,-17.620323,-6.80946435,0.860877971,0
38.300000,1.18016761,-19.1202317,-17.632301,-6.81488958,0.861506679,0
38.320000,1.17335101,-19.1541847,-17.6441146,-6.81874496,0.862116225,0
38.340000,1.16650383,-19.1878317,-17.6557698,-6.82174639,0.862706094,0
38.360000,1.15962829,-19.2211911,-17.6672728,-6.82428418,0.863275776,0
38.380000,1.1527266,-19.254281,-17.678629,-6.82656964,0.863824768,0
38.400000,1.14580095,-19.2871193,-17.6898441,-6.82871679,0.864352573,0
38.420000,1.13885355,-19.3197238,-17.7009233,-6.83078706,0.8648587,0
38.440000,1.13188657,-19.3521117,-17.7118717,-6.83281372,0.865342663,0
38.460000,1.12490222,-19.3843003,-17.7226943,-6.83481496,0.865803986,0
38.480000,1.11790267,-19.4163065,-17.7333956,-6.83680092,0.866242197,0
38.500000,1.1108901,-19.448147,-17.7439802,-6.83877745,0.866656832,0
38.520000,1.10386669,-19.4798381,-17.7544522,-6.84074813,0.867047434,0
38.540000,1.09683462,-19.5113959,-17.7648158,-6.84271525,0.867413554,0
38.560000,1.08979606,-19.5428362,-17.7750748,-6.84468043,0.867754752,0
38.580000,1.0827532,-19.5741745,-17.7852327,-6.84664486,0.868070594,0
38.600000,1.0757082,-19.6054262,-17.7952931,-6.84860951,0.868360654,0
38.620000,1.06866326,-19.636606,-17.8052592,-6.85057513,0.868624517,0
38.640000,1.06162055,-19.6677286,-17.815134,-6.85254237,0.868861774,0
38.660000,1.05458227,-19.6988083,-17.8249203,-6.85451176,0.869072027,0
38.680000,1.0475506,-19.7298592,-17.8346207,-6.85648374,0.869254886,0
38.700000,1.04052773,-19.7608947,-17.8442377,-6.85845864,0.869409969,0
38.720000,1.03351586,-19.7919284,-17.8537735,-6.86043672,0.869536906,0
38.740000,1.02651719,-19.8229732,-17.8632301,-6.86241815,0.869635334,0
38.760000,1.01953388,-19.8540417,-17.8726095,-6.86440302,0.869704903,0
38.780000,1.01256805,-19.8851464,-17.8819132,-6.86639136,0.86974527,0
38.800000,1.00562159,-19.9162992,-17.8911427,-6.86838308,0.869756103,0
38.820000,0.9986958,-19.9475117,-17.9002995,-6.87037806,0.869737082,0
38.840000,0.991790142,-19.9787953,-17.9093845,-6.87237609,0.869687896,0
38.860000,0.984898676,-20.010161,-17.9183987,-6.87437688,0.869608243,0
38.880000,0.977999391,-20.0416192,-17.9273429,-6.87638009,0.869497836,0
38.900000,0.971022363,-20.0731804,-17.9362178,-6.87838531,0.869356396,0
38.920000,0.963754541,-20.1048543,-17.9450237,-6.88039205,0.869183655,0
38.940000,0.955554902,-20.1366506,-17.953761,-6.88239978,0.868979358,0
38.960000,0.944505689,-20.1685783,-17.9624298,-6.8844079,0.86874326,0
38.980000,0.924924813,-20.2006464,-17.97103,-6.88641575,0.868475128,0
39.000000,0.880461059,-20.2328633,-17.9795615,-6.88842263,0.868174742,0
39.020000,0.768087244,-20.265237,-17.988024,-6.89042776,0.86784189,0
39.040000,0.501553819,-20.2977754,-17.9964171,-6.89243034,0.867476377,0
39.060000,0.0185362091,-20.3304857,-18.0047401,-6.8944295,0.867078015,0
39.080000,-0.524869528,-20.3633751,-18.0129923,-6.89642434,0.866646632,0
39.100000,-0.885747082,-20.3964501,-18.0211729,-6.8984139,0.866182067,0
39.120000,-1.05161292,-20.429717,-18.029281,-6.9003972,0.865684169,0
39.140000,-1.11721782,-20.4631818,-18.0373154,-6.90237319,0.865152803,0
39.160000,-1.14389948,-20.49685,-18.0452749,-6.90434082,0.864587843,0
39.180000,-1.15692444,-20.5307269,-18.0531583,-6.90629898,0.86398918,0
39.200000,-1.16529333,-20.5648172,-18.0609642,-6.90824654,0.863356712,0
39.220000,-1.17206102,-20.5991255,-18.0686911,-6.91018233,0.862690354,0
39.240000,-1.17824751,-20.6336558,-18.0763374,-6.91210517,0.861990031,0
39.260000,-1.18419091,-20.668412,-18.0839015,-6.91401384,0.861255683,0
39.280000,-1.19000221,-20.7033975,-18.0913815,-6.91590709,0.860487262,0
39.300000,-1.19571683,-20.7386153,-18.0987758,-6.91778367,0.859684731,0
39.320000,-1.20134505,-20.7740681,-18.1060824,-6.91964231,0.858848068,0
39.340000,-1.20688875,-20.8097585,-18.1132994,-6.9214817,0.857977263,0
39.360000,-1.212347,-20.8456882,-18.1204247,-6.92330055,0.857072319,0
39.380000,-1.21771794,-20.8818592,-18.1274565,-6.92509752,0.856133253,0
39.400000,-1.22299939,-20.9182726,-18.1343925,-6.92687129,0.855160092,0
39.420000,-1.2281891,-20.9549295,-18.1412306,-6.92862052,0.854152878,0
39.440000,-1.23328476,-20.9918307,-18.1479688,-6.93034386,0.853111667,0
39.460000,-1.23828407,-21.0289764,-18.1546049,-6.93203998,0.852036525,0
39.480000,-1.24318475,-21.0663667,-18.1611366,-6.93370751,0.850927533,0
39.500000,-1.24798452,-21.1040013,-18.1675618,-6.9353451,0.849784784,0
39.520000,-1.25268112,-21.1418796,-18.1738784,-6.93695141,0.848608384,0
39.540000,-1.25727231,-21.1800007,-18.1800841,-6.9385251,0.847398452,0
39.560000,-1.26175585,-21.2183634,-18.1861769,-6.94006481,0.846155118,0
39.580000,-1.26612954,-21.256966,-18.1921546,-6.94156923,0.844878528,0
39.600000,-1.27039119,-21.2958069,-18.1980152,-6.94303701,0.843568837,0
39.620000,-1.27453865,-21.3348838,-18.2037567,-6.94446686,0.842226216,0
39.640000,-1.27856978,-21.3741944,-18.2093771,-6.94585746,0.840850846,0
39.660000,-1.28248246,-21.4137359,-18.2148748,-6.94720753,0.839442921,0
39.680000,-1.28627462,-21.4535054,-18.2202478,-6.94851579,0.838002649,0
39.700000,-1.2899442,-21.4934996,-18.2254948,-6.94978099,0.836530247,0
39.720000,-1.29348918,-21.5337151,-18.2306143,-6.95100189,0.835025948,0
39.740000,-1.29690757,-21.5741479,-18.2356052,-6.95217727,0.833489995,0
39.760000,-1.30019743,-21.6147942,-18.2404665,-6.95330592,0.831922643,0
39.780000,-1.30335683,-21.6556495,-18.2451975,-6.95438667,0.83032416,0
39.800000,-1.3063839,-21.6967093,-18.249798,-6.95541837,0.828694825,0
39.820000,-1.30927679,-21.7379689,-18.2542683,-6.95639988,0.82703493,0
39.840000,-1.31203372,-21.7794233,-18.2586089,-6.9573301,0.825344777,0
39.860000,-1.31465294,-21.8210671,-18.2628212,-6.95820795,0.823624681,0
39.880000,-1.31713272,-21.862895,-18.2669074,-6.95903238,0.821874968,0
39.900000,-1.31947142,-21.9049012,-18.2708704,-6.95980236,0.820095975,0
39.920000,-1.32166742,-21.9470798,-18.2747146,-6.9605169,0.81828805,0
39.940000,-1.32371916,-21.9894248,-18.2784456,-6.96117505,0.816451554,0
39.960000,-1.32562513,-22.0319297,-18.2820709,-6.96177585,0.814586857,0
39.980000,-1.32738388,-22.0745883,-18.2855998,-6.96231843,0.81269434,0
40.000000,-1.32899399,-22.1173937,-18.2890447,-6.9628019,0.810774397,0
40.020000,-1.33045414,-22.160339,-18.2924211,-6.96322544,0.80882743,0
40.040000,-1.33176302,-22.2034174,-18.2957482,-6.96358824,0.806853852,0
40.060000,-1.33291942,-22.2466215,-18.2990506,-6.96388954,0.804854088,0
40.080000,-1.33392216,-22.2899441,-18.3023588,-6.9641286,0.802828572,0
40.100000,-1.33477014,-22.3333775,-18.3057107,-6.96430475,0.800777748,0
40.120000,-1.33546233,-22.3769141,-18.3091538,-6.9644173,0.798702069,0
40.140000,-1.33599774,-22.4205462,-18.3127467,-6.96446565,0.796602001,0
40.160000,-1.33637547,-22.4642658,-18.3165625,-6.96444922,0.794478016,0
40.180000,-1.33659468,-22.5080648,-18.3206912,-6.96436744,0.792330597,0
40.200000,-1.3366546,-22.5519351,-18.3252444,-6.96421983,0.790160238,0
40.220000,-1.33655451,-22.5958683,-18.3303594,-6.96400589,0.787967439,0
40.240000,-1.3362938,-22.6398559,-18.3362054,-6.96372521,0.785752712,0
40.260000,-1.33587191,-22.6838896,-18.3429899,-6.96337739,0.783516575,0
40.280000,-1.33528834,-22.7279606,-18.3509666,-6.96296208,0.781259557,0
40.300000,-1.33454268,-22.7720603,-18.3604447,-6.96247895,0.778982196,0
40.320000,-1.33363461,-22.8161798,-18.3717988,-6.96192774,0.776685035,0
40.340000,-1.33256386,-22.8603102,-18.3854805,-6.9613082,0.774368628,0
40.360000,-1.33133024,-22.9044426,-18.4020298,-6.96062015,0.772033537,0
40.380000,-1.32993364,-22.948568,-18.4220863,-6.9598634,0.769680332,0
40.400000,-1.32837405,-22.9926772,-18.4463992,-6.95903786,0.767309588,0
40.420000,-1.3266515,-23.0367612,-18.4758329,-6.95814344,0.76492189,0
40.440000,-1.32476612,-23.0808106,-18.511366,-6.95718009,0.762517831,0
40.460000,-1.32271812,-23.1248162,-18.5540803,-6.95614782,0.760098009,0
40.480000,-1.32050779,-23.1687687,-18.6051341,-6.95504666,0.757663028,0
40.500000,-1.31813549,-23.2126588,-18.6657148,-6.95387668,0.755213501,0
40.520000,-1.31560167,-23.256477,-18.7369669,-6.952638,0.752750042,0
40.540000,-1.31290686,-23.3002139,-18.8198922,-6.95133077,0.750273266,0
40.560000,-1.31005166,-23.3438601,-18.9152241,-6.94995517,0.747783777,0
40.580000,-1.30703676,-23.3874061,-19.0232845,-6.94851145,0.745282143,0
40.600000,-1.30386292,-23.4308424,-19.1438414,-6.94699985,0.742768824,0
40.620000,-1.300531,-23.4741595,-19.2759918,-6.94542068,0.740243995,0
40.640000,-1.29704192,-23.5173478,-19.4181018,-6.94377428,0.737707072,0
40.660000,-1.29339669,-23.5603979,-19.5678298,-6.94206103,0.735155459,0
40.680000,-1.28959639,-23.6033001,-19.7222491,-6.94028132,0.732581217,0
40.700000,-1.28564219,-23.6460449,-19.8780614,-6.93843561,0.72996215,0
40.720000,-1.28153534,-23.6886228,-20.0318729,-6.93652437,0.727237849,0
40.740000,-1.27727715,-23.7310241,-20.1804833,-6.93454813,0.724245028,0
40.760000,-1.27286903,-23.7732395,-20.321139,-6.93250742,0.720542652,0
40.780000,-1.26831244,-23.8152592,-20.451708,-6.93040283,0.714940037,0
40.800000,-1.26360895,-23.8570737,-20.5707612,-6.92823497,0.704241308,0
40.820000,-1.25876017,-23.8986736,-20.6775607,-6.92600449,0.680058155,0
40.840000,-1.25376782,-23.9400493,-20.7719796,-6.92371207,0.621820807,0
40.860000,-1.24863366,-23.9811912,-20.8543801,-6.92135841,0.488008982,0
40.880000,-1.24335955,-24.0220899,-20.9254775,-6.91894426,0.233024716,0
40.900000,-1.23794741,-24.0627358,-20.9862111,-6.91647038,-0.106470841,0
40.920000,-1.23239921,-24.1031195,-21.0376352,-6.91393758,-0.391251445,0
40.940000,-1.22671703,-24.1432315,-21.0808344,-6.91134667,-0.55131278,0
40.960000,-1.220903,-24.1830623,-21.1168633,-6.90869851,-0.62243456,0
40.980000,-1.21495931,-24.2226026,-21.1467081,-6.90599399,-0.651539602,0
41.000000,-1.20888821,-24.2618427,-21.171265,-6.90323401,-0.663900751,0
41.020000,-1.20269205,-24.3007734,-21.191331,-6.9004195,-0.670021449,0
41.040000,-1.19637321,-24.3393852,-21.2076032,-6.89755143,-0.673875005,0
41.060000,-1.18993415,-24.3776686,-21.220684,-6.89463077,-0.676911698,0
41.080000,-1.18337737,-24.4156143,-21.2310886,-6.89165852,-0.679653084,0
41.100000,-1.17670546,-24.4532129,-21.2392549,-6.88863573,-0.68228522,0
41.120000,-1.16992104,-24.490455,-21.2455524,-6.88556343,-0.684873948,0
41.140000,-1.16302682,-24.5273311,-21.250292,-6.88244269,-0.687442216,0
41.160000,-1.15602552,-24.563832,-21.2537344,-6.87927461,-0.689997706,0
41.180000,-1.14891996,-24.5999481,-21.256098,-6.87606029,-0.692542676,0
41.200000,-1.14171298,-24.6356701,-21.2575653,-6.87280087,-0.695077464,0
41.220000,-1.13440749,-24.6709887,-21.2582888,-6.86949748,-0.697601725,0
41.240000,-1.12700645,-24.7058942,-21.2583961,-6.86615129,-0.700114875,0
41.260000,-1.11951284,-24.7403774,-21.257994,-6.86276347,-0.702616246,0
41.280000,-1.11192973,-24.7744288,-21.2571719,-6.85933522,-0.705105142,0
41.300000,-1.1042602,-24.8080389,-21.256005,-6.85586774,-0.707580858,0
41.320000,-1.09650739,-24.8411982,-21.2545565,-6.85236225,-0.710042688,0
41.340000,-1.08867449,-24.8738972,-21.2528797,-6.84881999,-0.712489928,0
41.360000,-1.0807647,-24.9061263,-21.2510196,-6.84524219,-0.714921875,0
41.380000,-1.07278129,-24.937876,-21.2490145,-6.84163011,-0.71733783,0
41.400000,-1.06472755,-24.9691367,-21.2468971,-6.837985,-0.719737098,0
41.420000,-1.05660682,-24.9998986,-21.2446952,-6.83430815,-0.722118985,0
41.440000,-1.04842247,-25.0301521,-21.2424327,-6.83060083,-0.724482805,0
41.460000,-1.04017788,-25.0598874,-21.2401303,-6.82686432,-0.726827874,0
41.480000,-1.03187649,-25.0890948,-21.2378057,-6.82309992,-0.729153511,0
41.500000,-1.02352177,-25.1177642,-21.2354745,-6.81930892,-0.731459043,0
41.520000,-1.01511719,-25.1458859,-21.2331501,-6.81549262,-0.733743801,0
41.540000,-1.00666628,-25.1734497,-21.2308445,-6.81165233,-0.736007119,0
41.560000,-0.998172569,-25.2004458,-21.2285679,-6.80778935,-0.73824834,0
41.580000,-0.989639624,-25.2268638,-21.2263296,-6.80390499,-0.740466811,0
41.600000,-0.98107103,-25.2526936,-21.2241377,-6.80000056,-0.742661884,0
41.620000,-0.972470391,-25.277925,-21.2219994,-6.79607736,-0.744832921,0
41.640000,-0.963841333,-25.3025476,-21.2199211,-6.7921367,-0.746979286,0
41.660000,-0.955187496,-25.3265511,-21.2179084,-6.78817989,-0.749100353,0
41.680000,-0.946512538,-25.3499252,-21.2159664,-6.78420822,-0.751195502,0
41.700000,-0.93782013,-25.3726596,-21.2140995,-6.780223,-0.75326412,0
41.720000,-0.929113956,-25.3947444,-21.2123116,-6.77622552,-0.755305603,0
41.740000,-0.920397711,-25.4161702,-21.2106063,-6.77221706,-0.757319353,0
41.760000,-0.911675099,-25.4369289,-21.2089865,-6.76819891,-0.759304782,0
41.780000,-0.902949832,-25.4570145,-21.2074548,-6.76417232,-0.761261307,0
41.800000,-0.894225629,-25.4764254,-21.2060134,-6.76013855,-0.763188359,0
41.820000,-0.885506211,-25.4951685,-21.2046642,-6.75609881,-0.765085371,0
41.840000,-0.876795306,-25.5132667,-21.2034086,-6.75205426,-0.766951791,0
41.860000,-0.86809664,-25.5307741,-21.2022476,-6.74800589,-0.768787074,0
41.880000,-0.859413939,-25.5478052,-21.201182,-6.74395443,-0.770590682,0
41.900000,-0.850750928,-25.5645923,-21.2002121,-6.73989988,-0.772362091,0
41.920000,-0.842111326,-25.5816,-21.1993378,-6.73584069,-0.774100783,0
41.940000,-0.833498849,-25.5997496,-21.1985588,-6.73177175,-0.775806253,0
41.960000,-0.824917203,-25.6208662,-21.1978741,-6.72767968,-0.777478005,0
41.980000,-0.816370084,-25.6485527,-21.1972826,-6.72353213,-0.779115554,0
42.000000,-0.807861172,-25.6898579,-21.1967824,-6.7192529,-0.780718425,0
42.020000,-0.799394122,-25.758257,-21.1963713,-6.71466457,-0.782286155,0
42.040000,-0.790972532,-25.8781675,-21.1960466,-6.70935623,-0.78381829,0
42.060000,-0.782599838,-26.0888756,-21.1958048,-6.70238023,-0.78531439,0
42.080000,-0.774278971,-26.4382466,-21.1956418,-6.69156677,-0.786774024,0
42.100000,-0.766011184,-26.9479567,-21.1955527,-6.67202553,-0.788196775,0
42.120000,-0.757791988,-27.5575897,-21.1955317,-6.63312848,-0.789582236,0
42.140000,-0.749597021,-28.1297673,-21.195572,-6.55365766,-0.790930012,0
42.160000,-0.741332422,-28.5546223,-21.1956653,-6.39904643,-0.792239722,0
42.180000,-0.73265955,-28.817505,-21.1958022,-6.13753757,-0.793510994,0
42.200000,-0.722373282,-28.9618695,-21.1959712,-5.79107479,-0.794743473,0
42.220000,-0.706204904,-29.0357126,-21.1961588,-5.45690225,-0.795936811,0
42.240000,-0.669287928,-29.0717624,-21.1963487,-5.21975032,-0.797090678,0
42.260000,-0.563448223,-29.0884507,-21.1965215,-5.08483253,-0.798204753,0
42.280000,-0.269286358,-29.0952562,-21.1966537,-5.01661006,-0.79927873,0
42.300000,0.309911237,-29.0968304,-21.1967168,-4.98322037,-0.800312315,0
42.320000,0.905940526,-29.0953955,-21.1966761,-4.96624545,-0.801305227,0
42.340000,1.2201505,-29.0919927,-21.1964887,-4.95666674,-0.8022572,0
42.360000,1.33304088,-29.0871006,-21.1961019,-4.9503644,-0.80316798,0
42.380000,1.37095944,-29.0809326,-21.1954502,-4.94551055,-0.804037326,0
42.400000,1.3864685,-29.073579,-21.1944515,-4.94130384,-0.804865012,0
42.420000,1.39566995,-29.0650725,-21.1930028,-4.93739461,-0.805650823,0
42.440000,1.40307484,-29.0554196,-21.1909744,-4.93363057,-0.80639456,0
42.460000,1.40991111,-29.0446147,-21.1882012,-4.92994557,-0.807096038,0
42.480000,1.41650817,-29.0326466,-21.1844732,-4.92631103,-0.807755084,0
42.500000,1.42295252,-29.0195016,-21.1795219,-4.92271477,-0.80837154,0
42.520000,1.42926543,-29.0051651,-21.1730032,-4.91915181,-0.808945261,0
42.540000,1.43545075,-28.9896215,-21.1644748,-4.91562032,-0.809476117,0
42.560000,1.44150778,-28.9728554,-21.153368,-4.91211982,-0.80996399,0
42.580000,1.44743465,-28.954851,-21.1389521,-4.90865044,-0.810408778,0
42.600000,1.45322925,-28.9355926,-21.1202904,-4.90521257,-0.810810391,0
42.620000,1.45888946,-28.9150643,-21.0961881,-4.9018067,-0.811168756,0
42.640000,1.46441327,-28.8932505,-21.0651344,-4.89843334,-0.81148381,0
42.660000,1.46979874,-28.8701354,-21.0252445,-4.89509304,-0.811755506,0
42.680000,1.47504404,-28.8457034,-20.9742131,-4.8917863,-0.811983811,0
42.700000,1.48014743,-28.8199388,-20.9093045,-4.88851365,-0.812168705,0
42.720000,1.4851073,-28.7928261,-20.827416,-4.88527559,-0.812310183,0
42.740000,1.48992213,-28.7643498,-20.7252674,-4.8820726,-0.812408253,0
42.760000,1.49459054,-28.7344946,-20.5997811,-4.87890515,-0.812462936,0
42.780000,1.49911125,-28.7032454,-20.4486968,-4.87577369,-0.812474268,0
42.800000,1.50348311,-28.6705869,-20.2714013,-4.87267867,-0.812442298,0
42.820000,1.50770509,-28.6365044,-20.069823,-4.86962052,-0.812367088,0
42.840000,1.51177627,-28.6009831,-19.8490733,-4.86659964,-0.812248715,0
42.860000,1.51569589,-28.5640083,-19.6174296,-4.86361645,-0.812087267,0
42.880000,1.51946329,-28.5255659,-19.3853852,-4.86067132,-0.811882848,0
42.900000,1.52307796,-28.4856417,-19.1638836,-4.85776465,-0.811635574,0
42.920000,1.52653951,-28.4442218,-18.9623109,-4.85489679,-0.811345573,0
42.940000,1.52984771,-28.4012927,-18.7869876,-4.8520681,-0.811012988,0
42.960000,1.53300245,-28.3568411,-18.6406317,-4.84927893,-0.810637974,0
42.980000,1.53600375,-28.3108541,-18.5227672,-4.84652961,-0.810220699,0
43.000000,1.53885179,-28.2633188,-18.4306882,-4.84382048,-0.809761342,0
43.020000,1.54154689,-28.2142232,-18.3605236,-4.84115186,-0.809260097,0
43.040000,1.54408949,-28.1635552,-18.3081024,-4.83852405,-0.80871717,0
43.060000,1.54648019,-28.1113034,-18.2695124,-4.83593736,-0.808132779,0
43.080000,1.54871974,-28.0574567,-18.2413833,-4.8333921,-0.807507152,0
43.100000,1.55080902,-28.0020043,-18.2209719,-4.83088855,-0.806840532,0
43.120000,1.55274904,-27.9449361,-18.2061342,-4.82842701,-0.806133173,0
43.140000,1.55454099,-27.8862424,-18.1952433,-4.82600776,-0.805385341,0
43.160000,1.55618617,-27.825914,-18.1870916,-4.82363108,-0.804597313,0
43.180000,1.55768602,-27.7639421,-18.1807982,-4.82129725,-0.803769376,0
43.200000,1.55904215,-27.7003188,-18.175729,-4.81900653,-0.802901832,0
43.220000,1.56025626,-27.6350363,-18.1714322,-4.81675921,-0.801994991,0
43.240000,1.56133022,-27.5680878,-18.1675885,-4.81455555,-0.801049175,0
43.260000,1.56226603,-27.4994669,-18.1639741,-4.81239581,-0.800064717,0
43.280000,1.56306581,-27.429168,-18.1604322,-4.81028028,-0.79904196,0
43.300000,1.5637318,-27.357186,-18.1568538,-4.80820921,-0.797981258,0
43.320000,1.5642664,-27.2835165,-18.1531629,-4.80618287,-0.796882976,0
43.340000,1.56467208,-27.2081559,-18.1493063,-4.80420153,-0.795747487,0
43.360000,1.56495147,-27.1311014,-18.1452467,-4.80226545,-0.794575176,0
43.380000,1.56510729,-27.0523507,-18.1409577,-4.80037492,-0.793366437,0
43.400000,1.56514239,-26.9719025,-18.1364199,-4.7985302,-0.792121675,0
43.420000,1.56505968,-26.8897562,-18.1316195,-4.79673156,-0.790841301,0
43.440000,1.56486223,-26.805912,-18.1265458,-4.79497928,-0.789525739,0
43.460000,1.56455315,-26.7203709,-18.1211906,-4.79327365,-0.78817542,0
43.480000,1.56413567,-26.6331349,-18.1155473,-4.79161494,-0.786790784,0
43.500000,1.56361308,-26.5442068,-18.1096107,-4.79000344,-0.785372282,0
43.520000,1.56298878,-26.4535901,-18.1033763,-4.78843944,-0.783920371,0
43.540000,1.5622662,-26.3612895,-18.0968402,-4.78692323,-0.782435516,0
43.560000,1.56144886,-26.2673104,-18.0899994,-4.78545511,-0.780918194,0
43.580000,1.56054033,-26.1716593,-18.0828509,-4.78403538,-0.779368887,0
43.600000,1.55954422,-26.0743436,-18.0753926,-4.78266435,-0.777788085,0
43.620000,1.5584642,-25.9753715,-18.0676223,-4.78134232,-0.776176287,0
43.640000,1.55730396,-25.8747524,-18.0595386,-4.78006962,-0.774533998,0
43.660000,1.55606723,-25.7724966,-18.0511401,-4.77884654,-0.772861733,0
43.680000,1.55475776,-25.6686155,-18.0424259,-4.77767343,-0.771160012,0
43.700000,1.5533793,-25.5631214,-18.0333956,-4.7765506,-0.769429363,0
43.720000,1.55193561,-25.4560275,-18.0240488,-4.77547838,-0.767670321,0
43.740000,1.55043046,-25.3473484,-18.0143859,-4.77445711,-0.765883427,0
43.760000,1.5488676,-25.2370995,-18.0044072,-4.77348712,-0.76406923,0
43.780000,1.54725076,-25.1252971,-17.9941136,-4.77256875,-0.762228284,0
43.800000,1.54558364,-25.0119589,-17.9835065,-4.77170235,-0.760361151,0
43.820000,1.54386993,-24.8971035,-17.9725874,-4.77088826,-0.758468398,0
43.840000,1.54211324,-24.7807504,-17.9613583,-4.77012683,-0.756550598,0
43.860000,1.54031717,-24.6629204,-17.9498216,-4.76941842,-0.75460833,0
43.880000,1.53848524,-24.5436352,-17.9379799,-4.76876336,-0.75264218,0
43.900000,1.5366209,-24.4229177,-17.9258365,-4.76816201,-0.750652737,0
43.920000,1.53472756,-24.3007917,-17.9133947,-4.76761474,-0.748640599,0
43.940000,1.53280853,-24.1772822,-17.9006585,-4.76712189,-0.746606366,0
43.960000,1.53086703,-24.0524151,-17.8876321,-4.76668381,-0.744550644,0
43.980000,1.52890619,-23.9262173,-17.8743201,-4.76630087,-0.742474046,0
44.000000,1.52692907,-23.7987171,-17.8607276,-4.7659734,-0.740377188,0
44.020000,1.52493858,-23.6699434,-17.8468599,-4.76570176,-0.738260691,0
44.040000,1.52293756,-23.5399263,-17.8327229,-4.7654863,-0.736125181,0
44.060000,1.52092871,-23.4086968,-17.8183226,-4.76532735,-0.733971288,0
44.080000,1.51891462,-23.2762871,-17.8036655,-4.76522526,-0.731799647,0
44.100000,1.51689775,-23.1427301,-17.7887586,-4.76518036,-0.729610897,0
44.120000,1.51488044,-23.0080598,-17.7736092,-4.76519298,-0.727405681,0
44.140000,1.51286488,-22.8723112,-17.7582247,-4.76526343,-0.725184647,0
44.160000,1.51085314,-22.73552,-17.7426133,-4.76539203,-0.722948444,0
44.180000,1.50884713,-22.597723,-17.7267831,-4.76557909,-0.720697727,0
44.200000,1.50684864,-22.4589578,-17.710743,-4.7658249,-0.718433156,0
44.220000,1.50485929,-22.3192628,-17.6945018,-4.76612974,-0.716155391,0
44.240000,1.50288056,-22.1786773,-17.678069,-4.7664939,-0.713865097,0
44.260000,1.50091378,-22.0372412,-17.6614541,-4.76691764,-0.711562942,0
44.280000,1.49896014,-21.8949956,-17.6446673,-4.76740119,-0.709249597,0
44.300000,1.49702066,-21.7519818,-17.6277187,-4.76794481,-0.706925738,0
44.320000,1.49509622,-21.6082423,-17.610619,-4.76854871,-0.704592039,0
44.340000,1.49318755,-21.4638199,-17.5933791,-4.7692131,-0.702249182,0
44.360000,1.49129522,-21.3187583,-17.5760101,-4.76993817,-0.699897848,0
44.380000,1.48941965,-21.1731017,-17.5585235,-4.77072409,-0.69753872,0
44.400000,1.48756111,-21.0268949,-17.540931,-4.771571,-0.695172487,0
44.420000,1.48571974,-20.8801832,-17.5232445,-4.77247905,-0.692799837,0
44.440000,1.48389552,-20.7330125,-17.5054762,-4.77344835,-0.69042146,0
44.460000,1.48208828,-20.5854291,-17.4876386,-4.77447898,-0.688038049,0
44.480000,1.48029775,-20.4374798,-17.4697442,-4.77557101,-0.685650298,0
44.500000,1.47852347,-20.2892117,-17.451806,-4.77672449,-0.683258903,0
44.520000,1.47676489,-20.1406723,-17.4338369,-4.77793943,-0.680864561,0
44.540000,1.47502132,-19.9919095,-17.4158501,-4.77921583,-0.67846797,0
44.560000,1.47329194,-19.8429713,-17.3978591,-4.78055365,-0.67606983,0
44.580000,1.47157583,-19.693906,-17.3798772,-4.78195283,-0.673670841,0
44.600000,1.46987194,-19.5447623,-17.3619182,-4.78341329,-0.671271703,0
44.620000,1.46817912,-19.3955887,-17.3439958,-4.78493488,-0.668873119,0
44.640000,1.46649612,-19.246434,-17.3261239,-4.78651748,-0.666475791,0
44.660000,1.4648216,-19.0973471,-17.3083165,-4.78816089,-0.66408042,0
44.680000,1.46315412,-18.9483768,-17.2905875,-4.78986489,-0.66168771,0
44.700000,1.46149215,-18.799572,-17.2729511,-4.79162924,-0.659298362,0
44.720000,1.45983411,-18.6509814,-17.2554213,-4.79345365,-0.656913078,0
44.740000,1.45817832,-18.5026537,-17.2380124,-4.79533781,-0.654532561,0
44.760000,1.45652306,-18.3546374,-17.2207386,-4.79728135,-0.65215751,0
44.780000,1.45486653,-18.2069809,-17.2036139,-4.79928388,-0.649788627,0
44.800000,1.45320691,-18.0597322,-17.1866525,-4.80134498,-0.64742661,0
44.820000,1.45154231,-17.9129392,-17.1698686,-4.80346416,-0.645072157,0
44.840000,1.44987081,-17.7666493,-17.1532762,-4.80564092,-0.642725966,0
44.860000,1.44819048,-17.6209098,-17.1368892,-4.80787471,-0.640388729,0
44.880000,1.44649933,-17.4757672,-17.1207217,-4.81016494,-0.638061142,0
44.900000,1.44479539,-17.331268,-17.1047873,-4.81251098,-0.635743895,0
44.920000,1.44307667,-17.1874579,-17.0890998,-4.81491214,-0.633437677,0
44.940000,1.44134116,-17.0443823,-17.0736727,-4.81736771,-0.631143172,0
44.960000,1.43958688,-16.9020858,-17.0585194,-4.81987692,-0.628861062,0
44.980000,1.43781184,-16.7606126,-17.0436532,-4.82243897,-0.62659202,0
45.000000,1.43601408,-16.6200063,-17.0290871,-4.825053,-0.624336707,0
45.020000,1.43419166,-16.4803097,-17.0148339,-4.82771812,-0.62209576,0
45.040000,1.43234266,-16.3415649,-17.0009064,-4.83043338,-0.619869757,0
45.060000,1.4304652,-16.2038133,-16.9873169,-4.83319778,-0.617659159,0
45.080000,1.42855744,-16.0670957,-16.9740776,-4.83601029,-0.615464159,0
45.100000,1.42661759,-15.9314517,-16.9612005,-4.83886981,-0.613284353,0
45.120000,1.42464389,-15.7969206,-16.9486971,-4.84177523,-0.611118022,0
45.140000,1.42263466,-15.6635404,-16.9365789,-4.84472534,-0.608960527,0
45.160000,1.42058825,-15.5313483,-16.924857,-4.84771892,-0.60680084,0
45.180000,1.41850311,-15.4003808,-16.913542,-4.85075469,-0.604613998,0
45.200000,1.41637773,-15.2706734,-16.9026445,-4.85383131,-0.602344925,0
45.220000,1.41421067,-15.1422603,-16.8921744,-4.85694741,-0.599874016,0
45.240000,1.41200057,-15.0151752,-16.8821417,-4.86010154,-0.596944758,0
45.260000,1.40974616,-14.8894504,-16.8725555,-4.86329224,-0.593013705,0
45.280000,1.40744622,-14.7651176,-16.863425,-4.86651796,-0.586946037,0
45.300000,1.40509965,-14.6422069,-16.8547588,-4.86977712,-0.576419461,0
45.320000,1.4027054,-14.5207478,-16.846565,-4.87306809,-0.556834271,0
45.340000,1.40026253,-14.4007685,-16.8388516,-4.87638918,-0.519599506,0
45.360000,1.39777018,-14.2822962,-16.8316258,-4.87973866,-0.450402234,0
45.380000,1.39522758,-14.1653569,-16.8248946,-4.88311474,-0.330547227,0
45.400000,1.39263404,-14.0499756,-16.8186647,-4.88651558,-0.147876684,0
45.420000,1.38998899,-13.9361761,-16.812942,-4.8899393,0.0826220827,0
45.440000,1.38729193,-13.823981,-16.8077322,-4.89338394,0.313936337,0
45.460000,1.38454247,-13.7134118,-16.8030404,-4.89684752,0.49944491,0
45.480000,1.38174028,-13.604489,-16.7988713,-4.900328,0.62410158,0
45.500000,1.37888517,-13.4972316,-16.7952292,-4.90382328,0.698855922,0
45.520000,1.37597701,-13.3916579,-16.7921178,-4.90733122,0.741131211,0
45.540000,1.37301577,-13.2877845,-16.7895403,-4.91084963,0.764615688,0
45.560000,1.37000152,-13.1856274,-16.7874994,-4.91437626,0.777830311,0
45.580000,1.36693442,-13.0852009,-16.7859975,-4.91790881,0.785565013,0
45.600000,1.36381471,-12.9865185,-16.7850361,-4.92144495,0.790392504,0
45.620000,1.36064273,-12.8895925,-16.7846166,-4.92498228,0.793669443,0
45.640000,1.35741889,-12.7944339,-16.7847396,-4.92851835,0.7961078,0
45.660000,1.35414372,-12.7010526,-16.7854054,-4.93205068,0.798081984,0
45.680000,1.3508178,-12.6094574,-16.7866137,-4.93557673,0.799789979,0
45.700000,1.34744182,-12.5196559,-16.7883634,-4.9390939,0.801337225,0
45.720000,1.34401652,-12.4316548,-16.7906534,-4.94259958,0.802780305,0
45.740000,1.34054275,-12.3454592,-16.7934818,-4.94609107,0.804149795,0
45.760000,1.33702142,-12.2610737,-16.796846,-4.94956564,0.805462316,0
45.780000,1.33345352,-12.1785013,-16.8007431,-4.95302054,0.806726923,0
45.800000,1.32984011,-12.0977442,-16.8051698,-4.95645293,0.807948535,0
45.820000,1.32618232,-12.0188034,-16.8101219,-4.95985997,0.809129791,0
45.840000,1.32248134,-11.9416789,-16.8155951,-4.96323873,0.81027206,0
45.860000,1.31873845,-11.8663698,-16.8215842,-4.96658629,0.811375999,0
45.880000,1.31495497,-11.7928739,-16.8280837,-4.96989963,0.812441866,0
45.900000,1.31113228,-11.7211883,-16.8350877,-4.97317575,0.813469695,0
45.920000,1.30727183,-11.6513088,-16.8425894,-4.97641156,0.814459393,0
45.940000,1.30337512,-11.5832305,-16.850582,-4.97960395,0.815410799,0
45.960000,1.2994437,-11.5169475,-16.8590577,-4.98274978,0.816323716,0
45.980000,1.29547917,-11.4524529,-16.8680087,-4.98584586,0.817197933,0
46.000000,1.29148318,-11.389739,-16.8774262,-4.98888896,0.818033232,0
46.020000,1.28745743,-11.328797,-16.8873014,-4.99187584,0.8188294,0
46.040000,1.28340364,-11.2696177,-16.8976247,-4.9948032,0.819586229,0
46.060000,1.27932359,-11.2121905,-16.9083861,-4.99766771,0.820303522,0
46.080000,1.2752191,-11.1565045,-16.9195753,-5.00046602,0.820981092,0
46.100000,1.27109201,-11.1025477,-16.9311814,-5.00319476,0.821618764,0
46.120000,1.26694419,-11.0503074,-16.9431932,-5.00585049,0.822216379,0
46.140000,1.26277756,-10.9997703,-16.9555988,-5.00842979,0.822773786,0
46.160000,1.25859404,-10.9509223,-16.9683861,-5.01092919,0.823290852,0
46.180000,1.2543956,-10.9037485,-16.9815427,-5.01334521,0.823767456,0
46.200000,1.2501842,-10.8582337,-16.9950555,-5.01567432,0.824203491,0
46.220000,1.24596185,-10.8143616,-17.0089113,-5.01791301,0.824598866,0
46.240000,1.24173056,-10.7721156,-17.0230962,-5.02005773,0.824953503,0
46.260000,1.23749235,-10.7314786,-17.0375963,-5.02210493,0.825267337,0
46.280000,1.23324928,-10.6924327,-17.0523972,-5.02405101,0.825540319,0
46.300000,1.22900338,-10.6549596,-17.0674841,-5.02589242,0.825772416,0
46.320000,1.22475673,-10.6190406,-17.0828419,-5.02762556,0.825963607,0
46.340000,1.22051136,-10.5846565,-17.0984554,-5.02924685,0.826113886,0
46.360000,1.21626937,-10.5517874,-17.1143087,-5.03075269,0.826223263,0
46.380000,1.2120328,-10.5204134,-17.1303862,-5.03213951,0.82629176,0
46.400000,1.20780372,-10.490514,-17.1466714,-5.03340374,0.826319418,0
46.420000,1.2035842,-10.4620683,-17.1631481,-5.03454181,0.826306287,0
46.440000,1.19937629,-10.4350552,-17.1797996,-5.03555018,0.826252437,0
46.460000,1.19518204,-10.4094534,-17.1966089,-5.03642535,0.826157949,0
46.480000,1.19100348,-10.3852409,-17.2135592,-5.03716381,0.826022918,0
46.500000,1.18684264,-10.362396,-17.2306332,-5.0377621,0.825847458,0
46.520000,1.18270154,-10.3408965,-17.2478134,-5.03821678,0.825631693,0
46.540000,1.17858217,-10.3207199,-17.2650825,-5.03852447,0.825375763,0
46.560000,1.17448651,-10.3018439,-17.2824227,-5.0386818,0.825079822,0
46.580000,1.17041652,-10.2842457,-17.2998164,-5.03868545,0.824744039,0
46.600000,1.16637414,-10.2679026,-17.3172457,-5.0385321,0.824368598,0
46.620000,1.16236128,-10.2527917,-17.3346929,-5.0382185,0.823953695,0
46.640000,1.15837984,-10.23889,-17.3521399,-5.0377414,0.823499541,0
46.660000,1.15443169,-10.2261746,-17.3695689,-5.03709757,0.823006361,0
46.680000,1.15051866,-10.2146219,-17.386962,-5.03628378,0.822474395,0
46.700000,1.14664255,-10.204208,-17.4043013,-5.0352968,0.821903894,0
46.720000,1.14280515,-10.194907,-17.4215688,-5.03413338,0.821295127,0
46.740000,1.1390082,-10.1866883,-17.4387469,-5.03279025,0.820648372,0
46.760000,1.1352534,-10.1795089,-17.4558177,-5.0312641,0.819963922,0
46.780000,1.13154243,-10.1732935,-17.4727637,-5.02955156,0.819242085,0
46.800000,1.12787691,-10.1678836,-17.4895673,-5.02764923,0.81848318,0
46.820000,1.12425842,-10.1629074,-17.5062113,-5.02555364,0.817687539,0
46.840000,1.12068846,-10.1574482,-17.5226783,-5.02326127,0.816855506,0
46.860000,1.11716844,-10.1492133,-17.5389515,-5.02076857,0.81598744,0
46.880000,1.11369958,-10.1324855,-17.555014,-5.01807195,0.815083707,0
46.900000,1.11028279,-10.0933037,-17.5708492,-5.01516779,0.814144687,0
46.920000,1.10691835,-9.99933921,-17.5864407,-5.01205252,0.81317077,0
46.940000,1.10360531,-9.78486721,-17.6017726,-5.00872259,0.812162353,0
46.960000,1.10034022,-9.35462722,-17.616829,-5.00517454,0.811119838,0
46.980000,1.09711473,-8.67702327,-17.6315944,-5.00140501,0.810043632,0
47.000000,1.09391071,-7.92771621,-17.6460537,-4.99741081,0.808934136,0
47.020000,1.09069101,-7.36198098,-17.660192,-4.99318892,0.807791737,0
47.040000,1.08738161,-7.04602339,-17.6739948,-4.98873655,0.806616794,0
47.060000,1.08383829,-6.899992,-17.6874481,-4.98405116,0.805409609,0
47.080000,1.07978474,-6.84055539,-17.7005382,-4.97913048,0.804170381,0
47.100000,1.07470038,-6.82025599,-17.7132518,-4.97397253,0.802899131,0
47.120000,1.06762157,-6.81700773,-17.725576,-4.96857561,0.801595568,0
47.140000,1.0568012,-6.82128339,-17.7374985,-4.96293834,0.800258863,0
47.160000,1.0391563,-6.82907855,-17.7490073,-4.9570596,0.798887242,0
47.180000,1.00945378,-6.83871694,-17.7600909,-4.95093853,0.797477285,0
47.200000,0.959332749,-6.8494909,-17.7707384,-4.94457454,0.79602266,0
47.220000,0.87672678,-6.86109531,-17.7809394,-4.93796725,0.794511867,0
47.240000,0.747194423,-6.87339302,-17.7906838,-4.93111645,0.792924148,0
47.260000,0.559484197,-6.88631751,-17.7999624,-4.92402212,0.791222035,0
47.280000,0.315684437,-6.89983233,-17.8087662,-4.91668434,0.789337679,0
47.300000,0.0390442087,-6.91391405,-17.817087,-4.90910331,0.787147596,0
47.320000,-0.232173795,-6.92854509,-17.824917,-4.90127931,0.784425815,0
47.340000,-0.463934574,-6.94371064,-17.8322492,-4.89321269,0.780756804,0
47.360000,-0.640933954,-6.95939739,-17.839077,-4.88490385,0.775374063,0
47.380000,-0.765657455,-6.97559292,-17.8453945,-4.87635323,0.766864673,0
47.400000,-0.849207339,-6.99228549,-17.8511963,-4.86756132,0.752644741,0
47.420000,-0.903692341,-7.0094639,-17.8564778,-4.85852865,0.728091076,0
47.440000,-0.938887335,-7.02711747,-17.8612349,-4.84925582,0.685326094,0
47.460000,-0.961689039,-7.04523601,-17.8654642,-4.8397435,0.612246487,0
47.480000,-0.976642677,-7.06380977,-17.8691628,-4.82999243,0.494041262,0
47.500000,-0.986641906,-7.08282949,-17.8723287,-4.82000344,0.321426959,0
47.520000,-0.99349967,-7.10228634,-17.8749602,-4.8097775,0.105714827,0
47.540000,-0.998345803,-7.12217198,-17.8770566,-4.79931567,-0.115500487,0
47.560000,-1.00188512,-7.14247846,-17.8786177,-4.78861919,-0.300006261,0
47.580000,-1.00455944,-7.16319831,-17.8796439,-4.77768942,-0.428841165,0
47.600000,-1.00664767,-7.18432445,-17.8801363,-4.76652791,-0.508031095,0
47.620000,-1.00832745,-7.20585026,-17.8800967,-4.75513638,-0.553108628,0
47.640000,-1.00971299,-7.22776949,-17.8795274,-4.74351673,-0.577902714,0
47.660000,-1.0108785,-7.25007632,-17.8784316,-4.73167104,-0.591573798,0
47.680000,-1.01187276,-7.27276531,-17.876813,-4.7196016,-0.59941853,0
47.700000,-1.01272822,-7.29583141,-17.8746759,-4.7073109,-0.604293297,0
47.720000,-1.01346675,-7.31926992,-17.8720253,-4.69480161,-0.607681078,0
47.740000,-1.01410331,-7.34307651,-17.8688668,-4.68207661,-0.610334867,0
47.760000,-1.01464832,-7.3672472,-17.8652067,-4.66913899,-0.612631522,0
47.780000,-1.01510915,-7.39177834,-17.8610519,-4.655992,-0.614757625,0
47.800000,-1.01549117,-7.41666659,-17.8564099,-4.64263912,-0.616804666,0
47.820000,-1.01579836,-7.44190892,-17.8512888,-4.62908402,-0.618817031,0
47.840000,-1.01603377,-7.4675026,-17.8456975,-4.61533055,-0.620815936,0
47.860000,-1.01619983,-7.49344517,-17.8396456,-4.60138275,-0.622811274,0
47.880000,-1.0162985,-7.51973442,-17.8331441,-4.58724485,-0.62480743,0
47.900000,-1.01633148,-7.5463684,-17.8262056,-4.57292128,-0.626806125,0
47.920000,-1.01630023,-7.5733454,-17.8188465,-4.55841662,-0.628807798,0
47.940000,-1.01620608,-7.60066389,-17.8110916,-4.54373566,-0.630812272,0
47.960000,-1.01605026,-7.62832258,-17.8029838,-4.52888336,-0.632819075,0
47.980000,-1.01583395,-7.65632033,-17.7946101,-4.51386484,-0.634827595,0
48.000000,-1.01555825,-7.68465617,-17.7861603,-4.4986854,-0.636837156,0
48.020000,-1.01522427,-7.7133293,-17.7780706,-4.48335053,-0.638847046,0
48.040000,-1.01483308,-7.74233901,-17.7713635,-4.46786586,-0.640856542,0
48.060000,-1.01438575,-7.77168474,-17.7684569,-4.45223719,-0.642864913,0
48.080000,-1.01388334,-7.80136601,-17.7750463,-4.4364705,-0.644871425,0
48.100000,-1.01332693,-7.83138241,-17.8042956,-4.42057192,-0.646875343,0
48.120000,-1.01271757,-7.86173361,-17.8850966,-4.40454772,-0.648875933,0
48.140000,-1.01205635,-7.89241929,-18.0731645,-4.38840435,-0.650872461,0
48.160000,-1.01134434,-7.92343918,-18.4452309,-4.37214839,-0.652864193,0
48.180000,-1.01058263,-7.95479301,-19.0244988,-4.35578657,-0.654850398,0
48.200000,-1.00977231,-7.9864805,-19.6700952,-4.33932578,-0.656830347,0
48.220000,-1.00891449,-8.01850134,-20.1698552,-4.32277304,-0.658803309,0
48.240000,-1.00801026,-8.05085515,-20.4561039,-4.30613549,-0.660768559,0
48.260000,-1.00706074,-8.08354151,-20.5892434,-4.28942044,-0.662725373,0
48.280000,-1.00606703,-8.11655992,-20.641401,-4.27263528,-0.664673027,0
48.300000,-1.00503026,-8.14990975,-20.6562426,-4.25578757,-0.666610802,0
48.320000,-1.00395152,-8.18359029,-20.6548722,-4.23888497,-0.66853798,0
48.340000,-1.00283193,-8.21760066,-20.6466116,-4.22193525,-0.670453847,0
48.360000,-1.00167258,-8.25193984,-20.6354334,-4.20494631,-0.672357692,0
48.380000,-1.00047454,-8.28660665,-20.6230106,-4.18792614,-0.674248805,0
48.400000,-0.999238874,-8.32159972,-20.6100498,-4.17088284,-0.676126481,0
48.420000,-0.997966597,-8.35691746,-20.5968546,-4.15382461,-0.677990018,0
48.440000,-0.996658687,-8.39255808,-20.583562,-4.13675974,-0.679838718,0
48.460000,-0.995316055,-8.42851954,-20.5702392,-4.11969662,-0.681671886,0
48.480000,-0.99393953,-8.46479957,-20.5569251,-4.1026437,-0.683488832,0
48.500000,-0.992529828,-8.5013956,-20.5436463,-4.08560952,-0.685288869,0
48.520000,-0.991087513,-8.53830482,-20.5304245,-4.06860271,-0.687071315,0
48.540000,-0.989612952,-8.5755241,-20.5172794,-4.05163193,-0.688835492,0
48.560000,-0.988106243,-8.61304998,-20.5042293,-4.03470594,-0.690580726,0
48.580000,-0.986567132,-8.65087872,-20.4912924,-4.01783354,-0.692306349,0
48.600000,-0.984994896,-8.68900621,-20.4784864,-4.00102358,-0.694011698,0
48.620000,-0.983388184,-8.72742798,-20.4658285,-3.98428496,-0.695696114,0
48.640000,-0.981744812,-8.76613923,-20.453336,-3.96762662,-0.697358945,0
48.660000,-0.980061484,-8.80513474,-20.4410256,-3.95105753,-0.698999541,0
48.680000,-0.978333412,-8.84440894,-20.4289139,-3.93458669,-0.700617262,0
48.700000,-0.976553817,-8.88395582,-20.4170172,-3.91822314,-0.702211471,0
48.720000,-0.974713244,-8.92376898,-20.4053512,-3.90197592,-0.703781538,0
48.740000,-0.972798649,-8.96384159,-20.3939317,-3.88585407,-0.70532684,0
48.760000,-0.970792158,-9.00416637,-20.3827736,-3.86986668,-0.706846757,0
48.780000,-0.9686694,-9.04473562,-20.3718916,-3.85402279,-0.708340679,0
48.800000,-0.966397249,-9.08554115,-20.3613002,-3.83833147,-0.709808003,0
48.820000,-0.96393079,-9.12657435,-20.3510131,-3.82280176,-0.711248129,0
48.840000,-0.96120922,-9.16782608,-20.3410437,-3.80744269,-0.712660469,0
48.860000,-0.958150355,-9.20928676,-20.3314048,-3.79226326,-0.714044438,0
48.880000,-0.954643264,-9.25094631,-20.3221089,-3.77727246,-0.715399461,0
48.900000,-0.950538469,-9.29279413,-20.3131677,-3.76247922,-0.71672497,0
48.920000,-0.945634977,-9.33481915,-20.3045925,-3.74789245,-0.718020406,0
48.940000,-0.939663311,-9.37700975,-20.2963939,-3.73352099,-0.719285215,0
48.960000,-0.932263609,-9.41935383,-20.2885822,-3.71937366,-0.720518855,0
48.980000,-0.922957936,-9.46183873,-20.2811668,-3.70545919,-0.72172079,0
49.000000,-0.911116308,-9.50445129,-20.2741564,-3.69178627,-0.722890493,0
49.020000,-0.895916866,-9.5471778,-20.2675595,-3.6783635,-0.724027446,0
49.040000,-0.876302559,-9.59000401,-20.2613834,-3.66519943,-0.725131141,0
49.060000,-0.850940187,-9.63291516,-20.2556352,-3.65230249,-0.726201079,0
49.080000,-0.818193343,-9.67589589,-20.2503209,-3.63968106,-0.727236768,0
49.100000,-0.776129009,-9.71893036,-20.2454461,-3.62734342,-0.728237729,0
49.120000,-0.722587279,-9.76200212,-20.2410155,-3.61529773,-0.729203491,0
49.140000,-0.655351296,-9.80509421,-20.2370333,-3.60355207,-0.730133593,0
49.160000,-0.572451586,-9.84818912,-20.2335026,-3.5921144,-0.731027587,0
49.180000,-0.472612969,-9.89126875,-20.2304261,-3.58099257,-0.731885031,0
49.200000,-0.355792232,-9.9343145,-20.2278054,-3.5701943,-0.732705497,0
49.220000,-0.223667582,-9.97730719,-20.2256417,-3.55972719,-0.733488567,0
49.240000,-0.0798684188,-10.0202271,-20.2239352,-3.54959872,-0.734233833,0
49.260000,0.070251868,-10.063054,-20.2226853,-3.53981622,-0.734940901,0
49.280000,0.220348687,-10.105767,-20.2218906,-3.53038688,-0.735609386,0
49.300000,0.364140094,-10.1483448,-20.2215489,-3.52131773,-0.736238915,0
49.320000,0.496427814,-10.1907655,-20.2216574,-3.51261568,-0.736829128,0
49.340000,0.613753437,-10.2330066,-20.2222123,-3.50428746,-0.737379677,0
49.360000,0.714551687,-10.2750454,-20.2232088,-3.49633963,-0.737890225,0
49.380000,0.798884312,-10.3168582,-20.2246417,-3.4887786,-0.738360449,0
49.400000,0.867956792,-10.3584211,-20.2265046,-3.48161061,-0.738790038,0
49.420000,0.923612456,-10.3997096,-20.2287905,-3.4748417,-0.739178694,0
49.440000,0.967922314,-10.4406988,-20.2314915,-3.46847774,-0.739526132,0
49.460000,1.00290923,-10.4813631,-20.2345988,-3.46252443,-0.73983208,0
49.480000,1.03039419,-10.5216766,-20.238103,-3.45698725,-0.74009628,0
49.500000,1.0519322,-10.5616129,-20.2419937,-3.45187149,-0.740318488,0
49.520000,1.06880441,-10.601145,-20.2462596,-3.44718225,-0.740498472,0
49.540000,1.08204034,-10.6402457,-20.2508888,-3.44292441,-0.740636016,0
49.560000,1.09245304,-10.6788871,-20.2558686,-3.43910265,-0.740730918,0
49.580000,1.1006768,-10.717041,-20.2611852,-3.43572144,-0.740782987,0
49.600000,1.10720239,-10.7546789,-20.2668242,-3.432785,-0.740792052,0
49.620000,1.11240737,-10.7917716,-20.2727706,-3.43029736,-0.740757952,0
49.640000,1.11658123,-10.8282899,-20.2790083,-3.42826231,-0.740680542,0
49.660000,1.11994551,-10.8642039,-20.2855205,-3.42668341,-0.740559693,0
49.680000,1.12266959,-10.8994835,-20.2922898,-3.42556396,-0.740395291,0
49.700000,1.12488301,-10.9340984,-20.299298,-3.42490705,-0.740187235,0
49.720000,1.12668489,-10.9680178,-20.306526,-3.42471551,-0.739935441,0
49.740000,1.12815118,-11.0012111,-20.3139541,-3.42499193,-0.73963984,0
49.760000,1.12934019,-11.0336473,-20.321562,-3.42573864,-0.73930038,0
49.780000,1.13029672,-11.0652958,-20.3293285,-3.4269577,-0.738917021,0
49.800000,1.1310553,-11.096127,-20.3372318,-3.42865093,-0.738489742,0
49.820000,1.13164259,-11.1261128,-20.3452495,-3.43081989,-0.738018536,0
49.840000,1.13207919,-11.1552295,-20.3533586,-3.43346584,-0.737503413,0
49.860000,1.1323811,-11.1834613,-20.3615352,-3.43658981,-0.736944398,0
49.880000,1.13256073,-11.2108096,-20.3697552,-3.44019252,-0.736341533,0
49.900000,1.13262774,-11.2373097,-20.3779936,-3.44427443,-0.735694874,0
49.920000,1.13258968,-11.2630663,-20.3862249,-3.44883571,-0.735004496,0
49.940000,1.13245243,-11.2883238,-20.3944232,-3.45387626,-0.734270488,0
49.960000,1.1322206,-11.3136086,-20.4025619,-3.45939567,-0.733492956,0
49.980000,1.1318978,-11.3400149,-20.4106141,-3.46539325,-0.732672021,0
50.000000,1.13148686,-11.3697718,-20.4185523,-3.47186802,-0.731807823,0
50.020000,1.13098999,-11.4073467,-20.4263486,-3.47881871,-0.730900515,0
50.040000,1.13040891,-11.4614982,-20.4339746,-3.48624372,-0.729950268,0
50.060000,1.12974495,-11.5487338,-20.4414017,-3.49414118,-0.728957268,0
50.080000,1.12899912,-11.6978178,-20.4486007,-3.50250891,-0.72792172,0
50.100000,1.12817218,-11.9512405,-20.4555423,-3.5113444,-0.726843841,0
50.120000,1.1272646,-12.3510748,-20.4621967,-3.52064488,-0.725723869,0
50.140000,1.12627668,-12.8957578,-20.4685339,-3.53040721,-0.724562053,0
50.160000,1.12520847,-13.4984242,-20.4745237,-3.54062799,-0.723358661,0
50.180000,1.12405979,-14.0272713,-20.4801357,-3.55130347,-0.722113977,0
50.200000,1.12283017,-14.4048798,-20.4853392,-3.56242961,-0.7208283,0
50.220000,1.12151885,-14.6370261,-20.4901034,-3.57400204,-0.719501946,0
50.240000,1.12012462,-14.7671107,-20.4943974,-3.58601606,-0.718135245,0
50.260000,1.11864578,-14.836179,-20.4981903,-3.59846669,-0.716728544,0
50.280000,1.11707995,-14.8714014,-20.5014509,-3.61134859,-0.715282205,0
50.300000,1.11542384,-14.8882489,-20.5041481,-3.62465613,-0.713796606,0
50.320000,1.11367299,-14.8949243,-20.506251,-3.63838334,-0.71227214,0
50.340000,1.11182133,-14.8956263,-20.5077286,-3.65252394,-0.710709215,0
50.360000,1.10986067,-14.892464,-20.5085497,-3.66707132,-0.709108255,0
50.380000,1.10777986,-14.8864833,-20.5086838,-3.68201858,-0.707469697,0
50.400000,1.10556377,-14.8781953,-20.5081,-3.69735845,-0.705793995,0
50.420000,1.10319177,-14.8678435,-20.5067678,-3.7130834,-0.704081617,0
50.440000,1.10063558,-14.8555377,-20.5046571,-3.72918554,-0.702333044,0
50.460000,1.09785625,-14.8413214,-20.5017377,-3.74565668,-0.700548775,0
50.480000,1.09479983,-14.825205,-20.49798,-3.76248833,-0.698729318,0
50.500000,1.0913911,-14.8071826,-20.4933544,-3.77967165,-0.696875199,0
50.520000,1.08752449,-14.7872406,-20.487832,-3.79719754,-0.694986957,0
50.540000,1.08305088,-14.7653622,-20.481384,-3.81505655,-0.693065144,0
50.560000,1.07775812,-14.7415288,-20.4739822,-3.83323895,-0.691110325,0
50.580000,1.0713426,-14.7157218,-20.4655988,-3.8517347,-0.689123079,0
50.600000,1.06336725,-14.6879231,-20.4562064,-3.87053348,-0.687103998,0
50.620000,1.05320008,-14.658115,-20.4457783,-3.88962465,-0.685053686,0
50.640000,1.03992497,-14.6262807,-20.4342881,-3.9089973,-0.68297276,0
50.660000,1.02221439,-14.5924045,-20.4217103,-3.92864022,-0.68086185,0
50.680000,0.998154642,-14.5564714,-20.4080198,-3.94854194,-0.678721598,0
50.700000,0.9650212,-14.5184677,-20.3931921,-3.96869069,-0.676552657,0
50.720000,0.919027996,-14.4783807,-20.3772035,-3.98907446,-0.674355691,0
50.740000,0.855137709,-14.4361987,-20.360031,-4.00968095,-0.672131377,0
50.760000,0.767145979,-14.3919111,-20.3416524,-4.03049762,-0.669880402,0
50.780000,0.648436517,-14.3455087,-20.322046,-4.05151167,-0.667603466,0
50.800000,0.493915885,-14.2969833,-20.3011911,-4.07271006,-0.665301276,0
50.820000,0.303287405,-14.2463278,-20.2790677,-4.0940795,-0.662974552,0
50.840000,0.0845424502,-14.1935365,-20.2556569,-4.1156065,-0.660624024,0
50.860000,-0.145166105,-14.1386048,-20.2309403,-4.13727733,-0.65825043,0
50.880000,-0.363799507,-14.0815293,-20.2049006,-4.15907804,-0.655854518,0
50.900000,-0.552357659,-14.022308,-20.1775213,-4.18099449,-0.653437048,0
50.920000,-0.701034726,-13.9609401,-20.148787,-4.20301235,-0.650998784,0
50.940000,-0.809855648,-13.8974261,-20.1186831,-4.22511708,-0.648540503,0
50.960000,-0.885114492,-13.8317677,-20.087196,-4.24729398,-0.646062989,0
50.980000,-0.93517339,-13.7639679,-20.0543131,-4.26952819,-0.643567032,0
51.000000,-0.96774874,-13.6940312,-20.0200228,-4.29180469,-0.641053433,0
51.020000,-0.988847668,-13.6219633,-19.9843146,-4.3141083,-0.638522998,0
51.040000,-1.00270727,-13.547771,-19.9471788,-4.33642373,-0.635976541,0
51.060000,-1.01213426,-13.4714629,-19.9086071,-4.35873556,-0.633414882,0
51.080000,-1.01891038,-13.3930484,-19.8685919,-4.38102825,-0.630838849,0
51.100000,-1.02413247,-13.3125387,-19.827127,-4.40328618,-0.628249275,0
51.120000,-1.02845995,-13.2299459,-19.7842071,-4.42549363,-0.625646998,0
51.140000,-1.03228165,-13.1452837,-19.7398279,-4.44763483,-0.623032862,0
51.160000,-1.03582291,-13.0585671,-19.6939864,-4.46969396,-0.620407715,0
51.180000,-1.0392123,-12.9698123,-19.6466806,-4.49165519,-0.617772404,0
51.200000,-1.04252207,-12.879037,-19.5979097,-4.51350273,-0.615127773,0
51.220000,-1.04579216,-12.7862599,-19.5476739,-4.53522094,-0.612474644,0
51.240000,-1.04904432,-12.6915012,-19.4959745,-4.55679449,-0.60981378,0
51.260000,-1.05229015,-12.5947824,-19.4428141,-4.57820878,-0.607145786,0
51.280000,-1.05553572,-12.4961263,-19.3881962,-4.59945073,-0.604470844,0
51.300000,-1.05878413,-12.3955568,-19.3321256,-4.62051052,-0.601788043,0
51.320000,-1.0620369,-12.2930991,-19.274608,-4.64138523,-0.599093611,0
51.340000,-1.06529475,-12.1887797,-19.2156503,-4.66208675,-0.596376313,0
51.360000,-1.06855803,-12.0826263,-19.1552607,-4.68265885,-0.593605401,0
51.380000,-1.07182689,-11.9746677,-19.0934483,-4.70321422,-0.590699049,0
51.400000,-1.07510145,-11.864934,-19.0302232,-4.72401496,-0.587441705,0
51.420000,-1.07838182,-11.7534565,-18.9655967,-4.74564728,-0.583268178,0
51.440000,-1.08166814,-11.6402674,-18.8995814,-4.76939866,-0.57670431,0
51.460000,-1.08496057,-11.5254002,-18.8321905,-4.79805712,-0.563951609,0
51.480000,-1.08825935,-11.4088895,-18.7634385,-4.83753163,-0.53553023,0
51.500000,-1.09156473,-11.2907709,-18.6933411,-4.89979053,-0.469697033,0
51.520000,-1.09487702,-11.1710811,-18.6219148,-5.00671817,-0.32667269,0
51.540000,-1.09819659,-11.0498577,-18.549177,-5.18972334,-0.0708165485,0
51.560000,-1.10152382,-10.9271394,-18.4751464,-5.4701822,0.253834104,0
51.580000,-1.10485913,-10.8029659,-18.3998426,-5.81670517,0.523775275,0
51.600000,-1.10820299,-10.6773778,-18.3232859,-6.14091848,0.680378143,0
51.620000,-1.11155587,-10.5504165,-18.2454979,-6.37442216,0.753758858,0
51.640000,-1.11491827,-10.4221245,-18.1665009,-6.51506186,0.785519447,0
51.660000,-1.11829073,-10.2925448,-18.0863182,-6.59362459,0.799596406,0
51.680000,-1.12167377,-10.1617217,-18.004974,-6.63834759,0.806632151,0
51.700000,-1.12506794,-10.0296998,-17.9224932,-6.66626061,0.810927976,0
51.720000,-1.1284738,-9.89652482,-17.8389018,-6.68606812,0.814161285,0
51.740000,-1.13189188,-9.76224305,-17.7542264,-6.70190273,0.816977674,0
51.760000,-1.13532274,-9.62690148,-17.6684946,-6.71565877,0.819624368,0
51.780000,-1.1387669,-9.4905478,-17.5817345,-6.72818793,0.82219571,0
51.800000,-1.14222489,-9.3532303,-17.4939752,-6.7398672,0.824727442,0
51.820000,-1.14569721,-9.21499789,-17.4052466,-6.7508599,0.827232831,0
51.840000,-1.14918435,-9.07590004,-17.3155789,-6.76123385,0.829716509,0
51.860000,-1.15268674,-8.93598674,-17.2250034,-6.77101441,0.832179788,0
51.880000,-1.15620481,-8.79530852,-17.1335519,-6.78020827,0.834622706,0
51.900000,-1.15973895,-8.65391633,-17.0412568,-6.78881406,0.837044809,0
51.920000,-1.1632895,-8.5118616,-16.9481511,-6.79682704,0.839445464,0
51.940000,-1.16685676,-8.36919614,-16.8542684,-6.80424128,0.841823968,0
51.960000,-1.17044098,-8.22597213,-16.7596429,-6.81105054,0.844179604,0
51.980000,-1.17404236,-8.08224211,-16.6643094,-6.81724873,0.846511652,0
52.000000,-1.17766104,-7.93805891,-16.568303,-6.8228301,0.848819399,0
52.020000,-1.18129712,-7.79347565,-16.4716593,-6.82778931,0.851102143,0
52.040000,-1.18495062,-7.64854569,-16.3744146,-6.83212151,0.853359194,0
52.060000,-1.18862151,-7.50332261,-16.2766054,-6.83582231,0.855589874,0
52.080000,-1.19230967,-7.35786016,-16.1782686,-6.83888784,0.857793518,0
52.100000,-1.19601494,-7.21221226,-16.0794417,-6.84131475,0.859969476,0
52.120000,-1.19973707,-7.06643296,-15.9801622,-6.84310018,0.86211711,0
52.140000,-1.20347575,-6.92057638,-15.8804681,-6.84424181,0.864235796,0
52.160000,-1.20723058,-6.77469672,-15.7803979,-6.84473783,0.866324927,0
52.180000,-1.2110011,-6.62884824,-15.67999,-6.84458696,0.868383909,0
52.200000,-1.21478675,-6.48308516,-15.5792832,-6.84378846,0.870412163,0
52.220000,-1.21858693,-6.33746174,-15.4783167,-6.84234209,0.872409129,0
52.240000,-1.22240092,-6.19203214,-15.3771296,-6.84024816,0.874374258,0
52.260000,-1.22622794,-6.04685049,-15.2757613,-6.83750751,0.876307021,0
52.280000,-1.23006714,-5.90197081,-15.1742514,-6.8341215,0.878206903,0
52.300000,-1.23391758,-5.75744699,-15.0726397,-6.83009201,0.880073407,0
52.320000,-1.23777824,-5.61333277,-14.9709657,-6.82542147,0.881906054,0
52.340000,-1.24164801,-5.46968174,-14.8692695,-6.8201128,0.883704381,0
52.360000,-1.24552574,-5.32654728,-14.7675909,-6.81416947,0.885467941,0
52.380000,-1.24941017,-5.18398254,-14.6659698,-6.80759544,0.887196308,0
52.400000,-1.25329998,-5.04204046,-14.5644461,-6.8003952,0.888889071,0
52.420000,-1.25719377,-4.90077367,-14.4630598,-6.79257373,0.890545838,0
52.440000,-1.26109008,-4.76023457,-14.3618508,-6.78413653,0.892166236,0
52.460000,-1.26498737,-4.62047521,-14.2608588,-6.77508959,0.89374991,0
52.480000,-1.26888404,-4.48154734,-14.1601235,-6.76543937,0.895296523,0
52.500000,-1.27277842,-4.34350234,-14.0596847,-6.75519284,0.896805756,0
52.520000,-1.27666878,-4.20639126,-13.9595817,-6.74435743,0.898277311,0
52.540000,-1.28055333,-4.07026472,-13.859854,-6.73294102,0.899710906,0
52.560000,-1.28443024,-3.93517298,-13.7605406,-6.72095197,0.90110628,0
52.580000,-1.28829761,-3.80116586,-13.6616806,-6.70839909,0.90246319,0
52.600000,-1.29215349,-3.66829274,-13.5633128,-6.69529162,0.903781412,0
52.620000,-1.2959959,-3.53660255,-13.4654758,-6.68163922,0.905060742,0
52.640000,-1.29982279,-3.40614375,-13.3682077,-6.66745197,0.906300992,0
52.660000,-1.30363209,-3.2769643,-13.2715467,-6.65274038,0.907501997,0
52.680000,-1.30742171,-3.1491117,-13.1755305,-6.63751533,0.908663607,0
52.700000,-1.3111895,-3.02263287,-13.0801965,-6.62178809,0.909785693,0
52.720000,-1.3149333,-2.89757426,-12.985582,-6.60557031,0.910868145,0
52.740000,-1.31865091,-2.77398174,-12.8917236,-6.58887399,0.911910871,0
52.760000,-1.32234014,-2.65190062,-12.7986578,-6.57171149,0.912913797,0
52.780000,-1.32599875,-2.53137565,-12.7064207,-6.55409549,0.913876869,0
52.800000,-1.32962451,-2.41245099,-12.615048,-6.536039,0.914800049,0
52.820000,-1.33321518,-2.29517021,-12.5245749,-6.51755532,0.915683319,0
52.840000,-1.33676852,-2.17957624,-12.4350363,-6.49865807,0.916526679,0
52.860000,-1.34028227,-2.06571142,-12.3464665,-6.47936113,0.917330146,0
52.880000,-1.34375421,-1.95361742,-12.2588996,-6.45967864,0.918093753,0
52.900000,-1.3471821,-1.84333526,-12.1723691,-6.43962501,0.918817555,0
52.920000,-1.35056373,-1.73490527,-12.0869079,-6.41921487,0.91950162,0
52.940000,-1.35389688,-1.62836705,-12.0025486,-6.39846307,0.920146033,0
52.960000,-1.35717939,-1.5237594,-11.9193232,-6.37738468,0.920750899,0
52.980000,-1.36040908,-1.42112019,-11.8372632,-6.35599495,0.921316335,0
53.000000,-1.36358384,-1.32048613,-11.7563995,-6.33430931,0.921842478,0
53.020000,-1.36670156,-1.22189227,-11.6767625,-6.31234335,0.922329479,0
53.040000,-1.36976018,-1.12537116,-11.598382,-6.29011279,0.922777503,0
53.060000,-1.37275766,-1.03095097,-11.5212874,-6.26763352,0.923186734,0
53.080000,-1.37569203,-0.938651957,-11.4455073,-6.2449215,0.923557368,0
53.100000,-1.37856133,-0.848479236,-11.3710697,-6.22199282,0.923889615,0
53.120000,-1.38136366,-0.760408352,-11.2980021,-6.19886365,0.924183703,0
53.140000,-1.38409718,-0.674356133,-11.2263314,-6.17555022,0.924439869,0
53.160000,-1.38676008,-0.590121806,-11.1560838,-6.15206884,0.924658367,0
53.180000,-1.38935062,-0.507267881,-11.0872848,-6.12843583,0.924839464,0
53.200000,-1.3918671,-0.424879522,-11.0199593,-6.10466756,0.924983439,0
53.220000,-1.39430789,-0.341081255,-10.9541316,-6.08078039,0.925090582,0
53.240000,-1.3966714,-0.252080486,-10.8898253,-6.05679072,0.925161198,0
53.260000,-1.39895613,-0.150337431,-10.8270632,-6.03271488,0.925195603,0
53.280000,-1.40116062,-0.0213221495,-10.7658676,-6.00856921,0.925194123,0
53.300000,-1.40328347,0.161235276,-10.7062599,-5.98436999,0.925157097,0
53.320000,-1.40532334,0.438782411,-10.648261,-5.96013344,0.925084872,0
53.340000,-1.40727898,0.858868732,-10.5918908,-5.93587573,0.924977809,0
53.360000,-1.40914917,1.43559348,-10.5371688,-5.91161292,0.924836277,0
53.380000,-1.41093279,2.09617159,-10.4841135,-5.88736099,0.924660654,0
53.400000,-1.41262874,2.70137683,-10.4327429,-5.86313582,0.924451328,0
53.420000,-1.41423603,3.15336947,-10.383074,-5.83895315,0.924208696,0
53.440000,-1.4157537,3.44740416,-10.3351233,-5.81482859,0.923933164,0
53.460000,-1.41718086,3.62810833,-10.2889063,-5.79077764,0.923625145,0
53.480000,-1.41851671,3.74089326,-10.2444378,-5.7668156,0.923285061,0
53.500000,-1.41976046,3.81612955,-10.201732,-5.74295764,0.922913342,0
53.520000,-1.42091143,3.87094529,-10.1608021,-5.71921872,0.922510423,0
53.540000,-1.42196898,3.91425939,-10.1216605,-5.69561366,0.922076749,0
53.560000,-1.42293251,3.95053775,-10.084319,-5.67215705,0.921612768,0
53.580000,-1.42380149,3.98197149,-10.0487883,-5.64886329,0.921118938,0
53.600000,-1.42457547,4.00962261,-10.0150784,-5.62574655,0.920595721,0
53.620000,-1.425254,4.03400063,-9.98319829,-5.6028208,0.920043584,0
53.640000,-1.42583672,4.0553469,-9.95315611,-5.58009977,0.919463001,0
53.660000,-1.42632331,4.07377329,-9.92495891,-5.55759695,0.918854451,0
53.680000,-1.42671347,4.0893295,-9.89861263,-5.53532558,0.918218416,0
53.700000,-1.42700698,4.10203569,-9.87412192,-5.51329866,0.917555386,0
53.720000,-1.42720364,4.11189822,-9.85148999,-5.49152891,0.916865852,0
53.740000,-1.42730329,4.11891725,-9.83071824,-5.47002881,0.916150311,0
53.760000,-1.4273058,4.12309049,-9.81180598,-5.44881054,0.915409264,0
53.780000,-1.42721108,4.12441491,-9.79474979,-5.42788601,0.914643214,0
53.800000,-1.42701907,4.12288761,-9.77954283,-5.40726686,0.913852669,0
53.820000,-1.42672972,4.1185063,-9.76617379,-5.38696442,0.91303814,0
53.840000,-1.42634304,4.11126943,-9.75462549,-5.36698975,0.91220014,0
53.860000,-1.42585901,4.10117634,-9.744873,-5.34735358,0.911339188,0
53.880000,-1.42527767,4.08822727,-9.73688103,-5.32806637,0.9104558,0
53.900000,-1.42459905,4.07242343,-9.7306005,-5.30913825,0.909550501,0
53.920000,-1.4238232,4.05376696,-9.72596393,-5.29057906,0.908623814,0
53.940000,-1.42295018,4.03226099,-9.72287936,-5.2723983,0.907676264,0
53.960000,-1.42198005,4.00790961,-9.72122232,-5.25460519,0.906708382,0
53.980000,-1.42091289,3.98071786,-9.72082538,-5.23720861,0.905720697,0
54.000000,-1.41974875,3.95069176,-9.72146478,-5.22021712,0.90471374,0
54.020000,-1.4184877,3.91783832,-9.72284328,-5.20363896,0.903688046,0
54.040000,-1.4171298,3.88216547,-9.72456886,-5.18748206,0.90264415,0
54.060000,-1.4156751,3.84368216,-9.72612857,-5.17175401,0.901582588,0
54.080000,-1.41412364,3.80239825,-9.72685753,-5.15646207,0.900503899,0
54.100000,-1.41247545,3.75832461,-9.72590358,-5.14161318,0.89940862,0
54.120000,-1.41073056,3.71147302,-9.7221896,-5.12721397,0.898297292,0
54.140000,-1.40888895,3.66185626,-9.71437755,-5.11327072,0.897170455,0
54.160000,-1.40695062,3.60948803,-9.70084166,-5.09978939,0.896028653,0
54.180000,-1.40491552,3.55438299,-9.67966265,-5.0867756,0.894872426,0
54.200000,-1.4027836,3.49655673,-9.64866007,-5.07423467,0.893702318,0
54.220000,-1.40055479,3.43602579,-9.60548456,-5.06217158,0.892518873,0
54.240000,-1.39822898,3.37280764,-9.54779294,-5.05059096,0.891322635,0
54.260000,-1.39580605,3.30692067,-9.47352184,-5.03949716,0.890114149,0
54.280000,-1.39328585,3.23838417,-9.38125531,-5.02889418,0.88889396,0
54.300000,-1.39066821,3.16721838,-9.27064529,-5.0187857,0.887662614,0
54.320000,-1.38795294,3.0934444,-9.14279785,-5.00917507,0.886420654,0
54.340000,-1.38513983,3.01708425,-9.00050235,-5.00006534,0.885168629,0
54.360000,-1.38222862,2.93816084,-8.84818282,-4.99145924,0.883907082,0
54.380000,-1.37921906,2.85669793,-8.69151278,-4.98335917,0.88263656,0
54.400000,-1.37611085,2.77272017,-8.53674399,-4.97576722,0.881357609,0
54.420000,-1.37290371,2.68625305,-8.38990908,-4.96868519,0.880070773,0
54.440000,-1.36959729,2.59732292,-8.25610515,-4.96211454,0.878776598,0
54.460000,-1.36619127,2.50595695,-8.13902574,-4.95605644,0.87747563,0
54.480000,-1.36268528,2.41218314,-8.04080641,-4.95051176,0.876168411,0
54.500000,-1.35907894,2.31603029,-7.96214486,-4.94548106,0.874855487,0
54.520000,-1.35537189,2.21752801,-7.90259367,-4.94096461,0.873537401,0
54.540000,-1.35156373,2.11670669,-7.8609152,-4.93696237,0.872214695,0
54.560000,-1.34765406,2.01359746,-7.83541557,-4.93347402,0.870887912,0
54.580000,-1.34364248,1.90823225,-7.82421248,-4.93049895,0.869557593,0
54.600000,-1.33952861,1.80064371,-7.82542455,-4.92803625,0.868224278,0
54.620000,-1.33531204,1.6908652,-7.83728908,-4.92608476,0.866888507,0
54.640000,-1.33099239,1.5789308,-7.85822406,-4.92464299,0.865550817,0
54.660000,-1.32656929,1.4648753,-7.88685136,-4.92370922,0.864211747,0
54.680000,-1.32204237,1.34873414,-7.9219954,-4.92328143,0.862871831,0
54.700000,-1.3174113,1.23054343,-7.96266806,-4.92335734,0.861531604,0
54.720000,-1.31267577,1.11033991,-8.00804719,-4.9239344,0.860191599,0
54.740000,-1.30783548,0.988160976,-8.05745326,-4.9250098,0.858852347,0
54.760000,-1.30289018,0.864044591,-8.11032672,-4.92658048,0.857514378,0
54.780000,-1.29783966,0.738029324,-8.16620761,-4.9286431,0.856178218,0
54.800000,-1.29268374,0.610154309,-8.22471764,-4.9311941,0.854844394,0
54.820000,-1.28742229,0.480459227,-8.28554508,-4.93422966,0.853513428,0
54.840000,-1.28205524,0.34898429,-8.34843217,-4.93774569,0.852185842,0
54.860000,-1.27658257,0.215770215,-8.4131647,-4.94173791,0.850862155,0
54.880000,-1.27100431,0.0808582118,-8.47956363,-4.94620178,0.849542883,0
54.900000,-1.26532057,-0.0557100449,-8.54747814,-4.95113251,0.848228539,0
54.920000,-1.25953153,-0.193892432,-8.61678022,-4.95652512,0.846919633,0
54.940000,-1.25363745,-0.333646399,-8.68736012,-4.96237438,0.845616674,0
54.960000,-1.24763865,-0.474928994,-8.75912287,-4.96867485,0.844320165,0
54.980000,-1.24152155,-0.617408682,-8.8318002,-4.97536486,0.843030575,0
55.000000,-1.23520943,-0.759608066,-8.90439255,-4.98216435,0.841754856,0
55.020000,-1.2286144,-0.900354776,-8.97609313,-4.98886947,0.840525904,0
55.040000,-1.22175972,-1.0408797,-9.04765884,-4.99573753,0.839375437,0
55.060000,-1.2147063,-1.18272527,-9.12006926,-5.00306563,0.83830774,0
55.080000,-1.20746529,-1.32624192,-9.19353973,-5.01091481,0.837320286,0
55.100000,-1.20003384,-1.47147972,-9.2680899,-5.01928803,0.836410598,0
55.120000,-1.1924095,-1.61848312,-9.34373395,-5.02818748,0.835576281,0
55.140000,-1.18459019,-1.7672911,-9.42048132,-5.03761461,0.834815022,0
55.160000,-1.17657425,-1.91793719,-9.49833728,-5.04757007,0.834124586,0
55.180000,-1.16836042,-2.07044951,-9.57730358,-5.05805376,0.833502812,0
55.200000,-1.15994788,-2.2248509,-9.65737879,-5.06906477,0.832947614,0
55.220000,-1.15133628,-2.38115895,-9.73855868,-5.08060144,0.832456976,0
55.240000,-1.1425257,-2.53938607,-9.82083646,-5.0926613,0.832028947,0
55.260000,-1.13351674,-2.69953964,-9.90420296,-5.10524109,0.831661644,0
55.280000,-1.12431046,-2.86162201,-9.9886467,-5.11833678,0.831353245,0
55.300000,-1.11490847,-3.02563066,-10.074154,-5.13194354,0.831101985,0
55.320000,-1.10531289,-3.1915583,-10.1607091,-5.14605579,0.830906159,0
55.340000,-1.09552638,-3.35939291,-10.248294,-5.16066715,0.830764116,0
55.360000,-1.08555218,-3.52911791,-10.3368886,-5.17577049,0.830674254,0
55.380000,-1.07539409,-3.70071227,-10.4264706,-5.19135791,0.830635022,0
55.400000,-1.0650565,-3.87415056,-10.5170157,-5.20742079,0.830644915,0
55.420000,-1.0545444,-4.04940315,-10.6084975,-5.22394976,0.830702471,0
55.440000,-1.04386338,-4.22643628,-10.7008874,-5.24093472,0.830806271,0
55.460000,-1.03301967,-4.40521223,-10.7941548,-5.25836488,0.830954934,0
55.480000,-1.02202011,-4.58568939,-10.8882673,-5.27622872,0.831147115,0
55.500000,-1.01087215,-4.76782246,-10.9831902,-5.29451406,0.831381504,0
55.520000,-0.999583898,-4.95156253,-11.0788873,-5.31320798,0.831656822,0
55.540000,-0.988164043,-5.13685726,-11.1753204,-5.33229688,0.831971821,0
55.560000,-0.976621733,-5.323651,-11.2724494,-5.35176639,0.83232528,0
55.580000,-0.964965822,-5.51188497,-11.3702328,-5.37160129,0.832716002,0
55.600000,-0.953200941,-5.70149734,-11.4686275,-5.39178534,0.833142814,0
55.620000,-0.941306705,-5.89242345,-11.5675889,-5.41230101,0.833604565,0
55.640000,-0.929127403,-6.08459593,-11.6670708,-5.43312896,0.834100122,0
55.660000,-0.915786107,-6.27794487,-11.7670262,-5.45424721,0.834628369,0
55.680000,-0.896591893,-6.47239794,-11.8674064,-5.47562976,0.835188206,0
55.700000,-0.847301336,-6.6678806,-11.9681621,-5.49724444,0.835778547,0
55.720000,-0.658265331,-6.86431624,-12.0692427,-5.5190494,0.836398318,0
55.740000,-0.0645009548,-7.06162633,-12.1705968,-5.54098773,0.837046453,0
55.760000,0.724581763,-7.25973058,-12.2721725,-5.5629792,0.837721898,0
55.780000,1.08933613,-7.45854713,-12.3739169,-5.58490795,0.838423604,0
55.800000,1.18675824,-7.65799271,-12.4757769,-5.60660435,0.839150528,0
55.820000,1.21589557,-7.85798276,-12.5776987,-5.6278191,0.839901632,0
55.840000,1.23115711,-8.05843166,-12.6796285,-5.64818731,0.840675882,0
55.860000,1.24365949,-8.25925286,-12.781512,-5.6671806,0.841472244,0
55.880000,1.25554386,-8.46035903,-12.883295,-5.6840468,0.842289687,0
55.900000,1.26720964,-8.66166228,-12.9849232,-5.69773999,0.843127176,0
55.920000,1.27872051,-8.86307426,-13.0863426,-5.70685086,0.84398368,0
55.940000,1.29007514,-9.06450635,-13.1874993,-5.70955856,0.844858162,0
55.960000,1.30125946,-9.26586983,-13.2883398,-5.70364187,0.845749583,0
55.980000,1.31225695,-9.46707604,-13.3888109,-5.68660394,0.846656901,0
56.000000,1.32305072,-9.66803651,-13.4888602,-5.65596976,0.84757907,0
56.020000,1.33362393,-9.86866314,-13.5884357,-5.60978614,0.848515038,0
56.040000,1.34395992,-10.0688683,-13.6874862,-5.5472696,0.849463748,0
56.060000,1.35404234,-10.2685652,-13.7859614,-5.46941792,0.850424137,0
56.080000,1.36385515,-10.4676677,-13.883812,-5.37929995,0.851395136,0
56.100000,1.3733827,-10.6660905,-13.9809893,-5.28178129,0.852375668,0
56.120000,1.3826098,-10.8637497,-14.0774463,-5.18267897,0.853364652,0
56.140000,1.39152173,-11.0605625,-14.1731365,-5.08763972,0.854360997,0
56.160000,1.40010433,-11.2564473,-14.2680153,-5.00117486,0.855363606,0
56.180000,1.40834404,-11.4513242,-14.362039,-4.92615814,0.856371377,0
56.200000,1.41622792,-11.6451149,-14.4551653,-4.86382497,0.857383196,0
56.220000,1.42374372,-11.8377427,-14.5473536,-4.81410655,0.858397947,0
56.240000,1.43087994,-12.0291329,-14.6385646,-4.7760818,0.859414505,0
56.260000,1.43762582,-12.2192125,-14.7287606,-4.74838998,0.860431737,0
56.280000,1.44397141,-12.4079107,-14.8179057,-4.72953482,0.861448505,0
56.300000,1.44990758,-12.5951589,-14.9059654,-4.71807399,0.862463665,0
56.320000,1.45542607,-12.7808907,-14.992907,-4.71271801,0.863476067,0
56.340000,1.4605195,-12.9650418,-15.0786997,-4.7123686,0.864484557,0
56.360000,1.4651814,-13.1475506,-15.1633144,-4.71612179,0.865487973,0
56.380000,1.46940622,-13.3283577,-15.2467236,-4.72325347,0.866485151,0
56.400000,1.47318935,-13.5074062,-15.3289018,-4.73319829,0.867474925,0
56.420000,1.47652713,-13.684642,-15.4098254,-4.74552804,0.868456122,0
56.440000,1.47941683,-13.8600134,-15.4894726,-4.75993269,0.86942757,0
56.460000,1.4818567,-14.0334714,-15.5678233,-4.77620527,0.870388093,0
56.480000,1.48384594,-14.2049697,-15.6448596,-4.79423108,0.871336515,0
56.500000,1.48538468,-14.3744648,-15.7205651,-4.81398133,0.872271661,0
56.520000,1.48647402,-14.5419157,-15.7949255,-4.8355109,0.873192356,0
56.540000,1.48711596,-14.7072843,-15.8679282,-4.85896014,0.874097425,0
56.560000,1.48731342,-14.8705353,-15.9395625,-4.88456052,0.874985698,0
56.580000,1.48707023,-15.0316361,-16.0098195,-4.91264378,0.875856007,0
56.600000,1.48639106,-15.1905568,-16.0786919,-4.94365394,0.876707188,0
56.620000,1.48528145,-15.3472702,-16.1461745,-4.97816119,0.877538085,0
56.640000,1.48374776,-15.501752,-16.2122635,-5.01687507,0.878347546,0
56.660000,1.48179713,-15.6539805,-16.2769568,-5.06065316,0.879134426,0
56.680000,1.47943748,-15.8039365,-16.3402542,-5.11049812,0.879897591,0
56.700000,1.47667744,-15.9516035,-16.4021569,-5.16753279,0.880635916,0
56.720000,1.47352633,-16.0969679,-16.4626676,-5.23293849,0.881348284,0
56.740000,1.46999413,-16.2400181,-16.5217905,-5.30783927,0.882033594,0
56.760000,1.46609143,-16.3807455,-16.5795314,-5.39311683,0.882690755,0
56.780000,1.46182942,-16.5191436,-16.6358975,-5.48915377,0.883318692,0
56.800000,1.4572198,-16.6552083,-16.690897,-5.59553144,0.883916345,0
56.820000,1.45227478,-16.7889381,-16.7445399,-5.71075241,0.884482669,0
56.840000,1.44700701,-16.9203333,-16.7968371,-5.83210081,0.88501664,0
56.860000,1.44142958,-17.0493969,-16.8478006,-5.95576086,0.88551725,0
56.880000,1.43555594,-17.1761335,-16.8974437,-6.07725216,0.885983512,0
56.900000,1.42939985,-17.30055,-16.9457807,-6.19211041,0.886414462,0
56.920000,1.4229754,-17.4226554,-16.9928269,-6.2966124,0.886809156,0
56.940000,1.4162969,-17.5424602,-17.0385983,-6.38830516,0.887166676,0
56.960000,1.40937888,-17.659977,-17.0831121,-6.46618893,0.887486128,0
56.980000,1.40223603,-17.7752201,-17.1263861,-6.53056045,0.887766645,0
57.000000,1.39488319,-17.8882053,-17.1684388,-6.58264451,0.888007386,0
57.020000,1.38733528,-17.9989499,-17.2092895,-6.62417299,0.88820754,0
57.040000,1.37960728,-18.107473,-17.248958,-6.65702736,0.888366326,0
57.060000,1.37171421,-18.2137948,-17.2874646,-6.68299447,0.888482992,0
57.080000,1.36367104,-18.3179369,-17.3248304,-6.70363378,0.88855682,0
57.100000,1.35549274,-18.4199221,-17.3610767,-6.72022926,0.888587126,0
57.120000,1.34719418,-18.5197743,-17.396225,-6.7337943,0.888573257,0
57.140000,1.33879013,-18.6175186,-17.4302976,-6.74510398,0.8885146,0
57.160000,1.33029523,-18.7131809,-17.4633166,-6.75473708,0.888410573,0
57.180000,1.32172396,-18.8067882,-17.4953047,-6.76311797,0.888260638,0
57.200000,1.31309062,-18.8983681,-17.5262844,-6.77055358,0.888064289,0
57.220000,1.30440929,-18.9879491,-17.5562788,-6.77726362,0.887821065,0
57.240000,1.29569384,-19.0755602,-17.5853106,-6.78340436,0.887530542,0
57.260000,1.28695785,-19.1612313,-17.6134028,-6.78908656,0.887192339,0
57.280000,1.27821468,-19.2449924,-17.6405784,-6.79438878,0.886806117,0
57.300000,1.26947735,-19.3268744,-17.6668602,-6.79936697,0.886371578,0
57.320000,1.26075861,-19.4069083,-17.6922712,-6.80406136,0.885888472,0
57.340000,1.25207088,-19.4851254,-17.7168339,-6.80850134,0.88535659,0
57.360000,1.24342623,-19.5615575,-17.7405709,-6.8127088,0.884775769,0
57.380000,1.23483641,-19.6362362,-17.7635047,-6.81670049,0.884145894,0
57.400000,1.22631279,-19.7091938,-17.7856573,-6.82048962,0.883466893,0
57.420000,1.21786637,-19.7804621,-17.8070507,-6.82408699,0.882738743,0
57.440000,1.20950779,-19.8500733,-17.8277065,-6.82750168,0.88196147,0
57.460000,1.20124728,-19.9180595,-17.8476462,-6.83074157,0.881135145,0
57.480000,1.19309471,-19.9844526,-17.8668907,-6.8338137,0.880259889,0
57.500000,1.18505951,-20.0492846,-17.8854609,-6.83672448,0.879335872,0
57.520000,1.17715074,-20.1125872,-17.9033771,-6.83947983,0.878363311,0
57.540000,1.16937704,-20.1743919,-17.9206593,-6.8420853,0.877342473,0
57.560000,1.16174664,-20.23473,-17.9373273,-6.84454612,0.876273675,0
57.580000,1.15426735,-20.2936326,-17.9534002,-6.84686726,0.875157283,0
57.600000,1.14694657,-20.3511303,-17.9688971,-6.84905346,0.873993712,0
57.620000,1.13979127,-20.4072535,-17.9838364,-6.85110925,0.872783425,0
57.640000,1.13280804,-20.4620323,-17.9982361,-6.85303895,0.871526936,0
57.660000,1.12600301,-20.5154963,-18.0121139,-6.8548467,0.870224807,0
57.680000,1.11938191,-20.5676746,-18.0254871,-6.85653646,0.868877647,0
57.700000,1.11295007,-20.6185961,-18.0383724,-6.85811203,0.867486117,0
57.720000,1.10671237,-20.6682889,-18.0507863,-6.85957703,0.866050922,0
57.740000,1.10067333,-20.7167811,-18.0627447,-6.86093494,0.864572817,0
57.760000,1.094837,-20.7640998,-18.0742631,-6.86218906,0.863052602,0
57.780000,1.08920708,-20.8102718,-18.0853566,-6.86334259,0.861491124,0
57.800000,1.08378682,-20.8553236,-18.0960399,-6.86439853,0.859889276,0
57.820000,1.07857912,-20.8992809,-18.1063272,-6.8653598,0.858247995,0
57.840000,1.07358644,-20.9421688,-18.1162324,-6.86622915,0.856568261,0
57.860000,1.06881088,-20.9840121,-18.1257688,-6.86700923,0.8548511,0
57.880000,1.06425413,-21.0248349,-18.1349495,-6.86770257,0.853097577,0
57.900000,1.05991752,-21.0646608,-18.1437871,-6.86831158,0.8513088,0
57.920000,1.05580199,-21.1035127,-18.1522938,-6.86883858,0.849485917,0
57.940000,1.05190813,-21.1414131,-18.1604813,-6.86928576,0.847630113,0
57.960000,1.04823612,-21.1783839,-18.1683611,-6.86965527,0.845742612,0
57.980000,1.04478584,-21.2144464,-18.1759443,-6.86994912,0.843824675,0
58.000000,1.04155675,-21.2496213,-18.1832414,-6.87016928,0.841877598,0
58.020000,1.038548,-21.2839289,-18.1902629,-6.87031763,0.839902708,0
58.040000,1.03575835,-21.3173888,-18.1970187,-6.87039598,0.837901367,0
58.060000,1.03318614,-21.3500201,-18.2035185,-6.8704061,0.835874968,0
58.080000,1.03082926,-21.3818413,-18.2097714,-6.87034968,0.833824931,0
58.100000,1.02868497,-21.4128705,-18.2157866,-6.87022837,0.831752705,0
58.120000,1.02674953,-21.4431252,-18.2215728,-6.87004379,0.829659764,0
58.140000,1.02501762,-21.4726224,-18.2271383,-6.86979751,0.827547607,0
58.160000,1.02348093,-21.5013786,-18.2324912,-6.86949107,0.825417755,0
58.180000,1.02212575,-21.5294097,-18.2376396,-6.86912599,0.82327175,0
58.200000,1.02092829,-21.5567314,-18.2425912,-6.86870374,0.821111152,0
58.220000,1.01984633,-21.5833586,-18.2473533,-6.86822583,0.818937539,0
58.240000,1.01880452,-21.609306,-18.2519336,-6.86769369,0.816752503,0
58.260000,1.01766917,-21.6345878,-18.2563391,-6.86710879,0.81455765,0
58.280000,1.0162067,-21.6592178,-18.2605773,-6.86647258,0.812354595,0
58.300000,1.0140173,-21.6832095,-18.2646553,-6.8657865,0.810144966,0
58.320000,1.01043342,-21.7065759,-18.2685806,-6.86505201,0.807930394,0
58.340000,1.00437299,-21.7293298,-18.2723609,-6.86427056,0.805712516,0
58.360000,0.994142832,-21.7514838,-18.2760042,-6.86344362,0.803492974,0
58.380000,0.97720643,-21.77305,-18.279519,-6.86257267,0.801273409,0
58.400000,0.949972739,-21.7940407,-18.2829144,-6.86165919,0.799055459,0
58.420000,0.907737412,-21.8144678,-18.2862008,-6.8607047,0.796840762,0
58.440000,0.845004386,-21.8343433,-18.2893895,-6.8597107,0.794630949,0
58.460000,0.756462487,-21.8536791,-18.2924934,-6.85867875,0.792427641,0
58.480000,0.638730726,-21.8724875,-18.2955276,-6.85761041,0.790232453,0
58.500000,0.492468362,-21.8907809,-18.2985092,-6.85650725,0.788046984,0
58.520000,0.323751351,-21.9085722,-18.3014588,-6.85537088,0.785872822,0
58.540000,0.143474385,-21.9258746,-18.3044001,-6.85420291,0.783711536,0
58.560000,-0.0354163901,-21.9427026,-18.3073615,-6.853005,0.781564678,0
58.580000,-0.201476108,-21.9590712,-18.3103763,-6.85177879,0.77943378,0
58.600000,-0.347211108,-21.9749971,-18.313484,-6.85052598,0.777320349,0
58.620000,-0.469575428,-21.9904983,-18.3167308,-6.84924825,0.775225868,0
58.640000,-0.569003127,-22.005595,-18.3201713,-6.84794732,0.773151794,0
58.660000,-0.647960756,-22.0203099,-18.323869,-6.8466249,0.771099553,0
58.680000,-0.709715825,-22.0346683,-18.3278976,-6.8452827,0.769070542,0
58.700000,-0.757553177,-22.0486994,-18.3323421,-6.84392246,0.767066122,0
58.720000,-0.794387066,-22.0624365,-18.3372996,-6.84254587,0.765087622,0
58.740000,-0.82263131,-22.0759175,-18.3428801,-6.8411546,0.763136331,0
58.760000,-0.844206193,-22.0891866,-18.3492073,-6.83975028,0.761213497,0
58.780000,-0.860603191,-22.1022943,-18.3564183,-6.83833446,0.759320327,0
58.800000,-0.872964674,-22.1152989,-18.3646633,-6.8369086,0.757457981,0
58.820000,-0.882158872,-22.1282675,-18.3741051,-6.83547396,0.755627565,0
58.840000,-0.888842956,-22.141277,-18.3849168,-6.83403161,0.753830123,0
58.860000,-0.893513172,-22.1544156,-18.3972797,-6.83258227,0.752066628,0
58.880000,-0.896543366,-22.1677833,-18.4113801,-6.83112622,0.750337953,0
58.900000,-0.898214049,-22.1814939,-18.4274042,-6.8296631,0.748644837,0
58.920000,-0.89873403,-22.195675,-18.4455337,-6.82819167,0.746987827,0
58.940000,-0.898256418,-22.2104695,-18.4659392,-6.82670947,0.745367177,0
58.960000,-0.896890369,-22.2260356,-18.4887735,-6.82521242,0.743782689,0
58.980000,-0.894709678,-22.2425468,-18.5141647,-6.82369418,0.742233472,0
59.000000,-0.891759019,-22.2601916,-18.5422088,-6.82214543,0.740717555,0
59.020000,-0.888058454,-22.2791717,-18.5729631,-6.82055283,0.739231316,0
59.040000,-0.883606662,-22.2997004,-18.6064401,-6.81889781,0.737768638,0
59.060000,-0.878383253,-22.3219989,-18.6426028,-6.81715487,0.736319691,0
59.080000,-0.872350451,-22.3462923,-18.681362,-6.81528967,0.734869235,0
59.100000,-0.865454361,-22.3728041,-18.7225752,-6.81325656,0.7333943,0
59.120000,-0.857626048,-22.4017491,-18.766048,-6.81099576,0.731861142,0
59.140000,-0.8487826,-22.4333265,-18.8115378,-6.80843004,0.730221348,0
59.160000,-0.838828365,-22.4677105,-18.8587597,-6.80546108,0.728407089,0
59.180000,-0.827656535,-22.5050416,-18.9073938,-6.80196568,0.726325573,0
59.200000,-0.815151258,-22.5454174,-18.9570945,-6.79779201,0.723852973,0
59.220000,-0.801190449,-22.5888833,-19.0075,-6.79275638,0.720828333,0
59.240000,-0.785649425,-22.6354256,-19.0582425,-6.78664116,0.717048257,0
59.260000,-0.768405496,-22.6849649,-19.1089579,-6.77919452,0.712263553,0
59.280000,-0.749343519,-22.7373528,-19.1592946,-6.77013292,0.706179319,0
59.300000,-0.728362392,-22.792371,-19.208921,-6.75914731,0.698460169,0
59.320000,-0.705382296,-22.8497338,-19.2575323,-6.74591394,0.688742238,0
59.340000,-0.680352384,-22.9090936,-19.3048545,-6.73011023,0.676653139,0
59.360000,-0.653258482,-22.9700494,-19.3506476,-6.71143575,0.661840011,0
59.380000,-0.624130199,-23.0321577,-19.3947076,-6.68963754,0.644004222,0
59.400000,-0.593046808,-23.0949458,-19.4368661,-6.66453768,0.62293935,0
59.420000,-0.560141204,-23.1579254,-19.4769899,-6.63606036,0.598567223,0
59.440000,-0.525601321,-23.2206065,-19.5149791,-6.60425461,0.570965719,0
59.460000,-0.489668586,-23.2825115,-19.550765,-6.56930897,0.540382293,0
59.480000,-0.4526332,-23.3431866,-19.5843069,-6.53155478,0.507229224,0
59.500000,-0.414826384,-23.4022118,-19.6155897,-6.49145629,0.472059856,0
59.520000,-0.376610041,-23.4592095,-19.6446204,-6.44958817,0.435528994,0
59.540000,-0.338364559,-23.5138492,-19.6714256,-6.40660253,0.398343701,0
59.560000,-0.300475693,-23.5658509,-19.6960482,-6.36319004,0.361212246,0
59.580000,-0.263321497,-23.6149866,-19.7185454,-6.32003978,0.324798439,0
59.600000,-0.227260259,-23.6610791,-19.7389857,-6.27780278,0.289686523,0
59.620000,-0.192620158,-23.7040002,-19.7574474,-6.2370627,0.256359035,0
59.640000,-0.159691177,-23.7436676,-19.7740164,-6.19831568,0.22518738,0
59.660000,-0.128719456,-23.7800416,-19.7887849,-6.16195964,0.196433011,0
59.680000,-0.099904068,-23.8131205,-19.8018498,-6.12829188,0.1702562,0
59.700000,-0.0733959546,-23.8429374,-19.8133118,-6.09751348,0.146729275,0
59.720000,-0.0492986114,-23.8695557,-19.8232741,-6.06973793,0.125851656,0
59.740000,-0.0276700698,-23.8930662,-19.8318423,-6.04500231,0.107564742,0
59.760000,-0.00852568868,-23.9135837,-19.8391228,-6.02327912,0.0917653999,0
59.780000,0.00815866997,-23.9312446,-19.8452231,-6.00448769,0.0783174214,0
59.800000,0.0224434395,-23.9462048,-19.8502506,-5.98850422,0.0670607794,0
59.820000,0.0344223864,-23.9586379,-19.8543127,-5.97517026,0.057818781,0
59.840000,0.0442200607,-23.9687343,-19.8575162,-5.96429939,0.0504033967,0
59.860000,0.0519897462,-23.9767002,-19.8599671,-5.95568221,0.0446190999,0
59.880000,0.0579119286,-23.9827569,-19.8617702,-5.94908999,0.0402655609,0
59.900000,0.0621932426,-23.9871407,-19.8630288,-5.94427707,0.0371395072,0
59.920000,0.0650658229,-23.9901028,-19.8638443,-5.94098239,0.0350360112,0
59.940000,0.0667869619,-23.9919091,-19.8643164,-5.93893046,0.0337494137,0
59.960000,0.0676389751,-23.9928403,-19.8645422,-5.93783187,0.0330740358,0
59.980000,0.0679266465,-23.993191,-19.8646159,-5.93738347,0.0328047977,0
60.000000,0.0679687411,-23.9932587,-19.8646262,-5.93728307,0.0327461347,0
