t,wrist_ft_force_X,wrist_ft_force_Y,wrist_ft_force_Z,wrist_ft_torque_X,wrist_ft_torque_Y,wrist_ft_torque_Z
0.0,4.4,-4.5,-66.4,1.03,0.21,0.62
0.009036540985107422,4.3,-4.1000000000000005,-66.5,0.99,0.19,0.64
0.019887447357177734,4.3,-4.0,-66.4,0.96,0.15,0.66
0.028786420822143555,4.2,-4.0,-66.4,0.9500000000000001,0.11,0.67
0.039406538009643555,4.0,-4.0,-66.4,0.9500000000000001,0.05,0.66
0.04946279525756836,4.0,-4.1000000000000005,-66.60000000000001,0.9500000000000001,-0.0,0.64
0.05903959274291992,4.0,-4.2,-66.9,0.9500000000000001,-0.03,0.62
0.06944155693054199,4.1000000000000005,-4.3,-67.10000000000001,0.92,-0.07,0.6
0.07982850074768066,4.1000000000000005,-4.3,-67.3,0.9,-0.11,0.58
0.0889434814453125,4.0,-4.4,-67.7,0.89,-0.18,0.56
0.09887886047363281,3.8000000000000003,-4.5,-67.60000000000001,0.9,-0.22,0.54
0.11019611358642578,3.6,-4.7,-67.7,0.92,-0.27,0.52
0.11888742446899414,3.4000000000000004,-4.800000000000001,-67.9,0.9400000000000001,-0.31,0.5
0.1292424201965332,3.4000000000000004,-5.1000000000000005,-68.0,0.96,-0.32,0.51
0.1398448944091797,3.3000000000000003,-5.2,-67.9,0.9500000000000001,-0.34,0.51
0.14924097061157227,3.3000000000000003,-5.1000000000000005,-67.8,0.9500000000000001,-0.34,0.52
0.15984201431274414,3.2,-5.1000000000000005,-67.60000000000001,0.96,-0.33,0.53
0.16991877555847168,3.2,-5.1000000000000005,-67.4,0.99,-0.33,0.56
0.17988181114196777,3.0,-5.0,-67.3,0.96,-0.31,0.59
0.18895792961120605,2.9000000000000004,-4.7,-67.3,0.91,-0.27,0.64
0.198883056640625,2.8000000000000003,-4.4,-67.4,0.86,-0.23,0.68
0.20916104316711426,2.7,-4.1000000000000005,-67.5,0.84,-0.16,0.72
0.218994140625,2.8000000000000003,-4.1000000000000005,-67.4,0.85,-0.09,0.73
0.22906732559204102,3.0,-4.0,-67.0,0.86,-0.02,0.74
0.23913931846618652,3.3000000000000003,-4.1000000000000005,-67.0,0.88,0.02,0.73
0.25028324127197266,3.4000000000000004,-4.2,-66.9,0.9,0.06,0.71
0.2598278522491455,3.7,-4.3,-66.60000000000001,0.93,0.12,0.72
0.2699425220489502,4.0,-4.4,-66.7,0.9500000000000001,0.14,0.73
0.27985358238220215,4.1000000000000005,-4.4,-67.0,0.93,0.12,0.73
0.2891237735748291,4.0,-4.5,-67.2,0.9500000000000001,0.07,0.71
0.2998819351196289,3.9000000000000004,-5.0,-67.4,1.01,-0.0,0.68
0.30898118019104004,3.8000000000000003,-5.5,-67.60000000000001,1.05,-0.06,0.65
0.3195221424102783,3.7,-5.7,-68.0,1.03,-0.13,0.63
0.3290860652923584,3.7,-5.7,-68.4,0.99,-0.17,0.61
0.3395395278930664,3.7,-5.4,-68.4,0.9500000000000001,-0.22,0.6
0.3499910831451416,3.7,-5.7,-68.5,0.9500000000000001,-0.26,0.58
0.3599982261657715,3.7,-5.6000000000000005,-68.4,0.99,-0.3,0.55
0.3699507713317871,3.5,-5.800000000000001,-68.7,1.01,-0.33,0.54
0.379894495010376,3.3000000000000003,-6.300000000000001,-68.9,1.07,-0.34,0.52
0.3894004821777344,3.2,-6.6000000000000005,-68.9,1.11,-0.34,0.49
0.39893078804016113,3.3000000000000003,-7.0,-68.8,1.17,-0.33,0.5
0.4089958667755127,3.0,-6.300000000000001,-68.9,1.16,-0.32,0.51
0.4193994998931885,2.7,-7.1000000000000005,-69.4,1.11,-0.3,0.56
0.42925453186035156,2.8000000000000003,-6.5,-68.60000000000001,1.09,-0.27,0.61
0.4394099712371826,2.7,-6.7,-68.9,1.09,-0.22,0.64
0.4496614933013916,2.7,-6.5,-68.3,1.11,-0.18,0.66
0.4593496322631836,2.8000000000000003,-6.7,-68.2,1.1500000000000001,-0.12,0.67
0.4694178104400635,2.9000000000000004,-6.6000000000000005,-68.10000000000001,1.18,-0.06,0.68
0.47989416122436523,3.1,-6.4,-67.8,1.16,-0.03,0.68
0.4898979663848877,3.3000000000000003,-6.1000000000000005,-67.7,1.1300000000000001,-0.0,0.68
0.49993324279785156,3.4000000000000004,-5.9,-67.60000000000001,1.1,0.01,0.67
0.5099520683288574,3.8000000000000003,-5.5,-67.3,1.07,0.01,0.7000000000000001
0.5199902057647705,3.9000000000000004,-5.4,-67.4,1.07,-0.0,0.7000000000000001
0.5290682315826416,3.7,-5.5,-67.2,1.11,-0.07,0.66
0.5391402244567871,3.6,-6.1000000000000005,-67.2,1.2,-0.14,0.62
0.5492124557495117,3.6,-6.6000000000000005,-67.3,1.26,-0.19,0.58
0.5599722862243652,3.5,-7.0,-67.5,1.28,-0.23,0.55
0.5691235065460205,3.5,-7.4,-68.0,1.29,-0.24,0.53
0.5799641609191895,3.7,-7.6000000000000005,-68.2,1.28,-0.23,0.51
0.5900933742523193,3.8000000000000003,-7.7,-68.3,1.29,-0.23,0.49
0.5999107360839844,3.8000000000000003,-7.6000000000000005,-68.10000000000001,1.32,-0.22,0.46
0.6099004745483398,3.9000000000000004,-7.6000000000000005,-68.0,1.35,-0.23,0.46
0.6200342178344727,3.6,-7.6000000000000005,-68.10000000000001,1.36,-0.24,0.44
0.6290102005004883,3.5,-7.300000000000001,-68.10000000000001,1.33,-0.23,0.44
0.6394226551055908,3.5,-7.300000000000001,-68.10000000000001,1.31,-0.22,0.46
0.6489765644073486,3.4000000000000004,-6.9,-68.10000000000001,1.23,-0.19,0.53
0.659081220626831,3.2,-6.7,-68.2,1.18,-0.18,0.5700000000000001
0.6690545082092285,2.9000000000000004,-6.0,-68.10000000000001,1.09,-0.18,0.63
0.6792347431182861,2.9000000000000004,-6.1000000000000005,-68.10000000000001,1.1,-0.14,0.66
0.6894960403442383,3.0,-6.6000000000000005,-68.3,1.22,-0.09,0.63
0.6992654800415039,3.1,-7.2,-68.2,1.3,-0.03,0.6
0.7090945243835449,3.4000000000000004,-7.300000000000001,-68.0,1.33,0.01,0.6
0.7190163135528564,3.6,-7.2,-68.0,1.32,0.03,0.6
0.7294533252716064,3.7,-7.300000000000001,-67.9,1.32,0.03,0.58
0.7389194965362549,3.8000000000000003,-7.6000000000000005,-67.9,1.36,0.03,0.55
0.7494747638702393,4.0,-7.6000000000000005,-67.5,1.3900000000000001,0.03,0.51
0.7600154876708984,4.4,-7.5,-67.60000000000001,1.37,0.02,0.51
0.7702052593231201,4.6000000000000005,-7.1000000000000005,-67.60000000000001,1.31,-0.0,0.54
0.7791857719421387,4.2,-6.800000000000001,-67.8,1.27,-0.09,0.51
0.7891931533813477,4.0,-6.9,-67.8,1.28,-0.14,0.49
0.7993130683898926,4.0,-7.1000000000000005,-68.0,1.32,-0.18,0.48
0.8090498447418213,3.6,-7.4,-67.9,1.35,-0.22,0.47000000000000003
0.8192291259765625,3.6,-7.800000000000001,-67.8,1.4000000000000001,-0.24,0.46
0.8300206661224365,3.8000000000000003,-7.800000000000001,-67.60000000000001,1.3800000000000001,-0.23,0.43
0.8389906883239746,4.1000000000000005,-7.800000000000001,-67.8,1.36,-0.16,0.41000000000000003
0.8492841720581055,4.4,-7.800000000000001,-68.0,1.36,-0.09,0.4
0.860356330871582,4.4,-7.6000000000000005,-67.8,1.3800000000000001,-0.05,0.39
0.8692672252655029,4.4,-7.6000000000000005,-67.2,1.42,-0.05,0.41000000000000003
0.8791036605834961,4.0,-7.4,-67.3,1.41,-0.07,0.46
0.8898169994354248,3.5,-7.2,-67.7,1.34,-0.08,0.5
0.8999590873718262,3.4000000000000004,-6.9,-67.9,1.28,-0.06,0.53
0.9089784622192383,3.7,-7.0,-68.2,1.27,0.01,0.55
0.9188597202301025,3.9000000000000004,-7.2,-68.3,1.29,0.06,0.55
0.9296669960021973,4.0,-7.2,-68.0,1.33,0.08,0.56
0.9390382766723633,4.1000000000000005,-7.5,-67.9,1.36,0.09,0.56
0.9491684436798096,4.0,-7.4,-67.7,1.36,0.07,0.55
0.9596972465515137,3.9000000000000004,-7.300000000000001,-68.0,1.31,0.07,0.53
0.9690337181091309,4.2,-6.9,-68.3,1.26,0.07,0.54
0.9790539741516113,4.6000000000000005,-6.800000000000001,-68.10000000000001,1.28,0.04,0.55
0.9889488220214844,4.4,-7.2,-68.10000000000001,1.35,-0.03,0.52
0.9989876747131348,4.0,-7.4,-68.10000000000001,1.37,-0.12,0.51
1.0090715885162354,3.8000000000000003,-7.7,-68.60000000000001,1.34,-0.19,0.5
1.019284963607788,3.8000000000000003,-7.6000000000000005,-68.7,1.31,-0.21,0.5
1.0297009944915771,3.8000000000000003,-7.800000000000001,-68.5,1.34,-0.21,0.48
1.0390565395355225,3.8000000000000003,-8.1,-68.3,1.3800000000000001,-0.21,0.45
1.0491271018981934,4.0,-8.1,-68.2,1.3900000000000001,-0.2,0.43
1.0595524311065674,4.1000000000000005,-7.9,-68.3,1.37,-0.15,0.41000000000000003
1.0690927505493164,4.1000000000000005,-7.5,-67.9,1.34,-0.11,0.39
1.0790820121765137,4.2,-7.7,-68.10000000000001,1.36,-0.06,0.41000000000000003
1.088918685913086,4.0,-7.300000000000001,-68.10000000000001,1.32,-0.03,0.44
1.099243402481079,3.9000000000000004,-7.0,-67.9,1.28,-0.02,0.46
1.108931064605713,3.9000000000000004,-7.1000000000000005,-68.0,1.29,0.01,0.5
1.1192436218261719,3.9000000000000004,-7.2,-68.0,1.32,0.03,0.51
1.1303629875183105,3.8000000000000003,-7.5,-68.0,1.36,0.04,0.51
1.1391785144805908,3.9000000000000004,-7.7,-68.0,1.3900000000000001,0.09,0.52
1.1490023136138916,3.9000000000000004,-7.9,-68.0,1.3900000000000001,0.09,0.49
1.1592371463775635,4.1000000000000005,-7.9,-68.10000000000001,1.37,0.11,0.48
1.169318675994873,4.3,-7.7,-68.5,1.31,0.14,0.49
1.1791038513183594,4.5,-7.300000000000001,-68.7,1.26,0.12,0.52
1.1892311573028564,4.6000000000000005,-7.5,-68.60000000000001,1.31,0.05,0.53
1.1991808414459229,4.2,-7.9,-68.8,1.36,-0.05,0.51
1.2089407444000244,4.0,-8.1,-68.8,1.36,-0.15,0.5
1.2192468643188477,3.9000000000000004,-8.0,-68.9,1.32,-0.19,0.5
1.2296011447906494,3.7,-8.0,-69.3,1.29,-0.22,0.49
1.2400026321411133,3.7,-7.7,-68.5,1.31,-0.24,0.49
1.2489089965820312,3.7,-8.0,-68.2,1.36,-0.26,0.48
1.2589869499206543,3.7,-7.7,-67.9,1.36,-0.27,0.45
1.2697064876556396,3.5,-7.7,-68.4,1.34,-0.24,0.43
1.2794499397277832,3.8000000000000003,-7.4,-68.5,1.31,-0.16,0.43
1.2890002727508545,4.0,-7.300000000000001,-68.5,1.28,-0.09,0.44
1.2997465133666992,3.9000000000000004,-7.1000000000000005,-68.4,1.24,-0.04,0.44
1.3093905448913574,3.8000000000000003,-7.1000000000000005,-68.4,1.23,-0.01,0.46
1.31895112991333,3.8000000000000003,-7.1000000000000005,-68.5,1.24,0.02,0.49
1.330047845840454,3.9000000000000004,-7.1000000000000005,-68.4,1.25,0.05,0.5
1.339820384979248,4.0,-7.300000000000001,-68.10000000000001,1.32,0.08,0.5
1.3489689826965332,4.1000000000000005,-7.6000000000000005,-67.8,1.4000000000000001,0.09,0.47000000000000003
1.3593287467956543,4.1000000000000005,-7.9,-67.8,1.44,0.11,0.44
1.3692970275878906,4.5,-7.9,-67.9,1.42,0.16,0.46
1.3791370391845703,4.6000000000000005,-7.6000000000000005,-68.10000000000001,1.33,0.18,0.49
1.3890364170074463,4.6000000000000005,-7.4,-68.60000000000001,1.25,0.16,0.53
1.399592399597168,4.6000000000000005,-7.2,-68.7,1.25,0.11,0.54
1.409085988998413,4.4,-7.7,-68.60000000000001,1.33,0.04,0.51
1.4190192222595215,4.3,-8.0,-68.5,1.3900000000000001,-0.01,0.5
1.4294023513793945,4.2,-8.1,-68.60000000000001,1.3800000000000001,-0.06,0.5
1.4394526481628418,4.2,-7.800000000000001,-68.60000000000001,1.32,-0.11,0.49
1.448868751525879,4.0,-8.0,-69.2,1.29,-0.13,0.49
1.459115743637085,4.0,-7.9,-68.7,1.3,-0.15,0.47000000000000003
1.4693963527679443,4.2,-7.800000000000001,-68.2,1.36,-0.16,0.48
1.4791090488433838,4.1000000000000005,-7.7,-68.0,1.37,-0.18,0.46
1.4891104698181152,3.9000000000000004,-7.4,-67.8,1.33,-0.2,0.44
1.4992449283599854,3.7,-7.2,-68.0,1.29,-0.19,0.45
1.5092179775238037,3.7,-6.9,-68.2,1.24,-0.18,0.45
1.518911361694336,3.6,-6.800000000000001,-68.5,1.2,-0.16,0.44
1.529259443283081,3.6,-6.9,-68.7,1.19,-0.13,0.44
1.5394814014434814,3.8000000000000003,-7.4,-69.0,1.21,-0.1,0.42
1.5490295886993408,3.8000000000000003,-7.6000000000000005,-69.2,1.23,-0.04,0.4
1.5593445301055908,4.0,-7.7,-69.3,1.25,-0.0,0.41000000000000003
1.569493293762207,4.3,-7.9,-69.0,1.3,0.03,0.43
1.5794978141784668,4.3,-7.7,-68.60000000000001,1.32,0.05,0.43
1.5892059803009033,4.4,-7.5,-68.3,1.33,0.06,0.44
1.598921298980713,4.4,-7.6000000000000005,-68.2,1.37,0.07,0.45
1.6096978187561035,4.5,-7.800000000000001,-68.10000000000001,1.41,0.07,0.44
1.6190392971038818,4.5,-7.800000000000001,-68.10000000000001,1.41,0.09,0.43
1.6288495063781738,4.6000000000000005,-8.0,-68.2,1.41,0.13,0.45
1.6394288539886475,5.1000000000000005,-7.9,-68.0,1.41,0.15,0.48
1.6499874591827393,4.9,-8.1,-68.5,1.3900000000000001,0.16,0.48
1.659217119216919,4.9,-8.0,-68.3,1.3900000000000001,0.15,0.48
1.6697266101837158,4.9,-8.3,-68.4,1.41,0.13,0.5
1.6793725490570068,4.5,-8.3,-69.0,1.3800000000000001,0.09,0.49
1.6890716552734375,4.6000000000000005,-8.1,-69.0,1.37,0.07,0.48
1.6995620727539062,4.6000000000000005,-8.6,-69.10000000000001,1.44,0.04,0.47000000000000003
1.7090847492218018,4.5,-8.9,-69.2,1.48,-0.0,0.44
1.7198569774627686,4.3,-9.0,-69.10000000000001,1.48,-0.05,0.43
1.7297704219818115,4.1000000000000005,-8.700000000000001,-68.8,1.44,-0.11,0.43
1.7391598224639893,4.0,-8.6,-68.5,1.44,-0.14,0.42
1.7493703365325928,3.8000000000000003,-8.5,-68.2,1.46,-0.17,0.41000000000000003
1.7598938941955566,3.6,-8.3,-68.2,1.45,-0.2,0.4
1.7699007987976074,3.4000000000000004,-8.0,-68.3,1.41,-0.21,0.39
1.7799272537231445,3.3000000000000003,-7.9,-68.8,1.36,-0.19,0.38
1.789757251739502,3.4000000000000004,-8.0,-69.10000000000001,1.32,-0.13,0.37
1.7995729446411133,3.9000000000000004,-8.200000000000001,-69.3,1.35,-0.04,0.39
1.8095743656158447,4.0,-8.1,-69.10000000000001,1.36,-0.0,0.39
1.8191916942596436,3.9000000000000004,-8.1,-69.0,1.35,0.02,0.39
1.8293159008026123,4.0,-8.200000000000001,-68.60000000000001,1.3800000000000001,0.04,0.41000000000000003
1.8402454853057861,3.9000000000000004,-8.6,-68.8,1.44,0.07,0.42
1.8491482734680176,4.1000000000000005,-8.4,-68.4,1.47,0.1,0.43
1.8592383861541748,4.4,-8.1,-67.9,1.49,0.14,0.43
1.8700122833251953,4.7,-8.1,-67.4,1.52,0.15,0.42
1.8789782524108887,4.800000000000001,-7.9,-67.60000000000001,1.48,0.17,0.44
1.8893992900848389,4.7,-8.0,-67.9,1.43,0.16,0.47000000000000003
1.89919114112854,4.7,-7.7,-68.10000000000001,1.37,0.13,0.51
1.9089670181274414,4.5,-7.7,-68.7,1.33,0.08,0.52
1.9192335605621338,4.5,-8.0,-68.8,1.4000000000000001,0.05,0.51
1.9292781352996826,4.6000000000000005,-8.4,-68.2,1.48,-0.0,0.47000000000000003
1.9390933513641357,4.5,-8.8,-68.5,1.52,-0.05,0.44
1.9493122100830078,4.4,-8.8,-68.8,1.48,-0.07,0.42
1.9594526290893555,4.4,-8.8,-68.9,1.44,-0.09,0.41000000000000003
1.9696762561798096,4.4,-8.6,-68.60000000000001,1.46,-0.09,0.41000000000000003
1.9789652824401855,4.4,-8.6,-68.3,1.49,-0.12,0.42
1.9889967441558838,4.1000000000000005,-8.4,-68.0,1.49,-0.17,0.4
1.9992396831512451,3.8000000000000003,-8.3,-68.2,1.49,-0.19,0.37
2.0091874599456787,3.6,-8.200000000000001,-68.3,1.46,-0.19,0.36
2.0190086364746094,3.8000000000000003,-8.0,-68.3,1.42,-0.14,0.36
2.0297024250030518,3.9000000000000004,-8.0,-68.60000000000001,1.3900000000000001,-0.08,0.34
2.0392651557922363,4.2,-8.0,-68.60000000000001,1.37,-0.04,0.33
2.049109935760498,4.3,-8.1,-68.5,1.4000000000000001,-0.0,0.35000000000000003
2.0595309734344482,4.4,-8.200000000000001,-68.2,1.43,-0.0,0.36
2.0694994926452637,4.3,-8.3,-68.10000000000001,1.46,-0.0,0.37
2.0790200233459473,4.1000000000000005,-8.5,-68.0,1.49,-0.02,0.39
2.08899188041687,4.0,-8.3,-67.9,1.49,-0.02,0.41000000000000003
2.0999550819396973,4.0,-8.3,-68.0,1.47,-0.01,0.43
2.1091997623443604,4.2,-8.1,-67.9,1.46,0.02,0.44
2.1191608905792236,4.4,-7.9,-68.0,1.42,0.05,0.44
2.129160165786743,4.6000000000000005,-7.800000000000001,-68.10000000000001,1.41,0.08,0.43
2.139850378036499,4.7,-7.7,-67.7,1.3800000000000001,0.1,0.44
2.14900541305542,5.0,-7.800000000000001,-68.0,1.43,0.13,0.44
2.1589977741241455,4.9,-8.4,-68.60000000000001,1.44,0.14,0.44
2.1692957878112793,4.9,-8.1,-68.0,1.42,0.13,0.43
2.1799583435058594,4.800000000000001,-8.5,-68.2,1.47,0.14,0.44
2.1890833377838135,4.7,-8.700000000000001,-68.2,1.51,0.11,0.43
2.198882818222046,4.6000000000000005,-8.8,-68.10000000000001,1.54,0.1,0.42
2.209195375442505,4.7,-8.6,-68.3,1.51,0.12,0.43
2.21907901763916,4.7,-8.700000000000001,-68.5,1.47,0.14,0.42
2.2301247119903564,5.0,-8.4,-68.2,1.49,0.15,0.43
2.239349365234375,4.800000000000001,-8.4,-68.3,1.48,0.09,0.43
2.249347686767578,4.4,-8.5,-68.4,1.48,0.02,0.43
2.2598917484283447,4.2,-8.5,-68.3,1.48,-0.03,0.43
2.2697408199310303,4.0,-8.200000000000001,-68.10000000000001,1.46,-0.09,0.44
2.2793688774108887,3.9000000000000004,-8.0,-68.10000000000001,1.43,-0.12,0.44
2.2891125679016113,3.9000000000000004,-7.7,-67.8,1.42,-0.14,0.45
2.298902988433838,3.7,-7.6000000000000005,-67.9,1.4000000000000001,-0.16,0.44
2.3096251487731934,3.7,-7.5,-67.9,1.3800000000000001,-0.17,0.43
2.318981170654297,3.7,-7.4,-68.0,1.36,-0.15,0.42
2.3289990425109863,3.9000000000000004,-7.300000000000001,-67.9,1.35,-0.12,0.41000000000000003
2.3395023345947266,4.0,-7.4,-68.0,1.35,-0.1,0.4
2.349316358566284,4.1000000000000005,-7.7,-68.0,1.3900000000000001,-0.07,0.39
2.3590073585510254,4.2,-7.800000000000001,-67.60000000000001,1.43,-0.06,0.4
2.369014263153076,4.3,-8.0,-67.5,1.44,-0.06,0.42
2.380063772201538,4.1000000000000005,-7.800000000000001,-67.5,1.42,-0.07,0.45
2.389272451400757,4.0,-7.7,-67.5,1.3900000000000001,-0.06,0.47000000000000003
2.399010181427002,4.1000000000000005,-7.5,-67.5,1.37,-0.03,0.49
2.4096245765686035,4.2,-7.5,-67.7,1.36,0.01,0.49
2.419193983078003,4.3,-7.4,-68.0,1.33,0.06,0.47000000000000003
2.4290010929107666,4.6000000000000005,-7.2,-68.0,1.31,0.11,0.47000000000000003
2.439257860183716,4.9,-7.300000000000001,-67.9,1.33,0.16,0.47000000000000003
2.449359178543091,5.0,-7.6000000000000005,-68.0,1.35,0.19,0.46
2.4589924812316895,5.0,-7.7,-68.2,1.34,0.21,0.48
2.469022512435913,5.0,-7.6000000000000005,-68.2,1.34,0.19,0.51
2.4791741371154785,4.800000000000001,-7.800000000000001,-68.10000000000001,1.3800000000000001,0.14,0.52
2.4890875816345215,4.4,-8.3,-68.2,1.47,0.06,0.51
2.499074935913086,4.3,-8.4,-68.2,1.5,0.02,0.5
2.5093612670898438,4.3,-8.3,-68.3,1.48,-0.0,0.49
2.519030809402466,4.3,-8.3,-68.4,1.46,-0.02,0.47000000000000003
2.5289900302886963,4.4,-8.3,-68.60000000000001,1.45,-0.03,0.45
2.5394797325134277,4.3,-8.3,-68.7,1.42,-0.04,0.42
2.549855947494507,4.3,-7.7,-68.4,1.4000000000000001,-0.06,0.41000000000000003
2.5591726303100586,4.3,-7.800000000000001,-68.0,1.41,-0.08,0.42
2.5690114498138428,4.1000000000000005,-7.7,-67.8,1.43,-0.12,0.42
2.579221725463867,3.8000000000000003,-7.7,-67.8,1.42,-0.15,0.41000000000000003
2.5890657901763916,3.7,-7.6000000000000005,-67.8,1.4000000000000001,-0.16,0.41000000000000003
2.5988852977752686,3.8000000000000003,-7.5,-68.0,1.37,-0.14,0.4
2.6093339920043945,4.1000000000000005,-7.6000000000000005,-67.7,1.4000000000000001,-0.1,0.41000000000000003
2.619703531265259,4.3,-7.7,-67.2,1.44,-0.08,0.42
2.6289384365081787,4.1000000000000005,-7.800000000000001,-67.2,1.45,-0.08,0.43
2.6390116214752197,4.1000000000000005,-7.7,-67.2,1.43,-0.09,0.44
2.6504197120666504,4.1000000000000005,-7.5,-67.2,1.41,-0.07,0.46
2.6593337059020996,4.1000000000000005,-7.5,-67.3,1.4000000000000001,-0.04,0.48
2.6691219806671143,4.1000000000000005,-7.6000000000000005,-67.60000000000001,1.3900000000000001,-0.02,0.47000000000000003
2.679847240447998,4.2,-7.4,-67.7,1.36,-0.0,0.45
2.6892433166503906,4.4,-7.5,-67.9,1.37,0.04,0.45
2.698925018310547,4.6000000000000005,-7.6000000000000005,-67.9,1.3900000000000001,0.08,0.43
2.7090837955474854,4.7,-7.800000000000001,-67.9,1.4000000000000001,0.1,0.42
2.7191598415374756,5.0,-7.800000000000001,-67.7,1.42,0.13,0.4
2.728900909423828,5.1000000000000005,-8.1,-67.8,1.45,0.14,0.4
2.739285469055176,5.1000000000000005,-8.200000000000001,-67.9,1.45,0.14,0.39
2.7510063648223877,5.1000000000000005,-8.1,-68.0,1.43,0.13,0.39
2.759718418121338,5.0,-7.800000000000001,-68.0,1.4000000000000001,0.11,0.41000000000000003
2.769465684890747,5.0,-7.6000000000000005,-67.9,1.3800000000000001,0.11,0.42
2.7789840698242188,5.0,-7.4,-67.9,1.36,0.11,0.41000000000000003
2.7900774478912354,5.1000000000000005,-7.300000000000001,-67.9,1.35,0.12,0.41000000000000003
2.7988650798797607,5.2,-7.1000000000000005,-68.0,1.32,0.14,0.42
2.809109687805176,5.1000000000000005,-7.0,-68.0,1.31,0.14,0.42
2.81963849067688,5.1000000000000005,-7.2,-68.0,1.33,0.13,0.42
2.8291287422180176,5.0,-7.4,-68.0,1.37,0.11,0.41000000000000003
2.8389780521392822,4.9,-7.5,-68.0,1.3800000000000001,0.1,0.41000000000000003
2.8496897220611572,4.800000000000001,-7.6000000000000005,-68.0,1.3900000000000001,0.1,0.41000000000000003
2.8590500354766846,4.9,-7.7,-68.10000000000001,1.3900000000000001,0.1,0.41000000000000003
2.8692870140075684,4.800000000000001,-7.6000000000000005,-68.0,1.3900000000000001,0.1,0.41000000000000003
2.8790009021759033,4.800000000000001,-7.6000000000000005,-68.0,1.3800000000000001,0.1,0.41000000000000003
2.889922857284546,4.7,-7.4,-67.9,1.36,0.09,0.42
2.899568557739258,4.7,-7.300000000000001,-68.0,1.34,0.08,0.42
2.9093072414398193,4.7,-7.2,-67.9,1.34,0.08,0.42
2.9197494983673096,4.7,-7.300000000000001,-67.9,1.35,0.08,0.42
2.929238796234131,4.7,-7.5,-67.9,1.37,0.08,0.42
2.938962936401367,4.7,-7.6000000000000005,-67.9,1.3900000000000001,0.08,0.41000000000000003
2.9495182037353516,4.800000000000001,-7.7,-67.9,1.4000000000000001,0.09,0.41000000000000003
2.9590139389038086,4.800000000000001,-7.800000000000001,-67.9,1.41,0.09,0.41000000000000003
2.9690206050872803,4.800000000000001,-7.9,-67.8,1.41,0.09,0.41000000000000003
2.9794998168945312,4.800000000000001,-7.9,-67.8,1.41,0.1,0.41000000000000003
2.989690065383911,4.9,-7.800000000000001,-67.9,1.4000000000000001,0.1,0.41000000000000003
2.9989800453186035,4.9,-7.6000000000000005,-67.8,1.3800000000000001,0.1,0.41000000000000003
3.0092315673828125,4.9,-7.5,-67.8,1.37,0.1,0.41000000000000003
3.0193419456481934,4.9,-7.5,-67.8,1.37,0.1,0.41000000000000003
3.0293819904327393,4.9,-7.5,-67.8,1.37,0.1,0.41000000000000003
3.0389511585235596,4.9,-7.5,-67.9,1.37,0.11,0.41000000000000003
3.0493903160095215,4.9,-7.6000000000000005,-67.9,1.3800000000000001,0.11,0.41000000000000003
3.0594911575317383,4.9,-7.7,-67.9,1.3900000000000001,0.1,0.41000000000000003
3.0690829753875732,4.9,-7.7,-67.9,1.3900000000000001,0.1,0.41000000000000003
3.079177141189575,4.9,-7.6000000000000005,-67.9,1.3900000000000001,0.1,0.41000000000000003
3.090024709701538,4.9,-7.5,-67.9,1.3800000000000001,0.1,0.41000000000000003
3.098975896835327,4.9,-7.4,-68.0,1.36,0.1,0.41000000000000003
3.1091997623443604,4.9,-7.4,-68.0,1.36,0.1,0.41000000000000003
3.11954665184021,4.9,-7.300000000000001,-68.0,1.35,0.1,0.41000000000000003
3.1294145584106445,4.800000000000001,-7.300000000000001,-68.0,1.35,0.1,0.42
3.139031410217285,4.800000000000001,-7.300000000000001,-68.0,1.35,0.09,0.42
3.148984432220459,4.800000000000001,-7.4,-67.9,1.36,0.09,0.42
3.159921407699585,4.800000000000001,-7.5,-67.9,1.37,0.1,0.41000000000000003
3.1698694229125977,4.9,-7.6000000000000005,-67.9,1.3800000000000001,0.1,0.41000000000000003
3.179739475250244,4.9,-7.6000000000000005,-68.0,1.3800000000000001,0.1,0.41000000000000003
3.1895318031311035,4.9,-7.6000000000000005,-67.9,1.3800000000000001,0.1,0.41000000000000003
3.199104070663452,4.9,-7.6000000000000005,-67.9,1.3800000000000001,0.1,0.41000000000000003
3.2090342044830322,4.9,-7.6000000000000005,-67.9,1.3800000000000001,0.1,0.41000000000000003
3.220590591430664,4.9,-7.5,-67.9,1.3800000000000001,0.1,0.41000000000000003
3.229199171066284,4.9,-7.5,-67.9,1.37,0.1,0.41000000000000003
3.238938570022583,4.9,-7.5,-67.9,1.3800000000000001,0.1,0.41000000000000003
3.249037504196167,4.9,-7.6000000000000005,-67.9,1.3800000000000001,0.1,0.41000000000000003
3.2593212127685547,4.9,-7.6000000000000005,-67.8,1.3900000000000001,0.1,0.41000000000000003
3.2695462703704834,4.9,-7.7,-67.8,1.3900000000000001,0.1,0.41000000000000003
3.279083013534546,4.9,-7.7,-67.9,1.3900000000000001,0.1,0.41000000000000003
3.289231777191162,4.9,-7.7,-67.8,1.3900000000000001,0.1,0.41000000000000003
3.300118923187256,4.800000000000001,-7.7,-67.8,1.3900000000000001,0.1,0.41000000000000003
3.30896258354187,4.800000000000001,-7.6000000000000005,-67.9,1.3800000000000001,0.09,0.41000000000000003
3.3190207481384277,4.800000000000001,-7.6000000000000005,-67.9,1.3800000000000001,0.09,0.41000000000000003
3.3298122882843018,4.800000000000001,-7.5,-67.9,1.37,0.09,0.41000000000000003
3.3393781185150146,4.800000000000001,-7.5,-67.9,1.37,0.09,0.41000000000000003
3.3491976261138916,4.800000000000001,-7.5,-67.9,1.37,0.09,0.41000000000000003
3.359509229660034,4.800000000000001,-7.5,-67.9,1.37,0.09,0.41000000000000003
3.369260787963867,4.800000000000001,-7.5,-67.9,1.37,0.09,0.41000000000000003
3.378976821899414,4.800000000000001,-7.5,-68.0,1.37,0.09,0.41000000000000003
3.3890953063964844,4.800000000000001,-7.7,-67.9,1.3900000000000001,0.1,0.41000000000000003
3.399807929992676,4.9,-7.5,-67.7,1.42,0.1,0.4
3.409137010574341,4.7,-7.800000000000001,-68.3,1.37,0.1,0.41000000000000003
3.4188923835754395,5.0,-7.300000000000001,-67.9,1.35,0.1,0.43
3.4294345378875732,4.9,-7.5,-68.0,1.37,0.11,0.42
3.4394702911376953,4.9,-7.300000000000001,-67.7,1.35,0.1,0.4
3.448923110961914,5.0,-7.0,-67.8,1.33,0.11,0.42
3.459848642349243,4.9,-7.6000000000000005,-68.2,1.35,0.11,0.43
3.4693055152893066,4.9,-7.0,-67.60000000000001,1.35,0.1,0.4
3.478996992111206,4.800000000000001,-7.5,-68.10000000000001,1.36,0.1,0.42
3.4890027046203613,4.9,-7.7,-68.10000000000001,1.3900000000000001,0.1,0.42
3.498952627182007,4.800000000000001,-7.6000000000000005,-67.8,1.3900000000000001,0.1,0.4
3.509058713912964,4.800000000000001,-7.800000000000001,-68.0,1.4000000000000001,0.11,0.41000000000000003
3.5188772678375244,5.0,-7.7,-67.8,1.3900000000000001,0.1,0.41000000000000003
3.5297162532806396,4.800000000000001,-7.7,-68.0,1.3900000000000001,0.1,0.4
3.539058208465576,4.800000000000001,-7.5,-67.9,1.3800000000000001,0.09,0.41000000000000003
3.548947334289551,4.9,-7.5,-67.9,1.37,0.09,0.42
3.5592899322509766,4.800000000000001,-7.5,-67.9,1.37,0.09,0.41000000000000003
3.56911301612854,4.800000000000001,-7.5,-67.9,1.37,0.1,0.41000000000000003
3.5789971351623535,4.800000000000001,-7.5,-67.9,1.37,0.09,0.42
3.588984727859497,4.800000000000001,-7.5,-67.9,1.37,0.09,0.41000000000000003
3.5989623069763184,4.800000000000001,-7.5,-67.9,1.37,0.09,0.42
3.609133005142212,4.800000000000001,-7.6000000000000005,-67.9,1.3800000000000001,0.09,0.42
3.618988037109375,4.800000000000001,-7.6000000000000005,-67.9,1.3900000000000001,0.09,0.41000000000000003
3.630810260772705,4.800000000000001,-7.6000000000000005,-67.9,1.3900000000000001,0.1,0.41000000000000003
3.6398303508758545,4.800000000000001,-7.6000000000000005,-67.9,1.3800000000000001,0.1,0.41000000000000003
3.649073839187622,4.9,-7.5,-67.9,1.37,0.1,0.41000000000000003
3.6593353748321533,4.9,-7.4,-68.0,1.36,0.1,0.42
3.669229030609131,4.9,-7.4,-67.9,1.36,0.1,0.41000000000000003
3.679140329360962,4.9,-7.5,-67.9,1.37,0.1,0.41000000000000003
3.688969612121582,4.9,-7.5,-67.9,1.37,0.1,0.41000000000000003
3.6997241973876953,4.9,-7.5,-67.9,1.37,0.1,0.41000000000000003
3.7089779376983643,4.9,-7.5,-67.9,1.37,0.1,0.41000000000000003
3.7191736698150635,4.9,-7.5,-67.9,1.3800000000000001,0.1,0.41000000000000003
3.729957103729248,4.9,-7.6000000000000005,-67.9,1.3800000000000001,0.11,0.41000000000000003
3.739407777786255,4.9,-7.5,-68.0,1.3800000000000001,0.1,0.41000000000000003
3.7495052814483643,4.9,-7.300000000000001,-67.9,1.35,0.1,0.41000000000000003
3.7599518299102783,4.800000000000001,-7.5,-68.0,1.37,0.1,0.42
3.769831418991089,4.800000000000001,-7.6000000000000005,-68.0,1.3800000000000001,0.1,0.41000000000000003
3.7789499759674072,4.800000000000001,-7.6000000000000005,-67.9,1.3800000000000001,0.1,0.41000000000000003
3.789128303527832,4.9,-7.7,-67.9,1.3900000000000001,0.1,0.41000000000000003
3.7990057468414307,4.9,-7.7,-67.8,1.3900000000000001,0.09,0.41000000000000003
3.8090126514434814,4.800000000000001,-7.6000000000000005,-67.8,1.3900000000000001,0.09,0.41000000000000003
3.819251537322998,4.800000000000001,-7.7,-67.9,1.3900000000000001,0.09,0.41000000000000003
3.8290393352508545,4.800000000000001,-7.6000000000000005,-67.9,1.3800000000000001,0.09,0.41000000000000003
3.8389291763305664,4.800000000000001,-7.4,-67.9,1.36,0.09,0.41000000000000003
3.8497142791748047,4.800000000000001,-7.2,-67.9,1.34,0.09,0.42
3.8590335845947266,4.800000000000001,-7.5,-67.9,1.35,0.09,0.42
3.869014263153076,4.9,-7.4,-67.8,1.37,0.09,0.41000000000000003
3.879944324493408,4.800000000000001,-7.5,-67.9,1.3800000000000001,0.09,0.41000000000000003
3.8899800777435303,4.9,-7.6000000000000005,-67.9,1.3900000000000001,0.1,0.41000000000000003
3.8998751640319824,4.9,-7.7,-68.0,1.4000000000000001,0.1,0.41000000000000003
3.9098546504974365,4.800000000000001,-7.800000000000001,-68.0,1.41,0.1,0.41000000000000003
3.919031858444214,4.9,-7.7,-68.0,1.4000000000000001,0.1,0.41000000000000003
3.9294192790985107,4.9,-7.7,-67.9,1.3800000000000001,0.1,0.41000000000000003
3.938997268676758,4.9,-7.4,-67.8,1.36,0.1,0.41000000000000003
3.9501466751098633,4.9,-7.300000000000001,-67.9,1.35,0.1,0.41000000000000003
3.9593520164489746,4.9,-7.300000000000001,-67.9,1.35,0.1,0.42
3.969179391860962,4.9,-7.300000000000001,-67.9,1.35,0.1,0.41000000000000003
3.979100465774536,4.9,-7.4,-68.0,1.36,0.1,0.41000000000000003
3.989112138748169,4.9,-7.6000000000000005,-68.0,1.3800000000000001,0.11,0.41000000000000003
3.999983310699463,4.9,-7.6000000000000005,-67.9,1.3900000000000001,0.1,0.41000000000000003
4.008974075317383,4.9,-7.7,-67.9,1.3900000000000001,0.1,0.41000000000000003
4.018932342529297,4.9,-7.7,-67.9,1.3900000000000001,0.1,0.41000000000000003
4.029954195022583,4.800000000000001,-7.7,-68.0,1.3900000000000001,0.1,0.41000000000000003
4.039071083068848,4.800000000000001,-7.6000000000000005,-67.9,1.3800000000000001,0.1,0.41000000000000003
4.0493128299713135,4.800000000000001,-7.5,-67.9,1.37,0.1,0.41000000000000003
4.060201168060303,4.800000000000001,-7.4,-67.9,1.37,0.09,0.41000000000000003
4.069975137710571,4.800000000000001,-7.4,-67.9,1.36,0.09,0.41000000000000003
4.079861402511597,4.800000000000001,-7.5,-67.9,1.36,0.09,0.42
4.0895092487335205,4.800000000000001,-7.5,-67.9,1.37,0.1,0.41000000000000003
4.099942684173584,4.800000000000001,-7.6000000000000005,-67.9,1.3800000000000001,0.1,0.41000000000000003
4.109092950820923,4.9,-7.7,-67.9,1.3900000000000001,0.1,0.41000000000000003
4.119826555252075,4.800000000000001,-7.7,-67.9,1.3900000000000001,0.1,0.41000000000000003
4.129539251327515,4.800000000000001,-7.6000000000000005,-68.0,1.3900000000000001,0.09,0.41000000000000003
4.139372825622559,4.9,-7.6000000000000005,-67.9,1.3800000000000001,0.1,0.41000000000000003
4.149544715881348,4.9,-7.5,-67.9,1.37,0.1,0.41000000000000003
4.1591691970825195,4.9,-7.4,-67.9,1.37,0.1,0.41000000000000003
4.169449329376221,4.9,-7.4,-68.0,1.36,0.1,0.42
4.179185390472412,4.9,-7.4,-67.9,1.36,0.1,0.41000000000000003
4.189440727233887,4.9,-7.5,-67.9,1.37,0.1,0.41000000000000003
4.199895620346069,4.9,-7.5,-67.9,1.3800000000000001,0.1,0.41000000000000003
4.209449768066406,4.9,-7.6000000000000005,-68.0,1.3800000000000001,0.1,0.41000000000000003
4.220106840133667,4.9,-7.6000000000000005,-67.9,1.3800000000000001,0.1,0.41000000000000003
4.229068994522095,4.9,-7.6000000000000005,-68.0,1.3900000000000001,0.1,0.41000000000000003
4.239270925521851,4.9,-7.6000000000000005,-67.9,1.3800000000000001,0.1,0.41000000000000003
4.249257802963257,4.9,-7.5,-67.9,1.37,0.1,0.41000000000000003
4.2594382762908936,4.9,-7.5,-68.0,1.37,0.1,0.41000000000000003
4.269513368606567,4.800000000000001,-7.4,-67.9,1.36,0.1,0.41000000000000003
4.279388666152954,4.9,-7.5,-67.9,1.36,0.1,0.41000000000000003
4.2894744873046875,4.800000000000001,-7.5,-67.9,1.37,0.1,0.41000000000000003
4.299357652664185,4.9,-7.5,-68.0,1.37,0.1,0.41000000000000003
4.309332609176636,4.800000000000001,-7.6000000000000005,-68.0,1.3800000000000001,0.1,0.41000000000000003
4.3189239501953125,4.800000000000001,-7.6000000000000005,-67.9,1.3900000000000001,0.1,0.41000000000000003
4.329739332199097,4.9,-7.6000000000000005,-67.9,1.3900000000000001,0.1,0.41000000000000003
4.339272737503052,4.800000000000001,-7.6000000000000005,-68.0,1.3800000000000001,0.1,0.41000000000000003
4.349143981933594,4.9,-7.6000000000000005,-68.0,1.3800000000000001,0.1,0.41000000000000003
4.359493732452393,4.800000000000001,-7.5,-67.9,1.37,0.1,0.41000000000000003
4.369389772415161,4.9,-7.5,-68.0,1.37,0.1,0.41000000000000003
4.379133939743042,4.800000000000001,-7.5,-67.9,1.37,0.1,0.41000000000000003
4.389878034591675,4.9,-7.5,-67.9,1.37,0.1,0.41000000000000003
4.3990159034729,4.9,-7.5,-67.9,1.37,0.1,0.41000000000000003
4.409456968307495,4.800000000000001,-7.6000000000000005,-68.0,1.3800000000000001,0.1,0.41000000000000003
4.418927431106567,4.9,-7.6000000000000005,-67.9,1.3800000000000001,0.1,0.41000000000000003
4.429399013519287,4.9,-7.6000000000000005,-67.9,1.3800000000000001,0.1,0.41000000000000003
4.439818382263184,4.9,-7.6000000000000005,-68.0,1.3800000000000001,0.1,0.41000000000000003
4.449142694473267,4.9,-7.5,-67.9,1.3800000000000001,0.1,0.41000000000000003
4.458972454071045,4.9,-7.5,-67.9,1.37,0.1,0.41000000000000003
4.46936559677124,4.9,-7.5,-67.9,1.37,0.1,0.41000000000000003
4.479114532470703,4.9,-7.5,-67.9,1.37,0.1,0.41000000000000003
4.489032745361328,4.9,-7.5,-67.9,1.37,0.1,0.41000000000000003
4.4989025592803955,4.9,-7.5,-68.0,1.37,0.1,0.41000000000000003
4.509799957275391,4.9,-7.6000000000000005,-67.9,1.3800000000000001,0.1,0.41000000000000003
4.5189220905303955,4.800000000000001,-7.6000000000000005,-68.0,1.3800000000000001,0.1,0.41000000000000003
4.528998851776123,4.9,-7.6000000000000005,-67.9,1.3800000000000001,0.1,0.41000000000000003
4.539674758911133,4.800000000000001,-7.6000000000000005,-67.9,1.3800000000000001,0.1,0.41000000000000003
4.549180269241333,4.800000000000001,-7.6000000000000005,-67.9,1.3800000000000001,0.1,0.41000000000000003
4.559891223907471,4.9,-7.5,-67.9,1.37,0.1,0.41000000000000003
4.569793224334717,4.9,-7.5,-67.9,1.37,0.1,0.41000000000000003
4.579970836639404,4.800000000000001,-7.5,-67.9,1.37,0.1,0.41000000000000003
4.5889573097229,4.800000000000001,-7.5,-67.9,1.37,0.1,0.41000000000000003
4.59928297996521,4.9,-7.5,-67.9,1.37,0.1,0.41000000000000003
4.609395265579224,4.800000000000001,-7.6000000000000005,-67.9,1.3800000000000001,0.1,0.41000000000000003
4.618962526321411,4.9,-7.6000000000000005,-67.9,1.3800000000000001,0.1,0.41000000000000003
4.628974199295044,4.9,-7.6000000000000005,-67.9,1.3800000000000001,0.1,0.41000000000000003
4.639556884765625,4.9,-7.6000000000000005,-67.9,1.3800000000000001,0.1,0.41000000000000003
4.6491053104400635,4.9,-7.6000000000000005,-67.9,1.3800000000000001,0.1,0.41000000000000003
4.658992052078247,4.9,-7.6000000000000005,-67.9,1.3800000000000001,0.1,0.41000000000000003
4.669245719909668,4.9,-7.5,-67.9,1.37,0.1,0.41000000000000003
4.679797649383545,4.9,-7.5,-67.9,1.37,0.1,0.41000000000000003
4.689047574996948,4.800000000000001,-7.5,-67.9,1.37,0.1,0.41000000000000003
4.6989710330963135,4.800000000000001,-7.5,-67.9,1.37,0.1,0.41000000000000003
4.710369110107422,4.9,-7.5,-67.9,1.3800000000000001,0.1,0.41000000000000003
4.7193076610565186,4.9,-7.6000000000000005,-67.9,1.3800000000000001,0.1,0.41000000000000003
4.729009628295898,4.800000000000001,-7.6000000000000005,-67.9,1.3800000000000001,0.1,0.41000000000000003
4.73966121673584,4.800000000000001,-7.6000000000000005,-67.9,1.3800000000000001,0.1,0.41000000000000003
4.749150514602661,4.9,-7.5,-67.9,1.37,0.1,0.41000000000000003
4.759045839309692,4.9,-7.5,-67.9,1.37,0.1,0.41000000000000003
4.769234657287598,4.9,-7.5,-67.9,1.37,0.1,0.41000000000000003
4.779781818389893,4.800000000000001,-7.5,-67.9,1.37,0.1,0.41000000000000003
4.789173126220703,4.800000000000001,-7.5,-68.0,1.37,0.1,0.41000000000000003
4.798983573913574,4.9,-7.5,-67.9,1.37,0.1,0.41000000000000003
4.809077501296997,4.9,-7.5,-67.9,1.3800000000000001,0.1,0.41000000000000003
4.8198020458221436,4.800000000000001,-7.5,-68.0,1.3800000000000001,0.1,0.41000000000000003
4.828866004943848,4.800000000000001,-7.5,-67.9,1.3800000000000001,0.1,0.41000000000000003
4.839370250701904,4.800000000000001,-7.5,-67.9,1.3800000000000001,0.1,0.41000000000000003
4.8495824337005615,4.800000000000001,-7.6000000000000005,-67.9,1.3800000000000001,0.1,0.41000000000000003
4.858982563018799,4.9,-7.6000000000000005,-67.9,1.3800000000000001,0.1,0.41000000000000003
4.868995428085327,4.9,-7.6000000000000005,-67.9,1.3800000000000001,0.1,0.41000000000000003
4.879305362701416,4.9,-7.5,-67.9,1.37,0.1,0.41000000000000003
4.889316082000732,4.9,-7.5,-67.9,1.37,0.1,0.41000000000000003
4.898924350738525,4.9,-7.5,-67.9,1.3800000000000001,0.1,0.41000000000000003
4.909576892852783,4.9,-7.5,-67.9,1.3800000000000001,0.1,0.41000000000000003
4.919616460800171,4.9,-7.5,-67.9,1.3800000000000001,0.1,0.41000000000000003
4.928950786590576,4.9,-7.5,-67.9,1.3800000000000001,0.1,0.41000000000000003
4.939012765884399,4.9,-7.6000000000000005,-67.9,1.3800000000000001,0.1,0.41000000000000003
4.949633836746216,4.800000000000001,-7.6000000000000005,-67.9,1.3800000000000001,0.1,0.41000000000000003
4.95894455909729,4.800000000000001,-7.6000000000000005,-67.9,1.3800000000000001,0.1,0.41000000000000003
4.969181537628174,4.800000000000001,-7.6000000000000005,-67.9,1.3800000000000001,0.1,0.41000000000000003
4.9792139530181885,4.9,-7.5,-67.9,1.3800000000000001,0.1,0.41000000000000003
4.989044904708862,4.800000000000001,-7.5,-67.9,1.3800000000000001,0.1,0.41000000000000003
4.998928070068359,4.800000000000001,-7.5,-67.9,1.37,0.1,0.41000000000000003
5.009326457977295,4.800000000000001,-7.5,-67.9,1.37,0.1,0.41000000000000003
5.019662141799927,4.9,-7.5,-67.9,1.37,0.1,0.41000000000000003
5.028979539871216,4.9,-7.5,-67.9,1.37,0.1,0.41000000000000003
5.039166212081909,4.9,-7.6000000000000005,-67.9,1.3800000000000001,0.1,0.41000000000000003
5.050116062164307,4.9,-7.5,-67.9,1.37,0.1,0.41000000000000003
5.059130430221558,4.9,-7.6000000000000005,-67.9,1.37,0.1,0.41000000000000003
5.0690224170684814,4.9,-7.5,-67.9,1.3800000000000001,0.1,0.41000000000000003
5.079513311386108,4.9,-7.5,-67.9,1.3800000000000001,0.1,0.41000000000000003
5.089207410812378,4.800000000000001,-7.5,-67.9,1.3800000000000001,0.1,0.41000000000000003
5.098999500274658,4.9,-7.6000000000000005,-67.9,1.3800000000000001,0.11,0.42
5.109050035476685,4.9,-7.5,-67.8,1.37,0.1,0.42
5.119485378265381,4.800000000000001,-7.5,-67.9,1.37,0.09,0.41000000000000003
5.128981828689575,4.800000000000001,-7.6000000000000005,-67.9,1.3800000000000001,0.1,0.41000000000000003
5.139056444168091,4.9,-7.5,-67.9,1.3800000000000001,0.1,0.41000000000000003
5.150542497634888,4.800000000000001,-7.5,-68.0,1.37,0.1,0.41000000000000003
5.160066604614258,4.9,-7.5,-67.9,1.37,0.1,0.41000000000000003
5.169069290161133,4.9,-7.6000000000000005,-67.9,1.3800000000000001,0.1,0.41000000000000003
5.179117202758789,4.800000000000001,-7.6000000000000005,-67.9,1.3800000000000001,0.1,0.41000000000000003
5.189418792724609,4.800000000000001,-7.6000000000000005,-67.9,1.3800000000000001,0.1,0.41000000000000003
5.198969841003418,4.800000000000001,-7.5,-67.9,1.37,0.1,0.41000000000000003
5.20902156829834,4.800000000000001,-7.6000000000000005,-67.9,1.3800000000000001,0.1,0.41000000000000003
5.219461679458618,4.800000000000001,-7.5,-67.9,1.3800000000000001,0.1,0.41000000000000003
5.229304552078247,4.800000000000001,-7.6000000000000005,-68.0,1.3800000000000001,0.1,0.41000000000000003
5.238946199417114,4.800000000000001,-7.5,-67.9,1.37,0.1,0.41000000000000003
5.250039577484131,4.9,-7.5,-67.9,1.37,0.1,0.41000000000000003
5.25951886177063,4.9,-7.5,-67.9,1.3800000000000001,0.1,0.41000000000000003
5.269326448440552,4.800000000000001,-7.5,-67.9,1.3800000000000001,0.1,0.41000000000000003
5.279006481170654,4.9,-7.5,-67.9,1.37,0.1,0.41000000000000003
5.289409160614014,4.9,-7.5,-68.0,1.37,0.1,0.41000000000000003
5.2989044189453125,4.800000000000001,-7.5,-67.9,1.37,0.1,0.41000000000000003
5.309373140335083,4.9,-7.5,-67.9,1.3800000000000001,0.1,0.41000000000000003
5.319192409515381,4.800000000000001,-7.5,-67.9,1.3800000000000001,0.1,0.41000000000000003
5.32926607131958,4.9,-7.5,-67.9,1.37,0.1,0.41000000000000003
5.3392298221588135,4.9,-7.5,-67.9,1.37,0.1,0.41000000000000003
5.349196672439575,4.800000000000001,-7.5,-67.9,1.37,0.1,0.41000000000000003
5.359640836715698,4.9,-7.5,-67.9,1.37,0.1,0.41000000000000003
5.369423866271973,4.9,-7.5,-67.9,1.37,0.1,0.41000000000000003
5.3792150020599365,4.9,-7.5,-67.9,1.37,0.1,0.41000000000000003
5.38909912109375,4.800000000000001,-7.5,-67.9,1.3800000000000001,0.1,0.41000000000000003
5.399457931518555,4.9,-7.5,-67.9,1.3800000000000001,0.1,0.41000000000000003
5.409859895706177,4.800000000000001,-7.6000000000000005,-67.9,1.3800000000000001,0.1,0.41000000000000003
5.419455051422119,4.800000000000001,-7.5,-67.9,1.3800000000000001,0.1,0.41000000000000003
5.4295501708984375,4.800000000000001,-7.6000000000000005,-67.9,1.3800000000000001,0.1,0.41000000000000003
5.439809799194336,4.800000000000001,-7.6000000000000005,-67.9,1.3800000000000001,0.1,0.41000000000000003
5.4492106437683105,4.800000000000001,-7.6000000000000005,-67.9,1.3800000000000001,0.1,0.41000000000000003
5.460244655609131,4.800000000000001,-7.5,-67.9,1.37,0.1,0.41000000000000003
5.46996283531189,4.9,-7.5,-67.9,1.37,0.1,0.41000000000000003
5.479734182357788,4.800000000000001,-7.5,-67.9,1.37,0.1,0.41000000000000003
5.489068269729614,4.800000000000001,-6.4,-67.8,1.31,0.09,0.41000000000000003
5.499077558517456,4.6000000000000005,-7.300000000000001,-68.5,1.29,0.1,0.44
5.50893235206604,4.9,-7.1000000000000005,-67.8,1.35,0.09,0.43
5.5191919803619385,4.7,-7.5,-67.8,1.3900000000000001,0.1,0.39
5.529153347015381,4.9,-7.800000000000001,-68.0,1.41,0.1,0.41000000000000003
5.539022922515869,4.9,-7.800000000000001,-68.0,1.4000000000000001,0.1,0.41000000000000003
5.5490710735321045,4.7,-8.1,-68.2,1.43,0.1,0.4
5.559059381484985,4.9,-8.1,-67.9,1.45,0.09,0.4
5.569332599639893,4.9,-7.300000000000001,-67.7,1.37,0.09,0.41000000000000003
5.579925298690796,4.800000000000001,-7.1000000000000005,-68.0,1.3,0.11,0.43
5.590013027191162,4.9,-7.0,-67.9,1.31,0.11,0.43
5.599919080734253,4.9,-7.5,-67.9,1.3800000000000001,0.1,0.4
5.609855651855469,4.800000000000001,-7.800000000000001,-67.9,1.42,0.1,0.4
5.61994743347168,4.800000000000001,-7.6000000000000005,-67.9,1.3900000000000001,0.09,0.41000000000000003
5.629104137420654,4.800000000000001,-7.6000000000000005,-68.0,1.36,0.1,0.42
5.639030933380127,4.9,-7.800000000000001,-68.0,1.3900000000000001,0.11,0.41000000000000003
5.648928165435791,4.9,-7.9,-67.8,1.43,0.1,0.39
5.659011602401733,4.9,-7.6000000000000005,-67.7,1.4000000000000001,0.1,0.4
5.669495105743408,4.800000000000001,-7.300000000000001,-67.9,1.33,0.1,0.43
5.6798834800720215,4.800000000000001,-7.2,-67.9,1.32,0.09,0.43
5.6899354457855225,4.800000000000001,-7.6000000000000005,-67.9,1.3900000000000001,0.1,0.41000000000000003
5.699854373931885,4.800000000000001,-7.9,-67.9,1.43,0.1,0.4
5.709212303161621,4.800000000000001,-7.7,-67.9,1.4000000000000001,0.09,0.41000000000000003
5.719079494476318,4.800000000000001,-7.6000000000000005,-67.9,1.37,0.09,0.42
5.729173898696899,4.800000000000001,-7.5,-67.9,1.37,0.09,0.42
5.739382982254028,4.800000000000001,-7.6000000000000005,-67.8,1.4000000000000001,0.1,0.4
5.749662399291992,4.800000000000001,-7.6000000000000005,-67.9,1.3900000000000001,0.1,0.41000000000000003
5.759231328964233,4.800000000000001,-7.5,-67.9,1.36,0.09,0.42
5.769327640533447,4.800000000000001,-7.4,-67.9,1.35,0.09,0.42
5.779931306838989,4.9,-7.7,-68.0,1.4000000000000001,0.1,0.41000000000000003
5.790158987045288,4.800000000000001,-7.800000000000001,-67.9,1.3900000000000001,0.1,0.4
5.7998528480529785,4.9,-7.4,-67.7,1.37,0.1,0.41000000000000003
5.809250116348267,4.9,-7.5,-68.0,1.36,0.11,0.42
5.819295406341553,4.9,-7.4,-67.9,1.36,0.1,0.41000000000000003
5.829017877578735,4.9,-7.4,-67.9,1.37,0.1,0.41000000000000003
5.839044094085693,4.9,-7.4,-67.9,1.36,0.1,0.42
5.849557638168335,4.9,-7.4,-67.9,1.35,0.1,0.41000000000000003
5.85933518409729,4.9,-7.5,-67.9,1.37,0.1,0.42
5.869079351425171,4.9,-7.6000000000000005,-67.9,1.3900000000000001,0.1,0.41000000000000003
5.879561424255371,4.9,-7.7,-67.9,1.4000000000000001,0.1,0.41000000000000003
5.8901591300964355,4.9,-7.7,-67.9,1.3900000000000001,0.1,0.41000000000000003
5.898921966552734,4.800000000000001,-7.6000000000000005,-67.9,1.3800000000000001,0.1,0.41000000000000003
5.909788608551025,4.800000000000001,-7.6000000000000005,-67.9,1.3800000000000001,0.1,0.41000000000000003
5.919025659561157,4.800000000000001,-7.5,-67.9,1.3800000000000001,0.1,0.41000000000000003
5.9290688037872314,4.800000000000001,-7.5,-67.9,1.37,0.1,0.41000000000000003
5.939260005950928,4.800000000000001,-7.4,-67.9,1.36,0.09,0.42
5.9502222537994385,4.800000000000001,-7.4,-67.9,1.36,0.09,0.42
5.959568023681641,4.800000000000001,-7.5,-67.9,1.37,0.09,0.41000000000000003
5.969043731689453,4.800000000000001,-7.5,-67.9,1.37,0.09,0.41000000000000003
5.979055404663086,4.800000000000001,-7.6000000000000005,-67.9,1.3800000000000001,0.09,0.41000000000000003
5.989464521408081,4.800000000000001,-7.6000000000000005,-68.0,1.3800000000000001,0.1,0.41000000000000003
5.99898362159729,4.800000000000001,-7.7,-67.9,1.3900000000000001,0.1,0.41000000000000003
6.008977174758911,4.800000000000001,-7.6000000000000005,-67.9,1.3900000000000001,0.1,0.41000000000000003
6.019532918930054,4.800000000000001,-7.6000000000000005,-67.9,1.3800000000000001,0.1,0.41000000000000003
6.029761075973511,4.9,-7.5,-67.9,1.37,0.1,0.41000000000000003
6.039017200469971,4.9,-7.5,-67.9,1.37,0.1,0.41000000000000003
6.049624919891357,4.9,-7.5,-67.9,1.37,0.1,0.41000000000000003
6.0592687129974365,4.9,-7.5,-67.9,1.37,0.1,0.41000000000000003
6.06902813911438,4.9,-7.5,-67.9,1.37,0.1,0.41000000000000003
6.079299449920654,4.9,-7.5,-67.9,1.37,0.1,0.41000000000000003
6.0899817943573,4.9,-7.6000000000000005,-68.0,1.3800000000000001,0.1,0.41000000000000003
6.099151849746704,4.800000000000001,-7.6000000000000005,-67.9,1.3900000000000001,0.1,0.4
6.109060049057007,4.9,-7.7,-67.9,1.4000000000000001,0.11,0.41000000000000003
6.119269847869873,4.9,-8.1,-67.9,1.41,0.11,0.41000000000000003
6.130361557006836,5.0,-8.5,-68.0,1.53,0.12,0.38
6.139135837554932,4.9,-9.200000000000001,-68.3,1.53,0.12,0.37
6.1491968631744385,5.1000000000000005,-8.5,-67.60000000000001,1.48,0.11,0.39
6.159737586975098,5.0,-8.4,-67.7,1.46,0.11,0.41000000000000003
6.169355869293213,5.0,-8.4,-67.7,1.45,0.1,0.4
6.179896354675293,5.0,-7.9,-67.60000000000001,1.43,0.1,0.4
6.189908742904663,5.0,-7.7,-67.5,1.3800000000000001,0.11,0.41000000000000003
6.199910640716553,5.0,-7.7,-67.60000000000001,1.37,0.11,0.41000000000000003
6.209912300109863,5.0,-7.7,-67.4,1.37,0.11,0.4
6.21918797492981,5.0,-8.1,-67.9,1.42,0.11,0.4
6.2296459674835205,5.0,-7.9,-67.3,1.42,0.1,0.42
6.23897910118103,4.800000000000001,-8.0,-67.5,1.4000000000000001,0.09,0.41000000000000003
6.249143838882446,4.7,-8.1,-67.8,1.41,0.09,0.4
6.2597572803497314,4.800000000000001,-8.1,-67.7,1.44,0.09,0.4
6.2695252895355225,4.800000000000001,-8.0,-68.0,1.43,0.08,0.4
6.279295921325684,4.7,-7.5,-67.4,1.34,0.07,0.41000000000000003
6.289018154144287,4.7,-6.7,-67.4,1.31,0.07,0.43
6.299941539764404,4.5,-7.6000000000000005,-68.10000000000001,1.33,0.07,0.43
6.309020757675171,4.7,-7.2,-67.7,1.35,0.06,0.42
6.319092750549316,4.5,-7.5,-67.5,1.34,0.06,0.42
6.329531908035278,4.6000000000000005,-7.2,-67.7,1.35,0.06,0.42
6.339525938034058,4.3,-7.9,-68.2,1.35,0.06,0.42
6.349111080169678,4.5,-7.300000000000001,-67.3,1.34,0.06,0.42
6.3594183921813965,4.6000000000000005,-7.300000000000001,-67.3,1.33,0.06,0.43
6.369491338729858,4.4,-7.4,-67.8,1.32,0.05,0.43
6.37912392616272,4.5,-7.6000000000000005,-68.10000000000001,1.36,0.06,0.42
6.389075756072998,4.6000000000000005,-7.7,-68.0,1.3800000000000001,0.08,0.42
6.399945259094238,4.6000000000000005,-7.7,-68.10000000000001,1.3800000000000001,0.08,0.42
6.409010171890259,4.6000000000000005,-8.0,-68.0,1.37,0.07,0.41000000000000003
6.418961048126221,4.6000000000000005,-7.7,-67.5,1.3800000000000001,0.08,0.41000000000000003
6.4289326667785645,4.6000000000000005,-7.800000000000001,-68.0,1.41,0.08,0.42
6.439339876174927,4.6000000000000005,-8.0,-68.3,1.4000000000000001,0.08,0.42
6.449156999588013,4.6000000000000005,-7.800000000000001,-68.10000000000001,1.3900000000000001,0.09,0.41000000000000003
6.459130764007568,4.7,-7.0,-67.8,1.32,0.07,0.43
6.470402717590332,4.5,-7.2,-68.0,1.28,0.07,0.44
6.479496002197266,4.5,-7.300000000000001,-67.60000000000001,1.33,0.07,0.43
6.489900827407837,4.800000000000001,-7.300000000000001,-67.7,1.37,0.07,0.41000000000000003
6.4994940757751465,4.3,-7.800000000000001,-68.3,1.37,0.04,0.41000000000000003
6.509532928466797,3.9000000000000004,-7.5,-68.3,1.37,0.01,0.43
6.518972873687744,3.3000000000000003,-7.5,-68.2,1.35,-0.06,0.44
6.529253005981445,2.7,-7.4,-68.2,1.35,-0.11,0.45
6.539143323898315,2.5,-7.6000000000000005,-68.2,1.37,-0.16,0.46
6.549081325531006,2.6,-7.7,-67.8,1.3900000000000001,-0.17,0.47000000000000003
6.559184312820435,2.9000000000000004,-7.4,-68.0,1.3800000000000001,-0.14,0.45
6.569489479064941,3.7,-7.4,-68.4,1.36,-0.02,0.46
6.579397439956665,4.7,-6.800000000000001,-68.0,1.31,0.09,0.42
6.589111566543579,4.9,-6.9,-68.4,1.28,0.17,0.39
6.599992275238037,5.4,-6.9,-68.4,1.3,0.2,0.4
6.609363794326782,5.4,-6.800000000000001,-68.10000000000001,1.31,0.14,0.41000000000000003
6.619032382965088,5.0,-7.2,-68.5,1.33,0.14,0.43
6.629107475280762,5.4,-6.800000000000001,-67.8,1.32,0.11,0.42
6.639866590499878,5.4,-7.4,-68.60000000000001,1.34,0.18,0.43
6.648983001708984,5.800000000000001,-7.300000000000001,-68.5,1.34,0.23,0.39
6.659090518951416,6.2,-7.4,-68.4,1.36,0.28,0.39
6.670191764831543,6.300000000000001,-7.7,-68.7,1.3900000000000001,0.32,0.38
6.679889440536499,6.1000000000000005,-7.7,-68.8,1.3800000000000001,0.29,0.36
6.6892712116241455,6.0,-7.800000000000001,-68.60000000000001,1.4000000000000001,0.26,0.39
6.699105739593506,5.7,-7.9,-68.60000000000001,1.41,0.22,0.4
6.709348917007446,5.300000000000001,-7.7,-68.5,1.4000000000000001,0.17,0.4
6.719063758850098,5.1000000000000005,-7.800000000000001,-68.5,1.4000000000000001,0.15,0.4
6.729313373565674,4.800000000000001,-7.6000000000000005,-68.60000000000001,1.3900000000000001,0.11,0.4
6.7402520179748535,4.5,-7.5,-68.60000000000001,1.3800000000000001,0.08,0.41000000000000003
6.749065399169922,4.3,-7.4,-68.4,1.36,0.04,0.42
6.759143352508545,4.1000000000000005,-7.300000000000001,-68.4,1.34,0.02,0.43
6.769840240478516,3.9000000000000004,-7.1000000000000005,-68.4,1.33,-0.01,0.44
6.779599666595459,3.6,-6.9,-68.7,1.32,-0.0,0.45
6.7889463901519775,3.6,-6.800000000000001,-68.3,1.29,-0.01,0.43
6.798908710479736,3.6,-7.0,-68.2,1.31,-0.02,0.44
6.809401273727417,3.4000000000000004,-7.2,-68.4,1.36,-0.03,0.44
6.819101095199585,2.9000000000000004,-7.2,-68.10000000000001,1.35,-0.09,0.43
6.829334259033203,2.7,-7.4,-68.3,1.36,-0.12,0.44
6.840184450149536,2.7,-7.5,-68.3,1.3800000000000001,-0.14,0.46
6.849396228790283,2.7,-7.4,-68.2,1.37,-0.15,0.46
6.859164237976074,2.8000000000000003,-7.6000000000000005,-68.3,1.37,-0.13,0.46
6.869990587234497,3.1,-7.7,-68.2,1.3900000000000001,-0.09,0.45
6.879720687866211,3.4000000000000004,-7.7,-68.10000000000001,1.4000000000000001,-0.05,0.43
6.889042139053345,3.8000000000000003,-7.800000000000001,-68.3,1.41,-0.0,0.42
6.898951292037964,4.1000000000000005,-7.7,-68.3,1.4000000000000001,0.03,0.41000000000000003
6.909426212310791,4.4,-7.800000000000001,-68.3,1.3900000000000001,0.06,0.42
6.918960332870483,4.6000000000000005,-7.5,-68.10000000000001,1.3800000000000001,0.08,0.42
6.929172992706299,4.6000000000000005,-7.5,-68.3,1.3900000000000001,0.09,0.4
6.940431594848633,4.800000000000001,-8.1,-68.5,1.43,0.12,0.41000000000000003
6.949851751327515,5.1000000000000005,-7.800000000000001,-68.2,1.42,0.13,0.4
6.958948135375977,5.0,-7.9,-68.5,1.41,0.15,0.4
6.969210147857666,5.300000000000001,-7.7,-68.2,1.3900000000000001,0.15,0.4
6.97909688949585,5.4,-7.800000000000001,-68.3,1.4000000000000001,0.17,0.41000000000000003
6.989011526107788,5.4,-7.6000000000000005,-68.4,1.3900000000000001,0.18,0.39
6.9988486766815186,5.5,-7.6000000000000005,-68.5,1.3900000000000001,0.19,0.39
7.009275674819946,5.6000000000000005,-7.6000000000000005,-68.5,1.3900000000000001,0.2,0.4
7.018989562988281,5.5,-7.300000000000001,-68.5,1.34,0.2,0.4
7.028992414474487,5.4,-7.0,-68.4,1.33,0.19,0.39
7.039704084396362,5.5,-7.1000000000000005,-68.5,1.33,0.19,0.41000000000000003
7.049180507659912,5.300000000000001,-6.9,-68.5,1.31,0.17,0.41000000000000003
7.059013843536377,5.1000000000000005,-6.9,-68.5,1.3,0.15,0.41000000000000003
7.068971395492554,5.0,-6.9,-68.4,1.31,0.12,0.42
7.079833507537842,4.800000000000001,-6.9,-68.5,1.31,0.1,0.43
7.0890257358551025,4.6000000000000005,-6.9,-68.5,1.3,0.08,0.42
7.0990376472473145,4.5,-7.0,-68.5,1.33,0.08,0.42
7.109218120574951,4.5,-7.300000000000001,-68.4,1.36,0.07,0.42
7.1189093589782715,4.4,-7.300000000000001,-68.5,1.36,0.07,0.43
7.128907680511475,4.2,-7.2,-68.5,1.33,0.04,0.41000000000000003
7.139556646347046,4.2,-7.300000000000001,-68.10000000000001,1.35,0.04,0.42
7.150000810623169,4.2,-7.4,-68.2,1.3800000000000001,0.02,0.43
7.1589860916137695,3.8000000000000003,-7.6000000000000005,-68.4,1.37,-0.0,0.42
7.170055389404297,4.0,-7.300000000000001,-67.9,1.37,-0.0,0.42
7.1799681186676025,4.1000000000000005,-7.5,-67.9,1.3800000000000001,0.02,0.44
7.189347267150879,4.2,-7.5,-68.0,1.36,0.03,0.42
7.199066638946533,4.3,-7.6000000000000005,-68.2,1.3800000000000001,0.05,0.41000000000000003
7.209339141845703,4.4,-7.800000000000001,-68.10000000000001,1.4000000000000001,0.06,0.42
7.219507217407227,4.5,-7.800000000000001,-67.9,1.42,0.06,0.41000000000000003
7.228983640670776,4.5,-7.9,-68.10000000000001,1.43,0.07,0.4
7.239293813705444,4.6000000000000005,-7.9,-68.10000000000001,1.43,0.08,0.41000000000000003
7.249422311782837,4.800000000000001,-7.7,-67.9,1.41,0.1,0.41000000000000003
7.259886264801025,4.9,-7.800000000000001,-68.0,1.3900000000000001,0.12,0.41000000000000003
7.2702796459198,5.1000000000000005,-7.5,-68.0,1.3900000000000001,0.13,0.41000000000000003
7.279308080673218,5.1000000000000005,-7.7,-67.8,1.4000000000000001,0.14,0.4
7.289055347442627,5.1000000000000005,-7.9,-68.2,1.43,0.14,0.39
7.2989661693573,5.1000000000000005,-7.9,-68.3,1.43,0.14,0.4
7.309062957763672,5.1000000000000005,-7.800000000000001,-68.2,1.41,0.14,0.4
7.319863796234131,5.1000000000000005,-7.5,-68.2,1.3800000000000001,0.13,0.41000000000000003
7.328915357589722,5.0,-7.300000000000001,-68.0,1.35,0.14,0.4
7.33972954750061,5.1000000000000005,-7.2,-68.2,1.36,0.13,0.4
7.349313020706177,5.0,-7.1000000000000005,-68.10000000000001,1.32,0.14,0.42
7.359285354614258,4.9,-6.7,-68.10000000000001,1.29,0.12,0.42
7.369161605834961,4.9,-6.9,-68.10000000000001,1.3,0.12,0.42
7.380019903182983,4.9,-7.0,-68.10000000000001,1.34,0.12,0.42
7.389967918395996,4.800000000000001,-7.1000000000000005,-68.2,1.35,0.11,0.41000000000000003
7.399852275848389,4.800000000000001,-6.9,-68.2,1.32,0.11,0.42
7.408959627151489,4.9,-6.7,-68.3,1.29,0.12,0.43
7.419705152511597,4.9,-6.5,-68.10000000000001,1.28,0.11,0.43
7.429047584533691,4.9,-6.800000000000001,-68.2,1.29,0.12,0.42
7.43923282623291,5.0,-6.9,-68.10000000000001,1.32,0.11,0.42
7.449453115463257,4.9,-7.5,-68.2,1.37,0.12,0.42
7.459704160690308,5.0,-7.5,-67.8,1.3800000000000001,0.11,0.4
7.469292402267456,4.5,-7.800000000000001,-68.10000000000001,1.3800000000000001,0.08,0.39
7.479934453964233,4.2,-7.800000000000001,-68.4,1.41,0.02,0.4
7.488998174667358,3.6,-8.3,-68.60000000000001,1.45,-0.0,0.42
7.498960256576538,3.4000000000000004,-8.4,-68.3,1.47,-0.09,0.43
7.508807182312012,2.7,-8.9,-68.5,1.51,-0.1,0.46
7.519176006317139,2.7,-8.1,-67.2,1.48,-0.18,0.42
7.529113054275513,2.2,-8.700000000000001,-67.9,1.47,-0.19,0.43
7.539347887039185,2.5,-8.200000000000001,-67.5,1.48,-0.21,0.45
7.549957990646362,2.2,-8.200000000000001,-67.0,1.45,-0.21,0.46
7.560041427612305,2.3000000000000003,-7.7,-67.2,1.42,-0.22,0.45
7.569957971572876,2.1,-7.800000000000001,-68.3,1.37,-0.2,0.45
7.579073905944824,2.5,-6.9,-67.3,1.34,-0.19,0.46
7.589178085327148,2.8000000000000003,-6.9,-67.10000000000001,1.33,-0.15,0.48
7.5991127490997314,3.3000000000000003,-6.6000000000000005,-67.4,1.27,-0.1,0.47000000000000003
7.609112024307251,3.7,-7.4,-67.5,1.29,-0.03,0.44
7.619275093078613,4.6000000000000005,-8.700000000000001,-67.2,1.53,0.06,0.42
7.629348039627075,5.300000000000001,-8.8,-66.7,1.6300000000000001,0.13,0.37
7.639315843582153,5.4,-7.9,-67.3,1.44,0.16,0.35000000000000003
7.649729251861572,5.6000000000000005,-7.0,-67.8,1.28,0.23,0.39
7.659379720687866,6.6000000000000005,-6.800000000000001,-67.5,1.29,0.27,0.45
7.669065475463867,6.9,-7.6000000000000005,-68.10000000000001,1.37,0.28,0.42
7.679311990737915,6.5,-7.9,-68.4,1.44,0.33,0.35000000000000003
7.689376592636108,7.0,-8.200000000000001,-67.7,1.48,0.37,0.34
7.699536561965942,7.4,-8.1,-67.5,1.46,0.36,0.35000000000000003
7.70898699760437,7.6000000000000005,-7.9,-67.60000000000001,1.42,0.38,0.38
7.719098091125488,7.2,-7.800000000000001,-68.9,1.41,0.4,0.39
7.7293689250946045,7.4,-7.300000000000001,-67.4,1.37,0.42,0.38
7.739172458648682,7.800000000000001,-7.5,-67.3,1.36,0.43,0.37
7.749628782272339,8.0,-7.4,-67.8,1.37,0.44,0.36
7.758957624435425,7.7,-7.4,-67.8,1.3800000000000001,0.48,0.36
7.7697670459747314,8.0,-6.800000000000001,-67.5,1.33,0.44,0.37
7.779916286468506,7.2,-6.5,-67.8,1.23,0.43,0.39
7.789523601531982,7.2,-5.5,-67.60000000000001,1.18,0.34,0.39
7.799020051956177,6.300000000000001,-6.800000000000001,-69.2,1.28,0.31,0.41000000000000003
7.809033155441284,6.1000000000000005,-6.7,-67.60000000000001,1.34,0.22,0.4
7.818995237350464,5.300000000000001,-7.1000000000000005,-67.60000000000001,1.33,0.17,0.42
7.829163312911987,4.9,-6.7,-67.4,1.28,0.07,0.43
7.8391265869140625,4.6000000000000005,-7.5,-67.9,1.35,0.05,0.44
7.849498987197876,4.6000000000000005,-7.6000000000000005,-67.5,1.45,0.04,0.42
7.85892915725708,4.4,-7.9,-67.60000000000001,1.45,0.03,0.41000000000000003
7.869314670562744,4.5,-7.9,-68.2,1.42,0.01,0.41000000000000003
7.879035234451294,4.1000000000000005,-7.9,-68.3,1.42,0.05,0.43
7.889626502990723,4.3,-7.800000000000001,-67.9,1.44,-0.0,0.41000000000000003
7.899029493331909,3.8000000000000003,-8.5,-67.60000000000001,1.45,0.01,0.42
7.910009145736694,4.1000000000000005,-8.3,-67.9,1.47,-0.04,0.41000000000000003
7.918946266174316,3.7,-8.9,-67.0,1.54,-0.02,0.42
7.929006338119507,3.8000000000000003,-8.0,-66.3,1.46,-0.08,0.42
7.939110517501831,3.3000000000000003,-8.1,-67.10000000000001,1.4000000000000001,-0.05,0.45
7.950840950012207,3.8000000000000003,-7.2,-65.60000000000001,1.37,-0.07,0.44
7.9588847160339355,3.9000000000000004,-8.0,-66.5,1.41,-0.05,0.43
7.96919846534729,4.5,-8.0,-67.2,1.47,-0.0,0.42
7.979106903076172,4.6000000000000005,-7.9,-66.9,1.41,0.09,0.43
7.989452123641968,5.4,-6.5,-65.9,1.3,0.1,0.41000000000000003
7.998920917510986,5.5,-7.5,-67.4,1.32,0.18,0.42
8.00895643234253,6.1000000000000005,-7.0,-66.60000000000001,1.3800000000000001,0.23,0.39
8.02009391784668,6.300000000000001,-7.6000000000000005,-67.10000000000001,1.3900000000000001,0.26,0.4
8.029076337814331,6.5,-7.6000000000000005,-66.0,1.3800000000000001,0.27,0.37
8.039251565933228,6.7,-7.300000000000001,-67.5,1.41,0.28,0.37
8.050502061843872,6.800000000000001,-7.7,-67.7,1.4000000000000001,0.34,0.39
8.060000658035278,7.2,-7.5,-66.10000000000001,1.3900000000000001,0.35000000000000003,0.39
8.069201946258545,7.7,-7.6000000000000005,-66.60000000000001,1.4000000000000001,0.37,0.37
8.079024076461792,7.5,-7.300000000000001,-67.3,1.3800000000000001,0.41000000000000003,0.36
8.089881420135498,7.5,-7.0,-68.10000000000001,1.34,0.42,0.36
8.098937034606934,7.800000000000001,-6.300000000000001,-66.10000000000001,1.26,0.39,0.39
8.108904123306274,7.9,-6.800000000000001,-67.4,1.29,0.41000000000000003,0.39
8.119612216949463,7.5,-7.1000000000000005,-67.5,1.34,0.46,0.38
8.129048824310303,7.9,-6.5,-66.10000000000001,1.29,0.41000000000000003,0.38
8.13922667503357,8.0,-6.5,-67.3,1.26,0.4,0.39
8.149959802627563,7.4,-6.6000000000000005,-67.7,1.28,0.45,0.39
8.15924620628357,7.5,-6.4,-66.8,1.27,0.42,0.39
8.169034242630005,7.6000000000000005,-6.5,-67.4,1.28,0.34,0.39
8.17989182472229,6.4,-6.5,-67.60000000000001,1.29,0.35000000000000003,0.39
8.18910527229309,6.300000000000001,-6.300000000000001,-66.8,1.26,0.26,0.4
8.19965386390686,6.2,-6.800000000000001,-67.7,1.31,0.16,0.43
8.208903312683105,5.4,-7.1000000000000005,-67.60000000000001,1.37,0.18,0.43
8.220234155654907,5.6000000000000005,-6.7,-67.3,1.34,0.11,0.4
8.22913646697998,5.300000000000001,-7.0,-66.9,1.29,0.17,0.43
8.239001750946045,5.800000000000001,-6.6000000000000005,-67.2,1.29,0.14,0.41000000000000003
8.249617338180542,5.4,-7.5,-67.7,1.36,0.2,0.41000000000000003
8.25966739654541,5.5,-7.300000000000001,-65.60000000000001,1.3900000000000001,0.14,0.41000000000000003
8.269107580184937,5.300000000000001,-7.7,-66.4,1.4000000000000001,0.07,0.39
8.278993606567383,4.9,-8.1,-67.0,1.44,0.08,0.41000000000000003
8.289467096328735,4.800000000000001,-8.4,-66.4,1.47,0.11,0.44
8.299188613891602,5.5,-7.5,-65.0,1.42,0.09,0.42
8.3098886013031,5.1000000000000005,-8.200000000000001,-66.2,1.42,0.11,0.38
8.318805932998657,5.300000000000001,-8.3,-66.10000000000001,1.49,0.14,0.39
8.32926321029663,5.7,-8.0,-66.4,1.49,0.12,0.41000000000000003
8.339085578918457,5.1000000000000005,-7.7,-66.3,1.41,0.15,0.42
8.349416255950928,5.5,-7.2,-66.10000000000001,1.36,0.13,0.4
8.36008596420288,6.0,-7.6000000000000005,-65.7,1.4000000000000001,0.16,0.42
8.369773864746094,6.6000000000000005,-7.1000000000000005,-66.3,1.4000000000000001,0.2,0.41000000000000003
8.378994703292847,6.300000000000001,-7.7,-67.7,1.3900000000000001,0.29,0.4
8.389424324035645,6.9,-6.9,-66.8,1.37,0.31,0.38
8.39930272102356,7.1000000000000005,-7.300000000000001,-66.4,1.33,0.36,0.39
8.40900444984436,7.2,-6.800000000000001,-67.0,1.33,0.29,0.37
8.41891098022461,6.800000000000001,-7.4,-67.4,1.41,0.32,0.39
8.42922306060791,7.5,-7.2,-66.60000000000001,1.3900000000000001,0.36,0.41000000000000003
8.438942670822144,7.7,-7.2,-65.8,1.35,0.4,0.37
8.449615240097046,7.800000000000001,-7.0,-66.60000000000001,1.3800000000000001,0.41000000000000003,0.35000000000000003
8.459778308868408,8.1,-7.300000000000001,-66.3,1.36,0.48,0.38
8.4690523147583,8.200000000000001,-6.9,-66.4,1.33,0.44,0.37
8.479243755340576,7.800000000000001,-6.300000000000001,-66.60000000000001,1.29,0.42,0.38
8.48923921585083,7.5,-6.2,-66.60000000000001,1.23,0.44,0.42
8.498995542526245,7.9,-6.300000000000001,-66.8,1.23,0.35000000000000003,0.39
8.509127140045166,7.2,-6.5,-66.5,1.31,0.39,0.39
8.51893663406372,7.6000000000000005,-6.0,-65.7,1.25,0.38,0.4
8.530054092407227,7.6000000000000005,-6.0,-66.5,1.2,0.37,0.4
8.538894653320312,7.5,-6.300000000000001,-66.5,1.27,0.38,0.4
8.54922604560852,7.5,-6.4,-66.9,1.33,0.34,0.38
8.559144735336304,7.0,-6.300000000000001,-66.8,1.28,0.38,0.41000000000000003
8.569442987442017,7.1000000000000005,-5.800000000000001,-66.0,1.2,0.32,0.4
8.57894515991211,7.2,-6.300000000000001,-66.10000000000001,1.25,0.31,0.42
8.589048862457275,7.1000000000000005,-6.6000000000000005,-66.3,1.33,0.33,0.41000000000000003
8.599823951721191,7.0,-6.6000000000000005,-66.4,1.33,0.3,0.39
8.608935594558716,6.7,-6.7,-65.3,1.29,0.28,0.4
8.619110345840454,6.6000000000000005,-7.0,-67.2,1.35,0.26,0.4
8.629337787628174,6.6000000000000005,-6.9,-65.7,1.34,0.3,0.42
8.639129161834717,6.4,-6.6000000000000005,-65.10000000000001,1.3,0.27,0.4
8.649157285690308,6.6000000000000005,-7.5,-65.60000000000001,1.37,0.26,0.39
8.660644054412842,6.7,-7.7,-65.4,1.45,0.29,0.39
8.669184684753418,6.5,-7.800000000000001,-65.0,1.43,0.28,0.38
8.679022073745728,7.0,-7.6000000000000005,-65.9,1.44,0.25,0.39
8.689024686813354,6.4,-8.200000000000001,-66.2,1.46,0.32,0.4
8.699567556381226,7.0,-6.9,-64.2,1.37,0.27,0.39
8.709676027297974,6.7,-7.300000000000001,-65.3,1.35,0.27,0.39
8.718869686126709,6.9,-7.300000000000001,-66.10000000000001,1.43,0.26,0.37
8.729973793029785,6.7,-7.5,-66.5,1.46,0.28,0.4
8.739158153533936,6.6000000000000005,-6.800000000000001,-65.2,1.29,0.29,0.41000000000000003
8.749027013778687,7.2,-6.6000000000000005,-66.4,1.3,0.28,0.4
8.759626865386963,7.1000000000000005,-7.1000000000000005,-66.10000000000001,1.37,0.38,0.39
8.769843101501465,7.7,-6.800000000000001,-65.4,1.37,0.35000000000000003,0.37
8.7799232006073,7.5,-7.300000000000001,-65.10000000000001,1.36,0.33,0.36
8.789905786514282,7.5,-7.2,-65.4,1.4000000000000001,0.35000000000000003,0.39
8.800201892852783,7.6000000000000005,-6.800000000000001,-65.9,1.34,0.36,0.41000000000000003
8.809053182601929,7.6000000000000005,-6.5,-65.9,1.28,0.36,0.39
8.818958759307861,7.7,-6.4,-65.8,1.29,0.39,0.39
8.829497814178467,7.5,-6.6000000000000005,-65.4,1.31,0.41000000000000003,0.39
8.839658975601196,7.800000000000001,-6.4,-65.0,1.29,0.4,0.39
8.84897780418396,7.800000000000001,-6.2,-65.7,1.29,0.35000000000000003,0.39
8.859471082687378,7.4,-6.2,-66.5,1.26,0.36,0.39
8.869881391525269,7.7,-6.2,-66.0,1.24,0.42,0.44
8.879904985427856,8.200000000000001,-6.2,-65.7,1.29,0.4,0.38
8.889874458312988,8.0,-6.300000000000001,-66.3,1.31,0.43,0.36
8.899956464767456,7.800000000000001,-5.9,-66.8,1.24,0.45,0.38
8.909782648086548,8.1,-5.9,-66.60000000000001,1.22,0.44,0.41000000000000003
8.918987035751343,8.0,-5.7,-66.5,1.25,0.43,0.4
8.929128646850586,7.6000000000000005,-5.9,-66.9,1.25,0.39,0.37
8.939362049102783,7.800000000000001,-6.2,-66.3,1.27,0.43,0.4
8.949294328689575,7.9,-6.2,-65.60000000000001,1.3,0.38,0.39
8.95911955833435,7.800000000000001,-6.2,-66.2,1.31,0.36,0.38
8.969996929168701,7.7,-6.300000000000001,-67.2,1.29,0.42,0.41000000000000003
8.979077816009521,7.800000000000001,-6.300000000000001,-65.0,1.26,0.46,0.4
8.989075422286987,8.6,-6.1000000000000005,-64.8,1.26,0.46,0.38
8.999513149261475,8.0,-7.0,-65.5,1.29,0.49,0.37
9.00946855545044,8.3,-6.4,-63.7,1.34,0.45,0.37
9.018929481506348,8.1,-6.7,-64.7,1.35,0.35000000000000003,0.36
9.029508352279663,7.5,-6.4,-65.9,1.3,0.35000000000000003,0.41000000000000003
9.039902448654175,7.4,-6.5,-65.5,1.27,0.4,0.44
9.048978805541992,8.1,-6.300000000000001,-64.60000000000001,1.31,0.35000000000000003,0.38
9.059173107147217,7.7,-6.9,-66.0,1.37,0.4,0.36
9.069360733032227,7.7,-6.800000000000001,-65.3,1.33,0.44,0.39
9.07949447631836,7.9,-6.5,-63.900000000000006,1.31,0.37,0.37
9.089870691299438,7.800000000000001,-6.9,-65.10000000000001,1.37,0.33,0.38
9.099069833755493,7.4,-6.800000000000001,-66.5,1.37,0.38,0.41000000000000003
9.10914421081543,7.4,-6.6000000000000005,-66.10000000000001,1.32,0.33,0.4
9.11910080909729,7.6000000000000005,-6.4,-65.10000000000001,1.3,0.38,0.41000000000000003
9.129261255264282,7.7,-6.5,-65.0,1.32,0.37,0.37
9.139118671417236,7.6000000000000005,-6.800000000000001,-65.0,1.3900000000000001,0.36,0.36
9.149201154708862,7.6000000000000005,-6.300000000000001,-65.0,1.34,0.36,0.4
9.159239053726196,7.7,-5.800000000000001,-65.5,1.23,0.36,0.43
9.169459104537964,7.5,-6.2,-64.4,1.26,0.38,0.39
9.179067850112915,8.1,-6.7,-64.3,1.35,0.41000000000000003,0.38
9.189441204071045,8.0,-7.2,-64.7,1.3900000000000001,0.44,0.36
9.199161767959595,8.200000000000001,-6.800000000000001,-64.0,1.36,0.42,0.36
9.210186243057251,8.6,-6.300000000000001,-64.8,1.3,0.42,0.39
9.219305753707886,7.9,-6.2,-65.2,1.23,0.46,0.4
9.228967189788818,8.5,-5.300000000000001,-64.60000000000001,1.23,0.43,0.38
9.239619970321655,8.3,-6.4,-65.10000000000001,1.25,0.49,0.41000000000000003
9.249682426452637,8.6,-5.2,-63.900000000000006,1.22,0.47000000000000003,0.39
9.259036779403687,8.4,-6.0,-65.7,1.26,0.44,0.38
9.269659042358398,8.3,-5.5,-65.60000000000001,1.27,0.44,0.37
9.279233932495117,8.5,-5.6000000000000005,-65.3,1.22,0.51,0.43
9.288979291915894,8.9,-5.2,-65.0,1.18,0.44,0.38
9.299314737319946,8.5,-5.6000000000000005,-65.0,1.2,0.51,0.39
9.309612035751343,8.9,-5.300000000000001,-64.8,1.21,0.51,0.4
9.31902527809143,8.8,-6.1000000000000005,-65.8,1.27,0.47000000000000003,0.37
9.328952550888062,8.5,-6.4,-66.10000000000001,1.35,0.49,0.36
9.339974880218506,8.1,-5.7,-64.5,1.22,0.48,0.4
9.350579261779785,8.3,-5.4,-64.10000000000001,1.1500000000000001,0.43,0.4
9.358903884887695,9.0,-6.0,-64.60000000000001,1.26,0.44,0.4
9.369221448898315,8.4,-6.4,-65.2,1.31,0.48,0.39
9.380027055740356,8.4,-6.1000000000000005,-64.60000000000001,1.28,0.51,0.37
9.389848232269287,8.8,-6.2,-63.7,1.29,0.49,0.36
9.399848222732544,8.8,-6.2,-64.60000000000001,1.3,0.47000000000000003,0.36
9.409360408782959,8.5,-6.1000000000000005,-65.5,1.28,0.49,0.39
9.419110774993896,8.5,-5.9,-65.2,1.24,0.44,0.4
9.429135084152222,8.4,-5.6000000000000005,-64.8,1.25,0.44,0.4
9.440024137496948,8.4,-5.800000000000001,-64.5,1.24,0.48,0.39
9.449301481246948,8.200000000000001,-5.9,-64.3,1.23,0.41000000000000003,0.36
9.458981037139893,8.5,-6.1000000000000005,-64.7,1.34,0.41000000000000003,0.4
9.469189882278442,8.1,-6.300000000000001,-65.0,1.32,0.45,0.41000000000000003
9.47916293144226,8.200000000000001,-5.4,-64.10000000000001,1.21,0.4,0.39
9.489013671875,8.5,-5.800000000000001,-65.10000000000001,1.24,0.42,0.39
9.499006032943726,8.200000000000001,-5.9,-64.8,1.3,0.48,0.37
9.509073495864868,8.6,-5.9,-64.4,1.29,0.45,0.38
9.519652366638184,8.8,-6.0,-64.60000000000001,1.26,0.45,0.4
9.529021263122559,8.200000000000001,-5.7,-63.2,1.23,0.43,0.38
9.539546489715576,8.0,-5.300000000000001,-63.7,1.24,0.39,0.38
9.549649715423584,8.1,-6.1000000000000005,-64.5,1.22,0.43,0.44
9.55897855758667,8.9,-5.7,-64.0,1.27,0.46,0.39
9.569010019302368,8.5,-6.300000000000001,-64.60000000000001,1.33,0.48,0.35000000000000003
9.579162120819092,8.9,-6.0,-63.800000000000004,1.26,0.54,0.37
9.589048147201538,9.4,-6.300000000000001,-63.800000000000004,1.26,0.56,0.39
9.598971128463745,9.3,-6.2,-63.400000000000006,1.31,0.54,0.35000000000000003
9.609580516815186,8.9,-5.800000000000001,-63.800000000000004,1.27,0.5,0.37
9.618932723999023,8.9,-5.9,-64.10000000000001,1.22,0.48,0.41000000000000003
9.62925410270691,9.200000000000001,-5.9,-64.3,1.3,0.48,0.39
9.63909387588501,9.1,-5.9,-64.3,1.3,0.55,0.38
9.649393320083618,9.1,-5.1000000000000005,-64.4,1.21,0.5,0.36
9.659884691238403,9.1,-5.4,-64.60000000000001,1.18,0.55,0.41000000000000003
9.67005443572998,9.5,-5.0,-63.7,1.21,0.54,0.38
9.679866313934326,9.600000000000001,-5.1000000000000005,-63.7,1.16,0.52,0.38
9.68898057937622,9.4,-5.2,-64.60000000000001,1.1500000000000001,0.55,0.4
9.699086427688599,9.1,-4.9,-65.60000000000001,1.19,0.56,0.4
9.70914363861084,9.3,-4.5,-64.3,1.1400000000000001,0.54,0.38
9.718981742858887,8.9,-4.3,-63.400000000000006,1.1,0.52,0.39
9.729047298431396,8.9,-5.300000000000001,-64.10000000000001,1.17,0.5,0.39
9.739889144897461,9.1,-5.1000000000000005,-63.300000000000004,1.21,0.5,0.42
9.74918818473816,8.700000000000001,-4.9,-63.6,1.1500000000000001,0.46,0.4
9.759193897247314,8.9,-5.300000000000001,-64.2,1.19,0.45,0.38
9.769665718078613,9.0,-6.0,-64.5,1.28,0.55,0.4
9.77958345413208,9.200000000000001,-5.2,-63.300000000000004,1.24,0.53,0.38
9.78913927078247,9.0,-5.5,-64.3,1.22,0.49,0.36
9.799058198928833,8.9,-5.800000000000001,-65.0,1.27,0.51,0.38
9.809017896652222,8.9,-5.800000000000001,-64.2,1.29,0.55,0.41000000000000003
9.819145441055298,8.9,-5.5,-63.0,1.24,0.45,0.37
9.82995343208313,9.0,-5.6000000000000005,-63.400000000000006,1.23,0.46,0.39
9.83900785446167,9.0,-5.9,-63.5,1.27,0.52,0.39
9.848981380462646,9.1,-5.5,-64.3,1.32,0.48,0.35000000000000003
9.859069108963013,8.700000000000001,-5.6000000000000005,-64.2,1.19,0.52,0.4
9.87003231048584,9.0,-4.800000000000001,-64.0,1.1500000000000001,0.5,0.41000000000000003
9.87942624092102,8.9,-5.2,-62.800000000000004,1.19,0.47000000000000003,0.39
9.889017820358276,9.200000000000001,-5.1000000000000005,-63.1,1.21,0.48,0.39
9.899693965911865,8.9,-5.5,-64.3,1.21,0.49,0.39
9.909202337265015,8.700000000000001,-5.300000000000001,-63.6,1.21,0.51,0.39
9.919277667999268,9.0,-4.800000000000001,-63.2,1.2,0.47000000000000003,0.37
9.929141521453857,8.8,-5.4,-63.7,1.19,0.51,0.4
9.939960479736328,9.200000000000001,-5.4,-63.2,1.21,0.52,0.4
9.948975324630737,9.8,-5.9,-63.0,1.27,0.55,0.39
9.959019422531128,9.5,-5.2,-63.5,1.28,0.55,0.33
9.969743490219116,9.0,-5.5,-64.5,1.2,0.55,0.37
9.979138851165771,9.5,-5.0,-63.300000000000004,1.18,0.52,0.41000000000000003
9.988987445831299,9.8,-5.300000000000001,-63.7,1.22,0.53,0.41000000000000003
9.999035835266113,9.3,-4.9,-63.900000000000006,1.19,0.5700000000000001,0.38
10.009314775466919,9.4,-4.5,-63.5,1.1400000000000001,0.54,0.36
10.019010066986084,9.8,-5.1000000000000005,-63.400000000000006,1.19,0.56,0.39
10.029324769973755,9.8,-5.2,-63.7,1.24,0.6,0.38
10.04017162322998,9.600000000000001,-4.800000000000001,-63.7,1.19,0.56,0.38
10.049337148666382,9.4,-4.6000000000000005,-63.1,1.11,0.53,0.39
10.059161901473999,10.100000000000001,-4.9,-63.6,1.17,0.56,0.4
10.069259881973267,9.600000000000001,-5.2,-63.800000000000004,1.21,0.62,0.39
10.079403638839722,9.600000000000001,-4.2,-62.900000000000006,1.12,0.5700000000000001,0.37
10.088963270187378,9.600000000000001,-4.3,-63.5,1.08,0.53,0.38
10.099009990692139,9.3,-4.7,-63.7,1.1300000000000001,0.5700000000000001,0.42
10.109641551971436,9.4,-4.6000000000000005,-63.0,1.1400000000000001,0.55,0.41000000000000003
10.119006395339966,9.5,-4.6000000000000005,-62.800000000000004,1.1400000000000001,0.52,0.38
10.129231452941895,9.5,-4.6000000000000005,-63.400000000000006,1.16,0.51,0.37
10.139067888259888,9.5,-5.0,-64.0,1.17,0.59,0.41000000000000003
10.149967908859253,9.700000000000001,-4.7,-62.800000000000004,1.1500000000000001,0.55,0.38
10.159698247909546,9.4,-4.3,-62.900000000000006,1.1300000000000001,0.54,0.38
10.169227838516235,9.3,-4.3,-64.0,1.12,0.53,0.39
10.179962396621704,9.3,-4.800000000000001,-64.4,1.17,0.54,0.4
10.189957618713379,9.3,-5.0,-63.400000000000006,1.2,0.55,0.39
10.199879169464111,9.4,-4.800000000000001,-62.6,1.2,0.5,0.37
10.209901809692383,9.3,-5.1000000000000005,-63.2,1.16,0.51,0.38
10.2197904586792,9.4,-4.800000000000001,-63.1,1.16,0.53,0.4
10.230100870132446,9.5,-5.4,-63.300000000000004,1.22,0.56,0.4
10.23970341682434,9.5,-4.800000000000001,-62.7,1.2,0.54,0.36
10.249840497970581,9.200000000000001,-5.0,-63.400000000000006,1.1400000000000001,0.53,0.38
10.259612798690796,9.700000000000001,-4.9,-62.7,1.18,0.55,0.4
10.269626140594482,9.700000000000001,-5.1000000000000005,-63.2,1.19,0.55,0.4
10.279745817184448,9.3,-4.800000000000001,-63.1,1.18,0.53,0.38
10.289555072784424,9.3,-5.0,-63.400000000000006,1.19,0.55,0.38
10.299067974090576,9.8,-5.1000000000000005,-63.2,1.21,0.5700000000000001,0.38
10.308982610702515,9.9,-5.300000000000001,-63.5,1.24,0.6,0.38
10.319231271743774,9.700000000000001,-5.1000000000000005,-63.1,1.21,0.61,0.37
10.329026222229004,9.5,-4.6000000000000005,-62.6,1.1500000000000001,0.55,0.37
10.339604377746582,9.600000000000001,-4.6000000000000005,-62.800000000000004,1.1500000000000001,0.52,0.39
10.35084843635559,9.8,-5.0,-63.400000000000006,1.17,0.58,0.42
10.359493494033813,9.9,-4.4,-62.300000000000004,1.18,0.55,0.37
10.369173526763916,9.3,-4.3,-63.7,1.1400000000000001,0.54,0.36
10.378981590270996,9.5,-3.9000000000000004,-64.0,1.08,0.56,0.4
10.389569759368896,9.8,-3.9000000000000004,-63.7,1.07,0.61,0.43
10.399251461029053,9.600000000000001,-3.9000000000000004,-62.5,1.1,0.56,0.38
10.409179449081421,9.8,-4.800000000000001,-63.0,1.16,0.5700000000000001,0.36
10.419832229614258,9.5,-4.6000000000000005,-62.900000000000006,1.16,0.55,0.38
10.429476261138916,9.5,-4.0,-62.400000000000006,1.09,0.53,0.41000000000000003
10.439046382904053,9.9,-3.9000000000000004,-63.0,1.06,0.54,0.43
10.449764966964722,9.700000000000001,-3.9000000000000004,-63.400000000000006,1.06,0.5700000000000001,0.41000000000000003
10.45936131477356,9.4,-3.9000000000000004,-62.900000000000006,1.06,0.59,0.39
10.469101667404175,10.100000000000001,-3.8000000000000003,-62.5,1.1,0.5700000000000001,0.37
10.478974342346191,9.9,-4.4,-63.800000000000004,1.1300000000000001,0.61,0.39
10.489279747009277,9.600000000000001,-4.5,-63.300000000000004,1.1300000000000001,0.61,0.39
10.49921464920044,9.9,-4.7,-62.2,1.16,0.5700000000000001,0.38
10.508987188339233,10.0,-4.4,-62.800000000000004,1.2,0.54,0.38
10.51973009109497,9.1,-4.6000000000000005,-63.6,1.1300000000000001,0.54,0.39
10.529033660888672,9.600000000000001,-3.7,-62.400000000000006,1.07,0.52,0.42
10.53927993774414,10.0,-4.4,-63.300000000000004,1.1300000000000001,0.5700000000000001,0.42
10.549593448638916,9.9,-4.9,-63.6,1.19,0.64,0.38
10.559269666671753,10.0,-4.4,-62.7,1.18,0.59,0.34
10.569099187850952,9.700000000000001,-4.0,-62.800000000000004,1.12,0.54,0.37
10.57935118675232,9.700000000000001,-3.8000000000000003,-63.300000000000004,1.05,0.5700000000000001,0.44
10.589630603790283,9.700000000000001,-4.1000000000000005,-62.7,1.09,0.56,0.42
10.599488735198975,9.700000000000001,-4.7,-62.300000000000004,1.18,0.54,0.36
10.609054565429688,9.9,-4.7,-62.5,1.21,0.5700000000000001,0.36
10.619030952453613,9.700000000000001,-4.4,-62.900000000000006,1.1300000000000001,0.56,0.38
10.629369497299194,9.700000000000001,-3.9000000000000004,-62.7,1.05,0.56,0.42
10.638917684555054,10.200000000000001,-4.1000000000000005,-62.5,1.09,0.61,0.42
10.649277448654175,10.3,-4.800000000000001,-62.800000000000004,1.18,0.63,0.36
10.659355163574219,10.3,-5.0,-62.5,1.22,0.63,0.34
10.66939926147461,10.200000000000001,-4.5,-62.5,1.19,0.59,0.36
10.679909706115723,9.700000000000001,-4.5,-63.1,1.1300000000000001,0.59,0.4
10.689857959747314,9.700000000000001,-3.9000000000000004,-62.400000000000006,1.08,0.54,0.41000000000000003
10.699979782104492,10.0,-4.0,-62.800000000000004,1.1,0.53,0.41000000000000003
10.709847450256348,9.8,-4.2,-63.5,1.1400000000000001,0.6,0.39
10.718936204910278,9.4,-3.8000000000000003,-63.300000000000004,1.11,0.55,0.36
10.729999303817749,9.600000000000001,-3.5,-62.900000000000006,1.06,0.53,0.39
10.738832950592041,9.9,-3.7,-62.7,1.03,0.58,0.44
10.7493155002594,10.0,-3.7,-63.0,1.07,0.56,0.41000000000000003
10.760796070098877,9.9,-4.4,-62.900000000000006,1.1300000000000001,0.6,0.38
10.769838094711304,10.100000000000001,-4.3,-61.900000000000006,1.18,0.6,0.36
10.779825925827026,10.100000000000001,-4.3,-62.300000000000004,1.1400000000000001,0.58,0.38
10.789520502090454,10.0,-3.9000000000000004,-62.900000000000006,1.08,0.5700000000000001,0.41000000000000003
10.799119710922241,9.8,-3.5,-62.7,1.04,0.55,0.41000000000000003
10.808994054794312,9.600000000000001,-3.1,-62.5,1.01,0.54,0.41000000000000003
10.8190016746521,9.4,-3.4000000000000004,-62.800000000000004,0.99,0.55,0.42
10.82927131652832,10.0,-3.9000000000000004,-62.5,1.09,0.59,0.41000000000000003
10.838871717453003,10.100000000000001,-4.1000000000000005,-62.0,1.1400000000000001,0.59,0.37
10.84939455986023,9.700000000000001,-3.9000000000000004,-62.2,1.1,0.5700000000000001,0.38
10.860268592834473,9.600000000000001,-3.4000000000000004,-62.2,1.03,0.54,0.41000000000000003
10.869494676589966,9.8,-3.5,-62.2,1.03,0.55,0.43
10.879085540771484,10.3,-3.5,-62.400000000000006,1.08,0.5700000000000001,0.42
10.889161825180054,10.0,-4.2,-63.5,1.1,0.59,0.38
10.89930534362793,10.100000000000001,-3.9000000000000004,-62.6,1.12,0.61,0.38
10.90892243385315,10.4,-4.4,-62.1,1.17,0.62,0.37
10.919137239456177,10.3,-4.5,-62.1,1.17,0.62,0.37
10.929851293563843,10.200000000000001,-4.2,-62.2,1.1300000000000001,0.6,0.38
10.939136028289795,10.200000000000001,-4.0,-62.1,1.1,0.59,0.4
10.949155807495117,10.3,-3.9000000000000004,-62.5,1.12,0.58,0.39
10.959738492965698,10.200000000000001,-4.4,-63.0,1.12,0.63,0.39
10.969371795654297,10.100000000000001,-3.8000000000000003,-62.0,1.11,0.58,0.37
10.979002952575684,10.0,-3.7,-62.2,1.09,0.5700000000000001,0.39
10.989423274993896,9.8,-3.6,-62.900000000000006,1.04,0.5700000000000001,0.41000000000000003
10.999552249908447,9.8,-3.6,-62.2,1.04,0.5700000000000001,0.41000000000000003
11.008950233459473,10.200000000000001,-3.6,-61.900000000000006,1.07,0.59,0.4
11.01908564567566,10.0,-3.6,-62.1,1.07,0.59,0.38
11.02939486503601,9.9,-3.7,-62.400000000000006,1.05,0.5700000000000001,0.39
11.039062023162842,10.0,-3.6,-62.0,1.09,0.58,0.4
11.048976421356201,9.9,-4.0,-62.6,1.1,0.5700000000000001,0.4
11.06046199798584,9.9,-4.0,-62.300000000000004,1.12,0.58,0.4
11.069375038146973,9.8,-3.9000000000000004,-62.300000000000004,1.12,0.5700000000000001,0.38
11.079039096832275,10.200000000000001,-3.7,-62.1,1.11,0.56,0.39
11.088902950286865,9.8,-3.8000000000000003,-62.800000000000004,1.05,0.58,0.4
11.099292278289795,10.0,-3.0,-62.1,1.03,0.58,0.41000000000000003
11.109705448150635,9.9,-3.4000000000000004,-62.300000000000004,1.03,0.5700000000000001,0.41000000000000003
11.118906259536743,9.9,-3.7,-62.5,1.05,0.58,0.4
11.129857778549194,10.200000000000001,-3.7,-62.5,1.12,0.59,0.39
11.139171123504639,10.100000000000001,-3.9000000000000004,-62.300000000000004,1.1,0.59,0.38
11.149084568023682,9.9,-3.2,-61.900000000000006,1.03,0.55,0.4
11.159641981124878,9.5,-3.4000000000000004,-62.6,1.01,0.56,0.42
11.169451713562012,10.100000000000001,-3.3000000000000003,-62.0,1.04,0.5700000000000001,0.42
11.178922414779663,10.200000000000001,-3.7,-62.2,1.08,0.5700000000000001,0.39
11.188936233520508,10.0,-3.7,-62.2,1.08,0.58,0.38
11.199146747589111,9.9,-3.8000000000000003,-62.300000000000004,1.09,0.59,0.39
11.208999633789062,10.100000000000001,-3.7,-62.0,1.09,0.5700000000000001,0.39
11.2190260887146,10.100000000000001,-4.0,-62.5,1.1,0.61,0.4
11.229482650756836,10.0,-3.9000000000000004,-62.1,1.1,0.59,0.38
11.239815473556519,10.100000000000001,-3.6,-61.800000000000004,1.09,0.58,0.39
11.249255418777466,10.100000000000001,-3.3000000000000003,-62.1,1.07,0.58,0.4
11.259273290634155,10.0,-3.3000000000000003,-62.800000000000004,1.01,0.56,0.41000000000000003
11.26967978477478,9.8,-2.8000000000000003,-62.0,0.99,0.55,0.42
11.279136419296265,9.8,-2.9000000000000004,-61.800000000000004,1.02,0.55,0.42
11.288972616195679,9.8,-3.2,-62.300000000000004,1.03,0.53,0.41000000000000003
11.299088478088379,9.600000000000001,-3.2,-62.5,1.04,0.55,0.4
11.30929183959961,9.8,-3.1,-61.800000000000004,1.03,0.54,0.41000000000000003
11.318992614746094,10.0,-3.5,-62.300000000000004,1.03,0.5700000000000001,0.41000000000000003
11.32933783531189,10.0,-3.4000000000000004,-62.1,1.06,0.5700000000000001,0.4
11.339367389678955,10.100000000000001,-3.7,-61.800000000000004,1.08,0.58,0.4
11.349109411239624,10.4,-3.9000000000000004,-62.2,1.1,0.61,0.39
11.359025716781616,10.5,-4.3,-62.2,1.1400000000000001,0.63,0.38
11.36952257156372,10.5,-4.5,-61.900000000000006,1.18,0.64,0.37
11.379539966583252,10.600000000000001,-4.7,-62.0,1.19,0.64,0.37
11.389009714126587,10.700000000000001,-4.3,-61.800000000000004,1.16,0.63,0.37
11.39961838722229,10.3,-3.9000000000000004,-61.900000000000006,1.11,0.62,0.38
11.409949541091919,10.5,-3.5,-61.7,1.06,0.58,0.4
11.419019937515259,10.5,-3.6,-62.2,1.05,0.61,0.42
11.4291410446167,10.200000000000001,-3.3000000000000003,-62.2,1.04,0.59,0.39
11.439188003540039,10.0,-2.9000000000000004,-61.7,1.03,0.59,0.4
11.449115514755249,9.600000000000001,-2.6,-62.1,0.97,0.54,0.41000000000000003
11.459842681884766,9.8,-2.4000000000000004,-62.2,0.9400000000000001,0.54,0.45
11.47005295753479,9.600000000000001,-2.5,-62.1,0.9500000000000001,0.53,0.42
11.479934692382812,9.8,-2.7,-61.800000000000004,0.99,0.53,0.4
11.489063024520874,10.0,-3.1,-62.1,1.01,0.56,0.41000000000000003
11.499435186386108,9.700000000000001,-2.9000000000000004,-62.400000000000006,1.01,0.55,0.41000000000000003
11.509168863296509,9.600000000000001,-3.0,-61.900000000000006,1.0,0.54,0.41000000000000003
11.51904582977295,9.8,-3.0,-61.6,1.02,0.53,0.42
11.528981685638428,9.8,-3.6,-61.900000000000006,1.05,0.54,0.41000000000000003
11.539357423782349,9.600000000000001,-3.6,-61.800000000000004,1.07,0.52,0.39
11.550453424453735,9.700000000000001,-3.6,-61.7,1.08,0.52,0.4
11.558935642242432,9.700000000000001,-3.8000000000000003,-61.800000000000004,1.1,0.54,0.41000000000000003
11.569220066070557,9.700000000000001,-3.9000000000000004,-61.900000000000006,1.11,0.54,0.39
11.579887628555298,9.8,-3.9000000000000004,-61.900000000000006,1.1300000000000001,0.56,0.39
11.59005880355835,9.700000000000001,-3.9000000000000004,-61.7,1.12,0.55,0.39
11.59994125366211,9.9,-3.8000000000000003,-61.800000000000004,1.12,0.53,0.4
11.609853267669678,9.9,-3.9000000000000004,-62.1,1.1,0.55,0.4
11.619877815246582,9.8,-3.5,-61.7,1.09,0.54,0.38
11.629002332687378,9.8,-3.7,-62.0,1.09,0.55,0.4
11.639211893081665,9.8,-3.5,-61.900000000000006,1.08,0.55,0.4
11.649929285049438,9.600000000000001,-3.5,-62.0,1.06,0.54,0.4
11.65923261642456,9.700000000000001,-3.2,-61.7,1.05,0.53,0.42
11.669590711593628,9.8,-3.2,-61.7,1.04,0.53,0.42
11.679027557373047,9.3,-3.2,-62.0,1.02,0.53,0.4
11.689324378967285,9.5,-3.0,-61.7,1.04,0.53,0.41000000000000003
11.69947361946106,9.5,-3.1,-61.800000000000004,1.01,0.51,0.42
11.708954811096191,9.5,-2.8000000000000003,-61.7,0.99,0.5,0.42
11.718910217285156,9.600000000000001,-3.0,-61.7,1.01,0.52,0.41000000000000003
11.729540586471558,9.8,-3.2,-61.7,1.04,0.54,0.4
11.739070415496826,9.9,-3.5,-61.5,1.06,0.56,0.4
11.749147176742554,10.100000000000001,-3.5,-61.5,1.08,0.5700000000000001,0.39
11.760312557220459,10.100000000000001,-3.9000000000000004,-61.800000000000004,1.11,0.59,0.38
11.770025491714478,10.100000000000001,-4.0,-61.5,1.1400000000000001,0.59,0.37
11.77990198135376,9.9,-3.9000000000000004,-61.7,1.1300000000000001,0.56,0.38
11.788975238800049,9.8,-3.7,-61.6,1.1,0.55,0.4
11.800189018249512,9.8,-3.4000000000000004,-61.800000000000004,1.08,0.55,0.4
11.808932781219482,9.700000000000001,-3.7,-61.800000000000004,1.07,0.55,0.39
11.819159030914307,10.3,-3.5,-61.300000000000004,1.1,0.5700000000000001,0.39
11.829566717147827,10.100000000000001,-3.8000000000000003,-62.1,1.09,0.61,0.39
11.839480638504028,10.100000000000001,-3.5,-61.6,1.09,0.58,0.37
11.849036455154419,9.8,-3.5,-61.900000000000006,1.05,0.56,0.4
11.860240936279297,9.8,-3.1,-61.5,1.04,0.54,0.41000000000000003
11.869104862213135,9.3,-3.0,-61.5,1.0,0.49,0.41000000000000003
11.879017114639282,9.5,-2.8000000000000003,-61.2,1.02,0.48,0.42
11.889124155044556,9.1,-3.2,-62.0,1.02,0.48,0.42
11.89899206161499,8.9,-2.5,-61.300000000000004,1.0,0.44,0.43
11.90995454788208,8.9,-2.7,-61.7,0.97,0.44,0.43
11.918851852416992,9.200000000000001,-2.7,-61.400000000000006,0.98,0.46,0.43
11.929645299911499,9.200000000000001,-2.7,-61.6,1.0,0.47000000000000003,0.42
11.940024614334106,9.200000000000001,-2.8000000000000003,-61.7,1.01,0.49,0.42
11.948900699615479,9.3,-2.9000000000000004,-61.5,1.02,0.48,0.38
11.96011996269226,9.5,-3.2,-61.5,1.05,0.51,0.4
11.969914197921753,9.3,-3.1,-61.2,1.03,0.48,0.42
11.978960275650024,9.4,-2.9000000000000004,-61.2,1.02,0.45,0.42
11.988961935043335,9.4,-3.7,-61.7,1.07,0.48,0.41000000000000003
11.999815940856934,9.5,-3.8000000000000003,-60.900000000000006,1.1400000000000001,0.5,0.38
12.009754419326782,9.3,-3.9000000000000004,-61.300000000000004,1.1300000000000001,0.51,0.39
12.018927812576294,9.600000000000001,-3.8000000000000003,-61.1,1.11,0.49,0.39
12.029248476028442,9.700000000000001,-3.9000000000000004,-61.400000000000006,1.12,0.51,0.4
12.039508581161499,9.200000000000001,-3.5,-61.400000000000006,1.09,0.5,0.39
12.049886703491211,9.5,-3.6,-61.2,1.08,0.5,0.4
12.05919075012207,9.8,-4.0,-61.300000000000004,1.12,0.52,0.4
12.069030523300171,9.5,-4.0,-61.2,1.1400000000000001,0.52,0.38
12.079059362411499,9.4,-3.9000000000000004,-61.0,1.1400000000000001,0.51,0.37
12.089097261428833,9.5,-3.8000000000000003,-61.1,1.1300000000000001,0.51,0.38
12.099049091339111,9.5,-3.6,-61.1,1.09,0.49,0.4
12.109529495239258,9.4,-3.6,-61.1,1.09,0.48,0.41000000000000003
12.119020938873291,9.3,-3.3000000000000003,-61.1,1.07,0.47000000000000003,0.4
12.129607439041138,9.200000000000001,-3.0,-61.2,1.04,0.45,0.39
12.140310287475586,9.0,-2.8000000000000003,-61.0,1.0,0.45,0.41000000000000003
12.149185419082642,9.1,-2.6,-61.1,0.99,0.42,0.42
12.158922672271729,9.0,-2.6,-61.5,0.98,0.45,0.44
12.169245481491089,9.0,-2.6,-61.1,0.98,0.44,0.43
12.179750204086304,9.0,-2.6,-60.900000000000006,0.98,0.43,0.42
12.189954996109009,9.1,-2.6,-60.800000000000004,0.99,0.42,0.42
12.198862075805664,8.9,-2.9000000000000004,-61.400000000000006,1.01,0.43,0.43
12.209203720092773,8.9,-2.8000000000000003,-61.400000000000006,1.02,0.44,0.43
12.219145059585571,8.8,-2.9000000000000004,-61.0,1.01,0.4,0.4
12.229195356369019,9.0,-3.4000000000000004,-60.900000000000006,1.06,0.44,0.41000000000000003
12.240127325057983,9.200000000000001,-3.5,-60.900000000000006,1.09,0.45,0.41000000000000003
12.249087572097778,9.0,-3.9000000000000004,-60.7,1.1,0.44,0.4
12.259020328521729,9.3,-3.4000000000000004,-60.5,1.12,0.43,0.4
12.269193172454834,8.8,-4.1000000000000005,-61.2,1.12,0.44,0.4
12.279780149459839,8.9,-3.6,-60.400000000000006,1.1400000000000001,0.41000000000000003,0.39
12.28940725326538,9.0,-4.4,-61.2,1.12,0.45,0.4
12.29889965057373,9.1,-3.6,-60.2,1.16,0.39,0.39
12.309984922409058,8.700000000000001,-4.2,-61.300000000000004,1.1300000000000001,0.45,0.41000000000000003
12.319087028503418,8.8,-3.4000000000000004,-60.1,1.12,0.39,0.38
12.328965425491333,8.8,-3.7,-61.2,1.1,0.43,0.4
12.339316368103027,8.8,-3.6,-60.800000000000004,1.11,0.41000000000000003,0.4
12.349162101745605,8.9,-3.6,-60.6,1.1,0.43,0.41000000000000003
12.3589928150177,9.0,-3.3000000000000003,-60.6,1.07,0.4,0.41000000000000003
12.369037628173828,9.0,-3.5,-60.6,1.08,0.42,0.41000000000000003
12.379492044448853,9.0,-3.6,-60.5,1.11,0.42,0.41000000000000003
12.389015197753906,8.9,-3.4000000000000004,-60.7,1.07,0.41000000000000003,0.41000000000000003
12.39896845817566,9.1,-3.0,-60.0,1.08,0.42,0.41000000000000003
12.409050464630127,8.8,-3.4000000000000004,-60.7,1.06,0.4,0.4
12.41932201385498,8.6,-3.2,-60.7,1.04,0.4,0.42
12.429187059402466,8.8,-2.7,-60.2,1.03,0.39,0.43
12.439021587371826,8.700000000000001,-3.2,-60.7,1.03,0.4,0.42
12.450332641601562,8.9,-3.0,-60.300000000000004,1.06,0.42,0.41000000000000003
12.458885908126831,9.0,-3.2,-60.400000000000006,1.06,0.43,0.39
12.469095468521118,9.1,-3.2,-60.2,1.07,0.41000000000000003,0.39
12.480055809020996,8.6,-3.3000000000000003,-60.7,1.06,0.42,0.41000000000000003
12.490026473999023,8.8,-2.8000000000000003,-59.7,1.05,0.37,0.41000000000000003
12.499856233596802,8.8,-3.4000000000000004,-60.6,1.04,0.37,0.42
12.509908199310303,8.5,-3.2,-60.400000000000006,1.06,0.35000000000000003,0.42
12.519452571868896,8.6,-3.2,-60.7,1.07,0.37,0.42
12.529158115386963,8.6,-3.2,-60.300000000000004,1.07,0.34,0.41000000000000003
12.539782285690308,8.4,-3.4000000000000004,-59.800000000000004,1.06,0.35000000000000003,0.42
12.549975395202637,7.9,-3.5,-60.900000000000006,1.06,0.35000000000000003,0.42
12.559590816497803,8.4,-3.3000000000000003,-60.400000000000006,1.09,0.34,0.43
12.569191694259644,8.3,-3.4000000000000004,-60.5,1.08,0.34,0.42
12.580021619796753,8.1,-3.3000000000000003,-60.800000000000004,1.07,0.33,0.41000000000000003
12.589942216873169,8.3,-3.1,-60.0,1.05,0.36,0.42
12.599929332733154,8.6,-3.6,-60.1,1.1,0.34,0.42
12.60991883277893,8.200000000000001,-3.6,-60.2,1.1,0.34,0.41000000000000003
12.619979619979858,8.1,-3.1,-59.900000000000006,1.05,0.32,0.41000000000000003
12.629505634307861,8.5,-3.3000000000000003,-60.0,1.08,0.32,0.42
12.639357089996338,8.4,-3.6,-60.0,1.11,0.32,0.42
12.649686336517334,8.1,-3.8000000000000003,-60.1,1.11,0.33,0.41000000000000003
12.659217357635498,8.5,-3.5,-59.7,1.1300000000000001,0.32,0.4
12.669058084487915,8.5,-4.2,-60.1,1.16,0.34,0.4
12.679466724395752,8.3,-3.8000000000000003,-59.900000000000006,1.1500000000000001,0.35000000000000003,0.4
12.689909934997559,8.4,-3.7,-59.6,1.12,0.33,0.39
12.698965549468994,8.6,-3.8000000000000003,-59.900000000000006,1.11,0.35000000000000003,0.4
12.708898544311523,8.3,-3.6,-60.2,1.09,0.36,0.42
12.719335794448853,8.4,-3.4000000000000004,-59.800000000000004,1.09,0.32,0.4
12.729035139083862,8.4,-3.8000000000000003,-59.900000000000006,1.1,0.34,0.41000000000000003
12.738974332809448,8.200000000000001,-3.5,-60.300000000000004,1.09,0.34,0.41000000000000003
12.749782085418701,8.4,-3.3000000000000003,-59.900000000000006,1.08,0.34,0.42
12.759304285049438,8.200000000000001,-2.7,-59.300000000000004,1.03,0.33,0.42
12.769155740737915,8.4,-2.8000000000000003,-59.800000000000004,1.01,0.3,0.43
12.779239654541016,7.7,-2.7,-59.7,1.0,0.27,0.43
12.789985179901123,7.4,-2.6,-59.900000000000006,0.99,0.27,0.44
12.79889726638794,7.7,-2.5,-59.7,0.99,0.25,0.45
12.808996677398682,7.5,-2.5,-60.0,0.98,0.25,0.45
12.81923532485962,7.6000000000000005,-2.5,-59.6,0.98,0.28,0.43
12.82897663116455,8.4,-2.6,-59.1,1.03,0.29,0.43
12.83913516998291,8.3,-2.9000000000000004,-59.400000000000006,1.02,0.3,0.42
12.849618673324585,7.800000000000001,-2.6,-59.300000000000004,0.99,0.25,0.42
12.859859228134155,7.6000000000000005,-3.0,-59.7,1.02,0.26,0.44
12.869103193283081,7.800000000000001,-3.3000000000000003,-59.5,1.06,0.26,0.44
12.879049062728882,8.1,-3.3000000000000003,-59.400000000000006,1.09,0.28,0.43
12.889389753341675,8.200000000000001,-3.3000000000000003,-59.2,1.08,0.29,0.42
12.898964881896973,8.0,-3.5,-59.2,1.1,0.25,0.37
12.909037828445435,8.0,-3.8000000000000003,-59.0,1.1500000000000001,0.26,0.41000000000000003
12.92009162902832,7.800000000000001,-4.0,-59.300000000000004,1.16,0.22,0.42
12.929135799407959,7.7,-4.0,-59.0,1.1500000000000001,0.24,0.43
12.939061641693115,7.7,-4.3,-59.400000000000006,1.18,0.23,0.42
12.949673652648926,7.4,-4.1000000000000005,-59.400000000000006,1.17,0.26,0.39
12.959656715393066,7.6000000000000005,-3.9000000000000004,-59.0,1.16,0.28,0.39
12.969180583953857,7.9,-4.2,-59.400000000000006,1.17,0.26,0.41000000000000003
12.979296445846558,7.6000000000000005,-4.1000000000000005,-59.900000000000006,1.1500000000000001,0.26,0.41000000000000003
12.989380598068237,7.6000000000000005,-3.5,-59.1,1.1300000000000001,0.25,0.41000000000000003
12.999042272567749,7.5,-3.6,-59.2,1.1,0.23,0.41000000000000003
13.008975744247437,7.4,-2.9000000000000004,-59.2,1.04,0.21,0.45
13.019903659820557,7.1000000000000005,-2.7,-59.1,1.0,0.2,0.42
13.029238939285278,7.300000000000001,-3.0,-59.1,1.02,0.22,0.42
13.038959980010986,7.6000000000000005,-3.0,-59.400000000000006,1.05,0.23,0.43
13.049129009246826,7.1000000000000005,-2.6,-59.6,1.01,0.23,0.42
13.05909013748169,6.9,-2.1,-59.1,0.9500000000000001,0.19,0.42
13.069375991821289,7.0,-2.2,-59.300000000000004,0.9400000000000001,0.17,0.45
13.079243898391724,6.7,-2.4000000000000004,-59.300000000000004,0.99,0.12,0.44
13.089832067489624,6.7,-2.6,-59.6,1.0,0.15,0.51
13.099262475967407,6.6000000000000005,-2.2,-59.300000000000004,0.91,0.13,0.46
13.1090407371521,6.6000000000000005,-2.4000000000000004,-59.400000000000006,0.9500000000000001,0.13,0.43
13.119165420532227,6.9,-2.7,-59.2,1.04,0.19,0.43
13.130702018737793,6.800000000000001,-3.0,-59.400000000000006,1.04,0.21,0.41000000000000003
13.138974666595459,6.9,-3.1,-59.400000000000006,1.04,0.19,0.43
13.148983478546143,7.2,-3.5,-59.1,1.06,0.19,0.48
13.15977668762207,6.9,-3.2,-59.6,1.06,0.19,0.45
13.169935941696167,6.9,-3.1,-59.0,1.04,0.18,0.36
13.178978443145752,7.6000000000000005,-4.1000000000000005,-59.1,1.17,0.24,0.4
13.189764738082886,7.6000000000000005,-4.1000000000000005,-58.300000000000004,1.2,0.21,0.45
13.199295997619629,6.800000000000001,-4.3,-58.6,1.1300000000000001,0.17,0.4
13.208983182907104,7.1000000000000005,-4.2,-58.800000000000004,1.17,0.17,0.39
13.219073057174683,7.2,-4.3,-58.300000000000004,1.21,0.19,0.4
13.229735374450684,7.300000000000001,-4.4,-58.5,1.2,0.17,0.44
13.239138126373291,7.0,-4.0,-58.900000000000006,1.1400000000000001,0.17,0.4
13.249080657958984,7.4,-4.2,-58.900000000000006,1.16,0.18,0.4
13.25950288772583,7.6000000000000005,-4.0,-58.0,1.2,0.18,0.43
13.269640445709229,6.9,-3.6,-58.6,1.1,0.15,0.42
13.279904842376709,6.4,-3.0,-59.2,1.01,0.12,0.44
13.289884090423584,6.6000000000000005,-2.6,-58.7,1.01,0.13,0.47000000000000003
13.299993753433228,6.6000000000000005,-2.6,-59.1,0.98,0.12,0.47000000000000003
13.309852123260498,6.6000000000000005,-2.1,-58.7,0.9400000000000001,0.1,0.44
13.318924188613892,6.300000000000001,-2.1,-59.1,0.92,0.11,0.45
13.329437017440796,6.1000000000000005,-1.9000000000000001,-59.6,0.91,0.09,0.46
13.339067220687866,6.0,-1.6,-59.300000000000004,0.92,0.08,0.5
13.349052906036377,5.7,-1.4000000000000001,-59.1,0.84,0.06,0.44
13.359130144119263,6.0,-1.7000000000000002,-58.7,0.87,0.06,0.47000000000000003
13.369207382202148,6.5,-2.4000000000000004,-58.400000000000006,0.96,0.08,0.5
13.379004001617432,6.4,-2.4000000000000004,-58.6,0.9500000000000001,0.08,0.46
13.389105796813965,6.1000000000000005,-2.2,-58.300000000000004,0.9500000000000001,0.1,0.42
13.399085998535156,6.2,-2.9000000000000004,-58.5,1.04,0.12,0.43
13.409030437469482,6.9,-3.2,-57.900000000000006,1.07,0.13,0.43
13.41891860961914,6.4,-3.2,-58.2,1.06,0.09,0.41000000000000003
13.429558515548706,6.2,-3.4000000000000004,-57.900000000000006,1.08,0.08,0.42
13.439354658126831,6.2,-3.6,-57.800000000000004,1.1,0.09,0.43
13.449141263961792,6.300000000000001,-4.2,-58.400000000000006,1.1500000000000001,0.06,0.43
13.460647344589233,6.7,-4.7,-58.0,1.24,0.11,0.42
13.470160961151123,6.800000000000001,-5.0,-58.2,1.28,0.15,0.4
13.479891061782837,6.7,-4.4,-58.0,1.22,0.12,0.4
13.489029884338379,6.1000000000000005,-4.3,-58.7,1.1500000000000001,0.1,0.41000000000000003
13.49899172782898,6.4,-3.6,-58.2,1.12,0.07,0.44
13.509400844573975,6.300000000000001,-3.9000000000000004,-58.2,1.12,0.07,0.45
13.519117832183838,6.4,-3.7,-58.2,1.1400000000000001,0.09,0.48
13.52950406074524,5.9,-3.1,-58.2,1.01,0.07,0.39
13.539355516433716,6.2,-3.0,-57.900000000000006,1.03,0.08,0.42
13.54960036277771,6.4,-2.7,-58.2,1.06,0.08,0.46
13.558951139450073,5.6000000000000005,-2.1,-58.800000000000004,0.93,0.05,0.45
13.569098711013794,5.4,-1.3,-58.900000000000006,0.85,0.02,0.47000000000000003
13.579926490783691,5.800000000000001,-1.6,-59.2,0.88,0.04,0.55
13.590105056762695,5.4,-0.9,-58.300000000000004,0.8,-0.0,0.44
13.59891128540039,5.7,-1.6,-59.0,0.88,0.05,0.46
13.60895562171936,6.300000000000001,-1.8,-58.7,0.9500000000000001,0.04,0.54
13.619034767150879,5.300000000000001,-1.5,-59.1,0.86,0.02,0.45
13.629209756851196,5.7,-1.7000000000000002,-58.6,0.91,0.05,0.48
13.63917088508606,5.5,-1.6,-58.6,0.88,-0.0,0.44
13.649567127227783,5.7,-2.6,-58.6,0.97,0.04,0.49
13.660142660140991,6.1000000000000005,-3.3000000000000003,-58.2,1.1,0.05,0.49
13.669302701950073,5.9,-3.4000000000000004,-58.6,1.06,0.04,0.43
13.679110288619995,5.800000000000001,-3.3000000000000003,-57.900000000000006,1.07,0.04,0.41000000000000003
13.68921160697937,5.9,-3.7,-57.800000000000004,1.12,0.05,0.43
13.699012994766235,6.0,-4.4,-57.900000000000006,1.19,0.04,0.45
13.709356307983398,5.9,-4.6000000000000005,-57.800000000000004,1.2,0.01,0.44
13.719189882278442,5.7,-4.3,-57.7,1.17,-0.0,0.43
13.729225873947144,5.6000000000000005,-4.2,-57.6,1.19,-0.0,0.43
13.738976240158081,5.800000000000001,-4.4,-57.1,1.2,-0.0,0.43
13.74937129020691,5.7,-4.2,-56.900000000000006,1.1500000000000001,-0.01,0.43
13.75948429107666,5.5,-3.8000000000000003,-57.1,1.1300000000000001,-0.02,0.44
13.770246505737305,5.5,-3.4000000000000004,-57.5,1.08,-0.01,0.46
13.779189825057983,5.4,-3.2,-57.7,1.04,-0.03,0.46
13.78900408744812,5.300000000000001,-3.4000000000000004,-58.5,1.07,0.01,0.48
13.79921007156372,5.5,-2.5,-58.1,1.02,0.03,0.44
13.80925726890564,5.6000000000000005,-1.6,-57.300000000000004,0.9,-0.01,0.43
13.818950176239014,5.2,-1.3,-58.6,0.85,0.01,0.49
13.829554796218872,5.1000000000000005,-1.1,-58.300000000000004,0.81,-0.0,0.51
13.83890151977539,5.6000000000000005,-1.4000000000000001,-58.5,0.84,0.01,0.49
13.849165678024292,5.6000000000000005,-1.1,-58.1,0.87,0.01,0.48
13.859726905822754,5.4,-1.2000000000000002,-58.2,0.88,0.02,0.5
13.86957859992981,4.9,-0.8,-58.6,0.74,-0.01,0.43
13.879069566726685,5.5,-1.4000000000000001,-58.1,0.84,-0.0,0.52
13.889073848724365,5.4,-1.8,-57.800000000000004,0.93,-0.02,0.53
13.899272680282593,5.1000000000000005,-2.1,-57.5,0.92,-0.01,0.44
13.908931732177734,5.1000000000000005,-2.5,-57.7,0.99,-0.01,0.42
13.9189612865448,5.2,-2.7,-57.1,1.02,-0.02,0.45
13.929047346115112,5.300000000000001,-3.2,-58.0,1.1,-0.05,0.51
13.938961744308472,4.9,-2.7,-57.2,0.99,-0.05,0.43
13.948901414871216,5.1000000000000005,-3.8000000000000003,-57.5,1.07,-0.03,0.43
13.959578514099121,5.5,-4.1000000000000005,-57.0,1.21,-0.04,0.45
13.96923303604126,5.4,-5.0,-57.900000000000006,1.31,-0.01,0.47000000000000003
13.979002475738525,5.0,-3.7,-57.400000000000006,1.1400000000000001,-0.04,0.36
13.989060163497925,4.800000000000001,-4.2,-57.5,1.12,-0.06,0.39
13.999879598617554,5.300000000000001,-3.9000000000000004,-56.900000000000006,1.19,-0.09,0.49
14.009041547775269,4.9,-4.0,-57.400000000000006,1.1500000000000001,-0.09,0.48
14.018903017044067,4.6000000000000005,-3.1,-57.7,1.03,-0.09,0.43
14.029374599456787,4.5,-3.1,-57.900000000000006,1.02,-0.09,0.44
14.039942741394043,5.1000000000000005,-3.4000000000000004,-57.800000000000004,1.1500000000000001,-0.09,0.48
14.048915147781372,4.7,-2.1,-58.300000000000004,0.9400000000000001,-0.07,0.43
14.059195756912231,4.6000000000000005,-1.7000000000000002,-57.900000000000006,0.8300000000000001,-0.09,0.5
14.06967282295227,5.0,-1.3,-57.0,0.86,-0.06,0.55
14.079325675964355,5.1000000000000005,-1.3,-57.5,0.84,-0.03,0.49
14.089028358459473,5.0,-0.8,-58.1,0.79,-0.03,0.45
14.09902024269104,5.0,-0.6000000000000001,-57.800000000000004,0.77,-0.02,0.48
14.10997200012207,5.4,-0.7000000000000001,-57.2,0.79,-0.0,0.52
14.118844747543335,5.6000000000000005,-0.8,-57.300000000000004,0.8,-0.0,0.5
14.129382848739624,5.1000000000000005,-0.8,-57.7,0.79,-0.03,0.48
14.139382600784302,5.1000000000000005,-1.6,-58.0,0.92,-0.04,0.51
14.148949384689331,4.6000000000000005,-1.2000000000000002,-57.400000000000006,0.85,-0.08,0.42
14.159152507781982,4.7,-2.1,-57.6,0.93,-0.07,0.46
14.16919755935669,5.1000000000000005,-2.7,-57.5,1.11,-0.09,0.5700000000000001
14.179392099380493,4.5,-2.5,-57.5,0.99,-0.12,0.44
14.18893575668335,4.0,-2.7,-57.5,0.98,-0.11,0.42
14.199131965637207,4.4,-3.3000000000000003,-57.5,1.11,-0.16,0.48
14.208969354629517,4.2,-4.4,-57.7,1.2,-0.17,0.47000000000000003
14.219124555587769,3.9000000000000004,-3.9000000000000004,-57.6,1.19,-0.18,0.45
14.229759454727173,3.9000000000000004,-4.1000000000000005,-57.2,1.1500000000000001,-0.19,0.45
14.24007773399353,4.0,-4.1000000000000005,-57.300000000000004,1.12,-0.18,0.47000000000000003
14.24920916557312,4.2,-4.1000000000000005,-57.2,1.1400000000000001,-0.16,0.47000000000000003
14.259013891220093,4.3,-3.9000000000000004,-57.400000000000006,1.1500000000000001,-0.15,0.45
14.26932406425476,4.2,-3.4000000000000004,-57.1,1.1,-0.16,0.43
14.279210090637207,4.3,-3.0,-57.400000000000006,1.08,-0.14,0.5
14.288980484008789,4.0,-1.7000000000000002,-57.900000000000006,0.86,-0.14,0.46
14.298868894577026,4.2,-1.8,-57.400000000000006,0.8300000000000001,-0.13,0.51
14.30926513671875,5.1000000000000005,-2.1,-57.1,1.03,-0.08,0.5700000000000001
14.319009780883789,4.800000000000001,-1.5,-57.5,0.9500000000000001,-0.05,0.45
14.329385995864868,4.3,-0.2,-58.2,0.68,-0.04,0.38
14.341281175613403,5.2,-0.0,-57.7,0.6900000000000001,-0.0,0.54
14.349217891693115,5.800000000000001,-1.3,-58.1,0.85,0.03,0.6
14.359037637710571,4.9,-1.2000000000000002,-58.5,0.8300000000000001,-0.05,0.52
14.36909532546997,4.4,-0.0,-57.900000000000006,0.77,-0.04,0.39
14.380204916000366,5.1000000000000005,-1.7000000000000002,-57.5,0.87,-0.0,0.48
14.389118671417236,5.1000000000000005,-1.4000000000000001,-57.1,0.88,-0.1,0.58
14.398931741714478,4.3,-1.8,-57.900000000000006,0.8300000000000001,-0.14,0.55
14.40911602973938,4.0,-1.9000000000000001,-57.0,0.91,-0.15,0.47000000000000003
14.418953895568848,4.2,-3.2,-57.300000000000004,1.11,-0.14,0.48
14.429160833358765,3.9000000000000004,-2.7,-57.7,1.02,-0.17,0.42
14.440383911132812,3.9000000000000004,-3.5,-57.400000000000006,1.06,-0.18,0.52
14.449650764465332,3.9000000000000004,-2.8000000000000003,-56.900000000000006,1.02,-0.22,0.5
14.459033489227295,3.8000000000000003,-4.4,-57.2,1.1300000000000001,-0.21,0.48
14.469159603118896,3.7,-4.1000000000000005,-56.1,1.23,-0.22,0.46
14.479165315628052,3.7,-4.4,-56.5,1.2,-0.23,0.44
14.489095211029053,3.4000000000000004,-3.5,-56.800000000000004,1.1,-0.23,0.44
14.499022722244263,3.2,-2.9000000000000004,-56.6,0.98,-0.25,0.5
14.509626388549805,3.5,-2.7,-56.6,0.99,-0.26,0.53
14.518977880477905,3.6,-2.9000000000000004,-57.5,1.05,-0.25,0.5
14.529128551483154,3.7,-2.9000000000000004,-57.6,1.07,-0.21,0.46
14.539735794067383,3.9000000000000004,-2.9000000000000004,-57.800000000000004,1.1,-0.18,0.49
14.549910306930542,3.7,-1.3,-57.800000000000004,0.79,-0.15,0.45
14.559962511062622,4.4,-0.6000000000000001,-58.0,0.71,-0.08,0.54
14.570052146911621,5.2,-0.7000000000000001,-56.800000000000004,0.77,-0.02,0.59
14.579988479614258,5.2,-0.9,-57.300000000000004,0.81,-0.01,0.49
14.588988065719604,5.0,-1.0,-57.400000000000006,0.8300000000000001,-0.0,0.43
14.598997592926025,5.2,-0.6000000000000001,-57.0,0.77,-0.01,0.48
14.60988187789917,5.0,-0.7000000000000001,-57.1,0.8,-0.06,0.56
14.619053840637207,4.3,-0.0,-57.1,0.67,-0.1,0.47000000000000003
14.629063129425049,4.3,-0.4,-56.800000000000004,0.71,-0.12,0.51
14.639258623123169,4.7,-1.2000000000000002,-55.7,0.85,-0.14,0.56
14.650535345077515,4.2,-2.4000000000000004,-56.7,0.96,-0.15,0.49
14.659078121185303,3.4000000000000004,-3.2,-58.300000000000004,1.09,-0.18,0.46
14.669336795806885,3.7,-3.2,-56.6,1.07,-0.22,0.49
14.679768085479736,3.2,-2.6,-57.5,1.02,-0.25,0.49
14.689135313034058,3.2,-2.6,-56.300000000000004,1.0,-0.27,0.49
14.69905710220337,3.4000000000000004,-2.5,-57.0,1.03,-0.3,0.51
14.709038734436035,2.9000000000000004,-3.6,-57.1,1.12,-0.3,0.54
14.718962669372559,2.9000000000000004,-2.5,-56.300000000000004,1.02,-0.3,0.43
14.728973627090454,2.7,-4.1000000000000005,-57.2,1.1300000000000001,-0.29,0.49
14.739560842514038,3.1,-3.0,-56.900000000000006,1.18,-0.32,0.52
14.750836372375488,3.1,-3.1,-57.6,1.05,-0.26,0.48
14.759032249450684,3.4000000000000004,-2.4000000000000004,-57.2,0.91,-0.2,0.46
14.769171714782715,4.4,-2.3000000000000003,-56.7,0.99,-0.17,0.55
14.77996563911438,4.2,-2.1,-56.800000000000004,0.97,-0.14,0.5
14.789037942886353,4.1000000000000005,-1.8,-56.900000000000006,0.91,-0.13,0.43
14.7989501953125,4.3,-1.0,-56.900000000000006,0.8200000000000001,-0.13,0.5
14.809123992919922,4.5,-1.2000000000000002,-57.5,0.84,-0.15,0.59
14.819092750549316,4.2,-0.6000000000000001,-57.0,0.8200000000000001,-0.15,0.51
14.828976154327393,3.9000000000000004,-0.0,-57.800000000000004,0.68,-0.11,0.44
14.839326858520508,4.9,-0.4,-56.900000000000006,0.78,-0.1,0.58
14.849364042282104,5.1000000000000005,-0.5,-57.5,0.84,-0.1,0.5700000000000001
14.858967781066895,4.0,-0.30000000000000004,-58.0,0.6900000000000001,-0.06,0.42
14.868937253952026,4.4,-0.6000000000000001,-57.0,0.76,-0.09,0.48
14.879169940948486,4.7,-1.9000000000000001,-57.1,1.01,-0.16,0.6
14.889131307601929,3.7,-1.9000000000000001,-57.7,0.98,-0.22,0.51
14.898921728134155,2.9000000000000004,-0.9,-57.5,0.78,-0.21,0.41000000000000003
14.909063577651978,3.5,-1.1,-56.800000000000004,0.8,-0.23,0.53
14.919256687164307,3.6,-2.0,-56.5,0.96,-0.27,0.6
14.92903757095337,3.1,-3.4000000000000004,-57.1,1.1500000000000001,-0.29,0.53
14.938995599746704,2.3000000000000003,-2.8000000000000003,-57.1,1.0,-0.27,0.41000000000000003
14.950119733810425,3.0,-3.1,-57.2,1.03,-0.3,0.53
14.95933747291565,3.2,-2.5,-56.5,1.04,-0.3,0.56
14.969333171844482,2.7,-2.6,-57.300000000000004,0.9,-0.27,0.47000000000000003
14.979862928390503,3.2,-2.2,-55.5,0.9500000000000001,-0.27,0.49
14.989873170852661,3.5,-2.9000000000000004,-55.400000000000006,1.04,-0.28,0.52
14.998964548110962,3.3000000000000003,-3.2,-56.300000000000004,1.07,-0.27,0.49
15.009368896484375,3.0,-2.3000000000000003,-56.800000000000004,0.96,-0.25,0.47000000000000003
15.01918363571167,3.2,-2.0,-56.7,0.88,-0.26,0.49
15.029074430465698,3.6,-1.6,-55.900000000000006,0.9,-0.26,0.54
15.038912534713745,3.7,-1.5,-57.0,0.88,-0.22,0.54
15.050039052963257,3.5,-1.3,-56.800000000000004,0.8300000000000001,-0.19,0.5
15.060044050216675,4.2,-1.5,-57.6,0.98,-0.17,0.52
15.069887399673462,3.8000000000000003,-1.3,-58.300000000000004,0.8,-0.12,0.49
15.079840421676636,4.2,-0.8,-57.900000000000006,0.76,-0.09,0.53
15.089851140975952,4.3,-1.2000000000000002,-57.400000000000006,0.84,-0.12,0.55
15.09902834892273,4.3,-1.6,-57.0,0.91,-0.14,0.51
15.109494924545288,4.1000000000000005,-0.6000000000000001,-56.7,0.8300000000000001,-0.14,0.49
15.119033813476562,3.8000000000000003,-1.2000000000000002,-57.1,0.86,-0.19,0.54
15.1290123462677,3.5,-0.8,-57.400000000000006,0.74,-0.19,0.51
15.13905382156372,3.7,-1.0,-56.7,0.78,-0.21,0.54
15.150084972381592,3.8000000000000003,-1.8,-56.2,0.98,-0.26,0.5700000000000001
15.15924620628357,2.9000000000000004,-1.9000000000000001,-56.800000000000004,0.92,-0.25,0.46
15.169141054153442,3.0,-2.0,-56.800000000000004,0.89,-0.23,0.47000000000000003
15.179004192352295,3.4000000000000004,-2.0,-55.7,0.9400000000000001,-0.25,0.55
15.190027236938477,3.1,-2.4000000000000004,-56.1,0.97,-0.31,0.53
15.198925495147705,2.8000000000000003,-2.3000000000000003,-56.6,1.04,-0.34,0.51
15.209017992019653,2.7,-1.7000000000000002,-56.7,0.87,-0.31,0.49
15.21960973739624,3.0,-1.8,-56.900000000000006,0.89,-0.31,0.55
15.229196071624756,3.2,-1.4000000000000001,-55.900000000000006,0.88,-0.29,0.52
15.239020824432373,3.2,-1.9000000000000001,-57.1,0.91,-0.26,0.51
15.249654769897461,3.2,-1.9000000000000001,-56.0,0.9500000000000001,-0.28,0.52
15.259317398071289,2.7,-2.5,-57.300000000000004,1.02,-0.3,0.5
15.269240379333496,3.3000000000000003,-2.1,-56.5,0.97,-0.28,0.51
15.279101371765137,3.1,-1.3,-56.900000000000006,0.88,-0.26,0.53
15.289229154586792,3.2,-0.9,-57.1,0.8,-0.25,0.53
15.299855470657349,3.6,-1.3,-56.900000000000006,0.86,-0.23,0.53
15.308992385864258,3.6,-1.5,-56.900000000000006,0.88,-0.2,0.52
15.319517135620117,3.4000000000000004,-1.6,-57.2,0.88,-0.19,0.51
15.329690217971802,3.4000000000000004,-1.4000000000000001,-56.900000000000006,0.89,-0.22,0.5
15.339075088500977,3.7,-1.5,-56.2,0.89,-0.22,0.52
15.349334716796875,3.7,-1.4000000000000001,-56.800000000000004,0.86,-0.21,0.53
15.35941743850708,3.5,-1.0,-56.6,0.8,-0.2,0.51
15.369191646575928,3.7,-1.1,-56.6,0.8300000000000001,-0.21,0.51
15.37924313545227,3.7,-1.0,-56.5,0.85,-0.23,0.52
15.38908576965332,3.4000000000000004,-1.1,-56.5,0.8200000000000001,-0.23,0.52
15.399208307266235,3.5,-0.9,-56.300000000000004,0.84,-0.23,0.52
15.40905213356018,3.3000000000000003,-1.3,-57.0,0.86,-0.24,0.52
15.419406652450562,3.3000000000000003,-1.2000000000000002,-56.400000000000006,0.87,-0.25,0.52
15.42900037765503,3.1,-1.2000000000000002,-56.6,0.86,-0.25,0.52
15.439935684204102,3.2,-1.0,-56.900000000000006,0.84,-0.27,0.53
15.448954343795776,3.1,-1.4000000000000001,-57.2,0.92,-0.29,0.54
15.459487438201904,3.1,-0.7000000000000001,-57.0,0.8300000000000001,-0.26,0.5
15.469458103179932,3.1,-1.2000000000000002,-57.300000000000004,0.88,-0.27,0.54
15.479552745819092,2.9000000000000004,-1.8,-56.400000000000006,0.88,-0.26,0.54
15.489034652709961,3.2,-1.7000000000000002,-56.1,0.92,-0.29,0.53
15.498901844024658,2.9000000000000004,-2.0,-56.300000000000004,0.93,-0.31,0.53
15.509366035461426,2.5,-1.8,-56.900000000000006,0.92,-0.33,0.51
15.51944875717163,2.5,-1.8,-56.6,0.9,-0.32,0.52
15.5291588306427,2.7,-1.5,-56.2,0.88,-0.31,0.54
15.539663553237915,2.7,-1.2000000000000002,-56.400000000000006,0.85,-0.32,0.53
15.548999547958374,2.6,-1.5,-56.7,0.88,-0.3,0.52
15.55927848815918,2.9000000000000004,-2.0,-56.400000000000006,0.9400000000000001,-0.28,0.52
15.569171667098999,3.1,-1.9000000000000001,-56.6,1.0,-0.31,0.54
15.579153776168823,2.8000000000000003,-1.4000000000000001,-56.800000000000004,0.85,-0.29,0.5
15.589032173156738,3.3000000000000003,-0.8,-56.7,0.8,-0.24,0.53
15.599061965942383,3.3000000000000003,-1.4000000000000001,-56.900000000000006,0.87,-0.26,0.58
15.609159708023071,3.0,-1.2000000000000002,-56.900000000000006,0.9,-0.27,0.51
15.619075298309326,3.0,-1.1,-57.6,0.85,-0.23,0.5
15.629033327102661,3.5,-0.4,-57.1,0.76,-0.19,0.53
15.639415979385376,3.7,-1.1,-56.900000000000006,0.86,-0.22,0.58
15.649268388748169,3.6,-1.4000000000000001,-57.0,0.92,-0.24,0.51
15.659007549285889,3.3000000000000003,-1.1,-57.900000000000006,0.81,-0.2,0.48
15.669142723083496,3.6,-0.2,-57.400000000000006,0.76,-0.19,0.54
15.679198026657104,3.8000000000000003,-1.0,-57.1,0.87,-0.22,0.59
15.689694166183472,3.3000000000000003,-0.8,-56.900000000000006,0.81,-0.22,0.48
15.6993088722229,3.0,-0.8,-57.0,0.78,-0.21,0.5
15.708920240402222,3.3000000000000003,-0.8,-56.2,0.84,-0.26,0.5700000000000001
15.71938681602478,2.9000000000000004,-1.3,-56.900000000000006,0.88,-0.3,0.55
15.728953123092651,2.5,-1.6,-56.5,0.9400000000000001,-0.35000000000000003,0.52
15.739336490631104,2.5,-1.3,-56.800000000000004,0.85,-0.32,0.52
15.7501962184906,2.8000000000000003,-1.0,-57.1,0.84,-0.33,0.56
15.759278297424316,2.7,-0.7000000000000001,-56.400000000000006,0.8,-0.3,0.54
15.769124269485474,2.7,-1.3,-56.5,0.84,-0.3,0.53
15.780030727386475,2.8000000000000003,-1.5,-55.900000000000006,0.93,-0.33,0.54
15.789907932281494,2.7,-2.3000000000000003,-56.900000000000006,1.03,-0.35000000000000003,0.53
15.799888372421265,2.5,-1.5,-57.400000000000006,0.89,-0.29,0.51
15.809865713119507,2.6,-1.0,-57.6,0.78,-0.27,0.55
15.819030284881592,2.9000000000000004,-1.0,-56.900000000000006,0.84,-0.27,0.5700000000000001
15.829078674316406,3.1,-1.4000000000000001,-57.0,0.9,-0.3,0.54
15.839304447174072,2.9000000000000004,-1.3,-56.800000000000004,0.91,-0.31,0.51
15.85085678100586,2.7,-1.6,-56.800000000000004,0.91,-0.3,0.54
15.859082221984863,2.8000000000000003,-1.3,-57.1,0.87,-0.3,0.54
15.869157314300537,2.9000000000000004,-1.2000000000000002,-57.400000000000006,0.84,-0.3,0.54
15.879329919815063,2.9000000000000004,-0.9,-57.1,0.85,-0.27,0.53
15.889522075653076,3.2,-1.3,-57.1,0.9,-0.25,0.53
15.899877786636353,3.4000000000000004,-0.7000000000000001,-57.2,0.81,-0.21,0.52
15.908986568450928,3.5,-0.6000000000000001,-56.7,0.73,-0.2,0.54
15.919974327087402,3.5,-0.7000000000000001,-56.5,0.81,-0.21,0.55
15.929165363311768,3.3000000000000003,-1.5,-57.1,0.9400000000000001,-0.28,0.53
15.939055681228638,3.0,-1.2000000000000002,-56.900000000000006,0.86,-0.26,0.51
15.94930386543274,3.1,-0.4,-57.1,0.78,-0.24,0.54
15.96051025390625,3.1,-0.7000000000000001,-56.900000000000006,0.79,-0.27,0.58
15.969284296035767,2.8000000000000003,-0.6000000000000001,-57.300000000000004,0.78,-0.25,0.52
15.97899866104126,3.1,-0.7000000000000001,-57.2,0.8,-0.25,0.55
15.989256620407104,3.1,-0.9,-57.2,0.85,-0.27,0.55
15.999093532562256,2.8000000000000003,-1.4000000000000001,-57.0,0.92,-0.3,0.54
16.009403228759766,2.9000000000000004,-0.8,-57.0,0.86,-0.28,0.51
16.01892328262329,2.8000000000000003,-0.4,-57.0,0.77,-0.27,0.55
16.029295444488525,2.8000000000000003,-0.7000000000000001,-56.5,0.79,-0.31,0.5700000000000001
16.039130687713623,2.6,-1.0,-56.800000000000004,0.88,-0.35000000000000003,0.55
16.049463510513306,2.4000000000000004,-1.1,-56.900000000000006,0.84,-0.31,0.53
16.059333086013794,2.7,-0.8,-56.400000000000006,0.81,-0.3,0.55
16.07051396369934,2.9000000000000004,-0.7000000000000001,-56.7,0.8300000000000001,-0.29,0.56
16.078969478607178,2.8000000000000003,-0.9,-56.800000000000004,0.8200000000000001,-0.3,0.54
16.088983058929443,2.9000000000000004,-1.0,-56.7,0.87,-0.3,0.54
16.099479913711548,2.8000000000000003,-1.2000000000000002,-57.2,0.9,-0.33,0.54
16.108924865722656,2.6,-1.2000000000000002,-57.1,0.86,-0.31,0.54
16.11917757987976,3.0,-0.30000000000000004,-57.0,0.78,-0.27,0.54
16.130316972732544,2.9000000000000004,-0.9,-56.900000000000006,0.81,-0.28,0.5700000000000001
16.139859914779663,2.6,-1.3,-57.5,0.87,-0.27,0.52
16.14922308921814,2.9000000000000004,-1.3,-57.2,0.91,-0.29,0.53
16.159931421279907,3.0,-1.2000000000000002,-57.2,0.91,-0.28,0.54
16.16944432258606,2.7,-1.3,-57.6,0.88,-0.26,0.53
16.17903733253479,3.1,-0.9,-57.2,0.84,-0.27,0.52
16.18915820121765,3.0,-0.9,-57.1,0.8300000000000001,-0.27,0.56
16.199973344802856,2.8000000000000003,-1.2000000000000002,-57.300000000000004,0.87,-0.29,0.54
16.209333419799805,2.8000000000000003,-1.0,-57.1,0.86,-0.28,0.52
16.219123125076294,2.9000000000000004,-0.9,-57.400000000000006,0.8200000000000001,-0.27,0.55
16.229954957962036,3.1,-0.7000000000000001,-56.7,0.8300000000000001,-0.26,0.56
16.239073276519775,2.8000000000000003,-0.7000000000000001,-57.2,0.8200000000000001,-0.27,0.53
16.249113082885742,2.8000000000000003,-0.6000000000000001,-57.400000000000006,0.8200000000000001,-0.29,0.54
16.259250164031982,3.0,-0.8,-56.900000000000006,0.81,-0.29,0.5700000000000001
16.269360065460205,2.9000000000000004,-0.30000000000000004,-56.5,0.81,-0.29,0.55
16.27909564971924,2.8000000000000003,-0.5,-57.400000000000006,0.79,-0.27,0.54
16.289080142974854,3.1,-0.0,-56.800000000000004,0.74,-0.27,0.55
16.29987382888794,3.2,-0.4,-57.0,0.77,-0.26,0.58
16.30917739868164,3.2,-0.2,-56.5,0.77,-0.24,0.54
16.31917428970337,3.1,-0.30000000000000004,-56.7,0.78,-0.24,0.53
16.3290274143219,3.2,-0.5,-56.800000000000004,0.8,-0.25,0.56
16.339284896850586,3.2,-0.6000000000000001,-56.7,0.8200000000000001,-0.27,0.5700000000000001
16.349003076553345,3.0,-0.6000000000000001,-57.300000000000004,0.81,-0.25,0.54
16.359113454818726,3.1,-0.2,-56.800000000000004,0.78,-0.25,0.54
16.36947798728943,3.1,-0.4,-57.1,0.77,-0.25,0.56
16.37901520729065,2.8000000000000003,-0.5,-57.2,0.81,-0.29,0.54
16.389022827148438,2.8000000000000003,-0.6000000000000001,-56.7,0.8300000000000001,-0.3,0.55
16.399545907974243,2.5,-1.1,-57.2,0.88,-0.34,0.56
16.409040689468384,2.7,-0.8,-57.0,0.85,-0.32,0.54
16.41892123222351,2.9000000000000004,-0.7000000000000001,-57.1,0.8,-0.27,0.55
16.430203676223755,3.0,-0.6000000000000001,-57.0,0.8,-0.27,0.55
16.43913698196411,2.9000000000000004,-0.7000000000000001,-56.800000000000004,0.8200000000000001,-0.28,0.54
16.448928833007812,2.7,-1.2000000000000002,-57.0,0.86,-0.29,0.55
16.46032428741455,2.9000000000000004,-1.0,-56.6,0.88,-0.3,0.54
16.470083475112915,2.6,-0.8,-58.0,0.85,-0.29,0.56
16.47993516921997,2.9000000000000004,-0.8,-56.800000000000004,0.8200000000000001,-0.29,0.56
16.489534616470337,2.7,-0.8,-57.2,0.8200000000000001,-0.29,0.54
16.499512434005737,2.8000000000000003,-0.6000000000000001,-56.7,0.8300000000000001,-0.28,0.55
16.509955167770386,2.9000000000000004,-1.0,-56.7,0.8300000000000001,-0.28,0.55
16.51984143257141,2.6,-1.0,-57.7,0.88,-0.3,0.54
16.529841661453247,2.7,-1.1,-57.1,0.88,-0.3,0.56
16.53921341896057,2.8000000000000003,-0.4,-57.400000000000006,0.8200000000000001,-0.29,0.54
16.549107789993286,2.8000000000000003,-0.4,-57.5,0.77,-0.26,0.55
16.5590922832489,3.0,-0.30000000000000004,-56.800000000000004,0.77,-0.25,0.56
16.569687843322754,2.9000000000000004,-0.5,-57.2,0.8300000000000001,-0.28,0.55
16.57951784133911,2.8000000000000003,-0.5,-57.300000000000004,0.8200000000000001,-0.28,0.54
16.588913202285767,3.0,-0.30000000000000004,-56.900000000000006,0.79,-0.27,0.56
16.598998069763184,3.0,-0.30000000000000004,-56.800000000000004,0.78,-0.26,0.56
16.610074520111084,2.9000000000000004,-0.30000000000000004,-57.6,0.78,-0.27,0.55
16.61892580986023,2.8000000000000003,-0.6000000000000001,-57.0,0.8200000000000001,-0.28,0.55
16.6288800239563,2.6,-0.8,-57.0,0.87,-0.32,0.55
16.640544414520264,2.6,-0.8,-57.0,0.85,-0.32,0.55
16.648910999298096,2.7,-0.6000000000000001,-57.400000000000006,0.8300000000000001,-0.28,0.55
16.659337520599365,2.9000000000000004,-0.8,-56.7,0.8300000000000001,-0.27,0.55
16.670181274414062,2.8000000000000003,-1.1,-57.1,0.86,-0.27,0.54
16.67925786972046,2.8000000000000003,-0.8,-57.2,0.85,-0.27,0.54
16.689146757125854,2.6,-1.1,-57.6,0.85,-0.28,0.55
16.699307918548584,2.7,-1.0,-57.2,0.9,-0.3,0.55
16.709118127822876,2.6,-1.0,-57.400000000000006,0.87,-0.3,0.54
16.71900200843811,2.7,-0.7000000000000001,-57.300000000000004,0.8200000000000001,-0.28,0.55
16.729369640350342,2.9000000000000004,-0.7000000000000001,-57.300000000000004,0.8200000000000001,-0.26,0.56
16.739726543426514,3.1,-0.30000000000000004,-57.5,0.79,-0.23,0.54
16.749037504196167,3.2,-0.4,-57.7,0.81,-0.24,0.55
16.759300470352173,3.2,-0.30000000000000004,-57.0,0.8200000000000001,-0.24,0.55
16.76985216140747,3.1,-0.0,-57.900000000000006,0.73,-0.23,0.54
16.780166387557983,3.2,-0.0,-57.7,0.74,-0.23,0.56
16.789037466049194,3.0,-0.1,-57.1,0.78,-0.25,0.56
16.799007177352905,2.7,-0.30000000000000004,-57.2,0.78,-0.27,0.55
16.809572458267212,2.7,-0.30000000000000004,-57.5,0.8,-0.28,0.56
16.81890368461609,2.6,-0.2,-57.1,0.79,-0.29,0.56
16.82906723022461,2.3000000000000003,-0.7000000000000001,-56.800000000000004,0.86,-0.34,0.5700000000000001
16.840139389038086,2.0,-0.5,-56.800000000000004,0.84,-0.39,0.55
16.84913659095764,2.0,-0.5,-56.900000000000006,0.84,-0.4,0.5700000000000001
16.858973741531372,1.8,-0.5,-56.400000000000006,0.84,-0.4,0.58
16.869243383407593,1.7000000000000002,-0.5,-57.0,0.79,-0.39,0.56
16.88031554222107,2.1,-0.0,-56.7,0.76,-0.35000000000000003,0.56
16.8889479637146,2.4000000000000004,-0.5,-56.800000000000004,0.85,-0.37,0.59
16.898963928222656,2.0,-0.8,-56.900000000000006,0.91,-0.39,0.5700000000000001
16.909546375274658,2.1,-0.4,-57.300000000000004,0.8,-0.34,0.53
16.91891646385193,2.9000000000000004,-0.0,-57.300000000000004,0.75,-0.28,0.59
16.929014921188354,2.7,-0.5,-57.1,0.79,-0.28,0.59
16.940557956695557,2.6,-0.4,-57.6,0.8200000000000001,-0.29,0.52
16.949524641036987,2.9000000000000004,-0.2,-57.7,0.79,-0.25,0.55
16.959040641784668,3.1,-0.1,-57.400000000000006,0.8,-0.25,0.58
16.96909999847412,2.8000000000000003,-0.5,-57.400000000000006,0.79,-0.27,0.56
16.979947090148926,2.7,-0.30000000000000004,-57.900000000000006,0.78,-0.26,0.54
16.989004850387573,2.8000000000000003,-0.30000000000000004,-57.2,0.79,-0.26,0.55
16.998932600021362,2.8000000000000003,-0.30000000000000004,-56.900000000000006,0.79,-0.26,0.56
17.009207487106323,2.7,-0.30000000000000004,-57.7,0.78,-0.26,0.55
17.019207000732422,2.8000000000000003,-0.2,-57.2,0.78,-0.27,0.54
17.029030323028564,2.7,-0.2,-57.0,0.78,-0.27,0.55
17.039353609085083,2.6,-0.1,-57.5,0.76,-0.27,0.55
17.050618886947632,2.7,0.1,-57.7,0.75,-0.27,0.55
17.058855772018433,2.5,-0.4,-57.6,0.79,-0.3,0.56
17.06909966468811,2.3000000000000003,-0.9,-56.900000000000006,0.91,-0.36,0.58
17.07977271080017,2.1,-0.6000000000000001,-56.800000000000004,0.84,-0.36,0.56
17.089049339294434,2.5,-0.1,-57.300000000000004,0.8200000000000001,-0.36,0.5700000000000001
17.098939895629883,2.3000000000000003,-0.2,-56.900000000000006,0.77,-0.34,0.58
17.10953640937805,2.3000000000000003,0.1,-57.6,0.73,-0.33,0.5700000000000001
17.119277238845825,2.6,0.30000000000000004,-57.6,0.73,-0.32,0.58
17.12902593612671,2.5,0.2,-57.5,0.72,-0.3,0.5700000000000001
17.13921546936035,2.6,-0.0,-57.5,0.75,-0.31,0.56
17.149667263031006,2.6,0.1,-57.300000000000004,0.73,-0.28,0.55
17.1589777469635,2.7,0.1,-57.5,0.74,-0.29,0.56
17.16923761367798,2.7,0.1,-56.900000000000006,0.73,-0.28,0.5700000000000001
17.17987608909607,2.6,0.1,-57.5,0.73,-0.28,0.5700000000000001
17.18921971321106,2.7,0.1,-57.2,0.75,-0.28,0.56
17.198968410491943,2.4000000000000004,0.1,-56.7,0.73,-0.29,0.55
17.209375381469727,2.4000000000000004,0.1,-57.0,0.72,-0.31,0.56
17.219335079193115,2.5,0.2,-57.400000000000006,0.73,-0.29,0.58
17.229296445846558,2.4000000000000004,0.2,-56.800000000000004,0.74,-0.29,0.56
17.239082098007202,2.1,-0.0,-57.400000000000006,0.74,-0.31,0.55
17.2499737739563,2.1,-0.0,-57.5,0.74,-0.33,0.56
17.259838819503784,2.1,-0.9,-56.7,0.93,-0.42,0.59
17.269068241119385,1.5,-1.5,-57.300000000000004,0.96,-0.47000000000000003,0.56
17.279227256774902,0.9,-1.6,-57.6,0.9500000000000001,-0.47000000000000003,0.56
17.288989067077637,1.7000000000000002,-0.5,-57.6,0.77,-0.36,0.55
17.298919677734375,2.0,-0.30000000000000004,-57.5,0.81,-0.38,0.59
17.30924153327942,1.9000000000000001,-0.1,-57.7,0.76,-0.37,0.5700000000000001
17.319152355194092,2.2,-0.0,-58.1,0.74,-0.34,0.5700000000000001
17.329986572265625,2.1,-0.5,-57.800000000000004,0.86,-0.38,0.59
17.33993124961853,2.1,-0.5,-58.2,0.85,-0.38,0.5700000000000001
17.34985327720642,2.3000000000000003,-0.0,-57.900000000000006,0.74,-0.29,0.5700000000000001
17.359128952026367,2.5,0.1,-57.7,0.74,-0.25,0.5700000000000001
17.369347095489502,2.5,-0.1,-57.2,0.78,-0.27,0.56
17.379620790481567,2.6,-0.0,-58.0,0.76,-0.27,0.54
17.389599800109863,2.9000000000000004,0.30000000000000004,-57.2,0.73,-0.24,0.56
17.399168491363525,2.7,0.30000000000000004,-56.800000000000004,0.73,-0.25,0.58
17.409713745117188,2.4000000000000004,0.2,-57.1,0.72,-0.28,0.5700000000000001
17.419856071472168,2.1,0.30000000000000004,-57.7,0.71,-0.31,0.55
17.430025815963745,2.3000000000000003,0.6000000000000001,-56.2,0.6900000000000001,-0.34,0.59
17.43906855583191,2.0,0.5,-56.7,0.65,-0.37,0.58
17.449580192565918,1.6,0.7000000000000001,-57.5,0.66,-0.37,0.58
17.459032773971558,1.2000000000000002,-0.0,-57.7,0.73,-0.44,0.6
17.469276428222656,1.2000000000000002,-0.30000000000000004,-57.300000000000004,0.86,-0.54,0.64
17.47922682762146,0.7000000000000001,-0.7000000000000001,-57.2,0.85,-0.52,0.58
17.48918056488037,1.1,-0.2,-57.6,0.88,-0.53,0.59
17.499232292175293,1.5,-0.0,-57.900000000000006,0.76,-0.43,0.6
17.509294748306274,1.8,0.6000000000000001,-58.0,0.66,-0.33,0.5700000000000001
17.51939105987549,2.1,0.7000000000000001,-57.2,0.68,-0.33,0.5700000000000001
17.52889323234558,2.1,0.30000000000000004,-57.6,0.7000000000000001,-0.33,0.5700000000000001
17.539539337158203,1.9000000000000001,0.1,-57.400000000000006,0.73,-0.33,0.56
17.54893398284912,1.7000000000000002,-0.0,-57.6,0.78,-0.37,0.56
17.559409856796265,1.0,-1.5,-57.300000000000004,0.96,-0.5,0.61
17.569348096847534,0.9,-0.9,-57.300000000000004,0.93,-0.52,0.5700000000000001
17.579341411590576,0.7000000000000001,-1.1,-57.5,0.91,-0.5,0.59
17.588936805725098,1.0,-0.2,-58.300000000000004,0.8,-0.44,0.6
17.59912347793579,1.4000000000000001,0.2,-58.7,0.71,-0.36,0.5700000000000001
17.609139442443848,2.2,0.7000000000000001,-57.300000000000004,0.6900000000000001,-0.3,0.5700000000000001
17.61901879310608,2.5,0.2,-58.2,0.71,-0.27,0.5700000000000001
17.629069089889526,2.5,0.1,-57.5,0.76,-0.27,0.54
17.640211582183838,2.3000000000000003,-0.1,-57.6,0.8200000000000001,-0.33,0.55
17.64933705329895,1.9000000000000001,-0.5,-58.1,0.78,-0.34,0.59
17.659027338027954,1.8,-0.5,-57.0,0.88,-0.43,0.6
17.66910147666931,1.0,-0.6000000000000001,-58.7,0.8300000000000001,-0.46,0.54
17.679744482040405,1.4000000000000001,0.8,-58.2,0.63,-0.36,0.5700000000000001
17.689011096954346,2.0,1.0,-57.7,0.6,-0.36,0.62
17.698946475982666,1.1,-0.5,-57.1,0.86,-0.51,0.64
17.709320306777954,0.4,-0.0,-58.400000000000006,0.81,-0.52,0.54
17.718992471694946,0.8,-0.0,-58.1,0.71,-0.46,0.59
17.729084253311157,0.9,-0.1,-56.800000000000004,0.8300000000000001,-0.51,0.68
17.739007711410522,0.6000000000000001,0.2,-58.2,0.75,-0.48,0.56
17.749837636947632,1.4000000000000001,1.0,-57.2,0.63,-0.36,0.56
17.759040594100952,1.9000000000000001,1.0,-57.2,0.63,-0.34,0.62
17.769294023513794,0.5,-0.5,-57.2,0.8200000000000001,-0.49,0.62
17.78019690513611,0.0,-0.1,-57.6,0.89,-0.5700000000000001,0.5700000000000001
17.78905487060547,0.4,0.30000000000000004,-57.800000000000004,0.72,-0.56,0.62
17.798909664154053,0.7000000000000001,1.0,-57.7,0.7000000000000001,-0.52,0.66
17.80898880958557,0.7000000000000001,1.1,-57.800000000000004,0.63,-0.47000000000000003,0.6
17.819499731063843,0.6000000000000001,0.8,-57.7,0.65,-0.47000000000000003,0.56
17.82888913154602,0.8,-0.2,-57.2,0.81,-0.52,0.65
17.83929204940796,0.6000000000000001,-1.3,-58.300000000000004,0.98,-0.5700000000000001,0.64
17.850409030914307,0.8,-0.30000000000000004,-58.2,0.81,-0.43,0.52
17.85891890525818,1.5,-0.0,-58.6,0.72,-0.37,0.5700000000000001
17.8691885471344,1.9000000000000001,1.2000000000000002,-57.7,0.68,-0.33,0.61
17.878990650177002,1.2000000000000002,0.2,-59.0,0.66,-0.39,0.56
17.889389991760254,0.6000000000000001,0.1,-57.7,0.72,-0.44,0.59
17.89997935295105,0.4,-0.1,-57.800000000000004,0.81,-0.52,0.61
17.90980863571167,-0.1,-1.3,-58.0,0.97,-0.62,0.63
17.920010089874268,-0.2,-0.6000000000000001,-57.400000000000006,0.88,-0.6,0.59
17.929864168167114,1.1,0.8,-58.900000000000006,0.71,-0.44,0.61
17.938910722732544,1.8,1.4000000000000001,-58.7,0.59,-0.32,0.59
17.949416875839233,1.4000000000000001,0.7000000000000001,-57.400000000000006,0.65,-0.36,0.56
17.959100008010864,0.7000000000000001,0.7000000000000001,-58.2,0.7000000000000001,-0.42,0.55
17.96907114982605,-0.2,-1.3,-58.800000000000004,0.85,-0.52,0.65
17.97899556159973,-0.1,-0.1,-57.2,0.92,-0.65,0.61
17.98921537399292,-0.4,-1.1,-58.0,0.88,-0.64,0.56
17.99915838241577,0.1,-0.0,-57.5,0.77,-0.61,0.64
18.00905179977417,0.2,-0.0,-58.400000000000006,0.71,-0.56,0.64
18.0197696685791,0.1,-0.0,-57.300000000000004,0.78,-0.55,0.62
18.029059886932373,0.2,0.2,-58.300000000000004,0.72,-0.51,0.58
18.038960933685303,0.7000000000000001,0.8,-57.1,0.6900000000000001,-0.43,0.59
18.04989194869995,0.2,1.0,-58.6,0.62,-0.51,0.59
18.059072971343994,-0.30000000000000004,0.30000000000000004,-58.7,0.67,-0.55,0.64
18.069103956222534,-0.5,-0.2,-56.900000000000006,0.91,-0.72,0.68
18.07992458343506,-1.3,-0.2,-58.7,0.8,-0.71,0.5700000000000001
18.089929819107056,-0.30000000000000004,1.0,-58.2,0.63,-0.59,0.62
18.099794387817383,0.30000000000000004,0.1,-57.0,0.74,-0.56,0.72
18.109839916229248,-0.4,0.4,-58.1,0.79,-0.5700000000000001,0.58
18.11988615989685,-0.4,0.7000000000000001,-58.300000000000004,0.67,-0.49,0.55
18.12973928451538,0.8,1.4000000000000001,-57.5,0.5700000000000001,-0.47000000000000003,0.66
18.139122247695923,0.30000000000000004,0.7000000000000001,-57.6,0.62,-0.5,0.62
18.14931321144104,-0.4,0.1,-58.2,0.76,-0.58,0.59
18.159335613250732,-0.9,-0.2,-58.7,0.84,-0.65,0.63
18.16944718360901,-0.4,-0.0,-57.6,0.86,-0.67,0.63
18.178946256637573,-0.4,-0.1,-58.1,0.79,-0.62,0.61
18.18940281867981,-0.30000000000000004,0.4,-58.5,0.74,-0.56,0.61
18.199119329452515,-0.2,0.8,-59.6,0.61,-0.5,0.6
18.208943605422974,0.1,1.0,-58.900000000000006,0.63,-0.49,0.61
18.219059467315674,-0.1,-0.4,-59.1,0.81,-0.6,0.64
18.229777812957764,-0.8,-0.2,-58.5,0.8,-0.61,0.58
18.239359617233276,-0.8,-0.8,-58.900000000000006,0.85,-0.66,0.63
18.250055074691772,-0.8,-1.3,-56.900000000000006,1.02,-0.75,0.6900000000000001
18.26010751724243,-2.0,-0.5,-58.400000000000006,0.88,-0.77,0.5700000000000001
18.269225120544434,-1.4000000000000001,0.7000000000000001,-58.800000000000004,0.65,-0.58,0.6
18.279096603393555,-0.5,1.3,-58.0,0.58,-0.55,0.67
18.2898690700531,-1.0,0.5,-58.900000000000006,0.66,-0.66,0.64
18.299525022506714,-1.0,0.8,-58.400000000000006,0.71,-0.64,0.59
18.30888080596924,-1.3,-1.5,-58.400000000000006,0.9400000000000001,-0.66,0.6900000000000001
18.318939685821533,-1.9000000000000001,-0.7000000000000001,-58.1,1.02,-0.81,0.62
18.329912185668945,-1.7000000000000002,0.6000000000000001,-58.800000000000004,0.6900000000000001,-0.6900000000000001,0.54
18.338963508605957,0.1,1.3,-58.1,0.55,-0.52,0.7000000000000001
18.349056720733643,-0.5,-0.0,-58.300000000000004,0.73,-0.61,0.71
18.360050201416016,-1.4000000000000001,1.1,-58.900000000000006,0.74,-0.7000000000000001,0.53
18.36949110031128,-0.9,0.9,-59.5,0.63,-0.58,0.64
18.379358291625977,-0.2,0.1,-57.400000000000006,0.79,-0.64,0.74
18.389852046966553,-1.5,-0.0,-58.300000000000004,0.8200000000000001,-0.76,0.58
18.39925980567932,-1.7000000000000002,0.5,-60.2,0.6900000000000001,-0.6900000000000001,0.58
18.409015417099,-0.6000000000000001,1.2000000000000002,-58.1,0.64,-0.56,0.7000000000000001
18.41891098022461,-1.3,1.0,-59.800000000000004,0.6,-0.68,0.61
18.429563999176025,-1.7000000000000002,0.8,-58.900000000000006,0.66,-0.6900000000000001,0.62
18.439377784729004,-1.2000000000000002,0.1,-58.2,0.79,-0.71,0.7000000000000001
18.449079990386963,-2.0,-0.8,-58.400000000000006,0.92,-0.81,0.67
18.45950174331665,-2.6,0.1,-58.7,0.8,-0.78,0.59
18.469550848007202,-1.3,1.2000000000000002,-60.1,0.5700000000000001,-0.61,0.63
18.47894024848938,-1.0,1.1,-57.800000000000004,0.59,-0.59,0.67
18.48906636238098,-1.8,0.2,-58.5,0.77,-0.79,0.64
18.500269889831543,-2.1,0.7000000000000001,-58.300000000000004,0.71,-0.77,0.58
18.50891637802124,-1.7000000000000002,0.1,-59.0,0.73,-0.77,0.71
18.518935441970825,-1.4000000000000001,-0.2,-58.7,0.9,-0.8300000000000001,0.73
18.53008508682251,-2.2,0.2,-58.300000000000004,0.78,-0.81,0.56
18.539079904556274,-1.5,1.0,-59.400000000000006,0.61,-0.66,0.62
18.549049615859985,-1.3,0.30000000000000004,-58.6,0.75,-0.68,0.73
18.560064554214478,-2.2,-0.0,-59.1,0.75,-0.79,0.58
18.57005739212036,-2.3000000000000003,0.4,-59.2,0.7000000000000001,-0.78,0.6
18.57923197746277,-2.0,-0.4,-58.2,0.86,-0.81,0.77
18.588995456695557,-2.6,-0.2,-58.900000000000006,0.88,-0.89,0.64
18.599937200546265,-2.6,0.6000000000000001,-60.300000000000004,0.61,-0.75,0.55
18.609851360321045,-1.0,1.0,-59.800000000000004,0.55,-0.58,0.6900000000000001
18.619040727615356,-1.5,-0.7000000000000001,-58.7,0.88,-0.72,0.73
18.629128217697144,-3.0,-0.5,-58.800000000000004,0.98,-0.89,0.56
18.639880418777466,-3.0,-0.1,-60.900000000000006,0.77,-0.85,0.59
18.649368286132812,-1.6,1.9000000000000001,-58.300000000000004,0.53,-0.65,0.71
18.659581661224365,-1.7000000000000002,0.30000000000000004,-59.7,0.63,-0.71,0.73
18.669442892074585,-2.7,0.5,-60.1,0.77,-0.86,0.62
18.679062128067017,-2.8000000000000003,0.30000000000000004,-59.400000000000006,0.76,-0.78,0.61
18.688946962356567,-1.8,0.30000000000000004,-60.5,0.66,-0.71,0.68
18.69967794418335,-1.3,1.1,-59.0,0.65,-0.67,0.64
18.709044694900513,-2.4000000000000004,-0.0,-59.6,0.76,-0.78,0.63
18.71895718574524,-2.3000000000000003,-0.8,-58.900000000000006,0.9,-0.88,0.73
18.72944974899292,-3.2,1.3,-59.2,0.6900000000000001,-0.91,0.61
18.740139961242676,-2.6,1.5,-60.2,0.52,-0.8200000000000001,0.68
18.74893569946289,-2.2,0.6000000000000001,-59.400000000000006,0.71,-0.87,0.78
18.7595431804657,-2.5,1.1,-58.900000000000006,0.73,-0.85,0.61
18.769364595413208,-2.8000000000000003,0.8,-59.7,0.56,-0.75,0.56
18.779646635055542,-3.0,0.8,-58.900000000000006,0.67,-0.8,0.72
18.788959980010986,-3.5,-0.0,-59.1,0.85,-0.98,0.74
18.799166440963745,-4.1000000000000005,-0.30000000000000004,-59.6,0.87,-1.01,0.65
18.80954337120056,-3.5,1.2000000000000002,-60.1,0.59,-0.88,0.61
18.81892228126526,-2.8000000000000003,0.8,-60.400000000000006,0.56,-0.8300000000000001,0.73
18.829204559326172,-3.1,0.2,-59.0,0.8300000000000001,-0.93,0.75
18.840523958206177,-3.7,0.30000000000000004,-60.2,0.75,-0.87,0.56
18.848914861679077,-2.2,0.7000000000000001,-60.6,0.76,-0.86,0.67
18.859175205230713,-2.4000000000000004,0.9,-58.5,0.8,-0.8300000000000001,0.7000000000000001
18.869343280792236,-2.7,0.7000000000000001,-59.7,0.6,-0.88,0.61
18.88016700744629,-2.6,1.3,-60.6,0.61,-0.85,0.6900000000000001
18.89007043838501,-3.1,-0.4,-60.5,0.89,-0.93,0.75
18.90025019645691,-3.0,0.4,-59.1,0.86,-0.93,0.61
18.91018843650818,-2.4000000000000004,0.9,-60.5,0.56,-0.74,0.5700000000000001
18.919049501419067,-1.9000000000000001,1.6,-59.2,0.52,-0.64,0.71
18.929455518722534,-3.4000000000000004,0.4,-59.900000000000006,0.6900000000000001,-0.86,0.66
18.939417123794556,-4.2,0.6000000000000001,-60.900000000000006,0.74,-1.0,0.63
18.949259042739868,-4.5,-0.6000000000000001,-59.5,0.9,-1.08,0.78
18.95910906791687,-4.7,-0.1,-60.0,0.87,-1.11,0.73
18.96925163269043,-4.0,1.4000000000000001,-59.6,0.58,-0.93,0.6
18.97994899749756,-2.5,2.0,-60.900000000000006,0.43,-0.73,0.6900000000000001
18.989816188812256,-3.1,0.30000000000000004,-61.300000000000004,0.68,-0.84,0.76
18.99993634223938,-4.1000000000000005,0.30000000000000004,-59.400000000000006,0.86,-0.97,0.63
19.00998830795288,-4.6000000000000005,-0.30000000000000004,-60.400000000000006,0.8,-1.0,0.63
19.018939971923828,-3.9000000000000004,0.4,-60.400000000000006,0.71,-0.9500000000000001,0.78
19.02891254425049,-4.2,0.7000000000000001,-60.5,0.67,-1.01,0.73
19.039367198944092,-3.9000000000000004,1.6,-60.300000000000004,0.55,-0.93,0.62
19.049022436141968,-3.0,1.0,-60.300000000000004,0.58,-0.8200000000000001,0.7000000000000001
19.059004306793213,-3.4000000000000004,-0.5,-60.0,0.85,-0.91,0.75
19.069570302963257,-3.9000000000000004,0.30000000000000004,-60.2,0.79,-0.99,0.5700000000000001
19.079500198364258,-3.5,1.3,-61.5,0.61,-0.91,0.6900000000000001
19.088966846466064,-3.9000000000000004,0.7000000000000001,-60.300000000000004,0.71,-0.99,0.8
19.099828958511353,-4.9,0.9,-60.7,0.71,-1.08,0.65
19.109245538711548,-4.2,1.5,-62.5,0.53,-0.92,0.61
19.119079113006592,-3.2,0.9,-61.2,0.68,-0.8300000000000001,0.8
19.12890386581421,-4.5,-0.0,-61.900000000000006,0.8,-1.05,0.71
19.13923168182373,-4.800000000000001,0.4,-61.5,0.71,-1.04,0.5700000000000001
19.14914059638977,-4.0,0.4,-61.2,0.6900000000000001,-0.93,0.74
19.15899109840393,-4.5,-0.4,-61.2,0.84,-1.1,0.8
19.169309616088867,-5.4,0.8,-60.800000000000004,0.67,-1.11,0.58
19.17901086807251,-3.9000000000000004,1.2000000000000002,-60.900000000000006,0.53,-0.91,0.68
19.18900489807129,-3.6,1.0,-60.7,0.59,-0.93,0.78
19.19906234741211,-4.6000000000000005,0.30000000000000004,-60.5,0.72,-1.04,0.67
19.208956241607666,-4.5,0.30000000000000004,-60.6,0.76,-1.04,0.63
19.219318866729736,-4.4,0.4,-59.900000000000006,0.7000000000000001,-0.98,0.72
19.22937250137329,-4.4,0.6000000000000001,-61.300000000000004,0.61,-1.04,0.72
19.239054918289185,-4.5,0.5,-60.800000000000004,0.72,-1.06,0.73
19.249178647994995,-4.800000000000001,0.7000000000000001,-61.0,0.67,-1.04,0.68
19.25919485092163,-3.6,1.9000000000000001,-60.400000000000006,0.48,-0.91,0.63
19.26946258544922,-3.8000000000000003,0.9,-62.7,0.67,-0.99,0.77
19.27913999557495,-5.5,0.5,-61.7,0.75,-1.07,0.67
19.289917469024658,-5.2,0.5,-61.1,0.8,-1.17,0.71
19.299844980239868,-5.2,1.2000000000000002,-62.5,0.59,-1.1,0.71
19.309846878051758,-4.5,1.4000000000000001,-61.5,0.61,-1.01,0.78
19.319178581237793,-5.2,1.7000000000000002,-61.1,0.63,-1.06,0.6900000000000001
19.329358100891113,-4.800000000000001,1.0,-62.0,0.61,-1.02,0.68
19.33923649787903,-4.4,1.4000000000000001,-62.300000000000004,0.54,-0.9500000000000001,0.67
19.349151372909546,-4.7,-0.0,-61.800000000000004,0.8,-1.05,0.79
19.35959243774414,-5.300000000000001,0.1,-61.7,0.8,-1.1300000000000001,0.6900000000000001
19.369126796722412,-5.1000000000000005,0.5,-61.900000000000006,0.65,-1.11,0.65
19.37904644012451,-5.300000000000001,1.0,-60.7,0.64,-1.1,0.78
19.389369010925293,-5.6000000000000005,1.8,-61.2,0.49,-1.1,0.68
19.40006732940674,-4.800000000000001,1.5,-62.300000000000004,0.49,-1.04,0.71
19.408967971801758,-5.0,1.0,-62.0,0.71,-1.1,0.74
19.41894793510437,-5.4,-0.5,-60.400000000000006,0.8200000000000001,-1.1400000000000001,0.73
19.42928409576416,-5.0,0.7000000000000001,-60.0,0.64,-1.1400000000000001,0.6
19.438939809799194,-4.6000000000000005,1.5,-63.2,0.54,-1.01,0.74
19.449148178100586,-4.5,0.1,-61.2,0.66,-1.04,0.8200000000000001
19.459156274795532,-5.9,0.8,-62.6,0.67,-1.1400000000000001,0.61
19.469708919525146,-4.800000000000001,0.9,-62.7,0.61,-1.03,0.6900000000000001
19.479814767837524,-4.7,0.6000000000000001,-62.900000000000006,0.65,-1.04,0.78
19.489043712615967,-5.300000000000001,0.4,-61.800000000000004,0.77,-1.1500000000000001,0.74
19.49915075302124,-6.4,0.8,-62.900000000000006,0.71,-1.17,0.65
19.50904393196106,-5.800000000000001,1.7000000000000002,-63.7,0.47000000000000003,-1.08,0.67
19.519049406051636,-5.2,1.5,-63.0,0.5,-1.08,0.8
19.529855012893677,-5.9,0.5,-62.1,0.72,-1.19,0.78
19.53989005088806,-6.0,0.1,-62.2,0.77,-1.24,0.67
19.54903531074524,-4.7,0.9,-62.2,0.7000000000000001,-1.09,0.74
19.559521675109863,-5.1000000000000005,1.0,-61.7,0.54,-0.99,0.72
19.569839477539062,-5.2,1.8,-62.7,0.45,-1.06,0.65
19.578985691070557,-5.300000000000001,1.9000000000000001,-59.900000000000006,0.52,-1.05,0.7000000000000001
19.588927507400513,-5.5,0.1,-60.400000000000006,0.72,-1.25,0.8300000000000001
19.59964156150818,-6.9,1.3,-61.2,0.59,-1.28,0.64
19.609387159347534,-6.1000000000000005,2.1,-63.900000000000006,0.49,-1.21,0.79
19.618926525115967,-5.1000000000000005,1.8,-62.300000000000004,0.61,-1.17,0.86
19.629212856292725,-5.9,0.9,-61.5,0.61,-1.1500000000000001,0.6900000000000001
19.640780448913574,-5.800000000000001,1.7000000000000002,-63.900000000000006,0.52,-1.08,0.66
19.648919582366943,-5.300000000000001,2.0,-63.6,0.47000000000000003,-1.01,0.71
19.659220457077026,-5.5,0.9,-62.800000000000004,0.63,-1.1,0.8
19.66998314857483,-6.5,0.7000000000000001,-62.2,0.65,-1.23,0.6900000000000001
19.679043292999268,-6.6000000000000005,0.7000000000000001,-64.2,0.67,-1.29,0.75
19.689064979553223,-6.5,0.9,-63.400000000000006,0.66,-1.16,0.8
19.69893527030945,-5.800000000000001,1.3,-63.400000000000006,0.49,-1.1300000000000001,0.68
19.70942187309265,-5.2,1.7000000000000002,-62.800000000000004,0.48,-1.08,0.71
19.71915078163147,-6.0,0.6000000000000001,-63.2,0.62,-1.1300000000000001,0.77
19.729008197784424,-6.4,0.8,-62.800000000000004,0.68,-1.26,0.72
19.739476680755615,-6.7,0.7000000000000001,-62.800000000000004,0.64,-1.24,0.71
19.749269247055054,-6.2,1.2000000000000002,-62.5,0.54,-1.18,0.74
19.75924038887024,-6.0,0.6000000000000001,-62.0,0.63,-1.19,0.81
19.76925802230835,-6.9,0.8,-63.300000000000004,0.6,-1.28,0.71
19.779937505722046,-6.300000000000001,1.1,-63.2,0.56,-1.16,0.6900000000000001
19.789620399475098,-6.0,1.4000000000000001,-65.2,0.53,-1.05,0.7000000000000001
19.799262285232544,-5.5,1.4000000000000001,-63.800000000000004,0.66,-1.16,0.77
19.809724807739258,-7.6000000000000005,1.0,-63.300000000000004,0.7000000000000001,-1.34,0.72
19.81961488723755,-7.5,1.2000000000000002,-66.0,0.55,-1.32,0.75
19.82894492149353,-6.5,2.4000000000000004,-64.5,0.48,-1.22,0.81
19.839072942733765,-6.5,1.2000000000000002,-64.10000000000001,0.59,-1.2,0.79
19.849966287612915,-6.5,1.0,-64.3,0.58,-1.2,0.66
19.85954260826111,-5.800000000000001,1.1,-64.3,0.58,-1.1500000000000001,0.74
19.869399547576904,-5.800000000000001,0.8,-63.800000000000004,0.7000000000000001,-1.17,0.84
19.879844427108765,-7.4,0.9,-63.900000000000006,0.61,-1.28,0.68
19.889106512069702,-6.0,2.7,-63.0,0.42,-1.19,0.7000000000000001
19.898969650268555,-5.0,2.5,-63.0,0.35000000000000003,-1.03,0.77
19.90944504737854,-5.5,1.6,-63.5,0.45,-1.1300000000000001,0.73
19.919697046279907,-6.5,1.0,-62.7,0.61,-1.21,0.71
19.928992986679077,-6.7,-0.0,-63.5,0.73,-1.3,0.8
19.93904423713684,-6.7,1.0,-62.5,0.63,-1.24,0.75
19.949085474014282,-6.5,2.0,-63.400000000000006,0.35000000000000003,-1.23,0.68
19.959903955459595,-5.7,3.0,-62.800000000000004,0.33,-1.12,0.76
19.96968150138855,-7.0,1.8,-65.3,0.49,-1.2,0.71
19.979304552078247,-7.1000000000000005,1.3,-64.60000000000001,0.63,-1.21,0.75
19.989156484603882,-7.1000000000000005,1.4000000000000001,-64.0,0.6,-1.33,0.76
19.998960971832275,-7.7,1.0,-66.10000000000001,0.5,-1.35,0.77
20.009084224700928,-7.300000000000001,2.5,-65.0,0.41000000000000003,-1.25,0.74
20.019938945770264,-7.300000000000001,1.4000000000000001,-65.3,0.5,-1.26,0.77
20.029046297073364,-6.9,1.2000000000000002,-64.60000000000001,0.63,-1.3,0.78
20.039403438568115,-7.2,0.9,-64.2,0.68,-1.27,0.75
20.04992914199829,-7.6000000000000005,1.4000000000000001,-64.8,0.48,-1.29,0.6900000000000001
20.059900283813477,-6.6000000000000005,2.9000000000000004,-63.2,0.38,-1.23,0.77
20.069842100143433,-6.1000000000000005,2.6,-62.5,0.38,-1.2,0.77
20.079113960266113,-6.2,1.7000000000000002,-62.900000000000006,0.47000000000000003,-1.18,0.74
20.088996410369873,-6.7,1.7000000000000002,-62.6,0.54,-1.27,0.71
20.099478006362915,-7.5,1.5,-64.0,0.49,-1.37,0.72
20.10983109474182,-6.6000000000000005,2.1,-63.300000000000004,0.46,-1.24,0.76
20.119109392166138,-7.0,1.8,-66.3,0.51,-1.2,0.74
20.12898898124695,-5.7,1.4000000000000001,-62.300000000000004,0.55,-1.12,0.73
20.13957667350769,-6.7,1.0,-63.6,0.52,-1.28,0.72
20.15063214302063,-7.5,1.9000000000000001,-66.2,0.5,-1.3,0.75
20.159932136535645,-7.300000000000001,2.3000000000000003,-65.60000000000001,0.44,-1.24,0.76
20.170048713684082,-6.1000000000000005,2.2,-64.4,0.45,-1.16,0.75
20.179816961288452,-6.5,1.6,-64.5,0.51,-1.1400000000000001,0.6900000000000001
20.18942642211914,-7.1000000000000005,1.6,-65.4,0.52,-1.23,0.71
20.198989868164062,-7.300000000000001,1.5,-65.3,0.52,-1.25,0.76
20.208935737609863,-6.9,1.5,-65.5,0.51,-1.29,0.78
20.220104932785034,-7.4,1.8,-65.0,0.48,-1.29,0.72
20.229286670684814,-7.300000000000001,2.0,-64.8,0.47000000000000003,-1.31,0.76
20.23938775062561,-6.300000000000001,2.3000000000000003,-63.2,0.44,-1.19,0.76
20.24965262413025,-6.9,1.8,-64.8,0.43,-1.25,0.73
20.25966501235962,-7.300000000000001,2.5,-63.800000000000004,0.46,-1.29,0.74
20.26921010017395,-7.4,1.8,-64.0,0.45,-1.32,0.76
20.279159545898438,-6.7,2.0,-63.7,0.45,-1.24,0.75
20.289796829223633,-6.6000000000000005,1.7000000000000002,-64.4,0.46,-1.23,0.74
20.298989295959473,-6.800000000000001,1.9000000000000001,-64.10000000000001,0.48,-1.26,0.74
20.309044361114502,-6.5,2.2,-63.1,0.47000000000000003,-1.23,0.74
20.32018756866455,-7.0,1.9000000000000001,-64.4,0.39,-1.28,0.76
20.32925796508789,-8.0,2.7,-66.7,0.41000000000000003,-1.36,0.79
20.338990926742554,-6.800000000000001,2.9000000000000004,-63.300000000000004,0.37,-1.3,0.77
20.34942889213562,-7.0,2.1,-64.5,0.36,-1.27,0.76
20.359084606170654,-7.6000000000000005,2.5,-66.9,0.43,-1.23,0.7000000000000001
20.36902642250061,-7.2,2.3000000000000003,-65.7,0.49,-1.23,0.76
20.37904644012451,-7.2,1.7000000000000002,-66.2,0.48,-1.28,0.77
20.389904022216797,-7.6000000000000005,2.2,-66.0,0.43,-1.3,0.75
20.39896845817566,-7.7,2.6,-66.0,0.41000000000000003,-1.3,0.77
20.408976793289185,-6.9,2.4000000000000004,-65.3,0.41000000000000003,-1.25,0.78
20.419618368148804,-7.0,2.3000000000000003,-66.0,0.39,-1.29,0.73
20.42942237854004,-7.4,1.9000000000000001,-66.9,0.43,-1.2,0.71
20.439165115356445,-6.5,2.2,-65.10000000000001,0.49,-1.18,0.77
20.44968318939209,-7.2,1.7000000000000002,-64.8,0.47000000000000003,-1.28,0.74
20.45934295654297,-7.2,1.8,-65.4,0.45,-1.3,0.76
20.469078302383423,-7.4,2.6,-64.4,0.41000000000000003,-1.29,0.75
20.47903323173523,-7.6000000000000005,1.9000000000000001,-65.5,0.38,-1.36,0.78
20.489357471466064,-7.0,2.4000000000000004,-64.4,0.43,-1.28,0.75
20.499119758605957,-7.0,1.7000000000000002,-65.10000000000001,0.47000000000000003,-1.24,0.74
20.5089373588562,-6.9,1.6,-64.60000000000001,0.48,-1.24,0.74
20.518980264663696,-6.6000000000000005,2.1,-64.5,0.39,-1.22,0.72
20.530195713043213,-7.0,2.6,-65.5,0.35000000000000003,-1.19,0.7000000000000001
20.538859128952026,-7.6000000000000005,2.1,-67.8,0.44,-1.28,0.8
20.549281358718872,-7.6000000000000005,2.6,-66.0,0.43,-1.33,0.78
20.559686183929443,-8.3,1.8,-67.10000000000001,0.42,-1.3800000000000001,0.74
20.568989753723145,-8.0,2.6,-66.3,0.43,-1.31,0.73
20.579010248184204,-7.4,1.8,-66.9,0.44,-1.29,0.81
20.58942413330078,-7.5,1.7000000000000002,-66.8,0.47000000000000003,-1.28,0.77
20.598934650421143,-7.5,2.8000000000000003,-66.3,0.43,-1.31,0.71
20.608996868133545,-7.9,2.2,-66.9,0.4,-1.29,0.78
20.619422912597656,-7.6000000000000005,2.6,-66.8,0.34,-1.28,0.76
20.630111932754517,-7.2,3.1,-67.0,0.32,-1.26,0.76
20.638913869857788,-7.5,2.4000000000000004,-67.4,0.39,-1.26,0.81
20.64912438392639,-7.5,2.4000000000000004,-65.8,0.44,-1.29,0.76
20.659066200256348,-7.9,2.4000000000000004,-66.5,0.34,-1.31,0.67
20.669840097427368,-6.9,2.7,-66.3,0.35000000000000003,-1.23,0.81
20.679729223251343,-8.200000000000001,2.4000000000000004,-68.60000000000001,0.41000000000000003,-1.32,0.8
20.68903350830078,-8.200000000000001,2.7,-67.60000000000001,0.46,-1.35,0.78
20.69998073577881,-7.6000000000000005,2.6,-65.0,0.39,-1.35,0.74
20.708964586257935,-7.9,3.0,-68.9,0.26,-1.26,0.75
20.719143390655518,-7.0,3.1,-67.2,0.36,-1.22,0.86
20.729385137557983,-7.800000000000001,2.0,-67.5,0.44,-1.35,0.76
20.739055156707764,-7.800000000000001,2.4000000000000004,-68.0,0.44,-1.29,0.71
20.74919605255127,-7.2,2.3000000000000003,-68.3,0.42,-1.21,0.8
20.76021432876587,-7.300000000000001,2.6,-68.4,0.36,-1.21,0.75
20.769816398620605,-6.9,2.7,-68.2,0.35000000000000003,-1.21,0.74
20.779732704162598,-6.5,2.7,-66.3,0.41000000000000003,-1.17,0.8
20.789188861846924,-7.7,2.0,-67.0,0.39,-1.28,0.75
20.799023866653442,-7.800000000000001,2.4000000000000004,-67.60000000000001,0.4,-1.32,0.74
20.808915853500366,-7.800000000000001,2.4000000000000004,-67.9,0.36,-1.29,0.77
20.819026231765747,-7.6000000000000005,2.4000000000000004,-67.3,0.37,-1.29,0.81
20.82926106452942,-8.1,2.1,-66.5,0.44,-1.37,0.77
20.839101791381836,-8.1,2.1,-66.7,0.44,-1.3800000000000001,0.74
20.84908103942871,-7.9,2.5,-67.5,0.35000000000000003,-1.34,0.79
20.859932899475098,-7.7,3.1,-67.2,0.29,-1.28,0.76
20.870057106018066,-7.800000000000001,2.9000000000000004,-68.9,0.36,-1.29,0.77
20.879103422164917,-7.7,2.4000000000000004,-68.5,0.46,-1.28,0.81
20.889874935150146,-7.0,2.2,-66.10000000000001,0.42,-1.3,0.77
20.899932146072388,-7.800000000000001,2.8000000000000003,-68.7,0.3,-1.24,0.71
20.90899896621704,-7.0,3.1,-68.4,0.36,-1.21,0.8300000000000001
20.918956995010376,-7.7,2.4000000000000004,-68.9,0.4,-1.29,0.79
20.92968440055847,-7.7,2.8000000000000003,-68.60000000000001,0.34,-1.27,0.72
20.939353466033936,-6.800000000000001,3.0,-67.9,0.32,-1.19,0.78
20.94924569129944,-7.5,2.3000000000000003,-68.2,0.41000000000000003,-1.25,0.81
20.959539890289307,-7.800000000000001,2.7,-67.7,0.4,-1.34,0.76
20.96968936920166,-7.6000000000000005,2.9000000000000004,-68.4,0.29,-1.28,0.73
20.979080200195312,-7.4,3.2,-68.2,0.3,-1.27,0.8300000000000001
20.98917555809021,-7.9,2.4000000000000004,-68.0,0.38,-1.33,0.8200000000000001
20.99995255470276,-8.1,2.6,-67.9,0.4,-1.35,0.73
21.00928497314453,-8.3,2.6,-68.4,0.36,-1.35,0.76
21.019044399261475,-7.9,3.1,-67.5,0.33,-1.32,0.8300000000000001
21.029215335845947,-7.800000000000001,2.8000000000000003,-67.7,0.3,-1.35,0.79
21.038992643356323,-7.800000000000001,3.3000000000000003,-67.7,0.32,-1.3,0.74
21.049402475357056,-7.9,2.8000000000000003,-68.3,0.31,-1.32,0.78
21.059138298034668,-7.7,3.0,-68.9,0.37,-1.28,0.81
21.069392681121826,-7.9,3.1,-68.8,0.34,-1.3,0.75
21.079045057296753,-7.300000000000001,3.4000000000000004,-68.60000000000001,0.28,-1.23,0.74
21.089035034179688,-6.9,3.5,-68.8,0.27,-1.2,0.81
21.099413633346558,-7.4,3.1,-68.9,0.32,-1.23,0.76
21.109509468078613,-7.300000000000001,2.8000000000000003,-68.60000000000001,0.37,-1.24,0.75
21.118999004364014,-7.2,2.8000000000000003,-68.3,0.38,-1.26,0.79
21.129478693008423,-7.6000000000000005,2.9000000000000004,-68.8,0.32,-1.27,0.77
21.13907527923584,-7.300000000000001,3.1,-69.0,0.27,-1.23,0.76
21.149094343185425,-6.7,3.0,-68.5,0.31,-1.2,0.8
21.160208702087402,-7.6000000000000005,2.5,-68.8,0.38,-1.25,0.75
21.170058250427246,-8.200000000000001,2.6,-69.0,0.4,-1.32,0.77
21.179893732070923,-8.200000000000001,3.1,-68.7,0.36,-1.32,0.78
21.188949584960938,-8.200000000000001,2.7,-68.3,0.32,-1.34,0.79
21.19897770881653,-8.200000000000001,2.9000000000000004,-68.3,0.32,-1.37,0.79
21.209009170532227,-8.200000000000001,2.6,-68.5,0.35000000000000003,-1.36,0.78
21.22039484977722,-8.1,2.7,-68.10000000000001,0.38,-1.34,0.77
21.22915005683899,-8.3,2.3000000000000003,-69.10000000000001,0.37,-1.35,0.79
21.23947834968567,-7.5,3.2,-68.3,0.35000000000000003,-1.27,0.78
21.249897241592407,-7.6000000000000005,3.1,-68.8,0.28,-1.24,0.73
21.259801626205444,-7.4,3.2,-68.8,0.3,-1.23,0.77
21.269197702407837,-7.4,3.0,-68.4,0.35000000000000003,-1.26,0.79
21.279062032699585,-7.9,2.9000000000000004,-68.5,0.35000000000000003,-1.3,0.77
21.28942584991455,-8.0,3.2,-68.2,0.3,-1.33,0.76
21.298967361450195,-7.7,3.1,-68.60000000000001,0.32,-1.31,0.8
21.308917999267578,-7.5,3.2,-68.7,0.32,-1.27,0.8
21.319237232208252,-7.5,3.3000000000000003,-68.5,0.28,-1.25,0.74
21.329158782958984,-7.0,3.4000000000000004,-68.2,0.29,-1.2,0.76
21.33924388885498,-7.0,3.2,-68.4,0.3,-1.22,0.78
21.34951615333557,-7.2,3.4000000000000004,-68.2,0.29,-1.22,0.76
21.35902237892151,-7.4,3.4000000000000004,-68.60000000000001,0.25,-1.24,0.77
21.369099378585815,-7.6000000000000005,3.5,-68.3,0.26,-1.28,0.78
21.378976583480835,-7.800000000000001,3.5,-68.2,0.28,-1.31,0.78
21.389583587646484,-8.0,3.3000000000000003,-68.2,0.29,-1.31,0.78
21.39925789833069,-7.9,3.2,-68.2,0.29,-1.31,0.77
21.40894651412964,-7.800000000000001,3.4000000000000004,-68.10000000000001,0.28,-1.31,0.78
21.418986797332764,-8.0,3.4000000000000004,-68.4,0.29,-1.33,0.77
21.42991852760315,-8.0,3.4000000000000004,-68.4,0.29,-1.3,0.78
21.438861846923828,-7.7,3.7,-68.10000000000001,0.25,-1.28,0.78
21.449488878250122,-7.6000000000000005,3.7,-67.9,0.25,-1.28,0.77
21.460541009902954,-7.800000000000001,3.2,-68.2,0.28,-1.28,0.78
21.469032526016235,-7.6000000000000005,3.5,-67.7,0.3,-1.28,0.77
21.479959964752197,-7.6000000000000005,3.1,-68.10000000000001,0.31,-1.28,0.77
21.4899685382843,-7.9,3.3000000000000003,-68.10000000000001,0.28,-1.29,0.77
21.499919652938843,-7.800000000000001,3.5,-67.60000000000001,0.29,-1.31,0.77
21.50916886329651,-8.0,2.7,-68.2,0.34,-1.34,0.78
21.519429683685303,-8.0,2.8000000000000003,-67.9,0.34,-1.34,0.77
21.529451847076416,-7.9,2.9000000000000004,-67.8,0.34,-1.32,0.77
21.539089679718018,-7.9,3.1,-67.9,0.33,-1.31,0.76
21.549073934555054,-8.1,2.5,-68.5,0.32,-1.32,0.77
21.56009531021118,-7.800000000000001,2.8000000000000003,-67.9,0.37,-1.29,0.78
21.570159196853638,-7.800000000000001,2.8000000000000003,-67.7,0.37,-1.29,0.74
21.57969045639038,-7.4,2.9000000000000004,-67.8,0.33,-1.27,0.78
21.588944911956787,-7.6000000000000005,3.0,-67.7,0.32,-1.28,0.77
21.59910798072815,-7.800000000000001,3.0,-68.10000000000001,0.33,-1.31,0.75
21.609005212783813,-7.300000000000001,2.9000000000000004,-68.2,0.34,-1.26,0.79
21.619288206100464,-7.300000000000001,3.0,-68.0,0.33,-1.24,0.76
21.62933611869812,-7.0,3.1,-67.8,0.31,-1.2,0.75
21.639686346054077,-6.9,3.2,-67.8,0.29,-1.19,0.76
21.648960828781128,-6.800000000000001,3.6,-67.60000000000001,0.26,-1.19,0.76
21.659500122070312,-7.1000000000000005,3.3000000000000003,-68.0,0.26,-1.23,0.77
21.669663190841675,-7.6000000000000005,3.6,-67.60000000000001,0.28,-1.26,0.78
21.67943048477173,-7.7,3.6,-67.3,0.27,-1.33,0.77
21.688941478729248,-8.200000000000001,3.3000000000000003,-67.9,0.27,-1.35,0.79
21.699076652526855,-8.4,3.8000000000000003,-67.8,0.26,-1.3800000000000001,0.79
21.70924711227417,-8.700000000000001,3.6,-68.10000000000001,0.23,-1.41,0.8
21.71913170814514,-8.700000000000001,3.9000000000000004,-67.7,0.25,-1.3900000000000001,0.79
21.729016304016113,-8.6,3.4000000000000004,-68.10000000000001,0.29,-1.3800000000000001,0.78
21.73937726020813,-8.1,3.5,-67.7,0.3,-1.34,0.78
21.74901032447815,-8.200000000000001,3.4000000000000004,-68.10000000000001,0.3,-1.34,0.77
21.759088277816772,-8.3,3.6,-68.10000000000001,0.28,-1.32,0.75
21.769266605377197,-8.200000000000001,3.3000000000000003,-68.3,0.3,-1.34,0.8
21.779014348983765,-8.1,2.9000000000000004,-67.8,0.3,-1.32,0.78
21.789184093475342,-7.800000000000001,3.3000000000000003,-67.9,0.31,-1.32,0.76
21.800349235534668,-7.300000000000001,2.6,-67.60000000000001,0.32,-1.22,0.77
21.80927538871765,-7.1000000000000005,2.8000000000000003,-67.10000000000001,0.37,-1.24,0.75
21.819339275360107,-7.5,2.4000000000000004,-67.7,0.4,-1.28,0.74
21.828919172286987,-7.5,2.6,-67.5,0.39,-1.3,0.78
21.84004855155945,-7.9,2.8000000000000003,-67.7,0.33,-1.34,0.76
21.849024057388306,-7.7,3.0,-67.8,0.31,-1.3,0.79
21.859106063842773,-7.9,2.8000000000000003,-67.60000000000001,0.33,-1.27,0.74
21.86997628211975,-7.9,2.4000000000000004,-67.4,0.41000000000000003,-1.32,0.76
21.879550218582153,-8.200000000000001,2.3000000000000003,-67.60000000000001,0.43,-1.37,0.77
21.889185190200806,-8.3,2.8000000000000003,-67.8,0.37,-1.33,0.75
21.899861335754395,-8.1,3.1,-67.60000000000001,0.33,-1.33,0.76
21.90982151031494,-8.3,2.7,-67.9,0.35000000000000003,-1.37,0.8
21.919204473495483,-8.6,3.3000000000000003,-67.5,0.33,-1.37,0.75
21.928884029388428,-8.4,3.1,-67.60000000000001,0.31,-1.35,0.75
21.939570426940918,-8.200000000000001,2.9000000000000004,-67.5,0.36,-1.35,0.8
21.949193716049194,-8.6,2.9000000000000004,-67.3,0.34,-1.3900000000000001,0.77
21.95898699760437,-8.5,3.2,-67.3,0.32,-1.3800000000000001,0.72
21.969330072402954,-8.3,3.0,-68.0,0.33,-1.35,0.8
21.979188919067383,-8.4,3.1,-67.2,0.31,-1.3800000000000001,0.8
21.988986492156982,-8.200000000000001,3.3000000000000003,-66.8,0.32,-1.36,0.74
21.99888324737549,-7.1000000000000005,3.0,-66.7,0.32,-1.29,0.8
22.00961661338806,-7.1000000000000005,3.2,-66.9,0.28,-1.28,0.79
22.019384622573853,-7.4,2.9000000000000004,-67.4,0.31,-1.25,0.74
22.029024600982666,-6.9,3.0,-67.0,0.36,-1.17,0.72
22.039607524871826,-7.1000000000000005,2.7,-66.9,0.35000000000000003,-1.23,0.76
22.04912233352661,-7.800000000000001,3.1,-67.2,0.32,-1.32,0.81
22.058969974517822,-8.1,3.4000000000000004,-67.10000000000001,0.28,-1.36,0.74
22.06912112236023,-7.5,3.1,-67.60000000000001,0.29,-1.29,0.8
22.079899549484253,-7.4,2.8000000000000003,-67.4,0.36,-1.25,0.77
22.089091300964355,-7.9,2.3000000000000003,-67.4,0.43,-1.28,0.71
22.098932027816772,-8.1,2.3000000000000003,-67.60000000000001,0.43,-1.29,0.71
22.109402179718018,-8.0,2.3000000000000003,-67.9,0.42,-1.34,0.81
22.119144678115845,-8.700000000000001,2.8000000000000003,-68.3,0.37,-1.41,0.8
22.129206895828247,-8.4,3.2,-68.0,0.32,-1.32,0.71
22.140360593795776,-7.5,2.5,-68.0,0.37,-1.22,0.77
22.14921236038208,-7.2,2.2,-66.4,0.44,-1.28,0.76
22.15898633003235,-7.7,1.9000000000000001,-66.8,0.44,-1.31,0.71
22.16955065727234,-7.5,2.2,-66.9,0.4,-1.29,0.77
22.17992353439331,-7.9,2.6,-66.7,0.36,-1.36,0.79
22.189460039138794,-8.4,2.6,-67.2,0.34,-1.36,0.73
22.198981046676636,-7.800000000000001,2.6,-66.7,0.4,-1.3,0.76
22.20948076248169,-7.800000000000001,1.9000000000000001,-67.10000000000001,0.46,-1.35,0.8200000000000001
22.21943998336792,-8.1,2.1,-67.10000000000001,0.43,-1.32,0.76
22.229334354400635,-7.7,2.4000000000000004,-66.8,0.41000000000000003,-1.25,0.67
22.23923373222351,-7.2,2.0,-67.0,0.42,-1.21,0.73
22.24991488456726,-7.9,2.4000000000000004,-67.10000000000001,0.42,-1.32,0.79
22.259451150894165,-8.8,2.7,-67.7,0.38,-1.4000000000000001,0.78
22.26925253868103,-8.5,3.1,-67.2,0.31,-1.34,0.75
22.279844045639038,-8.0,2.7,-67.10000000000001,0.35000000000000003,-1.31,0.79
22.289716482162476,-7.1000000000000005,2.7,-65.7,0.4,-1.3,0.76
22.299115896224976,-7.1000000000000005,2.3000000000000003,-66.4,0.39,-1.23,0.71
22.30906057357788,-7.1000000000000005,2.6,-67.10000000000001,0.41000000000000003,-1.17,0.73
22.319832801818848,-7.6000000000000005,1.9000000000000001,-67.8,0.47000000000000003,-1.28,0.78
22.329014539718628,-8.0,2.3000000000000003,-66.8,0.37,-1.36,0.76
22.33957314491272,-8.0,3.1,-66.2,0.33,-1.3,0.72
22.34988784790039,-7.4,2.6,-65.8,0.35000000000000003,-1.35,0.81
22.35900354385376,-8.0,2.4000000000000004,-65.8,0.42,-1.3900000000000001,0.76
22.36960506439209,-8.1,2.3000000000000003,-66.4,0.41000000000000003,-1.3800000000000001,0.74
22.37903141975403,-7.300000000000001,2.3000000000000003,-66.7,0.39,-1.23,0.8
22.389216899871826,-7.6000000000000005,2.2,-66.0,0.42,-1.27,0.68
22.3990159034729,-7.800000000000001,1.6,-66.60000000000001,0.48,-1.36,0.74
22.409186840057373,-7.6000000000000005,1.9000000000000001,-66.5,0.52,-1.29,0.77
22.419066429138184,-8.1,1.6,-67.0,0.46,-1.32,0.74
22.428999185562134,-7.800000000000001,2.4000000000000004,-67.0,0.44,-1.29,0.74
22.43928360939026,-7.7,2.4000000000000004,-66.9,0.38,-1.26,0.77
22.449541568756104,-7.5,2.4000000000000004,-66.5,0.41000000000000003,-1.32,0.76
22.458999156951904,-7.5,1.5,-67.5,0.51,-1.22,0.73
22.46912693977356,-7.4,1.7000000000000002,-67.2,0.52,-1.17,0.66
22.479963064193726,-7.2,1.4000000000000001,-67.10000000000001,0.53,-1.21,0.76
22.490052938461304,-7.1000000000000005,1.8,-65.9,0.45,-1.29,0.76
22.49987292289734,-7.7,1.8,-66.10000000000001,0.44,-1.29,0.6900000000000001
22.509840965270996,-7.2,1.6,-66.0,0.46,-1.28,0.77
22.519200325012207,-7.300000000000001,1.9000000000000001,-65.60000000000001,0.46,-1.3,0.79
22.52896213531494,-7.7,2.0,-66.2,0.44,-1.3,0.72
22.539171934127808,-7.2,1.8,-66.5,0.43,-1.27,0.73
22.549526691436768,-7.2,1.6,-66.4,0.49,-1.23,0.72
22.55989694595337,-7.7,1.1,-66.60000000000001,0.54,-1.25,0.71
22.569791555404663,-7.7,1.5,-66.0,0.52,-1.28,0.7000000000000001
22.579922914505005,-8.200000000000001,1.7000000000000002,-66.0,0.48,-1.37,0.78
22.58995246887207,-8.6,1.9000000000000001,-66.4,0.46,-1.3800000000000001,0.8
22.59896421432495,-8.6,2.1,-66.4,0.43,-1.3900000000000001,0.74
22.608989238739014,-8.1,1.8,-66.7,0.46,-1.29,0.73
22.619240045547485,-7.9,1.5,-66.9,0.5,-1.29,0.76
22.628995180130005,-7.800000000000001,1.6,-66.8,0.53,-1.24,0.71
22.639200448989868,-7.6000000000000005,1.1,-67.10000000000001,0.56,-1.16,0.67
22.650267601013184,-7.7,1.4000000000000001,-66.5,0.55,-1.25,0.73
22.659210443496704,-7.300000000000001,1.7000000000000002,-65.10000000000001,0.47000000000000003,-1.36,0.78
22.669089794158936,-8.3,1.5,-67.0,0.51,-1.35,0.76
22.67922854423523,-8.1,1.6,-67.2,0.5,-1.36,0.78
22.689270973205566,-6.7,1.6,-65.10000000000001,0.45,-1.31,0.77
22.699000358581543,-6.7,0.9,-66.2,0.56,-1.16,0.65
22.70943570137024,-6.300000000000001,0.9,-65.5,0.62,-1.07,0.64
22.719238758087158,-6.6000000000000005,0.9,-65.0,0.58,-1.22,0.73
22.729095220565796,-7.9,1.1,-66.10000000000001,0.52,-1.35,0.78
22.73926067352295,-8.6,1.9000000000000001,-66.2,0.43,-1.44,0.77
22.749988079071045,-7.9,1.8,-66.2,0.43,-1.34,0.78
22.76021647453308,-7.0,1.0,-66.10000000000001,0.56,-1.18,0.71
22.769129037857056,-7.2,0.6000000000000001,-66.4,0.64,-1.1300000000000001,0.64
22.77959680557251,-7.1000000000000005,0.5,-65.60000000000001,0.66,-1.21,0.7000000000000001
22.78899574279785,-7.6000000000000005,1.1,-65.60000000000001,0.5700000000000001,-1.35,0.81
22.79906177520752,-8.5,1.6,-66.5,0.48,-1.34,0.6900000000000001
22.808989763259888,-8.0,1.5,-67.10000000000001,0.47000000000000003,-1.29,0.74
22.81945490837097,-7.7,1.4000000000000001,-66.8,0.56,-1.26,0.76
22.829471826553345,-7.800000000000001,0.7000000000000001,-67.10000000000001,0.62,-1.22,0.7000000000000001
22.839259147644043,-7.7,0.6000000000000001,-66.7,0.66,-1.17,0.66
22.849036693572998,-7.7,0.4,-66.10000000000001,0.65,-1.25,0.73
22.859719038009644,-8.4,0.9,-65.8,0.59,-1.4000000000000001,0.78
22.869086027145386,-7.9,1.3,-65.7,0.46,-1.43,0.79
22.878972053527832,-7.5,1.1,-66.2,0.53,-1.24,0.72
22.88925004005432,-6.800000000000001,0.4,-65.10000000000001,0.61,-1.22,0.7000000000000001
22.89898705482483,-6.800000000000001,0.4,-65.2,0.67,-1.22,0.72
22.908939838409424,-7.0,0.1,-65.8,0.65,-1.18,0.68
22.919569492340088,-7.300000000000001,0.9,-65.4,0.56,-1.25,0.71
22.929441213607788,-7.4,0.9,-65.9,0.56,-1.26,0.76
22.938952207565308,-7.300000000000001,1.0,-65.10000000000001,0.5700000000000001,-1.23,0.72
22.949055671691895,-6.5,0.8,-65.2,0.59,-1.18,0.76
22.959317445755005,-6.9,0.8,-65.3,0.5700000000000001,-1.21,0.72
22.9691481590271,-7.1000000000000005,0.5,-65.7,0.58,-1.16,0.67
22.97905206680298,-6.9,-0.2,-65.9,0.73,-1.1,0.65
22.989317893981934,-7.7,-0.2,-65.7,0.74,-1.26,0.72
22.99953842163086,-8.0,0.9,-65.2,0.6,-1.34,0.78
23.008931875228882,-7.9,0.8,-65.9,0.56,-1.3,0.73
23.019251585006714,-8.1,0.7000000000000001,-66.4,0.58,-1.25,0.72
23.029168844223022,-8.3,0.5,-66.60000000000001,0.62,-1.31,0.76
23.04023766517639,-7.5,0.30000000000000004,-65.8,0.7000000000000001,-1.24,0.72
23.049115419387817,-6.7,-0.0,-65.5,0.66,-1.18,0.66
23.05946183204651,-7.300000000000001,-0.0,-65.2,0.7000000000000001,-1.19,0.68
23.069024085998535,-7.300000000000001,0.6000000000000001,-64.7,0.62,-1.35,0.78
23.079992294311523,-8.1,1.4000000000000001,-65.3,0.52,-1.36,0.79
23.089428424835205,-8.0,1.0,-65.4,0.47000000000000003,-1.35,0.74
23.099062204360962,-6.9,0.30000000000000004,-65.10000000000001,0.66,-1.12,0.67
23.109989643096924,-6.6000000000000005,-1.2000000000000002,-65.3,0.84,-1.11,0.6900000000000001
23.119032859802246,-7.1000000000000005,-0.30000000000000004,-64.60000000000001,0.8,-1.23,0.72
23.12930965423584,-7.800000000000001,0.1,-65.5,0.63,-1.26,0.66
23.139768838882446,-7.300000000000001,1.3,-65.4,0.51,-1.24,0.74
23.149198293685913,-7.7,0.5,-66.10000000000001,0.6,-1.16,0.76
23.15897011756897,-7.800000000000001,-0.30000000000000004,-65.3,0.7000000000000001,-1.22,0.65
23.169005155563354,-6.7,-0.1,-64.10000000000001,0.8,-1.19,0.73
23.179770708084106,-7.2,-0.2,-65.5,0.68,-1.23,0.77
23.18944239616394,-7.5,0.6000000000000001,-65.9,0.5700000000000001,-1.18,0.68
23.198947191238403,-6.9,0.1,-65.4,0.67,-1.05,0.6
23.209282875061035,-6.5,-0.7000000000000001,-65.2,0.77,-1.1,0.71
23.219521284103394,-7.800000000000001,-0.6000000000000001,-65.3,0.76,-1.35,0.8200000000000001
23.22900152206421,-8.0,0.1,-65.3,0.65,-1.35,0.68
23.239109992980957,-7.800000000000001,-0.1,-65.7,0.66,-1.21,0.64
23.249509811401367,-6.7,0.2,-65.0,0.63,-1.19,0.77
23.25914716720581,-6.800000000000001,-0.2,-65.2,0.72,-1.16,0.73
23.269165992736816,-7.5,-0.6000000000000001,-64.7,0.75,-1.2,0.61
23.279190063476562,-7.7,-0.30000000000000004,-64.8,0.74,-1.34,0.75
23.289199590682983,-7.9,-0.2,-65.0,0.7000000000000001,-1.36,0.8
23.299012184143066,-7.5,0.1,-65.10000000000001,0.63,-1.26,0.7000000000000001
23.308967351913452,-6.800000000000001,-0.0,-65.5,0.67,-1.08,0.65
23.31902241706848,-6.800000000000001,-0.30000000000000004,-65.10000000000001,0.71,-1.1500000000000001,0.71
23.32899498939514,-6.800000000000001,-0.0,-64.60000000000001,0.7000000000000001,-1.2,0.73
23.33906102180481,-6.300000000000001,-0.0,-64.10000000000001,0.71,-1.17,0.7000000000000001
23.34975242614746,-6.6000000000000005,-0.2,-65.3,0.68,-1.12,0.6900000000000001
23.35970377922058,-6.5,-0.2,-65.5,0.6900000000000001,-1.06,0.68
23.36930775642395,-5.9,-0.0,-64.2,0.7000000000000001,-1.12,0.66
23.37994933128357,-7.0,-0.6000000000000001,-65.0,0.76,-1.18,0.72
23.389876127243042,-7.1000000000000005,-0.1,-65.0,0.67,-1.27,0.79
23.399884462356567,-7.800000000000001,-0.0,-65.5,0.66,-1.28,0.67
23.409923791885376,-6.5,-0.1,-64.4,0.71,-1.1400000000000001,0.6900000000000001
23.420188665390015,-5.9,-0.1,-64.4,0.71,-1.04,0.73
23.429527521133423,-6.7,-0.5,-64.9,0.6900000000000001,-1.1,0.67
23.43899893760681,-7.4,-0.7000000000000001,-63.800000000000004,0.78,-1.2,0.65
23.449064016342163,-7.800000000000001,-1.2000000000000002,-64.0,0.8300000000000001,-1.31,0.7000000000000001
23.45985460281372,-7.6000000000000005,-0.5,-63.300000000000004,0.74,-1.37,0.81
23.46934175491333,-8.0,-0.7000000000000001,-65.0,0.6900000000000001,-1.3,0.73
23.479220151901245,-7.2,-0.7000000000000001,-64.7,0.78,-1.08,0.58
23.489595890045166,-6.4,-1.7000000000000002,-64.7,0.89,-1.06,0.7000000000000001
23.499297857284546,-7.5,-1.1,-64.10000000000001,0.85,-1.24,0.74
23.509249448776245,-8.3,-0.5,-64.5,0.72,-1.36,0.6900000000000001
23.518986225128174,-7.800000000000001,-0.0,-65.0,0.6900000000000001,-1.25,0.73
23.529674291610718,-7.1000000000000005,-0.30000000000000004,-65.4,0.6900000000000001,-1.1500000000000001,0.76
23.539543390274048,-6.6000000000000005,-0.2,-65.10000000000001,0.6900000000000001,-1.1400000000000001,0.72
23.54900550842285,-6.0,-0.6000000000000001,-65.0,0.77,-0.98,0.64
23.55996561050415,-5.4,-1.3,-65.2,0.8300000000000001,-0.93,0.64
23.569748640060425,-5.800000000000001,-0.4,-63.900000000000006,0.76,-1.1500000000000001,0.71
23.57908868789673,-6.7,-0.5,-64.7,0.72,-1.1500000000000001,0.67
23.589966297149658,-6.4,-0.0,-64.5,0.67,-1.1,0.72
23.599254846572876,-6.800000000000001,0.1,-64.0,0.65,-1.23,0.81
23.609349966049194,-7.800000000000001,-0.9,-64.8,0.74,-1.23,0.65
23.619021892547607,-6.800000000000001,-0.9,-64.2,0.81,-1.18,0.6900000000000001
23.63014817237854,-6.4,-1.2000000000000002,-64.4,0.84,-1.09,0.72
23.639020919799805,-7.0,-1.2000000000000002,-65.10000000000001,0.78,-1.18,0.6900000000000001
23.6490740776062,-7.6000000000000005,-0.8,-64.9,0.8,-1.1500000000000001,0.61
23.65939497947693,-7.2,-1.3,-64.60000000000001,0.8,-1.26,0.78
23.669406414031982,-8.1,-0.7000000000000001,-64.2,0.76,-1.3800000000000001,0.8
23.6790452003479,-8.3,-1.3,-65.10000000000001,0.8,-1.31,0.66
23.68896985054016,-7.1000000000000005,-0.9,-64.5,0.86,-1.1300000000000001,0.65
23.699073553085327,-6.800000000000001,-1.1,-65.3,0.79,-1.16,0.76
23.70903992652893,-6.2,-0.30000000000000004,-64.2,0.71,-1.1,0.73
23.719046354293823,-6.4,-0.9,-65.4,0.74,-1.07,0.64
23.72961664199829,-6.300000000000001,-1.2000000000000002,-65.10000000000001,0.8200000000000001,-1.08,0.66
23.739848852157593,-6.4,-1.4000000000000001,-65.10000000000001,0.88,-1.1400000000000001,0.71
23.74898886680603,-5.9,-0.8,-65.0,0.76,-1.09,0.6900000000000001
23.759378910064697,-6.2,-0.6000000000000001,-65.2,0.72,-1.04,0.65
23.769684314727783,-6.1000000000000005,0.30000000000000004,-64.0,0.64,-1.1500000000000001,0.8
23.77925443649292,-6.2,-0.2,-64.60000000000001,0.7000000000000001,-1.09,0.72
23.78898549079895,-6.4,-0.8,-65.10000000000001,0.78,-1.03,0.6
23.79937434196472,-5.9,-1.2000000000000002,-64.4,0.85,-1.03,0.67
23.809175968170166,-6.2,-1.0,-64.0,0.81,-1.1500000000000001,0.76
23.81892442703247,-6.9,-1.3,-65.2,0.79,-1.12,0.6900000000000001
23.830668449401855,-7.2,-1.3,-64.7,0.8300000000000001,-1.1400000000000001,0.64
23.838929414749146,-7.4,-1.5,-63.900000000000006,0.85,-1.31,0.74
23.848958015441895,-7.1000000000000005,-1.9000000000000001,-64.4,0.91,-1.24,0.72
23.859366416931152,-7.300000000000001,-1.4000000000000001,-64.2,0.84,-1.26,0.71
23.869056224822998,-8.1,-1.1,-64.9,0.79,-1.26,0.72
23.879337549209595,-6.9,-1.5,-64.7,0.8,-1.1400000000000001,0.67
23.889001607894897,-6.1000000000000005,-1.4000000000000001,-63.6,0.88,-1.06,0.66
23.89914107322693,-6.1000000000000005,-2.0,-64.5,0.89,-1.07,0.7000000000000001
23.909197092056274,-6.5,-1.0,-64.10000000000001,0.78,-1.18,0.71
23.9190354347229,-6.6000000000000005,-0.4,-64.5,0.7000000000000001,-1.18,0.71
23.930417776107788,-6.2,-0.8,-65.4,0.73,-1.08,0.71
23.939859628677368,-5.5,-0.8,-64.4,0.79,-1.04,0.67
23.949015855789185,-6.0,-1.5,-65.4,0.86,-0.99,0.62
23.959317445755005,-4.9,-0.9,-63.800000000000004,0.8,-1.04,0.64
23.96944260597229,-6.2,0.5,-63.400000000000006,0.62,-1.2,0.8200000000000001
23.979430675506592,-6.800000000000001,-0.4,-64.3,0.62,-1.23,0.73
23.98897886276245,-6.2,-0.9,-64.3,0.8300000000000001,-1.01,0.6
23.99929165840149,-5.9,-2.5,-64.9,0.99,-0.99,0.65
24.009395837783813,-6.800000000000001,-1.8,-64.3,0.91,-1.17,0.73
24.018933057785034,-7.2,-1.4000000000000001,-64.60000000000001,0.8200000000000001,-1.19,0.71
24.02960443496704,-7.2,-1.7000000000000002,-64.8,0.8300000000000001,-1.18,0.68
24.039144277572632,-7.6000000000000005,-1.2000000000000002,-63.900000000000006,0.8300000000000001,-1.3,0.74
24.049017190933228,-7.4,-1.4000000000000001,-64.4,0.8300000000000001,-1.24,0.72
24.0592679977417,-6.800000000000001,-1.9000000000000001,-64.3,0.85,-1.19,0.7000000000000001
24.07026958465576,-6.300000000000001,-1.2000000000000002,-64.10000000000001,0.84,-1.1,0.7000000000000001
24.079031467437744,-5.5,-0.8,-64.9,0.75,-1.04,0.65
24.08898615837097,-5.0,-1.2000000000000002,-64.5,0.81,-0.92,0.6
24.099022150039673,-5.5,-1.5,-64.60000000000001,0.8200000000000001,-1.03,0.74
24.109112977981567,-6.7,-1.0,-64.10000000000001,0.81,-1.21,0.76
24.11894464492798,-7.0,-1.3,-64.7,0.79,-1.19,0.65
24.129103183746338,-5.800000000000001,-0.8,-64.9,0.8,-1.01,0.63
24.1399085521698,-5.0,-0.8,-65.10000000000001,0.71,-0.9400000000000001,0.73
24.14897394180298,-5.2,-0.7000000000000001,-63.6,0.77,-1.01,0.68
24.159003734588623,-5.9,-2.1,-64.3,0.92,-1.04,0.6
24.169386386871338,-6.800000000000001,-1.4000000000000001,-64.10000000000001,0.85,-1.23,0.72
24.179922103881836,-7.6000000000000005,-1.1,-64.4,0.78,-1.32,0.78
24.18985939025879,-7.300000000000001,-1.6,-64.8,0.8,-1.2,0.67
24.199836492538452,-6.7,-2.4000000000000004,-64.60000000000001,0.9500000000000001,-1.07,0.6
24.210062265396118,-6.2,-2.3000000000000003,-63.7,0.98,-1.1300000000000001,0.6900000000000001
24.219056129455566,-6.800000000000001,-1.8,-63.800000000000004,0.88,-1.2,0.72
24.22989797592163,-7.1000000000000005,-1.5,-63.800000000000004,0.79,-1.25,0.66
24.23906946182251,-6.4,-0.9,-63.300000000000004,0.78,-1.2,0.74
24.249921321868896,-5.800000000000001,-1.9000000000000001,-64.0,0.86,-1.04,0.63
24.25902247428894,-5.300000000000001,-1.9000000000000001,-64.60000000000001,0.86,-1.01,0.67
24.2695209980011,-5.4,-1.6,-64.0,0.9,-0.98,0.62
24.27970862388611,-5.4,-1.4000000000000001,-63.900000000000006,0.8,-1.1300000000000001,0.7000000000000001
24.288930416107178,-6.0,-0.5,-64.60000000000001,0.74,-1.06,0.71
24.298890113830566,-6.0,-0.9,-64.3,0.72,-1.1,0.65
24.310184001922607,-6.1000000000000005,-0.7000000000000001,-64.9,0.71,-1.1,0.73
24.319116830825806,-5.5,-1.0,-64.4,0.81,-1.02,0.7000000000000001
24.32918691635132,-5.5,-1.8,-64.7,0.89,-0.99,0.6
24.339874029159546,-5.6000000000000005,-1.3,-64.0,0.8200000000000001,-1.08,0.71
24.349326848983765,-6.4,-0.9,-64.4,0.75,-1.1400000000000001,0.76
24.358978748321533,-6.6000000000000005,-1.6,-65.3,0.77,-1.08,0.67
24.36910891532898,-6.7,-2.0,-64.8,0.93,-1.07,0.64
24.37917447090149,-6.9,-2.4000000000000004,-64.0,0.96,-1.29,0.74
24.389044761657715,-7.300000000000001,-2.1,-64.0,0.89,-1.29,0.74
24.39897632598877,-6.800000000000001,-1.7000000000000002,-64.7,0.84,-1.1500000000000001,0.65
24.409139394760132,-6.300000000000001,-1.8,-64.7,0.85,-1.06,0.67
24.419039726257324,-6.300000000000001,-2.1,-64.5,0.88,-1.12,0.7000000000000001
24.429110288619995,-6.5,-2.0,-64.4,0.88,-1.16,0.6900000000000001
24.44006609916687,-6.7,-2.3000000000000003,-65.0,0.88,-1.1500000000000001,0.68
24.449316024780273,-6.0,-1.6,-64.7,0.85,-1.1400000000000001,0.6900000000000001
24.458996772766113,-5.5,-1.9000000000000001,-64.5,0.88,-1.01,0.64
24.469183921813965,-4.4,-1.2000000000000002,-63.800000000000004,0.79,-0.9400000000000001,0.6900000000000001
24.47993040084839,-5.1000000000000005,-0.8,-63.800000000000004,0.6900000000000001,-1.08,0.72
24.48986315727234,-6.1000000000000005,-1.0,-64.4,0.76,-1.1400000000000001,0.66
24.49976658821106,-5.4,-2.2,-65.10000000000001,0.96,-0.96,0.6
24.509930849075317,-4.9,-1.7000000000000002,-64.7,0.91,-0.93,0.67
24.5199191570282,-5.6000000000000005,-0.7000000000000001,-64.8,0.7000000000000001,-1.03,0.76
24.528909921646118,-6.5,-0.8,-64.4,0.68,-1.1300000000000001,0.66
24.539694786071777,-6.2,-1.6,-64.0,0.86,-1.11,0.65
24.55048370361328,-6.2,-2.1,-64.0,0.9,-1.19,0.77
24.559052228927612,-7.0,-2.4000000000000004,-65.60000000000001,0.9400000000000001,-1.16,0.6
24.56940746307373,-5.9,-2.6,-64.3,0.97,-1.1,0.59
24.57927894592285,-6.0,-2.2,-63.800000000000004,0.92,-1.16,0.74
24.589077949523926,-7.2,-1.9000000000000001,-64.5,0.81,-1.25,0.73
24.598880767822266,-6.9,-1.9000000000000001,-64.7,0.84,-1.2,0.64
24.609212160110474,-6.300000000000001,-2.4000000000000004,-65.10000000000001,0.9500000000000001,-1.06,0.67
24.61985182762146,-5.9,-2.4000000000000004,-65.2,0.92,-1.1,0.6900000000000001
24.629151344299316,-5.800000000000001,-1.6,-65.2,0.8,-1.06,0.67
24.64006805419922,-5.4,-1.8,-64.7,0.81,-0.99,0.64
24.650202751159668,-6.0,-1.4000000000000001,-65.3,0.79,-1.11,0.72
24.659847736358643,-6.4,-1.3,-64.9,0.85,-1.09,0.65
24.669044256210327,-6.0,-1.8,-65.60000000000001,0.8300000000000001,-1.06,0.68
24.679555654525757,-5.6000000000000005,-0.5,-64.5,0.74,-1.07,0.73
24.68932580947876,-5.9,-0.6000000000000001,-64.60000000000001,0.6900000000000001,-1.12,0.71
24.699801206588745,-5.5,-1.5,-65.2,0.79,-0.97,0.63
24.70937418937683,-5.2,-2.4000000000000004,-65.10000000000001,0.9,-0.97,0.65
24.720261812210083,-5.6000000000000005,-2.8000000000000003,-65.5,0.96,-0.99,0.66
24.729098796844482,-6.0,-2.0,-64.4,0.88,-1.17,0.6900000000000001
24.739410638809204,-7.2,-2.7,-65.10000000000001,0.93,-1.2,0.64
24.74949049949646,-6.800000000000001,-2.3000000000000003,-64.8,0.89,-1.27,0.74
24.759268045425415,-6.6000000000000005,-1.9000000000000001,-64.8,0.85,-1.1500000000000001,0.73
24.769659519195557,-6.4,-2.1,-64.8,0.8300000000000001,-1.16,0.64
24.77923822402954,-5.9,-2.6,-64.9,0.9500000000000001,-1.06,0.65
24.789961576461792,-5.4,-3.2,-65.0,1.0,-1.01,0.64
24.7989342212677,-5.800000000000001,-2.7,-64.7,0.93,-1.11,0.66
24.809889554977417,-5.800000000000001,-1.9000000000000001,-64.2,0.87,-1.1,0.67
24.819173097610474,-6.2,-1.7000000000000002,-65.7,0.78,-1.1300000000000001,0.71
24.82902431488037,-5.2,-1.4000000000000001,-64.3,0.81,-1.05,0.67
24.83967661857605,-5.0,-1.7000000000000002,-64.60000000000001,0.8,-1.04,0.66
24.849621772766113,-5.2,-1.3,-65.7,0.79,-1.0,0.66
24.859734058380127,-5.2,-1.8,-66.10000000000001,0.81,-0.93,0.64
24.869085550308228,-5.6000000000000005,-1.9000000000000001,-66.10000000000001,0.84,-0.97,0.66
24.87913227081299,-5.800000000000001,-1.3,-65.2,0.85,-1.08,0.7000000000000001
24.889069080352783,-6.4,-1.4000000000000001,-65.2,0.76,-1.2,0.73
24.898979902267456,-6.6000000000000005,-2.0,-65.4,0.79,-1.16,0.7000000000000001
24.90917181968689,-5.800000000000001,-2.2,-65.2,0.91,-1.07,0.66
24.91899585723877,-6.0,-2.6,-66.2,0.91,-1.06,0.64
24.9299738407135,-6.300000000000001,-2.7,-65.60000000000001,0.97,-1.09,0.65
24.939088582992554,-6.7,-3.2,-66.2,0.96,-1.1500000000000001,0.67
24.94947624206543,-6.7,-3.1,-65.5,1.0,-1.1400000000000001,0.63
24.959083318710327,-6.6000000000000005,-2.8000000000000003,-65.3,0.93,-1.22,0.72
24.969537496566772,-6.6000000000000005,-1.9000000000000001,-65.2,0.85,-1.17,0.71
24.97902011871338,-6.6000000000000005,-2.2,-65.3,0.84,-1.2,0.65
24.98909068107605,-5.300000000000001,-2.3000000000000003,-65.0,0.9400000000000001,-1.03,0.64
24.99912977218628,-4.800000000000001,-2.3000000000000003,-65.2,0.87,-1.02,0.66
25.009148120880127,-4.9,-2.0,-65.5,0.8200000000000001,-0.99,0.66
25.019041776657104,-4.9,-2.0,-65.5,0.8200000000000001,-1.0,0.64
25.0293025970459,-5.0,-2.1,-65.60000000000001,0.84,-1.0,0.64
25.039286136627197,-5.300000000000001,-2.1,-65.8,0.86,-1.05,0.68
25.049049139022827,-5.6000000000000005,-2.0,-66.0,0.84,-1.07,0.68
25.05908513069153,-6.0,-2.0,-66.0,0.85,-1.07,0.66
25.06925392150879,-6.0,-1.8,-66.0,0.85,-1.05,0.67
25.08002781867981,-5.800000000000001,-1.8,-66.4,0.8200000000000001,-1.03,0.68
25.08982825279236,-5.9,-2.0,-66.4,0.8,-1.02,0.67
25.099812984466553,-6.0,-2.4000000000000004,-66.9,0.89,-0.98,0.65
25.110010147094727,-6.0,-2.8000000000000003,-65.5,0.97,-1.1300000000000001,0.65
25.11956524848938,-6.800000000000001,-3.3000000000000003,-65.7,0.99,-1.23,0.6900000000000001
25.129003763198853,-7.0,-2.6,-65.7,0.9500000000000001,-1.24,0.68
25.139777421951294,-6.4,-2.6,-66.0,0.9,-1.19,0.68
25.149109601974487,-6.1000000000000005,-2.7,-66.2,0.89,-1.12,0.66
25.15907597541809,-5.5,-2.6,-66.2,0.9,-1.0,0.63
25.17008399963379,-5.5,-3.0,-66.10000000000001,0.9500000000000001,-1.06,0.65
25.17923593521118,-6.300000000000001,-2.9000000000000004,-66.60000000000001,0.92,-1.19,0.67
25.188974857330322,-6.0,-2.7,-66.0,0.9500000000000001,-1.1,0.64
25.198916912078857,-5.6000000000000005,-2.6,-66.0,0.9,-1.08,0.6900000000000001
25.210212469100952,-6.0,-1.3,-66.7,0.76,-1.06,0.71
25.219930410385132,-5.5,-1.7000000000000002,-66.7,0.77,-1.01,0.63
25.229158639907837,-4.800000000000001,-2.3000000000000003,-66.8,0.92,-0.87,0.59
25.239375591278076,-4.800000000000001,-3.0,-67.2,0.9500000000000001,-0.89,0.65
25.249491453170776,-5.5,-1.6,-65.7,0.8200000000000001,-1.09,0.73
25.258896589279175,-6.1000000000000005,-1.7000000000000002,-65.7,0.77,-1.2,0.6900000000000001
25.269139528274536,-6.0,-2.3000000000000003,-66.5,0.88,-1.11,0.63
25.279978036880493,-5.300000000000001,-2.1,-66.5,0.91,-1.02,0.65
25.289889335632324,-5.0,-2.2,-66.7,0.85,-0.99,0.68
25.29884696006775,-5.1000000000000005,-2.4000000000000004,-67.0,0.85,-0.93,0.64
25.309264421463013,-5.4,-2.7,-67.4,0.88,-0.9500000000000001,0.63
25.319711446762085,-6.300000000000001,-2.6,-66.3,0.93,-1.2,0.67
25.329007625579834,-6.9,-3.0,-65.8,1.0,-1.27,0.7000000000000001
25.33901572227478,-6.5,-3.6,-66.5,0.9500000000000001,-1.18,0.65
25.35059142112732,-6.1000000000000005,-3.3000000000000003,-67.10000000000001,0.98,-1.09,0.65
25.35902500152588,-6.0,-3.1,-66.4,0.97,-1.12,0.66
25.369206428527832,-5.2,-3.3000000000000003,-66.4,0.96,-1.03,0.62
25.37999176979065,-5.5,-3.2,-66.9,0.9400000000000001,-1.03,0.63
25.3900728225708,-6.2,-2.6,-67.2,0.86,-1.1400000000000001,0.71
25.399847984313965,-6.2,-2.5,-66.9,0.89,-1.09,0.66
25.409968376159668,-5.7,-2.7,-66.9,0.9400000000000001,-1.02,0.64
25.41983151435852,-5.300000000000001,-2.4000000000000004,-66.7,0.9,-0.99,0.66
25.4290292263031,-5.2,-2.2,-67.0,0.8200000000000001,-1.0,0.67
25.43928289413452,-5.1000000000000005,-2.1,-66.8,0.8300000000000001,-0.99,0.64
25.450125694274902,-5.1000000000000005,-2.3000000000000003,-66.5,0.9,-1.03,0.65
25.459338665008545,-5.300000000000001,-2.5,-66.9,0.88,-1.03,0.65
25.46919584274292,-4.5,-1.9000000000000001,-66.9,0.8200000000000001,-0.88,0.64
25.479113817214966,-4.800000000000001,-2.7,-67.60000000000001,0.84,-0.9400000000000001,0.66
25.489955186843872,-5.6000000000000005,-2.5,-67.0,0.89,-1.07,0.67
25.499231338500977,-6.2,-2.8000000000000003,-66.60000000000001,0.9500000000000001,-1.1500000000000001,0.65
25.508970499038696,-5.9,-3.4000000000000004,-67.3,0.99,-1.04,0.64
25.519283533096313,-5.7,-2.9000000000000004,-66.9,0.93,-1.09,0.65
25.529074907302856,-5.9,-2.9000000000000004,-67.5,0.9,-1.1,0.68
25.53925585746765,-6.0,-2.8000000000000003,-66.9,0.9,-1.12,0.65
25.549418210983276,-5.800000000000001,-3.4000000000000004,-67.5,0.9500000000000001,-1.05,0.65
25.56027126312256,-6.1000000000000005,-3.3000000000000003,-67.5,0.99,-1.09,0.65
25.569361925125122,-6.4,-3.6,-67.7,0.98,-1.11,0.67
25.578989267349243,-6.1000000000000005,-3.3000000000000003,-67.5,1.01,-1.07,0.63
25.589816093444824,-5.9,-3.4000000000000004,-67.2,0.96,-1.11,0.64
25.598957777023315,-5.9,-2.5,-67.0,0.91,-1.1400000000000001,0.68
25.60898518562317,-5.5,-2.6,-67.2,0.89,-1.0,0.63
25.619182109832764,-5.1000000000000005,-3.0,-67.8,0.9,-0.96,0.63
25.629821062088013,-5.1000000000000005,-2.4000000000000004,-67.2,0.89,-1.02,0.64
25.63900351524353,-5.1000000000000005,-2.4000000000000004,-67.10000000000001,0.87,-1.01,0.67
25.64930772781372,-5.0,-2.7,-67.8,0.88,-0.93,0.65
25.659918785095215,-4.800000000000001,-2.4000000000000004,-67.60000000000001,0.86,-0.93,0.63
25.669976711273193,-5.0,-2.4000000000000004,-67.4,0.87,-0.9500000000000001,0.64
25.680118799209595,-5.1000000000000005,-2.6,-67.5,0.91,-1.01,0.64
25.690054655075073,-5.2,-2.6,-67.9,0.92,-0.96,0.62
25.699659824371338,-5.5,-3.0,-68.0,0.91,-1.0,0.66
25.70894694328308,-5.4,-2.7,-67.2,0.89,-1.06,0.67
25.719181776046753,-5.800000000000001,-2.6,-67.2,0.89,-1.1,0.68
25.72993779182434,-6.2,-2.8000000000000003,-67.4,0.9,-1.1400000000000001,0.65
25.73926854133606,-6.1000000000000005,-3.7,-68.3,1.03,-1.09,0.64
25.749150276184082,-5.4,-3.7,-68.3,1.0,-0.98,0.63
25.75957441329956,-5.6000000000000005,-3.6,-68.3,0.9400000000000001,-1.01,0.64
25.76914358139038,-5.7,-3.4000000000000004,-67.9,0.98,-1.08,0.63
25.779157161712646,-5.9,-3.8000000000000003,-68.3,1.0,-1.07,0.66
25.78918147087097,-5.800000000000001,-3.1,-67.8,0.98,-1.06,0.64
25.798985719680786,-5.800000000000001,-3.1,-68.0,0.92,-1.05,0.64
25.80892038345337,-5.4,-3.0,-68.10000000000001,0.93,-1.01,0.65
25.819116592407227,-4.9,-2.6,-67.7,0.89,-0.99,0.65
25.829535007476807,-5.0,-2.5,-68.0,0.86,-0.9500000000000001,0.66
25.838956356048584,-5.0,-2.7,-68.10000000000001,0.87,-0.96,0.65
25.849259853363037,-5.2,-3.0,-67.9,0.9500000000000001,-0.99,0.63
25.859941005706787,-5.300000000000001,-3.1,-67.7,0.9500000000000001,-1.01,0.63
25.86919355392456,-5.4,-2.9000000000000004,-67.9,0.9400000000000001,-1.01,0.64
25.879122018814087,-5.2,-3.0,-67.9,0.91,-0.99,0.64
25.889339685440063,-5.0,-2.9000000000000004,-68.0,0.9,-0.96,0.64
25.899553298950195,-5.2,-3.2,-68.3,0.91,-0.97,0.64
25.909069538116455,-5.5,-3.1,-67.7,0.99,-1.06,0.63
25.919161081314087,-5.6000000000000005,-3.8000000000000003,-68.10000000000001,1.0,-1.04,0.64
25.929512977600098,-5.7,-3.6,-68.2,0.99,-1.07,0.64
25.939167976379395,-5.6000000000000005,-3.3000000000000003,-68.0,0.96,-1.05,0.64
25.9493305683136,-5.6000000000000005,-3.9000000000000004,-68.9,0.98,-1.02,0.64
25.959096670150757,-5.300000000000001,-3.5,-68.4,0.99,-1.0,0.63
25.969998836517334,-5.4,-3.4000000000000004,-68.5,0.9500000000000001,-1.01,0.65
25.979029417037964,-5.6000000000000005,-3.2,-68.5,0.9500000000000001,-1.04,0.63
25.989200115203857,-5.300000000000001,-3.0,-68.3,0.9400000000000001,-0.98,0.64
25.9998300075531,-5.1000000000000005,-3.2,-68.7,0.91,-0.99,0.65
26.009583473205566,-5.1000000000000005,-2.3000000000000003,-68.10000000000001,0.87,-1.0,0.65
26.018929481506348,-5.1000000000000005,-2.6,-68.4,0.86,-0.96,0.64
26.029831886291504,-5.1000000000000005,-2.7,-68.2,0.88,-0.99,0.64
26.03906798362732,-5.2,-3.0,-68.7,0.91,-0.97,0.65
26.049049377441406,-5.0,-2.8000000000000003,-68.2,0.92,-0.97,0.63
26.059670209884644,-5.2,-3.3000000000000003,-68.60000000000001,0.93,-0.99,0.64
26.069297790527344,-5.300000000000001,-3.2,-68.4,0.96,-1.01,0.64
26.079520225524902,-5.4,-3.3000000000000003,-68.60000000000001,0.93,-1.01,0.64
26.088919162750244,-5.2,-3.5,-68.60000000000001,0.97,-0.99,0.64
26.09938359260559,-5.1000000000000005,-3.3000000000000003,-68.3,0.96,-0.99,0.63
26.10926604270935,-5.0,-3.3000000000000003,-68.5,0.9400000000000001,-0.97,0.64
26.119242906570435,-5.1000000000000005,-3.4000000000000004,-68.7,0.9500000000000001,-0.98,0.63
26.13006854057312,-5.2,-3.4000000000000004,-68.60000000000001,0.96,-0.99,0.64
26.139150142669678,-5.300000000000001,-3.3000000000000003,-68.4,0.97,-1.02,0.64
26.14899230003357,-5.5,-3.8000000000000003,-69.0,0.96,-1.01,0.65
26.16013240814209,-5.4,-3.4000000000000004,-68.2,0.98,-1.05,0.64
26.169219493865967,-5.4,-3.4000000000000004,-68.4,0.96,-1.04,0.64
26.178991079330444,-5.1000000000000005,-3.5,-68.8,0.9500000000000001,-0.96,0.63
26.188987970352173,-5.1000000000000005,-3.3000000000000003,-68.7,0.9500000000000001,-0.97,0.63
26.19930601119995,-5.4,-3.7,-69.10000000000001,0.97,-1.0,0.64
26.209094524383545,-5.300000000000001,-3.0,-68.2,0.96,-1.04,0.63
26.21908664703369,-5.4,-3.6,-69.2,0.9400000000000001,-0.98,0.65
26.229748010635376,-5.1000000000000005,-3.0,-68.3,0.93,-1.0,0.63
26.23909282684326,-5.0,-3.2,-68.9,0.91,-0.96,0.65
26.249221563339233,-5.0,-3.1,-68.60000000000001,0.92,-0.98,0.63
26.2590651512146,-4.9,-3.0,-68.60000000000001,0.93,-0.9500000000000001,0.63
26.26936626434326,-5.1000000000000005,-3.5,-69.0,0.93,-0.96,0.63
26.2790584564209,-5.1000000000000005,-3.4000000000000004,-68.60000000000001,0.97,-0.99,0.63
26.288965463638306,-5.0,-3.4000000000000004,-68.7,0.9500000000000001,-0.97,0.64
26.299113750457764,-5.0,-3.2,-68.7,0.9400000000000001,-0.97,0.63
26.309386253356934,-5.1000000000000005,-3.3000000000000003,-68.9,0.93,-0.97,0.64
26.318918228149414,-4.9,-3.3000000000000003,-68.9,0.93,-0.9500000000000001,0.64
26.329386949539185,-5.0,-3.2,-68.7,0.9500000000000001,-0.97,0.63
26.33978819847107,-5.2,-3.6,-68.9,0.96,-0.99,0.65
26.34891438484192,-5.4,-3.7,-68.9,0.98,-1.02,0.64
26.35912036895752,-5.2,-3.2,-68.5,0.9500000000000001,-1.0,0.64
26.369309663772583,-5.300000000000001,-3.2,-68.9,0.91,-0.98,0.63
26.3793523311615,-5.0,-3.4000000000000004,-68.60000000000001,0.9500000000000001,-1.01,0.64
26.388960123062134,-4.9,-3.3000000000000003,-68.7,0.9500000000000001,-0.96,0.64
26.399765968322754,-4.800000000000001,-3.2,-68.9,0.9,-0.9400000000000001,0.63
26.40910005569458,-4.6000000000000005,-3.2,-68.9,0.93,-0.92,0.62
26.41895890235901,-4.800000000000001,-3.2,-68.8,0.93,-0.9500000000000001,0.62
26.429296493530273,-4.800000000000001,-3.4000000000000004,-68.8,0.98,-0.9500000000000001,0.62
26.439255475997925,-4.6000000000000005,-3.7,-68.9,0.99,-0.9400000000000001,0.63
26.44900345802307,-4.800000000000001,-3.3000000000000003,-68.8,0.9400000000000001,-0.96,0.6
26.460341453552246,-4.800000000000001,-3.4000000000000004,-69.10000000000001,0.93,-0.9400000000000001,0.64
26.469938039779663,-5.1000000000000005,-4.0,-69.0,0.99,-1.0,0.63
26.479795455932617,-5.5,-3.9000000000000004,-68.7,1.01,-1.05,0.63
26.48897910118103,-5.4,-3.8000000000000003,-68.7,1.01,-1.04,0.64
26.499181985855103,-5.2,-4.0,-69.10000000000001,0.98,-1.0,0.63
26.50947880744934,-5.1000000000000005,-3.6,-68.9,0.97,-0.99,0.62
26.519028425216675,-5.1000000000000005,-3.7,-68.8,0.97,-0.99,0.63
26.528793573379517,-5.1000000000000005,-3.3000000000000003,-68.9,0.9500000000000001,-0.98,0.64
26.539736032485962,-5.2,-3.6,-69.10000000000001,0.93,-0.99,0.63
26.54894781112671,-5.0,-3.4000000000000004,-68.60000000000001,0.96,-1.01,0.64
26.558915615081787,-5.0,-3.4000000000000004,-68.8,0.9400000000000001,-0.99,0.64
26.56921625137329,-4.9,-3.4000000000000004,-69.10000000000001,0.9500000000000001,-0.96,0.63
26.57944369316101,-4.9,-3.6,-69.0,0.96,-0.98,0.62
26.58894944190979,-5.0,-3.1,-68.9,0.9500000000000001,-0.97,0.63
26.599072456359863,-5.0,-3.1,-69.10000000000001,0.89,-0.97,0.64
26.609126329421997,-4.800000000000001,-3.0,-69.10000000000001,0.89,-0.9500000000000001,0.64
26.618999004364014,-4.6000000000000005,-3.1,-68.9,0.93,-0.93,0.62
26.629679441452026,-4.6000000000000005,-3.3000000000000003,-69.0,0.92,-0.9500000000000001,0.62
26.63932204246521,-4.6000000000000005,-2.9000000000000004,-69.0,0.91,-0.92,0.64
26.64904546737671,-4.800000000000001,-3.2,-68.9,0.86,-1.0,0.63
26.659120321273804,-5.1000000000000005,-2.7,-69.10000000000001,0.89,-0.98,0.66
26.669037580490112,-5.0,-3.4000000000000004,-69.10000000000001,0.93,-1.0,0.64
26.679065942764282,-5.2,-3.5,-69.10000000000001,0.96,-1.01,0.62
26.689197301864624,-5.2,-3.7,-69.3,0.98,-1.0,0.64
26.699044466018677,-5.300000000000001,-3.9000000000000004,-69.3,0.97,-1.01,0.63
26.709269523620605,-5.4,-3.7,-69.2,0.98,-1.03,0.63
26.71942687034607,-5.5,-3.9000000000000004,-69.3,0.99,-1.04,0.64
26.728912591934204,-5.800000000000001,-3.8000000000000003,-69.2,1.0,-1.05,0.63
26.739283800125122,-5.800000000000001,-4.3,-69.5,1.02,-1.07,0.64
26.748955249786377,-5.5,-4.6000000000000005,-69.3,1.07,-1.06,0.64
26.759047031402588,-5.7,-4.1000000000000005,-69.0,1.04,-1.06,0.61
26.769776582717896,-5.4,-4.0,-69.4,1.02,-1.01,0.63
26.77950119972229,-4.9,-3.5,-69.0,0.9500000000000001,-0.98,0.64
26.789050340652466,-4.9,-2.9000000000000004,-69.2,0.87,-0.9500000000000001,0.63
26.798882961273193,-4.7,-2.7,-69.0,0.88,-0.9400000000000001,0.63
26.80912160873413,-4.1000000000000005,-3.1,-68.9,0.89,-0.91,0.64
26.81934428215027,-4.0,-3.3000000000000003,-68.9,0.92,-0.91,0.62
26.829028844833374,-4.2,-2.9000000000000004,-68.7,0.92,-0.9,0.61
26.839006185531616,-4.5,-3.0,-69.2,0.89,-0.9,0.63
26.849247932434082,-4.6000000000000005,-2.9000000000000004,-69.4,0.87,-0.93,0.64
26.85946488380432,-4.6000000000000005,-2.8000000000000003,-68.9,0.9,-0.96,0.63
26.869441986083984,-4.800000000000001,-3.1,-69.10000000000001,0.9,-0.98,0.64
26.879490852355957,-4.800000000000001,-3.0,-69.2,0.92,-0.97,0.63
26.889159202575684,-4.7,-3.3000000000000003,-69.4,0.92,-0.9500000000000001,0.63
26.899033784866333,-4.7,-3.4000000000000004,-69.5,0.89,-0.9500000000000001,0.64
26.90915608406067,-5.0,-3.5,-69.7,0.9400000000000001,-0.98,0.63
26.918938636779785,-5.300000000000001,-4.0,-69.3,1.01,-1.04,0.62
26.9292254447937,-5.6000000000000005,-4.5,-69.7,1.05,-1.06,0.64
26.939115285873413,-5.7,-4.3,-69.4,1.04,-1.1,0.63
26.94891905784607,-5.6000000000000005,-4.0,-69.5,1.01,-1.06,0.64
26.96000623703003,-5.4,-3.7,-69.5,0.98,-1.03,0.64
26.969547986984253,-4.9,-3.8000000000000003,-69.4,0.93,-0.99,0.63
26.978975534439087,-5.0,-3.3000000000000003,-69.60000000000001,0.93,-0.96,0.65
26.989257097244263,-4.800000000000001,-3.1,-69.0,0.91,-0.99,0.63
26.999062538146973,-4.800000000000001,-3.2,-69.3,0.92,-0.9400000000000001,0.63
27.0090229511261,-4.5,-3.2,-69.2,0.9500000000000001,-0.92,0.62
27.019022226333618,-4.6000000000000005,-3.3000000000000003,-69.4,0.9400000000000001,-0.92,0.62
27.029638528823853,-4.6000000000000005,-2.9000000000000004,-69.2,0.91,-0.92,0.63
27.038923025131226,-4.1000000000000005,-2.8000000000000003,-68.9,0.89,-0.89,0.62
27.04909086227417,-4.2,-3.1,-69.3,0.86,-0.89,0.62
27.0590660572052,-4.2,-3.3000000000000003,-69.2,0.9,-0.91,0.64
27.069730758666992,-4.3,-3.6,-69.10000000000001,0.93,-0.97,0.64
27.0791072845459,-4.7,-3.2,-68.7,0.9500000000000001,-0.99,0.61
27.089027881622314,-4.9,-3.4000000000000004,-69.2,0.9500000000000001,-1.0,0.63
27.099060773849487,-4.800000000000001,-3.6,-69.4,0.96,-0.97,0.64
27.109087228775024,-4.800000000000001,-4.0,-69.8,0.93,-0.98,0.63
27.11902403831482,-5.2,-3.4000000000000004,-69.5,0.98,-0.98,0.62
27.129217863082886,-5.300000000000001,-4.0,-69.5,1.01,-1.02,0.64
27.139399766921997,-5.2,-3.6,-69.3,0.98,-1.04,0.63
27.148995637893677,-5.2,-3.7,-69.8,0.9400000000000001,-0.99,0.64
27.15915584564209,-4.9,-3.7,-69.60000000000001,0.96,-0.98,0.64
27.169352531433105,-4.9,-4.1000000000000005,-69.3,1.02,-0.97,0.62
27.179550409317017,-5.0,-4.6000000000000005,-69.5,1.01,-1.03,0.61
27.189075708389282,-5.0,-3.9000000000000004,-68.8,1.02,-1.03,0.63
27.199846744537354,-4.800000000000001,-4.1000000000000005,-69.0,1.0,-1.03,0.64
27.20919442176819,-4.800000000000001,-3.9000000000000004,-69.0,0.98,-1.02,0.61
27.21952533721924,-4.5,-3.7,-69.0,0.96,-0.98,0.62
27.22914743423462,-4.3,-3.3000000000000003,-69.0,0.91,-0.93,0.63
27.23914933204651,-4.0,-3.2,-69.4,0.91,-0.91,0.62
27.2490713596344,-4.2,-3.6,-70.0,0.92,-0.91,0.62
27.25904107093811,-4.1000000000000005,-3.3000000000000003,-69.7,0.93,-0.9400000000000001,0.61
27.26926016807556,-4.4,-2.6,-69.7,0.87,-0.9500000000000001,0.63
27.279491186141968,-4.7,-2.3000000000000003,-70.0,0.8,-0.99,0.64
27.288947105407715,-4.800000000000001,-2.4000000000000004,-70.9,0.74,-1.02,0.68
27.299895524978638,-5.4,-1.9000000000000001,-70.8,0.75,-1.06,0.67
27.310080528259277,-5.5,-2.1,-70.60000000000001,0.78,-1.09,0.67
27.31916880607605,-5.300000000000001,-2.9000000000000004,-70.9,0.84,-1.08,0.66
27.329174041748047,-6.0,-2.6,-71.10000000000001,0.85,-1.1,0.67
27.339296340942383,-6.0,-2.6,-70.9,0.84,-1.09,0.64
27.350133895874023,-6.2,-3.0,-71.7,0.84,-1.08,0.65
27.359854459762573,-5.9,-2.7,-70.3,0.84,-1.1300000000000001,0.7000000000000001
27.369133949279785,-5.9,-2.7,-69.7,0.8200000000000001,-1.22,0.68
27.380053758621216,-5.800000000000001,-2.8000000000000003,-70.3,0.8300000000000001,-1.1400000000000001,0.66
27.389132022857666,-5.1000000000000005,-2.8000000000000003,-69.8,0.85,-1.03,0.64
27.39890480041504,-4.7,-3.1,-69.4,0.91,-1.02,0.64
27.409178018569946,-4.6000000000000005,-3.2,-69.8,0.9,-0.96,0.64
27.41968607902527,-4.4,-3.8000000000000003,-69.2,0.9500000000000001,-0.93,0.62
27.429057598114014,-4.2,-3.8000000000000003,-68.5,0.98,-1.0,0.6
27.43914556503296,-4.2,-3.7,-68.8,0.96,-0.97,0.64
27.449208736419678,-4.2,-3.5,-68.4,0.9500000000000001,-0.9400000000000001,0.61
27.459022045135498,-3.7,-4.2,-68.3,0.98,-0.92,0.61
27.46912431716919,-3.8000000000000003,-4.6000000000000005,-68.7,1.06,-0.9,0.61
27.479127883911133,-3.8000000000000003,-4.800000000000001,-68.2,1.1,-0.92,0.59
27.48904848098755,-4.0,-5.4,-68.4,1.16,-0.9400000000000001,0.58
27.498905897140503,-3.9000000000000004,-5.300000000000001,-67.9,1.16,-0.93,0.58
27.509347438812256,-4.1000000000000005,-5.7,-68.7,1.1500000000000001,-0.91,0.6
27.5190269947052,-3.8000000000000003,-6.0,-68.4,1.24,-0.92,0.59
27.529056310653687,-4.0,-5.6000000000000005,-68.5,1.1500000000000001,-0.9500000000000001,0.5700000000000001
27.539872884750366,-3.9000000000000004,-4.6000000000000005,-69.0,1.1,-0.88,0.59
27.549930095672607,-3.4000000000000004,-4.1000000000000005,-67.9,1.01,-0.88,0.6
27.559480667114258,-3.3000000000000003,-4.2,-68.60000000000001,0.99,-0.88,0.6
27.568967819213867,-3.4000000000000004,-4.1000000000000005,-68.9,0.98,-0.92,0.61
27.57952642440796,-3.6,-4.2,-68.8,1.0,-0.96,0.6
27.589096307754517,-3.8000000000000003,-3.8000000000000003,-69.3,1.0,-0.89,0.61
27.599165439605713,-3.8000000000000003,-3.7,-69.9,0.9,-0.9400000000000001,0.61
27.60901975631714,-4.1000000000000005,-3.3000000000000003,-70.5,0.88,-0.91,0.64
27.619376182556152,-4.2,-3.2,-69.8,0.89,-0.99,0.62
27.629108667373657,-4.3,-3.7,-70.4,0.97,-0.9500000000000001,0.64
27.639262914657593,-4.5,-3.3000000000000003,-70.2,0.88,-1.03,0.61
27.65011215209961,-4.5,-2.3000000000000003,-70.5,0.81,-0.97,0.64
27.659055709838867,-4.4,-2.4000000000000004,-71.0,0.76,-0.97,0.67
27.669066905975342,-4.800000000000001,-2.6,-71.10000000000001,0.77,-1.02,0.66
27.679591178894043,-4.800000000000001,-2.2,-70.60000000000001,0.84,-1.0,0.65
27.690001964569092,-4.6000000000000005,-2.7,-70.9,0.81,-0.96,0.62
27.6998610496521,-3.9000000000000004,-2.8000000000000003,-69.8,0.87,-0.96,0.63
27.70891261100769,-4.3,-3.1,-69.7,0.84,-1.01,0.66
27.71925687789917,-5.6000000000000005,-3.1,-70.8,0.86,-1.04,0.65
27.728923320770264,-5.300000000000001,-3.7,-70.5,0.98,-1.01,0.63
27.739107608795166,-5.0,-3.9000000000000004,-70.10000000000001,1.0,-0.96,0.63
27.75014328956604,-4.6000000000000005,-4.3,-69.9,1.02,-0.9400000000000001,0.62
27.75891399383545,-4.9,-4.9,-69.0,1.06,-1.09,0.6
27.770074367523193,-4.6000000000000005,-4.6000000000000005,-68.3,1.08,-1.11,0.64
27.77984046936035,-4.4,-4.5,-68.60000000000001,1.09,-0.97,0.63
27.78990125656128,-3.8000000000000003,-5.0,-68.8,0.98,-0.99,0.56
27.798980474472046,-4.2,-4.800000000000001,-69.7,1.04,-0.9,0.63
27.809292316436768,-4.1000000000000005,-5.2,-68.5,1.1300000000000001,-1.04,0.59
27.819705486297607,-4.5,-5.0,-69.10000000000001,1.1500000000000001,-0.96,0.59
27.829086303710938,-4.2,-5.1000000000000005,-68.60000000000001,1.08,-0.97,0.58
27.83929204940796,-4.1000000000000005,-5.1000000000000005,-69.10000000000001,1.07,-0.98,0.62
27.849567413330078,-4.1000000000000005,-4.800000000000001,-68.7,1.1,-0.98,0.62
27.86048984527588,-4.1000000000000005,-5.0,-68.8,1.11,-0.97,0.58
27.86977791786194,-3.1,-4.7,-68.0,1.1,-0.89,0.59
27.879793405532837,-3.1,-4.5,-68.5,1.01,-0.89,0.61
27.889550924301147,-3.4000000000000004,-4.6000000000000005,-69.7,0.98,-0.8300000000000001,0.59
27.90007495880127,-2.6,-4.2,-68.8,1.03,-0.86,0.5700000000000001
27.90893316268921,-3.3000000000000003,-4.4,-69.9,1.03,-0.86,0.62
27.919302225112915,-4.800000000000001,-2.9000000000000004,-70.10000000000001,0.92,-0.93,0.6
27.92908239364624,-4.1000000000000005,-3.3000000000000003,-70.3,0.89,-0.87,0.65
27.93916416168213,-4.0,-3.6,-69.7,0.9,-1.02,0.62
27.949856758117676,-4.5,-3.0,-69.8,0.9,-1.0,0.65
27.960100173950195,-4.1000000000000005,-2.9000000000000004,-69.8,0.87,-0.99,0.63
27.969767808914185,-3.6,-3.4000000000000004,-70.60000000000001,0.85,-0.9400000000000001,0.62
27.979789972305298,-3.7,-3.3000000000000003,-71.10000000000001,0.87,-0.91,0.64
27.98934245109558,-3.8000000000000003,-3.6,-70.9,0.93,-0.93,0.59
27.99902105331421,-3.5,-3.7,-71.0,0.9400000000000001,-0.87,0.6
28.008974313735962,-3.9000000000000004,-3.9000000000000004,-71.2,0.9400000000000001,-0.91,0.61
28.019450902938843,-4.5,-3.4000000000000004,-70.8,0.93,-0.9400000000000001,0.63
28.029451847076416,-4.4,-4.3,-70.4,1.01,-0.98,0.64
28.03900456428528,-4.5,-3.9000000000000004,-69.9,0.96,-1.04,0.61
28.049291849136353,-4.2,-3.3000000000000003,-70.2,0.91,-0.93,0.62
28.059993743896484,-4.0,-4.800000000000001,-70.9,0.97,-0.88,0.64
28.06982970237732,-3.7,-5.0,-69.2,1.07,-0.97,0.6
28.079704761505127,-3.6,-4.3,-68.4,1.07,-0.98,0.6
28.089115142822266,-3.3000000000000003,-4.6000000000000005,-69.10000000000001,1.03,-0.93,0.58
28.098998308181763,-4.3,-4.4,-70.2,1.01,-0.87,0.6
28.10897946357727,-3.2,-5.1000000000000005,-69.10000000000001,1.1300000000000001,-0.85,0.6
28.119821310043335,-3.1,-4.7,-67.9,1.12,-0.9,0.58
28.129707098007202,-3.2,-5.2,-69.0,1.08,-0.89,0.58
28.138983964920044,-2.9000000000000004,-4.9,-68.5,1.06,-0.92,0.59
28.149394035339355,-3.2,-5.6000000000000005,-69.7,1.1,-0.9,0.61
28.160072326660156,-3.2,-4.800000000000001,-68.9,1.1500000000000001,-0.88,0.56
28.169880867004395,-3.3000000000000003,-5.7,-69.8,1.1300000000000001,-0.85,0.56
28.179818630218506,-3.5,-5.1000000000000005,-69.4,1.09,-0.9500000000000001,0.59
28.18946123123169,-3.9000000000000004,-4.800000000000001,-69.7,1.05,-0.97,0.61
28.19906258583069,-4.0,-4.6000000000000005,-70.10000000000001,1.05,-0.98,0.59
28.208906412124634,-3.9000000000000004,-4.5,-70.4,1.03,-0.91,0.59
28.219311714172363,-4.1000000000000005,-4.6000000000000005,-71.0,1.01,-0.87,0.61
28.22982168197632,-4.4,-4.6000000000000005,-70.4,1.02,-1.0,0.62
28.23915433883667,-3.8000000000000003,-4.1000000000000005,-69.10000000000001,1.02,-1.03,0.62
28.249054193496704,-4.9,-3.6,-70.9,0.9400000000000001,-0.98,0.62
28.259271144866943,-3.9000000000000004,-3.6,-71.5,0.9,-0.85,0.63
28.26960253715515,-3.8000000000000003,-4.1000000000000005,-71.0,0.93,-0.86,0.61
28.279234409332275,-2.9000000000000004,-3.9000000000000004,-70.4,0.97,-0.89,0.6
28.289918899536133,-3.2,-3.5,-70.60000000000001,0.9,-0.91,0.6
28.300123691558838,-3.5,-3.0,-70.9,0.85,-0.84,0.62
28.309109687805176,-3.2,-3.7,-70.5,0.9,-0.96,0.61
28.319149494171143,-3.7,-3.5,-70.9,0.96,-0.9400000000000001,0.64
28.329340934753418,-3.4000000000000004,-3.0,-71.0,0.84,-0.85,0.6
28.33941912651062,-3.0,-3.1,-71.0,0.8300000000000001,-0.8200000000000001,0.6
28.349265336990356,-3.3000000000000003,-3.8000000000000003,-70.5,0.9400000000000001,-0.89,0.65
28.359484672546387,-3.1,-3.6,-69.60000000000001,0.98,-0.99,0.61
28.36940908432007,-3.3000000000000003,-3.9000000000000004,-70.5,0.9500000000000001,-0.88,0.59
28.379121780395508,-2.8000000000000003,-4.7,-70.3,0.98,-0.85,0.58
28.389026880264282,-2.8000000000000003,-4.9,-70.4,1.08,-0.8300000000000001,0.6
28.399937391281128,-3.6,-5.300000000000001,-70.9,1.1300000000000001,-0.85,0.56
28.409855604171753,-3.6,-5.4,-69.10000000000001,1.1500000000000001,-0.87,0.56
28.419481992721558,-3.1,-6.2,-69.4,1.17,-0.93,0.61
28.429785013198853,-3.2,-5.300000000000001,-68.9,1.1500000000000001,-0.9500000000000001,0.59
28.43898916244507,-3.1,-5.0,-69.10000000000001,1.07,-0.84,0.5700000000000001
28.449064016342163,-3.7,-5.7,-70.10000000000001,1.09,-0.85,0.5700000000000001
28.459471464157104,-3.9000000000000004,-5.6000000000000005,-70.0,1.2,-0.86,0.59
28.46950078010559,-3.0,-5.1000000000000005,-68.10000000000001,1.19,-0.93,0.56
28.479092359542847,-2.4000000000000004,-5.800000000000001,-69.7,1.12,-0.85,0.58
28.489116191864014,-2.6,-4.7,-70.0,1.06,-0.78,0.58
28.49918246269226,-2.3000000000000003,-4.7,-69.5,1.04,-0.8,0.5700000000000001
28.509070873260498,-2.2,-4.6000000000000005,-69.8,1.06,-0.79,0.59
28.518880367279053,-2.6,-4.6000000000000005,-70.60000000000001,1.03,-0.78,0.59
28.52993416786194,-2.8000000000000003,-4.5,-70.10000000000001,1.04,-0.86,0.5700000000000001
28.53919816017151,-2.6,-4.3,-69.7,1.05,-0.87,0.59
28.549025774002075,-2.5,-4.2,-70.7,0.98,-0.8300000000000001,0.59
28.55948805809021,-2.8000000000000003,-3.7,-71.4,0.92,-0.77,0.6
28.569724798202515,-2.8000000000000003,-4.0,-71.0,0.93,-0.8200000000000001,0.58
28.57894468307495,-3.0,-3.9000000000000004,-70.60000000000001,0.98,-0.9,0.59
28.58897829055786,-3.5,-3.8000000000000003,-71.5,0.9500000000000001,-0.89,0.62
28.599149227142334,-3.5,-3.6,-71.3,0.9,-0.88,0.6
28.609822034835815,-3.3000000000000003,-4.4,-71.2,0.99,-0.85,0.61
28.618913888931274,-3.0,-4.1000000000000005,-71.5,0.97,-0.86,0.61
28.629137754440308,-3.7,-3.5,-71.0,0.88,-0.88,0.6
28.63931894302368,-3.4000000000000004,-4.4,-71.60000000000001,1.0,-0.8300000000000001,0.61
28.649162769317627,-2.9000000000000004,-4.3,-71.3,0.97,-0.85,0.59
28.66014814376831,-2.7,-4.4,-71.10000000000001,0.98,-0.87,0.61
28.66926908493042,-3.0,-3.8000000000000003,-71.4,0.96,-0.84,0.62
28.679118394851685,-2.8000000000000003,-4.1000000000000005,-70.4,0.93,-0.9,0.5700000000000001
28.688897848129272,-2.5,-4.5,-70.9,1.01,-0.85,0.61
28.698995113372803,-2.5,-4.800000000000001,-71.10000000000001,1.02,-0.8300000000000001,0.59
28.70904302597046,-3.1,-5.0,-70.9,1.11,-0.8,0.5700000000000001
28.71905207633972,-2.7,-5.300000000000001,-69.9,1.11,-0.91,0.5700000000000001
28.72947883605957,-2.5,-5.0,-70.2,1.1500000000000001,-0.8,0.6
28.739187240600586,-2.6,-5.300000000000001,-70.8,0.99,-0.8200000000000001,0.56
28.74941349029541,-2.5,-4.800000000000001,-70.10000000000001,1.03,-0.79,0.59
28.759389877319336,-2.3000000000000003,-5.4,-69.9,1.1400000000000001,-0.8200000000000001,0.6
28.76945924758911,-2.5,-5.5,-70.2,1.1500000000000001,-0.81,0.55
28.780000925064087,-2.6,-5.6000000000000005,-70.3,1.12,-0.78,0.53
28.788989305496216,-2.1,-5.800000000000001,-69.7,1.1500000000000001,-0.8200000000000001,0.58
28.79895806312561,-2.9000000000000004,-5.4,-70.7,1.1400000000000001,-0.81,0.58
28.8089497089386,-2.7,-5.1000000000000005,-70.5,1.1,-0.8,0.56
28.81905436515808,-2.7,-5.2,-70.3,1.05,-0.77,0.56
28.82900857925415,-2.1,-4.5,-70.5,1.06,-0.79,0.58
28.839021682739258,-2.1,-4.7,-70.9,1.02,-0.78,0.61
28.850663900375366,-1.9000000000000001,-4.2,-71.0,1.0,-0.78,0.5700000000000001
28.858940362930298,-2.2,-4.7,-71.3,0.99,-0.78,0.59
28.86932134628296,-1.7000000000000002,-4.3,-69.3,1.04,-0.8300000000000001,0.59
28.879066944122314,-2.3000000000000003,-4.5,-72.9,0.98,-0.67,0.59
28.88925337791443,-1.3,-3.8000000000000003,-71.60000000000001,0.93,-0.6900000000000001,0.53
28.898958444595337,-2.1,-4.800000000000001,-71.8,1.0,-0.75,0.6
28.90896964073181,-2.2,-3.6,-70.4,1.0,-0.85,0.61
28.92068648338318,-2.7,-4.0,-71.60000000000001,0.92,-0.86,0.58
28.92915368080139,-2.8000000000000003,-4.1000000000000005,-71.8,0.96,-0.76,0.63
28.93894648551941,-2.1,-4.2,-70.5,0.96,-0.79,0.6
28.94963836669922,-2.3000000000000003,-3.9000000000000004,-71.7,0.9400000000000001,-0.66,0.5700000000000001
28.960017919540405,-1.6,-4.5,-71.4,0.96,-0.7000000000000001,0.52
28.970025062561035,-1.9000000000000001,-5.2,-71.2,1.1,-0.8,0.59
28.9796724319458,-2.5,-4.9,-72.2,1.05,-0.79,0.62
28.989104747772217,-1.9000000000000001,-4.4,-70.3,0.97,-0.76,0.54
28.99937105178833,-2.7,-4.3,-70.60000000000001,0.97,-0.7000000000000001,0.56
29.00897240638733,-2.0,-5.0,-72.2,1.08,-0.6900000000000001,0.61
29.01903223991394,-2.0,-5.5,-70.8,1.08,-0.8300000000000001,0.5700000000000001
29.030014991760254,-2.8000000000000003,-5.300000000000001,-71.7,1.1500000000000001,-0.81,0.5700000000000001
29.038968324661255,-2.4000000000000004,-5.0,-70.8,1.08,-0.84,0.5700000000000001
29.04899787902832,-1.7000000000000002,-5.5,-70.9,1.04,-0.81,0.6
29.05904221534729,-1.9000000000000001,-4.800000000000001,-71.8,1.07,-0.71,0.59
29.069327354431152,-1.8,-5.0,-71.4,1.06,-0.73,0.52
29.079107761383057,-1.6,-5.2,-70.60000000000001,1.1,-0.78,0.56
29.088973999023438,-1.7000000000000002,-5.5,-71.3,1.11,-0.77,0.59
29.10002326965332,-1.9000000000000001,-5.0,-71.5,1.07,-0.73,0.55
29.10887598991394,-1.6,-5.0,-70.9,1.02,-0.73,0.54
29.11923336982727,-1.5,-5.1000000000000005,-68.9,1.06,-0.78,0.55
29.129220247268677,-2.2,-5.0,-71.9,1.07,-0.67,0.59
29.139153718948364,-1.5,-4.5,-70.60000000000001,0.97,-0.75,0.52
29.14905071258545,-2.1,-4.6000000000000005,-70.9,0.98,-0.75,0.5700000000000001
29.159255504608154,-2.0,-4.3,-71.2,1.02,-0.71,0.6
29.169343948364258,-1.9000000000000001,-4.4,-70.9,0.9500000000000001,-0.74,0.54
29.179105043411255,-1.4000000000000001,-3.9000000000000004,-71.7,0.93,-0.6900000000000001,0.59
29.189104318618774,-1.3,-4.5,-72.5,0.96,-0.72,0.6
29.19936513900757,-1.4000000000000001,-3.7,-72.3,0.9500000000000001,-0.68,0.5700000000000001
29.209057331085205,-1.3,-3.9000000000000004,-72.5,0.9400000000000001,-0.66,0.5700000000000001
29.219021558761597,-1.1,-4.5,-72.2,0.96,-0.73,0.56
29.228981733322144,-1.3,-4.0,-72.3,1.0,-0.67,0.59
29.239288091659546,-1.1,-4.0,-72.5,0.92,-0.67,0.56
29.249192237854004,-0.8,-4.1000000000000005,-71.5,0.97,-0.64,0.5700000000000001
29.259082317352295,-1.1,-4.7,-72.10000000000001,0.99,-0.67,0.58
29.26996898651123,-1.1,-4.2,-71.2,0.98,-0.7000000000000001,0.55
29.279204845428467,-1.2000000000000002,-4.7,-71.2,0.99,-0.7000000000000001,0.56
29.289045333862305,-1.1,-4.9,-70.9,1.01,-0.72,0.55
29.300139665603638,-1.4000000000000001,-5.0,-71.4,1.09,-0.6900000000000001,0.56
29.309659957885742,-1.8,-4.7,-73.0,1.05,-0.63,0.5700000000000001
29.319248914718628,-1.0,-4.9,-69.8,0.98,-0.65,0.53
29.329056978225708,-1.6,-5.2,-71.4,1.03,-0.62,0.58
29.339369535446167,-1.3,-5.1000000000000005,-70.9,1.08,-0.67,0.53
29.349193572998047,-2.0,-5.7,-71.0,1.09,-0.7000000000000001,0.5
29.359052896499634,-1.9000000000000001,-5.7,-70.60000000000001,1.1300000000000001,-0.6900000000000001,0.56
29.36979365348816,-2.1,-5.800000000000001,-70.3,1.1400000000000001,-0.73,0.55
29.37958335876465,-1.2000000000000002,-5.0,-71.60000000000001,1.08,-0.7000000000000001,0.54
29.38923931121826,-0.7000000000000001,-5.800000000000001,-72.5,1.06,-0.68,0.56
29.398886680603027,-0.8,-4.9,-72.4,1.04,-0.62,0.56
29.40943694114685,-1.1,-4.7,-72.8,1.0,-0.61,0.55
29.41892409324646,-0.7000000000000001,-4.3,-72.0,0.98,-0.65,0.54
29.429145097732544,-0.8,-5.0,-72.10000000000001,0.99,-0.68,0.58
29.440101861953735,-1.5,-4.2,-72.2,0.99,-0.67,0.58
29.449299335479736,-1.0,-3.9000000000000004,-71.60000000000001,0.93,-0.6900000000000001,0.55
29.459943294525146,-0.7000000000000001,-4.9,-70.2,0.9500000000000001,-0.66,0.56
29.470017910003662,-1.3,-4.6000000000000005,-72.9,0.9500000000000001,-0.55,0.58
29.479912042617798,-1.5,-4.2,-74.0,0.9500000000000001,-0.6,0.55
29.4899480342865,-0.9,-4.1000000000000005,-72.2,0.99,-0.6,0.58
29.499145030975342,-1.2000000000000002,-4.7,-75.60000000000001,0.93,-0.55,0.6
29.509698152542114,-1.2000000000000002,-3.7,-72.5,0.87,-0.6,0.53
29.519057273864746,-1.8,-4.3,-74.10000000000001,0.9500000000000001,-0.65,0.59
29.529606580734253,-1.8,-3.8000000000000003,-71.10000000000001,0.9500000000000001,-0.71,0.5700000000000001
29.539602994918823,-1.7000000000000002,-4.1000000000000005,-74.0,0.96,-0.67,0.59
29.549609422683716,-1.0,-4.1000000000000005,-73.2,0.9,-0.66,0.58
29.559119701385498,-0.9,-4.2,-73.8,0.93,-0.63,0.58
29.56959104537964,-0.8,-4.2,-73.7,0.92,-0.58,0.58
29.579307079315186,-0.8,-4.1000000000000005,-73.8,0.9500000000000001,-0.55,0.56
29.589021682739258,-0.8,-5.0,-73.10000000000001,0.96,-0.65,0.55
29.598981380462646,-1.3,-4.5,-73.4,1.06,-0.63,0.58
29.609596490859985,-1.1,-5.0,-72.9,1.0,-0.65,0.5700000000000001
29.619125604629517,-0.7000000000000001,-4.7,-72.2,0.99,-0.63,0.56
29.62908101081848,-0.9,-5.4,-72.3,0.99,-0.63,0.56
29.638946294784546,-1.2000000000000002,-5.1000000000000005,-72.4,1.06,-0.64,0.55
29.649208784103394,-0.9,-5.0,-71.60000000000001,1.04,-0.64,0.53
29.65980315208435,-0.6000000000000001,-5.300000000000001,-71.8,1.03,-0.61,0.53
29.669854164123535,-0.5,-5.0,-71.7,1.03,-0.58,0.55
29.679945707321167,-0.5,-5.1000000000000005,-74.3,0.99,-0.54,0.5700000000000001
29.68894624710083,-0.7000000000000001,-5.0,-74.3,1.03,-0.53,0.55
29.69911551475525,-1.1,-4.9,-72.3,1.01,-0.56,0.52
29.70956039428711,-1.4000000000000001,-5.6000000000000005,-73.2,1.1,-0.61,0.54
29.719138622283936,-1.2000000000000002,-5.2,-74.60000000000001,1.03,-0.6,0.5700000000000001
29.729034423828125,-0.5,-4.4,-73.7,0.9500000000000001,-0.5700000000000001,0.5700000000000001
29.739983081817627,-0.5,-3.8000000000000003,-74.10000000000001,0.91,-0.51,0.58
29.749382495880127,-0.2,-3.7,-74.2,0.87,-0.55,0.56
29.759899139404297,0.1,-3.9000000000000004,-73.5,0.88,-0.56,0.5700000000000001
29.769762754440308,-0.4,-4.0,-74.60000000000001,0.93,-0.5,0.58
29.779925107955933,0.0,-4.2,-73.2,0.89,-0.5700000000000001,0.55
29.789737462997437,-0.30000000000000004,-4.1000000000000005,-73.2,0.92,-0.53,0.56
29.79896855354309,-0.6000000000000001,-4.5,-74.4,0.93,-0.52,0.56
29.809876203536987,-0.30000000000000004,-3.8000000000000003,-73.4,0.88,-0.5,0.55
29.819195985794067,-0.5,-4.1000000000000005,-73.5,0.9400000000000001,-0.52,0.56
29.82893133163452,-0.7000000000000001,-4.5,-72.7,0.91,-0.58,0.55
29.83916163444519,-0.6000000000000001,-3.8000000000000003,-72.7,0.89,-0.53,0.56
29.850106716156006,-0.4,-4.1000000000000005,-73.4,0.87,-0.49,0.56
29.859901666641235,-0.7000000000000001,-3.9000000000000004,-74.9,0.92,-0.5,0.5700000000000001
29.870046615600586,-0.4,-4.6000000000000005,-75.0,0.96,-0.53,0.59
29.879992485046387,-0.5,-4.2,-72.7,0.96,-0.51,0.56
29.88901448249817,-0.8,-5.0,-75.4,0.93,-0.5,0.55
29.898924350738525,-1.2000000000000002,-4.9,-73.10000000000001,0.97,-0.53,0.54
29.90906071662903,-2.1,-5.800000000000001,-73.10000000000001,1.08,-0.56,0.5700000000000001
29.919880628585815,-1.1,-4.6000000000000005,-74.4,1.07,-0.61,0.55
29.92894148826599,-1.0,-5.1000000000000005,-74.4,0.99,-0.56,0.56
29.939200162887573,-0.4,-4.7,-73.3,0.9400000000000001,-0.52,0.5700000000000001
29.95038342475891,-0.6000000000000001,-4.4,-74.60000000000001,0.98,-0.52,0.5700000000000001
29.95991611480713,-0.4,-4.4,-73.9,0.9400000000000001,-0.53,0.55
29.96980357170105,-0.2,-4.6000000000000005,-71.7,0.9400000000000001,-0.51,0.54
29.979878902435303,-0.6000000000000001,-4.800000000000001,-74.0,0.96,-0.46,0.56
29.989948272705078,-0.1,-4.6000000000000005,-73.8,0.96,-0.47000000000000003,0.52
29.9989275932312,-0.2,-5.0,-73.8,1.0,-0.46,0.52
30.009137868881226,0.0,-4.9,-72.10000000000001,0.99,-0.43,0.53
30.019065380096436,-0.30000000000000004,-4.9,-73.5,0.98,-0.4,0.53
30.028923988342285,0.0,-4.3,-72.8,0.92,-0.47000000000000003,0.51
30.039294719696045,-0.30000000000000004,-4.4,-72.5,0.91,-0.52,0.56
30.050174474716187,-0.30000000000000004,-4.0,-72.60000000000001,0.88,-0.48,0.58
30.0592999458313,0.0,-3.5,-75.7,0.86,-0.42,0.56
30.069219827651978,0.7000000000000001,-3.7,-72.3,0.85,-0.38,0.55
30.07918119430542,-0.2,-3.9000000000000004,-73.4,0.87,-0.34,0.56
30.089181900024414,-0.1,-3.8000000000000003,-76.0,0.9500000000000001,-0.4,0.53
30.098915100097656,0.1,-4.0,-74.5,0.92,-0.44,0.54
30.108886241912842,0.0,-4.2,-75.2,0.9,-0.43,0.5700000000000001
30.119359493255615,0.0,-3.8000000000000003,-74.10000000000001,0.93,-0.49,0.55
30.12899136543274,-0.1,-4.1000000000000005,-74.3,0.91,-0.49,0.55
30.139079570770264,0.4,-3.9000000000000004,-73.9,0.86,-0.44,0.56
30.14987349510193,0.2,-3.9000000000000004,-75.0,0.89,-0.38,0.56
30.15970230102539,0.2,-4.1000000000000005,-74.10000000000001,0.91,-0.42,0.52
30.168956518173218,0.0,-4.7,-73.7,0.9500000000000001,-0.47000000000000003,0.53
30.179046392440796,-0.30000000000000004,-4.800000000000001,-74.0,0.99,-0.46,0.54
30.189541578292847,0.0,-4.5,-74.8,0.9500000000000001,-0.4,0.53
30.199075937271118,-0.6000000000000001,-4.5,-75.8,0.9500000000000001,-0.37,0.55
30.209282875061035,-0.1,-4.9,-73.5,0.9500000000000001,-0.43,0.55
30.21958827972412,-0.5,-4.7,-73.60000000000001,0.98,-0.46,0.55
30.22988510131836,-0.30000000000000004,-4.4,-73.8,0.93,-0.45,0.52
30.2396559715271,-0.5,-4.3,-76.0,0.9400000000000001,-0.41000000000000003,0.56
30.249208450317383,-0.6000000000000001,-4.7,-76.3,0.9500000000000001,-0.4,0.58
30.25924801826477,-0.6000000000000001,-4.1000000000000005,-75.8,0.9500000000000001,-0.42,0.55
30.269315719604492,-0.7000000000000001,-4.4,-76.10000000000001,0.93,-0.45,0.54
30.279003381729126,-0.2,-3.5,-76.4,0.92,-0.39,0.5700000000000001
30.289798974990845,0.1,-3.9000000000000004,-76.10000000000001,0.84,-0.36,0.58
30.29900360107422,0.4,-3.1,-75.10000000000001,0.8200000000000001,-0.35000000000000003,0.56
30.30894136428833,0.4,-3.5,-74.7,0.8200000000000001,-0.39,0.54
30.319674491882324,0.30000000000000004,-3.2,-75.60000000000001,0.87,-0.37,0.55
30.328983068466187,0.7000000000000001,-3.6,-75.2,0.84,-0.37,0.55
30.339195013046265,0.6000000000000001,-3.7,-74.5,0.81,-0.35000000000000003,0.54
30.35066795349121,0.2,-3.6,-75.10000000000001,0.88,-0.33,0.55
30.359292030334473,-0.9,-3.9000000000000004,-77.80000000000001,0.9,-0.36,0.55
30.36906337738037,0.2,-3.7,-73.4,0.8300000000000001,-0.43,0.54
30.378997564315796,-0.30000000000000004,-4.1000000000000005,-75.2,0.84,-0.36,0.58
30.389105319976807,0.0,-3.8000000000000003,-75.4,0.86,-0.35000000000000003,0.54
30.399097204208374,0.1,-4.3,-74.10000000000001,0.88,-0.4,0.52
30.40907311439514,0.2,-4.0,-73.2,0.9,-0.4,0.56
30.41967797279358,0.2,-4.0,-74.2,0.88,-0.39,0.54
30.429266452789307,0.6000000000000001,-3.4000000000000004,-76.7,0.84,-0.34,0.54
30.43912386894226,0.5,-4.1000000000000005,-76.4,0.86,-0.33,0.56
30.449679374694824,0.1,-3.6,-76.3,0.9400000000000001,-0.32,0.56
30.459348440170288,0.4,-4.0,-75.5,0.91,-0.37,0.53
30.4690842628479,0.30000000000000004,-4.4,-75.9,0.92,-0.4,0.53
30.479914665222168,0.0,-4.1000000000000005,-77.2,0.96,-0.37,0.56
30.489874601364136,0.2,-3.9000000000000004,-76.5,0.89,-0.34,0.55
30.499996662139893,0.7000000000000001,-3.7,-74.7,0.84,-0.34,0.54
30.509846210479736,0.1,-4.0,-75.7,0.89,-0.36,0.55
30.51925301551819,0.0,-3.9000000000000004,-75.7,0.92,-0.4,0.54
30.52910876274109,0.0,-4.2,-75.7,0.9,-0.4,0.55
30.539035320281982,0.2,-3.8000000000000003,-75.5,0.87,-0.34,0.56
30.54943037033081,0.2,-3.6,-76.2,0.85,-0.3,0.55
30.559163093566895,0.6000000000000001,-3.4000000000000004,-75.3,0.79,-0.31,0.54
30.56921911239624,0.8,-3.1,-75.2,0.8200000000000001,-0.32,0.55
30.579009771347046,0.6000000000000001,-3.6,-75.0,0.8200000000000001,-0.32,0.55
30.589590549468994,0.7000000000000001,-3.3000000000000003,-74.7,0.81,-0.3,0.54
30.59896731376648,0.2,-3.5,-78.2,0.84,-0.27,0.56
30.609087705612183,1.0,-2.9000000000000004,-74.4,0.78,-0.25,0.54
30.619131803512573,0.30000000000000004,-3.0,-77.60000000000001,0.85,-0.26,0.55
30.629260063171387,0.1,-3.5,-77.10000000000001,0.8200000000000001,-0.3,0.55
30.63929533958435,0.4,-3.0,-76.7,0.8300000000000001,-0.31,0.56
30.649295330047607,0.2,-3.5,-77.60000000000001,0.8200000000000001,-0.33,0.5700000000000001
30.65895366668701,0.0,-3.1,-77.4,0.8200000000000001,-0.31,0.56
30.66994047164917,0.30000000000000004,-3.3000000000000003,-76.10000000000001,0.8200000000000001,-0.31,0.55
30.679004669189453,0.4,-3.4000000000000004,-76.80000000000001,0.8300000000000001,-0.32,0.55
30.689419507980347,0.30000000000000004,-3.8000000000000003,-75.8,0.84,-0.36,0.55
30.69899296760559,-0.1,-3.9000000000000004,-76.7,0.92,-0.36,0.55
30.709905862808228,0.1,-3.9000000000000004,-76.0,0.9,-0.36,0.54
30.719088792800903,0.5,-3.7,-76.0,0.86,-0.32,0.55
30.729021310806274,0.5,-3.9000000000000004,-76.3,0.81,-0.28,0.5700000000000001
30.739304304122925,0.2,-3.6,-76.60000000000001,0.9,-0.3,0.54
30.749245405197144,0.1,-4.3,-76.4,0.9,-0.33,0.53
30.759156703948975,0.4,-3.5,-75.2,0.88,-0.32,0.53
30.76947808265686,0.5,-3.9000000000000004,-76.2,0.86,-0.31,0.55
30.779363870620728,0.6000000000000001,-3.4000000000000004,-75.9,0.81,-0.28,0.55
30.78930425643921,0.30000000000000004,-3.4000000000000004,-77.30000000000001,0.81,-0.27,0.55
30.79899263381958,0.30000000000000004,-2.9000000000000004,-77.5,0.81,-0.24,0.56
30.80931329727173,0.4,-3.3000000000000003,-76.3,0.78,-0.27,0.54
30.81976079940796,0.6000000000000001,-3.2,-76.7,0.8200000000000001,-0.27,0.55
30.828964471817017,0.6000000000000001,-3.4000000000000004,-77.0,0.84,-0.28,0.56
30.83898401260376,0.6000000000000001,-3.2,-76.5,0.81,-0.27,0.55
30.84931492805481,0.4,-3.1,-77.4,0.8200000000000001,-0.24,0.55
30.85904860496521,0.7000000000000001,-3.1,-77.5,0.8,-0.25,0.55
30.8691349029541,0.9,-3.0,-76.3,0.75,-0.23,0.56
30.87916350364685,0.6000000000000001,-2.9000000000000004,-77.2,0.79,-0.23,0.56
30.889960050582886,0.6000000000000001,-2.9000000000000004,-77.10000000000001,0.78,-0.25,0.54
30.899664402008057,0.6000000000000001,-3.2,-76.10000000000001,0.8,-0.27,0.55
30.909199237823486,0.5,-3.3000000000000003,-76.0,0.8,-0.29,0.56
30.919878482818604,0.30000000000000004,-3.2,-76.10000000000001,0.81,-0.29,0.55
30.92889666557312,0.2,-3.3000000000000003,-76.9,0.8300000000000001,-0.29,0.54
30.939237117767334,0.4,-3.4000000000000004,-76.4,0.8,-0.3,0.55
30.949483394622803,0.2,-3.4000000000000004,-76.7,0.8300000000000001,-0.29,0.56
30.960129261016846,0.2,-3.2,-77.60000000000001,0.81,-0.26,0.55
30.96916913986206,0.5,-3.3000000000000003,-77.30000000000001,0.79,-0.24,0.55
30.97993493080139,0.6000000000000001,-3.2,-77.0,0.8300000000000001,-0.22,0.55
30.98990225791931,0.5,-2.9000000000000004,-77.80000000000001,0.84,-0.19,0.54
30.999903678894043,1.1,-2.9000000000000004,-76.80000000000001,0.75,-0.2,0.54
31.009844541549683,1.2000000000000002,-2.5,-77.0,0.74,-0.17,0.55
31.020078420639038,0.9,-2.8000000000000003,-77.7,0.74,-0.17,0.5700000000000001
31.029159784317017,0.8,-2.6,-77.7,0.73,-0.15,0.56
31.03893280029297,0.8,-2.8000000000000003,-77.0,0.75,-0.17,0.54
31.049535274505615,0.5,-3.1,-77.10000000000001,0.81,-0.21,0.55
31.060803174972534,0.30000000000000004,-2.9000000000000004,-77.4,0.8300000000000001,-0.25,0.55
31.069805145263672,0.4,-3.1,-77.80000000000001,0.77,-0.26,0.56
31.07974147796631,0.2,-2.9000000000000004,-77.0,0.76,-0.24,0.5700000000000001
31.089383840560913,-0.1,-3.3000000000000003,-77.30000000000001,0.78,-0.27,0.56
31.099839210510254,-0.4,-3.5,-77.2,0.84,-0.32,0.55
31.108986616134644,-0.4,-3.6,-76.80000000000001,0.88,-0.34,0.56
31.119438886642456,-0.30000000000000004,-3.9000000000000004,-76.80000000000001,0.84,-0.35000000000000003,0.5700000000000001
31.130149841308594,-0.4,-3.6,-76.9,0.85,-0.33,0.56
31.138983249664307,-0.2,-3.6,-77.7,0.86,-0.32,0.55
31.149440050125122,-0.1,-3.5,-76.5,0.8300000000000001,-0.32,0.55
31.160989999771118,-0.30000000000000004,-3.6,-77.4,0.89,-0.35000000000000003,0.55
31.16984987258911,-0.5,-4.0,-77.5,0.86,-0.36,0.56
31.17991542816162,-0.2,-3.1,-76.80000000000001,0.8300000000000001,-0.33,0.5700000000000001
31.18895435333252,-0.4,-3.5,-77.7,0.81,-0.34,0.56
31.199899435043335,-0.7000000000000001,-3.4000000000000004,-77.7,0.85,-0.35000000000000003,0.54
31.20909810066223,-0.30000000000000004,-3.1,-77.4,0.81,-0.35000000000000003,0.58
31.219425201416016,-0.30000000000000004,-3.0,-77.5,0.76,-0.33,0.59
31.229731798171997,-0.2,-2.5,-77.5,0.75,-0.32,0.56
31.239683866500854,0.0,-2.6,-77.60000000000001,0.73,-0.3,0.5700000000000001
31.249217748641968,0.30000000000000004,-2.4000000000000004,-77.10000000000001,0.7000000000000001,-0.26,0.58
31.259111642837524,0.4,-2.4000000000000004,-77.30000000000001,0.73,-0.24,0.5700000000000001
31.26937222480774,0.30000000000000004,-2.7,-77.7,0.75,-0.23,0.56
31.27896738052368,0.4,-2.7,-77.10000000000001,0.76,-0.24,0.54
31.288941144943237,0.5,-3.0,-77.0,0.76,-0.24,0.56
31.299373626708984,0.2,-2.8000000000000003,-77.5,0.8,-0.25,0.56
31.309033155441284,0.2,-3.1,-77.60000000000001,0.78,-0.27,0.56
31.318961143493652,0.1,-3.0,-77.2,0.78,-0.28,0.56
31.330488920211792,0.0,-3.3000000000000003,-77.4,0.8200000000000001,-0.31,0.5700000000000001
31.339531421661377,-0.30000000000000004,-3.4000000000000004,-77.5,0.86,-0.33,0.55
31.349076747894287,-0.2,-3.7,-77.60000000000001,0.85,-0.35000000000000003,0.56
31.35923981666565,-0.1,-3.4000000000000004,-77.4,0.8200000000000001,-0.31,0.56
31.369398593902588,-0.2,-3.2,-77.80000000000001,0.8200000000000001,-0.29,0.55
31.378969430923462,-0.1,-3.2,-77.30000000000001,0.8,-0.31,0.56
31.388935804367065,0.0,-3.4000000000000004,-77.30000000000001,0.8300000000000001,-0.32,0.5700000000000001
31.399420976638794,-0.2,-3.5,-77.30000000000001,0.85,-0.32,0.55
31.409592866897583,0.0,-3.4000000000000004,-77.30000000000001,0.8300000000000001,-0.31,0.55
31.418985605239868,0.0,-3.4000000000000004,-77.30000000000001,0.8200000000000001,-0.29,0.56
31.429458141326904,-0.1,-3.2,-77.5,0.8200000000000001,-0.28,0.56
31.43918466567993,-0.2,-2.9000000000000004,-77.60000000000001,0.8,-0.3,0.55
31.448968410491943,0.0,-3.0,-77.60000000000001,0.78,-0.33,0.5700000000000001
31.459384202957153,0.0,-2.9000000000000004,-77.5,0.77,-0.29,0.58
31.46920418739319,0.30000000000000004,-2.4000000000000004,-77.80000000000001,0.73,-0.22,0.5700000000000001
31.47991681098938,0.6000000000000001,-2.2,-77.7,0.6900000000000001,-0.18,0.54
31.489067554473877,1.3,-2.0,-77.0,0.7000000000000001,-0.16,0.56
31.49979543685913,0.7000000000000001,-2.1,-77.9,0.6900000000000001,-0.17,0.5700000000000001
31.509270668029785,1.2000000000000002,-1.6,-76.9,0.66,-0.17,0.54
31.518984079360962,1.4000000000000001,-2.0,-77.2,0.64,-0.14,0.56
31.529382944107056,1.0,-1.7000000000000002,-78.10000000000001,0.68,-0.1,0.5700000000000001
31.540353298187256,1.3,-1.9000000000000001,-76.80000000000001,0.67,-0.11,0.54
31.54913854598999,1.1,-2.4000000000000004,-77.30000000000001,0.71,-0.15,0.54
31.560070276260376,0.4,-2.5,-77.9,0.74,-0.22,0.55
31.569971084594727,-0.2,-2.8000000000000003,-77.5,0.78,-0.29,0.5700000000000001
31.579779386520386,-0.5,-3.1,-78.4,0.79,-0.33,0.58
31.58936905860901,-0.7000000000000001,-2.8000000000000003,-77.2,0.79,-0.33,0.5700000000000001
31.59951639175415,-1.1,-3.3000000000000003,-78.0,0.8200000000000001,-0.36,0.56
31.609001398086548,-1.1,-3.5,-77.5,0.85,-0.4,0.5700000000000001
31.618923902511597,-1.2000000000000002,-3.8000000000000003,-77.7,0.89,-0.42,0.5700000000000001
31.62927269935608,-1.7000000000000002,-4.0,-77.80000000000001,0.9,-0.44,0.56
31.639711618423462,-2.0,-4.0,-77.7,0.9,-0.48,0.5700000000000001
31.649200916290283,-2.0,-4.1000000000000005,-77.80000000000001,0.91,-0.49,0.59
31.6589674949646,-2.2,-4.2,-77.60000000000001,0.91,-0.52,0.5700000000000001
31.669414281845093,-2.3000000000000003,-4.0,-77.7,0.93,-0.51,0.5700000000000001
31.679680109024048,-1.4000000000000001,-3.9000000000000004,-76.9,0.87,-0.47000000000000003,0.58
31.68889045715332,-1.3,-3.5,-77.2,0.8300000000000001,-0.46,0.5700000000000001
31.699707984924316,-1.8,-3.1,-78.0,0.8200000000000001,-0.44,0.58
31.70908212661743,-0.9,-2.8000000000000003,-77.30000000000001,0.77,-0.41000000000000003,0.58
31.718952417373657,-0.8,-2.6,-77.30000000000001,0.72,-0.39,0.58
31.72919797897339,-0.7000000000000001,-2.0,-77.4,0.7000000000000001,-0.36,0.58
31.740410566329956,-0.6000000000000001,-2.1,-78.0,0.68,-0.33,0.59
31.748992204666138,-0.2,-1.7000000000000002,-77.2,0.64,-0.3,0.58
31.75903296470642,-0.2,-2.1,-78.2,0.65,-0.3,0.58
31.769388675689697,0.0,-1.6,-77.10000000000001,0.7000000000000001,-0.26,0.58
31.779423475265503,0.30000000000000004,-2.1,-77.80000000000001,0.67,-0.23,0.5700000000000001
31.78921389579773,0.7000000000000001,-1.5,-77.30000000000001,0.64,-0.16,0.5700000000000001
31.79887056350708,0.2,-2.2,-78.4,0.67,-0.17,0.55
31.810137271881104,0.1,-2.1,-77.7,0.74,-0.22,0.55
31.81887984275818,0.0,-2.8000000000000003,-77.4,0.75,-0.25,0.56
31.829002618789673,-0.5,-3.1,-78.0,0.8,-0.29,0.5700000000000001
31.83945345878601,-0.8,-3.2,-77.7,0.86,-0.34,0.56
31.849712371826172,-0.7000000000000001,-3.5,-78.0,0.84,-0.33,0.5700000000000001
31.859308004379272,-0.2,-3.5,-76.4,0.8200000000000001,-0.32,0.56
31.869553804397583,-0.6000000000000001,-3.8000000000000003,-76.0,0.86,-0.38,0.55
31.880070209503174,-1.0,-4.1000000000000005,-76.60000000000001,0.91,-0.43,0.56
31.889100551605225,-1.4000000000000001,-4.4,-76.60000000000001,0.9400000000000001,-0.46,0.56
31.899049997329712,-1.7000000000000002,-4.5,-77.7,0.9400000000000001,-0.47000000000000003,0.5700000000000001
31.90998911857605,-1.7000000000000002,-4.1000000000000005,-76.4,0.93,-0.45,0.56
31.919105291366577,-1.8,-4.4,-77.0,0.91,-0.47000000000000003,0.5700000000000001
31.929026126861572,-1.8,-4.3,-76.60000000000001,0.91,-0.49,0.5700000000000001
31.93987798690796,-2.2,-4.2,-77.60000000000001,0.93,-0.51,0.5700000000000001
31.9495108127594,-2.2,-4.0,-77.80000000000001,0.9,-0.52,0.5700000000000001
31.95913314819336,-1.9000000000000001,-3.5,-77.4,0.8300000000000001,-0.46,0.59
31.969492197036743,-2.0,-3.1,-77.7,0.79,-0.44,0.58
31.979851961135864,-1.8,-2.7,-78.0,0.78,-0.44,0.58
31.98921227455139,-1.7000000000000002,-2.5,-78.0,0.72,-0.42,0.6
31.998975038528442,-1.3,-2.1,-77.80000000000001,0.7000000000000001,-0.37,0.6
32.00970816612244,-1.2000000000000002,-2.0,-78.60000000000001,0.6900000000000001,-0.33,0.59
32.01977348327637,-1.1,-1.9000000000000001,-78.7,0.68,-0.34,0.58
32.028990030288696,-0.2,-2.0,-77.2,0.65,-0.33,0.58
32.039170265197754,-1.0,-1.8,-78.7,0.6900000000000001,-0.31,0.58
32.049723625183105,-1.0,-2.0,-78.9,0.7000000000000001,-0.3,0.59
32.058959007263184,0.0,-1.9000000000000001,-76.5,0.64,-0.29,0.58
32.06933665275574,0.0,-2.1,-76.5,0.67,-0.3,0.5700000000000001
32.080180168151855,-0.2,-2.3000000000000003,-77.10000000000001,0.73,-0.3,0.5700000000000001
32.08987545967102,-0.2,-2.8000000000000003,-76.60000000000001,0.72,-0.3,0.5700000000000001
32.099878787994385,-0.4,-3.2,-76.5,0.77,-0.31,0.5700000000000001
32.10998320579529,-1.1,-3.6,-76.60000000000001,0.88,-0.39,0.55
32.11969017982483,-1.4000000000000001,-4.1000000000000005,-76.4,0.91,-0.43,0.5700000000000001
32.12894368171692,-1.2000000000000002,-4.0,-77.4,0.9,-0.41000000000000003,0.5700000000000001
32.139652490615845,-1.6,-4.2,-77.5,0.91,-0.39,0.56
32.15000343322754,-1.7000000000000002,-4.1000000000000005,-77.30000000000001,0.92,-0.4,0.55
32.15912079811096,-1.8,-4.5,-76.80000000000001,0.9400000000000001,-0.44,0.5700000000000001
32.169269323349,-2.1,-4.5,-77.9,0.98,-0.46,0.5700000000000001
32.18008232116699,-2.4000000000000004,-4.6000000000000005,-78.0,0.99,-0.48,0.56
32.18986225128174,-1.2000000000000002,-4.5,-76.10000000000001,0.9,-0.47000000000000003,0.58
32.1999032497406,-1.1,-3.8000000000000003,-75.5,0.9,-0.46,0.56
32.2099723815918,-1.4000000000000001,-4.1000000000000005,-76.5,0.89,-0.46,0.55
32.219675064086914,-1.2000000000000002,-3.7,-76.60000000000001,0.86,-0.44,0.59
32.229711294174194,-1.2000000000000002,-3.3000000000000003,-77.2,0.81,-0.41000000000000003,0.59
32.239147424697876,-1.3,-3.0,-76.80000000000001,0.8,-0.39,0.56
32.25011229515076,-0.8,-2.9000000000000004,-77.0,0.77,-0.37,0.5700000000000001
32.259777545928955,-0.8,-2.6,-77.5,0.75,-0.35000000000000003,0.59
32.26951241493225,-1.0,-2.7,-77.80000000000001,0.73,-0.35000000000000003,0.58
32.27985191345215,-0.7000000000000001,-2.0,-77.10000000000001,0.71,-0.32,0.58
32.28950905799866,-0.8,-2.3000000000000003,-77.5,0.7000000000000001,-0.33,0.58
32.298884868621826,-0.8,-2.1,-77.30000000000001,0.6900000000000001,-0.33,0.59
32.30942249298096,-1.0,-2.3000000000000003,-77.4,0.7000000000000001,-0.32,0.58
32.32039833068848,-1.0,-2.2,-77.60000000000001,0.72,-0.34,0.5700000000000001
32.32890439033508,-1.0,-2.5,-77.7,0.72,-0.34,0.58
32.33900451660156,-1.1,-2.6,-77.80000000000001,0.73,-0.33,0.59
32.34969115257263,-1.4000000000000001,-2.8000000000000003,-78.0,0.78,-0.35000000000000003,0.5700000000000001
32.35896158218384,-1.7000000000000002,-3.2,-77.5,0.8300000000000001,-0.4,0.5700000000000001
32.36911582946777,-1.9000000000000001,-3.4000000000000004,-77.60000000000001,0.8300000000000001,-0.42,0.58
32.38003587722778,-2.2,-3.6,-77.9,0.9,-0.43,0.5700000000000001
32.38992190361023,-1.1,-3.9000000000000004,-75.60000000000001,0.87,-0.45,0.5700000000000001
32.399861097335815,-0.9,-4.0,-75.7,0.86,-0.44,0.5700000000000001
32.40994095802307,-1.4000000000000001,-4.3,-76.3,0.92,-0.46,0.55
32.41924214363098,-1.5,-4.5,-76.4,0.9400000000000001,-0.47000000000000003,0.56
32.429205656051636,-1.5,-4.6000000000000005,-75.8,0.9500000000000001,-0.48,0.5700000000000001
32.43931818008423,-1.7000000000000002,-4.800000000000001,-76.3,0.98,-0.49,0.56
32.44939875602722,-1.7000000000000002,-4.5,-76.5,0.98,-0.48,0.55
32.459465742111206,-1.5,-4.2,-76.60000000000001,0.92,-0.43,0.5700000000000001
32.46940016746521,-1.3,-4.0,-76.7,0.89,-0.4,0.5700000000000001
32.47934150695801,-1.2000000000000002,-3.7,-77.10000000000001,0.86,-0.36,0.5700000000000001
32.4892303943634,-1.2000000000000002,-3.6,-77.5,0.84,-0.35000000000000003,0.56
32.498963356018066,-1.3,-3.6,-77.30000000000001,0.87,-0.35000000000000003,0.56
32.50883150100708,-1.1,-3.5,-77.60000000000001,0.87,-0.33,0.5700000000000001
32.51914119720459,-1.0,-3.3000000000000003,-77.60000000000001,0.84,-0.32,0.5700000000000001
32.529887676239014,-0.7000000000000001,-3.1,-77.5,0.8300000000000001,-0.3,0.55
32.53893852233887,-0.6000000000000001,-2.9000000000000004,-78.10000000000001,0.8,-0.26,0.55
32.54915475845337,-0.4,-2.9000000000000004,-78.2,0.77,-0.24,0.5700000000000001
32.55894136428833,-0.7000000000000001,-2.9000000000000004,-78.9,0.79,-0.25,0.58
32.56922435760498,-0.9,-2.8000000000000003,-78.0,0.78,-0.27,0.5700000000000001
32.57910442352295,-1.1,-3.1,-78.0,0.8,-0.31,0.56
32.58891034126282,-1.3,-3.2,-78.0,0.86,-0.36,0.56
32.5998420715332,-1.5,-3.5,-78.4,0.88,-0.38,0.58
32.60899496078491,-0.7000000000000001,-3.5,-76.60000000000001,0.8200000000000001,-0.39,0.58
32.618937253952026,-0.8,-3.3000000000000003,-76.2,0.81,-0.37,0.56
32.62930965423584,-1.2000000000000002,-3.9000000000000004,-76.7,0.84,-0.4,0.56
32.63946056365967,-1.7000000000000002,-4.3,-76.7,0.9400000000000001,-0.45,0.5700000000000001
32.64893698692322,-2.3000000000000003,-5.1000000000000005,-76.7,1.0,-0.51,0.55
32.660266160964966,-2.5,-5.1000000000000005,-76.4,1.05,-0.55,0.54
32.66982436180115,-2.5,-5.0,-77.4,1.02,-0.51,0.58
32.67983031272888,-2.0,-4.2,-76.9,0.92,-0.46,0.59
32.68896818161011,-2.0,-4.2,-77.4,0.91,-0.44,0.55
32.698909759521484,-2.2,-4.4,-77.9,0.93,-0.43,0.56
32.71007013320923,-1.8,-4.0,-77.5,0.92,-0.42,0.59
32.718981981277466,-2.2,-4.3,-78.0,0.93,-0.44,0.56
32.728957176208496,-1.5,-3.4000000000000004,-76.9,0.88,-0.37,0.55
32.739623069763184,-1.2000000000000002,-3.8000000000000003,-77.80000000000001,0.89,-0.36,0.55
32.74942111968994,-0.6000000000000001,-3.3000000000000003,-77.4,0.84,-0.31,0.6
32.76034498214722,-0.6000000000000001,-3.0,-78.30000000000001,0.78,-0.26,0.58
32.77002143859863,0.0,-3.2,-76.4,0.79,-0.26,0.51
32.77994751930237,-0.30000000000000004,-3.7,-77.2,0.87,-0.3,0.55
32.78977942466736,-0.5,-3.6,-75.8,0.88,-0.32,0.58
32.79882550239563,-0.5,-3.6,-77.5,0.84,-0.31,0.5700000000000001
32.80924105644226,-0.30000000000000004,-3.2,-75.8,0.84,-0.29,0.54
32.819103479385376,-0.2,-3.6,-77.30000000000001,0.8200000000000001,-0.24,0.55
32.82959318161011,-0.1,-3.4000000000000004,-76.60000000000001,0.8200000000000001,-0.23,0.55
32.83984351158142,-0.7000000000000001,-3.9000000000000004,-76.80000000000001,0.88,-0.28,0.54
32.849854946136475,-1.2000000000000002,-4.800000000000001,-76.60000000000001,0.99,-0.38,0.56
32.85991430282593,-1.6,-5.2,-76.5,1.06,-0.43,0.5700000000000001
32.869799852371216,-1.8,-5.2,-77.10000000000001,1.05,-0.42,0.55
32.879904985427856,-1.6,-4.9,-77.5,0.98,-0.36,0.55
32.889809131622314,-1.6,-4.9,-77.60000000000001,0.97,-0.33,0.54
32.898940324783325,-1.9000000000000001,-5.1000000000000005,-77.10000000000001,1.03,-0.38,0.54
32.90920352935791,-2.0,-5.300000000000001,-77.0,1.08,-0.44,0.54
32.919708251953125,-2.0,-5.1000000000000005,-77.7,1.06,-0.44,0.56
32.92895221710205,-0.5,-4.1000000000000005,-75.60000000000001,0.91,-0.37,0.55
32.93921446800232,-1.3,-4.1000000000000005,-77.4,0.89,-0.33,0.55
32.94976019859314,-0.1,-3.8000000000000003,-76.10000000000001,0.86,-0.32,0.5700000000000001
32.959895610809326,-0.5,-4.1000000000000005,-75.60000000000001,0.89,-0.35000000000000003,0.56
32.96973514556885,-0.6000000000000001,-4.1000000000000005,-75.8,0.91,-0.39,0.53
32.97948598861694,-0.6000000000000001,-4.2,-76.10000000000001,0.91,-0.35000000000000003,0.55
32.989253282547,-0.2,-3.6,-76.4,0.87,-0.32,0.5700000000000001
32.99913668632507,-0.4,-3.7,-76.7,0.8300000000000001,-0.28,0.56
33.00902819633484,-0.4,-3.6,-76.60000000000001,0.85,-0.26,0.53
33.01987385749817,-0.5,-4.0,-76.7,0.9,-0.29,0.52
33.02911043167114,-0.6000000000000001,-4.2,-76.7,0.9400000000000001,-0.31,0.54
33.039217472076416,-0.5,-4.1000000000000005,-76.4,0.92,-0.31,0.55
33.04990887641907,-0.6000000000000001,-4.0,-77.0,0.89,-0.28,0.56
33.05996131896973,-0.5,-3.8000000000000003,-77.10000000000001,0.87,-0.28,0.55
33.069822788238525,-0.8,-4.3,-77.0,0.9,-0.3,0.54
33.079856634140015,-1.2000000000000002,-4.800000000000001,-77.0,1.0,-0.35000000000000003,0.53
33.08948874473572,-1.5,-5.0,-76.9,1.04,-0.39,0.55
33.09942030906677,-1.5,-5.2,-77.9,1.02,-0.37,0.56
33.109458684921265,-1.4000000000000001,-4.9,-77.2,1.02,-0.33,0.54
33.11910128593445,-0.2,-4.800000000000001,-76.0,0.97,-0.31,0.51
33.13006114959717,-1.1,-5.1000000000000005,-77.30000000000001,1.03,-0.32,0.54
33.13923621177673,-0.2,-5.2,-75.4,1.04,-0.35000000000000003,0.55
33.14905524253845,-0.30000000000000004,-5.1000000000000005,-75.3,1.01,-0.33,0.53
33.160003900527954,-0.1,-4.6000000000000005,-76.2,0.97,-0.29,0.51
33.169790744781494,0.1,-4.6000000000000005,-76.4,0.93,-0.25,0.55
33.179813861846924,-0.2,-4.7,-77.80000000000001,0.93,-0.24,0.54
33.18990468978882,-0.5,-4.7,-75.5,0.99,-0.27,0.51
33.199278831481934,-0.8,-5.4,-76.3,1.05,-0.32,0.53
33.209028244018555,-0.5,-4.5,-76.2,1.01,-0.33,0.55
33.219197511672974,-0.7000000000000001,-4.7,-76.80000000000001,0.9400000000000001,-0.28,0.53
33.22907543182373,-0.30000000000000004,-4.2,-77.2,0.91,-0.22,0.54
33.23917031288147,-0.30000000000000004,-4.1000000000000005,-77.2,0.91,-0.21,0.54
33.24974083900452,-0.6000000000000001,-4.5,-76.80000000000001,0.9500000000000001,-0.23,0.53
33.2598991394043,-0.8,-4.9,-76.7,1.01,-0.31,0.52
33.26972532272339,0.5,-4.5,-74.9,0.97,-0.34,0.54
33.27981448173523,-1.2000000000000002,-5.0,-77.80000000000001,1.01,-0.31,0.56
33.28989386558533,0.30000000000000004,-4.3,-75.8,0.89,-0.27,0.55
33.299254179000854,-0.1,-4.6000000000000005,-75.7,0.9400000000000001,-0.28,0.53
33.308979511260986,-1.3,-5.0,-76.9,1.03,-0.32,0.52
33.31890559196472,-1.4000000000000001,-5.5,-77.4,1.11,-0.37,0.52
33.329981327056885,-1.1,-5.2,-77.5,1.07,-0.32,0.55
33.339031457901,0.2,-4.4,-76.2,0.91,-0.23,0.54
33.349358558654785,0.1,-4.6000000000000005,-76.2,0.89,-0.18,0.52
33.360949754714966,0.0,-4.7,-75.60000000000001,1.0,-0.26,0.53
33.370124101638794,-0.4,-5.5,-76.4,1.09,-0.33,0.54
33.379738092422485,-0.2,-5.1000000000000005,-77.10000000000001,1.01,-0.29,0.54
33.38892984390259,-0.5,-5.0,-78.0,1.01,-0.25,0.51
33.39915418624878,-0.30000000000000004,-4.9,-76.10000000000001,1.0,-0.22,0.55
33.40892505645752,-0.2,-4.9,-76.3,0.99,-0.23,0.56
33.419408321380615,-0.4,-5.2,-76.60000000000001,1.05,-0.26,0.48
33.429362058639526,0.0,-4.9,-76.5,1.01,-0.21,0.52
33.43895888328552,-0.1,-5.2,-77.2,1.02,-0.24,0.51
33.44899320602417,-0.1,-5.2,-77.10000000000001,1.04,-0.23,0.55
33.45963215827942,-0.2,-5.2,-77.10000000000001,1.02,-0.22,0.56
33.46955728530884,-0.4,-5.1000000000000005,-76.80000000000001,1.03,-0.24,0.53
33.479066371917725,0.6000000000000001,-5.1000000000000005,-75.3,1.04,-0.26,0.48
33.48899865150452,-0.4,-5.800000000000001,-77.5,1.11,-0.24,0.51
33.50003361701965,-0.1,-5.300000000000001,-77.0,1.05,-0.21,0.56
33.50894522666931,0.6000000000000001,-5.300000000000001,-75.9,1.04,-0.21,0.51
33.51902484893799,0.30000000000000004,-5.6000000000000005,-75.8,1.09,-0.23,0.45
33.529852867126465,0.6000000000000001,-5.5,-75.2,1.1,-0.23,0.5
33.53903079032898,0.7000000000000001,-5.300000000000001,-76.2,1.04,-0.21,0.55
33.54908490180969,0.7000000000000001,-4.7,-76.10000000000001,0.9400000000000001,-0.15,0.52
33.55951714515686,0.5,-5.0,-76.4,0.97,-0.14,0.5
33.56937861442566,0.5,-5.1000000000000005,-76.0,1.05,-0.18,0.53
33.57989978790283,0.2,-5.4,-75.8,1.06,-0.23,0.51
33.59010696411133,1.4000000000000001,-4.7,-74.9,1.01,-0.22,0.49
33.600215435028076,1.7000000000000002,-4.800000000000001,-75.7,0.9500000000000001,-0.19,0.54
33.60994338989258,1.3,-4.7,-76.10000000000001,0.9500000000000001,-0.19,0.53
33.61897587776184,0.0,-5.2,-77.60000000000001,1.02,-0.18,0.51
33.629722118377686,-0.1,-5.4,-76.2,1.07,-0.22,0.51
33.638901710510254,0.0,-5.1000000000000005,-77.0,1.02,-0.2,0.5700000000000001
33.64933156967163,0.5,-5.0,-75.60000000000001,1.04,-0.21,0.46
33.66098594665527,0.4,-5.6000000000000005,-75.8,1.07,-0.24,0.49
33.67027831077576,0.6000000000000001,-5.5,-75.2,1.08,-0.23,0.5700000000000001
33.67899250984192,0.5,-5.5,-76.4,1.0,-0.22,0.55
33.688931465148926,0.0,-5.4,-77.10000000000001,1.06,-0.23,0.47000000000000003
33.7000048160553,0.0,-5.800000000000001,-75.9,1.1400000000000001,-0.22,0.51
33.70896863937378,0.7000000000000001,-5.2,-75.10000000000001,0.99,-0.2,0.55
33.71897745132446,0.2,-6.1000000000000005,-76.0,1.1300000000000001,-0.22,0.44
33.72938013076782,0.0,-6.1000000000000005,-76.0,1.21,-0.23,0.49
33.73928618431091,0.6000000000000001,-5.300000000000001,-75.8,1.08,-0.21,0.5700000000000001
33.749481439590454,0.9,-4.5,-76.5,0.9,-0.13,0.54
33.75912594795227,0.8,-4.6000000000000005,-76.9,0.92,-0.09,0.48
33.770140647888184,0.6000000000000001,-5.0,-75.7,1.02,-0.13,0.49
33.77914500236511,0.30000000000000004,-6.0,-76.2,1.1500000000000001,-0.19,0.53
33.78895306587219,0.30000000000000004,-5.800000000000001,-76.4,1.16,-0.2,0.5
33.799091815948486,0.7000000000000001,-5.1000000000000005,-76.3,1.02,-0.13,0.5
33.80915927886963,1.0,-5.0,-77.2,0.96,-0.07,0.52
33.81901407241821,1.1,-4.9,-75.9,0.98,-0.08,0.53
33.82955002784729,0.8,-5.6000000000000005,-76.60000000000001,1.09,-0.12,0.48
33.839497089385986,0.9,-5.4,-76.10000000000001,1.07,-0.11,0.52
33.84890913963318,1.3,-5.6000000000000005,-75.2,1.1,-0.15,0.46
33.859835624694824,0.6000000000000001,-6.2,-76.7,1.18,-0.15,0.48
33.869261264801025,1.4000000000000001,-5.9,-75.60000000000001,1.05,-0.12,0.56
33.87908053398132,0.9,-6.1000000000000005,-75.3,1.1500000000000001,-0.14,0.45
33.88892650604248,1.0,-6.300000000000001,-75.4,1.22,-0.16,0.45
33.89915871620178,1.2000000000000002,-6.300000000000001,-75.7,1.16,-0.14,0.51
33.90982174873352,1.2000000000000002,-6.0,-76.10000000000001,1.06,-0.11,0.53
33.91895055770874,1.0,-6.0,-75.7,1.11,-0.1,0.47000000000000003
33.92949295043945,0.8,-6.5,-75.4,1.2,-0.14,0.46
33.93979215621948,0.9,-6.7,-76.10000000000001,1.23,-0.17,0.5
33.94900345802307,0.9,-6.2,-75.9,1.17,-0.14,0.49
33.959173917770386,1.1,-5.7,-76.10000000000001,1.07,-0.1,0.47000000000000003
33.96927618980408,1.2000000000000002,-5.7,-76.4,1.07,-0.07,0.51
33.979084968566895,1.5,-5.1000000000000005,-76.3,1.04,-0.08,0.53
33.98893594741821,1.1,-5.2,-76.2,1.02,-0.07,0.48
33.99967861175537,1.0,-5.4,-77.0,1.04,-0.07,0.48
34.009931564331055,1.3,-5.2,-76.4,1.06,-0.07,0.52
34.01902747154236,1.8,-5.1000000000000005,-75.10000000000001,1.02,-0.1,0.5
34.029051303863525,0.9,-5.4,-75.7,1.08,-0.11,0.48
34.03926157951355,1.0,-5.4,-76.9,1.08,-0.12,0.51
34.04898118972778,1.8,-4.7,-75.4,0.96,-0.07,0.51
34.0593056678772,1.6,-5.0,-76.10000000000001,0.97,-0.04,0.48
34.06962251663208,1.6,-5.300000000000001,-75.3,1.07,-0.08,0.49
34.079070806503296,1.5,-6.1000000000000005,-75.4,1.1500000000000001,-0.12,0.52
34.08897256851196,1.3,-6.0,-75.4,1.1500000000000001,-0.13,0.47000000000000003
34.09898567199707,1.3,-6.1000000000000005,-75.8,1.12,-0.09,0.47000000000000003
34.109439849853516,1.5,-5.800000000000001,-76.3,1.01,-0.06,0.56
34.11915898323059,1.2000000000000002,-6.2,-75.0,1.11,-0.08,0.49
34.129119873046875,0.8,-7.5,-75.5,1.36,-0.15,0.41000000000000003
34.13966679573059,1.0,-7.300000000000001,-75.5,1.36,-0.16,0.46
34.14914298057556,1.4000000000000001,-6.5,-76.2,1.1400000000000001,-0.08,0.53
34.159095287323,1.7000000000000002,-5.6000000000000005,-76.4,1.0,-0.03,0.5
34.16966938972473,1.4000000000000001,-5.800000000000001,-76.3,1.06,-0.04,0.47000000000000003
34.17938733100891,2.3000000000000003,-5.7,-74.8,1.12,-0.06,0.5
34.189942836761475,1.6,-6.2,-76.0,1.16,-0.07,0.47000000000000003
34.19981145858765,2.5,-5.7,-75.2,1.1,-0.03,0.47000000000000003
34.21000671386719,2.5,-5.6000000000000005,-75.4,1.06,-0.0,0.5
34.21913385391235,2.6,-5.300000000000001,-75.0,1.05,0.01,0.48
34.22932577133179,2.1,-6.2,-75.9,1.11,0.02,0.47000000000000003
34.23916053771973,2.6,-5.800000000000001,-74.8,1.1500000000000001,-0.0,0.46
34.249905586242676,2.7,-5.7,-75.7,1.11,0.01,0.46
34.25900983810425,2.7,-5.5,-75.9,1.06,0.05,0.47000000000000003
34.26982831954956,2.6,-5.5,-75.4,1.05,0.04,0.47000000000000003
34.27996277809143,2.6,-5.6000000000000005,-75.60000000000001,1.1,0.01,0.5
34.29011559486389,2.3000000000000003,-5.9,-75.4,1.12,-0.02,0.49
34.30011773109436,2.3000000000000003,-5.300000000000001,-75.8,1.04,-0.01,0.47000000000000003
34.30911993980408,2.4000000000000004,-5.6000000000000005,-75.60000000000001,1.05,0.01,0.47000000000000003
34.31924557685852,2.1,-7.0,-76.80000000000001,1.19,-0.01,0.49
34.32981491088867,1.9000000000000001,-6.9,-75.2,1.27,-0.06,0.47000000000000003
34.33914017677307,1.9000000000000001,-6.6000000000000005,-75.2,1.22,-0.04,0.44
34.34915280342102,2.0,-6.4,-76.60000000000001,1.1300000000000001,-0.0,0.44
34.35910224914551,2.1,-6.4,-76.4,1.11,0.02,0.5
34.3694748878479,2.2,-6.4,-76.10000000000001,1.1300000000000001,-0.0,0.53
34.37938141822815,2.2,-5.9,-75.10000000000001,1.1300000000000001,-0.04,0.44
34.389230489730835,2.1,-6.0,-75.0,1.18,-0.05,0.42
34.39897131919861,2.5,-5.800000000000001,-75.4,1.1500000000000001,-0.04,0.49
34.40990924835205,2.2,-6.0,-76.7,1.08,-0.01,0.52
34.41897773742676,2.5,-4.800000000000001,-76.10000000000001,0.92,0.03,0.52
34.42911696434021,2.4000000000000004,-5.300000000000001,-74.9,1.06,0.01,0.44
34.439767599105835,2.7,-5.5,-75.2,1.09,-0.0,0.5
34.44932246208191,2.6,-5.9,-75.60000000000001,1.1300000000000001,-0.0,0.48
34.459065437316895,2.5,-5.800000000000001,-75.7,1.1,0.02,0.45
34.46937608718872,2.7,-5.9,-75.5,1.1,0.04,0.47000000000000003
34.47929310798645,2.8000000000000003,-5.800000000000001,-75.7,1.09,0.06,0.51
34.489145040512085,2.8000000000000003,-5.9,-75.3,1.11,0.04,0.46
34.49892783164978,2.5,-6.300000000000001,-75.8,1.16,0.05,0.43
34.509023666381836,2.8000000000000003,-6.300000000000001,-75.2,1.18,0.05,0.45
34.519014835357666,3.0,-5.7,-75.4,1.05,0.05,0.52
34.52951216697693,2.9000000000000004,-5.800000000000001,-75.60000000000001,1.04,0.07,0.48
34.53986859321594,2.6,-7.0,-75.60000000000001,1.26,0.03,0.41000000000000003
34.549081325531006,3.0,-6.9,-74.5,1.28,-0.0,0.45
34.56037640571594,2.8000000000000003,-6.800000000000001,-75.4,1.19,-0.0,0.48
34.56909370422363,3.3000000000000003,-5.800000000000001,-74.9,1.07,0.08,0.49
34.57993984222412,3.1,-6.0,-75.8,1.07,0.09,0.46
34.58971810340881,3.4000000000000004,-6.1000000000000005,-74.10000000000001,1.19,0.06,0.45
34.59988594055176,2.9000000000000004,-8.0,-75.2,1.37,0.05,0.41000000000000003
34.609946489334106,3.3000000000000003,-6.800000000000001,-74.60000000000001,1.31,0.05,0.42
34.619847774505615,3.3000000000000003,-6.300000000000001,-75.60000000000001,1.1300000000000001,0.12,0.46
34.62910866737366,3.6,-5.1000000000000005,-75.0,0.99,0.14,0.49
34.63914680480957,3.5,-5.1000000000000005,-75.4,1.0,0.15,0.48
34.64933633804321,3.5,-5.1000000000000005,-75.0,0.99,0.14,0.5
34.65904998779297,3.3000000000000003,-6.1000000000000005,-75.4,1.1500000000000001,0.11,0.43
34.66941499710083,3.4000000000000004,-6.300000000000001,-75.10000000000001,1.24,0.11,0.41000000000000003
34.679072856903076,3.5,-6.300000000000001,-75.7,1.12,0.12,0.48
34.68903708457947,3.4000000000000004,-5.9,-75.10000000000001,1.11,0.12,0.46
34.69919776916504,3.5,-5.2,-75.5,1.05,0.12,0.46
34.709394693374634,3.5,-5.300000000000001,-75.5,0.98,0.13,0.48
34.71921348571777,3.9000000000000004,-5.5,-74.9,1.09,0.13,0.45
34.72914958000183,3.3000000000000003,-6.5,-75.9,1.17,0.11,0.44
34.73949933052063,3.5,-6.1000000000000005,-75.0,1.1400000000000001,0.11,0.48
34.749014377593994,3.5,-5.5,-75.3,1.08,0.1,0.46
34.75894737243652,3.1,-5.9,-75.60000000000001,1.12,0.09,0.42
34.76909303665161,3.2,-6.300000000000001,-75.9,1.1500000000000001,0.09,0.45
34.77974057197571,3.4000000000000004,-6.300000000000001,-75.5,1.12,0.08,0.52
34.78898739814758,3.1,-6.9,-75.10000000000001,1.23,0.07,0.41000000000000003
34.799192667007446,3.0,-7.4,-75.3,1.32,0.06,0.38
34.809932470321655,3.2,-7.300000000000001,-75.60000000000001,1.27,0.06,0.48
34.81891584396362,3.3000000000000003,-6.4,-75.3,1.16,0.06,0.49
34.829508781433105,3.3000000000000003,-5.7,-75.4,1.06,0.09,0.44
34.8393452167511,3.6,-5.7,-75.4,1.05,0.13,0.48
34.84919500350952,3.6,-7.0,-75.60000000000001,1.21,0.13,0.47000000000000003
34.85897397994995,3.8000000000000003,-7.0,-74.7,1.3,0.11,0.41000000000000003
34.869277477264404,3.5,-6.9,-75.9,1.25,0.14,0.4
34.87968373298645,3.9000000000000004,-5.2,-75.2,1.01,0.16,0.48
34.88894963264465,4.1000000000000005,-5.800000000000001,-75.5,1.04,0.18,0.47000000000000003
34.89893913269043,4.2,-5.4,-75.0,1.11,0.17,0.43
34.90997099876404,4.1000000000000005,-5.4,-75.5,1.01,0.19,0.49
34.91896176338196,4.3,-5.2,-75.0,1.02,0.19,0.48
34.92904090881348,4.3,-5.7,-74.8,1.1300000000000001,0.18,0.4
34.93934941291809,4.2,-5.9,-75.4,1.1300000000000001,0.19,0.43
34.949607610702515,4.6000000000000005,-5.5,-75.2,1.06,0.23,0.48
34.95989918708801,4.5,-5.4,-74.8,1.06,0.22,0.43
34.96968865394592,4.5,-5.6000000000000005,-75.4,1.11,0.22,0.42
34.98016381263733,4.6000000000000005,-5.9,-74.8,1.11,0.21,0.46
34.98987865447998,4.5,-6.2,-75.2,1.1500000000000001,0.21,0.45
34.99978995323181,4.3,-6.2,-75.0,1.17,0.2,0.41000000000000003
35.0098831653595,4.3,-6.5,-75.10000000000001,1.18,0.21,0.42
35.02018213272095,4.4,-6.800000000000001,-75.3,1.23,0.2,0.44
35.02903890609741,4.3,-6.9,-74.8,1.22,0.2,0.44
35.03914189338684,4.3,-6.7,-75.9,1.2,0.19,0.43
35.04917502403259,4.4,-6.6000000000000005,-74.8,1.19,0.2,0.43
35.05902695655823,4.4,-6.6000000000000005,-75.7,1.17,0.2,0.44
35.06909203529358,4.3,-6.7,-75.4,1.17,0.2,0.43
35.07914853096008,4.2,-6.9,-75.3,1.19,0.2,0.44
35.08894324302673,4.2,-6.800000000000001,-74.9,1.23,0.17,0.44
35.09884595870972,4.0,-7.1000000000000005,-74.8,1.28,0.16,0.39
35.10888457298279,4.1000000000000005,-6.300000000000001,-75.5,1.16,0.16,0.44
35.11910057067871,4.2,-5.5,-75.3,1.01,0.18,0.5
35.12910485267639,4.3,-5.1000000000000005,-75.3,1.0,0.19,0.47000000000000003
35.139010190963745,4.5,-5.800000000000001,-75.10000000000001,1.1400000000000001,0.21,0.42
35.15042471885681,4.7,-5.4,-75.3,1.09,0.21,0.47000000000000003
35.15891790390015,4.5,-5.300000000000001,-75.3,1.0,0.21,0.47000000000000003
35.16919493675232,4.5,-5.4,-75.5,1.08,0.22,0.42
35.17994999885559,4.9,-5.1000000000000005,-74.7,1.06,0.22,0.47000000000000003
35.189902782440186,4.800000000000001,-5.4,-75.4,1.05,0.26,0.45
35.199827909469604,4.800000000000001,-5.1000000000000005,-75.60000000000001,1.02,0.26,0.41000000000000003
35.20982384681702,4.800000000000001,-5.5,-75.3,1.07,0.26,0.44
35.21935439109802,4.9,-5.6000000000000005,-75.4,1.09,0.25,0.49
35.229530334472656,4.800000000000001,-5.800000000000001,-75.4,1.09,0.24,0.44
35.238961696624756,4.6000000000000005,-6.0,-75.10000000000001,1.12,0.26,0.39
35.24977970123291,4.9,-7.0,-75.7,1.23,0.26,0.42
35.25906205177307,5.1000000000000005,-6.4,-75.10000000000001,1.18,0.25,0.45
35.26957845687866,4.7,-6.800000000000001,-75.10000000000001,1.19,0.27,0.39
35.27893400192261,5.1000000000000005,-6.4,-75.0,1.19,0.26,0.43
35.28909492492676,5.0,-7.0,-75.3,1.2,0.26,0.46
35.298866748809814,4.9,-6.1000000000000005,-75.10000000000001,1.11,0.23,0.46
35.30891680717468,4.7,-6.9,-75.5,1.2,0.25,0.4
35.319283962249756,5.2,-6.6000000000000005,-74.5,1.24,0.25,0.42
35.32910203933716,5.2,-6.6000000000000005,-74.8,1.18,0.27,0.43
35.339051246643066,5.1000000000000005,-6.9,-74.9,1.24,0.28,0.39
35.34976935386658,5.300000000000001,-6.1000000000000005,-74.9,1.1500000000000001,0.28,0.43
35.359118938446045,5.300000000000001,-5.800000000000001,-75.10000000000001,1.05,0.29,0.46
35.36906456947327,5.300000000000001,-5.7,-74.9,1.11,0.3,0.41000000000000003
35.3791139125824,5.5,-5.7,-75.0,1.1300000000000001,0.29,0.42
35.389318227767944,5.4,-4.800000000000001,-75.5,0.98,0.3,0.48
35.39902186393738,5.2,-5.1000000000000005,-75.5,0.98,0.31,0.44
35.40897297859192,5.300000000000001,-5.5,-75.2,1.09,0.31,0.41000000000000003
35.419201135635376,5.300000000000001,-5.5,-75.10000000000001,1.05,0.29,0.47000000000000003
35.428988456726074,5.2,-5.4,-75.10000000000001,1.04,0.27,0.47000000000000003
35.439318895339966,5.0,-5.9,-75.3,1.16,0.27,0.38
35.449153900146484,5.2,-5.6000000000000005,-74.60000000000001,1.12,0.27,0.41000000000000003
35.459362745285034,5.2,-5.6000000000000005,-75.8,1.06,0.28,0.47000000000000003
35.469160079956055,5.2,-5.0,-75.4,0.98,0.28,0.47000000000000003
35.47910523414612,5.300000000000001,-5.4,-75.5,1.04,0.29,0.43
35.48992204666138,5.5,-6.0,-75.4,1.1400000000000001,0.3,0.41000000000000003
35.49924898147583,5.5,-6.5,-75.2,1.16,0.31,0.43
35.508994340896606,5.300000000000001,-7.0,-74.9,1.28,0.29,0.38
35.519357442855835,5.5,-6.9,-74.8,1.28,0.3,0.4
35.52951407432556,5.5,-5.9,-75.10000000000001,1.09,0.29,0.45
35.539193868637085,5.300000000000001,-5.9,-75.5,1.08,0.31,0.43
35.55003619194031,5.6000000000000005,-6.5,-74.9,1.2,0.33,0.41000000000000003
35.55946159362793,5.6000000000000005,-6.4,-75.10000000000001,1.19,0.32,0.42
35.56942343711853,5.4,-5.7,-74.9,1.09,0.3,0.42
35.57969260215759,5.6000000000000005,-5.800000000000001,-75.0,1.09,0.31,0.44
35.58941459655762,5.800000000000001,-6.2,-75.60000000000001,1.16,0.35000000000000003,0.44
35.599371910095215,5.7,-5.6000000000000005,-74.7,1.1,0.32,0.4
35.6094114780426,5.6000000000000005,-5.6000000000000005,-75.2,1.09,0.34,0.4
35.61914372444153,6.1000000000000005,-5.7,-75.3,1.11,0.36,0.44
35.62997651100159,6.0,-5.5,-75.2,1.07,0.36,0.43
35.63934636116028,6.0,-5.2,-75.2,1.05,0.36,0.41000000000000003
35.64922642707825,6.0,-5.5,-75.4,1.09,0.38,0.41000000000000003
35.66022872924805,6.0,-5.5,-75.2,1.06,0.38,0.45
35.6692476272583,5.9,-5.4,-74.9,1.09,0.36,0.42
35.67921996116638,5.6000000000000005,-5.4,-75.4,1.08,0.33,0.41000000000000003
35.6896185874939,5.9,-5.5,-74.9,1.08,0.35000000000000003,0.44
35.69986319541931,5.9,-5.300000000000001,-74.8,1.07,0.35000000000000003,0.44
35.70957541465759,5.7,-5.300000000000001,-75.10000000000001,1.05,0.32,0.42
35.719417572021484,5.7,-5.800000000000001,-75.0,1.11,0.33,0.41000000000000003
35.73029136657715,5.9,-6.0,-75.3,1.1500000000000001,0.35000000000000003,0.43
35.73896908760071,6.0,-5.6000000000000005,-75.3,1.07,0.36,0.44
35.74941945075989,5.800000000000001,-5.6000000000000005,-75.4,1.05,0.37,0.41000000000000003
35.75985336303711,5.9,-5.9,-75.4,1.1,0.34,0.43
35.769436836242676,5.800000000000001,-6.5,-75.3,1.22,0.35000000000000003,0.42
35.7791223526001,5.9,-6.800000000000001,-75.0,1.24,0.33,0.38
35.790011405944824,5.9,-6.5,-75.3,1.19,0.36,0.4
35.79944968223572,6.0,-5.300000000000001,-75.0,1.06,0.36,0.44
35.80893874168396,5.7,-5.5,-75.8,1.04,0.35000000000000003,0.43
35.81894588470459,6.1000000000000005,-5.5,-75.2,1.07,0.36,0.42
35.82926106452942,6.2,-5.6000000000000005,-75.4,1.06,0.37,0.45
35.83894348144531,6.1000000000000005,-5.300000000000001,-74.7,1.1,0.35000000000000003,0.4
35.8496572971344,6.0,-6.4,-75.2,1.17,0.38,0.39
35.85955190658569,6.300000000000001,-6.1000000000000005,-74.9,1.18,0.39,0.41000000000000003
35.869452238082886,6.0,-5.6000000000000005,-75.5,1.07,0.38,0.45
35.87907433509827,6.1000000000000005,-5.2,-75.10000000000001,1.01,0.36,0.44
35.88901424407959,6.2,-5.1000000000000005,-75.2,1.06,0.39,0.43
35.89947485923767,6.2,-5.300000000000001,-75.10000000000001,1.04,0.39,0.43
35.90895915031433,6.2,-5.300000000000001,-74.9,1.06,0.39,0.41000000000000003
35.91912245750427,6.1000000000000005,-5.6000000000000005,-75.10000000000001,1.12,0.4,0.42
35.92966318130493,6.300000000000001,-5.300000000000001,-74.9,1.07,0.4,0.43
35.93948936462402,6.2,-5.1000000000000005,-75.3,1.0,0.39,0.44
35.94913983345032,6.2,-5.300000000000001,-75.3,1.06,0.39,0.41000000000000003
35.95971417427063,6.4,-5.7,-75.2,1.12,0.39,0.41000000000000003
35.970057249069214,6.300000000000001,-5.9,-75.4,1.12,0.4,0.43
35.97937273979187,6.300000000000001,-5.800000000000001,-75.0,1.09,0.4,0.41000000000000003
35.989044189453125,6.300000000000001,-6.2,-75.2,1.16,0.42,0.4
35.99915623664856,6.6000000000000005,-6.4,-75.3,1.18,0.41000000000000003,0.41000000000000003
36.009055614471436,6.300000000000001,-6.0,-75.10000000000001,1.1400000000000001,0.39,0.4
36.01897835731506,6.2,-5.6000000000000005,-75.0,1.08,0.38,0.41000000000000003
36.029494285583496,6.2,-5.300000000000001,-75.0,1.05,0.38,0.44
36.039098024368286,6.1000000000000005,-5.6000000000000005,-75.2,1.08,0.41000000000000003,0.44
36.048917293548584,6.2,-5.6000000000000005,-74.9,1.11,0.39,0.4
36.05932068824768,6.6000000000000005,-5.7,-74.7,1.12,0.4,0.41000000000000003
36.06979298591614,6.6000000000000005,-5.800000000000001,-75.2,1.1,0.41000000000000003,0.42
36.078978300094604,6.4,-5.6000000000000005,-75.2,1.11,0.43,0.41000000000000003
36.08903455734253,6.5,-5.4,-75.0,1.07,0.43,0.4
36.09901165962219,6.5,-5.1000000000000005,-75.2,1.0,0.42,0.44
36.10902380943298,6.5,-5.0,-75.2,1.01,0.42,0.45
36.11892247200012,6.4,-5.2,-75.5,1.06,0.41000000000000003,0.41000000000000003
36.12980389595032,6.300000000000001,-5.4,-75.0,1.09,0.4,0.4
36.139137506484985,6.2,-5.4,-74.60000000000001,1.08,0.38,0.42
36.14914679527283,6.2,-5.4,-75.2,1.08,0.39,0.43
36.15907573699951,6.4,-5.1000000000000005,-75.10000000000001,1.03,0.39,0.43
36.16936182975769,6.300000000000001,-4.9,-75.3,1.0,0.41000000000000003,0.43
36.17900371551514,6.4,-5.0,-75.2,1.02,0.41000000000000003,0.42
36.188891649246216,6.5,-5.6000000000000005,-75.3,1.09,0.42,0.42
36.199159145355225,6.7,-5.9,-74.7,1.12,0.42,0.4
36.209564447402954,6.6000000000000005,-5.800000000000001,-75.4,1.12,0.43,0.41000000000000003
36.21893882751465,6.6000000000000005,-5.6000000000000005,-75.2,1.1,0.44,0.41000000000000003
36.22916316986084,6.5,-5.800000000000001,-75.3,1.09,0.45,0.42
36.239930629730225,6.7,-5.7,-74.9,1.1,0.42,0.41000000000000003
36.24941802024841,6.5,-5.800000000000001,-75.0,1.11,0.42,0.42
36.25917959213257,6.4,-5.7,-75.2,1.12,0.42,0.41000000000000003
36.26936221122742,6.4,-5.6000000000000005,-75.0,1.09,0.42,0.41000000000000003
36.279447078704834,6.5,-5.4,-74.9,1.06,0.4,0.42
36.288917779922485,6.6000000000000005,-5.300000000000001,-75.0,1.07,0.41000000000000003,0.43
36.299089193344116,6.5,-5.2,-75.0,1.05,0.41000000000000003,0.42
36.3089656829834,6.6000000000000005,-5.2,-75.0,1.03,0.42,0.42
36.31902718544006,6.800000000000001,-5.4,-75.0,1.07,0.44,0.43
36.329166889190674,6.800000000000001,-5.300000000000001,-74.8,1.07,0.44,0.4
36.339221715927124,6.800000000000001,-5.300000000000001,-75.2,1.06,0.47000000000000003,0.41000000000000003
36.349677085876465,7.0,-5.1000000000000005,-75.2,1.04,0.49,0.42
36.35892152786255,7.0,-5.0,-74.8,1.03,0.45,0.41000000000000003
36.36913251876831,6.800000000000001,-5.1000000000000005,-75.5,1.06,0.47000000000000003,0.42
36.378936529159546,6.9,-5.2,-74.8,1.03,0.43,0.41000000000000003
36.38925290107727,6.6000000000000005,-5.4,-75.3,1.07,0.44,0.43
36.39901804924011,6.5,-5.4,-74.9,1.09,0.4,0.41000000000000003
36.40894675254822,6.300000000000001,-5.5,-75.10000000000001,1.1,0.42,0.42
36.419379234313965,6.5,-5.300000000000001,-74.9,1.05,0.4,0.42
36.42914390563965,6.5,-5.5,-75.2,1.06,0.43,0.43
36.43926811218262,6.5,-5.7,-75.3,1.11,0.44,0.41000000000000003
36.44954872131348,6.7,-6.2,-74.9,1.1500000000000001,0.44,0.39
36.46028995513916,6.6000000000000005,-6.300000000000001,-75.4,1.18,0.44,0.39
36.46980381011963,6.5,-6.1000000000000005,-75.10000000000001,1.1300000000000001,0.41000000000000003,0.41000000000000003
36.47982478141785,6.5,-6.0,-75.3,1.1400000000000001,0.41000000000000003,0.42
36.48910570144653,6.4,-5.800000000000001,-74.9,1.09,0.4,0.4
36.49915266036987,6.5,-5.5,-75.0,1.1,0.43,0.42
36.50898456573486,6.9,-5.6000000000000005,-75.0,1.09,0.45,0.42
36.51905298233032,6.800000000000001,-5.4,-75.2,1.06,0.45,0.39
36.53042960166931,6.9,-5.0,-74.7,1.04,0.45,0.42
36.53900766372681,6.9,-5.0,-75.0,1.04,0.46,0.43
36.54938054084778,6.9,-4.800000000000001,-75.2,1.02,0.47000000000000003,0.41000000000000003
36.56027173995972,6.800000000000001,-4.7,-74.7,0.99,0.46,0.42
36.56953763961792,6.9,-4.5,-74.9,0.98,0.46,0.44
36.578978061676025,6.7,-4.6000000000000005,-74.8,0.99,0.46,0.42
36.588996171951294,7.1000000000000005,-4.7,-74.7,1.01,0.48,0.42
36.599486351013184,7.2,-4.7,-74.9,1.02,0.49,0.41000000000000003
36.60891628265381,7.1000000000000005,-4.800000000000001,-74.9,1.0,0.49,0.41000000000000003
36.618865728378296,7.0,-4.5,-75.0,0.97,0.49,0.44
36.629120111465454,7.1000000000000005,-4.7,-74.8,0.98,0.47000000000000003,0.42
36.63895773887634,7.0,-5.0,-74.9,1.02,0.47000000000000003,0.42
36.64933228492737,7.1000000000000005,-5.4,-74.60000000000001,1.09,0.47000000000000003,0.4
36.66054701805115,7.1000000000000005,-5.800000000000001,-74.8,1.1300000000000001,0.48,0.4
36.670079708099365,7.300000000000001,-5.800000000000001,-74.7,1.1300000000000001,0.48,0.41000000000000003
36.6794912815094,6.9,-6.1000000000000005,-75.10000000000001,1.1500000000000001,0.48,0.4
36.68913984298706,7.0,-5.800000000000001,-74.60000000000001,1.1300000000000001,0.47000000000000003,0.39
36.69968104362488,6.9,-5.800000000000001,-74.8,1.11,0.47000000000000003,0.41000000000000003
36.70905017852783,7.1000000000000005,-5.800000000000001,-74.4,1.1500000000000001,0.46,0.4
36.71933603286743,7.1000000000000005,-5.800000000000001,-75.10000000000001,1.1300000000000001,0.48,0.42
36.72935342788696,7.1000000000000005,-6.0,-74.9,1.1300000000000001,0.47000000000000003,0.39
36.73936986923218,7.1000000000000005,-6.0,-74.5,1.1500000000000001,0.48,0.39
36.74920892715454,7.0,-6.1000000000000005,-75.0,1.1400000000000001,0.47000000000000003,0.4
36.75905394554138,7.0,-5.7,-74.7,1.12,0.46,0.4
36.77012252807617,6.9,-5.6000000000000005,-75.10000000000001,1.08,0.47000000000000003,0.42
36.779460191726685,6.800000000000001,-5.1000000000000005,-74.9,1.03,0.44,0.41000000000000003
36.78917479515076,6.6000000000000005,-4.9,-74.8,1.01,0.44,0.43
36.799156188964844,6.7,-4.9,-74.8,1.03,0.44,0.42
36.80933737754822,6.800000000000001,-4.7,-74.60000000000001,1.03,0.43,0.41000000000000003
36.819035053253174,6.800000000000001,-4.7,-75.10000000000001,0.98,0.44,0.43
36.82910966873169,6.800000000000001,-4.2,-74.7,0.9500000000000001,0.45,0.43
36.83986759185791,7.0,-4.5,-74.9,0.9500000000000001,0.47000000000000003,0.44
36.84905958175659,7.0,-4.6000000000000005,-74.9,0.99,0.47000000000000003,0.41000000000000003
36.85909366607666,6.9,-4.7,-74.9,1.01,0.47000000000000003,0.42
36.86917328834534,7.1000000000000005,-5.0,-74.8,1.02,0.46,0.42
36.880263805389404,7.1000000000000005,-5.5,-74.8,1.09,0.48,0.41000000000000003
36.889634132385254,6.9,-5.800000000000001,-75.0,1.11,0.46,0.39
36.898921489715576,6.9,-5.7,-74.60000000000001,1.1300000000000001,0.45,0.4
36.908992290496826,7.1000000000000005,-5.800000000000001,-74.5,1.12,0.46,0.42
36.918914794921875,6.9,-5.9,-74.60000000000001,1.1300000000000001,0.45,0.39
36.92889881134033,6.800000000000001,-6.0,-74.7,1.1500000000000001,0.46,0.4
36.940394163131714,6.9,-5.800000000000001,-74.4,1.12,0.45,0.41000000000000003
36.949366092681885,6.9,-5.9,-74.7,1.1400000000000001,0.47000000000000003,0.4
36.959885358810425,6.800000000000001,-5.6000000000000005,-74.60000000000001,1.1,0.47000000000000003,0.41000000000000003
36.970038652420044,7.0,-5.6000000000000005,-74.0,1.09,0.47000000000000003,0.41000000000000003
36.980148792266846,7.1000000000000005,-5.2,-74.4,1.07,0.48,0.41000000000000003
36.98926067352295,7.2,-5.5,-74.5,1.08,0.5,0.41000000000000003
36.999003887176514,7.4,-5.2,-74.2,1.08,0.5,0.4
37.009708881378174,7.4,-5.0,-74.3,1.03,0.5,0.41000000000000003
37.01891589164734,7.5,-4.5,-74.4,0.99,0.51,0.41000000000000003
37.02937912940979,7.300000000000001,-4.4,-74.4,0.9500000000000001,0.51,0.43
37.039560079574585,7.4,-4.4,-74.2,0.97,0.49,0.43
37.04923605918884,7.2,-4.3,-74.60000000000001,0.97,0.49,0.42
37.05901575088501,7.2,-4.5,-74.3,0.98,0.48,0.42
37.06900763511658,7.300000000000001,-4.7,-74.2,1.0,0.47000000000000003,0.43
37.07920432090759,7.1000000000000005,-5.0,-74.5,1.05,0.48,0.41000000000000003
37.08889389038086,7.1000000000000005,-5.2,-74.60000000000001,1.05,0.47000000000000003,0.41000000000000003
37.09890174865723,7.2,-5.2,-74.4,1.04,0.46,0.43
37.10989570617676,7.2,-5.5,-74.5,1.08,0.46,0.42
37.119062185287476,7.1000000000000005,-6.1000000000000005,-74.4,1.16,0.47000000000000003,0.38
37.12889528274536,7.0,-6.2,-74.4,1.17,0.48,0.4
37.139546394348145,7.1000000000000005,-6.4,-74.2,1.19,0.46,0.39
37.14945411682129,7.0,-6.2,-74.5,1.18,0.46,0.38
37.159005880355835,6.7,-6.0,-74.5,1.12,0.44,0.41000000000000003
37.16907238960266,6.9,-5.9,-74.4,1.12,0.44,0.44
37.179107904434204,6.7,-6.300000000000001,-74.2,1.16,0.42,0.4
37.18915820121765,6.7,-6.4,-74.0,1.21,0.41000000000000003,0.38
37.19899010658264,6.800000000000001,-6.4,-74.4,1.2,0.44,0.41000000000000003
37.209784746170044,6.800000000000001,-5.9,-74.4,1.12,0.45,0.4
37.21908736228943,6.9,-5.5,-74.4,1.08,0.45,0.41000000000000003
37.22952651977539,6.9,-5.4,-74.60000000000001,1.06,0.45,0.43
37.23922848701477,6.9,-5.300000000000001,-74.3,1.08,0.44,0.41000000000000003
37.24957537651062,6.800000000000001,-5.4,-74.5,1.09,0.44,0.41000000000000003
37.25903391838074,6.9,-5.0,-74.3,1.05,0.43,0.42
37.26918578147888,6.800000000000001,-5.0,-74.5,1.04,0.44,0.43
37.27986025810242,6.9,-5.0,-74.4,1.02,0.44,0.42
37.289260387420654,7.0,-4.9,-74.2,1.03,0.45,0.42
37.298932790756226,7.0,-5.0,-74.5,1.0,0.46,0.44
37.3094265460968,7.0,-5.0,-74.10000000000001,1.06,0.46,0.41000000000000003
37.31898498535156,7.2,-5.4,-73.8,1.08,0.46,0.4
37.32895851135254,7.2,-5.5,-74.0,1.1,0.48,0.41000000000000003
37.33951807022095,7.1000000000000005,-5.6000000000000005,-73.9,1.09,0.48,0.41000000000000003
37.34946799278259,7.2,-5.5,-74.10000000000001,1.09,0.48,0.4
37.3592050075531,7.300000000000001,-5.7,-74.0,1.1,0.48,0.42
37.369579553604126,7.2,-5.800000000000001,-73.8,1.11,0.48,0.4
37.37938666343689,7.1000000000000005,-6.2,-74.0,1.16,0.47000000000000003,0.4
37.38936448097229,7.2,-6.300000000000001,-73.60000000000001,1.19,0.47000000000000003,0.4
37.39899945259094,7.300000000000001,-6.5,-73.9,1.2,0.48,0.39
37.409191846847534,7.4,-6.4,-73.7,1.2,0.48,0.38
37.41992712020874,7.300000000000001,-6.6000000000000005,-74.0,1.2,0.5,0.4
37.42890954017639,7.300000000000001,-6.4,-73.9,1.17,0.47000000000000003,0.4
37.43931722640991,7.1000000000000005,-6.1000000000000005,-73.9,1.17,0.47000000000000003,0.39
37.450002670288086,7.0,-6.2,-73.60000000000001,1.18,0.45,0.38
37.459067821502686,7.2,-5.7,-73.9,1.11,0.46,0.42
37.46921443939209,7.0,-5.6000000000000005,-74.10000000000001,1.07,0.45,0.43
37.479060649871826,7.0,-5.5,-73.8,1.1,0.44,0.39
37.489182233810425,7.0,-5.2,-73.8,1.06,0.43,0.41000000000000003
37.498929500579834,6.9,-5.6000000000000005,-73.8,1.1,0.44,0.42
37.50902462005615,7.1000000000000005,-5.4,-73.7,1.1,0.45,0.41000000000000003
37.519904136657715,7.0,-5.1000000000000005,-74.2,1.05,0.47000000000000003,0.4
37.52895545959473,7.1000000000000005,-5.2,-74.0,1.02,0.46,0.42
37.53903388977051,7.0,-5.300000000000001,-74.0,1.05,0.46,0.45
37.54963803291321,6.800000000000001,-5.6000000000000005,-74.10000000000001,1.09,0.43,0.4
37.559020042419434,6.7,-5.9,-73.60000000000001,1.17,0.41000000000000003,0.38
37.56913638114929,6.7,-6.0,-74.0,1.1500000000000001,0.41000000000000003,0.43
37.57907247543335,6.800000000000001,-6.0,-73.9,1.1400000000000001,0.41000000000000003,0.41000000000000003
37.58911466598511,6.7,-6.1000000000000005,-74.0,1.1500000000000001,0.42,0.4
37.59949326515198,6.9,-6.0,-73.8,1.1500000000000001,0.43,0.41000000000000003
37.6089243888855,6.9,-6.0,-73.60000000000001,1.1400000000000001,0.43,0.41000000000000003
37.61972665786743,6.9,-6.0,-73.60000000000001,1.16,0.43,0.41000000000000003
37.628986835479736,6.9,-6.5,-73.7,1.19,0.44,0.38
37.639116048812866,7.0,-6.300000000000001,-73.7,1.2,0.44,0.4
37.64976930618286,7.1000000000000005,-6.5,-73.4,1.21,0.45,0.39
37.659642934799194,7.0,-6.300000000000001,-73.60000000000001,1.18,0.45,0.38
37.66913151741028,7.1000000000000005,-6.4,-73.8,1.17,0.46,0.4
37.67916393280029,7.1000000000000005,-6.2,-73.5,1.1500000000000001,0.45,0.41000000000000003
37.68928146362305,7.1000000000000005,-6.300000000000001,-73.10000000000001,1.18,0.44,0.38
37.699013471603394,7.1000000000000005,-6.4,-73.4,1.19,0.45,0.4
37.70892858505249,7.0,-5.800000000000001,-73.2,1.12,0.45,0.41000000000000003
37.71905517578125,6.9,-5.800000000000001,-73.3,1.11,0.45,0.41000000000000003
37.72909140586853,7.1000000000000005,-5.4,-73.10000000000001,1.11,0.43,0.41000000000000003
37.73901081085205,7.0,-5.6000000000000005,-73.60000000000001,1.09,0.45,0.42
37.75058698654175,7.2,-5.5,-73.2,1.09,0.46,0.42
37.75929617881775,7.4,-5.5,-73.10000000000001,1.1300000000000001,0.47000000000000003,0.39
37.76898765563965,7.1000000000000005,-6.1000000000000005,-74.10000000000001,1.1500000000000001,0.47000000000000003,0.4
37.77969241142273,7.300000000000001,-5.7,-72.7,1.1300000000000001,0.46,0.39
37.789742946624756,7.4,-5.7,-72.9,1.1500000000000001,0.45,0.39
37.79897212982178,7.1000000000000005,-5.9,-73.5,1.1,0.47000000000000003,0.42
37.80890965461731,7.2,-5.7,-73.4,1.1,0.47000000000000003,0.41000000000000003
37.819098711013794,7.0,-5.9,-73.0,1.1500000000000001,0.43,0.39
37.82931160926819,6.800000000000001,-6.300000000000001,-73.4,1.19,0.41000000000000003,0.4
37.83894181251526,6.800000000000001,-6.6000000000000005,-73.3,1.21,0.42,0.41000000000000003
37.849499225616455,6.800000000000001,-6.800000000000001,-73.2,1.22,0.41000000000000003,0.39
37.85954976081848,6.9,-7.0,-72.9,1.25,0.4,0.39
37.869112968444824,6.800000000000001,-6.6000000000000005,-72.9,1.23,0.41000000000000003,0.39
37.87916278839111,6.6000000000000005,-6.7,-73.5,1.2,0.42,0.39
37.88932394981384,6.9,-6.2,-73.0,1.17,0.4,0.4
37.89911389350891,6.800000000000001,-6.2,-73.2,1.18,0.4,0.41000000000000003
37.909404277801514,6.7,-6.2,-73.3,1.1500000000000001,0.41000000000000003,0.42
37.919585943222046,6.7,-6.300000000000001,-73.0,1.18,0.41000000000000003,0.4
37.92932868003845,6.800000000000001,-6.4,-73.2,1.2,0.41000000000000003,0.4
37.93905186653137,6.800000000000001,-6.4,-73.10000000000001,1.22,0.41000000000000003,0.39
37.949506759643555,6.7,-6.300000000000001,-73.0,1.18,0.39,0.39
37.959150314331055,6.7,-6.1000000000000005,-73.3,1.16,0.4,0.41000000000000003
37.969226598739624,6.7,-5.5,-73.3,1.1,0.41000000000000003,0.44
37.97989511489868,6.7,-5.6000000000000005,-73.2,1.07,0.39,0.42
37.98993635177612,6.800000000000001,-6.1000000000000005,-73.0,1.18,0.39,0.4
37.999897480010986,6.800000000000001,-6.1000000000000005,-73.0,1.17,0.41000000000000003,0.41000000000000003
38.0098876953125,6.7,-6.1000000000000005,-73.0,1.1400000000000001,0.42,0.39
38.019896507263184,6.9,-5.800000000000001,-72.3,1.16,0.4,0.39
38.029051542282104,6.800000000000001,-5.7,-72.3,1.1300000000000001,0.41000000000000003,0.41000000000000003
38.03898596763611,6.800000000000001,-5.4,-72.9,1.06,0.42,0.43
38.04905366897583,6.9,-5.6000000000000005,-72.4,1.08,0.42,0.42
38.05977988243103,7.2,-6.5,-72.9,1.18,0.44,0.41000000000000003
38.0697820186615,7.2,-6.7,-72.7,1.25,0.46,0.39
38.07982015609741,7.2,-7.0,-72.7,1.25,0.47000000000000003,0.37
38.08948993682861,7.2,-7.1000000000000005,-72.3,1.3,0.45,0.36
38.0990686416626,7.300000000000001,-6.9,-72.10000000000001,1.28,0.44,0.38
38.10915231704712,6.9,-7.0,-72.5,1.22,0.42,0.4
38.11939072608948,7.0,-6.300000000000001,-72.5,1.19,0.42,0.42
38.12925958633423,6.9,-6.4,-72.0,1.2,0.41000000000000003,0.39
38.13921594619751,6.800000000000001,-6.6000000000000005,-72.60000000000001,1.23,0.4,0.39
38.14948344230652,6.9,-6.800000000000001,-72.3,1.26,0.41000000000000003,0.4
38.159499406814575,7.0,-7.1000000000000005,-72.2,1.29,0.43,0.39
38.16916227340698,6.800000000000001,-6.7,-72.5,1.22,0.43,0.38
38.179218769073486,6.9,-6.1000000000000005,-72.3,1.17,0.41000000000000003,0.39
38.189451694488525,7.0,-6.2,-72.4,1.1500000000000001,0.39,0.42
38.19889783859253,6.9,-6.2,-72.60000000000001,1.17,0.4,0.41000000000000003
38.2092444896698,6.7,-6.2,-72.60000000000001,1.16,0.41000000000000003,0.4
38.219576597213745,6.800000000000001,-6.0,-72.3,1.18,0.39,0.38
38.229013442993164,6.7,-6.300000000000001,-72.5,1.21,0.4,0.39
38.239229679107666,6.6000000000000005,-6.1000000000000005,-72.8,1.16,0.39,0.42
38.24921631813049,6.6000000000000005,-6.0,-72.5,1.12,0.38,0.42
38.259920835494995,6.5,-5.9,-72.4,1.1400000000000001,0.36,0.41000000000000003
38.26979207992554,6.300000000000001,-6.300000000000001,-72.7,1.18,0.36,0.42
38.27902817726135,6.4,-6.300000000000001,-72.4,1.18,0.35000000000000003,0.42
38.289337396621704,6.300000000000001,-6.9,-72.9,1.23,0.35000000000000003,0.4
38.29890847206116,6.4,-6.9,-71.9,1.32,0.34,0.36
38.309632301330566,6.4,-6.800000000000001,-72.2,1.27,0.35000000000000003,0.41000000000000003
38.318976402282715,6.5,-6.7,-72.5,1.21,0.36,0.42
38.32908892631531,6.6000000000000005,-6.2,-72.4,1.19,0.38,0.4
38.33957815170288,6.7,-6.5,-72.2,1.2,0.39,0.41000000000000003
38.349448442459106,7.0,-6.800000000000001,-72.2,1.23,0.39,0.39
38.35995697975159,6.7,-7.6000000000000005,-72.0,1.28,0.39,0.39
38.36996030807495,6.800000000000001,-7.1000000000000005,-71.9,1.33,0.39,0.38
38.379915714263916,6.800000000000001,-7.300000000000001,-71.7,1.29,0.39,0.38
38.389251708984375,6.800000000000001,-7.2,-72.3,1.27,0.39,0.39
38.39901304244995,6.9,-6.4,-71.4,1.22,0.39,0.4
38.40902805328369,6.9,-6.300000000000001,-71.8,1.18,0.38,0.4
38.419079303741455,7.1000000000000005,-6.2,-71.5,1.19,0.41000000000000003,0.41000000000000003
38.42905354499817,6.9,-6.5,-72.10000000000001,1.19,0.42,0.4
38.439178705215454,7.0,-6.300000000000001,-71.60000000000001,1.22,0.4,0.38
38.44963765144348,6.9,-6.300000000000001,-71.7,1.2,0.41000000000000003,0.39
38.46004271507263,6.800000000000001,-6.300000000000001,-71.9,1.2,0.41000000000000003,0.4
38.46974444389343,6.9,-6.0,-71.60000000000001,1.17,0.39,0.42
38.479880571365356,6.9,-6.1000000000000005,-71.4,1.2,0.4,0.4
38.48922419548035,6.800000000000001,-6.6000000000000005,-71.8,1.22,0.4,0.38
38.498926401138306,7.1000000000000005,-6.4,-71.5,1.24,0.4,0.39
38.509063720703125,7.0,-6.6000000000000005,-71.2,1.24,0.39,0.39
38.51937747001648,6.9,-6.300000000000001,-72.10000000000001,1.24,0.41000000000000003,0.41000000000000003
38.529162645339966,6.800000000000001,-6.300000000000001,-72.2,1.1500000000000001,0.39,0.41000000000000003
38.53900218009949,6.7,-6.2,-71.8,1.17,0.37,0.41000000000000003
38.549553871154785,6.7,-6.5,-71.5,1.25,0.35000000000000003,0.41000000000000003
38.56012773513794,6.5,-7.6000000000000005,-71.9,1.34,0.36,0.38
38.57019376754761,6.6000000000000005,-7.7,-71.7,1.33,0.35000000000000003,0.38
38.58005428314209,6.7,-7.800000000000001,-71.7,1.3900000000000001,0.37,0.39
38.58905339241028,6.6000000000000005,-7.0,-71.10000000000001,1.27,0.37,0.37
38.5990846157074,6.5,-6.300000000000001,-71.4,1.18,0.34,0.39
38.60910248756409,6.300000000000001,-6.6000000000000005,-71.3,1.21,0.33,0.43
38.61890149116516,6.300000000000001,-6.800000000000001,-71.60000000000001,1.23,0.31,0.42
38.62984800338745,6.300000000000001,-7.1000000000000005,-71.7,1.28,0.32,0.4
38.638909339904785,6.4,-7.1000000000000005,-71.2,1.3,0.33,0.37
38.64933204650879,6.4,-7.5,-72.0,1.31,0.38,0.41000000000000003
38.65935254096985,6.6000000000000005,-7.1000000000000005,-71.10000000000001,1.33,0.36,0.36
38.66920590400696,6.5,-7.0,-72.10000000000001,1.27,0.37,0.38
38.67943072319031,6.5,-6.0,-71.5,1.17,0.34,0.42
38.68973731994629,6.5,-6.300000000000001,-71.2,1.19,0.32,0.42
38.6994104385376,6.300000000000001,-6.4,-71.4,1.2,0.31,0.4
38.70948648452759,6.1000000000000005,-6.5,-71.4,1.21,0.31,0.41000000000000003
38.71904444694519,6.5,-6.7,-71.2,1.26,0.32,0.41000000000000003
38.72975945472717,6.2,-6.1000000000000005,-71.10000000000001,1.22,0.33,0.4
38.73897910118103,6.5,-6.5,-71.10000000000001,1.21,0.35000000000000003,0.41000000000000003
38.74934935569763,6.800000000000001,-6.9,-71.3,1.24,0.38,0.42
38.76084041595459,6.800000000000001,-7.1000000000000005,-70.9,1.29,0.39,0.37
38.769200563430786,6.9,-7.1000000000000005,-70.8,1.32,0.4,0.36
38.77994632720947,6.800000000000001,-7.2,-71.8,1.32,0.42,0.39
38.78894543647766,7.0,-6.6000000000000005,-70.3,1.22,0.38,0.39
38.79954123497009,7.0,-6.300000000000001,-70.8,1.18,0.38,0.42
38.80929446220398,6.5,-6.5,-70.8,1.22,0.35000000000000003,0.4
38.81899857521057,6.5,-7.0,-70.60000000000001,1.28,0.33,0.4
38.82934641838074,6.6000000000000005,-7.6000000000000005,-70.5,1.37,0.35000000000000003,0.4
38.83938407897949,6.800000000000001,-7.6000000000000005,-70.3,1.3900000000000001,0.35000000000000003,0.36
38.84921097755432,6.6000000000000005,-7.6000000000000005,-70.5,1.36,0.38,0.37
38.85918593406677,6.800000000000001,-6.5,-70.4,1.25,0.38,0.4
38.86917686462402,6.9,-6.7,-70.9,1.22,0.39,0.4
38.87900352478027,6.800000000000001,-6.5,-70.60000000000001,1.24,0.38,0.4
38.888970136642456,6.6000000000000005,-6.9,-70.7,1.28,0.36,0.4
38.899688720703125,6.6000000000000005,-7.1000000000000005,-70.4,1.33,0.34,0.39
38.90898585319519,6.5,-7.4,-70.7,1.32,0.34,0.38
38.918869972229004,6.6000000000000005,-7.0,-70.60000000000001,1.27,0.34,0.4
38.92944812774658,6.4,-6.5,-70.7,1.25,0.34,0.41000000000000003
38.93907809257507,6.300000000000001,-6.4,-70.9,1.21,0.33,0.4
38.948935985565186,6.1000000000000005,-6.5,-70.8,1.19,0.32,0.41000000000000003
38.959259271621704,6.1000000000000005,-6.9,-70.8,1.24,0.3,0.42
38.96950078010559,6.1000000000000005,-7.1000000000000005,-70.60000000000001,1.31,0.28,0.4
38.978973388671875,5.9,-7.4,-70.60000000000001,1.34,0.27,0.38
38.988999128341675,6.0,-7.0,-70.7,1.27,0.28,0.4
38.99946713447571,6.0,-7.0,-70.60000000000001,1.28,0.28,0.41000000000000003
39.01015782356262,6.0,-7.1000000000000005,-70.9,1.29,0.31,0.4
39.018922090530396,6.300000000000001,-7.1000000000000005,-70.8,1.29,0.3,0.39
39.02980351448059,6.4,-7.0,-70.4,1.29,0.33,0.4
39.03927183151245,6.300000000000001,-7.300000000000001,-70.5,1.34,0.31,0.37
39.04895234107971,6.1000000000000005,-7.2,-70.10000000000001,1.35,0.29,0.38
39.05921387672424,6.300000000000001,-7.2,-70.2,1.31,0.3,0.42
39.069910764694214,6.5,-6.9,-70.7,1.28,0.3,0.4
39.079086780548096,6.5,-7.0,-69.7,1.27,0.28,0.38
39.08904981613159,6.5,-7.1000000000000005,-70.2,1.27,0.34,0.43
39.099858045578,6.300000000000001,-6.5,-70.2,1.25,0.31,0.37
39.10993456840515,6.4,-7.1000000000000005,-70.10000000000001,1.27,0.32,0.39
39.11893582344055,6.800000000000001,-7.0,-70.0,1.29,0.34,0.43
39.12923765182495,6.6000000000000005,-6.9,-70.2,1.27,0.36,0.39
39.140116930007935,6.7,-7.2,-69.5,1.31,0.32,0.35000000000000003
39.14939856529236,7.0,-7.800000000000001,-69.9,1.37,0.35000000000000003,0.39
39.15973496437073,7.0,-6.800000000000001,-69.7,1.28,0.39,0.4
39.16964054107666,6.800000000000001,-6.6000000000000005,-69.8,1.21,0.38,0.38
39.17922568321228,6.9,-6.6000000000000005,-69.7,1.27,0.37,0.39
39.18980956077576,7.0,-7.0,-69.7,1.29,0.37,0.42
39.19906044006348,6.800000000000001,-6.800000000000001,-69.2,1.27,0.34,0.37
39.21001148223877,6.5,-7.0,-69.9,1.32,0.34,0.39
39.21933722496033,6.6000000000000005,-7.300000000000001,-70.0,1.33,0.32,0.39
39.229623794555664,6.5,-6.800000000000001,-69.8,1.27,0.32,0.4
39.240116357803345,6.5,-7.1000000000000005,-69.60000000000001,1.3,0.31,0.39
39.24927878379822,6.5,-7.1000000000000005,-69.8,1.29,0.32,0.4
39.259352922439575,6.300000000000001,-6.6000000000000005,-69.8,1.28,0.32,0.38
39.269163608551025,6.300000000000001,-7.300000000000001,-69.7,1.24,0.29,0.4
39.27932786941528,6.4,-7.2,-69.9,1.33,0.3,0.41000000000000003
39.28988766670227,6.4,-7.9,-70.4,1.35,0.32,0.39
39.298957109451294,6.300000000000001,-7.6000000000000005,-69.3,1.35,0.28,0.34
39.30929923057556,5.9,-7.800000000000001,-70.10000000000001,1.36,0.28,0.39
39.31903958320618,6.1000000000000005,-7.5,-69.9,1.37,0.26,0.41000000000000003
39.328946590423584,5.9,-7.6000000000000005,-69.8,1.31,0.24,0.39
39.339439868927,5.800000000000001,-7.300000000000001,-69.7,1.31,0.24,0.39
39.34899044036865,5.800000000000001,-7.2,-69.9,1.3,0.25,0.42
39.359209299087524,5.6000000000000005,-7.1000000000000005,-70.10000000000001,1.28,0.25,0.41000000000000003
39.369253158569336,5.800000000000001,-7.4,-69.8,1.31,0.24,0.41000000000000003
39.379459381103516,5.9,-7.4,-69.5,1.3900000000000001,0.25,0.38
39.38905072212219,5.800000000000001,-7.4,-69.60000000000001,1.34,0.26,0.38
39.398914098739624,6.0,-6.6000000000000005,-69.9,1.25,0.28,0.42
39.409377574920654,6.300000000000001,-6.800000000000001,-69.4,1.28,0.29,0.41000000000000003
39.41894793510437,6.5,-6.7,-70.10000000000001,1.29,0.3,0.39
39.4289710521698,6.300000000000001,-6.5,-69.10000000000001,1.23,0.3,0.39
39.43970465660095,6.300000000000001,-6.7,-69.60000000000001,1.26,0.31,0.42
39.44962978363037,6.4,-6.800000000000001,-68.8,1.33,0.29,0.39
39.45895600318909,6.1000000000000005,-7.6000000000000005,-69.9,1.3,0.27,0.38
39.46914315223694,6.4,-7.0,-68.8,1.34,0.28,0.4
39.47935771942139,6.2,-7.4,-69.0,1.32,0.27,0.38
39.48899841308594,6.5,-6.800000000000001,-69.3,1.28,0.3,0.4
39.49893260002136,6.6000000000000005,-6.800000000000001,-69.10000000000001,1.24,0.33,0.41000000000000003
39.50901746749878,6.9,-7.1000000000000005,-69.0,1.3,0.35000000000000003,0.4
39.51899528503418,7.1000000000000005,-7.5,-68.7,1.35,0.36,0.37
39.52892470359802,6.800000000000001,-7.6000000000000005,-68.5,1.36,0.37,0.36
39.539549112319946,6.800000000000001,-7.6000000000000005,-69.0,1.4000000000000001,0.36,0.38
39.54935884475708,6.7,-7.5,-68.60000000000001,1.35,0.32,0.38
39.5589714050293,6.7,-7.0,-68.2,1.3,0.31,0.4
39.5690393447876,6.300000000000001,-6.6000000000000005,-68.9,1.26,0.31,0.41000000000000003
39.58019042015076,6.5,-6.9,-68.9,1.32,0.3,0.38
39.58985757827759,6.4,-7.9,-69.60000000000001,1.36,0.3,0.4
39.59976601600647,6.5,-7.9,-69.10000000000001,1.3900000000000001,0.29,0.4
39.610050201416016,6.300000000000001,-7.800000000000001,-68.60000000000001,1.3800000000000001,0.27,0.37
39.61927556991577,6.1000000000000005,-7.300000000000001,-68.7,1.35,0.26,0.37
39.62882900238037,6.300000000000001,-7.6000000000000005,-69.2,1.33,0.27,0.42
39.63950514793396,6.2,-6.9,-68.9,1.31,0.27,0.41000000000000003
39.64957308769226,6.0,-7.2,-69.3,1.32,0.25,0.39
39.658995389938354,6.0,-7.0,-69.2,1.29,0.26,0.4
39.669169187545776,5.9,-6.9,-69.0,1.25,0.25,0.41000000000000003
39.68000411987305,6.0,-7.4,-69.0,1.37,0.25,0.4
39.689873933792114,6.0,-8.0,-68.9,1.36,0.23,0.38
39.69987392425537,5.800000000000001,-6.7,-69.4,1.28,0.26,0.41000000000000003
39.709887742996216,6.0,-6.800000000000001,-68.7,1.25,0.24,0.4
39.71991682052612,5.9,-7.1000000000000005,-68.9,1.31,0.22,0.4
39.72908329963684,5.7,-7.0,-69.10000000000001,1.32,0.23,0.42
39.73914074897766,5.800000000000001,-6.7,-68.5,1.26,0.22,0.41000000000000003
39.7497079372406,6.0,-7.1000000000000005,-68.9,1.32,0.23,0.39
39.75984501838684,5.9,-7.300000000000001,-68.7,1.34,0.24,0.39
39.76995253562927,6.0,-7.4,-69.0,1.31,0.26,0.42
39.7798068523407,6.1000000000000005,-7.6000000000000005,-68.9,1.3800000000000001,0.28,0.39
39.789936542510986,6.300000000000001,-8.4,-68.4,1.43,0.27,0.36
39.798951387405396,6.2,-8.0,-68.4,1.44,0.26,0.36
39.80925130844116,6.4,-7.800000000000001,-68.60000000000001,1.41,0.28,0.4
39.81924843788147,6.300000000000001,-7.5,-68.5,1.35,0.28,0.37
39.829025983810425,6.4,-7.2,-68.10000000000001,1.31,0.27,0.39
39.83932018280029,6.5,-7.2,-68.2,1.29,0.28,0.42
39.849828243255615,6.6000000000000005,-7.1000000000000005,-68.3,1.34,0.31,0.39
39.85902953147888,6.7,-7.9,-68.2,1.37,0.32,0.36
39.86909532546997,6.800000000000001,-7.4,-68.0,1.3800000000000001,0.33,0.38
39.87971329689026,6.5,-7.1000000000000005,-67.9,1.31,0.3,0.38
39.88961577415466,6.300000000000001,-6.6000000000000005,-68.0,1.28,0.28,0.39
39.89894986152649,6.4,-6.4,-68.3,1.23,0.28,0.43
39.909032344818115,6.2,-6.1000000000000005,-67.8,1.18,0.25,0.42
39.91917419433594,6.2,-7.0,-68.0,1.31,0.25,0.4
39.92898440361023,6.2,-7.6000000000000005,-67.9,1.3900000000000001,0.26,0.39
39.939152240753174,6.2,-7.7,-68.3,1.41,0.29,0.38
39.94971942901611,6.6000000000000005,-7.300000000000001,-68.2,1.3900000000000001,0.3,0.37
39.959556341171265,6.5,-7.7,-68.7,1.34,0.3,0.38
39.96905994415283,6.5,-6.6000000000000005,-68.2,1.3,0.3,0.4
39.979201555252075,6.0,-7.0,-68.60000000000001,1.26,0.26,0.41000000000000003
39.989381313323975,6.2,-7.300000000000001,-68.10000000000001,1.33,0.23,0.41000000000000003
39.998947620391846,5.9,-8.0,-67.9,1.42,0.19,0.37
40.00912880897522,5.800000000000001,-8.200000000000001,-67.8,1.45,0.19,0.39
40.01918363571167,6.0,-7.9,-68.0,1.4000000000000001,0.21,0.4
40.029213428497314,6.0,-7.800000000000001,-67.9,1.3800000000000001,0.24,0.38
40.039135456085205,6.0,-7.300000000000001,-67.9,1.33,0.25,0.39
40.0495126247406,6.0,-7.1000000000000005,-68.3,1.3,0.26,0.41000000000000003
40.06007122993469,5.9,-7.2,-68.10000000000001,1.29,0.24,0.41000000000000003
40.06920599937439,5.800000000000001,-7.4,-68.3,1.36,0.23,0.39
40.079044580459595,5.9,-7.5,-68.2,1.36,0.22,0.4
40.08897256851196,5.9,-7.800000000000001,-67.8,1.42,0.2,0.38
40.099854469299316,5.800000000000001,-7.800000000000001,-68.0,1.4000000000000001,0.19,0.38
40.10889458656311,6.0,-7.4,-68.3,1.3900000000000001,0.23,0.41000000000000003
40.11899280548096,6.0,-6.9,-68.10000000000001,1.26,0.24,0.41000000000000003
40.12908220291138,6.0,-6.4,-68.0,1.25,0.25,0.41000000000000003
40.139323234558105,6.1000000000000005,-7.2,-67.7,1.33,0.25,0.41000000000000003
40.14911508560181,6.1000000000000005,-7.2,-68.0,1.37,0.26,0.38
40.1590461730957,6.0,-7.2,-67.7,1.34,0.25,0.38
40.169355392456055,6.0,-6.9,-67.7,1.33,0.24,0.41000000000000003
40.17910385131836,6.0,-6.9,-67.5,1.29,0.24,0.41000000000000003
40.188971519470215,6.0,-6.800000000000001,-68.0,1.26,0.25,0.41000000000000003
40.19896697998047,6.4,-6.7,-67.4,1.28,0.26,0.42
40.2090539932251,6.5,-7.300000000000001,-67.4,1.33,0.27,0.39
40.21901512145996,6.4,-7.5,-67.7,1.3900000000000001,0.29,0.37
40.2292959690094,6.5,-7.6000000000000005,-67.60000000000001,1.3900000000000001,0.29,0.37
40.23925733566284,6.5,-7.5,-67.10000000000001,1.37,0.28,0.39
40.249327659606934,6.300000000000001,-7.4,-67.60000000000001,1.32,0.26,0.4
40.258973836898804,6.2,-7.4,-67.3,1.36,0.25,0.41000000000000003
40.26946973800659,6.300000000000001,-7.7,-67.2,1.3900000000000001,0.25,0.39
40.27916097640991,6.2,-8.200000000000001,-67.3,1.46,0.26,0.37
40.288973808288574,6.300000000000001,-8.1,-67.3,1.47,0.27,0.37
40.29900121688843,6.6000000000000005,-7.9,-67.10000000000001,1.44,0.28,0.37
40.30971670150757,6.300000000000001,-7.7,-67.7,1.36,0.27,0.39
40.31970238685608,6.2,-6.800000000000001,-67.10000000000001,1.32,0.25,0.39
40.329020977020264,6.2,-7.2,-67.60000000000001,1.29,0.24,0.41000000000000003
40.339869260787964,6.0,-7.2,-67.7,1.34,0.23,0.41000000000000003
40.34933400154114,5.9,-7.5,-67.3,1.3800000000000001,0.19,0.39
40.359001874923706,5.800000000000001,-7.4,-67.10000000000001,1.35,0.2,0.4
40.369362592697144,6.0,-7.4,-67.7,1.36,0.24,0.4
40.3793580532074,6.300000000000001,-7.2,-67.3,1.33,0.26,0.4
40.389108657836914,5.800000000000001,-6.7,-67.7,1.26,0.23,0.39
40.399202823638916,5.9,-6.800000000000001,-67.5,1.29,0.21,0.41000000000000003
40.409674406051636,5.800000000000001,-7.1000000000000005,-67.3,1.31,0.2,0.43
40.419246435165405,5.6000000000000005,-6.800000000000001,-67.7,1.3,0.19,0.39
40.42921566963196,5.800000000000001,-7.0,-67.5,1.27,0.19,0.42
40.439053535461426,6.0,-6.9,-67.2,1.32,0.2,0.42
40.44956588745117,5.800000000000001,-7.4,-67.5,1.36,0.21,0.39
40.45899724960327,6.0,-7.6000000000000005,-67.2,1.3800000000000001,0.22,0.38
40.4692325592041,6.2,-7.2,-67.5,1.37,0.25,0.41000000000000003
40.47950077056885,6.1000000000000005,-7.4,-67.10000000000001,1.35,0.25,0.38
40.48960852622986,6.2,-7.300000000000001,-67.0,1.34,0.24,0.39
40.49894905090332,6.2,-7.2,-66.8,1.35,0.24,0.41000000000000003
40.509063720703125,6.0,-7.0,-67.10000000000001,1.32,0.24,0.41000000000000003
40.519898414611816,6.1000000000000005,-7.2,-66.8,1.35,0.22,0.39
40.528971910476685,6.1000000000000005,-8.1,-67.2,1.41,0.22,0.4
40.53933668136597,6.2,-7.6000000000000005,-66.60000000000001,1.42,0.24,0.39
40.54984140396118,6.2,-8.0,-66.8,1.43,0.25,0.36
40.55902934074402,6.5,-7.9,-66.8,1.45,0.27,0.38
40.56903100013733,6.6000000000000005,-7.800000000000001,-66.9,1.3900000000000001,0.28,0.39
40.57897329330444,6.6000000000000005,-7.300000000000001,-66.5,1.35,0.28,0.38
40.58912229537964,6.300000000000001,-7.2,-67.10000000000001,1.32,0.27,0.39
40.59897208213806,6.2,-6.7,-67.10000000000001,1.31,0.25,0.41000000000000003
40.608973264694214,6.300000000000001,-6.800000000000001,-66.60000000000001,1.27,0.22,0.42
40.61919379234314,6.0,-7.1000000000000005,-66.7,1.34,0.21,0.39
40.628990173339844,6.0,-7.5,-66.60000000000001,1.41,0.22,0.38
40.63916206359863,6.300000000000001,-7.4,-66.9,1.3800000000000001,0.24,0.4
40.6498236656189,6.300000000000001,-7.1000000000000005,-66.8,1.33,0.25,0.38
40.659796714782715,6.4,-7.2,-67.5,1.33,0.26,0.4
40.66907548904419,6.4,-6.800000000000001,-66.7,1.32,0.24,0.41000000000000003
40.679953813552856,6.1000000000000005,-6.7,-66.9,1.28,0.23,0.41000000000000003
40.689889669418335,5.9,-7.2,-67.10000000000001,1.36,0.2,0.39
40.69995403289795,5.9,-7.300000000000001,-67.0,1.35,0.2,0.42
40.709912061691284,5.9,-7.300000000000001,-66.60000000000001,1.35,0.19,0.39
40.71984910964966,5.800000000000001,-7.2,-67.0,1.36,0.21,0.4
40.72939920425415,5.9,-7.6000000000000005,-67.2,1.35,0.2,0.41000000000000003
40.7391242980957,6.1000000000000005,-7.6000000000000005,-66.7,1.3900000000000001,0.22,0.4
40.74950337409973,6.0,-7.800000000000001,-66.9,1.41,0.22,0.37
40.760279178619385,6.1000000000000005,-7.9,-67.0,1.43,0.22,0.38
40.76916193962097,6.1000000000000005,-7.9,-66.9,1.3900000000000001,0.22,0.4
40.77958369255066,6.2,-7.4,-66.5,1.42,0.23,0.39
40.789435386657715,5.9,-7.300000000000001,-67.10000000000001,1.34,0.22,0.38
40.798919916152954,6.0,-7.300000000000001,-66.60000000000001,1.34,0.21,0.4
40.80897092819214,6.1000000000000005,-7.4,-66.60000000000001,1.37,0.21,0.42
40.81900119781494,5.9,-6.9,-66.8,1.34,0.21,0.38
40.82940173149109,5.800000000000001,-7.0,-66.9,1.3,0.21,0.4
40.83921527862549,6.1000000000000005,-7.1000000000000005,-66.60000000000001,1.35,0.2,0.42
40.84906768798828,6.0,-7.5,-66.60000000000001,1.3900000000000001,0.21,0.39
40.860419273376465,5.9,-7.1000000000000005,-66.5,1.37,0.22,0.39
40.86938738822937,6.2,-7.4,-66.7,1.36,0.22,0.4
40.87899422645569,6.5,-7.300000000000001,-66.60000000000001,1.35,0.25,0.42
40.88896918296814,6.300000000000001,-7.2,-66.5,1.36,0.26,0.38
40.90002703666687,6.300000000000001,-6.9,-66.4,1.36,0.26,0.37
40.90890407562256,6.4,-6.9,-66.5,1.3,0.25,0.42
40.91891121864319,6.2,-6.6000000000000005,-66.7,1.28,0.24,0.41000000000000003
40.929068088531494,6.2,-6.800000000000001,-66.2,1.33,0.23,0.4
40.93912720680237,6.2,-7.4,-66.60000000000001,1.37,0.22,0.39
40.94978666305542,6.2,-7.5,-66.60000000000001,1.36,0.22,0.4
40.96017026901245,6.4,-7.2,-66.10000000000001,1.37,0.23,0.41000000000000003
40.9693443775177,6.300000000000001,-7.4,-66.5,1.37,0.25,0.39
40.97905468940735,6.4,-7.0,-66.4,1.36,0.27,0.38
40.989877462387085,6.4,-7.300000000000001,-66.60000000000001,1.36,0.27,0.39
40.999056339263916,6.6000000000000005,-7.300000000000001,-66.0,1.3900000000000001,0.26,0.39
41.0089967250824,6.2,-7.2,-66.9,1.32,0.25,0.4
41.01925802230835,6.1000000000000005,-6.9,-66.10000000000001,1.34,0.22,0.4
41.0301148891449,5.9,-7.1000000000000005,-66.5,1.35,0.2,0.4
41.03915071487427,6.1000000000000005,-7.5,-66.7,1.4000000000000001,0.18,0.4
41.04900646209717,5.800000000000001,-7.300000000000001,-66.5,1.3900000000000001,0.19,0.4
41.060181617736816,5.9,-6.800000000000001,-66.4,1.33,0.19,0.39
41.069029092788696,6.0,-7.5,-66.8,1.35,0.2,0.41000000000000003
41.07988619804382,6.1000000000000005,-7.5,-66.60000000000001,1.37,0.22,0.41000000000000003
41.088873863220215,6.1000000000000005,-7.800000000000001,-66.8,1.43,0.22,0.39
41.09937858581543,6.2,-8.0,-66.3,1.44,0.22,0.37
41.10900139808655,6.0,-7.5,-66.60000000000001,1.41,0.22,0.38
41.11898136138916,6.1000000000000005,-7.6000000000000005,-66.60000000000001,1.37,0.21,0.41000000000000003
41.130223989486694,6.0,-7.5,-66.3,1.3800000000000001,0.19,0.4
41.13948678970337,5.9,-7.2,-66.5,1.37,0.2,0.4
41.14896583557129,5.800000000000001,-7.2,-66.2,1.35,0.19,0.4
41.1595504283905,5.800000000000001,-7.1000000000000005,-66.5,1.37,0.19,0.4
41.169522523880005,5.9,-7.1000000000000005,-66.5,1.31,0.18,0.41000000000000003
41.17904305458069,6.0,-7.1000000000000005,-66.4,1.34,0.2,0.41000000000000003
41.18908190727234,6.1000000000000005,-6.9,-66.2,1.35,0.21,0.4
41.20004725456238,6.1000000000000005,-6.9,-66.3,1.33,0.23,0.39
41.20903539657593,6.300000000000001,-7.2,-66.60000000000001,1.36,0.24,0.39
41.219045877456665,6.300000000000001,-7.0,-66.2,1.33,0.24,0.4
41.22954487800598,6.300000000000001,-6.9,-66.2,1.32,0.24,0.4
41.23921322822571,6.300000000000001,-7.2,-66.4,1.3900000000000001,0.24,0.38
41.249000549316406,6.300000000000001,-7.5,-66.60000000000001,1.36,0.23,0.4
41.25924205780029,6.300000000000001,-7.0,-66.0,1.36,0.23,0.4
41.26959681510925,6.300000000000001,-7.5,-66.10000000000001,1.3900000000000001,0.23,0.4
41.27957224845886,6.5,-7.0,-65.9,1.37,0.24,0.39
41.28918194770813,6.4,-7.300000000000001,-66.10000000000001,1.33,0.26,0.4
41.30013418197632,6.5,-7.300000000000001,-65.7,1.3900000000000001,0.26,0.38
41.30984425544739,6.4,-7.300000000000001,-66.2,1.37,0.25,0.39
41.319398641586304,6.4,-6.9,-65.9,1.32,0.23,0.39
41.32904291152954,6.300000000000001,-7.1000000000000005,-65.7,1.35,0.23,0.4
41.34030055999756,6.300000000000001,-7.300000000000001,-66.2,1.37,0.23,0.4
41.348961353302,6.300000000000001,-7.1000000000000005,-65.9,1.35,0.23,0.39
41.35950446128845,6.2,-7.300000000000001,-66.5,1.3800000000000001,0.24,0.39
41.3697247505188,6.300000000000001,-7.2,-66.0,1.3800000000000001,0.23,0.39
41.379101514816284,6.1000000000000005,-7.300000000000001,-66.2,1.36,0.23,0.4
41.38906288146973,6.2,-7.4,-66.0,1.3800000000000001,0.21,0.39
41.39936828613281,6.0,-7.7,-66.4,1.3900000000000001,0.22,0.41000000000000003
41.409496784210205,6.1000000000000005,-7.2,-66.0,1.37,0.2,0.39
41.41888380050659,6.0,-7.6000000000000005,-66.5,1.3800000000000001,0.21,0.4
41.42963671684265,5.9,-7.4,-66.2,1.41,0.2,0.38
41.43976879119873,5.800000000000001,-7.2,-66.5,1.35,0.18,0.41000000000000003
41.448933839797974,5.9,-6.9,-66.5,1.32,0.18,0.42
41.4603431224823,5.9,-6.800000000000001,-66.4,1.31,0.19,0.41000000000000003
41.4693443775177,5.9,-6.7,-66.7,1.3,0.19,0.41000000000000003
41.47916865348816,6.0,-6.9,-66.4,1.35,0.2,0.4
41.48896074295044,6.0,-7.1000000000000005,-66.3,1.34,0.2,0.4
41.49931073188782,6.0,-6.9,-66.3,1.35,0.19,0.39
41.50997829437256,5.9,-6.9,-66.60000000000001,1.3,0.18,0.42
41.51907420158386,6.0,-6.800000000000001,-66.3,1.31,0.18,0.42
41.529069900512695,6.1000000000000005,-7.2,-66.3,1.36,0.2,0.4
41.53912353515625,6.2,-7.300000000000001,-66.3,1.3800000000000001,0.23,0.39
41.549824953079224,6.2,-7.300000000000001,-66.3,1.3800000000000001,0.24,0.38
41.5590558052063,6.300000000000001,-7.2,-66.10000000000001,1.3800000000000001,0.23,0.39
41.57025146484375,6.2,-7.300000000000001,-66.10000000000001,1.37,0.22,0.4
41.57913279533386,6.2,-7.2,-66.0,1.3800000000000001,0.23,0.39
41.58907628059387,6.300000000000001,-7.2,-66.2,1.36,0.23,0.4
41.59922671318054,6.4,-7.2,-66.10000000000001,1.34,0.24,0.41000000000000003
41.60951852798462,6.5,-7.2,-65.9,1.3900000000000001,0.25,0.38
41.619083404541016,6.5,-7.300000000000001,-65.9,1.41,0.26,0.37
41.629233598709106,6.4,-6.9,-65.9,1.32,0.24,0.4
41.6390426158905,6.300000000000001,-6.6000000000000005,-66.2,1.29,0.24,0.42
41.64898657798767,6.2,-6.6000000000000005,-66.0,1.29,0.23,0.41000000000000003
41.6589720249176,6.2,-6.800000000000001,-65.9,1.31,0.22,0.41000000000000003
41.66949415206909,6.2,-6.9,-66.0,1.35,0.22,0.4
41.67996644973755,6.1000000000000005,-7.2,-66.0,1.37,0.22,0.39
41.68903994560242,6.0,-7.2,-66.3,1.3800000000000001,0.21,0.39
41.69913697242737,6.0,-6.9,-66.4,1.35,0.21,0.4
41.70921325683594,6.0,-6.5,-66.5,1.3,0.21,0.41000000000000003
41.719863414764404,6.0,-6.4,-66.5,1.25,0.2,0.41000000000000003
41.728965282440186,5.800000000000001,-6.5,-66.60000000000001,1.27,0.18,0.42
41.739439487457275,5.800000000000001,-6.7,-66.3,1.33,0.16,0.42
41.75030183792114,5.6000000000000005,-7.1000000000000005,-66.3,1.37,0.16,0.4
41.75908613204956,5.6000000000000005,-6.9,-66.10000000000001,1.35,0.17,0.4
41.769519567489624,5.7,-7.0,-66.4,1.35,0.17,0.41000000000000003
41.780168533325195,5.6000000000000005,-6.9,-66.4,1.31,0.17,0.41000000000000003
41.78890371322632,5.7,-6.4,-65.9,1.28,0.17,0.43
41.79886507987976,5.9,-7.0,-66.4,1.31,0.18,0.43
41.809094190597534,6.2,-7.300000000000001,-66.3,1.4000000000000001,0.19,0.39
41.81904053688049,6.0,-7.800000000000001,-66.4,1.45,0.21,0.37
41.82899475097656,6.0,-7.5,-66.0,1.41,0.21,0.39
41.83943510055542,5.9,-7.2,-66.3,1.37,0.2,0.4
41.84993052482605,5.9,-7.0,-66.10000000000001,1.34,0.19,0.41000000000000003
41.85979890823364,5.800000000000001,-7.1000000000000005,-66.4,1.36,0.19,0.41000000000000003
41.869895696640015,6.0,-7.4,-66.0,1.42,0.19,0.39
41.87989377975464,5.9,-7.300000000000001,-66.3,1.4000000000000001,0.19,0.38
41.88924264907837,5.800000000000001,-6.7,-66.10000000000001,1.33,0.18,0.4
41.89888024330139,5.800000000000001,-6.7,-66.4,1.31,0.17,0.42
41.90916991233826,5.800000000000001,-6.5,-66.0,1.29,0.17,0.42
41.918996810913086,5.7,-6.7,-66.10000000000001,1.3,0.17,0.42
41.92929005622864,6.0,-6.7,-66.2,1.36,0.19,0.41000000000000003
41.939833879470825,6.1000000000000005,-7.2,-66.5,1.37,0.22,0.4
41.949185371398926,6.2,-6.800000000000001,-65.8,1.35,0.23,0.4
41.959105014801025,6.2,-6.9,-66.4,1.33,0.23,0.4
41.96929144859314,6.300000000000001,-6.5,-66.7,1.31,0.24,0.4
41.979844093322754,6.2,-6.5,-66.3,1.32,0.25,0.41000000000000003
41.98990750312805,6.1000000000000005,-6.9,-66.10000000000001,1.34,0.23,0.4
41.99981927871704,6.0,-7.0,-65.8,1.37,0.18,0.39
42.009982109069824,6.0,-7.1000000000000005,-66.0,1.41,0.19,0.41000000000000003
42.01905632019043,5.800000000000001,-7.2,-66.10000000000001,1.3800000000000001,0.19,0.39
42.0292272567749,6.0,-6.9,-65.8,1.35,0.2,0.4
42.03962802886963,6.2,-7.2,-66.3,1.37,0.22,0.41000000000000003
42.049572229385376,6.0,-7.0,-65.9,1.37,0.2,0.39
42.06047010421753,5.800000000000001,-7.5,-66.2,1.4000000000000001,0.16,0.4
42.06893610954285,5.7,-7.6000000000000005,-65.60000000000001,1.44,0.17,0.4
42.0790901184082,5.7,-7.800000000000001,-66.0,1.43,0.17,0.38
42.08917546272278,6.0,-7.1000000000000005,-66.4,1.42,0.22,0.4
42.09931230545044,5.9,-6.9,-66.60000000000001,1.34,0.18,0.4
42.10912561416626,5.800000000000001,-6.800000000000001,-66.3,1.31,0.16,0.4
42.119107723236084,5.9,-6.6000000000000005,-66.4,1.34,0.17,0.43
42.129618883132935,5.800000000000001,-7.1000000000000005,-66.60000000000001,1.36,0.19,0.41000000000000003
42.13920068740845,5.6000000000000005,-7.0,-66.0,1.4000000000000001,0.19,0.38
42.14929914474487,5.4,-6.800000000000001,-66.3,1.37,0.14,0.41000000000000003
42.159440994262695,5.6000000000000005,-6.6000000000000005,-65.9,1.29,0.15,0.43
42.1691210269928,5.4,-6.300000000000001,-66.2,1.27,0.13,0.43
42.17897868156433,5.4,-6.7,-66.0,1.33,0.14,0.43
42.188957929611206,5.7,-6.9,-66.10000000000001,1.37,0.19,0.4
42.19907283782959,5.800000000000001,-6.800000000000001,-66.2,1.36,0.19,0.38
42.20923948287964,5.7,-6.7,-66.5,1.34,0.18,0.41000000000000003
42.21905064582825,5.7,-6.6000000000000005,-66.0,1.32,0.17,0.42
42.229390382766724,5.800000000000001,-7.0,-66.3,1.36,0.17,0.41000000000000003
42.239505767822266,5.800000000000001,-7.2,-65.4,1.37,0.15,0.39
42.2493155002594,5.7,-6.9,-66.5,1.41,0.17,0.4
42.25912690162659,5.800000000000001,-7.0,-66.2,1.3800000000000001,0.16,0.4
42.269906520843506,6.0,-6.800000000000001,-66.0,1.34,0.16,0.41000000000000003
42.27992248535156,6.0,-6.7,-66.4,1.35,0.19,0.42
42.2898313999176,5.5,-6.9,-65.8,1.36,0.17,0.4
42.29994034767151,5.7,-7.2,-65.5,1.3900000000000001,0.18,0.4
42.30996775627136,6.1000000000000005,-6.9,-65.8,1.3800000000000001,0.19,0.4
42.31985855102539,5.9,-7.0,-65.8,1.35,0.19,0.39
42.32899332046509,5.6000000000000005,-6.800000000000001,-66.0,1.36,0.19,0.4
42.34021019935608,6.1000000000000005,-7.0,-66.5,1.37,0.18,0.42
42.34896898269653,5.7,-6.800000000000001,-66.0,1.35,0.2,0.4
42.35916018486023,5.9,-7.0,-65.8,1.37,0.14,0.4
42.36936855316162,5.800000000000001,-7.0,-65.8,1.3900000000000001,0.13,0.41000000000000003
42.37981629371643,5.7,-6.9,-66.10000000000001,1.3800000000000001,0.16,0.4
42.388930797576904,5.7,-6.800000000000001,-65.9,1.34,0.16,0.4
42.398905515670776,5.300000000000001,-6.5,-66.10000000000001,1.31,0.12,0.42
42.40940737724304,5.4,-6.5,-65.3,1.3,0.14,0.42
42.41891121864319,5.4,-6.6000000000000005,-65.8,1.34,0.17,0.42
42.429447650909424,5.5,-6.4,-66.4,1.37,0.17,0.41000000000000003
42.43978500366211,5.7,-6.9,-66.3,1.36,0.15,0.4
42.44901728630066,6.0,-6.5,-65.9,1.34,0.16,0.41000000000000003
42.45903754234314,5.6000000000000005,-6.6000000000000005,-66.3,1.31,0.14,0.43
42.46915102005005,5.7,-6.5,-66.2,1.36,0.15,0.41000000000000003
42.47907733917236,5.9,-7.2,-66.3,1.3900000000000001,0.16,0.4
42.48899483680725,5.7,-7.0,-66.2,1.3900000000000001,0.13,0.4
42.49888324737549,5.4,-7.0,-66.2,1.3800000000000001,0.11,0.42
42.509867429733276,5.5,-7.1000000000000005,-66.2,1.37,0.1,0.42
42.519126653671265,5.2,-7.300000000000001,-65.3,1.37,0.11,0.41000000000000003
42.52909803390503,5.1000000000000005,-7.0,-65.8,1.43,0.12,0.42
42.53925347328186,5.5,-7.6000000000000005,-66.10000000000001,1.45,0.17,0.39
42.54990029335022,5.800000000000001,-7.4,-66.0,1.44,0.21,0.37
42.5589919090271,5.7,-6.7,-65.60000000000001,1.3800000000000001,0.19,0.39
42.56934595108032,5.4,-6.7,-66.0,1.33,0.13,0.43
42.579485177993774,5.7,-6.7,-66.0,1.36,0.15,0.43
42.58927822113037,5.800000000000001,-6.800000000000001,-66.2,1.37,0.17,0.4
42.59896993637085,5.800000000000001,-6.300000000000001,-65.60000000000001,1.34,0.14,0.39
42.60933756828308,5.5,-6.2,-66.2,1.33,0.12,0.42
42.61902332305908,5.800000000000001,-6.1000000000000005,-66.2,1.3,0.12,0.44
42.62921142578125,5.800000000000001,-5.9,-65.8,1.26,0.11,0.42
42.63916373252869,5.6000000000000005,-6.0,-66.3,1.29,0.12,0.42
42.64977264404297,5.800000000000001,-6.300000000000001,-66.2,1.32,0.13,0.43
42.65897536277771,5.9,-6.4,-66.10000000000001,1.33,0.14,0.41000000000000003
42.66913557052612,5.6000000000000005,-6.4,-66.10000000000001,1.32,0.12,0.41000000000000003
42.67991304397583,5.7,-6.7,-66.4,1.34,0.15,0.41000000000000003
42.68989300727844,6.0,-7.0,-65.60000000000001,1.3800000000000001,0.2,0.41000000000000003
42.69993352890015,5.800000000000001,-7.4,-65.2,1.43,0.14,0.4
42.70996165275574,5.5,-7.300000000000001,-65.3,1.45,0.13,0.4
42.71991968154907,5.6000000000000005,-6.9,-66.2,1.4000000000000001,0.17,0.39
42.730024576187134,6.0,-6.800000000000001,-65.9,1.37,0.18,0.4
42.73958492279053,6.0,-7.0,-65.8,1.36,0.16,0.41000000000000003
42.75029516220093,5.6000000000000005,-6.800000000000001,-65.3,1.41,0.14,0.41000000000000003
42.75938534736633,5.5,-7.0,-66.10000000000001,1.4000000000000001,0.15,0.39
42.76932668685913,5.5,-6.7,-65.9,1.36,0.1,0.41000000000000003
42.77957320213318,5.6000000000000005,-6.4,-65.4,1.34,0.1,0.43
42.789199113845825,5.5,-6.7,-65.7,1.34,0.11,0.42
42.799368143081665,5.6000000000000005,-6.7,-65.8,1.36,0.12,0.41000000000000003
42.80930852890015,5.6000000000000005,-6.800000000000001,-66.10000000000001,1.4000000000000001,0.12,0.4
42.819722414016724,5.800000000000001,-6.7,-65.60000000000001,1.3800000000000001,0.12,0.41000000000000003
42.82937049865723,5.7,-6.800000000000001,-65.8,1.35,0.13,0.42
42.839404344558716,5.4,-6.5,-66.5,1.35,0.1,0.42
42.849730253219604,5.9,-6.7,-66.0,1.37,0.13,0.41000000000000003
42.85970401763916,5.5,-6.6000000000000005,-66.10000000000001,1.34,0.16,0.4
42.86921453475952,5.4,-6.2,-65.4,1.32,0.13,0.43
42.879626512527466,5.1000000000000005,-6.5,-65.5,1.33,0.06,0.44
42.88979458808899,5.300000000000001,-6.5,-65.60000000000001,1.37,0.11,0.41000000000000003
42.89985203742981,5.300000000000001,-6.9,-65.7,1.3800000000000001,0.14,0.4
42.909119844436646,5.300000000000001,-6.4,-65.4,1.34,0.06,0.42
42.92011475563049,5.2,-6.300000000000001,-65.60000000000001,1.34,0.08,0.43
42.92895531654358,5.7,-6.5,-65.5,1.35,0.16,0.41000000000000003
42.93894147872925,5.6000000000000005,-6.5,-65.7,1.34,0.14,0.42
42.94967269897461,5.9,-6.4,-65.3,1.34,0.15,0.42
42.9597852230072,5.7,-6.6000000000000005,-65.9,1.36,0.17,0.41000000000000003
42.969141244888306,5.800000000000001,-6.800000000000001,-65.5,1.37,0.1,0.42
42.97994923591614,5.5,-7.0,-65.4,1.4000000000000001,0.07,0.41000000000000003
42.99027752876282,5.9,-7.1000000000000005,-65.4,1.45,0.14,0.4
42.9998722076416,5.5,-7.2,-65.0,1.4000000000000001,0.13,0.41000000000000003
43.009039878845215,5.7,-7.2,-65.2,1.42,0.1,0.4
43.019277572631836,5.7,-7.0,-65.7,1.43,0.12,0.41000000000000003
43.02910089492798,6.1000000000000005,-6.6000000000000005,-65.10000000000001,1.37,0.18,0.41000000000000003
43.03895568847656,6.0,-6.6000000000000005,-65.5,1.32,0.16,0.41000000000000003
43.04944205284119,5.800000000000001,-6.6000000000000005,-65.10000000000001,1.34,0.1,0.41000000000000003
43.059266090393066,5.4,-7.0,-64.7,1.3800000000000001,0.07,0.41000000000000003
43.06928062438965,4.9,-6.300000000000001,-65.0,1.42,0.13,0.42
43.079890966415405,5.300000000000001,-6.5,-65.5,1.36,0.11,0.4
43.09006595611572,5.6000000000000005,-5.800000000000001,-65.2,1.27,0.12,0.42
43.09985136985779,5.6000000000000005,-5.5,-65.10000000000001,1.24,0.11,0.46
43.10985851287842,5.6000000000000005,-5.5,-65.10000000000001,1.23,0.11,0.44
43.11990308761597,5.5,-5.800000000000001,-65.60000000000001,1.27,0.14,0.42
43.130080699920654,5.5,-6.1000000000000005,-65.3,1.35,0.13,0.41000000000000003
43.13907527923584,5.6000000000000005,-6.5,-65.4,1.36,0.1,0.4
43.14921998977661,5.7,-6.9,-65.2,1.4000000000000001,0.11,0.42
43.15980792045593,5.800000000000001,-7.300000000000001,-65.0,1.45,0.15,0.4
43.16920828819275,5.7,-6.800000000000001,-64.8,1.3900000000000001,0.12,0.39
43.17977046966553,5.6000000000000005,-6.6000000000000005,-65.0,1.34,0.06,0.43
43.18920969963074,5.7,-7.2,-64.60000000000001,1.42,0.08,0.42
43.19919967651367,5.5,-7.5,-64.8,1.48,0.09,0.41000000000000003
43.20896315574646,5.800000000000001,-7.1000000000000005,-64.7,1.43,0.12,0.38
43.2205810546875,5.9,-6.7,-64.8,1.36,0.16,0.39
43.22946286201477,5.6000000000000005,-6.5,-65.3,1.35,0.12,0.45
43.238996744155884,5.0,-6.300000000000001,-64.7,1.33,0.02,0.42
43.24898171424866,5.9,-6.9,-64.7,1.3900000000000001,0.1,0.44
43.25918364524841,5.5,-6.300000000000001,-65.4,1.32,0.18,0.39
43.269285678863525,5.4,-6.1000000000000005,-64.60000000000001,1.32,0.13,0.36
43.27906107902527,5.4,-6.800000000000001,-64.9,1.42,0.07,0.44
43.289302825927734,5.300000000000001,-6.7,-65.0,1.42,0.07,0.43
43.29999303817749,5.2,-6.1000000000000005,-64.8,1.32,0.09,0.4
43.309800148010254,5.2,-5.800000000000001,-64.8,1.27,0.09,0.43
43.318859577178955,5.4,-6.1000000000000005,-65.0,1.29,0.07,0.46
43.33048105239868,5.7,-6.300000000000001,-64.60000000000001,1.33,0.08,0.42
43.33891725540161,5.5,-6.300000000000001,-65.10000000000001,1.35,0.19,0.39
43.34935188293457,5.6000000000000005,-6.6000000000000005,-64.7,1.33,0.09,0.38
43.359781980514526,6.0,-6.6000000000000005,-63.900000000000006,1.4000000000000001,0.14,0.45
43.36928844451904,6.0,-6.4,-65.0,1.35,0.16,0.42
43.378992795944214,5.4,-5.9,-63.800000000000004,1.23,0.08,0.38
43.38917422294617,5.2,-6.300000000000001,-64.2,1.35,0.06,0.44
43.39972233772278,6.0,-6.9,-64.3,1.42,0.1,0.44
43.408947706222534,5.4,-6.7,-65.0,1.35,0.09,0.4
43.4189293384552,5.300000000000001,-6.6000000000000005,-63.900000000000006,1.36,0.05,0.42
43.4302499294281,6.0,-6.7,-64.2,1.37,0.12,0.43
43.438889026641846,5.800000000000001,-6.4,-64.8,1.33,0.18,0.4
43.44899606704712,5.9,-7.0,-64.3,1.42,0.13,0.4
43.45979619026184,5.2,-6.9,-63.900000000000006,1.42,0.08,0.37
43.4693021774292,5.2,-6.2,-64.60000000000001,1.4000000000000001,0.15,0.42
43.47909617424011,6.0,-6.5,-64.3,1.32,0.06,0.44
43.489098072052,5.2,-6.0,-63.7,1.32,0.07,0.42
43.49994134902954,5.5,-6.5,-64.0,1.3900000000000001,0.12,0.42
43.5089590549469,5.800000000000001,-6.5,-64.10000000000001,1.36,0.13,0.39
43.518914222717285,5.7,-6.2,-63.7,1.34,0.08,0.41000000000000003
43.52985715866089,5.4,-6.9,-63.7,1.34,0.09,0.42
43.53917932510376,5.7,-6.0,-64.8,1.4000000000000001,0.19,0.42
43.54895067214966,6.300000000000001,-6.1000000000000005,-63.6,1.3,0.13,0.39
43.55931091308594,5.5,-5.800000000000001,-63.300000000000004,1.25,0.07,0.42
43.57031846046448,5.5,-6.5,-64.0,1.35,0.08,0.47000000000000003
43.57921242713928,4.7,-6.1000000000000005,-64.2,1.32,0.07,0.41000000000000003
43.58891463279724,4.800000000000001,-6.1000000000000005,-64.0,1.33,0.02,0.41000000000000003
43.599082469940186,5.7,-6.5,-63.400000000000006,1.37,0.05,0.44
43.60914158821106,4.9,-6.4,-63.300000000000004,1.3,0.09,0.42
43.61901044845581,5.1000000000000005,-5.800000000000001,-63.6,1.37,0.12,0.43
43.63023638725281,5.2,-6.800000000000001,-63.900000000000006,1.4000000000000001,0.08,0.41000000000000003
43.63939571380615,5.1000000000000005,-6.300000000000001,-63.7,1.37,0.09,0.41000000000000003
43.64892244338989,5.5,-6.5,-63.5,1.36,0.07,0.42
43.65903306007385,5.7,-6.0,-63.400000000000006,1.31,0.12,0.42
43.67020654678345,5.1000000000000005,-6.0,-64.5,1.22,0.09,0.42
43.678954124450684,5.6000000000000005,-5.7,-64.0,1.37,0.15,0.45
43.68895673751831,5.4,-6.800000000000001,-63.1,1.3900000000000001,0.05,0.41000000000000003
43.69929385185242,5.1000000000000005,-6.6000000000000005,-63.7,1.34,0.07,0.38
43.709322452545166,6.1000000000000005,-6.4,-63.7,1.45,0.22,0.43
43.71902012825012,6.5,-7.2,-63.1,1.4000000000000001,0.14,0.38
43.72943472862244,5.7,-6.6000000000000005,-63.1,1.37,0.12,0.38
43.74006175994873,6.0,-7.1000000000000005,-62.6,1.44,0.14,0.42
43.74905276298523,5.7,-6.800000000000001,-63.800000000000004,1.3800000000000001,0.15,0.42
43.75984287261963,5.300000000000001,-5.800000000000001,-62.800000000000004,1.33,0.07,0.41000000000000003
43.77049970626831,5.4,-6.2,-64.0,1.32,0.12,0.43
43.77987504005432,5.7,-5.6000000000000005,-63.300000000000004,1.29,0.12,0.43
43.78988862037659,5.0,-6.1000000000000005,-63.400000000000006,1.29,0.02,0.4
43.79898118972778,5.5,-6.0,-63.5,1.37,0.12,0.47000000000000003
43.80928087234497,5.9,-5.800000000000001,-63.1,1.3,0.16,0.43
43.818981885910034,5.6000000000000005,-5.9,-63.5,1.25,0.14,0.37
43.82926034927368,6.2,-6.0,-62.800000000000004,1.37,0.17,0.43
43.83914089202881,5.9,-6.0,-62.800000000000004,1.33,0.12,0.44
43.85003995895386,5.300000000000001,-5.800000000000001,-63.400000000000006,1.26,0.08,0.42
43.85901498794556,6.0,-6.4,-63.0,1.35,0.11,0.44
43.86926865577698,5.6000000000000005,-6.1000000000000005,-62.2,1.35,0.1,0.43
43.87925171852112,5.5,-6.4,-62.6,1.34,0.13,0.39
43.889041900634766,6.1000000000000005,-6.800000000000001,-62.7,1.3800000000000001,0.16,0.4
43.89897084236145,6.2,-6.5,-62.1,1.3800000000000001,0.13,0.41000000000000003
43.9090051651001,5.4,-6.7,-62.400000000000006,1.35,0.08,0.41000000000000003
43.91900873184204,5.7,-6.300000000000001,-62.5,1.34,0.06,0.41000000000000003
43.92950677871704,5.7,-6.7,-62.800000000000004,1.35,0.11,0.43
43.93934345245361,5.5,-6.5,-62.400000000000006,1.36,0.08,0.41000000000000003
43.94997787475586,5.5,-6.4,-63.5,1.37,0.11,0.42
43.959938526153564,5.5,-6.300000000000001,-63.0,1.37,0.12,0.41000000000000003
43.9693877696991,5.2,-6.1000000000000005,-62.900000000000006,1.33,0.07,0.43
43.97910118103027,5.300000000000001,-6.0,-62.900000000000006,1.3,0.06,0.43
43.989988565444946,5.5,-6.1000000000000005,-62.800000000000004,1.31,0.14,0.4
43.99978852272034,5.7,-6.300000000000001,-62.900000000000006,1.36,0.13,0.43
44.00934433937073,5.300000000000001,-6.6000000000000005,-63.1,1.35,0.04,0.44
44.01991415023804,5.1000000000000005,-6.2,-62.300000000000004,1.33,0.03,0.43
44.03007102012634,5.4,-6.7,-62.400000000000006,1.3800000000000001,0.13,0.4
44.039031744003296,5.6000000000000005,-6.7,-62.400000000000006,1.3800000000000001,0.08,0.41000000000000003
44.04927110671997,5.300000000000001,-6.9,-62.800000000000004,1.37,0.04,0.43
44.059816122055054,5.6000000000000005,-6.300000000000001,-61.900000000000006,1.36,0.12,0.41000000000000003
44.06976318359375,5.6000000000000005,-6.0,-62.400000000000006,1.31,0.12,0.41000000000000003
44.079856634140015,5.300000000000001,-6.0,-62.6,1.25,0.03,0.46
44.08995342254639,5.5,-5.800000000000001,-63.400000000000006,1.28,0.06,0.47000000000000003
44.09949064254761,5.300000000000001,-5.9,-63.5,1.32,0.12,0.42
44.1090931892395,5.4,-6.1000000000000005,-62.1,1.33,0.11,0.38
44.11909627914429,5.800000000000001,-6.4,-62.2,1.32,0.14,0.4
44.129091024398804,6.4,-6.5,-61.900000000000006,1.32,0.17,0.44
44.138962745666504,5.9,-6.5,-61.900000000000006,1.34,0.11,0.43
44.149208784103394,5.5,-6.6000000000000005,-62.300000000000004,1.33,0.07,0.41000000000000003
44.159993171691895,5.4,-6.1000000000000005,-62.2,1.34,0.1,0.42
44.16938400268555,5.7,-6.4,-62.6,1.36,0.11,0.44
44.17907190322876,5.800000000000001,-6.1000000000000005,-61.800000000000004,1.35,0.08,0.43
44.189199924468994,5.300000000000001,-6.0,-62.1,1.31,0.14,0.4
44.19954323768616,5.800000000000001,-6.0,-62.2,1.3,0.15,0.42
44.209105253219604,6.2,-6.300000000000001,-62.300000000000004,1.33,0.11,0.46
44.21901488304138,5.6000000000000005,-6.300000000000001,-61.5,1.33,0.14,0.41000000000000003
44.2293267250061,5.7,-6.5,-61.800000000000004,1.36,0.13,0.38
44.239081621170044,5.9,-6.6000000000000005,-61.6,1.37,0.13,0.42
44.248945236206055,5.6000000000000005,-6.5,-61.7,1.33,0.1,0.42
44.2590229511261,5.2,-5.6000000000000005,-61.6,1.27,0.04,0.43
44.269224643707275,5.300000000000001,-6.4,-61.900000000000006,1.3,0.09,0.46
44.279162645339966,5.9,-6.4,-61.5,1.32,0.1,0.42
44.288920402526855,5.6000000000000005,-6.6000000000000005,-61.1,1.35,0.1,0.4
44.29932928085327,5.800000000000001,-7.300000000000001,-62.300000000000004,1.42,0.12,0.41000000000000003
44.308963775634766,5.4,-6.4,-63.900000000000006,1.34,0.07,0.41000000000000003
44.31891489028931,5.6000000000000005,-6.300000000000001,-61.900000000000006,1.35,0.11,0.42
44.328919410705566,5.7,-6.5,-62.2,1.31,0.05,0.43
44.33974003791809,5.4,-6.4,-62.0,1.3,0.05,0.43
44.34897589683533,5.300000000000001,-6.1000000000000005,-62.0,1.34,0.06,0.42
44.359211683273315,4.9,-5.6000000000000005,-62.2,1.26,0.03,0.43
44.369577169418335,5.300000000000001,-6.0,-62.1,1.28,0.05,0.46
44.37942576408386,5.800000000000001,-6.1000000000000005,-61.2,1.33,0.11,0.45
44.38894605636597,5.6000000000000005,-6.5,-61.900000000000006,1.35,0.11,0.4
44.39883232116699,5.300000000000001,-6.300000000000001,-61.800000000000004,1.34,0.1,0.39
44.40927171707153,5.7,-6.300000000000001,-61.400000000000006,1.32,0.12,0.43
44.4190092086792,6.0,-6.1000000000000005,-61.300000000000004,1.27,0.11,0.44
44.42945194244385,6.0,-6.0,-61.300000000000004,1.3,0.11,0.43
44.43928527832031,5.300000000000001,-6.300000000000001,-62.5,1.29,0.07,0.41000000000000003
44.45044469833374,5.5,-6.1000000000000005,-61.2,1.3900000000000001,0.12,0.42
44.458948612213135,5.9,-6.7,-63.2,1.37,0.15,0.42
44.46943998336792,5.7,-6.2,-60.900000000000006,1.31,0.09,0.41000000000000003
44.48002004623413,6.2,-7.0,-62.0,1.3800000000000001,0.17,0.42
44.48989987373352,5.800000000000001,-6.0,-62.2,1.32,0.17,0.4
44.49974727630615,5.9,-5.5,-61.800000000000004,1.25,0.08,0.44
44.509907484054565,6.0,-5.9,-61.7,1.28,0.13,0.44
44.5190007686615,6.1000000000000005,-5.6000000000000005,-61.400000000000006,1.32,0.19,0.42
44.52895998954773,5.7,-6.1000000000000005,-61.900000000000006,1.29,0.11,0.42
44.54103398323059,5.800000000000001,-5.800000000000001,-61.900000000000006,1.32,0.12,0.4
44.54919147491455,6.4,-5.800000000000001,-61.300000000000004,1.3,0.16,0.43
44.55949115753174,6.1000000000000005,-6.2,-62.300000000000004,1.28,0.08,0.44
44.56900119781494,6.300000000000001,-6.4,-61.5,1.33,0.2,0.44
44.57996702194214,6.1000000000000005,-5.6000000000000005,-60.7,1.3,0.26,0.39
44.58924436569214,5.800000000000001,-5.9,-62.1,1.25,0.14,0.35000000000000003
44.59886884689331,5.5,-6.1000000000000005,-61.0,1.28,0.05,0.46
44.609617471694946,6.0,-6.6000000000000005,-61.2,1.3900000000000001,0.12,0.47000000000000003
44.61903142929077,5.6000000000000005,-6.300000000000001,-60.5,1.32,0.13,0.39
44.6289587020874,5.6000000000000005,-6.2,-61.900000000000006,1.27,0.08,0.39
44.639575242996216,5.7,-6.1000000000000005,-61.6,1.29,0.07,0.44
44.64936900138855,6.0,-6.6000000000000005,-61.1,1.34,0.11,0.46
44.658984899520874,5.800000000000001,-6.6000000000000005,-61.900000000000006,1.34,0.13,0.4
44.669174671173096,5.5,-6.0,-61.5,1.31,0.09,0.39
44.67914319038391,5.7,-6.5,-62.0,1.32,0.09,0.44
44.68899869918823,5.9,-5.9,-61.6,1.29,0.1,0.44
44.69891619682312,5.5,-5.6000000000000005,-61.5,1.27,0.1,0.43
44.709673166275024,5.5,-6.1000000000000005,-61.400000000000006,1.32,0.11,0.43
44.718989849090576,5.4,-6.1000000000000005,-63.7,1.3,0.02,0.42
44.729023933410645,5.0,-6.0,-61.1,1.36,0.08,0.44
44.739581823349,5.5,-6.800000000000001,-62.1,1.36,0.08,0.43
44.74994778633118,5.7,-6.2,-61.400000000000006,1.32,0.1,0.41000000000000003
44.75946235656738,5.9,-6.4,-61.6,1.34,0.12,0.41000000000000003
44.76912713050842,5.5,-6.0,-61.0,1.29,0.06,0.44
44.78003740310669,5.800000000000001,-6.0,-61.1,1.29,0.12,0.44
44.78894066810608,6.1000000000000005,-6.1000000000000005,-60.900000000000006,1.29,0.16,0.42
44.79897904396057,5.800000000000001,-6.1000000000000005,-61.400000000000006,1.29,0.09,0.43
44.80956840515137,5.2,-5.4,-62.1,1.25,0.05,0.41000000000000003
44.81902813911438,5.7,-6.4,-60.800000000000004,1.35,0.17,0.44
44.8291220664978,6.1000000000000005,-6.5,-62.300000000000004,1.36,0.18,0.42
44.83900785446167,6.0,-6.0,-61.2,1.29,0.15,0.39
44.850091218948364,6.2,-6.5,-61.5,1.32,0.2,0.4
44.858864545822144,6.6000000000000005,-5.9,-61.6,1.32,0.19,0.42
44.8690390586853,6.0,-6.4,-61.800000000000004,1.29,0.12,0.43
44.87998032569885,6.2,-5.7,-63.400000000000006,1.29,0.13,0.4
44.89036679267883,6.1000000000000005,-5.5,-60.0,1.3,0.23,0.43
44.90005874633789,5.9,-5.800000000000001,-62.5,1.27,0.1,0.4
44.90998387336731,6.0,-5.0,-59.800000000000004,1.2,0.13,0.46
44.919111490249634,6.5,-6.300000000000001,-61.7,1.3,0.22,0.46
44.92899751663208,6.300000000000001,-5.7,-61.1,1.29,0.21,0.37
44.939369678497314,6.4,-6.0,-61.6,1.28,0.22,0.36
44.950305223464966,6.7,-5.6000000000000005,-60.900000000000006,1.27,0.2,0.44
44.95911169052124,6.5,-5.9,-61.5,1.24,0.14,0.47000000000000003
44.969236850738525,6.0,-5.7,-61.2,1.26,0.09,0.45
44.978917837142944,6.0,-6.1000000000000005,-60.900000000000006,1.32,0.17,0.39
44.989190101623535,6.2,-6.1000000000000005,-60.400000000000006,1.3,0.19,0.38
44.99893355369568,6.0,-5.9,-61.5,1.27,0.12,0.43
45.00910401344299,5.7,-6.1000000000000005,-61.2,1.25,0.08,0.46
45.01966094970703,5.9,-6.5,-61.6,1.34,0.11,0.43
45.02893614768982,5.9,-6.1000000000000005,-61.6,1.35,0.15,0.39
45.039339542388916,5.800000000000001,-6.5,-61.7,1.3,0.12,0.39
45.049599170684814,5.9,-5.9,-63.1,1.28,0.07,0.43
45.05967926979065,5.5,-5.5,-60.800000000000004,1.3,0.1,0.46
45.069074630737305,5.4,-6.4,-62.2,1.31,0.07,0.43
45.07921862602234,5.300000000000001,-5.4,-60.800000000000004,1.26,0.05,0.42
45.089263916015625,5.2,-5.7,-63.7,1.26,0.04,0.44
45.099000215530396,5.5,-5.6000000000000005,-60.7,1.28,0.12,0.45
45.10904097557068,5.7,-6.1000000000000005,-62.1,1.28,0.09,0.42
45.11915922164917,5.7,-6.300000000000001,-61.2,1.32,0.12,0.41000000000000003
45.12985587120056,6.0,-6.9,-62.0,1.4000000000000001,0.14,0.41000000000000003
45.13942098617554,6.0,-6.4,-61.0,1.37,0.14,0.4
45.149712562561035,5.7,-6.300000000000001,-61.5,1.29,0.12,0.41000000000000003
45.16002678871155,6.0,-5.9,-60.900000000000006,1.28,0.14,0.44
45.16907286643982,6.2,-6.0,-62.400000000000006,1.29,0.16,0.43
45.17992162704468,5.800000000000001,-6.0,-61.400000000000006,1.29,0.12,0.42
45.189860582351685,6.0,-6.0,-62.2,1.3,0.16,0.41000000000000003
45.19949769973755,6.300000000000001,-5.7,-61.6,1.31,0.17,0.42
45.20901083946228,6.4,-5.7,-62.2,1.29,0.12,0.45
45.21984052658081,6.0,-5.5,-61.2,1.23,0.13,0.43
45.22916388511658,6.7,-5.2,-62.1,1.23,0.2,0.42
45.239036083221436,6.7,-5.300000000000001,-61.300000000000004,1.22,0.2,0.43
45.24927830696106,7.0,-5.4,-61.6,1.24,0.21,0.43
45.25906419754028,6.800000000000001,-5.6000000000000005,-61.0,1.25,0.24,0.42
45.26959204673767,7.0,-6.0,-61.5,1.3,0.25,0.4
45.27912712097168,6.6000000000000005,-5.7,-60.900000000000006,1.31,0.21,0.39
45.289294481277466,6.800000000000001,-5.7,-61.0,1.26,0.19,0.44
45.29900002479553,6.6000000000000005,-5.5,-61.1,1.23,0.18,0.44
45.309186935424805,6.4,-5.7,-60.800000000000004,1.27,0.19,0.42
45.31916928291321,6.4,-6.1000000000000005,-61.7,1.31,0.17,0.41000000000000003
45.3290114402771,6.300000000000001,-6.0,-60.400000000000006,1.3,0.18,0.41000000000000003
45.33933973312378,6.1000000000000005,-6.2,-61.5,1.31,0.15,0.43
45.34977650642395,6.2,-6.2,-61.2,1.3,0.15,0.43
45.36011219024658,6.2,-6.2,-61.400000000000006,1.3,0.15,0.41000000000000003
45.369250774383545,6.0,-6.0,-62.1,1.29,0.13,0.43
45.37901973724365,5.800000000000001,-6.0,-61.6,1.27,0.11,0.45
45.38919138908386,5.9,-5.800000000000001,-61.400000000000006,1.28,0.13,0.43
45.398977279663086,6.1000000000000005,-6.2,-61.5,1.28,0.15,0.4
45.409037590026855,6.1000000000000005,-6.2,-62.0,1.31,0.14,0.42
45.419286012649536,5.6000000000000005,-6.300000000000001,-62.0,1.31,0.11,0.42
45.429259061813354,6.0,-6.2,-61.5,1.32,0.12,0.42
45.439183712005615,5.7,-6.2,-61.900000000000006,1.33,0.12,0.41000000000000003
45.44979929924011,5.800000000000001,-5.9,-61.7,1.28,0.09,0.43
45.45932936668396,5.800000000000001,-5.9,-61.7,1.27,0.09,0.44
45.46918797492981,5.800000000000001,-5.800000000000001,-61.5,1.29,0.1,0.44
45.47897982597351,5.800000000000001,-5.800000000000001,-61.5,1.27,0.09,0.43
45.489160776138306,6.1000000000000005,-6.0,-61.0,1.28,0.12,0.43
45.49904155731201,6.2,-5.9,-61.5,1.31,0.13,0.42
45.508946895599365,5.9,-6.0,-61.400000000000006,1.29,0.13,0.41000000000000003
45.519336462020874,6.1000000000000005,-6.0,-61.800000000000004,1.3,0.15,0.42
45.52929449081421,6.300000000000001,-5.800000000000001,-61.2,1.26,0.16,0.42
45.53891110420227,6.300000000000001,-5.6000000000000005,-61.6,1.24,0.17,0.43
45.54962873458862,6.300000000000001,-5.7,-61.5,1.23,0.17,0.42
45.559205532073975,6.300000000000001,-5.300000000000001,-62.0,1.25,0.17,0.42
45.57016110420227,6.300000000000001,-5.7,-61.5,1.27,0.21,0.42
45.57990550994873,6.5,-5.7,-62.900000000000006,1.25,0.21,0.41000000000000003
45.590004682540894,6.9,-5.5,-61.300000000000004,1.25,0.22,0.41000000000000003
45.59994697570801,6.7,-5.6000000000000005,-61.900000000000006,1.28,0.22,0.42
45.60985612869263,6.4,-5.7,-61.5,1.26,0.21,0.41000000000000003
45.618972063064575,6.5,-5.7,-62.400000000000006,1.29,0.16,0.43
45.62969708442688,6.4,-5.5,-61.300000000000004,1.24,0.18,0.42
45.639004945755005,6.4,-5.5,-63.0,1.23,0.17,0.42
45.64905285835266,6.6000000000000005,-5.4,-61.1,1.26,0.2,0.43
45.65932607650757,6.800000000000001,-6.0,-62.1,1.28,0.21,0.42
45.669288635253906,6.9,-5.800000000000001,-61.300000000000004,1.28,0.22,0.39
45.67901372909546,6.800000000000001,-6.1000000000000005,-62.1,1.3,0.22,0.4
45.68920946121216,6.800000000000001,-5.9,-61.5,1.3,0.19,0.42
45.699138164520264,6.4,-6.1000000000000005,-61.6,1.29,0.17,0.42
45.708964824676514,6.2,-6.2,-61.6,1.33,0.16,0.41000000000000003
45.719945430755615,6.2,-6.0,-62.0,1.33,0.13,0.4
45.72924780845642,6.1000000000000005,-5.800000000000001,-61.7,1.28,0.13,0.44
45.739057540893555,5.7,-5.9,-62.1,1.26,0.11,0.42
45.749284505844116,5.7,-5.300000000000001,-61.6,1.25,0.11,0.43
45.759177923202515,5.6000000000000005,-5.5,-61.900000000000006,1.21,0.11,0.43
45.769166469573975,5.6000000000000005,-5.5,-62.0,1.23,0.11,0.44
45.77912092208862,5.800000000000001,-5.300000000000001,-62.1,1.25,0.09,0.43
45.78909349441528,5.7,-6.0,-62.5,1.26,0.12,0.44
45.798871994018555,6.0,-5.800000000000001,-61.800000000000004,1.3,0.14,0.42
45.809014081954956,5.7,-5.800000000000001,-61.900000000000006,1.29,0.12,0.4
45.819087266922,6.0,-6.2,-62.5,1.32,0.12,0.44
45.82933759689331,6.1000000000000005,-5.7,-62.300000000000004,1.28,0.12,0.43
45.839176416397095,5.9,-5.800000000000001,-62.0,1.26,0.14,0.42
45.84983205795288,6.2,-5.9,-61.5,1.3,0.15,0.42
45.85893988609314,6.0,-6.1000000000000005,-61.900000000000006,1.31,0.16,0.41000000000000003
45.86906123161316,6.300000000000001,-6.2,-61.7,1.3,0.15,0.42
45.87926483154297,6.2,-5.9,-61.800000000000004,1.29,0.15,0.41000000000000003
45.889845848083496,6.1000000000000005,-5.7,-61.900000000000006,1.27,0.15,0.42
45.898905992507935,6.2,-6.0,-61.7,1.29,0.16,0.44
45.9096314907074,6.2,-5.800000000000001,-61.7,1.27,0.18,0.41000000000000003
45.91952967643738,6.4,-5.5,-61.400000000000006,1.27,0.18,0.41000000000000003
45.92906880378723,6.6000000000000005,-5.2,-61.900000000000006,1.2,0.19,0.45
45.939011096954346,6.2,-5.2,-62.2,1.17,0.19,0.42
45.95000219345093,6.5,-5.2,-61.6,1.23,0.2,0.42
45.95939517021179,6.9,-5.1000000000000005,-62.1,1.24,0.22,0.42
45.96920156478882,6.6000000000000005,-5.300000000000001,-62.800000000000004,1.18,0.21,0.42
45.97999143600464,6.7,-5.1000000000000005,-61.800000000000004,1.22,0.23,0.43
45.98933029174805,6.9,-5.800000000000001,-62.300000000000004,1.28,0.24,0.41000000000000003
46.000009298324585,7.0,-5.800000000000001,-62.0,1.3,0.23,0.39
46.00984025001526,6.7,-6.0,-62.1,1.31,0.22,0.42
46.019206285476685,6.6000000000000005,-6.1000000000000005,-61.7,1.3,0.2,0.41000000000000003
46.029210805892944,6.5,-6.300000000000001,-62.1,1.32,0.19,0.41000000000000003
46.03915739059448,6.5,-6.2,-61.6,1.36,0.2,0.4
46.050843477249146,6.4,-5.800000000000001,-61.800000000000004,1.29,0.17,0.41000000000000003
46.059133768081665,6.1000000000000005,-5.4,-62.6,1.22,0.15,0.43
46.069133043289185,6.2,-5.300000000000001,-62.5,1.23,0.14,0.45
46.0790228843689,6.2,-5.6000000000000005,-61.900000000000006,1.26,0.17,0.43
46.08944034576416,5.9,-5.6000000000000005,-61.7,1.27,0.15,0.4
46.099026918411255,5.800000000000001,-5.800000000000001,-62.800000000000004,1.27,0.13,0.42
46.10887861251831,5.9,-5.9,-62.2,1.29,0.1,0.44
46.12003207206726,5.9,-5.800000000000001,-62.2,1.3,0.12,0.44
46.12923836708069,5.6000000000000005,-5.5,-62.400000000000006,1.23,0.11,0.42
46.139222383499146,5.800000000000001,-5.4,-62.5,1.23,0.1,0.44
46.14948129653931,5.800000000000001,-5.5,-62.400000000000006,1.25,0.1,0.44
46.15945506095886,5.800000000000001,-5.800000000000001,-62.7,1.27,0.12,0.43
46.169113874435425,5.800000000000001,-5.7,-62.300000000000004,1.29,0.11,0.42
46.179038286209106,5.800000000000001,-5.7,-62.900000000000006,1.27,0.11,0.43
46.18903994560242,5.9,-5.800000000000001,-62.400000000000006,1.27,0.11,0.44
46.19897651672363,5.9,-5.800000000000001,-62.300000000000004,1.3,0.12,0.42
46.209043979644775,5.9,-5.9,-62.6,1.29,0.13,0.41000000000000003
46.219337701797485,6.0,-5.7,-62.300000000000004,1.29,0.13,0.43
46.229623794555664,6.1000000000000005,-5.6000000000000005,-62.300000000000004,1.27,0.14,0.44
46.23914933204651,6.1000000000000005,-5.5,-62.1,1.23,0.16,0.42
46.24922776222229,6.4,-5.6000000000000005,-62.2,1.26,0.2,0.42
46.25983500480652,6.6000000000000005,-5.7,-62.1,1.28,0.21,0.41000000000000003
46.269432067871094,6.5,-5.6000000000000005,-62.300000000000004,1.28,0.21,0.41000000000000003
46.279035806655884,6.6000000000000005,-5.5,-62.400000000000006,1.24,0.2,0.42
46.2890682220459,6.7,-5.4,-62.2,1.22,0.22,0.43
46.299246072769165,6.7,-5.6000000000000005,-62.0,1.27,0.23,0.41000000000000003
46.309317111968994,6.9,-6.2,-62.6,1.32,0.23,0.4
46.31910276412964,6.9,-5.9,-62.2,1.32,0.23,0.41000000000000003
46.32977628707886,6.6000000000000005,-5.800000000000001,-62.300000000000004,1.28,0.21,0.42
46.33917307853699,6.6000000000000005,-5.5,-62.400000000000006,1.24,0.2,0.42
46.349647760391235,6.6000000000000005,-5.300000000000001,-62.1,1.22,0.21,0.42
46.35909557342529,6.7,-5.6000000000000005,-62.800000000000004,1.26,0.22,0.42
46.36919641494751,6.6000000000000005,-5.4,-62.400000000000006,1.26,0.21,0.41000000000000003
46.379923820495605,6.300000000000001,-5.300000000000001,-62.6,1.23,0.17,0.42
46.389885663986206,6.2,-5.2,-62.400000000000006,1.22,0.15,0.44
46.399921894073486,6.0,-5.300000000000001,-62.6,1.21,0.14,0.44
46.41009831428528,5.9,-5.2,-62.300000000000004,1.23,0.13,0.42
46.419105768203735,6.0,-5.5,-62.5,1.24,0.13,0.43
46.42931127548218,5.800000000000001,-5.4,-62.5,1.24,0.12,0.43
46.43916964530945,5.9,-5.5,-62.7,1.25,0.12,0.43
46.44919514656067,5.800000000000001,-5.5,-62.7,1.24,0.12,0.43
46.45927977561951,5.7,-5.5,-62.400000000000006,1.24,0.1,0.43
46.46950054168701,5.7,-5.9,-62.5,1.29,0.11,0.43
46.47946071624756,5.6000000000000005,-5.9,-62.300000000000004,1.32,0.1,0.41000000000000003
46.489001512527466,5.5,-6.1000000000000005,-62.5,1.29,0.09,0.43
46.499444246292114,5.7,-5.9,-62.400000000000006,1.3,0.1,0.44
46.50955533981323,5.800000000000001,-6.1000000000000005,-62.300000000000004,1.3,0.11,0.43
46.51912808418274,5.800000000000001,-5.9,-62.300000000000004,1.3,0.11,0.42
46.529292821884155,5.9,-6.0,-62.400000000000006,1.3,0.12,0.43
46.53934693336487,6.0,-5.800000000000001,-62.5,1.27,0.13,0.43
46.549840688705444,6.1000000000000005,-5.6000000000000005,-62.400000000000006,1.26,0.15,0.43
46.55946135520935,6.2,-5.7,-62.7,1.26,0.17,0.42
46.56969380378723,6.4,-5.6000000000000005,-62.6,1.27,0.19,0.41000000000000003
46.580156326293945,6.4,-5.6000000000000005,-62.6,1.27,0.2,0.41000000000000003
46.58893895149231,6.4,-5.5,-62.6,1.24,0.19,0.41000000000000003
46.59920144081116,6.5,-5.1000000000000005,-62.6,1.22,0.19,0.43
46.60909962654114,6.4,-5.300000000000001,-62.2,1.21,0.2,0.44
46.618953227996826,6.6000000000000005,-5.300000000000001,-62.6,1.22,0.2,0.42
46.628968477249146,6.7,-5.4,-62.400000000000006,1.25,0.22,0.41000000000000003
46.63940978050232,6.6000000000000005,-5.5,-62.300000000000004,1.27,0.23,0.41000000000000003
46.648959159851074,6.6000000000000005,-5.4,-62.7,1.23,0.2,0.41000000000000003
46.65937089920044,6.4,-5.1000000000000005,-62.300000000000004,1.22,0.2,0.42
46.669296741485596,6.5,-5.6000000000000005,-62.5,1.25,0.19,0.42
46.67911148071289,6.4,-5.4,-62.0,1.24,0.18,0.42
46.6889853477478,6.2,-5.300000000000001,-62.5,1.23,0.18,0.42
46.69915056228638,6.2,-5.300000000000001,-62.5,1.21,0.16,0.43
46.7094612121582,6.300000000000001,-5.300000000000001,-62.5,1.23,0.17,0.43
46.71898627281189,6.1000000000000005,-5.800000000000001,-62.5,1.26,0.15,0.42
46.729060649871826,6.0,-5.7,-62.1,1.3,0.15,0.41000000000000003
46.74048066139221,5.9,-5.9,-62.300000000000004,1.28,0.15,0.42
46.7489857673645,6.1000000000000005,-5.7,-63.0,1.26,0.13,0.43
46.75916075706482,6.0,-5.5,-62.2,1.26,0.15,0.44
46.76975131034851,5.7,-6.1000000000000005,-62.5,1.28,0.13,0.41000000000000003
46.78007125854492,5.800000000000001,-5.800000000000001,-62.2,1.29,0.11,0.4
46.78998827934265,5.5,-5.9,-62.7,1.3,0.08,0.43
46.799845933914185,5.4,-5.7,-62.7,1.28,0.07,0.45
46.81013751029968,5.4,-5.6000000000000005,-62.6,1.24,0.05,0.44
46.81895446777344,5.800000000000001,-5.7,-62.7,1.26,0.1,0.45
46.82929062843323,5.800000000000001,-5.5,-62.6,1.27,0.12,0.43
46.83989500999451,5.800000000000001,-6.0,-62.6,1.29,0.15,0.41000000000000003
46.84910988807678,6.0,-5.9,-62.900000000000006,1.27,0.12,0.41000000000000003
46.859156131744385,5.9,-5.5,-62.6,1.25,0.15,0.43
46.870049476623535,5.9,-5.7,-63.1,1.24,0.13,0.43
46.88008403778076,6.0,-5.2,-62.0,1.24,0.14,0.42
46.88988184928894,5.9,-5.7,-62.400000000000006,1.25,0.14,0.42
46.89982485771179,6.1000000000000005,-5.7,-62.2,1.27,0.14,0.43
46.90978026390076,6.0,-5.800000000000001,-63.0,1.29,0.12,0.41000000000000003
46.91897416114807,5.9,-5.6000000000000005,-61.800000000000004,1.28,0.14,0.42
46.929396629333496,5.7,-5.800000000000001,-62.900000000000006,1.25,0.11,0.44
46.94022274017334,5.7,-5.300000000000001,-61.5,1.24,0.08,0.44
46.94909071922302,5.6000000000000005,-5.9,-63.1,1.27,0.07,0.43
46.9590802192688,5.800000000000001,-5.4,-62.0,1.29,0.1,0.43
46.96906232833862,5.7,-5.6000000000000005,-62.900000000000006,1.24,0.12,0.43
46.980048179626465,5.7,-5.1000000000000005,-62.6,1.22,0.1,0.43
46.989842891693115,5.800000000000001,-5.300000000000001,-62.0,1.22,0.1,0.44
46.999794006347656,5.6000000000000005,-5.4,-63.0,1.24,0.1,0.43
47.00997853279114,5.6000000000000005,-5.2,-62.2,1.22,0.1,0.44
47.01893639564514,5.5,-5.7,-63.300000000000004,1.24,0.08,0.44
47.028908252716064,5.7,-5.2,-62.7,1.26,0.09,0.43
47.0398383140564,5.6000000000000005,-5.6000000000000005,-62.900000000000006,1.25,0.11,0.43
47.049935817718506,5.7,-5.5,-62.900000000000006,1.22,0.1,0.44
47.0589120388031,5.5,-5.1000000000000005,-62.400000000000006,1.21,0.06,0.44
47.06905651092529,5.300000000000001,-5.4,-63.2,1.22,0.06,0.45
47.07985877990723,5.300000000000001,-5.6000000000000005,-61.7,1.26,0.08,0.44
47.08895778656006,5.5,-5.9,-63.5,1.29,0.05,0.42
47.098928928375244,5.5,-5.5,-62.2,1.27,0.08,0.43
47.10931968688965,5.5,-5.7,-62.0,1.24,0.11,0.44
47.119577169418335,5.7,-5.4,-63.400000000000006,1.25,0.07,0.43
47.12896966934204,5.4,-5.2,-62.300000000000004,1.24,0.08,0.44
47.14009499549866,5.6000000000000005,-5.9,-63.300000000000004,1.27,0.09,0.44
47.1497757434845,5.800000000000001,-6.1000000000000005,-61.900000000000006,1.32,0.11,0.42
47.15913724899292,5.9,-6.0,-62.900000000000006,1.32,0.12,0.4
47.16904377937317,6.0,-5.800000000000001,-62.400000000000006,1.32,0.11,0.41000000000000003
47.18007135391235,5.9,-5.9,-63.0,1.27,0.13,0.44
47.18984293937683,5.800000000000001,-5.300000000000001,-61.7,1.23,0.12,0.42
47.199785232543945,5.800000000000001,-5.2,-62.400000000000006,1.21,0.12,0.44
47.21006727218628,5.6000000000000005,-5.300000000000001,-62.800000000000004,1.22,0.08,0.43
47.21923542022705,5.300000000000001,-5.5,-63.1,1.26,0.07,0.42
47.229777812957764,5.2,-5.4,-62.1,1.26,0.07,0.43
47.23986291885376,5.2,-5.300000000000001,-62.800000000000004,1.25,0.05,0.44
47.249711990356445,5.4,-4.7,-62.5,1.16,0.06,0.46
47.258952379226685,5.4,-5.0,-62.800000000000004,1.16,0.06,0.45
47.269160747528076,5.4,-5.300000000000001,-63.400000000000006,1.25,0.08,0.43
47.27939701080322,5.4,-5.4,-62.6,1.26,0.07,0.42
47.28916549682617,5.300000000000001,-5.6000000000000005,-63.5,1.26,0.05,0.43
47.299031496047974,5.2,-5.300000000000001,-62.6,1.24,0.08,0.45
47.30995416641235,5.2,-5.4,-62.900000000000006,1.25,0.06,0.43
47.31940579414368,5.0,-5.1000000000000005,-63.0,1.24,0.03,0.43
47.3289954662323,5.0,-5.6000000000000005,-62.7,1.25,0.05,0.46
47.3396475315094,5.2,-5.4,-62.6,1.29,0.03,0.44
47.34938859939575,5.0,-5.5,-63.0,1.29,0.01,0.42
47.3590989112854,4.800000000000001,-5.5,-62.6,1.26,0.02,0.44
47.369142293930054,5.2,-5.2,-62.400000000000006,1.24,-0.0,0.46
47.37999725341797,4.9,-5.6000000000000005,-62.7,1.27,-0.0,0.44
47.38911509513855,4.800000000000001,-5.7,-62.0,1.29,0.01,0.43
47.3989315032959,5.1000000000000005,-5.6000000000000005,-62.7,1.29,0.03,0.45
47.409302949905396,5.300000000000001,-5.4,-62.7,1.26,0.05,0.45
47.419344902038574,5.0,-5.4,-62.6,1.25,0.04,0.42
47.42893052101135,5.1000000000000005,-5.5,-62.6,1.26,0.03,0.43
47.43922519683838,5.0,-5.5,-62.7,1.24,0.04,0.46
47.44990396499634,4.7,-5.2,-62.800000000000004,1.21,0.03,0.44
47.45963382720947,4.800000000000001,-5.300000000000001,-63.0,1.25,0.01,0.43
47.469165086746216,5.0,-5.4,-62.5,1.27,0.03,0.45
47.47958540916443,5.0,-5.300000000000001,-63.0,1.23,0.01,0.44
47.489341735839844,4.7,-5.0,-62.7,1.22,-0.0,0.43
47.499027490615845,4.800000000000001,-5.1000000000000005,-62.7,1.21,0.04,0.46
47.50909900665283,5.1000000000000005,-4.800000000000001,-63.0,1.21,0.04,0.46
47.51913595199585,4.800000000000001,-4.6000000000000005,-62.7,1.17,-0.0,0.44
47.5290846824646,4.4,-4.800000000000001,-62.5,1.19,-0.01,0.45
47.53918647766113,4.7,-5.2,-62.2,1.24,-0.01,0.48
47.5495879650116,4.9,-5.9,-63.1,1.32,-0.01,0.44
47.56021237373352,4.800000000000001,-5.6000000000000005,-62.2,1.36,0.01,0.4
47.5689697265625,4.7,-5.800000000000001,-62.800000000000004,1.24,-0.0,0.44
47.579466104507446,5.2,-5.4,-62.800000000000004,1.24,0.02,0.46
47.59007382392883,5.300000000000001,-5.800000000000001,-61.400000000000006,1.26,0.07,0.44
47.599859952926636,4.9,-6.0,-63.300000000000004,1.27,0.02,0.4
47.60909080505371,4.800000000000001,-5.6000000000000005,-61.900000000000006,1.32,0.03,0.43
47.619256019592285,4.6000000000000005,-6.0,-62.7,1.3,-0.02,0.44
47.629003047943115,4.2,-5.2,-62.300000000000004,1.23,-0.08,0.43
47.639036893844604,4.1000000000000005,-6.0,-62.5,1.29,-0.04,0.47000000000000003
47.65023708343506,4.4,-5.4,-62.300000000000004,1.31,-0.03,0.45
47.65963172912598,4.0,-5.1000000000000005,-62.400000000000006,1.22,-0.07,0.43
47.66929578781128,3.8000000000000003,-4.7,-62.400000000000006,1.17,-0.11,0.46
47.67968511581421,3.8000000000000003,-4.9,-63.0,1.18,-0.11,0.5
47.68940997123718,3.9000000000000004,-5.0,-63.2,1.24,-0.07,0.47000000000000003
47.699864625930786,4.1000000000000005,-4.9,-62.5,1.23,-0.05,0.44
47.70903038978577,4.5,-4.800000000000001,-62.7,1.2,-0.03,0.46
47.71948552131653,4.3,-4.800000000000001,-63.300000000000004,1.18,-0.07,0.46
47.72930097579956,3.8000000000000003,-4.800000000000001,-62.5,1.22,-0.05,0.46
47.7391676902771,4.0,-5.2,-63.800000000000004,1.26,-0.05,0.46
47.74950385093689,4.1000000000000005,-5.2,-62.2,1.26,-0.06,0.45
47.75892496109009,4.1000000000000005,-5.6000000000000005,-62.6,1.24,-0.06,0.45
47.76928949356079,4.4,-5.0,-62.300000000000004,1.24,-0.06,0.45
47.779200315475464,4.4,-5.5,-60.300000000000004,1.25,-0.02,0.46
47.78903317451477,3.9000000000000004,-5.9,-62.900000000000006,1.24,-0.12,0.44
47.79930329322815,3.5,-5.2,-61.1,1.27,-0.12,0.46
47.80914258956909,3.5,-6.0,-62.900000000000006,1.29,-0.12,0.47000000000000003
47.81895875930786,4.0,-5.5,-61.900000000000006,1.28,-0.09,0.45
47.82913303375244,4.2,-5.7,-62.5,1.32,-0.07,0.43
47.83930706977844,4.4,-5.4,-62.2,1.26,-0.03,0.44
47.8492066860199,4.4,-5.4,-62.7,1.23,-0.04,0.45
47.85917544364929,4.3,-5.2,-62.400000000000006,1.26,-0.04,0.45
47.86914038658142,4.2,-5.300000000000001,-62.6,1.26,-0.07,0.45
47.87913274765015,3.9000000000000004,-4.9,-62.7,1.21,-0.08,0.45
47.8899130821228,3.9000000000000004,-5.0,-63.1,1.21,-0.08,0.46
47.898902893066406,4.1000000000000005,-5.2,-61.1,1.22,-0.09,0.46
47.909138441085815,3.6,-4.6000000000000005,-62.6,1.19,-0.12,0.47000000000000003
47.91898822784424,3.6,-5.0,-62.400000000000006,1.2,-0.08,0.48
47.929189920425415,3.6,-4.800000000000001,-62.800000000000004,1.2,-0.13,0.46
47.939953565597534,3.3000000000000003,-4.1000000000000005,-61.900000000000006,1.2,-0.14,0.47000000000000003
47.950013399124146,3.0,-5.1000000000000005,-63.2,1.1500000000000001,-0.16,0.5
47.95918560028076,3.2,-4.6000000000000005,-62.2,1.17,-0.16,0.46
47.970152139663696,3.5,-5.2,-62.2,1.23,-0.13,0.45
47.97895669937134,3.5,-5.6000000000000005,-61.900000000000006,1.26,-0.14,0.47000000000000003
47.98903203010559,3.2,-5.6000000000000005,-62.400000000000006,1.29,-0.15,0.46
47.99884581565857,3.3000000000000003,-5.9,-62.300000000000004,1.3,-0.11,0.45
48.009413719177246,3.4000000000000004,-5.800000000000001,-63.0,1.3,-0.13,0.43
48.019089698791504,3.2,-5.2,-61.6,1.27,-0.16,0.45
48.02904033660889,3.1,-5.4,-62.7,1.22,-0.18,0.49
48.03939247131348,2.9000000000000004,-5.6000000000000005,-62.300000000000004,1.26,-0.2,0.48
48.04972004890442,3.0,-5.5,-62.2,1.34,-0.2,0.45
48.059662103652954,3.1,-5.4,-62.5,1.28,-0.19,0.46
48.06910562515259,3.2,-5.1000000000000005,-63.2,1.23,-0.16,0.48
48.080021142959595,3.1,-4.800000000000001,-62.900000000000006,1.21,-0.16,0.47000000000000003
48.089457750320435,3.4000000000000004,-5.300000000000001,-62.1,1.23,-0.15,0.46
48.098901987075806,3.2,-4.7,-63.0,1.23,-0.16,0.47000000000000003
48.10931324958801,3.2,-4.7,-62.6,1.19,-0.17,0.48
48.11897087097168,3.2,-4.800000000000001,-61.7,1.18,-0.2,0.46
48.12895393371582,2.8000000000000003,-4.3,-62.1,1.19,-0.21,0.47000000000000003
48.13950967788696,3.0,-4.4,-62.300000000000004,1.18,-0.22,0.52
48.14982342720032,2.6,-4.800000000000001,-62.7,1.1300000000000001,-0.22,0.49
48.15993809700012,2.9000000000000004,-4.4,-62.0,1.19,-0.2,0.45
48.16911697387695,3.0,-5.2,-62.6,1.23,-0.17,0.47000000000000003
48.17993497848511,3.1,-4.800000000000001,-63.0,1.19,-0.17,0.47000000000000003
48.19009470939636,3.1,-4.9,-62.5,1.19,-0.17,0.46
48.19887924194336,3.2,-5.2,-62.900000000000006,1.24,-0.18,0.47000000000000003
48.20898199081421,3.2,-5.1000000000000005,-62.2,1.24,-0.16,0.47000000000000003
48.21937036514282,3.0,-5.5,-60.6,1.29,-0.17,0.47000000000000003
48.22911477088928,2.5,-5.5,-62.400000000000006,1.25,-0.29,0.45
48.238967418670654,2.2,-5.2,-61.7,1.28,-0.28,0.5
48.249213218688965,2.2,-5.5,-62.6,1.29,-0.28,0.5
48.259928464889526,2.2,-4.800000000000001,-62.300000000000004,1.21,-0.28,0.47000000000000003
48.26904821395874,2.9000000000000004,-5.6000000000000005,-61.5,1.26,-0.23,0.47000000000000003
48.279205083847046,3.0,-5.5,-61.300000000000004,1.28,-0.18,0.47000000000000003
48.28936743736267,2.5,-5.300000000000001,-61.900000000000006,1.21,-0.21,0.45
48.2990038394928,2.4000000000000004,-4.9,-61.800000000000004,1.17,-0.25,0.47000000000000003
48.30905365943909,2.7,-4.800000000000001,-62.2,1.21,-0.23,0.51
48.31910443305969,2.1,-5.300000000000001,-62.1,1.22,-0.27,0.49
48.32898283004761,1.7000000000000002,-4.7,-61.800000000000004,1.19,-0.33,0.45
48.339213132858276,1.7000000000000002,-4.800000000000001,-62.1,1.19,-0.35000000000000003,0.49
48.3497748374939,2.0,-4.4,-61.800000000000004,1.17,-0.34,0.53
48.35979151725769,1.9000000000000001,-4.5,-62.5,1.12,-0.32,0.51
48.36921429634094,2.2,-4.1000000000000005,-62.5,1.12,-0.27,0.48
48.37905311584473,2.4000000000000004,-5.1000000000000005,-63.1,1.19,-0.24,0.48
48.38901948928833,2.5,-5.2,-62.0,1.27,-0.23,0.46
48.40020132064819,2.6,-5.1000000000000005,-62.1,1.26,-0.24,0.47000000000000003
48.40940761566162,2.5,-5.2,-62.7,1.22,-0.25,0.49
48.41900825500488,2.4000000000000004,-4.4,-62.400000000000006,1.18,-0.27,0.5
48.429418087005615,2.0,-4.9,-62.7,1.2,-0.3,0.49
48.438937187194824,2.0,-5.1000000000000005,-62.6,1.28,-0.32,0.47000000000000003
48.449259757995605,2.0,-4.800000000000001,-61.7,1.25,-0.32,0.49
48.459853172302246,2.6,-5.300000000000001,-61.5,1.24,-0.25,0.53
48.4692063331604,2.2,-5.7,-61.800000000000004,1.2,-0.31,0.44
48.479029417037964,1.9000000000000001,-4.7,-61.800000000000004,1.24,-0.29,0.46
48.489415407180786,2.2,-5.300000000000001,-62.7,1.28,-0.29,0.51
48.499926805496216,2.0,-5.0,-61.400000000000006,1.21,-0.29,0.47000000000000003
48.50886559486389,2.2,-4.9,-61.800000000000004,1.18,-0.29,0.49
48.51895070075989,2.4000000000000004,-4.800000000000001,-62.300000000000004,1.16,-0.27,0.49
48.5295627117157,2.0,-4.7,-60.0,1.19,-0.24,0.48
48.53907132148743,1.5,-5.2,-62.6,1.2,-0.38,0.46
48.54901194572449,1.2000000000000002,-4.2,-61.1,1.19,-0.42,0.52
48.55910301208496,1.3,-5.0,-62.7,1.17,-0.44,0.54
48.56960082054138,1.2000000000000002,-4.0,-62.1,1.12,-0.4,0.5
48.57899832725525,1.7000000000000002,-4.4,-62.2,1.1400000000000001,-0.36,0.5
48.58895659446716,2.4000000000000004,-4.4,-62.5,1.17,-0.27,0.51
48.598976850509644,1.9000000000000001,-4.4,-62.2,1.16,-0.26,0.47000000000000003
48.60898733139038,1.7000000000000002,-4.4,-63.0,1.16,-0.35000000000000003,0.47000000000000003
48.619054555892944,1.7000000000000002,-4.5,-62.2,1.19,-0.35000000000000003,0.53
48.63054037094116,1.2000000000000002,-4.7,-62.5,1.2,-0.4,0.53
48.63960146903992,0.8,-4.800000000000001,-61.0,1.2,-0.46,0.48
48.64899182319641,0.9,-5.2,-60.900000000000006,1.2,-0.43,0.51
48.659242153167725,1.3,-4.7,-62.0,1.21,-0.44,0.54
48.66955327987671,1.0,-5.2,-61.7,1.22,-0.46,0.48
48.67906713485718,1.1,-4.7,-60.6,1.2,-0.36,0.49
48.688963413238525,1.8,-5.2,-62.5,1.16,-0.32,0.51
48.69917058944702,1.7000000000000002,-4.800000000000001,-61.5,1.19,-0.34,0.46
48.70915865898132,1.3,-5.0,-61.5,1.24,-0.39,0.48
48.718888998031616,1.2000000000000002,-4.9,-62.1,1.22,-0.4,0.51
48.729886293411255,1.0,-4.5,-62.0,1.1500000000000001,-0.41000000000000003,0.51
48.73910737037659,0.9,-4.4,-59.900000000000006,1.16,-0.39,0.5
48.74908208847046,1.1,-5.0,-62.7,1.16,-0.48,0.51
48.760826110839844,1.4000000000000001,-4.6000000000000005,-61.900000000000006,1.22,-0.42,0.52
48.7699499130249,1.0,-5.7,-61.2,1.26,-0.42,0.47000000000000003
48.77994227409363,1.8,-5.0,-62.6,1.26,-0.37,0.5
48.78926873207092,2.1,-4.5,-62.800000000000004,1.18,-0.32,0.48
48.799299240112305,1.5,-4.1000000000000005,-62.6,1.11,-0.34,0.47000000000000003
48.80916357040405,1.8,-3.9000000000000004,-62.2,1.1400000000000001,-0.34,0.53
48.81899452209473,1.6,-4.3,-62.2,1.1300000000000001,-0.33,0.5700000000000001
48.8298237323761,0.7000000000000001,-4.3,-62.1,1.16,-0.41000000000000003,0.48
48.839704275131226,0.8,-5.0,-61.0,1.22,-0.49,0.49
48.849363565444946,0.5,-5.2,-61.300000000000004,1.22,-0.51,0.53
48.85993432998657,0.7000000000000001,-4.9,-61.400000000000006,1.2,-0.48,0.52
48.870044231414795,0.8,-4.800000000000001,-61.400000000000006,1.16,-0.44,0.48
48.87983822822571,1.2000000000000002,-4.6000000000000005,-62.0,1.1500000000000001,-0.4,0.5
48.88984251022339,1.5,-4.7,-62.0,1.16,-0.35000000000000003,0.51
48.899980783462524,1.0,-4.5,-62.300000000000004,1.16,-0.41000000000000003,0.49
48.909948110580444,0.7000000000000001,-5.0,-62.400000000000006,1.21,-0.47000000000000003,0.5
48.91989850997925,0.6000000000000001,-4.9,-61.7,1.23,-0.49,0.53
48.92910695075989,0.0,-4.4,-62.0,1.17,-0.54,0.52
48.939162492752075,0.0,-3.7,-62.2,1.08,-0.5700000000000001,0.53
48.94900369644165,0.1,-3.6,-61.900000000000006,1.06,-0.53,0.55
48.95926880836487,0.0,-4.0,-62.400000000000006,1.09,-0.53,0.55
48.9696843624115,0.4,-4.1000000000000005,-62.2,1.1300000000000001,-0.49,0.54
48.97994518280029,0.4,-4.4,-62.2,1.18,-0.48,0.52
48.98992419242859,0.7000000000000001,-4.800000000000001,-61.2,1.17,-0.47000000000000003,0.49
48.999943256378174,0.1,-4.6000000000000005,-61.5,1.1500000000000001,-0.49,0.51
49.009925842285156,0.5,-4.9,-61.800000000000004,1.16,-0.49,0.53
49.019845724105835,0.30000000000000004,-4.800000000000001,-61.400000000000006,1.19,-0.52,0.51
49.02884292602539,0.1,-4.7,-61.7,1.17,-0.53,0.5
49.03999996185303,0.0,-4.0,-62.300000000000004,1.1300000000000001,-0.54,0.53
49.049015045166016,0.1,-4.5,-61.6,1.1300000000000001,-0.54,0.55
49.05943512916565,0.2,-4.7,-62.0,1.18,-0.53,0.52
49.069289445877075,0.4,-4.9,-60.400000000000006,1.23,-0.44,0.5
49.079939126968384,0.5,-4.9,-62.2,1.16,-0.51,0.48
49.08991599082947,0.4,-4.1000000000000005,-61.6,1.1300000000000001,-0.49,0.52
49.0999276638031,0.7000000000000001,-4.4,-61.800000000000004,1.16,-0.49,0.55
49.10995388031006,0.0,-4.3,-62.300000000000004,1.1300000000000001,-0.51,0.51
49.11981749534607,0.30000000000000004,-4.6000000000000005,-62.5,1.1400000000000001,-0.51,0.51
49.12887001037598,0.4,-4.1000000000000005,-61.7,1.17,-0.51,0.52
49.13989329338074,0.30000000000000004,-4.2,-62.300000000000004,1.1300000000000001,-0.51,0.54
49.14908409118652,0.30000000000000004,-4.1000000000000005,-62.300000000000004,1.11,-0.49,0.53
49.159266233444214,0.30000000000000004,-4.4,-62.2,1.16,-0.49,0.52
49.169570207595825,0.30000000000000004,-4.7,-62.2,1.21,-0.5,0.52
49.17905616760254,0.0,-5.1000000000000005,-60.800000000000004,1.22,-0.53,0.5
49.18900179862976,0.0,-4.6000000000000005,-61.7,1.21,-0.53,0.52
49.199127435684204,0.1,-4.7,-62.400000000000006,1.19,-0.53,0.55
49.20993256568909,0.2,-4.6000000000000005,-62.0,1.18,-0.52,0.53
49.21888566017151,0.1,-4.800000000000001,-61.400000000000006,1.17,-0.54,0.52
49.22949838638306,-0.1,-4.3,-62.5,1.1500000000000001,-0.53,0.54
49.23968029022217,-0.30000000000000004,-4.1000000000000005,-59.900000000000006,1.16,-0.54,0.52
49.24912619590759,-0.6000000000000001,-4.5,-62.2,1.1,-0.65,0.52
49.25929117202759,-0.1,-3.6,-62.0,1.07,-0.6,0.5700000000000001
49.27027368545532,-0.30000000000000004,-3.9000000000000004,-61.900000000000006,1.04,-0.58,0.5700000000000001
49.280157804489136,-0.5,-4.1000000000000005,-62.400000000000006,1.1,-0.59,0.52
49.289926052093506,-0.1,-4.6000000000000005,-62.400000000000006,1.2,-0.58,0.52
49.29982328414917,0.0,-4.1000000000000005,-61.800000000000004,1.1500000000000001,-0.55,0.53
49.30999827384949,-0.5,-3.8000000000000003,-62.300000000000004,1.04,-0.61,0.53
49.31987547874451,-0.6000000000000001,-3.6,-62.7,1.07,-0.62,0.56
49.328959941864014,-0.4,-3.7,-62.0,1.11,-0.61,0.56
49.339454889297485,-0.9,-3.7,-62.1,1.06,-0.64,0.55
49.34912419319153,-0.8,-3.9000000000000004,-62.2,1.12,-0.61,0.55
49.3589506149292,-0.6000000000000001,-4.3,-62.300000000000004,1.11,-0.68,0.55
49.36928677558899,-0.8,-3.4000000000000004,-61.900000000000006,1.08,-0.62,0.58
49.38007879257202,-0.7000000000000001,-3.8000000000000003,-62.0,1.07,-0.62,0.5700000000000001
49.389854431152344,-0.7000000000000001,-4.6000000000000005,-61.900000000000006,1.1500000000000001,-0.62,0.53
49.399832010269165,-0.2,-4.6000000000000005,-61.0,1.2,-0.6,0.53
49.410404205322266,-0.5,-5.0,-62.0,1.16,-0.6,0.52
49.42013168334961,-0.4,-4.6000000000000005,-61.7,1.18,-0.58,0.51
49.429864168167114,-0.6000000000000001,-5.2,-62.1,1.24,-0.58,0.53
49.43965673446655,-0.6000000000000001,-4.7,-61.7,1.19,-0.62,0.54
49.44935965538025,-1.0,-4.2,-61.800000000000004,1.11,-0.68,0.54
49.45915675163269,-0.8,-3.8000000000000003,-61.900000000000006,1.1,-0.67,0.54
49.46942663192749,-0.5,-4.1000000000000005,-62.1,1.11,-0.61,0.5700000000000001
49.48019576072693,-0.4,-4.1000000000000005,-61.900000000000006,1.09,-0.5700000000000001,0.54
49.489851236343384,-0.5,-4.1000000000000005,-62.0,1.1300000000000001,-0.5700000000000001,0.52
49.499802112579346,-0.30000000000000004,-4.5,-62.400000000000006,1.1500000000000001,-0.6,0.53
49.50997543334961,-0.30000000000000004,-4.4,-62.1,1.1500000000000001,-0.6,0.54
49.51905369758606,-0.9,-4.5,-62.1,1.1500000000000001,-0.66,0.53
49.52888035774231,-1.0,-3.8000000000000003,-61.900000000000006,1.1400000000000001,-0.64,0.55
49.540016889572144,-0.8,-3.8000000000000003,-62.5,1.06,-0.61,0.58
49.549957275390625,-0.8,-3.7,-61.400000000000006,1.02,-0.62,0.54
49.558990240097046,-1.0,-3.8000000000000003,-61.800000000000004,1.08,-0.65,0.5700000000000001
49.5691704750061,-0.9,-3.8000000000000003,-62.1,1.1,-0.66,0.58
49.57931995391846,-1.4000000000000001,-3.9000000000000004,-61.800000000000004,1.1300000000000001,-0.68,0.54
49.589258432388306,-1.4000000000000001,-4.2,-61.900000000000006,1.12,-0.71,0.55
49.598933696746826,-1.0,-4.1000000000000005,-62.0,1.1,-0.64,0.61
49.60909700393677,-1.1,-3.9000000000000004,-61.900000000000006,1.07,-0.65,0.55
49.61907505989075,-1.7000000000000002,-4.0,-61.7,1.09,-0.6900000000000001,0.51
49.62899351119995,-1.4000000000000001,-4.4,-62.2,1.1500000000000001,-0.72,0.55
49.639174699783325,-1.6,-4.9,-62.1,1.19,-0.73,0.5700000000000001
49.65041255950928,-1.9000000000000001,-4.7,-62.0,1.2,-0.78,0.54
49.65924382209778,-1.9000000000000001,-4.3,-62.1,1.1500000000000001,-0.76,0.55
49.669230699539185,-1.8,-3.9000000000000004,-62.0,1.09,-0.73,0.56
49.67921733856201,-1.5,-3.5,-62.6,1.03,-0.72,0.59
49.68938851356506,-1.3,-3.9000000000000004,-61.900000000000006,1.07,-0.71,0.58
49.69900870323181,-1.6,-3.7,-62.0,1.11,-0.7000000000000001,0.55
49.70947289466858,-1.2000000000000002,-3.7,-62.300000000000004,1.07,-0.67,0.56
49.71899676322937,-1.2000000000000002,-3.3000000000000003,-62.400000000000006,1.01,-0.66,0.56
49.72915816307068,-1.2000000000000002,-3.5,-62.5,1.02,-0.7000000000000001,0.5700000000000001
49.739346981048584,-1.6,-3.7,-62.5,1.09,-0.6900000000000001,0.59
49.74942755699158,-1.6,-3.7,-62.0,1.11,-0.7000000000000001,0.5700000000000001
49.76043486595154,-1.5,-4.0,-62.2,1.08,-0.6900000000000001,0.54
49.769232749938965,-0.9,-3.7,-61.7,1.05,-0.68,0.5700000000000001
49.779446601867676,-1.2000000000000002,-4.0,-61.800000000000004,1.07,-0.66,0.56
49.78894591331482,-1.5,-3.8000000000000003,-62.1,1.09,-0.72,0.55
49.799057960510254,-1.5,-4.1000000000000005,-62.1,1.1,-0.74,0.55
49.80959224700928,-1.2000000000000002,-4.1000000000000005,-61.7,1.1300000000000001,-0.67,0.56
49.81888794898987,-1.3,-4.5,-62.2,1.1,-0.68,0.56
49.82980155944824,-1.6,-4.0,-62.0,1.12,-0.6900000000000001,0.53
49.8395779132843,-1.6,-4.1000000000000005,-62.2,1.12,-0.71,0.56
49.84917736053467,-1.5,-4.0,-62.0,1.09,-0.74,0.56
49.859251260757446,-1.6,-4.1000000000000005,-62.2,1.1,-0.73,0.58
49.8695285320282,-1.8,-4.3,-62.0,1.11,-0.72,0.58
49.87913417816162,-2.1,-4.2,-62.300000000000004,1.1300000000000001,-0.74,0.54
49.88900446891785,-1.9000000000000001,-4.3,-62.1,1.1500000000000001,-0.78,0.55
49.899497985839844,-2.1,-4.3,-62.6,1.1300000000000001,-0.77,0.58
49.90925168991089,-2.4000000000000004,-3.6,-61.800000000000004,1.06,-0.81,0.5700000000000001
49.91898012161255,-2.6,-3.6,-62.400000000000006,1.05,-0.79,0.6
49.929495334625244,-2.3000000000000003,-3.2,-62.2,1.02,-0.78,0.6
49.93924164772034,-2.3000000000000003,-3.5,-62.800000000000004,1.02,-0.8,0.56
49.949490547180176,-2.3000000000000003,-3.6,-62.0,1.06,-0.81,0.58
49.96002388000488,-2.6,-3.9000000000000004,-62.5,1.08,-0.8,0.59
49.97005915641785,-2.2,-2.9000000000000004,-62.300000000000004,0.99,-0.79,0.5700000000000001
49.979878425598145,-2.4000000000000004,-3.6,-63.400000000000006,1.01,-0.78,0.58
49.98952531814575,-2.1,-3.4000000000000004,-62.300000000000004,1.04,-0.77,0.6
49.99901556968689,-2.6,-3.8000000000000003,-62.900000000000006,1.06,-0.78,0.5700000000000001
50.00956416130066,-2.5,-3.5,-62.5,1.06,-0.8,0.56
50.01916289329529,-2.5,-3.6,-62.900000000000006,1.1,-0.77,0.6
50.0292284488678,-2.2,-3.6,-62.400000000000006,1.01,-0.8200000000000001,0.58
50.03942012786865,-2.3000000000000003,-2.8000000000000003,-62.400000000000006,0.96,-0.79,0.61
50.0493848323822,-2.6,-3.0,-62.2,0.97,-0.81,0.61
50.05902934074402,-2.6,-3.4000000000000004,-62.7,1.04,-0.8200000000000001,0.58
50.0691351890564,-2.5,-4.2,-63.1,1.11,-0.78,0.58
50.08002829551697,-2.3000000000000003,-4.0,-62.0,1.12,-0.79,0.56
50.08996081352234,-2.5,-4.0,-62.800000000000004,1.1300000000000001,-0.79,0.5700000000000001
50.09989905357361,-2.0,-3.8000000000000003,-62.800000000000004,1.06,-0.77,0.58
50.11004400253296,-1.8,-3.9000000000000004,-62.7,1.04,-0.75,0.58
50.11992001533508,-2.1,-4.1000000000000005,-62.1,1.11,-0.79,0.56
50.129486322402954,-2.5,-4.3,-62.7,1.16,-0.8,0.56
50.139188051223755,-2.2,-3.7,-62.400000000000006,1.09,-0.78,0.58
50.14985227584839,-2.3000000000000003,-3.9000000000000004,-62.900000000000006,1.04,-0.77,0.5700000000000001
50.159000873565674,-2.3000000000000003,-4.0,-62.6,1.08,-0.79,0.58
50.169103145599365,-2.7,-4.1000000000000005,-62.6,1.1300000000000001,-0.81,0.58
50.180158615112305,-3.0,-4.1000000000000005,-62.6,1.1300000000000001,-0.8300000000000001,0.56
50.18948245048523,-3.3000000000000003,-3.9000000000000004,-62.7,1.1,-0.86,0.56
50.19895267486572,-2.8000000000000003,-3.6,-62.7,1.07,-0.85,0.61
50.209100008010864,-2.5,-3.6,-63.0,1.02,-0.81,0.61
50.21924376487732,-2.8000000000000003,-3.3000000000000003,-62.6,0.99,-0.8200000000000001,0.56
50.22961449623108,-2.6,-3.1,-62.400000000000006,1.03,-0.81,0.59
50.239272356033325,-2.5,-3.3000000000000003,-62.7,1.02,-0.79,0.62
50.249969244003296,-2.7,-2.8000000000000003,-62.900000000000006,0.97,-0.79,0.58
50.2592556476593,-2.7,-2.9000000000000004,-63.0,0.99,-0.8200000000000001,0.58
50.269519329071045,-2.8000000000000003,-3.1,-63.0,0.98,-0.84,0.61
50.279098987579346,-2.9000000000000004,-3.0,-63.0,0.99,-0.84,0.61
50.28910231590271,-3.1,-3.1,-62.2,0.99,-0.86,0.6
50.298951148986816,-3.1,-3.1,-62.800000000000004,1.0,-0.85,0.61
50.30892014503479,-3.0,-3.1,-62.6,0.98,-0.85,0.62
50.319135427474976,-3.4000000000000004,-3.3000000000000003,-63.400000000000006,1.01,-0.88,0.6
50.32894778251648,-3.6,-3.8000000000000003,-63.1,1.05,-0.92,0.6
50.3394889831543,-3.6,-3.8000000000000003,-63.300000000000004,1.06,-0.9500000000000001,0.6
50.34991645812988,-3.6,-3.2,-62.900000000000006,1.05,-0.9400000000000001,0.61
50.35947060585022,-3.6,-3.8000000000000003,-63.0,1.02,-0.93,0.61
50.36984467506409,-3.3000000000000003,-3.4000000000000004,-63.2,1.03,-0.89,0.61
50.37913227081299,-3.4000000000000004,-3.8000000000000003,-63.7,1.06,-0.88,0.6
50.38977932929993,-3.4000000000000004,-3.7,-63.0,1.07,-0.89,0.5700000000000001
50.39894676208496,-3.2,-3.7,-63.400000000000006,1.08,-0.86,0.6
50.40908145904541,-2.9000000000000004,-3.7,-63.0,1.04,-0.85,0.61
50.41910219192505,-2.9000000000000004,-3.2,-63.300000000000004,1.05,-0.81,0.59
50.4290235042572,-3.2,-3.7,-63.0,1.02,-0.85,0.58
50.439326763153076,-3.3000000000000003,-3.1,-62.800000000000004,1.02,-0.88,0.6
50.45086169242859,-3.0,-3.3000000000000003,-63.2,1.04,-0.87,0.63
50.45927977561951,-3.4000000000000004,-3.6,-63.5,1.01,-0.89,0.59
50.46908903121948,-3.3000000000000003,-2.8000000000000003,-62.5,0.97,-0.86,0.6
50.47900938987732,-3.2,-3.1,-63.1,1.0,-0.84,0.62
50.48927330970764,-3.1,-3.2,-63.0,1.04,-0.85,0.58
50.49902844429016,-2.9000000000000004,-2.9000000000000004,-63.400000000000006,1.0,-0.8200000000000001,0.61
50.50894522666931,-2.8000000000000003,-3.2,-63.800000000000004,0.9400000000000001,-0.79,0.62
50.519103050231934,-3.2,-2.8000000000000003,-63.300000000000004,0.97,-0.84,0.58
50.52912735939026,-3.5,-3.1,-63.1,1.06,-0.89,0.6
50.539608001708984,-3.7,-3.9000000000000004,-63.400000000000006,1.05,-0.93,0.62
50.549495697021484,-3.6,-3.1,-63.5,1.02,-0.91,0.61
50.55958557128906,-3.4000000000000004,-3.5,-63.5,1.01,-0.89,0.61
50.56926369667053,-3.5,-3.2,-63.400000000000006,1.0,-0.87,0.6
50.57905030250549,-3.5,-3.0,-63.1,1.02,-0.89,0.59
50.589919567108154,-3.6,-3.6,-63.7,1.03,-0.9,0.62
50.598931074142456,-3.8000000000000003,-3.2,-63.400000000000006,1.02,-0.92,0.61
50.60896825790405,-4.0,-3.5,-63.2,1.03,-0.97,0.61
50.61941933631897,-4.1000000000000005,-3.1,-63.0,1.02,-0.98,0.62
50.629199266433716,-4.3,-3.1,-63.300000000000004,0.98,-0.98,0.63
50.639075756073,-4.1000000000000005,-3.0,-63.2,0.98,-0.98,0.63
50.64941358566284,-4.0,-3.0,-63.7,0.97,-0.93,0.64
50.65946102142334,-3.9000000000000004,-2.9000000000000004,-63.7,0.97,-0.9400000000000001,0.59
50.66967725753784,-3.7,-2.7,-63.6,0.96,-0.91,0.62
50.67901277542114,-3.9000000000000004,-2.4000000000000004,-63.900000000000006,0.9400000000000001,-0.92,0.62
50.689129114151,-4.1000000000000005,-3.0,-63.800000000000004,0.9400000000000001,-0.99,0.62
50.69965839385986,-4.3,-2.8000000000000003,-63.6,0.98,-0.99,0.64
50.70981979370117,-4.5,-3.2,-64.0,1.01,-1.0,0.63
50.719823598861694,-4.3,-2.9000000000000004,-63.6,1.03,-0.98,0.6
50.72931504249573,-4.2,-3.1,-63.800000000000004,0.98,-0.9500000000000001,0.61
50.73944878578186,-4.0,-2.5,-63.7,0.96,-0.91,0.62
50.749988079071045,-3.8000000000000003,-2.8000000000000003,-63.900000000000006,0.93,-0.9,0.64
50.75971984863281,-3.8000000000000003,-2.5,-63.800000000000004,0.93,-0.91,0.62
50.76918625831604,-3.9000000000000004,-2.7,-63.6,0.97,-0.9,0.61
50.77904796600342,-3.9000000000000004,-3.0,-63.6,1.0,-0.92,0.61
50.78899621963501,-3.9000000000000004,-2.8000000000000003,-63.400000000000006,0.99,-0.92,0.61
50.799193143844604,-3.7,-2.8000000000000003,-63.400000000000006,0.9500000000000001,-0.92,0.63
50.80901646614075,-3.2,-2.7,-63.800000000000004,0.9500000000000001,-0.85,0.65
50.8192572593689,-3.2,-2.5,-63.400000000000006,0.92,-0.85,0.59
50.82964253425598,-3.3000000000000003,-2.8000000000000003,-63.300000000000004,0.96,-0.86,0.59
50.838987827301025,-4.0,-3.3000000000000003,-63.5,1.04,-0.9500000000000001,0.62
50.84914517402649,-4.0,-2.9000000000000004,-63.0,1.01,-0.98,0.62
50.86021828651428,-4.4,-2.9000000000000004,-63.7,0.99,-0.97,0.62
50.86982798576355,-4.4,-3.3000000000000003,-64.3,0.99,-0.96,0.62
50.87990593910217,-4.0,-3.1,-63.6,1.0,-0.9400000000000001,0.62
50.889514684677124,-4.0,-3.2,-63.800000000000004,1.0,-0.93,0.62
50.90001058578491,-4.2,-2.8000000000000003,-64.0,0.99,-0.9400000000000001,0.61
50.90889835357666,-4.4,-3.2,-63.800000000000004,0.98,-1.0,0.62
50.91889786720276,-4.3,-2.9000000000000004,-63.800000000000004,1.0,-0.99,0.65
50.92979860305786,-4.800000000000001,-3.1,-64.10000000000001,1.0,-1.0,0.62
50.93893384933472,-4.9,-3.1,-64.0,0.99,-1.03,0.62
50.9493305683136,-4.800000000000001,-3.1,-64.0,1.0,-1.04,0.64
50.95979189872742,-4.6000000000000005,-3.1,-64.10000000000001,1.0,-1.0,0.65
50.97008204460144,-4.7,-2.6,-64.0,0.9400000000000001,-1.0,0.62
50.97989797592163,-4.7,-2.2,-64.10000000000001,0.91,-1.0,0.63
50.98913097381592,-4.5,-2.1,-64.10000000000001,0.89,-0.98,0.66
50.99947237968445,-4.4,-1.8,-63.7,0.84,-0.99,0.64
51.00896763801575,-4.5,-1.7000000000000002,-64.3,0.88,-0.98,0.64
51.01896405220032,-4.4,-2.2,-63.800000000000004,0.87,-1.01,0.64
51.02939581871033,-4.3,-1.8,-63.900000000000006,0.88,-0.98,0.64
51.03928780555725,-4.6000000000000005,-2.1,-64.2,0.89,-0.98,0.63
51.04903554916382,-4.5,-2.3000000000000003,-64.3,0.91,-1.0,0.64
51.059468269348145,-4.4,-2.5,-64.3,0.9400000000000001,-0.99,0.64
51.06913614273071,-4.7,-2.7,-64.3,0.9400000000000001,-1.02,0.62
51.07903575897217,-4.5,-2.6,-63.900000000000006,0.96,-1.02,0.64
51.08910775184631,-4.6000000000000005,-2.8000000000000003,-64.0,0.97,-1.02,0.64
51.100407123565674,-4.6000000000000005,-2.8000000000000003,-64.10000000000001,0.96,-1.0,0.63
51.10899257659912,-4.5,-2.5,-63.800000000000004,0.9400000000000001,-0.99,0.63
51.11894869804382,-4.3,-2.6,-63.800000000000004,0.93,-0.97,0.64
51.12975335121155,-4.4,-2.6,-63.900000000000006,0.93,-0.97,0.63
51.14015865325928,-4.4,-2.5,-63.7,0.9500000000000001,-0.99,0.62
51.148964166641235,-4.3,-2.7,-63.800000000000004,0.97,-0.99,0.64
51.15903115272522,-4.1000000000000005,-2.6,-64.10000000000001,0.9500000000000001,-0.9500000000000001,0.65
51.169617891311646,-4.2,-2.3000000000000003,-63.800000000000004,0.91,-0.9500000000000001,0.6
51.17912006378174,-4.1000000000000005,-2.7,-64.0,0.9400000000000001,-0.9400000000000001,0.63
51.18903374671936,-4.1000000000000005,-2.6,-63.800000000000004,0.9500000000000001,-0.97,0.64
51.1991183757782,-4.3,-2.5,-64.2,0.93,-0.96,0.63
51.20918679237366,-4.4,-2.2,-63.800000000000004,0.9,-0.98,0.62
51.21898818016052,-4.6000000000000005,-2.3000000000000003,-64.0,0.92,-1.02,0.65
51.230037212371826,-4.7,-2.4000000000000004,-64.2,0.92,-1.02,0.65
51.23980236053467,-4.800000000000001,-2.3000000000000003,-64.2,0.9,-1.02,0.63
51.249268531799316,-4.800000000000001,-2.4000000000000004,-64.3,0.91,-1.01,0.64
51.25916814804077,-4.800000000000001,-2.7,-64.3,0.9500000000000001,-1.02,0.64
51.26955795288086,-5.0,-2.5,-64.3,0.9500000000000001,-1.03,0.63
51.279608726501465,-5.1000000000000005,-2.2,-64.3,0.91,-1.05,0.64
51.289087772369385,-5.0,-2.2,-64.5,0.88,-1.05,0.66
51.299562215805054,-4.9,-1.8,-64.2,0.85,-1.05,0.67
51.30933856964111,-5.300000000000001,-1.7000000000000002,-64.4,0.84,-1.07,0.65
51.31904053688049,-5.1000000000000005,-1.5,-64.0,0.84,-1.08,0.66
51.32931399345398,-5.2,-1.9000000000000001,-64.7,0.85,-1.05,0.67
51.33972644805908,-5.1000000000000005,-2.0,-64.4,0.85,-1.06,0.65
51.34906482696533,-5.1000000000000005,-1.9000000000000001,-64.5,0.87,-1.05,0.66
51.35984396934509,-5.1000000000000005,-2.0,-64.60000000000001,0.87,-1.06,0.64
51.36955213546753,-5.4,-1.9000000000000001,-64.5,0.87,-1.07,0.66
51.37997841835022,-5.4,-1.9000000000000001,-64.3,0.86,-1.1,0.66
51.38900661468506,-5.7,-2.1,-64.60000000000001,0.86,-1.12,0.67
51.3997540473938,-5.9,-2.3000000000000003,-64.60000000000001,0.89,-1.1300000000000001,0.66
51.40950679779053,-5.7,-2.6,-64.4,0.97,-1.12,0.66
51.41908264160156,-5.4,-2.7,-64.3,0.9500000000000001,-1.1,0.65
51.42949342727661,-5.2,-2.7,-64.5,0.93,-1.06,0.64
51.43917965888977,-4.9,-2.1,-64.0,0.92,-1.02,0.64
51.44925117492676,-4.800000000000001,-2.2,-64.2,0.9,-1.01,0.64
51.45895290374756,-4.9,-2.1,-64.3,0.89,-1.02,0.65
51.46928071975708,-4.800000000000001,-2.4000000000000004,-64.2,0.9,-1.03,0.65
51.4793119430542,-4.800000000000001,-2.3000000000000003,-64.10000000000001,0.91,-1.02,0.64
51.4888961315155,-4.6000000000000005,-1.9000000000000001,-64.0,0.9400000000000001,-1.0,0.63
51.49896192550659,-4.6000000000000005,-2.0,-64.4,0.88,-0.99,0.64
51.50929880142212,-4.3,-1.6,-64.10000000000001,0.81,-0.98,0.65
51.51896262168884,-4.3,-1.1,-64.4,0.78,-0.96,0.66
51.52899241447449,-4.3,-1.4000000000000001,-64.2,0.8300000000000001,-0.96,0.65
51.53964376449585,-4.2,-2.2,-64.2,0.88,-0.96,0.64
51.549060106277466,-4.3,-1.6,-63.900000000000006,0.88,-0.96,0.62
51.55896544456482,-4.6000000000000005,-1.6,-64.9,0.84,-0.97,0.64
51.56904625892639,-4.7,-1.7000000000000002,-64.5,0.8,-1.02,0.66
51.579938650131226,-5.2,-1.5,-64.4,0.8300000000000001,-1.06,0.66
51.58983826637268,-5.5,-1.6,-64.5,0.85,-1.08,0.66
51.599889039993286,-5.4,-2.0,-64.60000000000001,0.87,-1.09,0.66
51.609856843948364,-5.300000000000001,-2.0,-64.4,0.88,-1.07,0.66
51.6189980506897,-5.4,-2.2,-64.60000000000001,0.91,-1.07,0.64
51.6290168762207,-5.4,-2.4000000000000004,-64.8,0.9500000000000001,-1.08,0.64
51.63926434516907,-5.7,-2.4000000000000004,-64.60000000000001,0.9,-1.12,0.65
51.64985680580139,-5.7,-1.7000000000000002,-64.4,0.88,-1.12,0.67
51.65999460220337,-5.800000000000001,-1.6,-64.9,0.84,-1.12,0.67
51.67030668258667,-5.9,-1.5,-64.4,0.8,-1.1400000000000001,0.67
51.68005704879761,-5.5,-1.5,-64.4,0.84,-1.11,0.68
51.68989109992981,-5.4,-1.5,-64.7,0.85,-1.07,0.65
51.69979190826416,-5.1000000000000005,-1.4000000000000001,-64.9,0.8,-1.05,0.65
51.70892381668091,-5.0,-0.6000000000000001,-64.4,0.77,-1.03,0.66
51.71896195411682,-5.2,-1.2000000000000002,-64.9,0.77,-1.05,0.67
51.72909212112427,-5.1000000000000005,-0.8,-64.9,0.75,-1.05,0.67
51.73928093910217,-5.2,-0.8,-64.9,0.74,-1.06,0.67
51.74911046028137,-5.0,-0.6000000000000001,-64.7,0.75,-1.02,0.68
51.759222984313965,-4.800000000000001,-0.6000000000000001,-64.9,0.75,-0.99,0.65
51.76940155029297,-4.800000000000001,-1.2000000000000002,-65.0,0.78,-0.99,0.65
51.7795467376709,-4.800000000000001,-1.2000000000000002,-64.5,0.8,-1.02,0.66
51.78952765464783,-4.9,-0.9,-64.5,0.8200000000000001,-1.02,0.66
51.79968190193176,-5.1000000000000005,-1.4000000000000001,-64.8,0.81,-1.05,0.65
51.80889940261841,-5.1000000000000005,-1.2000000000000002,-64.5,0.8,-1.04,0.66
51.81885242462158,-5.2,-1.6,-64.5,0.8300000000000001,-1.06,0.66
51.8298761844635,-5.300000000000001,-1.8,-64.5,0.87,-1.07,0.65
51.838961601257324,-5.4,-2.0,-64.2,0.89,-1.08,0.66
51.84899091720581,-5.4,-2.4000000000000004,-64.9,0.93,-1.09,0.66
51.85924029350281,-5.6000000000000005,-2.5,-64.7,0.93,-1.1,0.64
51.86951041221619,-5.4,-2.2,-64.5,0.9400000000000001,-1.08,0.65
51.8790762424469,-5.800000000000001,-2.6,-64.8,0.93,-1.12,0.64
51.889004707336426,-5.800000000000001,-2.5,-64.60000000000001,0.96,-1.1400000000000001,0.66
51.89902377128601,-5.800000000000001,-2.6,-64.8,0.96,-1.1400000000000001,0.66
51.909040451049805,-5.7,-2.0,-64.60000000000001,0.91,-1.12,0.65
51.91894721984863,-5.6000000000000005,-1.7000000000000002,-64.4,0.8300000000000001,-1.09,0.66
51.92971181869507,-5.300000000000001,-1.4000000000000001,-64.9,0.8300000000000001,-1.06,0.66
51.939552307128906,-5.800000000000001,-1.6,-65.2,0.8300000000000001,-1.1,0.67
51.949059009552,-5.800000000000001,-1.0,-64.5,0.8,-1.12,0.67
51.95921802520752,-5.6000000000000005,-0.7000000000000001,-64.60000000000001,0.76,-1.11,0.67
51.969611406326294,-5.4,-0.7000000000000001,-65.2,0.73,-1.07,0.68
51.97922658920288,-5.2,-0.5,-64.60000000000001,0.73,-1.05,0.67
51.98903250694275,-5.4,-1.1,-65.4,0.76,-1.05,0.67
51.99902844429016,-5.5,-0.8,-64.60000000000001,0.76,-1.09,0.68
52.009074687957764,-5.800000000000001,-0.9,-64.9,0.77,-1.1300000000000001,0.6900000000000001
52.018975019454956,-6.0,-0.6000000000000001,-64.7,0.75,-1.1500000000000001,0.68
52.02939462661743,-6.0,-0.7000000000000001,-64.9,0.74,-1.1400000000000001,0.6900000000000001
52.0405547618866,-5.800000000000001,-0.8,-65.0,0.77,-1.12,0.6900000000000001
52.04903197288513,-5.7,-1.4000000000000001,-64.5,0.8,-1.1,0.66
52.059279441833496,-5.7,-1.4000000000000001,-64.4,0.85,-1.1,0.66
52.069642066955566,-5.800000000000001,-1.7000000000000002,-64.60000000000001,0.87,-1.12,0.65
52.079304218292236,-5.9,-1.6,-64.9,0.86,-1.1300000000000001,0.67
52.089900732040405,-5.7,-1.2000000000000002,-64.3,0.79,-1.1300000000000001,0.68
52.09973692893982,-5.800000000000001,-1.3,-64.7,0.8,-1.11,0.68
52.110042572021484,-5.800000000000001,-1.6,-64.60000000000001,0.85,-1.12,0.67
52.11904311180115,-5.7,-1.7000000000000002,-64.5,0.88,-1.11,0.65
52.129152059555054,-5.4,-1.6,-64.5,0.88,-1.08,0.66
52.14060187339783,-5.300000000000001,-1.4000000000000001,-64.60000000000001,0.8200000000000001,-1.06,0.66
52.14905095100403,-5.4,-1.2000000000000002,-64.9,0.8,-1.06,0.66
52.16006350517273,-5.300000000000001,-1.5,-64.3,0.81,-1.06,0.68
52.16973280906677,-5.300000000000001,-1.3,-64.4,0.84,-1.08,0.66
52.17996263504028,-5.300000000000001,-1.0,-64.4,0.8200000000000001,-1.06,0.66
52.190120220184326,-5.0,-0.7000000000000001,-64.2,0.75,-1.04,0.66
52.19986057281494,-5.2,-0.8,-65.2,0.76,-1.02,0.67
52.21011281013489,-5.1000000000000005,-0.9,-64.8,0.78,-1.05,0.67
52.22001600265503,-5.300000000000001,-0.6000000000000001,-64.10000000000001,0.76,-1.06,0.67
52.22904920578003,-5.5,-0.6000000000000001,-64.60000000000001,0.76,-1.08,0.68
52.239373445510864,-5.6000000000000005,-1.2000000000000002,-65.10000000000001,0.8,-1.1,0.67
52.24996328353882,-5.7,-0.7000000000000001,-64.4,0.79,-1.1300000000000001,0.68
52.25895547866821,-5.9,-1.0,-64.8,0.76,-1.1300000000000001,0.68
52.26935434341431,-5.800000000000001,-0.6000000000000001,-64.7,0.77,-1.1400000000000001,0.68
52.27899956703186,-5.7,-1.0,-64.8,0.77,-1.11,0.6900000000000001
52.28898048400879,-6.0,-0.9,-64.8,0.79,-1.12,0.68
52.298922538757324,-6.300000000000001,-1.2000000000000002,-64.7,0.79,-1.19,0.68
52.30979871749878,-6.300000000000001,-1.5,-65.0,0.86,-1.17,0.6900000000000001
52.31914925575256,-6.300000000000001,-1.4000000000000001,-64.60000000000001,0.8300000000000001,-1.19,0.66
52.32891273498535,-6.7,-1.2000000000000002,-64.9,0.84,-1.21,0.66
52.33931040763855,-6.4,-1.6,-65.0,0.86,-1.21,0.7000000000000001
52.34978413581848,-5.7,-1.3,-64.8,0.8300000000000001,-1.1300000000000001,0.6900000000000001
52.359676122665405,-5.9,-0.6000000000000001,-64.5,0.78,-1.1,0.64
52.369240045547485,-6.0,-1.0,-65.3,0.77,-1.11,0.66
52.37903165817261,-5.5,-0.8,-64.3,0.8,-1.11,0.6900000000000001
52.38922739028931,-5.5,-1.1,-64.60000000000001,0.8200000000000001,-1.09,0.68
52.39896011352539,-5.4,-0.7000000000000001,-64.5,0.78,-1.08,0.64
52.40925312042236,-5.300000000000001,-0.5,-65.0,0.76,-1.06,0.66
52.4191415309906,-5.1000000000000005,-0.6000000000000001,-64.2,0.75,-1.05,0.68
52.429251194000244,-5.1000000000000005,-0.30000000000000004,-64.8,0.74,-1.04,0.68
52.43903684616089,-5.2,-0.0,-64.60000000000001,0.68,-1.05,0.6900000000000001
52.44993543624878,-5.0,-0.0,-64.4,0.65,-1.05,0.71
52.459033727645874,-5.0,-0.0,-64.5,0.67,-1.04,0.6900000000000001
52.469664573669434,-5.4,-0.2,-64.4,0.73,-1.05,0.66
52.48007416725159,-5.5,-0.8,-64.60000000000001,0.78,-1.08,0.66
52.49001169204712,-5.6000000000000005,-1.0,-65.0,0.8300000000000001,-1.09,0.66
52.49988842010498,-5.6000000000000005,-1.3,-64.4,0.8200000000000001,-1.09,0.67
52.50995993614197,-5.6000000000000005,-0.9,-64.7,0.79,-1.09,0.66
52.51995396614075,-5.800000000000001,-0.9,-64.8,0.8,-1.1,0.68
52.52918887138367,-6.1000000000000005,-1.1,-64.5,0.8,-1.17,0.68
52.53929162025452,-6.6000000000000005,-1.4000000000000001,-64.4,0.84,-1.21,0.68
52.54991698265076,-6.7,-1.9000000000000001,-64.8,0.88,-1.23,0.6900000000000001
52.559866189956665,-6.800000000000001,-1.7000000000000002,-64.60000000000001,0.87,-1.26,0.68
52.56998157501221,-6.7,-1.2000000000000002,-64.3,0.86,-1.23,0.68
52.57982110977173,-6.7,-1.6,-64.3,0.87,-1.2,0.67
52.5898802280426,-6.2,-1.2000000000000002,-64.7,0.85,-1.1500000000000001,0.67
52.59905195236206,-5.800000000000001,-0.8,-64.60000000000001,0.77,-1.1300000000000001,0.68
52.60900902748108,-5.6000000000000005,-0.2,-64.10000000000001,0.71,-1.1,0.68
52.61988425254822,-5.7,-0.30000000000000004,-64.2,0.6900000000000001,-1.12,0.6900000000000001
52.628987550735474,-5.4,-0.0,-64.7,0.72,-1.07,0.71
52.63927364349365,-5.7,0.30000000000000004,-64.4,0.67,-1.12,0.66
52.65068292617798,-5.6000000000000005,0.2,-65.0,0.65,-1.09,0.68
52.65911316871643,-4.800000000000001,0.4,-64.8,0.67,-1.02,0.71
52.66920232772827,-4.800000000000001,0.4,-64.4,0.59,-0.97,0.7000000000000001
52.679545640945435,-4.7,0.7000000000000001,-64.4,0.63,-0.97,0.64
52.68901491165161,-5.1000000000000005,0.1,-65.0,0.7000000000000001,-1.03,0.66
52.699719190597534,-5.5,-0.4,-65.0,0.75,-1.08,0.6900000000000001
52.70882201194763,-6.0,-1.0,-64.9,0.81,-1.1300000000000001,0.68
52.71941804885864,-6.5,-0.7000000000000001,-64.2,0.81,-1.2,0.67
52.72908878326416,-6.4,-1.3,-64.4,0.8300000000000001,-1.2,0.71
52.739171266555786,-6.6000000000000005,-1.6,-64.4,0.88,-1.21,0.67
52.75018930435181,-6.7,-2.0,-64.3,0.91,-1.23,0.66
52.759769678115845,-6.6000000000000005,-2.5,-64.3,0.97,-1.22,0.68
52.76917910575867,-6.4,-2.7,-63.5,0.98,-1.22,0.66
52.77929735183716,-6.4,-1.9000000000000001,-63.5,0.9400000000000001,-1.18,0.65
52.789849281311035,-5.800000000000001,-1.7000000000000002,-63.800000000000004,0.91,-1.1300000000000001,0.66
52.7990927696228,-5.4,-1.0,-64.2,0.78,-1.09,0.67
52.80919885635376,-5.2,-0.4,-63.800000000000004,0.74,-1.05,0.68
52.819090843200684,-4.9,-0.4,-63.5,0.7000000000000001,-1.03,0.67
52.82905888557434,-4.7,0.30000000000000004,-64.5,0.66,-1.01,0.68
52.83899927139282,-4.6000000000000005,0.4,-64.7,0.66,-0.96,0.68
52.84947681427002,-4.7,0.2,-64.9,0.6900000000000001,-1.0,0.65
52.859089612960815,-5.1000000000000005,0.30000000000000004,-65.10000000000001,0.6900000000000001,-1.05,0.66
52.86926555633545,-5.6000000000000005,0.5,-64.7,0.67,-1.09,0.7000000000000001
52.87900495529175,-5.0,0.5,-64.8,0.66,-1.05,0.73
52.889240980148315,-5.4,0.30000000000000004,-64.60000000000001,0.65,-1.08,0.68
52.89896321296692,-5.9,-0.5,-64.7,0.73,-1.12,0.66
52.90951347351074,-6.5,-1.0,-64.3,0.85,-1.21,0.66
52.91906952857971,-6.4,-1.9000000000000001,-64.5,0.9400000000000001,-1.25,0.7000000000000001
52.92908024787903,-6.9,-1.5,-63.7,0.92,-1.29,0.67
52.93901443481445,-7.0,-1.2000000000000002,-64.0,0.8300000000000001,-1.28,0.66
52.95041227340698,-6.1000000000000005,-0.8,-64.2,0.79,-1.16,0.71
52.960007190704346,-5.9,-0.30000000000000004,-64.5,0.72,-1.11,0.7000000000000001
52.969141244888306,-6.7,-0.7000000000000001,-64.2,0.7000000000000001,-1.22,0.67
52.9789981842041,-6.1000000000000005,-1.2000000000000002,-62.900000000000006,0.84,-1.2,0.6900000000000001
52.99005389213562,-5.2,-1.1,-63.300000000000004,0.89,-1.12,0.71
52.9998414516449,-4.9,0.1,-64.5,0.7000000000000001,-1.03,0.64
53.00987005233765,-5.300000000000001,0.30000000000000004,-64.60000000000001,0.63,-1.06,0.61
53.019381523132324,-5.1000000000000005,0.2,-64.9,0.71,-1.02,0.71
53.03069281578064,-4.6000000000000005,-0.4,-64.9,0.76,-1.01,0.75
53.03889608383179,-4.6000000000000005,-0.2,-64.2,0.71,-1.05,0.67
53.04967641830444,-5.1000000000000005,-0.4,-62.7,0.74,-1.07,0.62
53.059184551239014,-4.800000000000001,-1.1,-63.900000000000006,0.86,-1.1,0.66
53.06929683685303,-5.9,-1.6,-64.0,0.93,-1.1400000000000001,0.63
53.07907032966614,-5.2,-1.2000000000000002,-63.5,0.9,-1.1300000000000001,0.67
53.08917284011841,-5.7,-1.1,-64.3,0.81,-1.11,0.67
53.09913229942322,-5.0,-0.4,-63.400000000000006,0.76,-1.06,0.6900000000000001
53.109015703201294,-4.800000000000001,-0.6000000000000001,-63.2,0.77,-1.02,0.67
53.11898589134216,-4.6000000000000005,-0.5,-62.900000000000006,0.78,-1.03,0.64
53.12935256958008,-4.800000000000001,-0.8,-63.2,0.8,-1.05,0.64
53.139142990112305,-4.6000000000000005,-0.6000000000000001,-62.800000000000004,0.8200000000000001,-1.04,0.66
53.14908695220947,-5.1000000000000005,-0.7000000000000001,-63.300000000000004,0.76,-1.07,0.66
53.15898871421814,-4.800000000000001,-0.7000000000000001,-63.2,0.75,-1.03,0.68
53.16917443275452,-4.7,-0.9,-63.2,0.77,-1.04,0.68
53.17899560928345,-5.0,-1.0,-62.5,0.8,-1.12,0.65
53.18928503990173,-5.800000000000001,-1.3,-62.6,0.84,-1.17,0.66
53.199883222579956,-6.0,-1.0,-64.5,0.8300000000000001,-1.2,0.7000000000000001
53.208961963653564,-7.0,-1.1,-64.8,0.8200000000000001,-1.27,0.68
53.21954560279846,-6.800000000000001,-0.7000000000000001,-64.10000000000001,0.84,-1.27,0.6900000000000001
53.22925591468811,-5.800000000000001,-0.5,-64.60000000000001,0.77,-1.16,0.74
53.238930225372314,-6.4,-0.2,-64.5,0.75,-1.16,0.61
53.249088525772095,-5.6000000000000005,0.1,-64.2,0.74,-1.11,0.65
53.25924634933472,-5.1000000000000005,0.30000000000000004,-64.10000000000001,0.6900000000000001,-1.08,0.72
53.26914429664612,-5.0,0.8,-63.800000000000004,0.61,-1.08,0.72
53.27905511856079,-5.1000000000000005,0.7000000000000001,-63.800000000000004,0.6,-1.07,0.68
53.28916001319885,-4.9,0.4,-63.7,0.68,-1.05,0.66
53.29966974258423,-4.9,-0.0,-63.800000000000004,0.72,-1.03,0.6900000000000001
53.30935978889465,-4.6000000000000005,-0.2,-63.2,0.73,-1.04,0.67
53.31909894943237,-5.2,-0.4,-62.800000000000004,0.75,-1.07,0.63
53.329445362091064,-5.300000000000001,-1.5,-63.2,0.84,-1.1,0.66
53.33910584449768,-4.7,-2.0,-62.800000000000004,0.92,-1.09,0.7000000000000001
53.349036693573,-5.1000000000000005,-1.5,-61.7,0.88,-1.1500000000000001,0.63
53.35957646369934,-5.4,-1.8,-61.5,0.88,-1.1500000000000001,0.61
53.369948863983154,-5.1000000000000005,-1.3,-63.7,0.91,-1.09,0.68
53.37999868392944,-5.7,-1.0,-63.5,0.81,-1.16,0.66
53.38986539840698,-5.7,-0.8,-63.400000000000006,0.81,-1.1500000000000001,0.67
53.40001678466797,-4.9,-1.2000000000000002,-62.900000000000006,0.85,-1.04,0.6900000000000001
53.40900278091431,-4.5,-0.5,-63.5,0.81,-1.0,0.64
53.418988943099976,-4.2,-0.30000000000000004,-62.5,0.74,-0.96,0.62
53.42957615852356,-3.5,-0.5,-63.900000000000006,0.75,-0.9,0.66
53.43942904472351,-3.9000000000000004,-0.30000000000000004,-64.10000000000001,0.75,-0.9400000000000001,0.6900000000000001
53.449074029922485,-4.7,-1.2000000000000002,-63.1,0.8300000000000001,-1.03,0.6
53.45968842506409,-4.9,-1.9000000000000001,-62.900000000000006,0.97,-1.07,0.61
53.469155073165894,-4.4,-2.2,-63.2,0.97,-1.02,0.6900000000000001
53.479105710983276,-5.0,-1.0,-62.2,0.8,-1.09,0.64
53.48910307884216,-5.1000000000000005,-0.30000000000000004,-62.2,0.73,-1.12,0.63
53.498974323272705,-4.9,-0.6000000000000001,-62.5,0.75,-1.11,0.7000000000000001
53.50934290885925,-5.2,-0.4,-62.300000000000004,0.75,-1.1300000000000001,0.71
53.51891541481018,-5.6000000000000005,-0.4,-62.400000000000006,0.77,-1.1500000000000001,0.65
53.52924108505249,-5.2,-0.1,-62.1,0.74,-1.09,0.66
53.53962254524231,-4.7,0.1,-61.800000000000004,0.65,-1.07,0.72
53.54961442947388,-5.1000000000000005,0.7000000000000001,-64.9,0.63,-1.04,0.66
53.55915880203247,-5.800000000000001,0.4,-64.7,0.65,-1.1,0.66
53.56917667388916,-5.7,-0.1,-64.2,0.75,-1.1300000000000001,0.72
53.57995915412903,-4.9,-0.8,-64.7,0.78,-1.06,0.75
53.589178800582886,-5.300000000000001,-0.6000000000000001,-63.800000000000004,0.79,-1.1,0.63
53.59897446632385,-6.300000000000001,-0.9,-62.800000000000004,0.84,-1.2,0.58
53.60955476760864,-5.800000000000001,-2.0,-64.0,0.9400000000000001,-1.18,0.71
53.61919164657593,-5.6000000000000005,-1.8,-64.10000000000001,0.91,-1.17,0.73
53.629183769226074,-6.300000000000001,-0.6000000000000001,-62.400000000000006,0.8200000000000001,-1.2,0.63
53.638928174972534,-5.5,-0.8,-62.900000000000006,0.8,-1.12,0.63
53.649659872055054,-4.6000000000000005,-0.30000000000000004,-62.400000000000006,0.76,-1.04,0.6900000000000001
53.66003727912903,-4.4,-0.0,-62.300000000000004,0.6900000000000001,-1.01,0.6900000000000001
53.66980290412903,-4.9,-0.2,-62.800000000000004,0.7000000000000001,-1.02,0.65
53.679887533187866,-4.2,-0.4,-61.7,0.76,-1.01,0.66
53.68999981880188,-4.2,-0.4,-64.3,0.78,-0.97,0.6900000000000001
53.69945740699768,-4.1000000000000005,-0.2,-63.5,0.77,-0.9500000000000001,0.65
53.70927977561951,-3.8000000000000003,-1.2000000000000002,-61.5,0.8,-0.9400000000000001,0.62
53.719340562820435,-3.9000000000000004,-2.0,-61.0,0.88,-0.96,0.6
53.72912836074829,-4.4,-2.0,-63.800000000000004,0.97,-1.01,0.66
53.73990488052368,-4.9,-1.8,-63.5,0.98,-1.06,0.62
53.74967670440674,-4.6000000000000005,-1.9000000000000001,-63.6,0.9500000000000001,-1.01,0.62
53.760094165802,-4.7,-1.2000000000000002,-63.0,0.85,-1.03,0.63
53.769928216934204,-4.6000000000000005,-0.9,-62.6,0.8300000000000001,-1.05,0.67
53.779850006103516,-4.4,-0.7000000000000001,-62.900000000000006,0.8200000000000001,-1.01,0.68
53.78940010070801,-4.3,-0.30000000000000004,-62.900000000000006,0.77,-1.0,0.65
53.79932260513306,-4.4,-0.0,-62.900000000000006,0.72,-0.99,0.63
53.80898880958557,-4.0,-0.30000000000000004,-62.900000000000006,0.71,-0.97,0.68
53.81907296180725,-4.1000000000000005,-0.4,-62.7,0.75,-1.0,0.67
53.82983088493347,-4.9,-1.0,-62.800000000000004,0.8200000000000001,-1.07,0.63
53.838940143585205,-5.300000000000001,-1.9000000000000001,-62.800000000000004,0.91,-1.12,0.65
53.84939098358154,-5.5,-1.9000000000000001,-62.1,0.93,-1.16,0.65
53.85924410820007,-5.2,-1.6,-61.400000000000006,0.89,-1.1400000000000001,0.68
53.86924505233765,-5.0,-1.1,-61.400000000000006,0.8,-1.11,0.67
53.87989616394043,-5.4,-0.7000000000000001,-61.900000000000006,0.74,-1.12,0.65
53.889997720718384,-5.800000000000001,-0.30000000000000004,-64.9,0.76,-1.12,0.6900000000000001
53.8998908996582,-5.800000000000001,-0.2,-64.2,0.78,-1.1500000000000001,0.6900000000000001
53.90991425514221,-5.5,0.30000000000000004,-63.400000000000006,0.72,-1.1300000000000001,0.68
53.91894721984863,-5.1000000000000005,0.6000000000000001,-63.7,0.64,-1.03,0.7000000000000001
53.93057322502136,-4.7,0.9,-63.800000000000004,0.6,-1.0,0.67
53.93911385536194,-4.6000000000000005,0.2,-64.10000000000001,0.65,-1.02,0.67
53.949100971221924,-4.6000000000000005,-0.6000000000000001,-62.1,0.74,-1.05,0.7000000000000001
53.95914435386658,-4.3,-1.5,-62.900000000000006,0.91,-1.02,0.67
53.96936559677124,-5.0,-1.7000000000000002,-63.1,0.9500000000000001,-0.99,0.62
53.97898197174072,-4.5,-1.7000000000000002,-61.900000000000006,0.92,-1.07,0.61
53.9889702796936,-4.6000000000000005,-1.9000000000000001,-61.7,0.93,-1.06,0.64
53.999972105026245,-4.4,-2.1,-62.6,0.91,-1.07,0.71
54.008965253829956,-4.4,-1.7000000000000002,-62.1,0.89,-1.0,0.67
54.01907515525818,-4.4,-1.3,-61.2,0.9,-0.96,0.54
54.02975106239319,-3.5,-1.2000000000000002,-61.7,0.85,-0.9400000000000001,0.64
54.039018392562866,-3.2,-1.4000000000000001,-61.800000000000004,0.84,-0.86,0.6900000000000001
54.04903507232666,-3.4000000000000004,-1.0,-61.2,0.78,-0.9,0.64
54.05923938751221,-3.4000000000000004,-1.1,-61.0,0.77,-0.9400000000000001,0.66
54.0699508190155,-3.2,-1.5,-60.6,0.86,-0.9,0.67
54.07911777496338,-4.5,-2.4000000000000004,-63.800000000000004,0.96,-0.9400000000000001,0.56
54.08932971954346,-4.0,-2.4000000000000004,-59.6,1.01,-0.98,0.55
54.099424600601196,-4.0,-2.3000000000000003,-63.900000000000006,0.96,-1.02,0.74
54.108941078186035,-4.5,-1.4000000000000001,-63.300000000000004,0.9,-0.97,0.65
54.11904764175415,-4.5,-1.2000000000000002,-62.7,0.86,-1.01,0.56
54.12930679321289,-4.2,-0.9,-63.0,0.81,-1.08,0.66
54.139641523361206,-4.4,-0.9,-62.7,0.85,-1.02,0.68
54.14916753768921,-4.4,-0.5,-62.400000000000006,0.78,-1.0,0.65
54.15904355049133,-4.9,-0.0,-62.7,0.67,-1.06,0.65
54.16952419281006,-4.3,0.4,-62.7,0.68,-1.0,0.72
54.17915201187134,-3.9000000000000004,0.4,-62.1,0.64,-1.0,0.74
54.18932342529297,-4.5,0.1,-62.1,0.66,-1.03,0.61
54.199177742004395,-4.800000000000001,-0.8,-62.2,0.77,-1.06,0.65
54.209099769592285,-4.800000000000001,-1.6,-62.400000000000006,0.88,-1.08,0.6900000000000001
54.21907877922058,-5.1000000000000005,-1.7000000000000002,-61.5,0.9,-1.1400000000000001,0.7000000000000001
54.229363203048706,-6.2,-2.6,-62.0,0.9500000000000001,-1.2,0.61
54.239203691482544,-4.9,-2.3000000000000003,-60.7,0.98,-1.1,0.63
54.24916458129883,-4.7,-1.6,-64.0,0.87,-1.03,0.6900000000000001
54.25945854187012,-5.300000000000001,-0.7000000000000001,-63.0,0.8,-1.1,0.62
54.269099950790405,-4.6000000000000005,-1.5,-64.60000000000001,0.84,-0.98,0.68
54.27958631515503,-3.4000000000000004,-1.4000000000000001,-60.1,0.85,-0.96,0.66
54.289029359817505,-3.9000000000000004,-0.30000000000000004,-62.400000000000006,0.77,-1.0,0.65
54.299280643463135,-4.1000000000000005,-0.6000000000000001,-63.2,0.77,-0.92,0.61
54.30997681617737,-3.5,-0.8,-63.0,0.78,-0.9400000000000001,0.67
54.318931579589844,-3.3000000000000003,-0.9,-62.300000000000004,0.84,-0.9400000000000001,0.65
54.329076051712036,-3.6,-2.2,-62.300000000000004,0.91,-0.91,0.62
54.33978986740112,-3.1,-2.1,-62.1,0.9500000000000001,-0.92,0.65
54.348941802978516,-3.2,-2.6,-62.2,0.97,-0.9,0.62
54.35921549797058,-3.9000000000000004,-2.8000000000000003,-61.5,1.04,-0.89,0.51
54.36915445327759,-3.3000000000000003,-2.7,-61.6,1.03,-0.91,0.63
54.379817724227905,-3.2,-2.2,-61.800000000000004,0.9500000000000001,-0.91,0.71
54.38986778259277,-3.5,-1.9000000000000001,-61.2,0.86,-0.9400000000000001,0.62
54.39891958236694,-3.9000000000000004,-1.6,-60.6,0.88,-0.9500000000000001,0.52
54.40920662879944,-3.6,-1.6,-59.900000000000006,0.9,-0.93,0.65
54.4190354347229,-3.2,-1.3,-61.0,0.81,-0.92,0.78
54.42894458770752,-3.2,-0.5,-61.1,0.71,-0.87,0.67
54.43928909301758,-3.9000000000000004,-0.9,-61.7,0.71,-0.9400000000000001,0.54
54.44929909706116,-3.9000000000000004,-1.5,-63.2,0.93,-0.98,0.66
54.45971393585205,-3.8000000000000003,-2.5,-63.1,0.99,-0.98,0.71
54.46935224533081,-4.1000000000000005,-1.5,-62.400000000000006,0.89,-1.04,0.65
54.479087829589844,-5.300000000000001,-1.4000000000000001,-62.1,0.85,-1.08,0.62
54.48957967758179,-4.800000000000001,-1.9000000000000001,-63.1,0.9,-1.03,0.66
54.499905824661255,-4.2,-1.5,-62.5,0.89,-1.04,0.7000000000000001
54.50997757911682,-4.9,-1.5,-62.400000000000006,0.86,-1.05,0.6
54.51986742019653,-4.800000000000001,-1.5,-62.0,0.87,-1.05,0.59
54.52884769439697,-4.4,-1.0,-61.5,0.84,-1.06,0.7000000000000001
54.53999161720276,-4.2,-0.5,-61.6,0.74,-1.03,0.72
54.54942512512207,-4.0,-0.0,-62.900000000000006,0.63,-1.0,0.7000000000000001
54.55895209312439,-4.6000000000000005,-0.1,-62.400000000000006,0.7000000000000001,-0.9500000000000001,0.58
54.56928873062134,-3.4000000000000004,-1.5,-61.0,0.85,-0.9,0.62
54.57993793487549,-2.9000000000000004,-2.1,-60.800000000000004,0.93,-0.92,0.73
54.5898756980896,-3.8000000000000003,-1.9000000000000001,-63.800000000000004,0.9,-0.93,0.58
54.59977722167969,-4.6000000000000005,-2.6,-63.2,0.96,-0.98,0.53
54.60997557640076,-4.0,-3.1,-63.1,1.09,-0.97,0.67
54.61902904510498,-3.7,-3.5,-63.0,1.12,-0.92,0.6900000000000001
54.62898063659668,-3.1,-3.3000000000000003,-59.300000000000004,1.0,-0.9400000000000001,0.58
54.63939690589905,-3.5,-3.0,-60.300000000000004,0.97,-0.88,0.58
54.64905142784119,-3.1,-2.1,-62.800000000000004,0.9400000000000001,-0.85,0.62
54.659931898117065,-3.0,-1.7000000000000002,-62.0,0.92,-0.86,0.59
54.669896602630615,-2.9000000000000004,-1.4000000000000001,-62.6,0.87,-0.89,0.68
54.679885149002075,-3.4000000000000004,-1.5,-61.800000000000004,0.84,-0.85,0.64
54.689130544662476,-2.9000000000000004,-0.9,-60.800000000000004,0.8200000000000001,-0.87,0.6
54.698954820632935,-2.8000000000000003,-1.3,-61.300000000000004,0.8200000000000001,-0.85,0.64
54.70952272415161,-2.4000000000000004,-1.3,-61.7,0.84,-0.81,0.7000000000000001
54.71924710273743,-2.8000000000000003,-1.7000000000000002,-62.300000000000004,0.84,-0.8300000000000001,0.61
54.72889447212219,-3.4000000000000004,-2.5,-61.300000000000004,0.98,-0.86,0.52
54.739731788635254,-3.1,-3.5,-61.2,1.11,-0.91,0.61
54.749600410461426,-3.8000000000000003,-2.9000000000000004,-63.800000000000004,1.03,-0.98,0.7000000000000001
54.76013422012329,-4.4,-2.3000000000000003,-61.0,0.91,-0.99,0.59
54.76990723609924,-5.0,-1.9000000000000001,-62.6,0.93,-1.04,0.58
54.77916717529297,-4.5,-2.4000000000000004,-63.300000000000004,0.98,-1.04,0.72
54.78911328315735,-3.8000000000000003,-2.2,-60.0,0.93,-1.02,0.7000000000000001
54.798914432525635,-4.1000000000000005,-1.8,-60.5,0.8,-1.0,0.65
54.80951404571533,-4.0,-1.0,-60.2,0.77,-0.9400000000000001,0.61
54.81975507736206,-4.1000000000000005,-0.9,-63.300000000000004,0.84,-0.93,0.63
54.82946157455444,-4.0,-1.3,-63.2,0.84,-0.9500000000000001,0.66
54.838923931121826,-4.0,-0.9,-62.2,0.79,-0.9500000000000001,0.71
54.84948992729187,-4.0,-1.1,-61.900000000000006,0.76,-0.99,0.67
54.859166860580444,-3.7,-1.0,-62.6,0.8300000000000001,-0.99,0.65
54.86915874481201,-3.9000000000000004,-2.4000000000000004,-62.400000000000006,0.93,-0.91,0.59
54.880080461502075,-3.1,-2.7,-62.2,1.03,-0.85,0.59
54.89000201225281,-2.6,-3.3000000000000003,-61.6,1.07,-0.85,0.62
54.89990043640137,-3.1,-3.3000000000000003,-60.800000000000004,1.02,-0.91,0.6
54.90986895561218,-3.5,-2.9000000000000004,-61.0,1.0,-0.88,0.59
54.91966795921326,-2.9000000000000004,-2.8000000000000003,-60.7,1.0,-0.86,0.61
54.92914390563965,-2.6,-2.8000000000000003,-60.6,1.0,-0.8200000000000001,0.62
54.938992500305176,-2.6,-2.3000000000000003,-59.900000000000006,0.93,-0.8200000000000001,0.58
54.949756383895874,-2.3000000000000003,-2.1,-60.0,0.91,-0.79,0.62
54.95912265777588,-3.0,-1.7000000000000002,-63.0,0.88,-0.8300000000000001,0.63
54.96904230117798,-2.7,-2.3000000000000003,-60.5,0.89,-0.84,0.5700000000000001
54.97950220108032,-2.1,-2.3000000000000003,-59.900000000000006,0.96,-0.8200000000000001,0.66
54.989712715148926,-2.3000000000000003,-1.8,-62.400000000000006,0.89,-0.78,0.67
54.998942136764526,-2.9000000000000004,-2.0,-63.300000000000004,0.88,-0.8,0.52
55.00935459136963,-2.8000000000000003,-2.6,-60.2,0.9400000000000001,-0.79,0.53
55.01927375793457,-2.6,-3.3000000000000003,-62.900000000000006,1.08,-0.88,0.72
55.02896451950073,-2.8000000000000003,-3.0,-62.300000000000004,1.03,-0.86,0.61
55.03897953033447,-3.6,-2.9000000000000004,-61.5,0.98,-0.92,0.52
55.049556016922,-3.6,-3.4000000000000004,-61.6,1.07,-0.98,0.65
55.05930042266846,-3.7,-3.1,-62.300000000000004,1.05,-0.98,0.6900000000000001
55.06919240951538,-4.4,-2.5,-61.1,0.96,-1.0,0.55
55.07909846305847,-3.4000000000000004,-2.1,-61.1,0.93,-0.92,0.63
55.08930826187134,-2.8000000000000003,-1.9000000000000001,-61.0,0.87,-0.9,0.7000000000000001
55.09890937805176,-3.2,-0.9,-61.2,0.77,-0.89,0.65
55.1091947555542,-3.7,-1.1,-61.6,0.74,-0.9,0.6
55.119197607040405,-3.1,-1.3,-61.5,0.85,-0.87,0.63
55.12895488739014,-2.7,-2.0,-60.7,0.88,-0.87,0.64
55.13906216621399,-2.5,-1.4000000000000001,-60.2,0.86,-0.89,0.66
55.149996519088745,-3.1,-1.5,-61.400000000000006,0.76,-0.8300000000000001,0.66
55.15948510169983,-3.2,-1.0,-62.7,0.8300000000000001,-0.84,0.6
55.16921639442444,-3.3000000000000003,-3.1,-63.1,0.98,-0.87,0.61
55.179081439971924,-2.9000000000000004,-3.5,-62.1,1.11,-0.87,0.65
55.18921113014221,-3.1,-3.8000000000000003,-62.400000000000006,1.12,-0.89,0.65
55.19899559020996,-3.5,-3.4000000000000004,-62.2,1.09,-0.9,0.52
55.209009885787964,-3.1,-4.1000000000000005,-62.2,1.12,-0.8300000000000001,0.52
55.21989035606384,-2.2,-4.1000000000000005,-61.400000000000006,1.17,-0.81,0.66
55.229052782058716,-2.6,-4.0,-62.2,1.1,-0.85,0.65
55.239696979522705,-3.2,-3.0,-60.900000000000006,1.01,-0.88,0.52
55.249390840530396,-2.4000000000000004,-3.1,-61.1,1.03,-0.8,0.62
55.25904703140259,-2.1,-2.8000000000000003,-60.7,1.01,-0.79,0.62
55.26939797401428,-1.8,-2.2,-60.6,0.93,-0.74,0.59
55.2794029712677,-1.7000000000000002,-2.1,-61.5,0.86,-0.6900000000000001,0.62
55.289034605026245,-1.7000000000000002,-1.4000000000000001,-60.300000000000004,0.8300000000000001,-0.7000000000000001,0.58
55.29902911186218,-1.8,-1.6,-60.5,0.85,-0.74,0.58
55.30893278121948,-2.1,-2.2,-61.1,0.89,-0.77,0.67
55.31913995742798,-2.4000000000000004,-1.8,-61.5,0.88,-0.85,0.64
55.32935667037964,-2.8000000000000003,-2.5,-61.5,0.92,-0.8300000000000001,0.58
55.3391056060791,-2.4000000000000004,-2.7,-60.5,0.98,-0.81,0.6
55.34943199157715,-2.2,-2.7,-60.6,0.96,-0.81,0.62
55.35911297798157,-3.0,-2.9000000000000004,-62.400000000000006,0.98,-0.86,0.62
55.369497537612915,-3.7,-3.4000000000000004,-62.2,1.04,-0.91,0.6
55.37927174568176,-3.8000000000000003,-3.6,-62.0,1.1,-0.98,0.62
55.38911032676697,-4.2,-3.7,-61.400000000000006,1.11,-0.98,0.61
55.399046421051025,-3.7,-3.7,-61.7,1.09,-0.96,0.62
55.40921711921692,-3.5,-2.8000000000000003,-61.5,1.02,-0.9400000000000001,0.65
55.419153690338135,-3.4000000000000004,-2.7,-61.900000000000006,0.9500000000000001,-0.9,0.61
55.42946767807007,-2.7,-2.2,-61.5,0.93,-0.81,0.5700000000000001
55.43890738487244,-2.2,-2.1,-61.300000000000004,0.9,-0.77,0.64
55.44937872886658,-2.1,-2.3000000000000003,-61.300000000000004,0.91,-0.76,0.62
55.45906043052673,-2.1,-2.0,-60.7,0.9,-0.75,0.61
55.469642162323,-2.3000000000000003,-2.2,-61.2,0.88,-0.79,0.58
55.47914910316467,-1.9000000000000001,-2.2,-60.800000000000004,0.9400000000000001,-0.78,0.63
55.48908615112305,-1.7000000000000002,-2.4000000000000004,-60.300000000000004,0.93,-0.75,0.61
55.49895882606506,-1.4000000000000001,-2.2,-60.1,0.92,-0.71,0.58
55.50908374786377,-1.6,-2.8000000000000003,-60.5,0.92,-0.72,0.61
55.519235610961914,-1.8,-2.8000000000000003,-60.300000000000004,0.97,-0.74,0.6
55.52912449836731,-2.1,-3.7,-60.7,1.05,-0.76,0.5700000000000001
55.539777517318726,-2.5,-4.1000000000000005,-61.800000000000004,1.1400000000000001,-0.81,0.6
55.549126386642456,-2.7,-4.4,-61.7,1.17,-0.84,0.59
55.559040546417236,-2.6,-4.5,-61.800000000000004,1.16,-0.8,0.58
55.569164991378784,-2.5,-4.0,-62.1,1.16,-0.8300000000000001,0.59
55.57932662963867,-2.7,-4.1000000000000005,-62.900000000000006,1.12,-0.84,0.59
55.58924198150635,-2.7,-3.7,-61.7,1.08,-0.77,0.56
55.598981618881226,-2.3000000000000003,-3.6,-61.7,1.06,-0.79,0.59
55.609962940216064,-2.1,-3.3000000000000003,-61.0,1.06,-0.77,0.62
55.61903190612793,-2.3000000000000003,-2.6,-60.900000000000006,0.97,-0.81,0.62
55.62901782989502,-2.7,-2.1,-60.900000000000006,0.88,-0.79,0.56
55.63939690589905,-2.2,-1.9000000000000001,-61.2,0.88,-0.79,0.63
55.649394273757935,-2.1,-2.0,-60.7,0.88,-0.77,0.67
55.65920352935791,-2.1,-1.9000000000000001,-61.300000000000004,0.86,-0.76,0.59
55.66909146308899,-2.1,-1.5,-60.300000000000004,0.87,-0.75,0.56
55.67930507659912,-2.0,-2.0,-60.5,0.87,-0.76,0.64
55.68951416015625,-2.2,-2.1,-61.1,0.87,-0.77,0.68
55.69898962974548,-2.7,-2.0,-60.900000000000006,0.89,-0.85,0.59
55.70956802368164,-2.8000000000000003,-2.6,-60.7,0.9500000000000001,-0.85,0.5700000000000001
55.71931457519531,-2.8000000000000003,-2.9000000000000004,-62.2,1.05,-0.85,0.65
55.72899842262268,-3.2,-3.2,-61.900000000000006,1.02,-0.89,0.62
55.73939847946167,-3.1,-3.3000000000000003,-61.5,1.04,-0.87,0.59
55.75086951255798,-2.6,-4.0,-62.1,1.11,-0.8200000000000001,0.62
55.75916147232056,-2.5,-4.2,-62.300000000000004,1.1300000000000001,-0.78,0.5700000000000001
55.76897048950195,-2.1,-3.7,-60.900000000000006,1.1,-0.77,0.54
55.77958083152771,-1.8,-4.3,-61.900000000000006,1.12,-0.74,0.62
55.78998851776123,-1.8,-4.0,-61.7,1.11,-0.74,0.6
55.799166440963745,-2.0,-3.9000000000000004,-60.800000000000004,1.09,-0.74,0.51
55.808948278427124,-1.7000000000000002,-4.0,-60.7,1.1300000000000001,-0.73,0.55
55.81959915161133,-1.2000000000000002,-4.0,-61.1,1.1300000000000001,-0.6900000000000001,0.64
55.82923102378845,-1.3,-3.5,-61.300000000000004,1.04,-0.71,0.59
55.83887815475464,-1.3,-2.9000000000000004,-60.800000000000004,0.99,-0.64,0.52
55.84923338890076,-0.8,-3.2,-61.400000000000006,1.01,-0.62,0.5700000000000001
55.85996174812317,-0.8,-3.0,-61.300000000000004,1.01,-0.65,0.61
55.86907505989075,-1.5,-2.6,-61.900000000000006,0.96,-0.67,0.58
55.87995386123657,-1.9000000000000001,-2.2,-60.5,0.9400000000000001,-0.73,0.53
55.89000964164734,-1.9000000000000001,-2.2,-61.7,0.9500000000000001,-0.77,0.65
55.89989924430847,-2.5,-2.5,-62.300000000000004,0.93,-0.78,0.63
55.90986490249634,-2.6,-2.6,-61.800000000000004,0.9500000000000001,-0.8,0.59
55.91931653022766,-2.5,-3.0,-62.0,1.04,-0.8,0.59
55.929789781570435,-2.6,-3.3000000000000003,-61.800000000000004,1.04,-0.8,0.61
55.93886375427246,-2.9000000000000004,-3.0,-61.900000000000006,1.01,-0.8300000000000001,0.61
55.949456453323364,-3.4000000000000004,-2.9000000000000004,-61.900000000000006,0.97,-0.89,0.58
55.9593722820282,-3.4000000000000004,-3.0,-61.900000000000006,1.02,-0.92,0.63
55.97010779380798,-3.3000000000000003,-3.3000000000000003,-61.6,1.05,-0.91,0.63
55.97989082336426,-3.0,-3.1,-61.300000000000004,1.02,-0.88,0.6
55.98998713493347,-2.6,-3.1,-61.400000000000006,1.01,-0.8200000000000001,0.6
55.99983739852905,-2.4000000000000004,-3.2,-61.5,1.01,-0.79,0.59
56.00892210006714,-2.3000000000000003,-3.2,-61.0,1.01,-0.78,0.6
56.01910924911499,-1.8,-2.9000000000000004,-60.900000000000006,1.01,-0.74,0.6
56.02995848655701,-1.8,-3.1,-60.900000000000006,1.0,-0.74,0.59
56.03998136520386,-1.9000000000000001,-3.2,-62.1,1.03,-0.72,0.58
56.049158334732056,-1.7000000000000002,-3.5,-61.6,1.08,-0.71,0.56
56.05985379219055,-1.3,-3.6,-60.800000000000004,1.09,-0.6900000000000001,0.58
56.06951379776001,-1.1,-3.3000000000000003,-61.6,1.03,-0.66,0.6
56.07926940917969,-1.3,-3.5,-61.7,1.02,-0.65,0.5700000000000001
56.08906602859497,-1.2000000000000002,-3.4000000000000004,-61.1,1.08,-0.64,0.55
56.099672079086304,-1.0,-3.6,-61.400000000000006,1.09,-0.63,0.5700000000000001
56.1098108291626,-1.0,-3.5,-61.7,1.06,-0.63,0.59
56.11902666091919,-1.3,-3.2,-61.300000000000004,1.02,-0.66,0.56
56.13002395629883,-1.3,-3.3000000000000003,-61.300000000000004,1.04,-0.67,0.5700000000000001
56.13929867744446,-1.3,-3.6,-61.7,1.08,-0.67,0.6
56.14919686317444,-1.7000000000000002,-3.3000000000000003,-61.300000000000004,1.05,-0.7000000000000001,0.5700000000000001
56.160011529922485,-1.8,-3.4000000000000004,-61.400000000000006,1.05,-0.7000000000000001,0.56
56.169848680496216,-1.8,-3.5,-61.400000000000006,1.06,-0.72,0.59
56.17989897727966,-2.1,-3.4000000000000004,-61.5,1.06,-0.77,0.6
56.18910026550293,-2.7,-3.3000000000000003,-62.0,1.03,-0.8300000000000001,0.59
56.19985342025757,-2.5,-3.1,-61.2,1.03,-0.81,0.61
56.20914125442505,-2.6,-3.0,-61.900000000000006,1.0,-0.81,0.61
56.21923041343689,-2.6,-2.9000000000000004,-61.5,0.99,-0.81,0.6
56.229785442352295,-2.6,-2.9000000000000004,-61.400000000000006,0.99,-0.81,0.61
56.23997473716736,-2.8000000000000003,-2.8000000000000003,-61.6,0.98,-0.84,0.61
56.249170780181885,-2.8000000000000003,-2.7,-61.400000000000006,0.98,-0.84,0.61
56.25956416130066,-2.7,-2.8000000000000003,-61.800000000000004,0.99,-0.8200000000000001,0.61
56.269445180892944,-2.3000000000000003,-2.8000000000000003,-61.800000000000004,0.98,-0.77,0.61
56.279112815856934,-2.3000000000000003,-2.6,-61.400000000000006,0.96,-0.77,0.6
56.28988218307495,-2.2,-3.2,-61.7,1.02,-0.76,0.59
56.30012035369873,-1.8,-3.4000000000000004,-61.300000000000004,1.07,-0.72,0.6
56.30895972251892,-1.7000000000000002,-3.4000000000000004,-61.5,1.07,-0.72,0.5700000000000001
56.31904101371765,-1.5,-3.5,-61.6,1.07,-0.67,0.56
56.32960844039917,-1.1,-3.5,-61.400000000000006,1.06,-0.64,0.59
56.33920931816101,-1.3,-3.3000000000000003,-61.400000000000006,1.04,-0.67,0.58
56.34898233413696,-1.3,-3.6,-61.300000000000004,1.07,-0.66,0.5700000000000001
56.35908532142639,-1.1,-3.6,-61.1,1.08,-0.64,0.5700000000000001
56.3700168132782,-1.1,-3.7,-61.300000000000004,1.08,-0.64,0.56
56.37904953956604,-1.0,-3.6,-61.2,1.08,-0.65,0.56
56.38907527923584,-1.1,-3.6,-61.400000000000006,1.07,-0.64,0.5700000000000001
56.40006971359253,-1.4000000000000001,-3.5,-61.6,1.05,-0.67,0.5700000000000001
56.409069538116455,-1.6,-3.3000000000000003,-61.400000000000006,1.03,-0.71,0.59
56.41908121109009,-1.8,-3.2,-61.5,1.03,-0.73,0.6
56.4293487071991,-2.1,-3.3000000000000003,-61.7,1.05,-0.75,0.59
56.43929886817932,-2.2,-3.7,-61.800000000000004,1.06,-0.76,0.6
56.44893479347229,-2.2,-3.8000000000000003,-61.800000000000004,1.09,-0.77,0.59
56.45935344696045,-2.3000000000000003,-3.8000000000000003,-61.7,1.12,-0.77,0.58
56.46928381919861,-2.3000000000000003,-3.6,-61.6,1.05,-0.79,0.6
56.47995615005493,-2.2,-3.1,-61.7,1.03,-0.75,0.6
56.48985195159912,-2.2,-2.9000000000000004,-61.6,0.99,-0.77,0.59
56.50004816055298,-2.1,-2.9000000000000004,-61.6,1.0,-0.75,0.6
56.509106159210205,-2.1,-3.1,-61.6,1.02,-0.75,0.59
56.51896905899048,-2.1,-3.0,-61.6,1.02,-0.76,0.59
56.529276609420776,-2.1,-3.2,-61.800000000000004,1.03,-0.75,0.6
56.53949236869812,-1.9000000000000001,-3.1,-61.800000000000004,1.03,-0.72,0.59
56.54918360710144,-1.9000000000000001,-3.0,-61.6,1.0,-0.72,0.59
56.559162855148315,-1.7000000000000002,-3.1,-61.900000000000006,1.03,-0.7000000000000001,0.59
56.569655418395996,-1.7000000000000002,-3.2,-61.900000000000006,1.04,-0.6900000000000001,0.58
56.579285860061646,-1.6,-3.3000000000000003,-61.900000000000006,1.05,-0.6900000000000001,0.5700000000000001
56.5890531539917,-1.4000000000000001,-3.5,-61.900000000000006,1.06,-0.67,0.58
56.599043130874634,-1.4000000000000001,-3.4000000000000004,-61.800000000000004,1.08,-0.66,0.5700000000000001
56.609081983566284,-1.5,-3.7,-62.400000000000006,1.07,-0.66,0.58
56.61915707588196,-1.4000000000000001,-3.4000000000000004,-62.0,1.09,-0.66,0.5700000000000001
56.629379749298096,-1.3,-3.6,-61.400000000000006,1.09,-0.67,0.5700000000000001
56.639976978302,-1.4000000000000001,-3.6,-61.7,1.08,-0.66,0.58
56.64915132522583,-1.4000000000000001,-3.8000000000000003,-61.800000000000004,1.09,-0.65,0.5700000000000001
56.65908932685852,-1.5,-3.7,-61.7,1.1,-0.66,0.56
56.669682264328,-1.8,-3.7,-62.0,1.09,-0.6900000000000001,0.58
56.67909383773804,-1.9000000000000001,-3.2,-61.5,1.07,-0.72,0.58
56.68909025192261,-1.9000000000000001,-3.4000000000000004,-62.0,1.04,-0.72,0.59
56.69906401634216,-1.7000000000000002,-3.1,-61.800000000000004,1.04,-0.68,0.58
56.709922790527344,-1.9000000000000001,-3.5,-62.1,1.04,-0.7000000000000001,0.58
56.71886110305786,-2.2,-3.3000000000000003,-61.7,1.07,-0.74,0.58
56.72924542427063,-2.6,-3.5,-62.5,1.08,-0.8,0.59
56.7394232749939,-2.4000000000000004,-3.1,-62.2,1.07,-0.79,0.6
56.74923491477966,-2.3000000000000003,-2.8000000000000003,-62.6,0.99,-0.73,0.6
56.759021282196045,-2.1,-2.5,-62.300000000000004,0.9400000000000001,-0.7000000000000001,0.59
56.770034313201904,-2.0,-2.7,-62.5,0.99,-0.67,0.59
56.7792706489563,-2.0,-3.2,-61.300000000000004,1.02,-0.74,0.59
56.78895711898804,-2.0,-2.6,-62.300000000000004,1.02,-0.75,0.61
56.799110412597656,-1.9000000000000001,-2.9000000000000004,-62.400000000000006,0.98,-0.72,0.61
56.809921979904175,-2.3000000000000003,-3.2,-62.1,1.02,-0.72,0.5700000000000001
56.819037675857544,-2.0,-3.9000000000000004,-61.300000000000004,1.1300000000000001,-0.74,0.59
56.82933497428894,-1.4000000000000001,-3.8000000000000003,-61.5,1.1300000000000001,-0.6900000000000001,0.58
56.840227127075195,-1.9000000000000001,-4.0,-62.0,1.09,-0.7000000000000001,0.54
56.85008406639099,-1.7000000000000002,-3.8000000000000003,-61.7,1.1300000000000001,-0.68,0.58
56.8593373298645,-1.2000000000000002,-4.2,-62.1,1.09,-0.65,0.6
56.870280504226685,-1.3,-3.7,-62.300000000000004,1.12,-0.63,0.54
56.879218339920044,-1.3,-4.0,-61.800000000000004,1.1,-0.67,0.55
56.888957023620605,-1.0,-4.1000000000000005,-62.1,1.17,-0.61,0.59
56.898903369903564,-1.2000000000000002,-4.0,-61.900000000000006,1.11,-0.63,0.54
56.9090473651886,-1.0,-3.9000000000000004,-62.2,1.11,-0.61,0.55
56.918946743011475,-0.9,-3.6,-61.5,1.08,-0.5700000000000001,0.58
56.929012060165405,-1.0,-3.3000000000000003,-61.900000000000006,1.04,-0.58,0.56
56.94029378890991,-1.1,-3.3000000000000003,-61.800000000000004,1.05,-0.61,0.56
56.94952940940857,-1.1,-3.2,-60.400000000000006,1.04,-0.68,0.58
56.95907425880432,-1.0,-3.3000000000000003,-60.800000000000004,1.04,-0.63,0.59
56.96916437149048,-1.5,-3.1,-62.6,1.03,-0.68,0.5700000000000001
56.980207681655884,-1.9000000000000001,-3.1,-63.0,1.02,-0.68,0.58
56.98889923095703,-1.3,-3.4000000000000004,-61.400000000000006,1.04,-0.67,0.6
56.99891781806946,-1.6,-3.0,-62.2,1.05,-0.65,0.58
57.00906538963318,-2.1,-3.0,-62.1,1.0,-0.72,0.55
57.01896119117737,-2.2,-3.5,-61.900000000000006,1.06,-0.79,0.62
57.029231786727905,-2.1,-3.8000000000000003,-61.7,1.07,-0.75,0.62
57.03989601135254,-2.3000000000000003,-3.5,-62.0,1.08,-0.75,0.55
57.04982113838196,-2.0,-3.7,-62.2,1.08,-0.72,0.59
57.058961391448975,-2.0,-3.6,-62.5,1.07,-0.72,0.59
57.06915807723999,-2.4000000000000004,-3.5,-62.7,1.07,-0.75,0.58
57.079020500183105,-2.2,-3.8000000000000003,-61.300000000000004,1.1,-0.77,0.6
57.08908486366272,-1.5,-3.6,-61.900000000000006,1.11,-0.72,0.6
57.09886622428894,-1.3,-3.7,-62.2,1.04,-0.63,0.56
57.109208822250366,-1.2000000000000002,-3.9000000000000004,-62.5,1.07,-0.59,0.54
57.119308948516846,-0.8,-4.2,-61.900000000000006,1.16,-0.59,0.5700000000000001
57.129085063934326,-0.9,-4.1000000000000005,-62.400000000000006,1.1500000000000001,-0.59,0.55
57.13978362083435,-1.2000000000000002,-3.6,-62.0,1.08,-0.62,0.56
57.150367736816406,-1.1,-4.0,-60.900000000000006,1.11,-0.66,0.56
57.15909481048584,-0.5,-4.1000000000000005,-60.800000000000004,1.18,-0.61,0.5700000000000001
57.16920566558838,-0.2,-4.2,-61.7,1.12,-0.5,0.54
57.17994284629822,-0.5,-3.0,-62.300000000000004,1.02,-0.52,0.51
57.18988823890686,-0.4,-3.7,-61.900000000000006,1.04,-0.52,0.6
57.199841260910034,-0.30000000000000004,-3.5,-62.2,1.06,-0.5,0.58
57.20953392982483,-1.3,-3.9000000000000004,-61.900000000000006,1.09,-0.58,0.5
57.219855546951294,-1.6,-4.2,-60.900000000000006,1.2,-0.7000000000000001,0.55
57.22914505004883,-1.9000000000000001,-4.9,-61.900000000000006,1.22,-0.8,0.61
57.23981189727783,-2.2,-4.1000000000000005,-62.1,1.1400000000000001,-0.76,0.6
57.249690771102905,-2.2,-3.7,-62.2,1.03,-0.71,0.56
57.25921273231506,-1.5,-3.7,-62.900000000000006,1.08,-0.63,0.6
57.26965951919556,-1.6,-4.3,-63.1,1.1400000000000001,-0.67,0.5700000000000001
57.27966022491455,-2.3000000000000003,-4.4,-63.0,1.2,-0.73,0.53
57.289884090423584,-2.5,-4.4,-63.2,1.17,-0.73,0.6
57.299086809158325,-2.4000000000000004,-3.8000000000000003,-63.0,1.1,-0.75,0.6
57.30931782722473,-1.9000000000000001,-3.0,-62.7,1.04,-0.7000000000000001,0.59
57.31952524185181,-1.7000000000000002,-3.5,-61.2,1.03,-0.73,0.5700000000000001
57.32921290397644,-1.3,-4.1000000000000005,-62.1,1.12,-0.66,0.61
57.33931589126587,-1.4000000000000001,-3.7,-62.900000000000006,1.12,-0.67,0.5700000000000001
57.34937024116516,-1.1,-3.3000000000000003,-61.400000000000006,1.04,-0.62,0.54
57.35977649688721,-0.4,-2.8000000000000003,-61.2,0.9500000000000001,-0.54,0.6
57.36941862106323,-1.1,-2.9000000000000004,-61.800000000000004,0.9500000000000001,-0.63,0.5700000000000001
57.379382848739624,-1.2000000000000002,-3.5,-61.800000000000004,1.07,-0.62,0.58
57.38974952697754,-1.1,-4.2,-61.6,1.1400000000000001,-0.6900000000000001,0.5700000000000001
57.39902305603027,-1.1,-4.2,-61.2,1.17,-0.61,0.54
57.40906524658203,-0.5,-4.2,-62.0,1.1,-0.56,0.5700000000000001
57.41897130012512,-0.5,-3.9000000000000004,-62.1,1.08,-0.53,0.54
57.429328203201294,-0.7000000000000001,-4.7,-62.400000000000006,1.16,-0.55,0.54
57.438958406448364,-0.5,-5.2,-61.6,1.26,-0.56,0.55
57.44974112510681,-0.7000000000000001,-5.5,-61.800000000000004,1.29,-0.58,0.53
57.45903825759888,-1.0,-5.300000000000001,-62.0,1.27,-0.65,0.53
57.46925687789917,-1.0,-5.0,-62.6,1.22,-0.58,0.56
57.47961640357971,-0.8,-4.6000000000000005,-62.6,1.17,-0.55,0.54
57.48898267745972,-0.8,-4.7,-62.800000000000004,1.22,-0.55,0.54
57.499093770980835,-1.1,-4.5,-62.900000000000006,1.19,-0.6,0.54
57.5089955329895,-1.3,-3.9000000000000004,-62.300000000000004,1.1300000000000001,-0.6,0.58
57.519039154052734,-1.4000000000000001,-3.7,-63.0,1.05,-0.61,0.5700000000000001
57.529444456100464,-1.5,-3.2,-62.900000000000006,1.08,-0.65,0.5700000000000001
57.539631843566895,-1.5,-3.6,-61.0,1.06,-0.67,0.59
57.54908490180969,-1.4000000000000001,-3.6,-62.7,1.0,-0.66,0.58
57.55994534492493,-1.1,-3.3000000000000003,-62.300000000000004,1.03,-0.64,0.58
57.569862365722656,-1.4000000000000001,-4.0,-62.0,1.08,-0.64,0.58
57.57917404174805,-1.4000000000000001,-3.8000000000000003,-62.300000000000004,1.09,-0.65,0.59
57.58901405334473,-1.7000000000000002,-4.1000000000000005,-62.800000000000004,1.1300000000000001,-0.62,0.56
57.59885931015015,-1.7000000000000002,-4.0,-62.400000000000006,1.11,-0.63,0.53
57.60924983024597,-1.6,-4.6000000000000005,-62.5,1.1400000000000001,-0.64,0.58
57.61894869804382,-1.5,-5.1000000000000005,-62.7,1.23,-0.68,0.58
57.62938928604126,-1.5,-4.9,-62.400000000000006,1.2,-0.64,0.53
57.6399290561676,-1.3,-4.4,-62.0,1.16,-0.63,0.52
57.649606227874756,-1.5,-4.5,-62.7,1.18,-0.65,0.58
57.65900683403015,-1.5,-4.5,-63.2,1.16,-0.64,0.6
57.670026779174805,-1.4000000000000001,-4.6000000000000005,-63.5,1.19,-0.63,0.54
57.67988562583923,-0.1,-5.0,-60.6,1.21,-0.54,0.52
57.68895983695984,0.1,-4.800000000000001,-61.300000000000004,1.1500000000000001,-0.47000000000000003,0.5700000000000001
57.69896197319031,-0.4,-4.3,-63.0,1.1300000000000001,-0.5,0.53
57.709315061569214,-1.0,-4.5,-63.2,1.2,-0.58,0.52
57.719258308410645,0.0,-5.6000000000000005,-61.2,1.26,-0.53,0.5700000000000001
57.72913837432861,0.1,-5.0,-61.6,1.2,-0.43,0.51
57.739614486694336,-0.30000000000000004,-4.6000000000000005,-61.400000000000006,1.1400000000000001,-0.47000000000000003,0.48
57.74991226196289,-0.5,-4.3,-61.5,1.16,-0.56,0.55
57.75982880592346,-0.5,-4.6000000000000005,-61.6,1.16,-0.56,0.59
57.76979112625122,-0.4,-4.2,-62.300000000000004,1.09,-0.52,0.58
57.77964973449707,-0.7000000000000001,-3.9000000000000004,-62.300000000000004,1.07,-0.5,0.53
57.78912878036499,-1.4000000000000001,-4.4,-62.2,1.1500000000000001,-0.63,0.51
57.79896306991577,-1.0,-4.4,-62.0,1.2,-0.61,0.59
57.80908274650574,-1.7000000000000002,-4.7,-62.7,1.12,-0.63,0.5700000000000001
57.81946897506714,-1.7000000000000002,-4.4,-63.2,1.1300000000000001,-0.68,0.58
57.82892823219299,-1.3,-5.0,-63.2,1.2,-0.61,0.58
57.83924174308777,-1.0,-4.9,-63.7,1.19,-0.49,0.52
57.8500816822052,-1.3,-4.7,-63.1,1.17,-0.53,0.49
57.85991382598877,-0.8,-5.2,-61.1,1.2,-0.63,0.58
57.869887590408325,-1.2000000000000002,-5.300000000000001,-62.7,1.21,-0.64,0.6
57.87976694107056,-1.4000000000000001,-4.9,-61.300000000000004,1.17,-0.6900000000000001,0.52
57.889119386672974,-0.9,-4.9,-61.5,1.19,-0.6,0.56
57.89905405044556,-1.5,-4.800000000000001,-63.7,1.18,-0.58,0.5700000000000001
57.90940499305725,-0.8,-4.9,-61.400000000000006,1.17,-0.56,0.53
57.91967988014221,0.0,-4.9,-62.1,1.1500000000000001,-0.5,0.5700000000000001
57.92890024185181,-0.1,-5.0,-61.400000000000006,1.18,-0.49,0.54
57.93938446044922,-0.4,-4.6000000000000005,-61.6,1.1400000000000001,-0.49,0.54
57.94993233680725,-1.1,-4.9,-60.800000000000004,1.1500000000000001,-0.61,0.53
57.960166215896606,-0.7000000000000001,-5.800000000000001,-62.300000000000004,1.31,-0.58,0.56
57.97001600265503,-0.1,-5.5,-62.300000000000004,1.26,-0.48,0.56
57.97943949699402,-0.7000000000000001,-5.0,-62.800000000000004,1.21,-0.48,0.49
57.98927283287048,-0.8,-4.1000000000000005,-61.6,1.16,-0.59,0.49
57.99898028373718,-0.1,-4.800000000000001,-62.6,1.1500000000000001,-0.53,0.62
58.00892424583435,-0.2,-4.800000000000001,-63.400000000000006,1.1300000000000001,-0.45,0.5700000000000001
58.019344091415405,0.0,-4.6000000000000005,-63.0,1.18,-0.45,0.51
58.02968192100525,-0.1,-5.1000000000000005,-63.2,1.23,-0.43,0.5
58.03914928436279,0.2,-4.9,-63.1,1.18,-0.36,0.5
58.05009961128235,0.0,-4.7,-63.2,1.16,-0.44,0.53
58.05918836593628,0.0,-6.0,-60.6,1.26,-0.58,0.5700000000000001
58.069011926651,-0.1,-5.2,-63.1,1.32,-0.46,0.56
58.0796594619751,-0.30000000000000004,-4.7,-62.400000000000006,1.17,-0.5,0.46
58.08985638618469,-0.1,-5.5,-60.5,1.26,-0.5700000000000001,0.55
58.09898853302002,0.0,-6.300000000000001,-62.6,1.3,-0.47000000000000003,0.5700000000000001
58.10889196395874,0.0,-5.4,-62.6,1.2,-0.45,0.5
58.11909008026123,-0.9,-5.7,-61.6,1.26,-0.61,0.48
58.12939786911011,-0.8,-5.5,-61.2,1.3,-0.64,0.56
58.13905882835388,-0.6000000000000001,-5.2,-62.6,1.1500000000000001,-0.5700000000000001,0.59
58.14903521537781,-0.5,-4.7,-63.2,1.06,-0.47000000000000003,0.54
58.159374475479126,-0.5,-5.0,-62.400000000000006,1.18,-0.5,0.52
58.16911959648132,-0.7000000000000001,-5.300000000000001,-61.900000000000006,1.27,-0.54,0.54
58.17901802062988,-0.9,-5.300000000000001,-62.400000000000006,1.23,-0.55,0.53
58.189024925231934,-0.9,-4.7,-62.7,1.1500000000000001,-0.5700000000000001,0.54
58.19982576370239,-0.8,-5.2,-63.2,1.18,-0.5700000000000001,0.58
58.209067821502686,-0.6000000000000001,-5.0,-63.1,1.22,-0.5,0.55
58.21970462799072,0.0,-4.2,-62.900000000000006,1.1,-0.37,0.5
58.229050159454346,0.5,-4.9,-60.6,1.1300000000000001,-0.48,0.51
58.23897576332092,-0.30000000000000004,-5.0,-63.6,1.23,-0.46,0.58
58.24916911125183,-0.6000000000000001,-5.7,-63.5,1.26,-0.54,0.55
58.259807109832764,-0.7000000000000001,-5.300000000000001,-63.0,1.31,-0.53,0.52
58.269957304000854,0.4,-6.2,-61.300000000000004,1.23,-0.46,0.51
58.27991533279419,0.9,-6.2,-62.2,1.28,-0.34,0.53
58.28987002372742,0.9,-6.7,-62.0,1.34,-0.36,0.48
58.300013065338135,0.9,-6.4,-61.5,1.3900000000000001,-0.39,0.48
58.30982327461243,0.1,-6.1000000000000005,-62.800000000000004,1.31,-0.42,0.49
58.318883419036865,0.1,-5.2,-61.300000000000004,1.18,-0.46,0.54
58.32932662963867,0.7000000000000001,-5.5,-62.2,1.18,-0.41000000000000003,0.5700000000000001
58.33908200263977,0.7000000000000001,-5.6000000000000005,-62.2,1.26,-0.36,0.53
58.349403381347656,0.5,-5.5,-61.900000000000006,1.23,-0.33,0.44
58.35987854003906,0.6000000000000001,-5.300000000000001,-62.300000000000004,1.21,-0.37,0.5
58.36903119087219,0.30000000000000004,-5.7,-63.1,1.23,-0.39,0.55
58.37906193733215,-0.30000000000000004,-5.5,-62.7,1.24,-0.48,0.52
58.389023542404175,-0.7000000000000001,-5.7,-62.5,1.3,-0.5700000000000001,0.53
58.39897680282593,-1.2000000000000002,-5.7,-62.7,1.29,-0.58,0.54
58.40895199775696,-0.6000000000000001,-5.2,-63.300000000000004,1.19,-0.53,0.54
58.41889667510986,-0.1,-5.4,-64.0,1.21,-0.42,0.54
58.42958664894104,0.1,-4.9,-63.5,1.23,-0.38,0.49
58.439513206481934,0.4,-5.2,-61.300000000000004,1.1400000000000001,-0.43,0.51
58.44938945770264,0.5,-5.300000000000001,-62.0,1.18,-0.44,0.55
58.4595468044281,0.1,-5.7,-61.900000000000006,1.21,-0.45,0.5700000000000001
58.47012901306152,-0.30000000000000004,-5.9,-61.0,1.26,-0.53,0.5
58.47903847694397,-0.4,-6.2,-61.300000000000004,1.31,-0.52,0.51
58.489240646362305,0.2,-6.5,-62.0,1.28,-0.44,0.56
58.499173402786255,0.5,-6.6000000000000005,-62.0,1.34,-0.39,0.51
58.50905156135559,0.9,-6.5,-62.400000000000006,1.31,-0.31,0.46
58.51913905143738,0.8,-6.2,-61.900000000000006,1.29,-0.33,0.47000000000000003
58.52987241744995,0.7000000000000001,-6.0,-62.1,1.3,-0.39,0.52
58.539260149002075,0.30000000000000004,-6.1000000000000005,-62.7,1.25,-0.44,0.53
58.54918313026428,0.2,-5.7,-62.5,1.23,-0.38,0.54
58.56006479263306,-0.1,-5.6000000000000005,-62.1,1.24,-0.41000000000000003,0.48
58.56962037086487,1.0,-6.2,-60.300000000000004,1.31,-0.45,0.52
58.579981327056885,0.8,-6.300000000000001,-63.300000000000004,1.33,-0.37,0.5700000000000001
58.58985114097595,1.3,-5.800000000000001,-60.6,1.24,-0.35000000000000003,0.46
58.59995079040527,2.0,-5.7,-60.900000000000006,1.26,-0.3,0.46
58.60990071296692,2.3000000000000003,-6.300000000000001,-61.7,1.27,-0.24,0.51
58.61991333961487,2.2,-5.5,-61.400000000000006,1.22,-0.24,0.51
58.62996697425842,1.3,-5.300000000000001,-62.5,1.19,-0.3,0.47000000000000003
58.638965368270874,0.4,-4.9,-62.5,1.1500000000000001,-0.36,0.51
58.64894437789917,0.7000000000000001,-5.2,-61.400000000000006,1.1400000000000001,-0.42,0.5700000000000001
58.659714460372925,1.0,-5.800000000000001,-61.0,1.28,-0.44,0.56
58.66934680938721,0.8,-6.800000000000001,-61.300000000000004,1.34,-0.43,0.48
58.6790189743042,1.0,-6.800000000000001,-62.2,1.36,-0.28,0.44
58.688990116119385,1.5,-7.1000000000000005,-62.6,1.3800000000000001,-0.26,0.46
58.699037313461304,1.0,-7.1000000000000005,-62.1,1.43,-0.41000000000000003,0.49
58.708982944488525,0.8,-6.6000000000000005,-62.0,1.37,-0.39,0.53
58.71911883354187,0.7000000000000001,-5.7,-62.5,1.2,-0.39,0.49
58.73016858100891,0.4,-5.4,-62.5,1.16,-0.37,0.51
58.739368200302124,2.2,-6.2,-61.300000000000004,1.27,-0.33,0.54
58.74902868270874,1.1,-5.9,-63.900000000000006,1.31,-0.26,0.5
58.75973200798035,0.6000000000000001,-5.7,-63.1,1.23,-0.32,0.42
58.7700629234314,0.5,-6.4,-62.400000000000006,1.36,-0.39,0.53
58.77906274795532,1.5,-6.9,-62.0,1.3,-0.38,0.54
58.78899645805359,0.6000000000000001,-6.1000000000000005,-63.900000000000006,1.27,-0.33,0.49
58.7991578578949,0.30000000000000004,-6.0,-63.400000000000006,1.34,-0.38,0.46
58.809128284454346,0.2,-6.4,-63.400000000000006,1.37,-0.43,0.5
58.819167137145996,1.5,-6.4,-62.1,1.25,-0.33,0.53
58.830668449401855,1.6,-5.5,-61.6,1.18,-0.29,0.49
58.8392059803009,1.6,-5.4,-61.2,1.2,-0.3,0.48
58.848960638046265,1.5,-5.800000000000001,-63.7,1.23,-0.23,0.51
58.85922694206238,1.1,-6.2,-61.7,1.25,-0.38,0.5
58.87007665634155,1.6,-6.6000000000000005,-60.900000000000006,1.3900000000000001,-0.37,0.52
58.87994909286499,1.8,-6.9,-62.1,1.35,-0.27,0.48
58.88892197608948,2.2,-6.0,-62.900000000000006,1.21,-0.13,0.45
58.89977693557739,2.6,-6.300000000000001,-62.2,1.26,-0.15,0.47000000000000003
58.90920090675354,2.5,-6.7,-61.800000000000004,1.42,-0.24,0.49
58.91888499259949,1.4000000000000001,-6.4,-61.900000000000006,1.31,-0.27,0.47000000000000003
58.92957615852356,1.3,-6.2,-62.5,1.25,-0.27,0.48
58.939913749694824,1.4000000000000001,-6.2,-62.400000000000006,1.29,-0.31,0.52
58.94914269447327,2.7,-6.300000000000001,-61.300000000000004,1.27,-0.22,0.49
58.95946025848389,1.7000000000000002,-6.0,-62.900000000000006,1.25,-0.19,0.47000000000000003
58.96952247619629,2.1,-6.800000000000001,-60.2,1.35,-0.33,0.47000000000000003
58.980350732803345,2.7,-6.7,-61.1,1.33,-0.21,0.52
58.98898673057556,2.5,-6.800000000000001,-62.0,1.31,-0.21,0.43
58.999342918395996,2.3000000000000003,-6.2,-62.900000000000006,1.33,-0.17,0.46
59.00904822349548,1.4000000000000001,-6.300000000000001,-61.1,1.26,-0.35000000000000003,0.48
59.018927812576294,2.0,-6.1000000000000005,-61.2,1.24,-0.31,0.53
59.02954959869385,2.2,-6.300000000000001,-62.900000000000006,1.28,-0.24,0.53
59.03944754600525,2.0,-6.0,-61.6,1.23,-0.26,0.44
59.049158811569214,1.8,-6.4,-62.2,1.27,-0.19,0.46
59.059916734695435,1.8,-7.1000000000000005,-62.5,1.34,-0.24,0.5
59.06987762451172,1.3,-7.4,-62.2,1.41,-0.36,0.5
59.07960891723633,1.2000000000000002,-6.9,-62.0,1.3800000000000001,-0.34,0.48
59.08894109725952,1.3,-6.7,-62.6,1.3,-0.28,0.47000000000000003
59.09897804260254,1.6,-6.9,-62.6,1.35,-0.26,0.48
59.11003494262695,1.4000000000000001,-6.7,-62.6,1.37,-0.34,0.51
59.11891460418701,2.4000000000000004,-5.9,-61.900000000000006,1.24,-0.25,0.49
59.12913632392883,2.4000000000000004,-5.0,-62.800000000000004,1.12,-0.13,0.47000000000000003
59.139251708984375,1.8,-5.800000000000001,-63.300000000000004,1.17,-0.15,0.47000000000000003
59.14922761917114,2.0,-6.5,-62.7,1.37,-0.24,0.49
59.15894937515259,2.0,-6.7,-63.2,1.4000000000000001,-0.21,0.49
59.169424295425415,2.0,-6.4,-63.300000000000004,1.31,-0.17,0.44
59.18002772331238,2.9000000000000004,-6.9,-61.5,1.3,-0.19,0.47000000000000003
59.189138889312744,3.3000000000000003,-6.6000000000000005,-61.5,1.32,-0.12,0.48
59.199923038482666,2.6,-6.4,-62.0,1.25,-0.14,0.46
59.209251165390015,2.4000000000000004,-6.4,-60.900000000000006,1.3,-0.26,0.47000000000000003
59.21907043457031,2.6,-6.300000000000001,-60.7,1.29,-0.23,0.5
59.22910475730896,2.4000000000000004,-6.800000000000001,-62.2,1.26,-0.25,0.49
59.2394745349884,2.7,-6.9,-61.800000000000004,1.34,-0.17,0.49
59.249481439590454,3.2,-6.7,-61.7,1.32,-0.06,0.44
59.25916862487793,3.7,-6.6000000000000005,-61.6,1.3,-0.02,0.42
59.269258975982666,3.5,-7.1000000000000005,-62.2,1.3800000000000001,-0.03,0.45
59.27902603149414,2.9000000000000004,-6.7,-61.900000000000006,1.37,-0.17,0.45
59.289855003356934,2.4000000000000004,-6.7,-61.800000000000004,1.32,-0.2,0.47000000000000003
59.29920148849487,2.7,-6.1000000000000005,-63.1,1.26,-0.12,0.49
59.30894231796265,3.3000000000000003,-5.9,-62.1,1.19,-0.07,0.47000000000000003
59.31952357292175,2.4000000000000004,-5.9,-62.400000000000006,1.26,-0.14,0.46
59.32929491996765,2.4000000000000004,-6.300000000000001,-63.1,1.33,-0.2,0.49
59.33923363685608,2.7,-7.0,-62.7,1.31,-0.18,0.47000000000000003
59.34958863258362,3.3000000000000003,-7.0,-61.900000000000006,1.37,-0.12,0.43
59.359599590301514,2.8000000000000003,-7.800000000000001,-62.0,1.46,-0.21,0.43
59.369877099990845,3.1,-7.2,-62.2,1.41,-0.16,0.46
59.3789598941803,2.8000000000000003,-7.0,-62.400000000000006,1.28,-0.17,0.46
59.389281034469604,2.7,-6.5,-62.300000000000004,1.27,-0.18,0.5
59.399617195129395,2.3000000000000003,-6.7,-62.0,1.28,-0.25,0.49
59.40894937515259,2.4000000000000004,-6.5,-62.0,1.27,-0.21,0.47000000000000003
59.41911482810974,3.2,-6.5,-62.7,1.25,-0.06,0.46
59.429682970047,3.4000000000000004,-6.5,-62.5,1.25,-0.11,0.46
59.43899321556091,3.2,-6.9,-62.7,1.34,-0.1,0.48
59.449127435684204,3.2,-6.800000000000001,-62.400000000000006,1.32,-0.05,0.42
59.460428953170776,3.1,-6.9,-62.900000000000006,1.32,-0.1,0.44
59.469934701919556,3.6,-7.0,-62.5,1.4000000000000001,-0.19,0.47000000000000003
59.47915697097778,3.5,-6.7,-63.300000000000004,1.31,-0.07,0.46
59.48905611038208,2.8000000000000003,-6.0,-62.800000000000004,1.26,-0.08,0.41000000000000003
59.49906086921692,2.2,-6.6000000000000005,-62.1,1.33,-0.22,0.47000000000000003
59.50899410247803,2.7,-6.6000000000000005,-62.300000000000004,1.35,-0.23,0.54
59.518893003463745,3.0,-6.300000000000001,-63.300000000000004,1.27,-0.09,0.47000000000000003
59.5297691822052,3.4000000000000004,-6.300000000000001,-63.2,1.27,0.01,0.41000000000000003
59.54032373428345,4.9,-7.2,-62.400000000000006,1.36,0.03,0.43
59.54889249801636,5.1000000000000005,-7.1000000000000005,-61.800000000000004,1.35,0.09,0.43
59.56037735939026,4.3,-6.800000000000001,-63.400000000000006,1.34,0.03,0.4
59.569902181625366,4.0,-6.5,-61.300000000000004,1.36,-0.06,0.45
59.580113649368286,4.0,-6.2,-62.400000000000006,1.27,-0.06,0.47000000000000003
59.589025020599365,3.3000000000000003,-5.800000000000001,-63.2,1.17,-0.04,0.46
59.5992546081543,3.5,-6.0,-61.2,1.24,-0.08,0.49
59.60964822769165,4.0,-6.9,-62.300000000000004,1.3900000000000001,-0.11,0.47000000000000003
59.61889672279358,4.0,-6.7,-61.6,1.32,-0.08,0.41000000000000003
59.629894733428955,4.1000000000000005,-6.6000000000000005,-62.900000000000006,1.28,0.06,0.42
59.63982796669006,4.2,-7.1000000000000005,-62.800000000000004,1.33,0.03,0.44
59.64923286437988,4.0,-6.7,-62.300000000000004,1.35,-0.0,0.44
59.658955812454224,3.6,-6.7,-62.6,1.3,-0.04,0.43
59.669312477111816,3.1,-6.7,-62.6,1.34,-0.12,0.47000000000000003
59.679977893829346,2.8000000000000003,-6.9,-62.5,1.35,-0.17,0.48
59.68896126747131,4.1000000000000005,-6.7,-63.300000000000004,1.3,-0.06,0.45
59.69971561431885,4.0,-6.1000000000000005,-63.1,1.25,0.03,0.43
59.709484577178955,4.4,-6.7,-63.300000000000004,1.3,-0.03,0.42
59.718979597091675,4.3,-6.9,-62.800000000000004,1.33,-0.04,0.46
59.72953271865845,3.7,-7.1000000000000005,-63.400000000000006,1.32,-0.08,0.47000000000000003
59.739933490753174,3.8000000000000003,-6.7,-63.900000000000006,1.34,-0.07,0.46
59.74950313568115,4.2,-7.300000000000001,-62.6,1.31,-0.02,0.41000000000000003
59.75991129875183,4.3,-7.1000000000000005,-63.300000000000004,1.33,-0.0,0.45
59.76989221572876,4.2,-7.800000000000001,-63.0,1.44,-0.0,0.43
59.779853105545044,4.2,-7.5,-62.1,1.4000000000000001,-0.05,0.41000000000000003
59.78989505767822,4.0,-7.6000000000000005,-63.0,1.3800000000000001,-0.02,0.43
59.799845695495605,3.9000000000000004,-6.4,-61.900000000000006,1.26,-0.06,0.45
59.80915570259094,3.9000000000000004,-6.300000000000001,-63.900000000000006,1.28,-0.02,0.47000000000000003
59.81917119026184,3.8000000000000003,-6.0,-63.1,1.27,-0.0,0.46
59.82898163795471,3.9000000000000004,-6.0,-62.7,1.24,-0.03,0.46
59.83894729614258,4.7,-6.0,-62.400000000000006,1.25,0.01,0.45
59.848976373672485,4.9,-6.6000000000000005,-63.300000000000004,1.28,0.11,0.43
59.85913372039795,5.2,-6.7,-62.5,1.35,0.15,0.4
59.86903095245361,5.2,-6.800000000000001,-62.1,1.37,0.13,0.39
59.879682540893555,4.800000000000001,-6.9,-62.6,1.35,0.09,0.41000000000000003
59.88958740234375,5.0,-6.9,-62.800000000000004,1.3,0.04,0.45
59.89901542663574,5.2,-5.9,-62.2,1.25,0.07,0.45
59.909284353256226,5.1000000000000005,-6.300000000000001,-63.0,1.24,0.06,0.43
59.919628620147705,4.7,-6.4,-62.800000000000004,1.33,-0.0,0.45
59.92942690849304,4.6000000000000005,-6.7,-62.300000000000004,1.34,-0.02,0.42
59.93925595283508,5.300000000000001,-6.4,-62.7,1.27,0.11,0.44
59.9492974281311,5.2,-6.800000000000001,-62.900000000000006,1.3,0.09,0.42
59.95897173881531,5.2,-7.2,-63.0,1.3800000000000001,0.09,0.42
59.9693922996521,5.2,-7.2,-63.2,1.3800000000000001,0.08,0.4
59.979488372802734,5.1000000000000005,-7.2,-63.1,1.35,0.09,0.42
59.98904347419739,5.4,-6.6000000000000005,-63.1,1.29,0.14,0.43
59.998944997787476,5.1000000000000005,-6.4,-63.1,1.25,0.1,0.42
60.009453535079956,4.2,-6.4,-63.400000000000006,1.29,-0.0,0.45
60.02011156082153,3.7,-6.6000000000000005,-62.800000000000004,1.28,-0.05,0.47000000000000003
60.0289990901947,4.6000000000000005,-6.300000000000001,-64.10000000000001,1.27,-0.02,0.45
60.03903102874756,4.4,-6.0,-63.400000000000006,1.22,0.06,0.46
60.05039358139038,4.5,-6.9,-64.10000000000001,1.32,0.06,0.43
60.05892324447632,5.2,-7.4,-64.0,1.41,0.04,0.41000000000000003
60.0693461894989,5.2,-6.6000000000000005,-64.5,1.36,0.16,0.41000000000000003
60.07990074157715,5.5,-7.4,-63.7,1.3,0.1,0.41000000000000003
60.08946371078491,5.5,-7.4,-63.7,1.44,0.05,0.44
60.09898543357849,5.6000000000000005,-7.4,-64.10000000000001,1.3900000000000001,0.12,0.41000000000000003
60.108922719955444,5.300000000000001,-7.1000000000000005,-63.400000000000006,1.32,0.1,0.4
60.11978554725647,5.2,-6.9,-63.5,1.34,0.06,0.44
60.12898063659668,4.9,-7.0,-63.7,1.31,0.06,0.44
60.1392138004303,5.5,-6.4,-63.7,1.28,0.16,0.44
60.15080738067627,5.6000000000000005,-6.6000000000000005,-63.800000000000004,1.31,0.12,0.41000000000000003
60.16020464897156,5.7,-6.1000000000000005,-64.2,1.32,0.05,0.4
60.169018268585205,5.2,-6.1000000000000005,-64.0,1.25,0.16,0.45
60.18000507354736,5.300000000000001,-6.1000000000000005,-63.2,1.25,0.16,0.43
60.18925189971924,5.300000000000001,-6.9,-62.5,1.37,0.07,0.43
60.199077129364014,6.0,-6.9,-62.900000000000006,1.4000000000000001,0.14,0.44
60.2089319229126,6.2,-6.7,-63.2,1.3,0.23,0.37
60.22050428390503,6.0,-6.2,-62.5,1.3,0.21,0.38
60.22916388511658,6.2,-6.2,-63.900000000000006,1.29,0.19,0.44
60.23895311355591,6.4,-5.800000000000001,-63.400000000000006,1.21,0.26,0.43
60.24992299079895,5.6000000000000005,-5.5,-64.2,1.22,0.18,0.41000000000000003
60.25904130935669,5.6000000000000005,-6.300000000000001,-63.2,1.34,0.07,0.43
60.26922273635864,5.9,-6.0,-63.7,1.25,0.13,0.45
60.279011249542236,5.6000000000000005,-5.800000000000001,-63.900000000000006,1.2,0.13,0.42
60.290032386779785,6.2,-6.300000000000001,-63.2,1.27,0.12,0.44
60.299811124801636,6.2,-6.9,-63.6,1.33,0.18,0.43
60.3098623752594,6.300000000000001,-6.2,-63.900000000000006,1.29,0.27,0.38
60.31939172744751,6.5,-7.0,-63.2,1.32,0.27,0.38
60.329017877578735,6.5,-7.0,-63.300000000000004,1.3800000000000001,0.21,0.41000000000000003
60.33960962295532,5.9,-7.5,-63.400000000000006,1.37,0.15,0.42
60.34980273246765,5.6000000000000005,-7.2,-63.900000000000006,1.3800000000000001,0.11,0.43
60.36013340950012,5.800000000000001,-6.800000000000001,-63.400000000000006,1.31,0.17,0.41000000000000003
60.36897826194763,6.2,-6.4,-65.2,1.28,0.21,0.4
60.37903046607971,5.2,-6.1000000000000005,-64.5,1.25,0.16,0.42
60.38992762565613,5.2,-6.9,-64.9,1.36,0.1,0.45
60.39890432357788,5.7,-6.800000000000001,-65.0,1.37,0.08,0.42
60.40888857841492,5.5,-6.5,-64.2,1.27,0.16,0.4
60.419671297073364,5.9,-6.7,-65.2,1.31,0.24,0.42
60.42913103103638,6.4,-7.1000000000000005,-65.0,1.3800000000000001,0.18,0.4
60.43933582305908,6.6000000000000005,-6.6000000000000005,-64.4,1.34,0.24,0.4
60.44924712181091,6.2,-6.9,-64.60000000000001,1.3,0.21,0.41000000000000003
60.45984101295471,6.300000000000001,-6.800000000000001,-64.60000000000001,1.32,0.19,0.43
60.469046115875244,6.1000000000000005,-6.9,-64.0,1.34,0.18,0.41000000000000003
60.479857206344604,6.300000000000001,-6.4,-64.10000000000001,1.28,0.26,0.41000000000000003
60.489216327667236,6.4,-6.1000000000000005,-64.10000000000001,1.25,0.24,0.41000000000000003
60.49893569946289,6.1000000000000005,-6.2,-63.400000000000006,1.27,0.18,0.41000000000000003
60.50891733169556,5.6000000000000005,-6.7,-64.3,1.33,0.15,0.43
60.51935267448425,5.800000000000001,-6.1000000000000005,-63.6,1.29,0.12,0.42
60.528974294662476,6.0,-6.2,-63.7,1.23,0.15,0.43
60.5391161441803,6.5,-5.800000000000001,-63.5,1.23,0.23,0.43
60.54945945739746,6.6000000000000005,-6.0,-63.6,1.24,0.28,0.4
60.55986738204956,7.2,-6.1000000000000005,-63.0,1.25,0.31,0.41000000000000003
60.569092988967896,7.4,-6.5,-63.5,1.3,0.35000000000000003,0.4
60.57905960083008,7.6000000000000005,-6.300000000000001,-63.300000000000004,1.32,0.4,0.37
60.58915901184082,7.1000000000000005,-6.9,-63.1,1.32,0.31,0.37
60.59903430938721,7.1000000000000005,-6.800000000000001,-63.1,1.41,0.28,0.42
60.60899329185486,6.7,-7.1000000000000005,-63.300000000000004,1.3800000000000001,0.27,0.39
60.618977308273315,6.6000000000000005,-6.4,-63.1,1.32,0.27,0.37
60.62935662269592,6.6000000000000005,-6.2,-63.900000000000006,1.26,0.24,0.43
60.63905620574951,6.6000000000000005,-6.0,-64.4,1.25,0.23,0.43
60.65045976638794,6.5,-6.0,-64.10000000000001,1.24,0.23,0.41000000000000003
60.65924334526062,6.4,-6.1000000000000005,-64.60000000000001,1.25,0.24,0.42
60.66916608810425,6.4,-5.5,-64.60000000000001,1.23,0.29,0.41000000000000003
60.6799201965332,6.4,-6.5,-64.4,1.26,0.24,0.41000000000000003
60.689921617507935,6.300000000000001,-6.4,-64.8,1.34,0.19,0.41000000000000003
60.70000863075256,6.300000000000001,-6.4,-64.4,1.26,0.23,0.43
60.71010088920593,6.5,-5.800000000000001,-65.3,1.19,0.25,0.42
60.720054626464844,6.7,-6.4,-65.7,1.29,0.28,0.42
60.73015308380127,6.7,-7.1000000000000005,-65.0,1.3900000000000001,0.23,0.38
60.73906874656677,6.9,-7.5,-65.0,1.44,0.25,0.38
60.749157190322876,6.800000000000001,-7.1000000000000005,-65.3,1.42,0.31,0.4
60.75970673561096,6.6000000000000005,-7.1000000000000005,-64.7,1.36,0.27,0.37
60.769710063934326,6.5,-6.800000000000001,-65.0,1.34,0.26,0.39
60.77945017814636,7.2,-6.1000000000000005,-65.3,1.25,0.33,0.43
60.78923273086548,7.0,-6.1000000000000005,-64.9,1.21,0.3,0.4
60.79949426651001,6.7,-6.5,-65.2,1.31,0.28,0.4
60.808985471725464,6.6000000000000005,-6.9,-64.7,1.3800000000000001,0.22,0.4
60.818869829177856,6.7,-6.9,-64.60000000000001,1.35,0.25,0.4
60.82913661003113,6.7,-6.6000000000000005,-64.8,1.33,0.26,0.39
60.83941173553467,6.800000000000001,-6.0,-64.60000000000001,1.28,0.26,0.41000000000000003
60.84901237487793,7.0,-6.0,-64.7,1.22,0.31,0.43
60.85916328430176,7.300000000000001,-5.4,-64.10000000000001,1.19,0.33,0.4
60.869160890579224,7.4,-5.800000000000001,-64.5,1.2,0.34,0.41000000000000003
60.87923502922058,7.6000000000000005,-6.1000000000000005,-63.900000000000006,1.28,0.34,0.41000000000000003
60.889498233795166,7.4,-6.6000000000000005,-64.0,1.33,0.35000000000000003,0.38
60.89964580535889,7.6000000000000005,-6.7,-64.10000000000001,1.37,0.36,0.37
60.90919256210327,7.7,-6.6000000000000005,-63.7,1.35,0.38,0.38
60.919034004211426,7.5,-6.1000000000000005,-63.5,1.29,0.35000000000000003,0.38
60.92941641807556,7.2,-6.300000000000001,-64.0,1.28,0.3,0.41000000000000003
60.93893122673035,7.2,-6.1000000000000005,-63.6,1.27,0.3,0.42
60.94917631149292,7.4,-5.5,-64.0,1.21,0.35000000000000003,0.4
60.95968055725098,7.5,-5.800000000000001,-64.4,1.23,0.36,0.39
60.97046160697937,7.5,-6.0,-64.60000000000001,1.27,0.34,0.39
60.97901773452759,7.300000000000001,-5.7,-64.60000000000001,1.26,0.35000000000000003,0.39
60.98914861679077,7.0,-5.7,-64.9,1.2,0.31,0.41000000000000003
60.99954080581665,6.7,-5.9,-64.60000000000001,1.25,0.24,0.42
61.00904631614685,6.6000000000000005,-6.1000000000000005,-65.10000000000001,1.3,0.22,0.42
61.01906609535217,7.0,-6.0,-65.2,1.24,0.29,0.42
61.02926301956177,7.1000000000000005,-5.800000000000001,-65.60000000000001,1.22,0.32,0.39
61.039196491241455,7.300000000000001,-6.300000000000001,-65.8,1.28,0.35000000000000003,0.39
61.04922938346863,7.4,-6.300000000000001,-65.9,1.3,0.35000000000000003,0.39
61.05901885032654,7.4,-6.6000000000000005,-65.9,1.31,0.36,0.39
61.06942939758301,7.2,-6.5,-65.5,1.31,0.32,0.39
61.07914686203003,7.2,-6.800000000000001,-65.5,1.34,0.31,0.4
61.08907103538513,7.4,-6.5,-65.3,1.3,0.34,0.41000000000000003
61.09936714172363,7.2,-6.9,-65.60000000000001,1.31,0.32,0.39
61.10931754112244,7.6000000000000005,-7.1000000000000005,-65.0,1.41,0.35000000000000003,0.39
61.118918657302856,7.7,-7.7,-65.10000000000001,1.43,0.38,0.37
61.130176067352295,7.7,-7.1000000000000005,-65.3,1.41,0.38,0.36
61.13917422294617,7.5,-6.6000000000000005,-65.3,1.32,0.34,0.38
61.149242877960205,7.4,-6.2,-65.0,1.26,0.35000000000000003,0.42
61.159262895584106,7.1000000000000005,-6.2,-65.10000000000001,1.25,0.31,0.41000000000000003
61.169230937957764,7.2,-6.2,-65.2,1.3,0.32,0.4
61.17903542518616,7.2,-6.300000000000001,-65.0,1.29,0.32,0.39
61.1889328956604,7.5,-6.0,-65.0,1.31,0.35000000000000003,0.38
61.198983669281006,7.4,-5.9,-64.9,1.26,0.35000000000000003,0.38
61.20894432067871,7.300000000000001,-5.4,-64.8,1.2,0.34,0.41000000000000003
61.219300270080566,7.300000000000001,-4.9,-65.0,1.1400000000000001,0.33,0.43
61.22951292991638,7.5,-5.1000000000000005,-64.8,1.16,0.36,0.42
61.23894119262695,7.4,-5.0,-64.8,1.18,0.35000000000000003,0.39
61.25017309188843,7.6000000000000005,-5.2,-64.7,1.18,0.36,0.41000000000000003
61.258973836898804,7.6000000000000005,-5.7,-65.3,1.27,0.37,0.4
61.26906895637512,7.4,-5.6000000000000005,-64.4,1.23,0.32,0.38
61.279261350631714,7.6000000000000005,-6.0,-65.10000000000001,1.28,0.35000000000000003,0.41000000000000003
61.28948426246643,7.4,-5.6000000000000005,-64.9,1.24,0.33,0.4
61.298962116241455,7.7,-5.9,-65.10000000000001,1.23,0.35000000000000003,0.41000000000000003
61.30916357040405,7.9,-5.800000000000001,-64.7,1.25,0.38,0.4
61.31924772262573,7.800000000000001,-6.6000000000000005,-65.0,1.29,0.4,0.38
61.32904005050659,8.1,-7.1000000000000005,-65.0,1.43,0.43,0.37
61.33902430534363,8.0,-7.2,-64.9,1.3900000000000001,0.4,0.35000000000000003
61.34939384460449,8.1,-7.300000000000001,-65.0,1.3900000000000001,0.4,0.38
61.35928440093994,7.6000000000000005,-6.800000000000001,-65.3,1.37,0.39,0.38
61.36919903755188,7.6000000000000005,-7.0,-65.7,1.34,0.38,0.38
61.37997484207153,7.7,-6.9,-65.7,1.37,0.39,0.39
61.38992428779602,7.5,-6.6000000000000005,-65.60000000000001,1.33,0.36,0.38
61.399861335754395,7.4,-6.5,-66.0,1.31,0.35000000000000003,0.39
61.40986132621765,7.5,-6.6000000000000005,-66.10000000000001,1.32,0.36,0.39
61.42000484466553,7.300000000000001,-6.4,-66.3,1.29,0.33,0.39
61.429391860961914,7.6000000000000005,-6.5,-65.9,1.31,0.34,0.41000000000000003
61.439040660858154,7.5,-6.6000000000000005,-66.2,1.34,0.36,0.38
61.44928431510925,7.4,-6.5,-65.9,1.33,0.35000000000000003,0.37
61.45951771736145,7.5,-6.2,-66.4,1.28,0.35000000000000003,0.41000000000000003
61.469265937805176,7.5,-5.9,-66.10000000000001,1.25,0.34,0.4
61.47902798652649,7.5,-5.5,-66.10000000000001,1.22,0.35000000000000003,0.4
61.48927140235901,7.2,-5.1000000000000005,-66.10000000000001,1.1500000000000001,0.31,0.41000000000000003
61.499454498291016,7.0,-5.1000000000000005,-66.0,1.1500000000000001,0.29,0.43
61.50892376899719,7.0,-5.4,-65.60000000000001,1.22,0.3,0.42
61.519286155700684,7.5,-5.7,-65.7,1.26,0.33,0.39
61.52983617782593,7.7,-6.0,-65.7,1.3,0.38,0.38
61.53905892372131,7.7,-5.9,-65.4,1.25,0.39,0.39
61.54918313026428,7.6000000000000005,-5.5,-65.2,1.2,0.35000000000000003,0.42
61.559898853302,7.7,-6.1000000000000005,-65.0,1.24,0.36,0.42
61.56976246833801,7.7,-6.2,-65.4,1.32,0.4,0.38
61.57908058166504,8.1,-6.7,-64.5,1.35,0.39,0.36
61.58907175064087,8.200000000000001,-7.1000000000000005,-65.0,1.41,0.43,0.37
61.599037647247314,8.0,-6.800000000000001,-65.0,1.3900000000000001,0.43,0.35000000000000003
61.60909700393677,8.200000000000001,-6.9,-65.10000000000001,1.37,0.43,0.37
61.618882179260254,8.1,-6.800000000000001,-64.60000000000001,1.35,0.41000000000000003,0.38
61.628997564315796,7.800000000000001,-6.2,-65.4,1.32,0.4,0.39
61.63897228240967,8.0,-6.0,-65.10000000000001,1.28,0.39,0.39
61.6491003036499,7.800000000000001,-6.1000000000000005,-65.60000000000001,1.26,0.38,0.4
61.65934085845947,7.9,-6.2,-65.4,1.3,0.39,0.39
61.66967010498047,8.0,-6.5,-65.60000000000001,1.31,0.39,0.38
61.67918109893799,7.6000000000000005,-6.300000000000001,-65.5,1.32,0.38,0.37
61.6890869140625,7.300000000000001,-6.4,-66.10000000000001,1.32,0.36,0.39
61.69953155517578,7.1000000000000005,-6.0,-65.7,1.26,0.33,0.4
61.70956206321716,7.2,-5.7,-66.60000000000001,1.24,0.34,0.42
61.718976736068726,7.1000000000000005,-5.7,-66.2,1.22,0.32,0.4
61.72924184799194,6.9,-5.7,-66.60000000000001,1.23,0.32,0.41000000000000003
61.739386558532715,7.0,-5.6000000000000005,-66.8,1.23,0.31,0.41000000000000003
61.74967861175537,6.9,-6.0,-66.60000000000001,1.24,0.3,0.41000000000000003
61.75892400741577,6.9,-5.9,-66.5,1.26,0.3,0.4
61.77020835876465,7.0,-6.300000000000001,-66.8,1.28,0.31,0.41000000000000003
61.77991437911987,7.300000000000001,-6.7,-66.7,1.32,0.34,0.4
61.78921341896057,7.7,-7.1000000000000005,-66.2,1.4000000000000001,0.38,0.37
61.79995369911194,7.800000000000001,-7.300000000000001,-66.0,1.4000000000000001,0.39,0.36
61.81010031700134,8.0,-7.2,-66.60000000000001,1.4000000000000001,0.43,0.38
61.81983923912048,7.800000000000001,-6.9,-65.8,1.3800000000000001,0.42,0.37
61.82894778251648,7.9,-7.2,-65.9,1.3800000000000001,0.41000000000000003,0.37
61.83926796913147,7.5,-6.6000000000000005,-65.60000000000001,1.34,0.38,0.39
61.849061489105225,7.800000000000001,-6.800000000000001,-66.0,1.33,0.37,0.39
61.85899472236633,7.800000000000001,-6.7,-65.5,1.35,0.36,0.38
61.869948863983154,7.5,-6.800000000000001,-65.9,1.35,0.36,0.39
61.87910747528076,7.1000000000000005,-6.2,-65.4,1.29,0.33,0.39
61.888951539993286,7.2,-5.6000000000000005,-65.5,1.25,0.32,0.41000000000000003
61.898885011672974,7.2,-5.6000000000000005,-65.5,1.21,0.33,0.41000000000000003
61.909024477005005,7.2,-5.2,-65.5,1.18,0.33,0.41000000000000003
61.91915798187256,7.300000000000001,-5.1000000000000005,-65.60000000000001,1.18,0.36,0.42
61.92925524711609,7.6000000000000005,-5.1000000000000005,-65.7,1.2,0.36,0.4
61.939924478530884,7.5,-5.2,-65.4,1.17,0.36,0.39
61.949273347854614,7.6000000000000005,-5.2,-65.7,1.2,0.37,0.41000000000000003
61.95902633666992,7.5,-5.6000000000000005,-65.7,1.22,0.36,0.41000000000000003
61.96923875808716,7.7,-5.6000000000000005,-65.8,1.25,0.37,0.39
61.97913646697998,7.6000000000000005,-6.5,-65.4,1.29,0.38,0.38
61.988911151885986,7.800000000000001,-6.300000000000001,-65.7,1.36,0.38,0.38
61.99903845787048,7.800000000000001,-6.9,-66.10000000000001,1.36,0.37,0.38
62.009681701660156,7.800000000000001,-6.7,-65.5,1.34,0.35000000000000003,0.37
62.0189094543457,7.7,-7.1000000000000005,-65.9,1.37,0.39,0.39
62.02919054031372,7.9,-7.4,-65.9,1.4000000000000001,0.38,0.38
62.03939366340637,7.9,-7.5,-66.10000000000001,1.44,0.4,0.36
62.049171447753906,7.5,-7.5,-65.9,1.43,0.39,0.36
62.05896711349487,7.5,-7.300000000000001,-66.5,1.42,0.39,0.38
62.069748640060425,7.5,-7.2,-66.2,1.3900000000000001,0.36,0.37
62.07911562919617,7.1000000000000005,-6.9,-66.60000000000001,1.34,0.34,0.38
62.08945560455322,7.1000000000000005,-6.6000000000000005,-66.3,1.34,0.32,0.4
62.09897255897522,7.0,-6.5,-66.60000000000001,1.31,0.3,0.4
62.10922861099243,6.9,-6.1000000000000005,-66.60000000000001,1.27,0.29,0.4
62.1189649105072,6.800000000000001,-6.300000000000001,-67.10000000000001,1.26,0.3,0.41000000000000003
62.12949991226196,7.0,-5.9,-66.8,1.28,0.29,0.4
62.139283657073975,6.9,-6.4,-67.10000000000001,1.29,0.3,0.39
62.14991044998169,6.800000000000001,-5.9,-66.5,1.27,0.28,0.39
62.15912342071533,6.800000000000001,-6.2,-66.8,1.26,0.3,0.42
62.169036865234375,7.2,-5.9,-66.2,1.27,0.29,0.41000000000000003
62.179478883743286,7.300000000000001,-6.300000000000001,-67.0,1.28,0.36,0.4
62.18956732749939,7.5,-6.2,-66.5,1.29,0.37,0.37
62.19894623756409,7.800000000000001,-6.5,-65.8,1.31,0.37,0.39
62.2097544670105,7.7,-6.7,-65.9,1.35,0.36,0.39
62.219943046569824,7.5,-6.7,-65.4,1.36,0.38,0.37
62.22934150695801,7.6000000000000005,-6.5,-65.0,1.33,0.34,0.39
62.23939538002014,7.6000000000000005,-6.9,-65.10000000000001,1.36,0.36,0.4
62.249728202819824,7.9,-6.800000000000001,-65.10000000000001,1.36,0.42,0.36
62.258938789367676,7.800000000000001,-6.7,-64.8,1.36,0.39,0.36
62.26909899711609,7.6000000000000005,-6.6000000000000005,-65.0,1.35,0.34,0.4
62.27964782714844,7.7,-6.7,-65.60000000000001,1.35,0.37,0.4
62.28939461708069,7.9,-6.4,-65.3,1.35,0.39,0.36
62.298919677734375,7.4,-6.1000000000000005,-65.2,1.3,0.34,0.36
62.30984425544739,7.300000000000001,-6.0,-65.9,1.27,0.31,0.41000000000000003
62.319666624069214,7.300000000000001,-5.800000000000001,-65.8,1.25,0.3,0.42
62.32884883880615,7.1000000000000005,-5.800000000000001,-65.9,1.25,0.28,0.41000000000000003
62.339776277542114,7.0,-5.9,-65.8,1.26,0.31,0.39
62.3494029045105,7.4,-6.2,-66.3,1.28,0.35000000000000003,0.39
62.35896372795105,7.2,-6.0,-66.2,1.29,0.3,0.4
62.369213819503784,7.5,-6.300000000000001,-66.2,1.27,0.33,0.4
62.37926411628723,7.2,-6.2,-66.3,1.28,0.31,0.38
62.38908553123474,7.0,-6.1000000000000005,-67.2,1.27,0.33,0.41000000000000003
62.39918231964111,7.1000000000000005,-6.2,-66.5,1.28,0.28,0.4
62.40893197059631,7.0,-6.7,-67.3,1.33,0.28,0.4
62.41925549507141,7.1000000000000005,-7.1000000000000005,-66.7,1.37,0.3,0.4
62.42894983291626,6.9,-6.800000000000001,-66.4,1.37,0.29,0.38
62.43893361091614,6.800000000000001,-7.300000000000001,-66.9,1.37,0.28,0.38
62.45020055770874,6.800000000000001,-7.0,-66.5,1.36,0.31,0.4
62.45899224281311,7.2,-7.1000000000000005,-66.4,1.3800000000000001,0.28,0.39
62.46906518936157,6.9,-7.4,-66.3,1.42,0.3,0.38
62.4801127910614,7.0,-7.0,-66.4,1.4000000000000001,0.32,0.36
62.4890775680542,7.300000000000001,-7.1000000000000005,-66.9,1.36,0.35000000000000003,0.37
62.49899625778198,7.4,-6.9,-65.9,1.36,0.32,0.41000000000000003
62.50908041000366,7.0,-7.2,-66.4,1.3800000000000001,0.3,0.39
62.52002954483032,7.1000000000000005,-6.5,-66.3,1.34,0.3,0.38
62.528966665267944,7.300000000000001,-6.300000000000001,-65.9,1.3,0.29,0.41000000000000003
62.53931379318237,6.800000000000001,-6.4,-65.7,1.32,0.24,0.41000000000000003
62.55049681663513,7.1000000000000005,-6.300000000000001,-65.7,1.32,0.3,0.41000000000000003
62.55910110473633,6.9,-5.6000000000000005,-65.60000000000001,1.24,0.3,0.4
62.569010496139526,7.2,-6.2,-65.4,1.25,0.3,0.42
62.580016136169434,7.300000000000001,-5.6000000000000005,-65.60000000000001,1.26,0.3,0.4
62.58941960334778,7.0,-5.5,-65.4,1.18,0.32,0.41000000000000003
62.59899950027466,7.2,-5.7,-64.8,1.27,0.32,0.42
62.60897612571716,7.6000000000000005,-6.6000000000000005,-65.0,1.32,0.31,0.39
62.619226932525635,7.4,-6.4,-64.8,1.35,0.33,0.36
62.628915786743164,7.5,-6.6000000000000005,-64.60000000000001,1.34,0.34,0.4
62.63925242424011,7.1000000000000005,-6.5,-64.9,1.32,0.33,0.4
62.64982533454895,7.1000000000000005,-6.300000000000001,-65.3,1.33,0.29,0.38
62.659239292144775,7.2,-6.6000000000000005,-65.3,1.31,0.3,0.4
62.669008016586304,7.1000000000000005,-6.800000000000001,-65.3,1.35,0.29,0.41000000000000003
62.67910575866699,7.2,-6.9,-65.3,1.3900000000000001,0.3,0.37
62.689417123794556,6.9,-6.800000000000001,-66.10000000000001,1.36,0.32,0.36
62.699018716812134,7.1000000000000005,-6.7,-65.8,1.35,0.31,0.4
62.70886206626892,7.5,-6.6000000000000005,-65.9,1.34,0.29,0.4
62.71978950500488,7.0,-6.7,-66.60000000000001,1.35,0.31,0.38
62.728983879089355,6.7,-6.800000000000001,-66.60000000000001,1.32,0.29,0.39
62.73939371109009,6.9,-6.2,-66.60000000000001,1.31,0.26,0.4
62.74980020523071,6.6000000000000005,-6.4,-66.5,1.29,0.2,0.41000000000000003
62.760030031204224,6.0,-6.300000000000001,-66.9,1.26,0.19,0.43
62.76932501792908,5.7,-6.1000000000000005,-66.4,1.3,0.17,0.41000000000000003
62.77906036376953,5.9,-6.4,-66.4,1.32,0.14,0.42
62.78925585746765,6.0,-6.6000000000000005,-66.5,1.33,0.18,0.42
62.79895377159119,6.0,-6.800000000000001,-66.8,1.31,0.23,0.4
62.808924436569214,6.800000000000001,-6.6000000000000005,-66.2,1.37,0.27,0.4
62.81897783279419,6.7,-7.1000000000000005,-66.3,1.35,0.24,0.38
62.82892942428589,6.6000000000000005,-6.7,-66.4,1.37,0.29,0.39
62.83892107009888,6.800000000000001,-6.9,-66.0,1.31,0.29,0.4
62.84958243370056,7.2,-6.300000000000001,-65.7,1.36,0.28,0.4
62.86008024215698,6.800000000000001,-7.1000000000000005,-65.7,1.32,0.28,0.38
62.86901545524597,6.9,-6.800000000000001,-65.3,1.35,0.3,0.4
62.879982471466064,7.0,-6.800000000000001,-65.3,1.3800000000000001,0.24,0.4
62.889968156814575,7.2,-7.1000000000000005,-65.3,1.3800000000000001,0.29,0.38
62.89985013008118,7.2,-7.1000000000000005,-65.0,1.41,0.31,0.37
62.909834146499634,7.2,-7.4,-64.9,1.42,0.33,0.38
62.91996216773987,7.5,-6.7,-64.8,1.42,0.32,0.36
62.92997741699219,7.300000000000001,-6.2,-64.7,1.25,0.31,0.39
62.93894052505493,7.1000000000000005,-5.5,-64.7,1.22,0.3,0.42
62.94948148727417,7.1000000000000005,-6.1000000000000005,-64.5,1.23,0.29,0.42
62.95992875099182,6.800000000000001,-5.7,-64.4,1.25,0.3,0.4
62.96952557563782,6.9,-6.1000000000000005,-64.4,1.3,0.29,0.39
62.980032444000244,6.6000000000000005,-6.4,-64.7,1.3800000000000001,0.21,0.39
62.98925709724426,6.4,-6.2,-65.0,1.29,0.22,0.4
62.99909853935242,6.2,-5.2,-65.4,1.18,0.21,0.44
63.00904154777527,6.300000000000001,-5.0,-65.10000000000001,1.1500000000000001,0.24,0.44
63.01966452598572,6.9,-5.300000000000001,-65.7,1.2,0.25,0.42
63.02923512458801,6.6000000000000005,-5.9,-65.4,1.26,0.23,0.41000000000000003
63.03919434547424,6.300000000000001,-6.4,-65.7,1.34,0.22,0.4
63.04945755004883,6.4,-6.7,-65.7,1.35,0.22,0.4
63.059194803237915,6.2,-6.7,-66.10000000000001,1.35,0.25,0.4
63.06918978691101,6.7,-6.6000000000000005,-65.7,1.35,0.25,0.39
63.0790228843689,6.6000000000000005,-7.1000000000000005,-66.10000000000001,1.3800000000000001,0.21,0.39
63.0890998840332,6.5,-7.1000000000000005,-66.5,1.3800000000000001,0.21,0.4
63.09904956817627,6.300000000000001,-7.5,-66.60000000000001,1.3800000000000001,0.22,0.41000000000000003
63.108930826187134,6.300000000000001,-7.1000000000000005,-65.8,1.3900000000000001,0.2,0.4
63.11920928955078,6.5,-7.7,-65.9,1.42,0.21,0.4
63.12908959388733,6.7,-7.9,-66.0,1.49,0.21,0.39
63.13967299461365,6.6000000000000005,-8.5,-66.10000000000001,1.5,0.24,0.38
63.14910531044006,6.5,-7.6000000000000005,-65.7,1.45,0.26,0.37
63.15927314758301,6.5,-7.1000000000000005,-65.8,1.3900000000000001,0.27,0.38
63.1691255569458,6.6000000000000005,-6.7,-65.60000000000001,1.35,0.22,0.4
63.178977966308594,6.4,-6.5,-65.3,1.32,0.21,0.41000000000000003
63.1896333694458,6.300000000000001,-6.5,-65.4,1.33,0.24,0.42
63.19905686378479,6.7,-6.0,-65.5,1.31,0.2,0.39
63.20914697647095,6.4,-5.800000000000001,-65.0,1.28,0.21,0.4
63.21912336349487,6.0,-5.9,-65.3,1.23,0.2,0.42
63.22917366027832,6.5,-4.800000000000001,-65.10000000000001,1.2,0.2,0.44
63.239768505096436,6.4,-5.4,-65.3,1.21,0.2,0.43
63.249035596847534,6.300000000000001,-5.4,-64.60000000000001,1.22,0.18,0.4
63.2591278553009,6.0,-5.5,-64.7,1.25,0.18,0.43
63.269038677215576,6.7,-5.300000000000001,-64.9,1.23,0.2,0.43
63.27901101112366,6.800000000000001,-5.7,-64.9,1.26,0.24,0.4
63.28897833824158,7.0,-6.0,-64.5,1.29,0.26,0.4
63.2990026473999,7.0,-6.2,-64.7,1.32,0.29,0.39
63.30986309051514,7.2,-6.1000000000000005,-64.5,1.29,0.27,0.38
63.3191020488739,7.2,-6.1000000000000005,-64.3,1.3,0.29,0.42
63.32918739318848,7.0,-7.0,-64.7,1.36,0.25,0.42
63.339224100112915,7.0,-7.1000000000000005,-64.8,1.3900000000000001,0.3,0.37
63.349629163742065,7.0,-7.5,-64.3,1.44,0.34,0.35000000000000003
63.35915517807007,7.0,-7.5,-64.8,1.47,0.31,0.37
63.36931347846985,6.7,-7.7,-64.7,1.45,0.26,0.38
63.37974286079407,6.9,-6.9,-65.10000000000001,1.4000000000000001,0.24,0.39
63.38941812515259,6.800000000000001,-7.0,-65.4,1.36,0.23,0.4
63.399197816848755,6.6000000000000005,-6.800000000000001,-65.2,1.37,0.19,0.4
63.409343957901,6.0,-7.0,-65.60000000000001,1.3900000000000001,0.17,0.4
63.419159173965454,5.800000000000001,-6.5,-65.60000000000001,1.35,0.15,0.4
63.42904305458069,5.6000000000000005,-6.5,-66.2,1.29,0.14,0.42
63.43895888328552,5.300000000000001,-6.0,-65.7,1.28,0.11,0.43
63.44916081428528,5.2,-6.0,-66.0,1.26,0.1,0.44
63.45924615859985,5.4,-5.7,-65.7,1.25,0.1,0.43
63.4691276550293,5.800000000000001,-5.800000000000001,-66.5,1.26,0.09,0.44
63.4790780544281,5.9,-6.2,-65.9,1.27,0.11,0.43
63.48958945274353,5.6000000000000005,-6.2,-66.3,1.31,0.17,0.41000000000000003
63.49890446662903,5.800000000000001,-6.0,-65.2,1.27,0.18,0.41000000000000003
63.50893020629883,6.1000000000000005,-6.300000000000001,-65.4,1.29,0.2,0.42
63.52041673660278,6.2,-6.5,-65.2,1.3,0.19,0.41000000000000003
63.529016971588135,6.0,-6.4,-64.8,1.32,0.17,0.42
63.53922438621521,6.6000000000000005,-7.300000000000001,-64.0,1.42,0.19,0.41000000000000003
63.54940438270569,6.9,-7.2,-65.0,1.42,0.22,0.38
63.55997586250305,7.2,-7.300000000000001,-64.3,1.41,0.28,0.37
63.56978678703308,7.5,-7.2,-63.7,1.47,0.3,0.36
63.57970833778381,6.800000000000001,-8.1,-64.4,1.51,0.27,0.37
63.589285373687744,7.0,-6.800000000000001,-63.6,1.43,0.28,0.38
63.59996294975281,7.2,-6.5,-63.7,1.32,0.33,0.37
63.610098123550415,7.0,-6.300000000000001,-63.900000000000006,1.28,0.32,0.41000000000000003
63.6190402507782,6.7,-6.300000000000001,-63.2,1.36,0.23,0.4
63.629236936569214,7.0,-6.1000000000000005,-63.900000000000006,1.35,0.21,0.41000000000000003
63.63891816139221,6.6000000000000005,-4.6000000000000005,-64.4,1.11,0.21,0.42
63.649341106414795,6.4,-4.2,-64.5,1.06,0.2,0.44
63.65988779067993,6.6000000000000005,-5.2,-64.60000000000001,1.22,0.19,0.45
63.66971445083618,6.0,-5.800000000000001,-64.0,1.28,0.15,0.4
63.679046630859375,6.0,-5.6000000000000005,-64.4,1.27,0.14,0.41000000000000003
63.68926978111267,6.0,-5.800000000000001,-64.7,1.28,0.14,0.43
63.69943618774414,5.7,-5.0,-65.10000000000001,1.17,0.15,0.43
63.709521532058716,5.7,-5.300000000000001,-65.2,1.17,0.14,0.43
63.718862771987915,5.9,-5.7,-64.9,1.25,0.13,0.43
63.72991871833801,5.9,-6.300000000000001,-64.8,1.32,0.15,0.43
63.739197969436646,5.9,-6.800000000000001,-64.9,1.33,0.15,0.41000000000000003
63.74936056137085,6.0,-7.300000000000001,-64.9,1.43,0.2,0.4
63.759355783462524,6.300000000000001,-7.800000000000001,-64.7,1.48,0.2,0.37
63.76982927322388,6.4,-8.1,-65.3,1.53,0.24,0.37
63.77917695045471,6.6000000000000005,-7.9,-64.9,1.5,0.24,0.37
63.789063692092896,6.300000000000001,-7.9,-64.9,1.49,0.18,0.38
63.79995918273926,6.4,-7.6000000000000005,-65.0,1.43,0.23,0.39
63.80905866622925,6.4,-7.2,-65.2,1.3900000000000001,0.24,0.39
63.81991362571716,6.300000000000001,-7.300000000000001,-65.2,1.44,0.18,0.41000000000000003
63.82937979698181,5.9,-7.1000000000000005,-65.2,1.41,0.17,0.39
63.83911871910095,5.7,-6.0,-65.3,1.32,0.16,0.39
63.84909987449646,5.6000000000000005,-6.0,-65.60000000000001,1.24,0.11,0.44
63.85954737663269,5.300000000000001,-5.5,-65.3,1.23,0.07,0.46
63.86978507041931,5.1000000000000005,-5.0,-64.7,1.22,0.05,0.44
63.87901759147644,5.1000000000000005,-5.5,-64.5,1.21,0.05,0.44
63.88898992538452,5.4,-5.4,-65.10000000000001,1.25,0.09,0.44
63.89958381652832,5.5,-5.5,-64.9,1.22,0.14,0.43
63.909541606903076,5.7,-5.0,-64.5,1.2,0.16,0.42
63.918872356414795,6.5,-5.2,-64.0,1.22,0.18,0.42
63.929513692855835,6.800000000000001,-5.7,-64.0,1.26,0.19,0.42
63.93902564048767,6.800000000000001,-5.800000000000001,-63.400000000000006,1.28,0.23,0.41000000000000003
63.949103116989136,7.2,-6.2,-63.6,1.32,0.27,0.4
63.9602210521698,7.300000000000001,-7.0,-63.300000000000004,1.3900000000000001,0.3,0.38
63.96997117996216,7.5,-7.300000000000001,-63.400000000000006,1.48,0.34,0.36
63.979559898376465,7.2,-7.1000000000000005,-63.1,1.44,0.28,0.35000000000000003
63.9889497756958,7.300000000000001,-6.800000000000001,-63.400000000000006,1.42,0.3,0.39
63.999248027801514,7.6000000000000005,-6.800000000000001,-63.400000000000006,1.35,0.32,0.37
64.00989818572998,7.5,-6.5,-63.2,1.36,0.32,0.39
64.01889681816101,7.2,-6.6000000000000005,-64.10000000000001,1.3800000000000001,0.28,0.4
64.02951860427856,6.9,-6.0,-63.400000000000006,1.3,0.18,0.38
64.03969168663025,6.2,-5.800000000000001,-64.3,1.25,0.18,0.42
64.04891586303711,5.6000000000000005,-5.1000000000000005,-64.4,1.16,0.14,0.47000000000000003
64.05952596664429,5.9,-5.1000000000000005,-64.7,1.17,0.1,0.45
64.07022213935852,5.4,-5.6000000000000005,-64.60000000000001,1.26,0.09,0.42
64.07914304733276,5.5,-5.5,-64.9,1.26,0.07,0.43
64.08903527259827,5.1000000000000005,-5.5,-64.5,1.23,0.01,0.45
64.09944081306458,5.1000000000000005,-5.6000000000000005,-65.8,1.23,0.06,0.44
64.10962700843811,5.300000000000001,-5.6000000000000005,-65.2,1.21,0.09,0.43
64.11888599395752,5.300000000000001,-5.800000000000001,-65.2,1.29,0.11,0.43
64.12916970252991,5.4,-7.0,-65.10000000000001,1.35,0.08,0.41000000000000003
64.13937616348267,5.7,-7.2,-64.60000000000001,1.43,0.11,0.42
64.14903426170349,5.7,-7.7,-65.0,1.45,0.16,0.41000000000000003
64.15910458564758,6.4,-7.6000000000000005,-64.5,1.5,0.19,0.37
64.16954445838928,6.5,-8.3,-64.7,1.52,0.22,0.36
64.17996001243591,6.800000000000001,-7.6000000000000005,-64.3,1.5,0.25,0.37
64.18984341621399,6.800000000000001,-7.2,-64.4,1.4000000000000001,0.22,0.39
64.19989228248596,6.4,-6.9,-64.4,1.3800000000000001,0.14,0.41000000000000003
64.20990586280823,6.4,-6.6000000000000005,-63.900000000000006,1.35,0.17,0.42
64.21911787986755,6.6000000000000005,-6.300000000000001,-64.10000000000001,1.31,0.19,0.41000000000000003
64.22956967353821,6.5,-5.9,-63.900000000000006,1.28,0.19,0.4
64.24043893814087,6.300000000000001,-5.5,-64.3,1.25,0.22,0.4
64.24906587600708,6.300000000000001,-4.9,-64.10000000000001,1.18,0.18,0.42
64.25933694839478,6.1000000000000005,-5.0,-63.300000000000004,1.18,0.11,0.44
64.26938271522522,5.9,-4.6000000000000005,-64.60000000000001,1.16,0.14,0.47000000000000003
64.27955555915833,5.9,-4.3,-63.6,1.08,0.13,0.44
64.28895425796509,5.9,-4.3,-63.800000000000004,1.17,0.16,0.43
64.29889822006226,6.1000000000000005,-5.7,-64.0,1.25,0.18,0.42
64.30997467041016,6.4,-5.4,-63.6,1.28,0.19,0.41000000000000003
64.31886696815491,6.6000000000000005,-5.6000000000000005,-63.5,1.26,0.22,0.41000000000000003
64.32920718193054,6.6000000000000005,-5.7,-63.5,1.28,0.19,0.41000000000000003
64.34058094024658,6.6000000000000005,-6.300000000000001,-63.400000000000006,1.32,0.26,0.4
64.34903192520142,7.1000000000000005,-6.7,-62.800000000000004,1.35,0.29,0.4
64.35973620414734,7.300000000000001,-7.2,-62.800000000000004,1.45,0.3,0.37
64.36908674240112,7.5,-7.7,-63.6,1.47,0.34,0.36
64.37973189353943,7.4,-6.4,-63.300000000000004,1.3800000000000001,0.29,0.35000000000000003
64.38924384117126,6.9,-6.7,-64.0,1.35,0.27,0.4
64.39892888069153,6.6000000000000005,-6.4,-63.7,1.37,0.19,0.41000000000000003
64.40980672836304,6.0,-6.5,-64.0,1.33,0.16,0.41000000000000003
64.41907620429993,5.6000000000000005,-6.300000000000001,-64.3,1.3,0.1,0.42
64.42902159690857,5.6000000000000005,-6.0,-64.8,1.32,0.09,0.44
64.44022250175476,5.4,-6.1000000000000005,-64.3,1.3,0.07,0.43
64.44952869415283,4.800000000000001,-5.6000000000000005,-64.8,1.22,0.05,0.43
64.45906329154968,4.800000000000001,-5.5,-64.2,1.25,-0.0,0.44
64.46993803977966,5.0,-5.9,-65.4,1.27,0.03,0.45
64.47904300689697,5.0,-5.5,-65.10000000000001,1.2,0.05,0.44
64.48901724815369,4.800000000000001,-5.6000000000000005,-65.4,1.27,0.06,0.44
64.4990131855011,5.2,-6.2,-64.60000000000001,1.31,0.09,0.42
64.50969648361206,6.0,-6.2,-64.8,1.34,0.12,0.41000000000000003
64.51929116249084,6.4,-7.0,-64.3,1.3800000000000001,0.13,0.42
64.52914071083069,6.2,-7.2,-64.0,1.46,0.14,0.39
64.53947305679321,6.2,-7.4,-64.0,1.45,0.16,0.37
64.54981541633606,6.300000000000001,-7.1000000000000005,-63.7,1.41,0.17,0.39
64.55924415588379,6.5,-7.1000000000000005,-63.5,1.4000000000000001,0.21,0.41000000000000003
64.56949043273926,6.9,-6.9,-63.300000000000004,1.42,0.23,0.39
64.57948541641235,7.4,-6.800000000000001,-63.5,1.41,0.28,0.37
64.58922910690308,7.1000000000000005,-6.1000000000000005,-63.300000000000004,1.31,0.27,0.38
64.59916305541992,6.9,-6.1000000000000005,-63.5,1.31,0.26,0.39
64.60952997207642,6.7,-5.800000000000001,-62.900000000000006,1.27,0.22,0.41000000000000003
64.61915493011475,6.300000000000001,-5.0,-63.0,1.19,0.18,0.43
64.62915968894958,6.1000000000000005,-4.6000000000000005,-63.5,1.16,0.17,0.44
64.63919472694397,6.300000000000001,-4.7,-63.300000000000004,1.1500000000000001,0.18,0.45
64.64928960800171,6.300000000000001,-4.1000000000000005,-63.5,1.1300000000000001,0.16,0.44
64.65919613838196,6.4,-4.4,-63.400000000000006,1.1300000000000001,0.17,0.43
64.6691665649414,6.300000000000001,-4.6000000000000005,-63.2,1.16,0.17,0.42
64.68018364906311,6.4,-4.9,-64.0,1.19,0.2,0.43
64.68931174278259,6.300000000000001,-4.9,-63.300000000000004,1.19,0.2,0.43
64.69892525672913,6.6000000000000005,-5.300000000000001,-63.400000000000006,1.24,0.2,0.44
64.70921444892883,6.9,-5.6000000000000005,-62.900000000000006,1.28,0.26,0.4
64.7195200920105,7.2,-6.4,-63.400000000000006,1.33,0.29,0.37
64.72900485992432,7.300000000000001,-7.0,-63.400000000000006,1.41,0.3,0.38
64.73982977867126,7.300000000000001,-7.5,-63.300000000000004,1.48,0.29,0.38
64.74923348426819,7.2,-7.6000000000000005,-63.400000000000006,1.47,0.27,0.36
64.75909519195557,6.800000000000001,-6.9,-63.7,1.4000000000000001,0.24,0.37
64.76908683776855,6.6000000000000005,-7.1000000000000005,-64.3,1.3800000000000001,0.2,0.41000000000000003
64.77965188026428,6.6000000000000005,-7.0,-63.6,1.45,0.14,0.4
64.78969597816467,5.9,-6.9,-63.900000000000006,1.4000000000000001,0.13,0.39
64.798828125,5.5,-6.5,-64.3,1.34,0.07,0.4
64.80903339385986,5.2,-6.4,-64.2,1.32,0.04,0.42
64.81986498832703,5.0,-5.9,-64.60000000000001,1.26,0.02,0.46
64.82892441749573,4.9,-5.4,-64.8,1.21,0.01,0.45
64.8393874168396,4.5,-5.2,-64.9,1.2,0.02,0.43
64.84928798675537,4.6000000000000005,-5.2,-64.4,1.2,0.02,0.45
64.85906076431274,5.4,-4.9,-64.4,1.18,0.02,0.46
64.86911392211914,5.300000000000001,-4.9,-64.60000000000001,1.18,0.04,0.46
64.8791151046753,5.300000000000001,-5.6000000000000005,-64.3,1.24,0.05,0.43
64.8890950679779,5.1000000000000005,-5.300000000000001,-64.4,1.26,0.09,0.42
64.89898490905762,5.7,-5.800000000000001,-64.10000000000001,1.25,0.11,0.43
64.90900945663452,6.4,-6.0,-63.400000000000006,1.31,0.12,0.42
64.91896343231201,6.7,-7.4,-63.800000000000004,1.42,0.21,0.4
64.92916798591614,7.0,-7.300000000000001,-62.800000000000004,1.48,0.26,0.36
64.93898272514343,7.2,-7.5,-63.0,1.48,0.27,0.34
64.94998693466187,7.2,-7.4,-63.0,1.48,0.31,0.36
64.95921206474304,7.0,-7.2,-62.300000000000004,1.44,0.26,0.36
64.96910452842712,7.300000000000001,-7.1000000000000005,-62.300000000000004,1.45,0.26,0.41000000000000003
64.97972536087036,7.2,-6.7,-62.400000000000006,1.37,0.23,0.39
64.98904013633728,6.9,-6.1000000000000005,-62.900000000000006,1.3,0.26,0.36
64.99903130531311,6.7,-5.4,-62.800000000000004,1.31,0.23,0.37
65.00908088684082,7.1000000000000005,-5.9,-63.400000000000006,1.31,0.26,0.48
65.01911044120789,7.0,-4.5,-63.2,1.17,0.23,0.44
65.02913618087769,6.300000000000001,-3.8000000000000003,-63.7,1.03,0.23,0.41000000000000003
65.03910541534424,6.5,-3.6,-63.7,1.04,0.22,0.44
65.05042934417725,6.7,-3.9000000000000004,-64.0,1.08,0.26,0.47000000000000003
65.05931162834167,6.7,-3.8000000000000003,-63.7,1.06,0.24,0.43
65.06904721260071,6.300000000000001,-4.3,-63.400000000000006,1.1,0.21,0.41000000000000003
65.07911777496338,6.5,-4.6000000000000005,-63.7,1.1500000000000001,0.23,0.46
65.08916640281677,6.4,-4.5,-64.10000000000001,1.12,0.18,0.42
65.09919691085815,6.4,-5.4,-63.900000000000006,1.25,0.17,0.41000000000000003
65.10888075828552,6.0,-6.6000000000000005,-63.300000000000004,1.3900000000000001,0.13,0.4
65.11901879310608,5.6000000000000005,-6.7,-63.5,1.41,0.1,0.41000000000000003
65.12933492660522,5.4,-6.7,-63.7,1.35,0.05,0.42
65.13909935951233,5.800000000000001,-7.300000000000001,-63.400000000000006,1.3900000000000001,0.07,0.44
65.15017819404602,5.800000000000001,-7.9,-63.400000000000006,1.5,0.1,0.42
65.15908622741699,6.1000000000000005,-8.6,-63.6,1.57,0.14,0.37
65.1692636013031,6.0,-8.5,-63.800000000000004,1.59,0.16,0.36
65.1794126033783,6.6000000000000005,-7.9,-63.900000000000006,1.51,0.22,0.38
65.1889340877533,6.7,-7.1000000000000005,-64.0,1.36,0.25,0.39
65.19968438148499,6.7,-6.6000000000000005,-64.2,1.35,0.23,0.4
65.20889973640442,6.6000000000000005,-6.5,-64.10000000000001,1.34,0.19,0.41000000000000003
65.21919679641724,6.4,-6.5,-64.5,1.35,0.21,0.41000000000000003
65.22901344299316,6.2,-6.0,-63.800000000000004,1.3,0.15,0.39
65.23921513557434,5.9,-5.4,-63.800000000000004,1.26,0.11,0.43
65.24914908409119,5.800000000000001,-5.1000000000000005,-64.2,1.2,0.08,0.45
65.25902342796326,5.5,-4.9,-63.400000000000006,1.16,0.06,0.46
65.26966452598572,5.300000000000001,-4.5,-63.1,1.1500000000000001,0.05,0.47000000000000003
65.2794234752655,5.300000000000001,-4.4,-63.1,1.12,0.05,0.45
65.2890112400055,5.5,-4.3,-63.0,1.1400000000000001,0.07,0.45
65.29933071136475,5.5,-4.9,-63.1,1.1500000000000001,0.07,0.44
65.31018018722534,5.7,-4.9,-62.800000000000004,1.2,0.12,0.45
65.31889367103577,6.1000000000000005,-5.5,-62.800000000000004,1.25,0.13,0.42
65.32916021347046,6.5,-5.7,-62.300000000000004,1.31,0.16,0.41000000000000003
65.33964848518372,6.6000000000000005,-6.4,-62.800000000000004,1.34,0.2,0.39
65.34917545318604,7.2,-6.2,-63.1,1.33,0.27,0.41000000000000003
65.35910964012146,7.300000000000001,-6.1000000000000005,-63.6,1.31,0.32,0.39
65.36925506591797,7.6000000000000005,-6.4,-63.1,1.32,0.34,0.37
65.3792495727539,8.1,-6.5,-63.400000000000006,1.34,0.41000000000000003,0.39
65.38894653320312,8.1,-6.5,-63.5,1.35,0.4,0.36
65.39891195297241,8.0,-6.9,-63.800000000000004,1.36,0.4,0.36
65.40914011001587,8.0,-6.9,-63.400000000000006,1.4000000000000001,0.39,0.36
65.41920828819275,7.800000000000001,-6.800000000000001,-63.5,1.36,0.34,0.38
65.42895126342773,7.5,-6.7,-63.300000000000004,1.3900000000000001,0.27,0.39
65.43931174278259,6.9,-6.800000000000001,-63.2,1.4000000000000001,0.2,0.38
65.44935512542725,6.4,-6.4,-63.300000000000004,1.37,0.17,0.4
65.45899629592896,5.9,-5.9,-63.5,1.27,0.12,0.43
65.46905851364136,5.5,-5.5,-63.800000000000004,1.23,0.08,0.44
65.47918963432312,5.2,-5.5,-64.0,1.22,0.04,0.45
65.48903322219849,5.1000000000000005,-5.2,-63.800000000000004,1.23,0.03,0.45
65.49891066551208,5.1000000000000005,-5.4,-63.5,1.24,0.03,0.44
65.50924897193909,5.1000000000000005,-5.300000000000001,-63.400000000000006,1.23,0.01,0.43
65.5192596912384,5.4,-5.300000000000001,-63.900000000000006,1.2,0.03,0.46
65.52888488769531,5.2,-5.5,-64.2,1.19,0.07,0.46
65.53960847854614,5.4,-5.6000000000000005,-63.800000000000004,1.25,0.07,0.44
65.5497875213623,5.7,-5.9,-63.6,1.29,0.13,0.42
65.55922079086304,5.800000000000001,-6.300000000000001,-63.6,1.32,0.12,0.4
65.56921339035034,6.2,-6.4,-63.6,1.36,0.15,0.41000000000000003
65.57906603813171,6.300000000000001,-6.5,-63.800000000000004,1.33,0.18,0.42
65.58947420120239,6.5,-6.4,-63.300000000000004,1.33,0.21,0.4
65.59892463684082,6.7,-6.5,-63.300000000000004,1.37,0.23,0.39
65.60903882980347,7.1000000000000005,-6.9,-63.2,1.3900000000000001,0.28,0.38
65.619149684906,7.300000000000001,-6.800000000000001,-63.0,1.3800000000000001,0.27,0.38
65.62895131111145,7.300000000000001,-7.2,-63.2,1.43,0.29,0.38
65.63913893699646,7.1000000000000005,-6.800000000000001,-63.400000000000006,1.3800000000000001,0.29,0.38
65.64973640441895,7.2,-6.4,-63.2,1.35,0.27,0.38
65.65984153747559,7.2,-6.1000000000000005,-63.0,1.3,0.25,0.41000000000000003
65.66913723945618,6.800000000000001,-5.9,-63.5,1.27,0.26,0.41000000000000003
65.67902207374573,6.800000000000001,-5.6000000000000005,-63.0,1.26,0.23,0.4
65.6899962425232,6.800000000000001,-5.6000000000000005,-63.0,1.28,0.25,0.41000000000000003
65.69946837425232,6.5,-5.1000000000000005,-63.2,1.2,0.23,0.41000000000000003
65.70902681350708,6.300000000000001,-4.9,-63.300000000000004,1.17,0.19,0.43
65.71913528442383,6.6000000000000005,-4.9,-63.2,1.17,0.17,0.45
65.72952890396118,6.4,-4.9,-63.2,1.19,0.16,0.44
65.73906564712524,6.2,-5.300000000000001,-63.400000000000006,1.18,0.18,0.43
65.74940347671509,6.300000000000001,-5.1000000000000005,-62.900000000000006,1.24,0.17,0.41000000000000003
65.75913763046265,6.5,-5.4,-63.400000000000006,1.23,0.16,0.42
65.76940584182739,6.5,-5.6000000000000005,-63.1,1.25,0.16,0.44
65.77979445457458,6.2,-6.0,-63.7,1.28,0.18,0.43
65.78990197181702,6.5,-6.300000000000001,-63.400000000000006,1.32,0.19,0.4
65.79910564422607,6.7,-6.5,-63.300000000000004,1.3800000000000001,0.2,0.39
65.80911922454834,6.800000000000001,-7.2,-63.400000000000006,1.4000000000000001,0.25,0.4
65.819020986557,6.800000000000001,-7.0,-63.5,1.42,0.24,0.37
65.82924246788025,6.6000000000000005,-6.9,-63.7,1.4000000000000001,0.26,0.37
65.83901572227478,6.7,-6.6000000000000005,-63.800000000000004,1.35,0.22,0.4
65.84897470474243,6.7,-6.800000000000001,-63.400000000000006,1.36,0.19,0.42
65.8602409362793,6.4,-6.800000000000001,-63.6,1.35,0.21,0.41000000000000003
65.86918044090271,6.300000000000001,-6.6000000000000005,-63.7,1.3800000000000001,0.19,0.4
65.87904238700867,6.300000000000001,-6.800000000000001,-63.2,1.37,0.17,0.4
65.88911056518555,6.4,-6.300000000000001,-63.400000000000006,1.36,0.18,0.4
65.89912819862366,6.300000000000001,-6.1000000000000005,-63.7,1.27,0.16,0.42
65.90897226333618,6.2,-5.800000000000001,-63.6,1.28,0.15,0.44
65.9188506603241,6.0,-5.6000000000000005,-63.7,1.24,0.11,0.43
65.93026041984558,5.9,-5.7,-63.800000000000004,1.25,0.14,0.44
65.93886971473694,6.2,-5.7,-63.6,1.28,0.15,0.43
65.94943499565125,6.300000000000001,-5.9,-63.6,1.27,0.17,0.41000000000000003
65.96063995361328,6.300000000000001,-5.6000000000000005,-63.5,1.27,0.17,0.4
65.96926522254944,6.1000000000000005,-5.800000000000001,-63.7,1.23,0.18,0.44
65.97911047935486,6.5,-5.4,-63.1,1.23,0.17,0.44
65.98986029624939,6.4,-5.7,-63.1,1.24,0.19,0.43
65.99903964996338,6.7,-6.0,-63.2,1.29,0.22,0.41000000000000003
66.00916910171509,6.9,-5.9,-62.900000000000006,1.3,0.24,0.39
66.01885914802551,7.0,-6.300000000000001,-63.0,1.3,0.27,0.39
66.02973508834839,7.2,-6.300000000000001,-63.1,1.33,0.27,0.4
66.03900265693665,7.0,-6.2,-63.2,1.31,0.27,0.4
66.04942965507507,7.1000000000000005,-6.2,-62.900000000000006,1.31,0.27,0.39
66.06013560295105,7.1000000000000005,-6.1000000000000005,-63.400000000000006,1.3,0.28,0.4
66.07010555267334,7.1000000000000005,-6.300000000000001,-63.2,1.3,0.26,0.4
66.07955074310303,6.9,-6.300000000000001,-63.400000000000006,1.34,0.25,0.4
66.08893013000488,6.5,-6.300000000000001,-63.2,1.3,0.2,0.4
66.09903001785278,6.800000000000001,-6.6000000000000005,-63.400000000000006,1.37,0.25,0.42
66.10961413383484,6.7,-6.6000000000000005,-63.400000000000006,1.35,0.21,0.39
66.11885857582092,6.7,-6.300000000000001,-63.5,1.34,0.21,0.4
66.13005900382996,6.5,-6.4,-63.6,1.32,0.21,0.42
66.13921403884888,6.6000000000000005,-6.0,-63.6,1.28,0.19,0.41000000000000003
66.14929056167603,6.4,-6.300000000000001,-63.7,1.3,0.21,0.42
66.1600489616394,6.4,-6.1000000000000005,-63.400000000000006,1.31,0.19,0.41000000000000003
66.16972589492798,6.2,-6.2,-63.7,1.3,0.17,0.41000000000000003
66.17930459976196,6.2,-6.0,-63.5,1.3,0.17,0.42
66.18899130821228,6.0,-5.9,-63.400000000000006,1.26,0.15,0.42
66.19981479644775,6.2,-5.7,-63.400000000000006,1.26,0.15,0.43
66.2090048789978,6.2,-5.9,-63.900000000000006,1.25,0.15,0.43
66.21904492378235,6.0,-6.1000000000000005,-63.7,1.28,0.17,0.43
66.22978663444519,6.1000000000000005,-6.2,-63.2,1.31,0.14,0.41000000000000003
66.23903298377991,6.2,-6.300000000000001,-63.6,1.31,0.16,0.41000000000000003
66.24933624267578,6.300000000000001,-6.6000000000000005,-63.6,1.32,0.19,0.42
66.25973200798035,6.5,-6.300000000000001,-63.6,1.31,0.18,0.4
66.26940083503723,6.300000000000001,-6.300000000000001,-63.900000000000006,1.31,0.21,0.41000000000000003
66.2790367603302,6.5,-6.6000000000000005,-63.5,1.33,0.21,0.41000000000000003
66.28898501396179,6.7,-6.5,-63.400000000000006,1.35,0.21,0.41000000000000003
66.2990550994873,6.800000000000001,-6.9,-63.7,1.37,0.23,0.4
66.30901527404785,6.800000000000001,-6.9,-63.5,1.4000000000000001,0.25,0.38
66.31907987594604,6.7,-6.300000000000001,-63.5,1.33,0.23,0.38
66.32932758331299,6.7,-6.1000000000000005,-63.5,1.28,0.22,0.41000000000000003
66.33930516242981,6.7,-6.1000000000000005,-63.5,1.27,0.22,0.43
66.34897828102112,6.5,-6.0,-63.400000000000006,1.28,0.21,0.42
66.35964918136597,6.5,-5.800000000000001,-63.2,1.27,0.21,0.41000000000000003
66.37024426460266,6.5,-5.5,-63.2,1.24,0.21,0.41000000000000003
66.3799033164978,6.5,-5.6000000000000005,-63.800000000000004,1.23,0.21,0.43
66.38985824584961,6.7,-5.7,-63.6,1.24,0.22,0.43
66.39986896514893,6.7,-5.9,-63.5,1.27,0.22,0.4
66.40984797477722,6.6000000000000005,-6.300000000000001,-63.7,1.31,0.23,0.41000000000000003
66.41892051696777,6.9,-6.6000000000000005,-63.6,1.33,0.24,0.41000000000000003
66.43032574653625,6.800000000000001,-6.5,-63.5,1.34,0.26,0.4
66.43951153755188,7.1000000000000005,-6.800000000000001,-63.6,1.35,0.25,0.39
66.44898867607117,7.1000000000000005,-7.2,-63.6,1.3900000000000001,0.27,0.41000000000000003
66.4593985080719,7.0,-7.1000000000000005,-63.6,1.4000000000000001,0.27,0.39
66.46920561790466,7.0,-7.1000000000000005,-63.5,1.42,0.28,0.37
66.47901391983032,6.800000000000001,-7.300000000000001,-63.6,1.42,0.25,0.38
66.48923540115356,6.7,-7.2,-63.5,1.42,0.23,0.39
66.49994730949402,6.6000000000000005,-6.9,-63.6,1.3800000000000001,0.21,0.4
66.51005721092224,6.5,-6.800000000000001,-63.400000000000006,1.35,0.2,0.41000000000000003
66.51977038383484,6.6000000000000005,-6.6000000000000005,-63.2,1.34,0.21,0.42
66.52880382537842,6.6000000000000005,-6.4,-63.400000000000006,1.3,0.24,0.4
66.54043245315552,6.7,-6.2,-63.6,1.31,0.27,0.4
66.54898691177368,6.7,-5.7,-64.10000000000001,1.23,0.24,0.41000000000000003
66.55931949615479,6.1000000000000005,-5.1000000000000005,-64.5,1.17,0.22,0.43
66.56959843635559,5.800000000000001,-4.6000000000000005,-64.3,1.11,0.15,0.45
66.57915163040161,5.300000000000001,-4.4,-64.3,1.1,0.09,0.46
66.58898496627808,4.9,-4.5,-64.7,1.11,0.06,0.46
66.59895849227905,4.6000000000000005,-4.7,-64.8,1.1300000000000001,0.01,0.46
66.60973238945007,4.3,-4.7,-64.60000000000001,1.1300000000000001,-0.02,0.47000000000000003
66.61890578269958,4.2,-5.0,-64.8,1.1500000000000001,-0.05,0.48
66.62925410270691,4.3,-5.6000000000000005,-64.7,1.22,-0.03,0.47000000000000003
66.63967275619507,4.7,-6.4,-64.7,1.31,-0.0,0.45
66.6499924659729,5.300000000000001,-7.300000000000001,-64.7,1.3900000000000001,0.08,0.42
66.65906763076782,5.9,-7.9,-64.5,1.48,0.15,0.39
66.6696674823761,6.4,-8.3,-64.5,1.52,0.22,0.37
66.6794581413269,6.7,-8.3,-64.5,1.51,0.26,0.36
66.68901753425598,6.800000000000001,-8.1,-64.3,1.49,0.27,0.37
66.69899702072144,6.7,-7.7,-64.2,1.45,0.25,0.38
66.70945763587952,6.6000000000000005,-7.4,-64.0,1.42,0.23,0.39
66.71894216537476,6.4,-7.0,-63.7,1.3800000000000001,0.2,0.4
66.72910952568054,6.300000000000001,-6.5,-63.7,1.33,0.18,0.41000000000000003
66.7401647567749,6.2,-5.800000000000001,-63.7,1.27,0.18,0.42
66.74963307380676,6.2,-5.2,-63.800000000000004,1.19,0.18,0.43
66.75902676582336,6.4,-4.7,-63.800000000000004,1.1400000000000001,0.19,0.44
66.76925945281982,6.4,-4.7,-63.800000000000004,1.1300000000000001,0.21,0.44
66.77969002723694,6.7,-4.9,-63.7,1.16,0.23,0.43
66.7889997959137,6.9,-5.2,-63.6,1.2,0.26,0.42
66.79899740219116,7.1000000000000005,-5.5,-63.7,1.23,0.28,0.41000000000000003
66.80930280685425,7.300000000000001,-5.9,-63.5,1.27,0.29,0.4
66.8189685344696,7.300000000000001,-6.1000000000000005,-63.5,1.31,0.31,0.4
66.82906246185303,7.2,-6.4,-63.6,1.33,0.3,0.39
66.8394410610199,7.300000000000001,-6.5,-63.300000000000004,1.34,0.29,0.39
66.84943103790283,7.2,-6.6000000000000005,-63.5,1.35,0.28,0.4
66.85903000831604,7.0,-6.9,-63.6,1.36,0.27,0.39
66.86915326118469,6.9,-7.1000000000000005,-63.6,1.4000000000000001,0.26,0.39
66.87953186035156,6.7,-7.1000000000000005,-63.7,1.4000000000000001,0.24,0.39
66.8890368938446,6.5,-6.9,-64.0,1.37,0.22,0.39
66.8990204334259,6.2,-6.6000000000000005,-64.10000000000001,1.34,0.19,0.41000000000000003
66.9093017578125,6.0,-6.4,-64.3,1.3,0.16,0.42
66.91900992393494,5.800000000000001,-6.2,-64.4,1.29,0.15,0.42
66.92920184135437,5.6000000000000005,-6.2,-64.5,1.28,0.13,0.42
66.93970656394958,5.5,-6.2,-64.5,1.29,0.11,0.43
66.94927859306335,5.4,-6.2,-64.60000000000001,1.29,0.09,0.43
66.95913338661194,5.4,-6.300000000000001,-64.60000000000001,1.29,0.09,0.43
66.96949553489685,5.6000000000000005,-6.4,-64.4,1.32,0.11,0.42
66.98010468482971,5.800000000000001,-6.7,-64.4,1.34,0.14,0.42
66.98990392684937,6.0,-6.800000000000001,-64.3,1.36,0.17,0.41000000000000003
66.99989795684814,6.2,-6.800000000000001,-64.2,1.36,0.19,0.4
67.00997424125671,6.4,-6.800000000000001,-63.900000000000006,1.35,0.2,0.41000000000000003
67.0191957950592,6.5,-6.800000000000001,-63.800000000000004,1.36,0.22,0.4
67.02968907356262,6.7,-6.7,-63.6,1.36,0.23,0.39
67.03965997695923,6.800000000000001,-6.5,-63.6,1.34,0.25,0.4
67.04924702644348,6.800000000000001,-6.5,-63.7,1.31,0.26,0.4
67.05913352966309,7.1000000000000005,-5.9,-63.300000000000004,1.3,0.26,0.4
67.0691146850586,6.9,-5.9,-63.7,1.26,0.27,0.41000000000000003
67.07946228981018,6.9,-5.800000000000001,-63.5,1.26,0.26,0.4
67.08906149864197,7.0,-5.800000000000001,-63.5,1.27,0.26,0.41000000000000003
67.09889793395996,6.800000000000001,-5.7,-63.7,1.25,0.26,0.41000000000000003
67.109121799469,6.7,-5.800000000000001,-63.6,1.26,0.23,0.41000000000000003
67.11928081512451,6.7,-5.9,-63.7,1.28,0.24,0.42
67.12895631790161,6.6000000000000005,-6.1000000000000005,-63.900000000000006,1.28,0.23,0.41000000000000003
67.13971471786499,6.5,-6.2,-63.900000000000006,1.3,0.23,0.4
67.1492428779602,6.5,-6.4,-63.900000000000006,1.32,0.22,0.41000000000000003
67.1605966091156,6.4,-6.4,-64.0,1.32,0.21,0.4
67.16960859298706,6.4,-6.4,-64.0,1.32,0.21,0.41000000000000003
67.17893528938293,6.4,-6.5,-64.0,1.33,0.2,0.41000000000000003
67.18890571594238,6.2,-6.7,-64.2,1.35,0.19,0.41000000000000003
67.1991708278656,6.1000000000000005,-6.7,-64.0,1.36,0.17,0.4
67.20992922782898,6.0,-6.7,-64.10000000000001,1.36,0.16,0.41000000000000003
67.21897840499878,6.0,-6.6000000000000005,-64.10000000000001,1.33,0.16,0.42
67.23009037971497,6.0,-6.4,-64.3,1.31,0.17,0.41000000000000003
67.2394323348999,6.1000000000000005,-6.5,-64.2,1.32,0.17,0.41000000000000003
67.24942302703857,6.1000000000000005,-6.5,-64.2,1.33,0.17,0.41000000000000003
67.25907063484192,6.0,-6.5,-64.2,1.33,0.16,0.41000000000000003
67.26950097084045,6.0,-6.5,-64.2,1.33,0.16,0.41000000000000003
67.27904748916626,6.1000000000000005,-6.4,-64.10000000000001,1.32,0.16,0.42
67.2891960144043,6.1000000000000005,-6.4,-64.2,1.32,0.18,0.41000000000000003
67.29914498329163,6.300000000000001,-6.4,-64.0,1.32,0.19,0.41000000000000003
67.30926775932312,6.4,-6.4,-63.900000000000006,1.32,0.21,0.41000000000000003
67.31949520111084,6.5,-6.300000000000001,-63.900000000000006,1.31,0.22,0.41000000000000003
67.32952618598938,6.6000000000000005,-6.300000000000001,-63.900000000000006,1.31,0.23,0.41000000000000003
67.33952140808105,6.7,-6.2,-63.7,1.31,0.23,0.41000000000000003
67.34902310371399,6.7,-6.2,-63.7,1.29,0.24,0.41000000000000003
67.36042666435242,6.800000000000001,-6.0,-63.6,1.29,0.25,0.41000000000000003
67.37014269828796,6.800000000000001,-6.1000000000000005,-63.7,1.28,0.25,0.41000000000000003
67.379802942276,6.800000000000001,-6.2,-63.7,1.3,0.25,0.41000000000000003
67.3890540599823,6.9,-6.0,-63.5,1.3,0.25,0.4
67.39899110794067,6.800000000000001,-6.2,-63.800000000000004,1.28,0.25,0.41000000000000003
67.4097900390625,6.7,-6.1000000000000005,-63.900000000000006,1.29,0.24,0.4
67.41912174224854,6.6000000000000005,-6.300000000000001,-63.800000000000004,1.31,0.23,0.41000000000000003
67.4292004108429,6.5,-6.2,-63.900000000000006,1.31,0.21,0.41000000000000003
67.44038414955139,6.300000000000001,-6.4,-64.0,1.31,0.2,0.41000000000000003
67.44893646240234,6.2,-6.5,-64.0,1.33,0.19,0.41000000000000003
67.46005010604858,6.2,-6.5,-64.0,1.33,0.18,0.41000000000000003
67.46994352340698,6.2,-6.5,-64.10000000000001,1.32,0.18,0.41000000000000003
67.47996139526367,6.1000000000000005,-6.4,-64.10000000000001,1.33,0.18,0.41000000000000003
67.48913979530334,6.1000000000000005,-6.5,-64.2,1.32,0.17,0.41000000000000003
67.4989640712738,6.1000000000000005,-6.5,-64.2,1.33,0.17,0.41000000000000003
67.50926446914673,6.1000000000000005,-6.5,-64.0,1.33,0.17,0.41000000000000003
67.51896023750305,6.2,-6.5,-64.2,1.33,0.18,0.41000000000000003
67.5290195941925,6.2,-6.5,-64.10000000000001,1.32,0.18,0.41000000000000003
67.53941106796265,6.2,-6.4,-64.10000000000001,1.32,0.18,0.41000000000000003
67.54945015907288,6.2,-6.5,-64.0,1.32,0.19,0.41000000000000003
67.55899262428284,6.300000000000001,-6.4,-64.0,1.32,0.19,0.41000000000000003
67.56928586959839,6.4,-6.4,-63.900000000000006,1.32,0.2,0.41000000000000003
67.58016085624695,6.4,-6.4,-64.0,1.32,0.21,0.41000000000000003
67.58985495567322,6.4,-6.300000000000001,-64.0,1.31,0.21,0.41000000000000003
67.59979128837585,6.5,-6.300000000000001,-63.800000000000004,1.31,0.21,0.41000000000000003
67.60911560058594,6.5,-6.2,-63.800000000000004,1.3,0.22,0.41000000000000003
67.6193163394928,6.6000000000000005,-6.2,-63.900000000000006,1.3,0.23,0.41000000000000003
67.62893795967102,6.6000000000000005,-6.2,-63.800000000000004,1.3,0.23,0.41000000000000003
67.6392433643341,6.6000000000000005,-6.1000000000000005,-63.800000000000004,1.29,0.23,0.41000000000000003
67.6502206325531,6.6000000000000005,-6.2,-63.800000000000004,1.3,0.23,0.41000000000000003
67.65916872024536,6.6000000000000005,-6.2,-63.800000000000004,1.3,0.23,0.41000000000000003
67.66909527778625,6.6000000000000005,-6.2,-63.800000000000004,1.3,0.23,0.41000000000000003
67.6791021823883,6.6000000000000005,-6.2,-63.7,1.3,0.23,0.41000000000000003
67.68926095962524,6.6000000000000005,-6.2,-63.800000000000004,1.3,0.22,0.41000000000000003
67.6990077495575,6.5,-6.300000000000001,-63.900000000000006,1.31,0.22,0.41000000000000003
67.70898032188416,6.5,-6.4,-63.900000000000006,1.32,0.21,0.41000000000000003
67.71914482116699,6.4,-6.4,-63.900000000000006,1.32,0.21,0.41000000000000003
67.7291247844696,6.300000000000001,-6.4,-64.0,1.32,0.2,0.41000000000000003
67.73945498466492,6.2,-6.4,-64.0,1.32,0.19,0.41000000000000003
67.75020241737366,6.2,-6.5,-64.10000000000001,1.33,0.18,0.41000000000000003
67.75918507575989,6.2,-6.5,-64.10000000000001,1.33,0.18,0.41000000000000003
67.76910042762756,6.1000000000000005,-6.5,-64.10000000000001,1.33,0.18,0.41000000000000003
67.77925872802734,6.1000000000000005,-6.5,-64.2,1.32,0.18,0.41000000000000003
67.78942036628723,6.2,-6.5,-64.2,1.32,0.18,0.41000000000000003
67.7989387512207,6.1000000000000005,-6.4,-64.10000000000001,1.32,0.18,0.41000000000000003
67.80898261070251,6.2,-6.4,-64.10000000000001,1.32,0.18,0.41000000000000003
67.81948566436768,6.2,-6.4,-64.0,1.32,0.19,0.41000000000000003
67.82912707328796,6.300000000000001,-6.4,-64.0,1.31,0.19,0.41000000000000003
67.83902478218079,6.4,-6.4,-64.0,1.31,0.2,0.41000000000000003
67.84998202323914,6.4,-6.300000000000001,-63.900000000000006,1.31,0.21,0.41000000000000003
67.85896944999695,6.5,-6.300000000000001,-63.900000000000006,1.31,0.22,0.41000000000000003
67.86900568008423,6.5,-6.300000000000001,-63.800000000000004,1.31,0.22,0.41000000000000003
67.87993264198303,6.6000000000000005,-6.300000000000001,-63.800000000000004,1.31,0.22,0.41000000000000003
67.88997006416321,6.6000000000000005,-6.300000000000001,-63.800000000000004,1.31,0.23,0.41000000000000003
67.89999079704285,6.6000000000000005,-6.2,-63.800000000000004,1.3,0.23,0.41000000000000003
67.90990018844604,6.6000000000000005,-6.300000000000001,-63.800000000000004,1.3,0.23,0.41000000000000003
67.91990852355957,6.6000000000000005,-6.2,-63.800000000000004,1.3,0.23,0.41000000000000003
67.9289767742157,6.6000000000000005,-6.2,-63.800000000000004,1.3,0.22,0.41000000000000003
67.93886208534241,6.6000000000000005,-6.2,-63.900000000000006,1.3,0.22,0.41000000000000003
67.94979333877563,6.5,-6.2,-63.900000000000006,1.3,0.22,0.41000000000000003
67.96013641357422,6.5,-6.2,-64.0,1.3,0.21,0.41000000000000003
67.96899390220642,6.4,-6.300000000000001,-63.900000000000006,1.31,0.21,0.41000000000000003
67.97904062271118,6.4,-6.300000000000001,-63.900000000000006,1.31,0.2,0.41000000000000003
67.9892373085022,6.300000000000001,-6.4,-64.0,1.31,0.2,0.41000000000000003
67.99902558326721,6.300000000000001,-6.4,-64.0,1.32,0.2,0.41000000000000003
68.00990009307861,6.300000000000001,-6.4,-64.0,1.32,0.19,0.41000000000000003
68.01995325088501,6.2,-6.5,-64.10000000000001,1.32,0.19,0.41000000000000003
68.0295467376709,6.2,-6.5,-64.10000000000001,1.33,0.19,0.41000000000000003
68.03888583183289,6.2,-6.5,-64.10000000000001,1.32,0.19,0.41000000000000003
68.0496461391449,6.2,-6.5,-64.10000000000001,1.32,0.19,0.41000000000000003
68.05924487113953,6.300000000000001,-6.5,-64.10000000000001,1.32,0.19,0.41000000000000003
68.06906509399414,6.2,-6.5,-64.0,1.32,0.19,0.41000000000000003
68.07948064804077,6.300000000000001,-6.4,-64.10000000000001,1.32,0.19,0.41000000000000003
68.08959245681763,6.300000000000001,-6.4,-64.0,1.32,0.19,0.41000000000000003
68.09958672523499,6.300000000000001,-6.4,-64.0,1.31,0.2,0.41000000000000003
68.10929441452026,6.4,-6.300000000000001,-64.0,1.31,0.2,0.41000000000000003
68.12023115158081,6.4,-6.300000000000001,-64.0,1.31,0.21,0.41000000000000003
68.12990498542786,6.4,-6.300000000000001,-63.900000000000006,1.31,0.21,0.41000000000000003
68.13919520378113,6.5,-6.300000000000001,-63.900000000000006,1.3,0.21,0.41000000000000003
68.1492862701416,6.5,-6.2,-63.800000000000004,1.31,0.22,0.41000000000000003
68.15943503379822,6.6000000000000005,-6.2,-63.900000000000006,1.3,0.22,0.41000000000000003
68.16940307617188,6.6000000000000005,-6.2,-63.800000000000004,1.3,0.23,0.41000000000000003
68.17993330955505,6.6000000000000005,-6.300000000000001,-63.800000000000004,1.31,0.23,0.41000000000000003
68.18956899642944,6.6000000000000005,-6.300000000000001,-63.800000000000004,1.31,0.23,0.4
68.19921875,6.6000000000000005,-6.300000000000001,-63.800000000000004,1.31,0.22,0.41000000000000003
68.20937085151672,6.5,-6.300000000000001,-63.800000000000004,1.31,0.22,0.41000000000000003
68.21992349624634,6.5,-6.300000000000001,-63.800000000000004,1.31,0.22,0.41000000000000003
68.22946333885193,6.5,-6.300000000000001,-63.900000000000006,1.31,0.21,0.41000000000000003
68.23899984359741,6.4,-6.4,-63.900000000000006,1.32,0.21,0.41000000000000003
68.24906325340271,6.300000000000001,-6.4,-64.0,1.31,0.2,0.41000000000000003
68.25988101959229,6.300000000000001,-6.4,-64.0,1.31,0.2,0.41000000000000003
68.2698323726654,6.300000000000001,-6.4,-64.10000000000001,1.31,0.19,0.41000000000000003
68.27973294258118,6.2,-6.4,-64.10000000000001,1.32,0.19,0.41000000000000003
68.28959655761719,6.2,-6.5,-64.10000000000001,1.32,0.19,0.41000000000000003
68.29900979995728,6.2,-6.5,-64.10000000000001,1.32,0.19,0.41000000000000003
68.30898594856262,6.2,-6.4,-64.10000000000001,1.32,0.19,0.41000000000000003
68.31908512115479,6.300000000000001,-6.4,-64.10000000000001,1.32,0.19,0.41000000000000003
68.33069062232971,6.5,-6.6000000000000005,-63.900000000000006,1.32,0.2,0.42
68.33909273147583,6.6000000000000005,-6.6000000000000005,-63.900000000000006,1.36,0.22,0.39
68.34920907020569,6.4,-6.7,-64.0,1.35,0.22,0.39
68.35939812660217,6.4,-6.5,-63.900000000000006,1.34,0.21,0.41000000000000003
68.36928844451904,6.2,-6.2,-64.0,1.29,0.19,0.41000000000000003
68.37904667854309,6.300000000000001,-6.1000000000000005,-63.900000000000006,1.28,0.19,0.42
68.3890368938446,6.300000000000001,-6.1000000000000005,-63.900000000000006,1.29,0.2,0.42
68.39918494224548,6.300000000000001,-6.0,-63.900000000000006,1.29,0.2,0.4
68.4090645313263,6.4,-6.1000000000000005,-63.800000000000004,1.29,0.21,0.41000000000000003
68.41890144348145,6.5,-6.0,-63.900000000000006,1.28,0.21,0.42
68.42936658859253,6.5,-6.1000000000000005,-63.900000000000006,1.28,0.21,0.41000000000000003
68.43899989128113,6.6000000000000005,-6.300000000000001,-63.900000000000006,1.31,0.23,0.41000000000000003
68.44928050041199,6.6000000000000005,-6.4,-63.800000000000004,1.32,0.23,0.4
68.45970463752747,6.6000000000000005,-6.4,-63.900000000000006,1.33,0.23,0.4
68.46917486190796,6.6000000000000005,-6.4,-63.900000000000006,1.32,0.23,0.41000000000000003
68.47997045516968,6.5,-6.4,-63.900000000000006,1.32,0.22,0.41000000000000003
68.48985004425049,6.5,-6.4,-63.900000000000006,1.32,0.22,0.41000000000000003
68.4999737739563,6.4,-6.4,-63.800000000000004,1.32,0.21,0.41000000000000003
68.50894331932068,6.300000000000001,-6.4,-63.800000000000004,1.32,0.2,0.41000000000000003
68.51917695999146,6.300000000000001,-6.300000000000001,-63.900000000000006,1.31,0.19,0.41000000000000003
68.52939438819885,6.300000000000001,-6.300000000000001,-64.0,1.3,0.19,0.41000000000000003
68.53916597366333,6.300000000000001,-6.2,-64.0,1.3,0.2,0.41000000000000003
68.5492377281189,6.300000000000001,-6.300000000000001,-64.0,1.31,0.2,0.41000000000000003
68.55915784835815,6.300000000000001,-6.300000000000001,-64.10000000000001,1.31,0.2,0.41000000000000003
68.56969904899597,6.300000000000001,-6.4,-64.0,1.32,0.2,0.41000000000000003
68.57894468307495,6.300000000000001,-6.4,-64.0,1.32,0.2,0.41000000000000003
68.58901715278625,6.5,-6.2,-64.0,1.31,0.21,0.41000000000000003
68.59934186935425,6.4,-6.4,-64.4,1.3,0.22,0.41000000000000003
68.60924577713013,6.300000000000001,-6.5,-64.10000000000001,1.33,0.2,0.41000000000000003
68.61940503120422,6.2,-6.6000000000000005,-63.800000000000004,1.35,0.18,0.41000000000000003
68.62989258766174,6.2,-6.5,-63.900000000000006,1.33,0.18,0.41000000000000003
68.63918018341064,6.300000000000001,-6.4,-63.900000000000006,1.31,0.19,0.41000000000000003
68.64922189712524,6.4,-6.300000000000001,-63.900000000000006,1.31,0.21,0.41000000000000003
68.6597626209259,6.6000000000000005,-6.300000000000001,-63.900000000000006,1.31,0.23,0.41000000000000003
68.66910123825073,6.5,-6.4,-63.900000000000006,1.31,0.23,0.4
68.67900443077087,6.5,-6.4,-63.800000000000004,1.32,0.22,0.41000000000000003
68.68893671035767,6.5,-6.300000000000001,-63.900000000000006,1.31,0.21,0.41000000000000003
68.6990442276001,6.4,-6.300000000000001,-63.900000000000006,1.3,0.21,0.41000000000000003
68.70898818969727,6.5,-6.300000000000001,-63.800000000000004,1.3,0.22,0.41000000000000003
68.71889567375183,6.6000000000000005,-6.2,-63.900000000000006,1.3,0.23,0.41000000000000003
68.72998785972595,6.5,-6.2,-64.0,1.29,0.23,0.41000000000000003
68.7394506931305,6.5,-6.2,-63.900000000000006,1.3,0.22,0.41000000000000003
68.74914741516113,6.4,-6.300000000000001,-63.900000000000006,1.3,0.2,0.41000000000000003
68.75985980033875,6.300000000000001,-6.300000000000001,-63.900000000000006,1.31,0.19,0.41000000000000003
68.7689573764801,6.300000000000001,-6.4,-63.900000000000006,1.32,0.19,0.41000000000000003
68.77932000160217,6.300000000000001,-6.4,-63.900000000000006,1.32,0.19,0.41000000000000003
68.78902125358582,6.300000000000001,-6.4,-64.0,1.32,0.2,0.41000000000000003
68.79927015304565,6.4,-6.5,-64.0,1.32,0.21,0.41000000000000003
68.80932641029358,6.4,-6.4,-64.0,1.32,0.21,0.4
68.81926035881042,6.4,-6.4,-64.0,1.32,0.21,0.4
68.82988619804382,6.4,-6.4,-63.900000000000006,1.32,0.21,0.41000000000000003
68.83912777900696,6.4,-6.4,-64.0,1.31,0.2,0.41000000000000003
68.84910154342651,6.300000000000001,-6.300000000000001,-64.0,1.31,0.2,0.41000000000000003
68.85933375358582,6.4,-6.300000000000001,-64.0,1.31,0.2,0.41000000000000003
68.86917495727539,6.4,-6.300000000000001,-63.900000000000006,1.31,0.2,0.41000000000000003
68.87972497940063,6.4,-6.300000000000001,-64.0,1.3,0.2,0.41000000000000003
68.88893270492554,6.4,-6.300000000000001,-63.900000000000006,1.3,0.2,0.41000000000000003
68.90032148361206,6.300000000000001,-6.300000000000001,-63.900000000000006,1.31,0.2,0.41000000000000003
68.90893507003784,6.300000000000001,-6.4,-63.900000000000006,1.32,0.2,0.41000000000000003
68.91903185844421,6.4,-6.4,-63.900000000000006,1.32,0.2,0.41000000000000003
68.93046545982361,6.4,-6.4,-63.900000000000006,1.32,0.21,0.41000000000000003
68.93929934501648,6.5,-6.4,-64.0,1.32,0.22,0.41000000000000003
68.94947457313538,6.5,-6.4,-64.0,1.31,0.22,0.41000000000000003
68.95912909507751,6.5,-6.300000000000001,-64.0,1.31,0.22,0.41000000000000003
68.96943354606628,6.4,-6.300000000000001,-63.900000000000006,1.31,0.21,0.41000000000000003
68.97908234596252,6.4,-6.300000000000001,-63.900000000000006,1.3,0.21,0.41000000000000003
68.98964929580688,6.300000000000001,-6.0,-64.0,1.29,0.2,0.41000000000000003
69.00012445449829,6.4,-6.2,-64.0,1.28,0.19,0.42
69.0091142654419,6.4,-6.2,-63.900000000000006,1.32,0.21,0.41000000000000003
69.02026081085205,6.4,-6.4,-64.0,1.31,0.21,0.4
69.02919721603394,6.5,-6.300000000000001,-63.900000000000006,1.31,0.21,0.41000000000000003
69.03914403915405,6.4,-6.4,-64.0,1.31,0.21,0.41000000000000003
69.04952621459961,6.4,-6.4,-63.900000000000006,1.31,0.21,0.4
69.05958604812622,6.5,-6.6000000000000005,-64.0,1.34,0.21,0.41000000000000003
69.06907963752747,6.5,-6.6000000000000005,-64.0,1.35,0.21,0.4
69.07907128334045,6.4,-6.6000000000000005,-64.0,1.34,0.21,0.4
69.08915758132935,6.4,-6.5,-64.0,1.32,0.21,0.41000000000000003
69.09908127784729,6.300000000000001,-6.300000000000001,-64.0,1.31,0.2,0.41000000000000003
69.10897088050842,6.300000000000001,-6.300000000000001,-64.0,1.3,0.2,0.41000000000000003
69.11909198760986,6.300000000000001,-6.300000000000001,-64.0,1.31,0.19,0.41000000000000003
69.12906622886658,6.300000000000001,-6.300000000000001,-64.0,1.3,0.19,0.41000000000000003
69.13921475410461,6.300000000000001,-6.2,-64.0,1.3,0.2,0.41000000000000003
69.1495521068573,6.4,-6.2,-64.0,1.3,0.21,0.41000000000000003
69.15926361083984,6.5,-6.2,-63.900000000000006,1.3,0.21,0.41000000000000003
69.16907501220703,6.5,-6.300000000000001,-64.0,1.31,0.22,0.41000000000000003
69.1790120601654,6.5,-6.4,-64.0,1.31,0.22,0.41000000000000003
69.18999481201172,6.5,-6.4,-63.900000000000006,1.32,0.21,0.41000000000000003
69.198965549469,6.5,-6.5,-63.900000000000006,1.32,0.21,0.41000000000000003
69.2091109752655,6.5,-6.4,-63.800000000000004,1.32,0.21,0.41000000000000003
69.21984624862671,6.5,-6.4,-63.900000000000006,1.32,0.21,0.4
69.2296724319458,6.4,-6.4,-63.900000000000006,1.31,0.21,0.41000000000000003
69.23979020118713,6.4,-6.300000000000001,-63.900000000000006,1.31,0.21,0.41000000000000003
69.24906182289124,6.4,-6.300000000000001,-63.900000000000006,1.31,0.2,0.41000000000000003
69.26012778282166,6.300000000000001,-6.300000000000001,-63.900000000000006,1.31,0.2,0.41000000000000003
69.2693510055542,6.4,-6.300000000000001,-63.900000000000006,1.31,0.2,0.41000000000000003
69.279296875,6.4,-6.300000000000001,-64.0,1.3,0.21,0.41000000000000003
69.28992009162903,6.4,-6.300000000000001,-64.0,1.3,0.21,0.41000000000000003
69.30009865760803,6.4,-6.300000000000001,-64.0,1.3,0.21,0.41000000000000003
69.30989599227905,6.4,-6.300000000000001,-64.0,1.31,0.21,0.41000000000000003
69.31954717636108,6.4,-6.4,-63.900000000000006,1.32,0.2,0.41000000000000003
69.3296890258789,6.4,-6.4,-64.0,1.32,0.2,0.41000000000000003
69.33949303627014,6.4,-6.4,-63.900000000000006,1.32,0.2,0.41000000000000003
69.34907603263855,6.4,-6.4,-64.0,1.32,0.2,0.41000000000000003
69.3595519065857,6.4,-6.4,-63.900000000000006,1.32,0.2,0.41000000000000003
69.369948387146,6.4,-6.4,-63.900000000000006,1.32,0.2,0.41000000000000003
69.37988066673279,6.4,-6.4,-63.900000000000006,1.32,0.2,0.41000000000000003
69.38899564743042,6.4,-6.4,-63.900000000000006,1.32,0.21,0.41000000000000003
69.39912128448486,6.4,-6.4,-63.900000000000006,1.31,0.21,0.41000000000000003
69.41001105308533,6.4,-6.4,-63.900000000000006,1.31,0.21,0.41000000000000003
69.41904187202454,6.4,-6.300000000000001,-64.0,1.31,0.21,0.41000000000000003
69.42949032783508,6.4,-6.300000000000001,-64.0,1.31,0.21,0.41000000000000003
69.43918347358704,6.6000000000000005,-6.4,-63.900000000000006,1.31,0.22,0.41000000000000003
69.44891285896301,6.6000000000000005,-6.4,-63.900000000000006,1.33,0.23,0.4
69.45894408226013,6.5,-6.5,-63.900000000000006,1.33,0.22,0.39
69.46938824653625,6.5,-6.300000000000001,-63.900000000000006,1.32,0.21,0.41000000000000003
69.47904562950134,6.300000000000001,-6.2,-63.900000000000006,1.29,0.19,0.41000000000000003
69.48898339271545,6.300000000000001,-6.1000000000000005,-63.900000000000006,1.28,0.19,0.42
69.4988625049591,6.300000000000001,-6.2,-63.900000000000006,1.3,0.2,0.42
69.50912261009216,6.300000000000001,-6.2,-63.900000000000006,1.3,0.2,0.4
69.51916575431824,6.4,-6.300000000000001,-63.900000000000006,1.31,0.21,0.41000000000000003
69.52932620048523,6.4,-6.300000000000001,-64.0,1.3,0.2,0.41000000000000003
69.54049277305603,6.4,-6.4,-64.0,1.31,0.21,0.41000000000000003
69.54983401298523,6.5,-6.5,-63.900000000000006,1.33,0.22,0.41000000000000003
69.55926203727722,6.5,-6.5,-64.0,1.34,0.22,0.4
69.56902050971985,6.5,-6.5,-63.900000000000006,1.33,0.22,0.4
69.57917547225952,6.4,-6.4,-63.900000000000006,1.32,0.21,0.41000000000000003
69.58896541595459,6.4,-6.4,-64.0,1.31,0.2,0.41000000000000003
69.59886431694031,6.300000000000001,-6.4,-64.0,1.31,0.2,0.41000000000000003
69.60964059829712,6.300000000000001,-6.300000000000001,-63.900000000000006,1.31,0.19,0.41000000000000003
69.61902499198914,6.300000000000001,-6.300000000000001,-64.0,1.31,0.19,0.41000000000000003
69.628910779953,6.300000000000001,-6.300000000000001,-64.0,1.3,0.2,0.41000000000000003
69.63969159126282,6.300000000000001,-6.2,-64.0,1.3,0.2,0.41000000000000003
69.64911317825317,6.4,-6.300000000000001,-64.0,1.3,0.2,0.41000000000000003
69.658935546875,6.4,-6.300000000000001,-63.900000000000006,1.31,0.21,0.41000000000000003
69.66918087005615,6.5,-6.4,-64.0,1.32,0.22,0.41000000000000003
69.67962217330933,6.5,-6.4,-64.0,1.32,0.22,0.41000000000000003
69.6888952255249,6.5,-6.4,-64.0,1.32,0.22,0.41000000000000003
69.69926238059998,6.5,-6.4,-64.0,1.32,0.22,0.41000000000000003
69.70999026298523,6.4,-6.4,-63.900000000000006,1.32,0.21,0.41000000000000003
69.71906042098999,6.4,-6.300000000000001,-63.900000000000006,1.31,0.21,0.41000000000000003
69.7290186882019,6.4,-6.300000000000001,-63.900000000000006,1.31,0.2,0.41000000000000003
69.74036192893982,6.4,-6.300000000000001,-63.900000000000006,1.31,0.2,0.41000000000000003
69.74916672706604,6.4,-6.300000000000001,-63.900000000000006,1.31,0.2,0.41000000000000003
69.76023864746094,6.4,-6.300000000000001,-63.900000000000006,1.31,0.2,0.41000000000000003
69.76985907554626,6.4,-6.300000000000001,-63.900000000000006,1.31,0.21,0.41000000000000003
69.7799859046936,6.4,-6.300000000000001,-64.0,1.31,0.21,0.41000000000000003
69.78892040252686,6.5,-6.300000000000001,-64.0,1.31,0.21,0.41000000000000003
69.7991075515747,6.5,-6.4,-64.0,1.31,0.22,0.41000000000000003
69.8099582195282,6.5,-6.4,-64.0,1.32,0.21,0.41000000000000003
69.81958270072937,6.4,-6.4,-64.0,1.32,0.21,0.41000000000000003
69.82900023460388,6.4,-6.4,-63.900000000000006,1.32,0.2,0.41000000000000003
69.83919858932495,6.4,-6.4,-64.0,1.31,0.2,0.41000000000000003
69.84960126876831,6.300000000000001,-6.300000000000001,-64.0,1.31,0.2,0.41000000000000003
69.85897850990295,6.300000000000001,-6.300000000000001,-63.900000000000006,1.31,0.2,0.41000000000000003
69.86930918693542,6.300000000000001,-6.300000000000001,-64.0,1.31,0.2,0.41000000000000003
69.87941598892212,6.300000000000001,-6.4,-63.900000000000006,1.31,0.2,0.41000000000000003
69.88900804519653,6.4,-6.4,-63.900000000000006,1.31,0.2,0.41000000000000003
69.89921164512634,6.4,-6.4,-63.900000000000006,1.31,0.21,0.41000000000000003
69.91058874130249,6.4,-6.4,-64.0,1.31,0.21,0.41000000000000003
69.9192156791687,6.5,-6.4,-63.900000000000006,1.31,0.21,0.41000000000000003
69.92905759811401,6.5,-6.4,-64.0,1.31,0.21,0.41000000000000003
69.93908309936523,6.5,-6.300000000000001,-63.900000000000006,1.31,0.21,0.41000000000000003
69.94954442977905,6.4,-6.300000000000001,-63.900000000000006,1.31,0.21,0.41000000000000003
69.95963907241821,6.4,-6.300000000000001,-63.900000000000006,1.31,0.21,0.41000000000000003
69.96907615661621,6.4,-6.300000000000001,-63.900000000000006,1.31,0.21,0.41000000000000003
69.97941851615906,6.4,-6.300000000000001,-63.900000000000006,1.31,0.2,0.41000000000000003
69.98951601982117,6.4,-6.300000000000001,-63.900000000000006,1.31,0.2,0.41000000000000003
69.9990291595459,6.4,-6.300000000000001,-63.900000000000006,1.31,0.2,0.41000000000000003
70.00987815856934,6.4,-6.4,-63.900000000000006,1.31,0.21,0.41000000000000003
70.01937556266785,6.4,-6.300000000000001,-64.0,1.31,0.21,0.41000000000000003
70.02892804145813,6.5,-6.300000000000001,-64.0,1.31,0.21,0.41000000000000003
70.03906488418579,6.4,-6.4,-63.900000000000006,1.32,0.21,0.41000000000000003
70.05003595352173,6.4,-6.4,-64.0,1.32,0.21,0.41000000000000003
70.05986022949219,6.4,-6.4,-63.900000000000006,1.31,0.21,0.41000000000000003
70.07003092765808,6.4,-6.300000000000001,-63.900000000000006,1.31,0.21,0.41000000000000003
70.07990527153015,6.4,-6.300000000000001,-64.0,1.31,0.21,0.41000000000000003
70.08910584449768,6.4,-6.300000000000001,-64.0,1.31,0.2,0.41000000000000003
70.09896302223206,6.300000000000001,-6.300000000000001,-64.0,1.31,0.2,0.41000000000000003
70.10984063148499,6.300000000000001,-6.300000000000001,-63.900000000000006,1.31,0.2,0.41000000000000003
70.11942386627197,6.300000000000001,-6.4,-64.0,1.31,0.2,0.41000000000000003
70.1289930343628,6.4,-6.4,-64.0,1.31,0.2,0.41000000000000003
70.13955998420715,6.4,-6.4,-63.900000000000006,1.31,0.21,0.41000000000000003
70.14972805976868,6.4,-6.4,-64.0,1.31,0.21,0.41000000000000003
70.1600034236908,6.4,-6.4,-63.900000000000006,1.32,0.21,0.41000000000000003
70.16979098320007,6.4,-6.4,-64.0,1.32,0.21,0.41000000000000003
70.17978405952454,6.4,-6.4,-64.0,1.32,0.21,0.41000000000000003
70.18972253799438,6.5,-6.300000000000001,-64.0,1.31,0.21,0.41000000000000003
70.1989643573761,6.4,-6.300000000000001,-64.0,1.31,0.21,0.41000000000000003
70.20931577682495,6.4,-6.300000000000001,-63.900000000000006,1.31,0.21,0.41000000000000003
70.22016334533691,6.4,-6.300000000000001,-63.900000000000006,1.31,0.21,0.41000000000000003
70.22998666763306,6.4,-6.300000000000001,-63.900000000000006,1.31,0.21,0.41000000000000003
70.23909020423889,6.4,-6.300000000000001,-64.0,1.31,0.21,0.41000000000000003
70.2499086856842,6.4,-6.300000000000001,-64.0,1.31,0.21,0.41000000000000003
70.26024723052979,6.4,-6.300000000000001,-63.900000000000006,1.31,0.21,0.41000000000000003
70.2690064907074,6.4,-6.4,-63.900000000000006,1.31,0.21,0.41000000000000003
70.27911591529846,6.4,-6.4,-63.900000000000006,1.32,0.21,0.41000000000000003
70.28952741622925,6.4,-6.4,-64.0,1.31,0.21,0.41000000000000003
70.29910182952881,6.4,-6.4,-64.0,1.31,0.21,0.41000000000000003
70.30939388275146,6.4,-6.4,-64.0,1.32,0.21,0.41000000000000003
70.31955671310425,6.4,-6.300000000000001,-64.0,1.31,0.21,0.41000000000000003
70.32907104492188,6.4,-6.300000000000001,-64.0,1.31,0.2,0.41000000000000003
70.33926582336426,6.4,-6.4,-63.900000000000006,1.31,0.2,0.41000000000000003
70.34959506988525,6.300000000000001,-6.300000000000001,-63.900000000000006,1.31,0.2,0.41000000000000003
70.35946655273438,6.4,-6.300000000000001,-63.900000000000006,1.31,0.2,0.41000000000000003
70.36904001235962,6.4,-6.300000000000001,-64.0,1.31,0.21,0.41000000000000003
70.37897658348083,6.4,-6.300000000000001,-63.900000000000006,1.31,0.2,0.41000000000000003
70.38911247253418,6.4,-6.4,-63.900000000000006,1.31,0.21,0.41000000000000003
70.39888405799866,6.4,-6.4,-63.900000000000006,1.31,0.21,0.41000000000000003
70.40916228294373,6.4,-6.4,-63.900000000000006,1.31,0.21,0.41000000000000003
70.41985654830933,6.4,-6.300000000000001,-63.900000000000006,1.31,0.21,0.41000000000000003
70.43002510070801,6.4,-6.4,-63.900000000000006,1.31,0.21,0.41000000000000003
70.439049243927,6.4,-6.4,-64.0,1.31,0.21,0.41000000000000003
70.44959831237793,6.4,-6.4,-63.900000000000006,1.31,0.21,0.41000000000000003
70.4598343372345,6.4,-6.300000000000001,-63.900000000000006,1.31,0.21,0.41000000000000003
70.4694504737854,6.4,-6.300000000000001,-63.900000000000006,1.31,0.21,0.41000000000000003
70.47904396057129,6.4,-6.300000000000001,-63.900000000000006,1.31,0.21,0.41000000000000003
70.48926138877869,6.4,-6.300000000000001,-63.900000000000006,1.31,0.21,0.41000000000000003
70.49900937080383,6.4,-6.300000000000001,-63.900000000000006,1.31,0.21,0.41000000000000003
70.50918579101562,6.4,-6.300000000000001,-63.900000000000006,1.31,0.21,0.41000000000000003
70.51973080635071,6.4,-6.300000000000001,-63.900000000000006,1.31,0.21,0.41000000000000003
70.52970719337463,6.4,-6.300000000000001,-63.900000000000006,1.31,0.21,0.41000000000000003
70.5390260219574,6.4,-6.300000000000001,-64.0,1.31,0.21,0.41000000000000003
70.54935479164124,6.4,-6.4,-63.900000000000006,1.32,0.21,0.41000000000000003
70.55970096588135,6.4,-6.4,-63.900000000000006,1.32,0.2,0.41000000000000003
70.56897330284119,6.4,-6.4,-64.0,1.32,0.2,0.41000000000000003
70.57926321029663,6.4,-6.300000000000001,-63.900000000000006,1.31,0.21,0.41000000000000003
70.58937740325928,6.4,-6.300000000000001,-64.0,1.31,0.21,0.41000000000000003
70.59979820251465,6.4,-6.300000000000001,-64.0,1.31,0.2,0.41000000000000003
70.60900807380676,6.4,-6.300000000000001,-63.900000000000006,1.31,0.2,0.41000000000000003
70.61932444572449,6.4,-6.300000000000001,-64.0,1.31,0.2,0.41000000000000003
70.62904071807861,6.4,-6.300000000000001,-64.0,1.31,0.2,0.41000000000000003
70.63901329040527,6.4,-6.300000000000001,-64.0,1.31,0.21,0.41000000000000003
70.64922451972961,6.4,-6.300000000000001,-63.900000000000006,1.31,0.21,0.41000000000000003
70.65908074378967,6.4,-6.300000000000001,-63.900000000000006,1.31,0.21,0.41000000000000003
70.66916584968567,6.4,-6.300000000000001,-63.900000000000006,1.31,0.21,0.41000000000000003
70.67896294593811,6.4,-6.4,-63.900000000000006,1.31,0.21,0.41000000000000003
70.68950819969177,6.4,-6.300000000000001,-63.900000000000006,1.31,0.21,0.41000000000000003
70.69968032836914,6.4,-6.4,-63.900000000000006,1.31,0.21,0.41000000000000003
70.70892357826233,6.4,-6.4,-63.900000000000006,1.31,0.21,0.41000000000000003
70.71933031082153,6.4,-6.4,-63.900000000000006,1.32,0.21,0.41000000000000003
70.729243516922,6.4,-6.4,-63.900000000000006,1.31,0.21,0.41000000000000003
70.73902726173401,6.4,-6.4,-63.900000000000006,1.31,0.21,0.41000000000000003
70.74920606613159,6.4,-6.300000000000001,-63.900000000000006,1.31,0.21,0.41000000000000003
70.76035499572754,6.4,-6.300000000000001,-63.900000000000006,1.31,0.21,0.41000000000000003
70.76997303962708,6.4,-6.300000000000001,-63.900000000000006,1.31,0.21,0.41000000000000003
70.77967309951782,6.4,-6.300000000000001,-64.0,1.31,0.21,0.41000000000000003
70.78905916213989,6.4,-6.300000000000001,-63.900000000000006,1.31,0.21,0.41000000000000003
70.79925966262817,6.4,-6.300000000000001,-63.900000000000006,1.31,0.21,0.41000000000000003
70.8093810081482,6.4,-6.300000000000001,-63.900000000000006,1.31,0.21,0.41000000000000003
70.81943225860596,6.4,-6.300000000000001,-63.900000000000006,1.31,0.2,0.41000000000000003
70.82971811294556,6.4,-6.300000000000001,-63.900000000000006,1.31,0.2,0.41000000000000003
70.83894801139832,6.4,-6.4,-63.900000000000006,1.31,0.21,0.41000000000000003
70.84924244880676,6.4,-6.4,-63.900000000000006,1.32,0.21,0.41000000000000003
70.85929799079895,6.4,-6.4,-63.900000000000006,1.32,0.21,0.41000000000000003
70.86920475959778,6.4,-6.4,-63.900000000000006,1.32,0.21,0.41000000000000003
70.87916874885559,6.4,-6.4,-63.900000000000006,1.31,0.21,0.41000000000000003
70.88931107521057,6.4,-6.300000000000001,-63.900000000000006,1.31,0.21,0.41000000000000003
70.89915442466736,6.4,-6.300000000000001,-63.900000000000006,1.31,0.2,0.41000000000000003
70.90937185287476,6.4,-6.300000000000001,-63.900000000000006,1.31,0.2,0.41000000000000003
70.91924500465393,6.4,-6.300000000000001,-63.900000000000006,1.31,0.2,0.41000000000000003
70.92935299873352,6.4,-6.300000000000001,-63.900000000000006,1.31,0.2,0.41000000000000003
70.93929600715637,6.4,-6.300000000000001,-63.900000000000006,1.31,0.2,0.41000000000000003
70.94981408119202,6.4,-6.300000000000001,-63.900000000000006,1.31,0.2,0.41000000000000003
70.95980739593506,6.4,-6.300000000000001,-64.0,1.31,0.21,0.41000000000000003
70.96917295455933,6.5,-6.300000000000001,-64.0,1.31,0.21,0.41000000000000003
70.98001599311829,6.5,-6.300000000000001,-64.0,1.31,0.21,0.41000000000000003
70.98987555503845,6.5,-6.300000000000001,-64.0,1.31,0.21,0.41000000000000003
70.99987530708313,6.4,-6.300000000000001,-63.900000000000006,1.31,0.21,0.41000000000000003
71.0100028514862,6.4,-6.300000000000001,-64.0,1.31,0.21,0.41000000000000003
71.01890134811401,6.4,-6.4,-63.900000000000006,1.31,0.21,0.41000000000000003
71.02921938896179,6.4,-6.300000000000001,-64.0,1.31,0.21,0.41000000000000003
71.03919672966003,6.4,-6.300000000000001,-63.900000000000006,1.31,0.2,0.41000000000000003
71.04917192459106,6.4,-6.300000000000001,-63.900000000000006,1.31,0.2,0.41000000000000003
71.0590546131134,6.4,-6.300000000000001,-63.900000000000006,1.31,0.2,0.41000000000000003
71.06905937194824,6.4,-6.300000000000001,-64.0,1.31,0.21,0.41000000000000003
71.0793628692627,6.4,-6.300000000000001,-63.900000000000006,1.31,0.21,0.41000000000000003
71.08916068077087,6.4,-6.300000000000001,-64.0,1.31,0.21,0.41000000000000003
71.09893989562988,6.4,-6.4,-64.0,1.31,0.21,0.41000000000000003
71.10895228385925,6.4,-6.4,-64.0,1.31,0.21,0.41000000000000003
71.11941933631897,6.4,-6.300000000000001,-63.900000000000006,1.31,0.21,0.41000000000000003
71.1290512084961,6.4,-6.300000000000001,-64.0,1.31,0.2,0.41000000000000003
71.1392982006073,6.4,-6.300000000000001,-63.900000000000006,1.31,0.2,0.41000000000000003
71.15040159225464,6.4,-6.300000000000001,-63.900000000000006,1.31,0.2,0.41000000000000003
71.1594033241272,6.4,-6.4,-64.0,1.31,0.2,0.41000000000000003
71.16913223266602,6.4,-6.300000000000001,-63.900000000000006,1.31,0.2,0.41000000000000003
71.17905044555664,6.4,-6.300000000000001,-64.0,1.31,0.21,0.41000000000000003
71.18919777870178,6.4,-6.300000000000001,-64.0,1.31,0.21,0.41000000000000003
71.19900631904602,6.4,-6.4,-64.0,1.31,0.21,0.41000000000000003
71.20904517173767,6.4,-6.4,-64.0,1.31,0.21,0.41000000000000003
71.21971225738525,6.4,-6.300000000000001,-63.900000000000006,1.31,0.21,0.41000000000000003
71.22998452186584,6.4,-6.300000000000001,-63.900000000000006,1.31,0.21,0.41000000000000003
71.23891401290894,6.4,-6.300000000000001,-63.900000000000006,1.31,0.21,0.41000000000000003
71.24997758865356,6.4,-6.300000000000001,-63.900000000000006,1.31,0.21,0.41000000000000003
71.25954413414001,6.4,-6.300000000000001,-63.900000000000006,1.31,0.21,0.41000000000000003
71.26956033706665,6.1000000000000005,-6.1000000000000005,-64.3,1.31,0.19,0.4
71.27895045280457,6.1000000000000005,-6.0,-64.10000000000001,1.27,0.18,0.42
71.2894332408905,6.300000000000001,-5.9,-63.800000000000004,1.27,0.18,0.43
71.29928016662598,6.300000000000001,-6.2,-64.0,1.29,0.19,0.41000000000000003
71.30894637107849,6.6000000000000005,-6.5,-63.900000000000006,1.35,0.23,0.4
71.31887984275818,6.6000000000000005,-6.7,-64.0,1.36,0.23,0.39
71.3299036026001,6.5,-6.6000000000000005,-64.0,1.34,0.23,0.39
71.33913850784302,6.6000000000000005,-6.5,-63.900000000000006,1.32,0.22,0.42
71.34913372993469,6.5,-6.5,-64.0,1.32,0.21,0.4
71.36033844947815,6.5,-6.6000000000000005,-63.900000000000006,1.35,0.22,0.4
71.36948442459106,6.5,-6.6000000000000005,-63.900000000000006,1.34,0.21,0.4
71.37906527519226,6.300000000000001,-6.300000000000001,-63.900000000000006,1.3,0.2,0.41000000000000003
71.38898658752441,6.300000000000001,-6.1000000000000005,-64.0,1.28,0.19,0.42
71.39913082122803,6.300000000000001,-6.1000000000000005,-64.0,1.28,0.19,0.42
71.40920352935791,6.300000000000001,-6.2,-63.900000000000006,1.3,0.2,0.41000000000000003
71.41900086402893,6.4,-6.300000000000001,-64.0,1.32,0.2,0.41000000000000003
71.43020939826965,6.4,-6.300000000000001,-64.0,1.31,0.21,0.41000000000000003
71.43903398513794,6.5,-6.2,-64.10000000000001,1.29,0.22,0.41000000000000003
71.44913649559021,6.5,-6.300000000000001,-64.0,1.3,0.22,0.41000000000000003
71.45914268493652,6.5,-6.4,-64.0,1.32,0.22,0.41000000000000003
71.46947765350342,6.4,-6.5,-63.900000000000006,1.33,0.21,0.4
71.47914099693298,6.4,-6.5,-63.900000000000006,1.33,0.21,0.41000000000000003
71.48895859718323,6.4,-6.4,-63.900000000000006,1.32,0.2,0.41000000000000003
71.49968314170837,6.4,-6.4,-63.900000000000006,1.31,0.2,0.41000000000000003
71.50892162322998,6.4,-6.4,-63.900000000000006,1.31,0.2,0.41000000000000003
71.51907753944397,6.4,-6.4,-63.900000000000006,1.32,0.2,0.41000000000000003
71.5292739868164,6.4,-6.4,-63.900000000000006,1.31,0.2,0.41000000000000003
71.53935956954956,6.4,-6.300000000000001,-64.0,1.31,0.2,0.41000000000000003
71.54942035675049,6.4,-6.300000000000001,-64.0,1.3,0.21,0.41000000000000003
71.55904340744019,6.4,-6.300000000000001,-64.0,1.3,0.21,0.41000000000000003
71.56948113441467,6.4,-6.300000000000001,-64.0,1.31,0.21,0.41000000000000003
71.57982420921326,6.5,-6.300000000000001,-64.0,1.31,0.21,0.41000000000000003
71.58900046348572,6.4,-6.300000000000001,-64.0,1.31,0.21,0.41000000000000003
71.59955739974976,6.4,-6.300000000000001,-64.0,1.31,0.21,0.41000000000000003
71.60924744606018,6.4,-6.300000000000001,-63.900000000000006,1.31,0.2,0.41000000000000003
71.61924958229065,6.300000000000001,-6.4,-63.900000000000006,1.32,0.2,0.41000000000000003
71.63007521629333,6.300000000000001,-6.4,-64.0,1.32,0.2,0.41000000000000003
71.64051675796509,6.300000000000001,-6.4,-63.900000000000006,1.32,0.2,0.41000000000000003
71.64903616905212,6.4,-6.4,-63.900000000000006,1.32,0.2,0.41000000000000003
71.65916395187378,6.4,-6.4,-64.0,1.32,0.2,0.41000000000000003
71.66981816291809,6.4,-6.4,-64.0,1.32,0.21,0.41000000000000003
71.67920756340027,6.5,-6.4,-64.0,1.31,0.22,0.41000000000000003
71.68927597999573,6.5,-6.300000000000001,-64.0,1.31,0.22,0.41000000000000003
71.69984149932861,6.5,-6.300000000000001,-64.0,1.3,0.22,0.41000000000000003
71.7091760635376,6.4,-6.2,-64.0,1.3,0.21,0.41000000000000003
71.71898198127747,6.4,-6.2,-64.0,1.3,0.21,0.41000000000000003
71.72933197021484,6.4,-6.300000000000001,-63.900000000000006,1.31,0.2,0.41000000000000003
71.73920512199402,6.4,-6.300000000000001,-63.900000000000006,1.31,0.2,0.41000000000000003
71.74906539916992,6.300000000000001,-6.300000000000001,-63.900000000000006,1.31,0.2,0.41000000000000003
71.76002502441406,6.4,-6.300000000000001,-63.900000000000006,1.31,0.2,0.41000000000000003
71.76992630958557,6.4,-6.4,-64.0,1.32,0.2,0.41000000000000003
71.7801251411438,6.4,-6.4,-64.0,1.32,0.2,0.41000000000000003
71.78984832763672,6.4,-6.5,-63.900000000000006,1.33,0.21,0.41000000000000003
71.79900074005127,6.4,-6.4,-63.900000000000006,1.32,0.21,0.41000000000000003
71.80966091156006,6.5,-6.4,-63.900000000000006,1.32,0.21,0.41000000000000003
71.81896996498108,6.4,-6.4,-64.0,1.31,0.21,0.41000000000000003
71.82900857925415,6.4,-6.300000000000001,-64.0,1.31,0.21,0.41000000000000003
71.83961582183838,6.4,-6.300000000000001,-63.900000000000006,1.31,0.21,0.41000000000000003
71.8491427898407,6.4,-6.300000000000001,-63.900000000000006,1.3,0.2,0.41000000000000003
71.85990309715271,6.300000000000001,-6.2,-63.900000000000006,1.3,0.2,0.41000000000000003
71.86991286277771,6.4,-6.300000000000001,-63.900000000000006,1.3,0.2,0.41000000000000003
71.87986373901367,6.4,-6.300000000000001,-63.900000000000006,1.31,0.2,0.41000000000000003
71.88890218734741,6.4,-6.300000000000001,-63.900000000000006,1.31,0.2,0.41000000000000003
71.89920663833618,6.4,-6.4,-64.0,1.32,0.2,0.41000000000000003
71.91001534461975,6.4,-6.4,-63.900000000000006,1.32,0.21,0.41000000000000003
71.91900372505188,6.4,-6.4,-64.0,1.32,0.21,0.41000000000000003
71.92891716957092,6.4,-6.4,-64.0,1.32,0.21,0.41000000000000003
71.93982529640198,6.4,-6.4,-63.900000000000006,1.32,0.21,0.41000000000000003
71.94913339614868,6.4,-6.4,-63.900000000000006,1.32,0.21,0.41000000000000003
71.95898461341858,6.4,-6.4,-63.900000000000006,1.31,0.21,0.41000000000000003
71.96920394897461,6.4,-6.300000000000001,-64.0,1.31,0.21,0.41000000000000003
71.9791955947876,6.4,-6.300000000000001,-63.900000000000006,1.3,0.21,0.41000000000000003
71.98908305168152,6.4,-6.2,-64.0,1.3,0.21,0.41000000000000003
71.9990541934967,6.4,-6.2,-64.0,1.3,0.21,0.41000000000000003
72.01083517074585,6.4,-6.300000000000001,-64.0,1.3,0.2,0.41000000000000003
72.0190658569336,6.4,-6.300000000000001,-63.900000000000006,1.31,0.21,0.41000000000000003
72.02936911582947,6.4,-6.300000000000001,-63.900000000000006,1.31,0.21,0.41000000000000003
72.03979301452637,6.4,-6.4,-64.0,1.31,0.21,0.41000000000000003
72.04911971092224,6.4,-6.4,-64.0,1.32,0.21,0.41000000000000003
72.059086561203,6.4,-6.4,-63.900000000000006,1.32,0.21,0.41000000000000003
72.0689811706543,6.4,-6.4,-64.0,1.32,0.21,0.41000000000000003
72.07925319671631,6.5,-6.6000000000000005,-63.800000000000004,1.32,0.21,0.41000000000000003
72.08903002738953,6.5,-6.6000000000000005,-63.800000000000004,1.34,0.22,0.4
72.098876953125,6.4,-6.5,-64.0,1.33,0.21,0.4
72.10902094841003,6.4,-6.300000000000001,-64.0,1.32,0.21,0.41000000000000003
72.1190857887268,6.4,-6.0,-63.900000000000006,1.28,0.2,0.41000000000000003
72.12887191772461,6.300000000000001,-6.0,-64.2,1.25,0.22,0.43
72.14066886901855,6.4,-5.9,-63.900000000000006,1.28,0.21,0.41000000000000003
72.1493787765503,6.4,-6.5,-63.7,1.33,0.18,0.41000000000000003
72.1589789390564,6.300000000000001,-6.5,-63.800000000000004,1.36,0.19,0.41000000000000003
72.16911816596985,6.2,-6.5,-64.0,1.32,0.19,0.4
72.17985010147095,6.5,-6.2,-63.900000000000006,1.31,0.21,0.41000000000000003
72.18908762931824,6.5,-6.300000000000001,-64.0,1.29,0.22,0.41000000000000003
72.19894599914551,6.5,-6.300000000000001,-64.10000000000001,1.3,0.22,0.4
72.20964908599854,6.4,-6.5,-63.900000000000006,1.33,0.21,0.41000000000000003
72.21898293495178,6.2,-6.4,-63.900000000000006,1.33,0.19,0.4
72.22931480407715,6.2,-6.4,-64.0,1.32,0.18,0.41000000000000003
72.23982858657837,6.2,-6.300000000000001,-63.900000000000006,1.31,0.18,0.42
72.24979400634766,6.300000000000001,-6.300000000000001,-63.900000000000006,1.31,0.19,0.41000000000000003
72.25899171829224,6.4,-6.4,-64.10000000000001,1.31,0.22,0.41000000000000003
72.2692768573761,6.5,-6.300000000000001,-64.0,1.31,0.22,0.4
72.2795774936676,6.5,-6.300000000000001,-64.0,1.31,0.22,0.41000000000000003
72.2889928817749,6.4,-6.300000000000001,-64.0,1.3,0.21,0.41000000000000003
72.29894542694092,6.300000000000001,-6.300000000000001,-63.900000000000006,1.31,0.19,0.41000000000000003
72.30976009368896,6.4,-6.300000000000001,-63.900000000000006,1.32,0.2,0.41000000000000003
72.31905364990234,6.300000000000001,-6.4,-63.900000000000006,1.32,0.2,0.41000000000000003
72.3290023803711,6.4,-6.300000000000001,-63.900000000000006,1.32,0.21,0.41000000000000003
72.3398015499115,6.5,-6.300000000000001,-64.0,1.31,0.22,0.41000000000000003
72.34961605072021,6.4,-6.300000000000001,-64.0,1.31,0.21,0.41000000000000003
72.35912251472473,6.4,-6.300000000000001,-63.900000000000006,1.32,0.21,0.41000000000000003
72.36914563179016,6.4,-6.4,-63.900000000000006,1.32,0.2,0.41000000000000003
72.37930250167847,6.4,-6.4,-63.900000000000006,1.32,0.2,0.41000000000000003
72.38896417617798,6.4,-6.300000000000001,-63.900000000000006,1.31,0.21,0.41000000000000003
72.39886093139648,6.5,-6.300000000000001,-63.900000000000006,1.31,0.22,0.41000000000000003
72.40931129455566,6.5,-6.300000000000001,-64.0,1.3,0.22,0.41000000000000003
72.42019414901733,6.5,-6.2,-64.0,1.3,0.22,0.41000000000000003
72.42906785011292,6.4,-6.300000000000001,-63.900000000000006,1.3,0.21,0.41000000000000003
72.43926310539246,6.4,-6.300000000000001,-63.900000000000006,1.31,0.2,0.41000000000000003
72.44965720176697,6.4,-6.300000000000001,-63.900000000000006,1.31,0.2,0.41000000000000003
72.45906519889832,6.4,-6.300000000000001,-63.900000000000006,1.32,0.2,0.41000000000000003
72.4690945148468,6.4,-6.300000000000001,-64.0,1.31,0.21,0.41000000000000003
72.47961711883545,6.4,-6.4,-64.0,1.31,0.21,0.41000000000000003
72.48924994468689,6.4,-6.4,-64.0,1.32,0.21,0.41000000000000003
72.4989972114563,6.4,-6.4,-64.0,1.32,0.2,0.41000000000000003
72.5094358921051,6.300000000000001,-6.4,-64.0,1.32,0.2,0.41000000000000003
72.51987218856812,6.4,-6.4,-64.0,1.32,0.2,0.41000000000000003
72.52930617332458,6.300000000000001,-6.4,-64.0,1.32,0.2,0.41000000000000003
72.53930449485779,6.4,-6.300000000000001,-64.0,1.31,0.21,0.41000000000000003
72.5495228767395,6.4,-6.300000000000001,-64.0,1.31,0.21,0.41000000000000003
72.55930185317993,6.4,-6.300000000000001,-64.0,1.3,0.21,0.41000000000000003
72.56897735595703,6.4,-6.300000000000001,-64.0,1.3,0.2,0.41000000000000003
72.57968592643738,6.4,-6.300000000000001,-63.900000000000006,1.31,0.2,0.41000000000000003
72.58942031860352,6.4,-6.300000000000001,-63.900000000000006,1.31,0.2,0.41000000000000003
72.59958052635193,6.4,-6.300000000000001,-63.900000000000006,1.31,0.21,0.41000000000000003
72.60905623435974,6.5,-6.300000000000001,-63.900000000000006,1.31,0.21,0.41000000000000003
72.6195125579834,6.5,-6.4,-64.0,1.31,0.22,0.41000000000000003
72.62895035743713,6.5,-6.4,-64.0,1.32,0.22,0.41000000000000003
72.63923645019531,6.5,-6.4,-63.900000000000006,1.32,0.21,0.41000000000000003
72.65018105506897,6.4,-6.4,-63.900000000000006,1.32,0.21,0.41000000000000003
72.65999364852905,6.4,-6.4,-63.900000000000006,1.32,0.21,0.41000000000000003
72.66908025741577,6.5,-6.300000000000001,-64.0,1.31,0.21,0.41000000000000003
72.67910742759705,6.4,-6.300000000000001,-64.0,1.31,0.21,0.41000000000000003
72.68900084495544,6.4,-6.300000000000001,-64.0,1.3,0.21,0.41000000000000003
72.69931483268738,6.4,-6.300000000000001,-64.0,1.3,0.2,0.41000000000000003
72.7089512348175,6.4,-6.300000000000001,-63.900000000000006,1.31,0.2,0.41000000000000003
72.71982192993164,6.4,-6.300000000000001,-64.0,1.31,0.2,0.41000000000000003
72.72924470901489,6.4,-6.300000000000001,-64.0,1.31,0.21,0.41000000000000003
72.73916459083557,6.4,-6.300000000000001,-64.0,1.31,0.21,0.41000000000000003
72.74999690055847,6.4,-6.4,-64.0,1.31,0.21,0.41000000000000003
72.75932669639587,6.4,-6.4,-64.0,1.32,0.21,0.41000000000000003
72.76915788650513,6.4,-6.4,-64.0,1.32,0.2,0.41000000000000003
72.77943253517151,6.4,-6.4,-64.0,1.32,0.2,0.41000000000000003
72.78909373283386,6.300000000000001,-6.5,-64.0,1.32,0.2,0.41000000000000003
72.7998206615448,6.2,-6.7,-64.10000000000001,1.36,0.17,0.4
72.8096992969513,6.1000000000000005,-6.7,-64.10000000000001,1.35,0.19,0.42
72.81915497779846,6.5,-6.0,-63.800000000000004,1.29,0.2,0.41000000000000003
72.82932472229004,6.5,-6.2,-64.2,1.26,0.23,0.41000000000000003
72.83973574638367,6.6000000000000005,-6.2,-64.10000000000001,1.3,0.24,0.41000000000000003
72.84913039207458,6.4,-6.5,-64.0,1.32,0.21,0.4
72.8591628074646,6.300000000000001,-6.2,-63.900000000000006,1.32,0.2,0.41000000000000003
72.86914134025574,6.2,-6.300000000000001,-63.900000000000006,1.3,0.18,0.42
72.878977060318,6.300000000000001,-6.1000000000000005,-63.900000000000006,1.3,0.19,0.42
72.88918948173523,6.5,-6.2,-63.900000000000006,1.29,0.21,0.41000000000000003
72.89905071258545,6.6000000000000005,-6.2,-63.900000000000006,1.3,0.24,0.4
72.90922784805298,6.6000000000000005,-6.300000000000001,-64.0,1.31,0.24,0.4
72.9190001487732,6.6000000000000005,-6.300000000000001,-63.900000000000006,1.31,0.23,0.4
72.92912030220032,6.4,-6.4,-63.900000000000006,1.32,0.21,0.41000000000000003
72.93914151191711,6.4,-6.5,-63.800000000000004,1.33,0.19,0.41000000000000003
72.94922208786011,6.4,-6.4,-63.900000000000006,1.33,0.2,0.41000000000000003
72.9590060710907,6.5,-6.4,-64.0,1.31,0.21,0.41000000000000003
72.96925115585327,6.5,-6.300000000000001,-63.900000000000006,1.31,0.22,0.41000000000000003
72.97914934158325,6.5,-6.300000000000001,-64.0,1.3,0.22,0.41000000000000003
72.98951697349548,6.4,-6.300000000000001,-64.0,1.31,0.21,0.41000000000000003
72.99907159805298,6.4,-6.300000000000001,-64.0,1.31,0.2,0.41000000000000003
73.009592294693,6.300000000000001,-6.300000000000001,-64.0,1.31,0.19,0.41000000000000003
73.01914429664612,6.300000000000001,-6.300000000000001,-64.0,1.3,0.19,0.41000000000000003
73.0292456150055,6.4,-6.2,-64.0,1.3,0.2,0.41000000000000003
73.03908371925354,6.4,-6.300000000000001,-64.10000000000001,1.3,0.21,0.41000000000000003
73.04912519454956,6.4,-6.4,-64.10000000000001,1.31,0.21,0.41000000000000003
73.05897116661072,6.4,-6.4,-64.0,1.32,0.2,0.41000000000000003
73.06913232803345,6.300000000000001,-6.5,-64.0,1.33,0.19,0.41000000000000003
73.07989430427551,6.300000000000001,-6.5,-63.900000000000006,1.33,0.19,0.41000000000000003
73.08918166160583,6.300000000000001,-6.5,-64.0,1.33,0.2,0.41000000000000003
73.0989556312561,6.4,-6.5,-64.0,1.32,0.2,0.41000000000000003
73.10901594161987,6.4,-6.4,-64.0,1.32,0.21,0.41000000000000003
73.11961817741394,6.5,-6.4,-64.0,1.31,0.22,0.41000000000000003
73.12891888618469,6.4,-6.300000000000001,-63.900000000000006,1.3,0.21,0.41000000000000003
73.13958096504211,6.5,-6.1000000000000005,-63.900000000000006,1.3,0.21,0.41000000000000003
73.15082907676697,6.4,-6.300000000000001,-64.0,1.29,0.21,0.41000000000000003
73.15992569923401,6.4,-6.2,-63.800000000000004,1.31,0.21,0.41000000000000003
73.16983962059021,6.5,-6.2,-63.900000000000006,1.3,0.22,0.41000000000000003
73.1799373626709,6.5,-6.2,-64.0,1.3,0.21,0.4
73.19003748893738,6.5,-6.300000000000001,-64.0,1.31,0.22,0.41000000000000003
73.19891715049744,6.4,-6.4,-64.10000000000001,1.31,0.21,0.41000000000000003
73.20907688140869,6.5,-6.300000000000001,-63.800000000000004,1.32,0.2,0.4
73.21947503089905,6.4,-6.5,-63.900000000000006,1.33,0.2,0.41000000000000003
73.22908115386963,6.4,-6.5,-64.10000000000001,1.33,0.21,0.41000000000000003
73.2390251159668,6.4,-6.4,-64.0,1.32,0.21,0.4
73.2492983341217,6.5,-6.300000000000001,-63.800000000000004,1.32,0.21,0.41000000000000003
73.26017570495605,6.4,-6.4,-64.0,1.31,0.21,0.41000000000000003
73.26979565620422,6.4,-6.300000000000001,-64.0,1.31,0.21,0.41000000000000003
73.27985453605652,6.4,-6.300000000000001,-63.900000000000006,1.31,0.21,0.41000000000000003
73.28910255432129,6.4,-6.300000000000001,-64.10000000000001,1.3,0.21,0.41000000000000003
73.29902243614197,6.4,-6.2,-63.900000000000006,1.3,0.2,0.41000000000000003
73.30901741981506,6.4,-6.2,-63.900000000000006,1.31,0.2,0.41000000000000003
73.31931471824646,6.4,-6.300000000000001,-64.2,1.3,0.21,0.41000000000000003
73.32904243469238,6.4,-6.300000000000001,-63.900000000000006,1.31,0.21,0.41000000000000003
73.34011101722717,6.5,-6.4,-63.900000000000006,1.32,0.21,0.41000000000000003
73.34901022911072,6.4,-6.4,-64.0,1.31,0.21,0.41000000000000003
73.35956931114197,6.4,-6.4,-64.0,1.32,0.21,0.41000000000000003
73.36912941932678,6.4,-6.4,-64.0,1.33,0.21,0.41000000000000003
73.37988829612732,6.4,-6.4,-64.0,1.32,0.21,0.41000000000000003
73.39004039764404,6.4,-6.4,-64.0,1.32,0.21,0.41000000000000003
73.400146484375,6.4,-6.4,-63.900000000000006,1.31,0.21,0.41000000000000003
73.40986394882202,6.4,-6.300000000000001,-64.0,1.31,0.21,0.41000000000000003
73.41884994506836,6.4,-6.300000000000001,-63.900000000000006,1.31,0.21,0.41000000000000003
73.4291341304779,6.4,-6.300000000000001,-63.900000000000006,1.31,0.21,0.41000000000000003
73.43892335891724,6.4,-6.300000000000001,-64.0,1.3,0.21,0.41000000000000003
73.44896697998047,6.4,-6.300000000000001,-64.0,1.3,0.21,0.41000000000000003
73.46000528335571,6.4,-6.300000000000001,-63.900000000000006,1.31,0.21,0.41000000000000003
73.46934390068054,6.4,-6.300000000000001,-64.0,1.31,0.21,0.41000000000000003
73.47906494140625,6.4,-6.300000000000001,-64.0,1.31,0.21,0.41000000000000003
73.48921346664429,6.4,-6.300000000000001,-64.0,1.31,0.21,0.41000000000000003
73.49896740913391,6.4,-6.300000000000001,-64.0,1.31,0.21,0.41000000000000003
73.5089979171753,6.4,-6.4,-63.900000000000006,1.32,0.2,0.41000000000000003
73.51896786689758,6.4,-6.4,-63.900000000000006,1.33,0.2,0.41000000000000003
73.52952885627747,6.4,-6.4,-63.900000000000006,1.32,0.2,0.41000000000000003
73.53924059867859,6.4,-6.300000000000001,-63.900000000000006,1.31,0.21,0.41000000000000003
73.54931902885437,6.5,-6.300000000000001,-64.0,1.31,0.21,0.41000000000000003
73.55943131446838,6.5,-6.300000000000001,-64.0,1.31,0.22,0.41000000000000003
73.57014727592468,6.4,-6.300000000000001,-63.900000000000006,1.31,0.21,0.41000000000000003
73.57988715171814,6.4,-6.300000000000001,-63.900000000000006,1.31,0.2,0.41000000000000003
73.5899350643158,6.4,-6.300000000000001,-64.0,1.31,0.2,0.41000000000000003
73.59987592697144,6.4,-6.300000000000001,-63.900000000000006,1.31,0.2,0.41000000000000003
73.60986614227295,6.4,-6.300000000000001,-64.0,1.31,0.21,0.41000000000000003
73.6189501285553,6.4,-6.300000000000001,-64.0,1.31,0.21,0.41000000000000003
73.62995266914368,6.4,-6.300000000000001,-64.0,1.31,0.21,0.41000000000000003
73.63997459411621,6.4,-6.4,-64.0,1.31,0.21,0.41000000000000003
73.64906024932861,6.4,-6.4,-63.900000000000006,1.32,0.2,0.41000000000000003
73.65939927101135,6.4,-6.4,-63.900000000000006,1.32,0.2,0.41000000000000003
73.67022562026978,6.4,-6.4,-63.900000000000006,1.32,0.2,0.41000000000000003
73.67913031578064,6.4,-6.4,-64.0,1.31,0.21,0.41000000000000003
73.68895125389099,6.4,-6.4,-63.900000000000006,1.31,0.21,0.41000000000000003
73.69997000694275,6.4,-6.300000000000001,-63.900000000000006,1.31,0.21,0.41000000000000003
73.70890092849731,6.4,-6.300000000000001,-64.0,1.31,0.21,0.41000000000000003
73.71911716461182,6.4,-6.300000000000001,-64.0,1.31,0.21,0.41000000000000003
73.73014211654663,6.4,-6.300000000000001,-63.900000000000006,1.31,0.21,0.41000000000000003
73.73986601829529,6.4,-6.2,-63.900000000000006,1.3,0.21,0.41000000000000003
73.74927735328674,6.4,-6.2,-64.0,1.3,0.21,0.41000000000000003
73.7596366405487,6.4,-6.300000000000001,-64.0,1.31,0.21,0.41000000000000003
73.76904034614563,6.5,-6.4,-63.900000000000006,1.32,0.21,0.41000000000000003
73.77921748161316,6.4,-6.300000000000001,-63.900000000000006,1.32,0.21,0.4
73.78919243812561,6.4,-6.300000000000001,-63.900000000000006,1.3,0.21,0.41000000000000003
73.80001139640808,6.4,-6.300000000000001,-63.900000000000006,1.3,0.21,0.41000000000000003
73.80987644195557,6.4,-6.4,-63.900000000000006,1.32,0.2,0.41000000000000003
73.81886506080627,6.4,-6.5,-63.900000000000006,1.33,0.2,0.41000000000000003
73.82956457138062,6.4,-6.5,-63.900000000000006,1.33,0.21,0.41000000000000003
73.8391945362091,6.4,-6.4,-63.900000000000006,1.32,0.21,0.41000000000000003
73.84900140762329,6.5,-6.300000000000001,-64.0,1.31,0.21,0.41000000000000003
73.85912585258484,6.4,-6.300000000000001,-64.0,1.31,0.21,0.41000000000000003
73.86942768096924,6.4,-6.300000000000001,-64.0,1.31,0.21,0.41000000000000003
73.87989497184753,6.300000000000001,-6.300000000000001,-64.0,1.31,0.2,0.41000000000000003
73.88982772827148,6.300000000000001,-6.300000000000001,-63.900000000000006,1.31,0.2,0.41000000000000003
73.89981842041016,6.300000000000001,-6.300000000000001,-63.900000000000006,1.3,0.2,0.41000000000000003
73.91000318527222,6.4,-6.300000000000001,-64.0,1.31,0.21,0.41000000000000003
73.91891288757324,6.4,-6.300000000000001,-64.0,1.31,0.21,0.41000000000000003
73.92982482910156,6.4,-6.4,-63.900000000000006,1.31,0.21,0.41000000000000003
73.93912386894226,6.4,-6.4,-63.900000000000006,1.32,0.21,0.41000000000000003
73.94910526275635,6.4,-6.4,-63.900000000000006,1.32,0.2,0.41000000000000003
73.95926308631897,6.4,-6.4,-63.900000000000006,1.32,0.21,0.41000000000000003
73.97024607658386,6.4,-6.4,-63.900000000000006,1.32,0.21,0.41000000000000003
73.9790666103363,6.4,-6.4,-63.900000000000006,1.32,0.21,0.41000000000000003
73.98903775215149,6.4,-6.300000000000001,-63.900000000000006,1.31,0.21,0.41000000000000003
73.99984669685364,6.4,-6.300000000000001,-63.900000000000006,1.31,0.21,0.41000000000000003
74.00921392440796,6.4,-6.300000000000001,-63.900000000000006,1.31,0.21,0.41000000000000003
74.01894330978394,6.4,-6.300000000000001,-63.900000000000006,1.31,0.21,0.41000000000000003
74.02938866615295,6.4,-6.300000000000001,-64.0,1.31,0.21,0.41000000000000003
74.03929090499878,6.4,-6.300000000000001,-64.0,1.3,0.21,0.41000000000000003
74.0489592552185,6.4,-6.300000000000001,-63.900000000000006,1.31,0.2,0.41000000000000003
74.05919766426086,6.4,-6.300000000000001,-63.900000000000006,1.31,0.21,0.41000000000000003
74.06981778144836,6.4,-6.4,-64.0,1.31,0.21,0.41000000000000003
74.07992339134216,6.4,-6.300000000000001,-63.900000000000006,1.32,0.21,0.41000000000000003
74.08950924873352,6.4,-6.4,-63.900000000000006,1.32,0.21,0.41000000000000003
74.09991550445557,6.4,-6.4,-64.0,1.31,0.21,0.41000000000000003
74.11000061035156,6.4,-6.4,-63.900000000000006,1.32,0.21,0.41000000000000003
74.11896657943726,6.4,-6.4,-63.900000000000006,1.32,0.21,0.41000000000000003
74.12938404083252,6.4,-6.300000000000001,-63.900000000000006,1.31,0.21,0.41000000000000003
74.13918113708496,6.4,-6.300000000000001,-63.900000000000006,1.31,0.21,0.41000000000000003
74.14916014671326,6.4,-6.300000000000001,-64.0,1.31,0.21,0.41000000000000003
74.15955948829651,6.4,-6.300000000000001,-63.900000000000006,1.31,0.21,0.41000000000000003
74.16954708099365,6.4,-6.300000000000001,-63.900000000000006,1.31,0.21,0.41000000000000003
74.17988753318787,6.4,-6.300000000000001,-63.900000000000006,1.31,0.21,0.41000000000000003
74.18898916244507,6.4,-6.300000000000001,-63.900000000000006,1.31,0.21,0.41000000000000003
74.19926595687866,6.4,-6.300000000000001,-64.0,1.31,0.21,0.41000000000000003
74.20953273773193,6.4,-6.300000000000001,-64.0,1.31,0.21,0.41000000000000003
74.21919059753418,6.4,-6.300000000000001,-63.900000000000006,1.31,0.21,0.41000000000000003
74.22955298423767,6.4,-6.300000000000001,-63.900000000000006,1.31,0.21,0.41000000000000003
74.23964834213257,6.4,-6.300000000000001,-63.900000000000006,1.31,0.2,0.41000000000000003
74.24944376945496,6.4,-6.4,-63.900000000000006,1.32,0.2,0.41000000000000003
74.25904488563538,6.4,-6.4,-63.900000000000006,1.32,0.21,0.41000000000000003
74.26984357833862,6.4,-6.4,-64.0,1.32,0.21,0.41000000000000003
74.27935433387756,6.4,-6.4,-63.900000000000006,1.31,0.21,0.41000000000000003
74.28902435302734,6.4,-6.300000000000001,-64.0,1.31,0.21,0.41000000000000003
74.29923367500305,6.4,-6.300000000000001,-64.0,1.31,0.21,0.41000000000000003
74.30948376655579,6.4,-6.300000000000001,-63.900000000000006,1.31,0.2,0.41000000000000003
74.31895971298218,6.4,-6.300000000000001,-64.0,1.31,0.21,0.41000000000000003
74.3293879032135,6.4,-6.300000000000001,-64.0,1.31,0.21,0.41000000000000003
74.34077095985413,6.4,-6.300000000000001,-64.0,1.31,0.21,0.41000000000000003
74.34951949119568,6.4,-6.300000000000001,-64.0,1.31,0.21,0.41000000000000003
74.35895228385925,6.4,-6.300000000000001,-64.0,1.31,0.2,0.41000000000000003
74.36912846565247,6.4,-6.300000000000001,-64.0,1.31,0.2,0.41000000000000003
74.37965488433838,6.4,-6.300000000000001,-63.900000000000006,1.31,0.21,0.41000000000000003
74.38895726203918,6.4,-6.4,-64.0,1.32,0.21,0.41000000000000003
74.39917182922363,6.4,-6.4,-63.900000000000006,1.31,0.21,0.41000000000000003
74.40976142883301,6.4,-6.4,-63.900000000000006,1.31,0.21,0.41000000000000003
74.4189338684082,6.4,-6.300000000000001,-63.900000000000006,1.31,0.21,0.41000000000000003
74.42909169197083,6.4,-6.300000000000001,-63.900000000000006,1.31,0.21,0.41000000000000003
74.43936133384705,6.4,-6.300000000000001,-64.0,1.31,0.21,0.41000000000000003
74.44921398162842,6.4,-6.300000000000001,-64.0,1.31,0.21,0.41000000000000003
74.45897889137268,6.4,-6.300000000000001,-64.0,1.31,0.21,0.41000000000000003
74.4692223072052,6.4,-6.300000000000001,-64.0,1.31,0.21,0.41000000000000003
74.47934985160828,6.4,-6.300000000000001,-63.900000000000006,1.31,0.21,0.41000000000000003
74.48905110359192,6.4,-6.300000000000001,-63.900000000000006,1.31,0.21,0.41000000000000003
74.4989378452301,6.4,-6.300000000000001,-63.900000000000006,1.31,0.21,0.41000000000000003
74.509348154068,6.4,-6.300000000000001,-64.0,1.31,0.21,0.41000000000000003
74.51899194717407,6.4,-6.300000000000001,-63.900000000000006,1.31,0.21,0.41000000000000003
74.52915263175964,6.4,-6.300000000000001,-63.900000000000006,1.31,0.21,0.41000000000000003
74.54025769233704,6.4,-6.4,-63.900000000000006,1.32,0.21,0.41000000000000003
74.549325466156,6.4,-6.4,-64.0,1.32,0.21,0.41000000000000003
74.55911803245544,6.4,-6.4,-64.0,1.32,0.21,0.41000000000000003
74.5690553188324,6.4,-6.4,-64.0,1.31,0.21,0.41000000000000003
74.57932829856873,6.4,-6.300000000000001,-64.0,1.31,0.21,0.41000000000000003
74.58898544311523,6.4,-6.300000000000001,-63.900000000000006,1.31,0.21,0.41000000000000003
74.5988974571228,6.4,-6.300000000000001,-64.0,1.31,0.21,0.41000000000000003
74.60994601249695,6.4,-6.300000000000001,-63.900000000000006,1.31,0.21,0.41000000000000003
74.61896514892578,6.4,-6.300000000000001,-63.900000000000006,1.31,0.21,0.41000000000000003
74.62912964820862,6.4,-6.300000000000001,-63.900000000000006,1.31,0.21,0.41000000000000003
74.6392331123352,6.4,-6.300000000000001,-63.900000000000006,1.31,0.21,0.41000000000000003
74.65039944648743,6.4,-6.300000000000001,-63.900000000000006,1.31,0.21,0.41000000000000003
74.6589183807373,6.4,-6.300000000000001,-63.900000000000006,1.31,0.21,0.41000000000000003
74.66917181015015,6.4,-6.4,-63.900000000000006,1.31,0.21,0.41000000000000003
74.67916679382324,6.4,-6.4,-63.900000000000006,1.31,0.21,0.41000000000000003
74.6890013217926,6.4,-6.4,-64.0,1.31,0.21,0.41000000000000003
74.69909453392029,6.4,-6.300000000000001,-63.900000000000006,1.31,0.21,0.41000000000000003
74.70975732803345,6.4,-6.300000000000001,-63.900000000000006,1.31,0.21,0.41000000000000003
74.71930694580078,6.4,-6.300000000000001,-64.0,1.31,0.21,0.41000000000000003
74.72937297821045,6.4,-6.300000000000001,-64.0,1.31,0.21,0.41000000000000003
74.73986554145813,6.4,-6.300000000000001,-63.900000000000006,1.31,0.21,0.41000000000000003
74.74939703941345,6.4,-6.300000000000001,-64.0,1.31,0.21,0.41000000000000003
74.75946092605591,6.4,-6.300000000000001,-64.0,1.31,0.21,0.41000000000000003
74.76923060417175,6.4,-6.300000000000001,-64.0,1.31,0.21,0.41000000000000003
74.77911067008972,6.4,-6.300000000000001,-63.900000000000006,1.31,0.21,0.41000000000000003
74.78900504112244,6.4,-6.300000000000001,-64.0,1.31,0.21,0.41000000000000003
74.79939436912537,6.4,-6.300000000000001,-64.0,1.31,0.21,0.41000000000000003
74.80950355529785,6.4,-6.300000000000001,-64.0,1.31,0.21,0.41000000000000003
74.81900429725647,6.4,-6.300000000000001,-64.0,1.31,0.21,0.41000000000000003
74.82978677749634,6.4,-6.300000000000001,-63.900000000000006,1.31,0.21,0.41000000000000003
74.84010481834412,6.4,-6.300000000000001,-64.0,1.31,0.21,0.41000000000000003
74.84902858734131,6.4,-6.300000000000001,-64.0,1.31,0.2,0.41000000000000003
74.86058902740479,6.4,-6.300000000000001,-63.900000000000006,1.31,0.2,0.41000000000000003
74.86986422538757,6.4,-6.300000000000001,-63.900000000000006,1.31,0.21,0.41000000000000003
74.8797836303711,6.4,-6.300000000000001,-64.0,1.31,0.21,0.41000000000000003
74.88894605636597,6.4,-6.300000000000001,-64.0,1.31,0.21,0.41000000000000003
74.90012216567993,6.4,-6.300000000000001,-64.0,1.31,0.21,0.41000000000000003
74.90973949432373,6.4,-6.300000000000001,-64.0,1.31,0.21,0.41000000000000003
74.91891074180603,6.4,-6.300000000000001,-64.0,1.31,0.21,0.41000000000000003
74.92954707145691,6.4,-6.300000000000001,-63.900000000000006,1.31,0.21,0.41000000000000003
74.94081616401672,6.4,-6.300000000000001,-63.900000000000006,1.31,0.21,0.41000000000000003
74.94891691207886,6.4,-6.300000000000001,-63.900000000000006,1.31,0.21,0.41000000000000003
74.95915722846985,6.4,-6.300000000000001,-63.900000000000006,1.31,0.21,0.41000000000000003
74.96930503845215,6.4,-6.300000000000001,-63.900000000000006,1.31,0.21,0.41000000000000003
74.97929286956787,6.4,-6.300000000000001,-63.900000000000006,1.31,0.21,0.41000000000000003
74.98897314071655,6.4,-6.300000000000001,-64.0,1.31,0.21,0.41000000000000003
74.99894952774048,6.4,-6.300000000000001,-63.900000000000006,1.31,0.21,0.41000000000000003
75.01004457473755,6.4,-6.300000000000001,-64.0,1.31,0.21,0.41000000000000003
75.01889610290527,6.4,-6.300000000000001,-64.0,1.31,0.21,0.41000000000000003
75.02898740768433,6.4,-6.300000000000001,-63.900000000000006,1.31,0.21,0.41000000000000003
75.04019951820374,6.4,-6.300000000000001,-63.900000000000006,1.31,0.2,0.41000000000000003
75.04927563667297,6.4,-6.300000000000001,-64.0,1.31,0.21,0.41000000000000003
75.0590386390686,6.4,-6.300000000000001,-64.0,1.31,0.21,0.41000000000000003
75.06898975372314,6.4,-6.300000000000001,-63.900000000000006,1.31,0.21,0.41000000000000003
75.07933855056763,6.4,-6.300000000000001,-64.0,1.31,0.21,0.41000000000000003
75.08913779258728,6.4,-6.300000000000001,-63.900000000000006,1.31,0.21,0.41000000000000003
75.09901237487793,6.4,-6.300000000000001,-63.900000000000006,1.31,0.2,0.41000000000000003
75.11055159568787,6.4,-6.300000000000001,-64.0,1.31,0.21,0.41000000000000003
75.11912822723389,6.4,-6.300000000000001,-63.900000000000006,1.31,0.21,0.41000000000000003
75.12906432151794,6.4,-6.300000000000001,-63.900000000000006,1.31,0.21,0.41000000000000003
75.13996577262878,6.4,-6.300000000000001,-63.900000000000006,1.31,0.21,0.41000000000000003
75.1494071483612,6.4,-6.4,-63.900000000000006,1.31,0.21,0.41000000000000003
75.15906286239624,6.4,-6.300000000000001,-63.900000000000006,1.31,0.21,0.41000000000000003
75.16906237602234,6.4,-6.300000000000001,-63.900000000000006,1.31,0.21,0.41000000000000003
75.17995810508728,6.4,-6.300000000000001,-63.900000000000006,1.31,0.21,0.41000000000000003
75.1888861656189,6.4,-6.300000000000001,-63.900000000000006,1.31,0.21,0.41000000000000003
75.19891619682312,6.4,-6.300000000000001,-64.0,1.31,0.21,0.41000000000000003
75.20899200439453,6.4,-6.300000000000001,-64.0,1.31,0.21,0.41000000000000003
75.21928334236145,6.4,-6.300000000000001,-63.900000000000006,1.31,0.21,0.41000000000000003
75.22918939590454,6.4,-6.4,-63.900000000000006,1.31,0.21,0.41000000000000003
75.23909783363342,6.5,-6.300000000000001,-63.900000000000006,1.32,0.21,0.41000000000000003
75.24965834617615,6.4,-6.4,-64.0,1.31,0.21,0.41000000000000003
75.25949025154114,6.5,-6.300000000000001,-64.0,1.31,0.21,0.41000000000000003
75.26930928230286,6.5,-6.300000000000001,-64.0,1.31,0.21,0.41000000000000003
75.27949786186218,6.4,-6.300000000000001,-64.0,1.31,0.21,0.41000000000000003
75.2900161743164,6.4,-6.300000000000001,-64.0,1.31,0.21,0.41000000000000003
75.29900860786438,6.300000000000001,-6.1000000000000005,-64.0,1.29,0.2,0.41000000000000003
75.30941081047058,6.2,-6.0,-64.0,1.28,0.19,0.41000000000000003
75.31977367401123,6.300000000000001,-6.1000000000000005,-64.0,1.29,0.19,0.42
75.32904887199402,6.300000000000001,-6.300000000000001,-64.0,1.31,0.2,0.42
75.33908653259277,6.4,-6.5,-64.0,1.33,0.21,0.4
75.34934067726135,6.5,-6.5,-64.0,1.33,0.22,0.4
75.35968518257141,6.4,-6.300000000000001,-64.0,1.31,0.21,0.41000000000000003
75.36921811103821,6.4,-6.300000000000001,-64.0,1.3,0.2,0.42
75.37940549850464,6.4,-6.5,-63.900000000000006,1.33,0.2,0.41000000000000003
75.3900215625763,6.5,-6.7,-63.900000000000006,1.36,0.22,0.4
75.39916515350342,6.4,-6.6000000000000005,-63.900000000000006,1.34,0.21,0.39
75.40912556648254,6.4,-6.4,-63.900000000000006,1.31,0.21,0.41000000000000003
75.41966962814331,6.4,-6.1000000000000005,-64.0,1.28,0.2,0.42
75.42901730537415,6.300000000000001,-6.1000000000000005,-64.0,1.29,0.2,0.42
75.43922281265259,6.4,-6.300000000000001,-63.900000000000006,1.31,0.2,0.41000000000000003
75.44897747039795,6.4,-6.300000000000001,-63.900000000000006,1.32,0.21,0.4
75.45982336997986,6.300000000000001,-6.2,-64.0,1.29,0.2,0.41000000000000003
